Protein,log2FC,AveExpr,t,p_value,adj_p_value,B,Description,significant_FDR05,significant_FC1
P16086,-0.326769104349953,31.9264889011494,-2.04376225751118,0.0507855745490135,0.807198042668015,-3.80517484347091,"Spectrin alpha chain, non-erythrocytic 1 OS=Rattus norvegicus OX=10116 GN=Sptan1 PE=1 SV=2",False,False
P11442,0.0261190316777977,31.3110504883928,0.269890929687501,0.789284188443216,0.978633070658885,-5.30030974596617,Clathrin heavy chain 1 OS=Rattus norvegicus OX=10116 GN=Cltc PE=1 SV=3,False,False
P06687,-0.0921435066576848,30.3119437682968,-0.57707482880375,0.568641654994266,0.905645459351161,-5.19743981222537,Sodium/potassium-transporting ATPase subunit alpha-3 OS=Rattus norvegicus OX=10116 GN=Atp1a3 PE=1 SV=2,False,False
P13233,0.348116696812912,31.6174595434348,1.50064504796982,0.144983560499153,0.807198042668015,-4.47409273429664,"2',3'-cyclic-nucleotide 3'-phosphodiesterase OS=Rattus norvegicus OX=10116 GN=Cnp PE=1 SV=2",False,False
P23565,0.319196486221745,30.9960247342453,2.335452099976,0.0271502553561071,0.807198042668015,-3.38914281895909,Alpha-internexin OS=Rattus norvegicus OX=10116 GN=Ina PE=1 SV=2,False,False
P06686,-0.135262712215123,31.2694933582213,-1.0690536354369,0.294454801881018,0.807198042668015,-4.88476139847341,Sodium/potassium-transporting ATPase subunit alpha-2 OS=Rattus norvegicus OX=10116 GN=Atp1a2 PE=1 SV=1,False,False
P47942,0.157268769605501,30.8539264259362,0.704940054254992,0.486849114363797,0.873975194057124,-5.13323968611975,Dihydropyrimidinase-related protein 2 OS=Rattus norvegicus OX=10116 GN=Dpysl2 PE=1 SV=1,False,False
P69897,0.439141704112501,29.7088930947877,1.84516221930721,0.0759439335117881,0.807198042668015,-4.06720971367382,Tubulin beta-5 chain OS=Rattus norvegicus OX=10116 GN=Tubb5 PE=1 SV=1,False,False
P06685,0.159420476864579,29.7910880529895,0.893829026693695,0.379265454310283,0.862163467515463,-5.01618759024689,Sodium/potassium-transporting ATPase subunit alpha-1 OS=Rattus norvegicus OX=10116 GN=Atp1a1 PE=1 SV=1,False,False
Q3KRE8,-0.16385586143797,26.1430012122997,-0.938667582731897,0.356174351171756,0.847961286486179,-4.98460961109441,Tubulin beta-2B chain OS=Rattus norvegicus OX=10116 GN=Tubb2b PE=1 SV=1,False,False
P07323,0.125392911947795,30.8796255039406,0.841726866997787,0.407291197646995,0.867339482038663,-5.05107270012962,Gamma-enolase OS=Rattus norvegicus OX=10116 GN=Eno2 PE=1 SV=2,False,False
P85108,0.247272086766795,31.5104689356744,1.12774622459622,0.269291108737236,0.807198042668015,-4.83600150880328,Tubulin beta-2A chain OS=Rattus norvegicus OX=10116 GN=Tubb2a PE=1 SV=1,False,False
Q5XIF6,0.433025929070144,30.8599324591681,1.78005149178112,0.0862590091556518,0.807198042668015,-4.14895160592327,Tubulin alpha-4A chain OS=Rattus norvegicus OX=10116 GN=Tuba4a PE=1 SV=1,False,False
Q6P9T8,0.60547813609243,27.2273164399324,1.46128773958058,0.155409906557374,0.807198042668015,-4.51634658523983,Tubulin beta-4B chain OS=Rattus norvegicus OX=10116 GN=Tubb4b PE=1 SV=1,False,False
Q6AYZ1,0.295103072174498,32.9301564422665,1.22548824156984,0.230912042446759,0.807198042668015,-4.74969472041227,Tubulin alpha-1C chain OS=Rattus norvegicus OX=10116 GN=Tuba1c PE=1 SV=1,False,False
P10719,0.13648439938056,30.3577807441739,0.781260561248674,0.441406218414621,0.871186127339316,-5.08909066234342,"ATP synthase subunit beta, mitochondrial OS=Rattus norvegicus OX=10116 GN=Atp5f1b PE=1 SV=2",False,False
Q68FR8,0.259914320320185,29.567121322928,1.40971325000872,0.169972744983166,0.807198042668015,-4.5703194096919,Tubulin alpha-3 chain OS=Rattus norvegicus OX=10116 GN=Tuba3a PE=2 SV=1,False,False
P38650,-0.0975846905548501,31.5212914423729,-1.04330110455357,0.306006286450374,0.818283477100631,-4.90541590317159,Cytoplasmic dynein 1 heavy chain 1 OS=Rattus norvegicus OX=10116 GN=Dync1h1 PE=1 SV=1,False,False
P15999,0.0963334825547619,31.1689645744479,0.564778481901697,0.576859691733249,0.909776552503948,-5.2029606556786,"ATP synthase subunit alpha, mitochondrial OS=Rattus norvegicus OX=10116 GN=Atp5f1a PE=1 SV=2",False,False
P63018,0.050258548896096,30.6332037833983,0.389853173127424,0.699685501230734,0.965298595965458,-5.26888930812799,Heat shock cognate 71 kDa protein OS=Rattus norvegicus OX=10116 GN=Hspa8 PE=1 SV=1,False,False
Q9ER34,0.0091258241232132,30.4581727725876,0.0941163586074964,0.925707596750426,0.988175537761941,-5.32579344837318,"Aconitate hydratase, mitochondrial OS=Rattus norvegicus OX=10116 GN=Aco2 PE=1 SV=2",False,False
Q4QRB4,0.545296223233056,28.0714591931535,1.87545189549615,0.071519026900747,0.807198042668015,-4.02846063856406,Tubulin beta-3 chain OS=Rattus norvegicus OX=10116 GN=Tubb3 PE=1 SV=1,False,False
P21575,-0.0140117467583707,30.2521201010578,-0.11350763448357,0.910462957926304,0.988175537761941,-5.32418773021702,Dynamin-1 OS=Rattus norvegicus OX=10116 GN=Dnm1 PE=1 SV=2,False,False
P07335,0.103125887898159,31.1867282067421,0.548583866192412,0.587772484155215,0.916416025134493,-5.21005542888216,Creatine kinase B-type OS=Rattus norvegicus OX=10116 GN=Ckb PE=1 SV=2,False,False
P04764,0.244881570239368,29.5823459565751,1.32507549877116,0.196185944527512,0.807198042668015,-4.65537704944157,Alpha-enolase OS=Rattus norvegicus OX=10116 GN=Eno1 PE=1 SV=4,False,False
P11980,-0.0273023157861587,31.0921682536578,-0.219618527545075,0.827810443447302,0.988175537761941,-5.31010239611536,Pyruvate kinase PKM OS=Rattus norvegicus OX=10116 GN=Pkm PE=1 SV=3,False,False
P12839,0.211619809924319,29.9918522488048,1.50897564641487,0.142850820545424,0.807198042668015,-4.46503226951928,Neurofilament medium polypeptide OS=Rattus norvegicus OX=10116 GN=Nefm PE=1 SV=4,False,False
P02770,0.138082949432487,28.5791563160812,0.552235928662982,0.585302738758777,0.916416025134493,-5.20847300716183,Albumin OS=Rattus norvegicus OX=10116 GN=Alb PE=1 SV=2,False,False
P63102,0.253712958445188,30.8445137258287,1.06498209487286,0.296260307819401,0.807198042668015,-4.88805714695268,14-3-3 protein zeta/delta OS=Rattus norvegicus OX=10116 GN=Ywhaz PE=1 SV=1,False,False
P61765,0.0583989546454795,29.8349390510122,0.3001419719241,0.766354066242433,0.973053629331856,-5.29345424779078,Syntaxin-binding protein 1 OS=Rattus norvegicus OX=10116 GN=Stxbp1 PE=1 SV=1,False,False
P04636,0.0601750341395224,30.1027079691278,0.368016410672948,0.715713562790456,0.967620262258566,-5.27545017591851,"Malate dehydrogenase, mitochondrial OS=Rattus norvegicus OX=10116 GN=Mdh2 PE=1 SV=2",False,False
P82995,-0.0902274976611857,29.6564183035267,-0.916445264969626,0.367499228030045,0.857762206802885,-5.00043872845465,Heat shock protein HSP 90-alpha OS=Rattus norvegicus OX=10116 GN=Hsp90aa1 PE=1 SV=3,False,False
P05708,0.0560545436782931,29.9647809650466,0.438770840075268,0.66429814336708,0.945380932019117,-5.25284048446197,Hexokinase-1 OS=Rattus norvegicus OX=10116 GN=Hk1 PE=1 SV=4,False,False
P13221,-0.0256524522687513,29.4141069892196,-0.202414086416163,0.841101576071487,0.988175537761941,-5.31299380167367,"Aspartate aminotransferase, cytoplasmic OS=Rattus norvegicus OX=10116 GN=Got1 PE=1 SV=3",False,False
P48500,0.286067183231005,29.4777840779317,1.36141995423925,0.184568817929537,0.807198042668015,-4.61939449787117,Triosephosphate isomerase OS=Rattus norvegicus OX=10116 GN=Tpi1 PE=1 SV=2,False,False
Q6AY56,0.795448888633164,24.6835676732702,1.12883022620722,0.268841459369809,0.807198042668015,-4.83507909861758,Tubulin alpha-8 chain OS=Rattus norvegicus OX=10116 GN=Tuba8 PE=2 SV=1,False,False
Q9QUL6,-0.104193671773231,32.1453741346152,-0.658296697289315,0.515889098324112,0.885477222241516,-5.1580868373453,Vesicle-fusing ATPase OS=Rattus norvegicus OX=10116 GN=Nsf PE=1 SV=1,False,False
P34058,0.259860602214882,28.3076094647371,1.4762666339925,0.151372966451559,0.807198042668015,-4.50037312112817,Heat shock protein HSP 90-beta OS=Rattus norvegicus OX=10116 GN=Hsp90ab1 PE=1 SV=4,False,False
P62944,0.0649531137463732,29.2378418922801,0.853798822033496,0.400684044258091,0.867339482038663,-5.04316409628008,AP-2 complex subunit beta OS=Rattus norvegicus OX=10116 GN=Ap2b1 PE=1 SV=1,False,False
P50398,0.0545316257647634,29.0867697513965,0.5736265245824,0.570940295835443,0.906122428956077,-5.19899968485308,Rab GDP dissociation inhibitor alpha OS=Rattus norvegicus OX=10116 GN=Gdi1 PE=1 SV=1,False,False
P63039,-0.0230215469699999,28.8899327401697,-0.167332262464297,0.86834824858749,0.988175537761941,-5.31816162012863,"60 kDa heat shock protein, mitochondrial OS=Rattus norvegicus OX=10116 GN=Hspd1 PE=1 SV=1",False,False
Q9QWN8,0.0416285553739648,31.3374775263484,0.352940156127089,0.726857718770359,0.967620262258566,-5.27976188690726,"Spectrin beta chain, non-erythrocytic 2 OS=Rattus norvegicus OX=10116 GN=Sptbn2 PE=1 SV=2",False,False
P34926,0.127555879152403,29.7499781674893,1.27285822331696,0.213856158512784,0.807198042668015,-4.70562127944849,Microtubule-associated protein 1A OS=Rattus norvegicus OX=10116 GN=Map1a PE=1 SV=1,False,False
P45592,0.120953990048417,29.1807136328036,0.826859978506896,0.415521729083492,0.867339482038663,-5.06066720094874,Cofilin-1 OS=Rattus norvegicus OX=10116 GN=Cfl1 PE=1 SV=3,False,False
P63259,0.319307554016351,30.0095235570498,1.36455067086726,0.18359378854616,0.807198042668015,-4.61625655976608,"Actin, cytoplasmic 2 OS=Rattus norvegicus OX=10116 GN=Actg1 PE=1 SV=1",False,False
P13596,-0.0190330856580196,28.8202104425988,-0.166315275146969,0.869140743652402,0.988175537761941,-5.31829684464407,Neural cell adhesion molecule 1 OS=Rattus norvegicus OX=10116 GN=Ncam1 PE=1 SV=1,False,False
P31044,0.175824235771646,29.305574590501,0.799216451657377,0.431098927242961,0.871186127339316,-5.07807964640058,Phosphatidylethanolamine-binding protein 1 OS=Rattus norvegicus OX=10116 GN=Pebp1 PE=1 SV=3,False,False
P15146,0.117543888224453,29.2482063367923,0.967104461867596,0.342024862420125,0.843765207291562,-4.9638443784797,Microtubule-associated protein 2 OS=Rattus norvegicus OX=10116 GN=Map2 PE=1 SV=3,False,False
P16617,0.0979297363720022,29.6363755638307,0.757816655369868,0.455085895451968,0.871186127339316,-5.10311055856918,Phosphoglycerate kinase 1 OS=Rattus norvegicus OX=10116 GN=Pgk1 PE=1 SV=2,False,False
P09951,0.202746678962264,29.7136983830381,1.20533112977248,0.238472020502434,0.807198042668015,-4.76800827346713,Synapsin-1 OS=Rattus norvegicus OX=10116 GN=Syn1 PE=1 SV=3,False,False
Q05546,0.110912076830967,28.3639035302042,0.794467339209333,0.433810653081077,0.871186127339316,-5.08101490325499,Tenascin-R OS=Rattus norvegicus OX=10116 GN=Tnr PE=1 SV=1,False,False
F1LX07,-0.0220474596512297,28.3040853900711,-0.165157228843689,0.870043329026093,0.988175537761941,-5.31844982388913,"Electrogenic aspartate/glutamate antiporter SLC25A12, mitochondrial OS=Rattus norvegicus OX=10116 GN=Slc25a12 PE=3 SV=5",False,False
P31596,0.122927267041234,28.829515541846,0.403178368151152,0.689973279729108,0.960464089905686,-5.26470255720201,Excitatory amino acid transporter 2 OS=Rattus norvegicus OX=10116 GN=Slc1a2 PE=1 SV=2,False,False
Q68FY0,-0.011802812953281,28.1674486538827,-0.0687655010128506,0.945680038831928,0.988923602371226,-5.32744059006727,"Cytochrome b-c1 complex subunit 1, mitochondrial OS=Rattus norvegicus OX=10116 GN=Uqcrc1 PE=1 SV=1",False,False
P15205,-0.232709586271888,32.5766467049684,-0.721277566745262,0.476902031267731,0.871186127339316,-5.12415216744516,Microtubule-associated protein 1B OS=Rattus norvegicus OX=10116 GN=Map1b PE=1 SV=3,False,False
Q66HF1,-0.342339037574913,28.8989671861943,-3.12236789582893,0.0042298132342764,0.559136982615976,-2.12905359698542,"NADH-ubiquinone oxidoreductase 75 kDa subunit, mitochondrial OS=Rattus norvegicus OX=10116 GN=Ndufs1 PE=1 SV=1",False,False
P47819,0.36639377266432,29.2128883811336,1.77981779035018,0.0862980879806866,0.807198042668015,-4.14924111901048,Glial fibrillary acidic protein OS=Rattus norvegicus OX=10116 GN=Gfap PE=1 SV=2,False,False
P18484,0.038185262202024,30.8123839224087,0.3957671270112,0.695368522523132,0.963609784807913,-5.26704827471409,AP-2 complex subunit alpha-2 OS=Rattus norvegicus OX=10116 GN=Ap2a2 PE=1 SV=3,False,False
P19527,0.232710263989635,29.6540431557008,1.20930876621878,0.236965760702053,0.807198042668015,-4.76441542102523,Neurofilament light polypeptide OS=Rattus norvegicus OX=10116 GN=Nefl PE=1 SV=3,False,False
P62815,0.0705000236656694,28.8169563852947,0.538418140460338,0.594673837534999,0.918732904494156,-5.21440637190424,"V-type proton ATPase subunit B, brain isoform OS=Rattus norvegicus OX=10116 GN=Atp6v1b2 PE=1 SV=1",False,False
P02091,0.0889746642125999,30.9934792599808,0.407089041088877,0.687133054740553,0.960194302458393,-5.26344751443363,Hemoglobin subunit beta-1 OS=Rattus norvegicus OX=10116 GN=Hbb PE=1 SV=3,False,False
Q9Z1P2,0.0140990515383201,29.1108516741013,0.138306843568061,0.891018222887136,0.988175537761941,-5.32169770961125,Alpha-actinin-1 OS=Rattus norvegicus OX=10116 GN=Actn1 PE=1 SV=1,False,False
P53534,0.0570925798080104,29.3801453543982,0.347175477452841,0.731135230302223,0.967620262258566,-5.28136342760287,"Glycogen phosphorylase, brain form (Fragment) OS=Rattus norvegicus OX=10116 GN=Pygb PE=1 SV=3",False,False
P35213,-0.106831778872113,28.9305994822525,-0.74342274152514,0.463608396170017,0.871186127339316,-5.11151754863144,14-3-3 protein beta/alpha OS=Rattus norvegicus OX=10116 GN=Ywhab PE=1 SV=3,False,False
P01946,0.31498847091904,30.6272071431396,1.09252585632908,0.284198084376256,0.807198042668015,-4.86554132448978,Hemoglobin subunit alpha-1/2 OS=Rattus norvegicus OX=10116 GN=Hba1 PE=1 SV=3,False,False
P05065,0.021213002861554,28.7065870984413,0.109712846572399,0.913443717218164,0.988175537761941,-5.32452554269237,Fructose-bisphosphate aldolase A OS=Rattus norvegicus OX=10116 GN=Aldoa PE=1 SV=2,False,False
Q9Z2L0,0.114456090507272,29.426691626522,0.593385864336223,0.557832437817559,0.897671535885713,-5.18993854049548,Non-selective voltage-gated ion channel VDAC1 OS=Rattus norvegicus OX=10116 GN=Vdac1 PE=1 SV=4,False,False
P09117,-0.0372472513425279,28.6185403896046,-0.24654928759312,0.807110931487265,0.985800813924452,-5.30510528811114,Fructose-bisphosphate aldolase C OS=Rattus norvegicus OX=10116 GN=Aldoc PE=1 SV=3,False,False
P50554,-0.0282477511505448,29.3698119652655,-0.242629381368187,0.810115381055724,0.986301439453707,-5.30586836198662,"4-aminobutyrate aminotransferase, mitochondrial OS=Rattus norvegicus OX=10116 GN=Abat PE=1 SV=3",False,False
P46462,-0.133650725681921,29.6320867397251,-0.896387857241659,0.377922050967449,0.862163467515463,-5.01442407079074,Transitional endoplasmic reticulum ATPase OS=Rattus norvegicus OX=10116 GN=Vcp PE=1 SV=3,False,False
P00507,-0.147038770809033,29.69932975785,-1.54795432506822,0.133207406746113,0.807198042668015,-4.42210311181927,"Aspartate aminotransferase, mitochondrial OS=Rattus norvegicus OX=10116 GN=Got2 PE=1 SV=2",False,False
P68255,0.0826867291284969,28.9091819830167,0.719753310372036,0.477825078152866,0.871186127339316,-5.12500841743782,14-3-3 protein theta OS=Rattus norvegicus OX=10116 GN=Ywhaq PE=1 SV=1,False,False
Q05962,0.00645118701674,30.2458799808434,0.0294770519679819,0.976699651114241,0.998202127515506,-5.32898054736184,ADP/ATP translocase 1 OS=Rattus norvegicus OX=10116 GN=Slc25a4 PE=1 SV=3,False,False
P11275,0.378498762366668,29.8364152382288,1.56751341224581,0.128572640245443,0.807198042668015,-4.40023243042918,Calcium/calmodulin-dependent protein kinase type II subunit alpha OS=Rattus norvegicus OX=10116 GN=Camk2a PE=1 SV=1,False,False
P50399,0.0397033200066481,28.3925772377805,0.381313306940473,0.705937399853584,0.967620262258566,-5.27149954668881,Rab GDP dissociation inhibitor beta OS=Rattus norvegicus OX=10116 GN=Gdi2 PE=1 SV=2,False,False
Q63198,-0.0268500916044552,31.6047695251567,-0.128242926338985,0.898901577564219,0.988175537761941,-5.32276724402088,Contactin-1 OS=Rattus norvegicus OX=10116 GN=Cntn1 PE=1 SV=2,False,False
P68511,0.0191862533327445,27.2715804751513,0.097621972214543,0.922949315854094,0.988175537761941,-5.32552535174037,14-3-3 protein eta OS=Rattus norvegicus OX=10116 GN=Ywhah PE=1 SV=2,False,False
P11506,-0.129846061478762,29.6536163055651,-0.984406454129204,0.333604052783811,0.833038023302998,-4.95093187939823,Plasma membrane calcium-transporting ATPase 2 OS=Rattus norvegicus OX=10116 GN=Atp2b2 PE=1 SV=2,False,False
P06761,0.269948747980457,27.9202156571728,1.63097715922968,0.114438155156294,0.807198042668015,-4.32777970021643,Endoplasmic reticulum chaperone BiP OS=Rattus norvegicus OX=10116 GN=Hspa5 PE=1 SV=1,False,False
P11517,-0.218885574012472,26.4314498189982,-0.828681487370791,0.41450777022417,0.867339482038663,-5.05950029841911,Hemoglobin subunit beta-2 OS=Rattus norvegicus OX=10116 PE=1 SV=2,False,False
P04797,0.215490389124366,29.5535504142266,1.78174070149692,0.0859769932773327,0.807198042668015,-4.14685815097776,Glyceraldehyde-3-phosphate dehydrogenase OS=Rattus norvegicus OX=10116 GN=Gapdh PE=1 SV=3,False,False
P85845,0.142247319266389,30.6284078024565,0.528263859900995,0.601606215223225,0.918898902489848,-5.21867326797309,Fascin OS=Rattus norvegicus OX=10116 GN=Fscn1 PE=1 SV=2,False,False
P04642,0.050989954493442,29.1429242043454,0.317490291505089,0.753299502608053,0.972705353727001,-5.28919716698298,L-lactate dehydrogenase A chain OS=Rattus norvegicus OX=10116 GN=Ldha PE=1 SV=1,False,False
Q5RJQ4,-0.0123544137974179,29.4635973876968,-0.135566058755183,0.893164066499016,0.988175537761941,-5.32199697356205,NAD-dependent protein deacetylase sirtuin-2 OS=Rattus norvegicus OX=10116 GN=Sirt2 PE=1 SV=1,False,False
P54311,0.0739569130882458,28.6965316621397,0.480449319311551,0.634755095115151,0.94392195397727,-5.23769858051011,Guanine nucleotide-binding protein G(I)/G(S)/G(T) subunit beta-1 OS=Rattus norvegicus OX=10116 GN=Gnb1 PE=1 SV=4,False,False
P16884,0.122086816835793,31.4290488325838,1.16966137032302,0.252299351837664,0.807198042668015,-4.79976330665803,Neurofilament heavy polypeptide OS=Rattus norvegicus OX=10116 GN=Nefh PE=1 SV=4,False,False
O88989,0.0021344666315315,29.5514269836662,0.0171884146964283,0.986411946997198,0.998202127515506,-5.32920936373249,"Malate dehydrogenase, cytoplasmic OS=Rattus norvegicus OX=10116 GN=Mdh1 PE=1 SV=3",False,False
P59215,0.094971754165222,28.9613390004394,0.443959054199372,0.660589122581018,0.945380932019117,-5.25102904263195,Guanine nucleotide-binding protein G(o) subunit alpha OS=Rattus norvegicus OX=10116 GN=Gnao1 PE=1 SV=2,False,False
P15429,0.256876076665129,27.6109108967172,1.02979193434159,0.312191228396032,0.820717785657196,-4.91606858474211,Beta-enolase OS=Rattus norvegicus OX=10116 GN=Eno3 PE=1 SV=3,False,False
O08838,0.119517212707752,27.1375800472667,0.735829408227288,0.468141924254208,0.871186127339316,-5.11589079366847,Amphiphysin OS=Rattus norvegicus OX=10116 GN=Amph PE=1 SV=1,False,False
P61983,0.0570463682105959,28.4240744436719,0.350939432454115,0.728341287140567,0.967620262258566,-5.28032068232287,14-3-3 protein gamma OS=Rattus norvegicus OX=10116 GN=Ywhag PE=1 SV=2,False,False
P09606,-0.381901597971346,31.3662855899607,-1.93830843037161,0.0630437545872179,0.807198042668015,-3.94662614685688,Glutamine synthetase OS=Rattus norvegicus OX=10116 GN=Glul PE=1 SV=3,False,False
P14659,-0.125646768426837,26.9403413180146,-0.783196860115612,0.440287593562191,0.871186127339316,-5.08791464714373,Heat shock-related 70 kDa protein 2 OS=Rattus norvegicus OX=10116 GN=Hspa2 PE=1 SV=2,False,False
P11505,-0.0034829725320975,28.4983988972666,-0.0293754441268868,0.976779943776131,0.998202127515506,-5.32898293338296,Plasma membrane calcium-transporting ATPase 1 OS=Rattus norvegicus OX=10116 GN=Atp2b1 PE=1 SV=3,False,False
Q09073,0.00192170466606,29.1717804324625,0.013314804016333,0.989473959067508,0.998202127515506,-5.3292565109639,ADP/ATP translocase 2 OS=Rattus norvegicus OX=10116 GN=Slc25a5 PE=1 SV=3,False,False
O35095,0.0273535849811104,28.0121260045897,0.124028368618538,0.902206142220753,0.988175537761941,-5.32319118564442,Neurochondrin OS=Rattus norvegicus OX=10116 GN=Ncdn PE=1 SV=2,False,False
P10860,0.0412186115488566,28.2004864823752,0.235130753890775,0.815870978584211,0.988175537761941,-5.30729419637191,"Glutamate dehydrogenase 1, mitochondrial OS=Rattus norvegicus OX=10116 GN=Glud1 PE=1 SV=2",False,False
P47860,0.0068081577360104,28.1781869071779,0.067223682968191,0.946896045224315,0.988923602371226,-5.32752423617668,"ATP-dependent 6-phosphofructokinase, platelet type OS=Rattus norvegicus OX=10116 GN=Pfkp PE=1 SV=2",False,False
P05197,0.0495426734289524,29.125951092387,0.689348481856587,0.496451464551407,0.879463991285573,-5.14172664971064,Elongation factor 2 OS=Rattus norvegicus OX=10116 GN=Eef2 PE=1 SV=4,False,False
Q5U300,-0.167306795492145,29.2585810181812,-1.3480573882637,0.18877599895678,0.807198042668015,-4.63271961126867,Ubiquitin-like modifier-activating enzyme 1 OS=Rattus norvegicus OX=10116 GN=Uba1 PE=1 SV=1,False,False
P62260,0.165826463090802,28.9172615024171,1.03901628323309,0.307958665810325,0.819457580030915,-4.90880832247509,14-3-3 protein epsilon OS=Rattus norvegicus OX=10116 GN=Ywhae PE=1 SV=1,False,False
P08461,0.0013367127037646,28.6687025350602,0.0106771191096375,0.991559093048096,0.998202127515506,-5.32928176229736,"Dihydrolipoyllysine-residue acetyltransferase component of pyruvate dehydrogenase complex, mitochondrial OS=Rattus norvegicus OX=10116 GN=Dlat PE=1 SV=3",False,False
Q5XI73,0.155994769800998,27.1495919133106,0.830890304877048,0.413280287487846,0.867339482038663,-5.05808204191981,Rho GDP-dissociation inhibitor 1 OS=Rattus norvegicus OX=10116 GN=Arhgdia PE=1 SV=1,False,False
P42123,0.0840820152601225,29.1412209717819,0.447250351763897,0.658240743556869,0.945380932019117,-5.24986905827425,L-lactate dehydrogenase B chain OS=Rattus norvegicus OX=10116 GN=Ldhb PE=1 SV=2,False,False
Q9Z0W5,-0.145799061949042,28.7222638799778,-1.45287852613994,0.157713815159472,0.807198042668015,-4.52525570180663,Protein kinase C and casein kinase substrate in neurons protein 1 OS=Rattus norvegicus OX=10116 GN=Pacsin1 PE=1 SV=1,False,False
P25113,0.130924269224899,28.3086176018769,0.759460337312736,0.454118645812508,0.871186127339316,-5.10214080494634,Phosphoglycerate mutase 1 OS=Rattus norvegicus OX=10116 GN=Pgam1 PE=1 SV=4,False,False
P02688,0.22383094621814,31.1167443987525,0.60981908717628,0.547050004349636,0.892843320274034,-5.18217641219405,Myelin basic protein OS=Rattus norvegicus OX=10116 GN=Mbp PE=1 SV=3,False,False
Q5FVI6,0.203013824508933,28.1184333720544,1.38738554466084,0.176603542709284,0.807198042668015,-4.59318624487158,V-type proton ATPase subunit C 1 OS=Rattus norvegicus OX=10116 GN=Atp6v1c1 PE=1 SV=1,False,False
P07722,-0.0460195423547134,28.4801486976133,-0.245401865553065,0.807990075264901,0.985800813924452,-5.30532991165965,Myelin-associated glycoprotein OS=Rattus norvegicus OX=10116 GN=Mag PE=1 SV=1,False,False
Q6P6V0,0.0308542025314331,29.1004593766502,0.359447944980024,0.722039592802333,0.967620262258566,-5.27792256287039,Glucose-6-phosphate isomerase OS=Rattus norvegicus OX=10116 GN=Gpi PE=1 SV=1,False,False
P25809,0.0976805896991735,28.8365265925256,0.548331282595689,0.587943484502411,0.916416025134493,-5.21016449449747,"Creatine kinase U-type, mitochondrial OS=Rattus norvegicus OX=10116 GN=Ckmt1 PE=1 SV=1",False,False
P0DP31,0.140962593478683,30.6117126587268,0.650100958662499,0.521088182766886,0.885477222241516,-5.16228407834359,Calmodulin-3 OS=Rattus norvegicus OX=10116 GN=Calm3 PE=1 SV=1,False,False
Q8VHF5,0.0596228890198276,28.4822084922349,0.414602208369008,0.681689523348648,0.956307971226148,-5.26100285159198,"Citrate synthase, mitochondrial OS=Rattus norvegicus OX=10116 GN=Cs PE=1 SV=1",False,False
Q63345,0.0582580258567518,29.4039080286602,0.384863814674448,0.703335553423461,0.967620262258566,-5.27042124949549,Myelin-oligodendrocyte glycoprotein OS=Rattus norvegicus OX=10116 GN=Mog PE=1 SV=1,False,False
P10111,0.144090557544825,30.0448563022776,0.837336825273611,0.409710849545833,0.867339482038663,-5.05392254663794,Peptidyl-prolyl cis-trans isomerase A OS=Rattus norvegicus OX=10116 GN=Ppia PE=1 SV=2,False,False
Q9R063,0.0894359442164649,29.7376823653731,0.513002477887406,0.612097052844117,0.928392272364823,-5.22493715910754,"Peroxiredoxin-5, mitochondrial OS=Rattus norvegicus OX=10116 GN=Prdx5 PE=1 SV=1",False,False
Q9QXQ0,-0.0257094540976937,27.7837195074098,-0.189669373867225,0.850978554134078,0.988175537761941,-5.31498425226848,Alpha-actinin-4 OS=Rattus norvegicus OX=10116 GN=Actn4 PE=1 SV=2,False,False
P97536,0.223856117693746,29.3254527760842,1.00829662449312,0.322210770593879,0.820717785657196,-4.93275880238432,Cullin-associated NEDD8-dissociated protein 1 OS=Rattus norvegicus OX=10116 GN=Cand1 PE=1 SV=1,False,False
P61265,0.158103840119082,28.2025706948797,0.781046867425316,0.441529777339324,0.871186127339316,-5.08922028106037,Syntaxin-1B OS=Rattus norvegicus OX=10116 GN=Stx1b PE=1 SV=1,False,False
P12346,-0.0210115901371495,28.0856121668049,-0.222235431740743,0.825793228167522,0.988175537761941,-5.30964202684028,Serotransferrin OS=Rattus norvegicus OX=10116 GN=Tf PE=1 SV=3,False,False
P68136,0.235267973233498,30.5923410659241,1.08186021466641,0.288826618264069,0.807198042668015,-4.87432127125161,"Actin, alpha skeletal muscle OS=Rattus norvegicus OX=10116 GN=Acta1 PE=1 SV=1",False,False
P50137,-0.134459967113042,28.4560063773476,-1.76815105096589,0.0882682395882796,0.807198042668015,-4.16365829822175,Transketolase OS=Rattus norvegicus OX=10116 GN=Tkt PE=1 SV=1,False,False
P68035,0.376733393257108,21.9286419358205,0.827184057730943,0.415341214482144,0.867339482038663,-5.06045976436005,"Actin, alpha cardiac muscle 1 OS=Rattus norvegicus OX=10116 GN=Actc1 PE=2 SV=1",False,False
Q5XI78,-0.138685682677036,29.0764355688848,-1.06580846406025,0.295893226814549,0.807198042668015,-4.88738915031123,2-oxoglutarate dehydrogenase complex component E1 OS=Rattus norvegicus OX=10116 GN=Ogdh PE=1 SV=1,False,False
Q62950,0.0153273179741689,28.2837450761997,0.119179798272842,0.906010036644321,0.988175537761941,-5.32366140458317,Dihydropyrimidinase-related protein 1 OS=Rattus norvegicus OX=10116 GN=Crmp1 PE=1 SV=1,False,False
P32551,-0.140176415951345,28.2254703369033,-1.79292394080144,0.0841297084413429,0.807198042668015,-4.13296173232287,"Cytochrome b-c1 complex subunit 2, mitochondrial OS=Rattus norvegicus OX=10116 GN=Uqcrc2 PE=1 SV=2",False,False
O35303,-0.207267370216254,29.8857754260748,-1.50725291707506,0.143289764303355,0.807198042668015,-4.4669092563471,Dynamin-1-like protein OS=Rattus norvegicus OX=10116 GN=Dnm1l PE=1 SV=1,False,False
Q9WVC0,0.124201995910436,27.6388071411828,0.777504480524751,0.443581050003373,0.871186127339316,-5.09136407415295,Septin-7 OS=Rattus norvegicus OX=10116 GN=Septin7 PE=1 SV=1,False,False
P62630,0.108253294522562,27.6614113611419,0.809137727293839,0.425467514534315,0.871186127339316,-5.07189444426587,Elongation factor 1-alpha 1 OS=Rattus norvegicus OX=10116 GN=Eef1a1 PE=2 SV=1,False,False
Q05175,0.179033014747734,26.659672137656,0.81946413423729,0.419654560099963,0.867339482038663,-5.06538036573182,Brain acid soluble protein 1 OS=Rattus norvegicus OX=10116 GN=Basp1 PE=1 SV=2,False,False
P97685,-0.0977964436632774,28.3186532383179,-0.949210344006212,0.350883666641885,0.843825841059925,-4.97697758125339,Neurofascin OS=Rattus norvegicus OX=10116 GN=Nfasc PE=1 SV=2,False,False
P25286,-0.028623984123886,28.8336993303174,-0.120659851849833,0.904848630498698,0.988175537761941,-5.32351985298283,V-type proton ATPase 116 kDa subunit a 1 OS=Rattus norvegicus OX=10116 GN=Atp6v0a1 PE=1 SV=1,False,False
P62632,0.0333337779547627,27.9087805002914,0.197653951903341,0.844787618122634,0.988175537761941,-5.31375231905158,Elongation factor 1-alpha 2 OS=Rattus norvegicus OX=10116 GN=Eef1a2 PE=1 SV=1,False,False
P60203,0.0655653836939294,32.8306789617157,0.284212658692635,0.778402945365805,0.978633070658885,-5.29715418567501,Myelin proteolipid protein OS=Rattus norvegicus OX=10116 GN=Plp1 PE=1 SV=2,False,False
O88600,0.128859918633008,27.7436888546166,0.975463688789611,0.337938680105483,0.83942107925284,-4.95763207103704,Heat shock 70 kDa protein 4 OS=Rattus norvegicus OX=10116 GN=Hspa4 PE=1 SV=1,False,False
Q6P6R2,-0.273276793635898,28.2507179490353,-2.92938187417481,0.006802987464279,0.593642980855237,-2.45241032442077,"Dihydrolipoyl dehydrogenase, mitochondrial OS=Rattus norvegicus OX=10116 GN=Dld PE=1 SV=1",False,False
P63012,0.13024130415652,26.4130495457125,0.637809876592033,0.528938299689973,0.886350431048525,-5.16848376484749,Ras-related protein Rab-3A OS=Rattus norvegicus OX=10116 GN=Rab3a PE=1 SV=1,False,False
Q63537,0.129261500945635,28.5149886751464,0.735699810794075,0.468219523616802,0.871186127339316,-5.11596506220883,Synapsin-2 OS=Rattus norvegicus OX=10116 GN=Syn2 PE=1 SV=1,False,False
D3ZQL7,0.1679066508148,27.9552843866813,1.1234285932025,0.271087492076156,0.807198042668015,-4.83966769045502,Tubulin polymerization-promoting protein OS=Rattus norvegicus OX=10116 GN=Tppp PE=1 SV=1,False,False
P54313,0.2818686915417,25.2837917012499,1.46049322206406,0.155626423761726,0.807198042668015,-4.51719013644033,Guanine nucleotide-binding protein G(I)/G(S)/G(T) subunit beta-2 OS=Rattus norvegicus OX=10116 GN=Gnb2 PE=1 SV=4,False,False
Q64542,-0.363611324192867,29.3626509361025,-1.06890515065024,0.294520509656419,0.807198042668015,-4.8848817898546,Plasma membrane calcium-transporting ATPase 4 OS=Rattus norvegicus OX=10116 GN=Atp2b4 PE=1 SV=1,False,False
P11507,-0.170425221062718,28.3913994148648,-1.59541041141045,0.122191882844811,0.807198042668015,-4.3686624374893,Sarcoplasmic/endoplasmic reticulum calcium ATPase 2 OS=Rattus norvegicus OX=10116 GN=Atp2a2 PE=1 SV=1,False,False
P11730,0.381854665984033,25.2231884183006,1.83523760677797,0.0774441951990233,0.807198042668015,-4.07980727580777,Calcium/calmodulin-dependent protein kinase type II subunit gamma OS=Rattus norvegicus OX=10116 GN=Camk2g PE=1 SV=1,False,False
P62762,-0.0106196415566053,28.1476834064797,-0.0646381189593356,0.94893552856329,0.989121441226221,-5.32766025154085,Visinin-like protein 1 OS=Rattus norvegicus OX=10116 GN=Vsnl1 PE=1 SV=2,False,False
P62142,-0.186649933350164,27.0425830659781,-0.95905904913951,0.345989040606778,0.843825841059925,-4.96977711793134,Serine/threonine-protein phosphatase PP1-beta catalytic subunit OS=Rattus norvegicus OX=10116 GN=Ppp1cb PE=1 SV=3,False,False
P04897,-0.202083410087383,29.0660926549532,-1.61648895703556,0.117545906867243,0.807198042668015,-4.34451841945595,Guanine nucleotide-binding protein G(i) subunit alpha-2 OS=Rattus norvegicus OX=10116 GN=Gnai2 PE=1 SV=3,False,False
P07340,0.0226052132585473,29.5920267664828,0.137349144723149,0.891767939440048,0.988175537761941,-5.32180295958911,Sodium/potassium-transporting ATPase subunit beta-1 OS=Rattus norvegicus OX=10116 GN=Atp1b1 PE=1 SV=1,False,False
P08009,0.265743849963531,28.2211604640404,1.82001667726397,0.0797945753145696,0.807198042668015,-4.0990318805747,Glutathione S-transferase Mu 7 OS=Rattus norvegicus OX=10116 GN=Gstm7 PE=1 SV=2,False,False
Q00981,0.026961387591367,28.6575938838073,0.179611600286579,0.858790745238242,0.988175537761941,-5.31646399837512,Ubiquitin carboxyl-terminal hydrolase isozyme L1 OS=Rattus norvegicus OX=10116 GN=Uchl1 PE=1 SV=2,False,False
Q64541,-0.0925028539654456,30.7407998275504,-0.756389989185851,0.455926431230094,0.871186127339316,-5.10395065905338,Sodium/potassium-transporting ATPase subunit alpha-4 OS=Rattus norvegicus OX=10116 GN=Atp1a4 PE=1 SV=1,False,False
Q08163,0.144161897298844,26.870358205609,1.15891883279914,0.256577215408151,0.807198042668015,-4.80916232070613,Adenylyl cyclase-associated protein 1 OS=Rattus norvegicus OX=10116 GN=Cap1 PE=1 SV=3,False,False
P62138,0.377298488940284,21.967800910143,1.41970173158159,0.16707089636596,0.807198042668015,-4.55999156117109,Serine/threonine-protein phosphatase PP1-alpha catalytic subunit OS=Rattus norvegicus OX=10116 GN=Ppp1ca PE=1 SV=1,False,False
P07171,-0.110467931395835,27.7549831520846,-0.721109709808488,0.477003630177897,0.871186127339316,-5.12424654561177,Calbindin OS=Rattus norvegicus OX=10116 GN=Calb1 PE=1 SV=2,False,False
Q4QQT4,0.0273830214529376,28.0481024699773,0.169761628907897,0.866455713265708,0.988175537761941,-5.31783526946389,Serine/threonine-protein phosphatase 2A 65 kDa regulatory subunit A beta isoform OS=Rattus norvegicus OX=10116 GN=Ppp2r1b PE=2 SV=1,False,False
P67779,-0.16913015903825,27.7506386434819,-1.52954923508059,0.137692546131276,0.807198042668015,-4.44248305109523,Prohibitin 1 OS=Rattus norvegicus OX=10116 GN=Phb1 PE=1 SV=1,False,False
P35704,0.121683520271102,27.4505924522895,0.674913185398239,0.505435996742649,0.885477222241516,-5.14942211111534,Peroxiredoxin-2 OS=Rattus norvegicus OX=10116 GN=Prdx2 PE=1 SV=3,False,False
P63088,-0.0497942385452959,23.4284336279408,-0.177519568259716,0.860417556752693,0.988175537761941,-5.31676169117885,Serine/threonine-protein phosphatase PP1-gamma catalytic subunit OS=Rattus norvegicus OX=10116 GN=Ppp1cc PE=1 SV=1,False,False
P21707,0.0276712080459696,29.193721061875,0.212886796642159,0.833005015355301,0.988175537761941,-5.3112617016588,Synaptotagmin-1 OS=Rattus norvegicus OX=10116 GN=Syt1 PE=1 SV=3,False,False
P48037,0.0861958716178535,30.6753790924631,0.909180373557753,0.371252396518941,0.862163467515463,-5.00553743274592,Annexin A6 OS=Rattus norvegicus OX=10116 GN=Anxa6 PE=1 SV=2,False,False
Q66HA8,0.0845282177464526,28.5692972458932,0.792775685078986,0.43477909131938,0.871186127339316,-5.08205646588098,Heat shock protein 105 kDa OS=Rattus norvegicus OX=10116 GN=Hsph1 PE=1 SV=1,False,False
P08413,0.18111949379151,27.077609203364,1.10862482734797,0.277312481571325,0.807198042668015,-4.8521426948884,Calcium/calmodulin-dependent protein kinase type II subunit beta OS=Rattus norvegicus OX=10116 GN=Camk2b PE=1 SV=1,False,False
P84079,0.221524072039603,26.0937135144449,1.14103710746689,0.263815533888934,0.807198042668015,-4.82463756700008,ADP-ribosylation factor 1 OS=Rattus norvegicus OX=10116 GN=Arf1 PE=1 SV=2,False,False
P52303,-0.376298465204766,29.3066333682537,-1.51771291574151,0.140641354700673,0.807198042668015,-4.45548601701799,AP-1 complex subunit beta-1 OS=Rattus norvegicus OX=10116 GN=Ap1b1 PE=1 SV=1,False,False
P62738,0.603994653152601,24.1907809397353,0.802621473286398,0.429161076514634,0.871186127339316,-5.07596496777577,"Actin, aortic smooth muscle OS=Rattus norvegicus OX=10116 GN=Acta2 PE=2 SV=1",False,False
P24942,0.0487415158574613,28.1460986072349,0.332354433595358,0.74217305330105,0.970824342573672,-5.28536120596999,Excitatory amino acid transporter 1 OS=Rattus norvegicus OX=10116 GN=Slc1a3 PE=1 SV=2,False,False
P97700,0.261406120817504,28.5500816836206,1.37070870946041,0.181687691816292,0.807198042668015,-4.61006664716239,Mitochondrial 2-oxoglutarate/malate carrier protein OS=Rattus norvegicus OX=10116 GN=Slc25a11 PE=1 SV=3,False,False
P63045,-0.139502091378446,26.2978984144595,-0.42321825797283,0.675468404193239,0.95219994144953,-5.2581451597591,Vesicle-associated membrane protein 2 OS=Rattus norvegicus OX=10116 GN=Vamp2 PE=1 SV=2,False,False
P10824,0.0516279797335173,24.9528254281333,0.376006921143128,0.709832738539772,0.967620262258566,-5.27309272062794,Guanine nucleotide-binding protein G(i) subunit alpha-1 OS=Rattus norvegicus OX=10116 GN=Gnai1 PE=1 SV=3,False,False
Q8CFN2,0.114107014448123,26.8372491614264,0.644627402753508,0.524576217019397,0.885477222241516,-5.16505904097566,Cell division control protein 42 homolog OS=Rattus norvegicus OX=10116 GN=Cdc42 PE=1 SV=2,False,False
P13264,0.190438031751334,27.4426119694357,1.01069450345001,0.321082190593169,0.820717785657196,-4.93091281771757,"Glutaminase kidney isoform, mitochondrial OS=Rattus norvegicus OX=10116 GN=Gls PE=1 SV=2",False,False
Q920L2,-0.0630545771410702,27.9881882453977,-0.541369911168917,0.592665900527492,0.917794469566883,-5.21315117337518,"Succinate dehydrogenase [ubiquinone] flavoprotein subunit, mitochondrial OS=Rattus norvegicus OX=10116 GN=Sdha PE=1 SV=1",False,False
Q8VBU2,0.193815320584697,27.7504399917272,0.951585437232881,0.349699066946315,0.843825841059925,-4.97524738931038,Protein NDRG2 OS=Rattus norvegicus OX=10116 GN=Ndrg2 PE=1 SV=1,False,False
P15791,-0.14084455891167,23.7496070400639,-0.394666985449702,0.696170803446964,0.963609784807913,-5.26739282159343,Calcium/calmodulin-dependent protein kinase type II subunit delta OS=Rattus norvegicus OX=10116 GN=Camk2d PE=1 SV=1,False,False
P63329,-0.0982024435709228,28.1902662947261,-0.458062111137199,0.650551558259109,0.945380932019117,-5.24599937193774,Protein phosphatase 3 catalytic subunit alpha OS=Rattus norvegicus OX=10116 GN=Ppp3ca PE=1 SV=1,False,False
P01830,0.0058397367671645,28.1052103037636,0.0284998972949191,0.977471829578311,0.998202127515506,-5.32900315219696,Thy-1 membrane glycoprotein OS=Rattus norvegicus OX=10116 GN=Thy1 PE=1 SV=1,False,False
Q05140,0.236777592342275,28.9432309367719,1.65113393037556,0.110228334621593,0.807198042668015,-4.30429908693105,Clathrin coat assembly protein AP180 OS=Rattus norvegicus OX=10116 GN=Snap91 PE=1 SV=1,False,False
P37377,0.326914153570076,26.7992355845618,1.33901078983489,0.191666441125136,0.807198042668015,-4.64167784973314,Alpha-synuclein OS=Rattus norvegicus OX=10116 GN=Snca PE=1 SV=1,False,False
P55063,0.139316054723921,25.8114860637038,0.573750928206842,0.570857287157279,0.906122428956077,-5.19894356745571,Heat shock 70 kDa protein 1-like OS=Rattus norvegicus OX=10116 GN=Hspa1l PE=2 SV=2,False,False
P63100,0.835065556512316,26.0461842000192,2.33896176193361,0.0269400669537994,0.807198042668015,-3.38393393858556,Calcineurin subunit B type 1 OS=Rattus norvegicus OX=10116 GN=Ppp3r1 PE=1 SV=2,False,False
P61589,0.0638645647086022,26.4737093091482,0.368860284584099,0.715091642195722,0.967620262258566,-5.27520356806699,Transforming protein RhoA OS=Rattus norvegicus OX=10116 GN=Rhoa PE=1 SV=1,False,False
P62747,-0.0411161726488913,26.9881188867973,-0.349361514058523,0.729512097560362,0.967620262258566,-5.2807591738737,Rho-related GTP-binding protein RhoB OS=Rattus norvegicus OX=10116 GN=Rhob PE=1 SV=1,False,False
P49432,-0.114541260619347,27.8858529498153,-1.22574858110247,0.230815590820125,0.807198042668015,-4.74945646080119,"Pyruvate dehydrogenase E1 component subunit beta, mitochondrial OS=Rattus norvegicus OX=10116 GN=Pdhb PE=1 SV=2",False,False
O88767,0.22487288131752,27.37621302025,1.56482020196243,0.129202868388037,0.807198042668015,-4.40325689655158,Parkinson disease protein 7 homolog OS=Rattus norvegicus OX=10116 GN=Park7 PE=1 SV=1,False,False
P61980,0.0870303550603495,30.5976631632701,0.646770065307666,0.523209298218486,0.885477222241516,-5.16397545203472,Heterogeneous nuclear ribonucleoprotein K OS=Rattus norvegicus OX=10116 GN=Hnrnpk PE=1 SV=1,False,False
Q5U318,0.411959722205467,26.7929030891983,1.45930378638467,0.155951013463347,0.807198042668015,-4.51845227596773,Astrocytic phosphoprotein PEA-15 OS=Rattus norvegicus OX=10116 GN=Pea15 PE=1 SV=1,False,False
O35814,-0.104942036948295,27.843789286858,-0.903483325805589,0.374213098849341,0.862163467515463,-5.00950945994499,Stress-induced-phosphoprotein 1 OS=Rattus norvegicus OX=10116 GN=Stip1 PE=1 SV=1,False,False
P09812,0.182061415790059,29.3479565683838,1.24831934428999,0.222568011350619,0.807198042668015,-4.72863300800542,"Glycogen phosphorylase, muscle form OS=Rattus norvegicus OX=10116 GN=Pygm PE=1 SV=5",False,False
P47858,0.28235790344916,30.3672104946594,1.26214255038883,0.217628006302941,0.807198042668015,-4.71571760618039,"ATP-dependent 6-phosphofructokinase, muscle type OS=Rattus norvegicus OX=10116 GN=Pfkm PE=1 SV=3",False,False
Q9WTT6,0.174439129024666,29.362220218178,1.04482604777959,0.305313540744094,0.818283477100631,-4.90420551312327,Guanine deaminase OS=Rattus norvegicus OX=10116 GN=Gda PE=1 SV=1,False,False
Q63941,0.052707684259321,25.4134219916856,0.231891884238444,0.818360252761135,0.988175537761941,-5.30789628278366,Ras-related protein Rab-3B OS=Rattus norvegicus OX=10116 GN=Rab3b PE=1 SV=2,False,False
P48721,0.181784839818651,29.3257526148816,1.30234350615996,0.203734716723678,0.807198042668015,-4.67746223078592,"Stress-70 protein, mitochondrial OS=Rattus norvegicus OX=10116 GN=Hspa9 PE=1 SV=3",False,False
P63319,0.0934073519758201,26.1539271210135,0.556292616581714,0.582565343063305,0.915701402812133,-5.20670329225306,Protein kinase C gamma type OS=Rattus norvegicus OX=10116 GN=Prkcg PE=1 SV=1,False,False
Q63942,0.0366151765175573,22.4462568953601,0.174337074012897,0.862893534131309,0.988175537761941,-5.31720788543827,GTP-binding protein Rab-3D OS=Rattus norvegicus OX=10116 GN=Rab3d PE=1 SV=2,False,False
P84083,0.131156445332241,27.2546416769351,0.743981876200673,0.46327559378863,0.871186127339316,-5.11119383719669,ADP-ribosylation factor 5 OS=Rattus norvegicus OX=10116 GN=Arf5 PE=1 SV=2,False,False
P07825,0.161677411229686,27.5309404845906,0.842460242057568,0.406887863315141,0.867339482038663,-5.05059525956743,Synaptophysin OS=Rattus norvegicus OX=10116 GN=Syp PE=1 SV=1,False,False
O08839,-0.109567072717613,29.1892766945163,-0.701515663292332,0.488948967541003,0.874802437439603,-5.13511924190827,Myc box-dependent-interacting protein 1 OS=Rattus norvegicus OX=10116 GN=Bin1 PE=1 SV=1,False,False
P16036,0.0788660145684936,28.7346489270937,0.42864317631052,0.671563345489409,0.95030998738708,-5.25631620656038,Solute carrier family 25 member 3 OS=Rattus norvegicus OX=10116 GN=Slc25a3 PE=1 SV=1,False,False
P27139,0.5406494702471,26.6349499441619,1.95028424642491,0.0615322750088857,0.807198042668015,-3.93082085607392,Carbonic anhydrase 2 OS=Rattus norvegicus OX=10116 GN=Ca2 PE=1 SV=2,False,False
P37805,0.0337912240901694,28.4300090922514,0.301328713563628,0.765458760587025,0.973053629331856,-5.29317059097233,Transgelin-3 OS=Rattus norvegicus OX=10116 GN=Tagln3 PE=1 SV=2,False,False
Q9JLT0,-0.104223322942467,30.6850304163766,-0.764724349697411,0.451029206680934,0.871186127339316,-5.09902168802507,Myosin-10 OS=Rattus norvegicus OX=10116 GN=Myh10 PE=1 SV=1,False,False
P48768,0.164529309890266,26.8585789896956,0.67111995468923,0.507811826511493,0.885477222241516,-5.15141836934276,Sodium/calcium exchanger 2 OS=Rattus norvegicus OX=10116 GN=Slc8a2 PE=1 SV=1,False,False
P84082,0.0989383314883412,25.4491673611324,0.373870963070923,0.711402984092729,0.967620262258566,-5.27372779285063,ADP-ribosylation factor 2 OS=Rattus norvegicus OX=10116 GN=Arf2 PE=2 SV=1,False,False
Q99NA5,0.41482579617648,27.6963837217194,1.59663828081222,0.121917147585703,0.807198042668015,-4.36726282018391,"Isocitrate dehydrogenase [NAD] subunit alpha, mitochondrial OS=Rattus norvegicus OX=10116 GN=Idh3a PE=1 SV=1",False,False
P10687,0.0867132539768569,28.6327412121691,0.93541096699156,0.357819305562497,0.847961286486179,-4.98695122316666,"1-phosphatidylinositol 4,5-bisphosphate phosphodiesterase beta-1 OS=Rattus norvegicus OX=10116 GN=Plcb1 PE=1 SV=1",False,False
Q561S0,-0.242241287087165,26.977442948892,-2.34180014267393,0.0267711662190983,0.807198042668015,-3.37971804825504,"NADH dehydrogenase [ubiquinone] 1 alpha subcomplex subunit 10, mitochondrial OS=Rattus norvegicus OX=10116 GN=Ndufa10 PE=1 SV=1",False,False
O35179,0.007973062944,29.230846042759,0.085459360919606,0.932523049247598,0.988923602371226,-5.32641353902498,Endophilin-A1 OS=Rattus norvegicus OX=10116 GN=Sh3gl2 PE=1 SV=2,False,False
B0BND0,-0.131968538006063,27.8609999309274,-0.892937864380799,0.379734048019276,0.862163467515463,-5.01680067006173,Glycerophosphocholine cholinephosphodiesterase ENPP6 OS=Rattus norvegicus OX=10116 GN=Enpp6 PE=1 SV=1,False,False
Q794F9,0.267976175530904,28.1443247911712,2.34070957687296,0.0268359469480078,0.807198042668015,-3.38133823044747,Amino acid transporter heavy chain SLC3A2 OS=Rattus norvegicus OX=10116 GN=Slc3a2 PE=1 SV=1,False,False
P31399,0.211569320040013,26.0833252440192,0.599832025154929,0.553589885074024,0.8974495823301,-5.186918193555,"ATP synthase subunit d, mitochondrial OS=Rattus norvegicus OX=10116 GN=Atp5pd PE=1 SV=3",False,False
Q6PCU2,0.224857390842352,27.1288616312041,1.51504936333143,0.141311950904799,0.807198042668015,-4.45840089560365,V-type proton ATPase subunit E 1 OS=Rattus norvegicus OX=10116 GN=Atp6v1e1 PE=1 SV=1,False,False
P01048,-0.084017741717517,26.3893431812848,-0.348907455959287,0.729849130805556,0.967620262258566,-5.28088499109237,T-kininogen 1 OS=Rattus norvegicus OX=10116 GN=Map1 PE=1 SV=2,False,False
Q05982,0.190319157000967,25.9099905626518,0.871178124331309,0.391292279743634,0.865693559237469,-5.03159369411257,Nucleoside diphosphate kinase A OS=Rattus norvegicus OX=10116 GN=Nme1 PE=1 SV=1,False,False
P0DMW0,0.293606231108654,28.1066808954817,1.4948290140779,0.146487751527249,0.807198042668015,-4.48039425620883,Heat shock 70 kDa protein 1A OS=Rattus norvegicus OX=10116 GN=Hspa1a PE=1 SV=1,False,False
P81155,0.20071471834828,27.8500891629396,0.765829291574394,0.450382316869305,0.871186127339316,-5.09836437640038,Voltage-dependent anion-selective channel protein 2 OS=Rattus norvegicus OX=10116 GN=Vdac2 PE=1 SV=2,False,False
P05712,0.0809122003499603,27.2856524526459,0.633364180876438,0.53179327282885,0.886350431048525,-5.17069811937434,Ras-related protein Rab-2A OS=Rattus norvegicus OX=10116 GN=Rab2a PE=2 SV=1,False,False
Q63092,-0.190768629283653,26.8330311871316,-0.453197086026556,0.65400670849154,0.945380932019117,-5.24775186202859,CaM kinase-like vesicle-associated protein OS=Rattus norvegicus OX=10116 GN=Camkv PE=1 SV=1,False,False
Q9JJM9,0.288484767135571,25.434657294867,0.877298527040755,0.388018679726526,0.865693559237469,-5.0274671950927,Septin-5 OS=Rattus norvegicus OX=10116 GN=Septin5 PE=1 SV=2,False,False
Q63228,-0.0008161638790795,28.0944661812981,-0.0049985109810836,0.996048314656951,0.998202127515506,-5.32931728162578,Glia maturation factor beta OS=Rattus norvegicus OX=10116 GN=Gmfb PE=1 SV=2,False,False
B0BNF1,-0.0200844159828861,28.2458526607004,-0.125169030705274,0.901311588823713,0.988175537761941,-5.3230778427272,Septin-8 OS=Rattus norvegicus OX=10116 GN=Septin8 PE=1 SV=1,False,False
Q62813,-0.248516743355456,26.976215571062,-2.20488441708573,0.0361116089583228,0.807198042668015,-3.5796184154738,Limbic system-associated membrane protein OS=Rattus norvegicus OX=10116 GN=Lsamp PE=1 SV=1,False,False
Q9JHY2,-0.186507317752834,26.8088273490456,-1.75096207938447,0.0912405930594988,0.807198042668015,-4.18477118106797,Sideroflexin-3 OS=Rattus norvegicus OX=10116 GN=Sfxn3 PE=2 SV=2,False,False
Q62910,-0.0593053945885984,29.6718545723241,-0.597369114144138,0.555208882881964,0.8974495823301,-5.18807591917739,Synaptojanin-1 OS=Rattus norvegicus OX=10116 GN=Synj1 PE=1 SV=3,False,False
P19804,0.139239100825129,27.4345310045734,0.622783526118084,0.538621067034332,0.890574985646079,-5.1759081426405,Nucleoside diphosphate kinase B OS=Rattus norvegicus OX=10116 GN=Nme2 PE=1 SV=1,False,False
Q4V7C7,0.105523795127283,27.2177613600662,0.528961265473786,0.601128863285902,0.918898902489848,-5.21838274583485,Actin-related protein 3 OS=Rattus norvegicus OX=10116 GN=Actr3 PE=1 SV=1,False,False
Q68FQ0,-0.092618669086999,28.3919558339173,-0.481456408008829,0.634048528800391,0.94392195397727,-5.2373160504733,T-complex protein 1 subunit epsilon OS=Rattus norvegicus OX=10116 GN=Cct5 PE=1 SV=1,False,False
Q6RJR6,0.0286640271649148,29.3658878009194,0.201436888524767,0.841857978736077,0.988175537761941,-5.3131509831194,Reticulon-3 OS=Rattus norvegicus OX=10116 GN=Rtn3 PE=1 SV=1,False,False
Q6NYB7,0.0599264821795984,30.2018011699831,0.452944581338618,0.654186252606378,0.945380932019117,-5.24784231850477,Ras-related protein Rab-1A OS=Rattus norvegicus OX=10116 GN=Rab1A PE=1 SV=3,False,False
P80254,0.159552985552633,25.9551401006987,0.583836690772537,0.56414779910639,0.903297009868676,-5.19435469739143,D-dopachrome decarboxylase OS=Rattus norvegicus OX=10116 GN=Ddt PE=1 SV=3,False,False
P61751,0.024259969168611,27.8043803675315,0.161274571644019,0.873070783627683,0.988175537761941,-5.31895494650851,ADP-ribosylation factor 4 OS=Rattus norvegicus OX=10116 GN=Arf4 PE=2 SV=2,False,False
Q9R1Z0,0.262185993160763,27.2563950793529,1.32830529093213,0.195131181553111,0.807198042668015,-4.65221279725119,Voltage-dependent anion-selective channel protein 3 OS=Rattus norvegicus OX=10116 GN=Vdac3 PE=1 SV=2,False,False
Q3T1K5,0.16880471258515,25.9290115519796,0.827391390679302,0.415225754113897,0.867339482038663,-5.06032701466307,F-actin-capping protein subunit alpha-2 OS=Rattus norvegicus OX=10116 GN=Capza2 PE=1 SV=1,False,False
Q64568,-0.0379131405236599,29.3633948718417,-0.261956906288209,0.79533112796945,0.9791733982336,-5.30198812567571,Plasma membrane calcium-transporting ATPase 3 OS=Rattus norvegicus OX=10116 GN=Atp2b3 PE=1 SV=2,False,False
Q7TPB1,-0.0840148150173974,28.0267134421246,-0.685872691416191,0.498606547229309,0.879463991285573,-5.14359385830596,T-complex protein 1 subunit delta OS=Rattus norvegicus OX=10116 GN=Cct4 PE=1 SV=3,False,False
Q63028,0.194932785467163,28.9174687575034,1.46568110965083,0.154217006979409,0.807198042668015,-4.51167530145988,Alpha-adducin OS=Rattus norvegicus OX=10116 GN=Add1 PE=1 SV=2,False,False
P97846,-0.0620184319163499,30.740164454196,-0.406402088952163,0.687631635024857,0.960194302458393,-5.26366884042639,Contactin-associated protein 1 OS=Rattus norvegicus OX=10116 GN=Cntnap1 PE=1 SV=1,False,False
P84092,-0.20482810238417,28.9927337168269,-1.06896067205261,0.294495939003248,0.807198042668015,-4.88483677489472,AP-2 complex subunit mu OS=Rattus norvegicus OX=10116 GN=Ap2m1 PE=1 SV=1,False,False
P10960,-0.0082481241064833,27.9011214655411,-0.0504665422092394,0.960119918867985,0.990679523436007,-5.32831104645191,Prosaposin OS=Rattus norvegicus OX=10116 GN=Psap PE=1 SV=1,False,False
P04906,-0.0522013934183505,27.5394505239799,-0.433520555096037,0.668060397447215,0.948243001881172,-5.25465229458174,Glutathione S-transferase P OS=Rattus norvegicus OX=10116 GN=Gstp1 PE=1 SV=2,False,False
P16638,-0.133711085354072,28.6223849764668,-1.30399806747516,0.20317784479063,0.807198042668015,-4.67586574358636,ATP-citrate synthase OS=Rattus norvegicus OX=10116 GN=Acly PE=1 SV=1,False,False
P32851,-0.0890743225476633,29.0555425048631,-0.525840925866762,0.603266038476715,0.918898902489848,-5.21967969852114,Syntaxin-1A OS=Rattus norvegicus OX=10116 GN=Stx1a PE=1 SV=1,False,False
P68403,0.125665035337089,28.1073758656128,0.424418933763723,0.674603312893779,0.95219994144953,-5.25774233938299,Protein kinase C beta type OS=Rattus norvegicus OX=10116 GN=Prkcb PE=1 SV=3,False,False
P54690,-0.0131559751897186,26.4595116778599,-0.0499945044748147,0.960492612749591,0.990679523436007,-5.32832996657639,"Branched-chain-amino-acid aminotransferase, cytosolic OS=Rattus norvegicus OX=10116 GN=Bcat1 PE=1 SV=1",False,False
P09527,-2.01640910532293,28.0432582117518,-2.46408055383342,0.0203507567306925,0.807198042668015,-3.19538149844936,Ras-related protein Rab-7a OS=Rattus norvegicus OX=10116 GN=Rab7a PE=1 SV=2,False,False
P07936,-0.0571534427002796,27.8701422328962,-0.47831461731725,0.636253948664273,0.94392195397727,-5.2385068267654,Neuromodulin OS=Rattus norvegicus OX=10116 GN=Gap43 PE=1 SV=1,False,False
P31016,0.0138569023253652,28.1223744604914,0.112314778959964,0.911399790001525,0.988175537761941,-5.32429515471834,Disks large homolog 4 OS=Rattus norvegicus OX=10116 GN=Dlg4 PE=1 SV=1,False,False
P11598,0.156941971521434,28.9399314272888,1.06565422754893,0.295961715717666,0.807198042668015,-4.88751386302426,Protein disulfide-isomerase A3 OS=Rattus norvegicus OX=10116 GN=Pdia3 PE=1 SV=2,False,False
Q3KR86,-0.113949955857034,28.4579808755246,-1.08178902263669,0.288857692473756,0.807198042668015,-4.87437961682154,MICOS complex subunit Mic60 (Fragment) OS=Rattus norvegicus OX=10116 GN=Immt PE=1 SV=1,False,False
Q9QYF3,0.020878340870734,30.6229913867361,0.193655863958566,0.847886343428916,0.988175537761941,-5.31437550781699,Unconventional myosin-Va OS=Rattus norvegicus OX=10116 GN=Myo5a PE=1 SV=1,False,False
Q06647,-0.0890116339271039,28.04005048002,-0.84719964252521,0.40428740663218,0.867339482038663,-5.04750043086879,"ATP synthase subunit O, mitochondrial OS=Rattus norvegicus OX=10116 GN=Atp5po PE=1 SV=1",False,False
A9UMV8,-0.0432001068696799,29.3647711462717,-0.280517482461923,0.781206146233101,0.978633070658885,-5.29798386219508,Histone H2A.J OS=Rattus norvegicus OX=10116 GN=H2aj PE=2 SV=1,False,False
Q00728,1.58024860133518,23.289426448614,1.76570764712931,0.0886856691257523,0.807198042668015,-4.16666883302222,Histone H2A type 4 OS=Rattus norvegicus OX=10116 PE=2 SV=2,False,False
P0CC09,-0.174259574014936,20.7013532801261,-0.142554643490363,0.887694162273561,0.988175537761941,-5.32122208147339,Histone H2A type 2-A OS=Rattus norvegicus OX=10116 GN=H2ac18 PE=1 SV=1,False,False
Q64598,-0.0934886286853036,24.9846487364037,-0.471959565216668,0.640725365999813,0.945380932019117,-5.24089211994808,Histone H2A type 1-F OS=Rattus norvegicus OX=10116 PE=3 SV=3,False,False
Q64548,-0.64941614726143,26.9446659964823,-1.55004062758662,0.13270661276168,0.807198042668015,-4.41978066112146,Reticulon-1 OS=Rattus norvegicus OX=10116 GN=Rtn1 PE=1 SV=1,False,False
P04905,0.164982311862204,26.4239899040688,0.877358567377904,0.387986653653325,0.865693559237469,-5.0274265813054,Glutathione S-transferase Mu 1 OS=Rattus norvegicus OX=10116 GN=Gstm1 PE=1 SV=2,False,False
O35244,0.0981274421901048,27.345702062466,0.533813233035959,0.597812856065759,0.918898902489848,-5.21635119406091,Peroxiredoxin-6 OS=Rattus norvegicus OX=10116 GN=Prdx6 PE=1 SV=3,False,False
P10536,-0.340043499194355,24.2132111695697,-2.41268648875287,0.0228541580676492,0.807198042668015,-3.27349149974517,Ras-related protein Rab-1B OS=Rattus norvegicus OX=10116 GN=Rab1b PE=1 SV=1,False,False
P17764,-0.792445975100208,27.0336155977202,-1.2773102389308,0.21230379743591,0.807198042668015,-4.70140498663377,"Acetyl-CoA acetyltransferase, mitochondrial OS=Rattus norvegicus OX=10116 GN=Acat1 PE=1 SV=1",False,False
Q5XI32,0.2710193767637,27.6272399803699,1.59899034608167,0.121392297746355,0.807198042668015,-4.36457939738319,F-actin-capping protein subunit beta OS=Rattus norvegicus OX=10116 GN=Capzb PE=1 SV=1,False,False
P31000,-0.0141687295233233,28.9816812957994,-0.147518167241279,0.883812666844803,0.988175537761941,-5.32064812026175,Vimentin OS=Rattus norvegicus OX=10116 GN=Vim PE=1 SV=2,False,False
P07632,-0.141373168143037,29.5091891141287,-1.19638503083859,0.241885796797246,0.807198042668015,-4.77605112094802,Superoxide dismutase [Cu-Zn] OS=Rattus norvegicus OX=10116 GN=Sod1 PE=1 SV=2,False,False
Q6AYH5,-0.15771989829403,28.3156657487509,-0.862395677510704,0.396020552412591,0.867339482038663,-5.03746789587649,Dynactin subunit 2 OS=Rattus norvegicus OX=10116 GN=Dctn2 PE=1 SV=1,False,False
Q9JI66,-0.0905838469311355,27.3014109593816,-0.507476105922072,0.615916917887567,0.930473669035135,-5.22716119872689,Electrogenic sodium bicarbonate cotransporter 1 OS=Rattus norvegicus OX=10116 GN=Slc4a4 PE=1 SV=1,False,False
P07895,0.14671665012925,26.7948704325624,0.721287367060102,0.476896099809479,0.871186127339316,-5.12414665653565,"Superoxide dismutase [Mn], mitochondrial OS=Rattus norvegicus OX=10116 GN=Sod2 PE=1 SV=2",False,False
Q02563,-0.153343504271735,28.2167905962545,-0.882584375132544,0.385205678138013,0.865693559237469,-5.02388170731332,Synaptic vesicle glycoprotein 2A OS=Rattus norvegicus OX=10116 GN=Sv2a PE=1 SV=2,False,False
P47728,-0.249513574576795,27.6233031093633,-1.65594635042568,0.10924256463381,0.807198042668015,-4.29866012722671,Calretinin OS=Rattus norvegicus OX=10116 GN=Calb2 PE=1 SV=1,False,False
Q62812,-0.0947405874770482,30.5778357150529,-0.758404848694285,0.454739623448942,0.871186127339316,-5.10276376025714,Myosin-9 OS=Rattus norvegicus OX=10116 GN=Myh9 PE=1 SV=3,False,False
Q5XIH7,-0.0017940939346488,28.0590875679372,-0.007235237809064,0.994280046974282,0.998202127515506,-5.32930636292534,Prohibitin-2 OS=Rattus norvegicus OX=10116 GN=Phb2 PE=1 SV=1,False,False
P03994,-0.311636964274488,26.5252571192759,-1.22793356168911,0.230007281873285,0.807198042668015,-4.74745505770265,Hyaluronan and proteoglycan link protein 1 OS=Rattus norvegicus OX=10116 GN=Hapln1 PE=1 SV=2,False,False
P82471,-0.0553411186739439,26.879718993947,-0.478934327160348,0.635818664957889,0.94392195397727,-5.23827255376533,Guanine nucleotide-binding protein G(q) subunit alpha OS=Rattus norvegicus OX=10116 GN=Gnaq PE=2 SV=2,False,False
O35353,0.101446151384923,28.1370530928024,0.800557041090772,0.430335338110012,0.871186127339316,-5.07724808920405,Guanine nucleotide-binding protein subunit beta-4 OS=Rattus norvegicus OX=10116 GN=Gnb4 PE=2 SV=4,False,False
P39069,-0.0126019344827704,27.3989877580496,-0.080285711062459,0.936598672843153,0.988923602371226,-5.3267555985155,Adenylate kinase isoenzyme 1 OS=Rattus norvegicus OX=10116 GN=Ak1 PE=1 SV=3,False,False
P20788,0.144562330654118,26.8195404466873,1.210943197423,0.236348892988051,0.807198042668015,-4.7629361028041,"Cytochrome b-c1 complex subunit Rieske, mitochondrial OS=Rattus norvegicus OX=10116 GN=Uqcrfs1 PE=1 SV=2",False,False
P85834,-0.585870280285288,26.8336044345159,-2.12380195501583,0.0429390700182593,0.807198042668015,-3.69449838884569,"Elongation factor Tu, mitochondrial OS=Rattus norvegicus OX=10116 GN=Tufm PE=1 SV=1",False,False
Q68FX0,0.0270220096182676,28.7827057544385,0.19405962070845,0.847573297399679,0.988175537761941,-5.31431314965524,"Isocitrate dehydrogenase [NAD] subunit beta, mitochondrial OS=Rattus norvegicus OX=10116 GN=Idh3B PE=2 SV=1",False,False
P84076,0.295797507099945,27.4283763120284,1.50186993310827,0.144668368327944,0.807198042668015,-4.47276307742462,Neuron-specific calcium-binding protein hippocalcin OS=Rattus norvegicus OX=10116 GN=Hpca PE=1 SV=2,False,False
P18418,0.274487480472654,27.9909610650309,1.14408657299725,0.262570729948805,0.807198042668015,-4.82201356195905,Calreticulin OS=Rattus norvegicus OX=10116 GN=Calr PE=1 SV=1,False,False
Q5XIM9,-0.0022277974060003,29.4951012211581,-0.0190010926222979,0.984979130908034,0.998202127515506,-5.32918318816739,T-complex protein 1 subunit beta OS=Rattus norvegicus OX=10116 GN=Cct2 PE=1 SV=3,False,False
Q9JHU0,0.329992930717168,27.820373315559,1.71795827240518,0.0971860996580637,0.807198042668015,-4.22487584504689,Dihydropyrimidinase-related protein 5 OS=Rattus norvegicus OX=10116 GN=Dpysl5 PE=1 SV=1,False,False
Q62656,0.0534100204152246,29.0136763811872,0.46771137050483,0.64372210939084,0.945380932019117,-5.2424691933335,Receptor-type tyrosine-protein phosphatase zeta OS=Rattus norvegicus OX=10116 GN=Ptprz1 PE=1 SV=1,False,False
P52873,-0.131514245001782,28.8181028217959,-0.705105951042441,0.486747516470164,0.873975194057124,-5.13314840768951,"Pyruvate carboxylase, mitochondrial OS=Rattus norvegicus OX=10116 GN=Pc PE=1 SV=2",False,False
P19511,0.0098015027452333,27.6197695777284,0.0755851452937354,0.940303141788768,0.988923602371226,-5.32704787554138,"ATP synthase F(0) complex subunit B1, mitochondrial OS=Rattus norvegicus OX=10116 GN=Atp5pb PE=1 SV=1",False,False
Q5HZV9,0.204249196756511,30.9035375858867,0.825058123191734,0.41652626838052,0.867339482038663,-5.06181913961082,Protein phosphatase 1 regulatory subunit 7 OS=Rattus norvegicus OX=10116 GN=Ppp1r7 PE=1 SV=1,False,False
P63025,0.201623487410629,27.7430258781048,1.4149983604809,0.168432384875834,0.807198042668015,-4.56486226692015,Vesicle-associated membrane protein 3 OS=Rattus norvegicus OX=10116 GN=Vamp3 PE=1 SV=1,False,False
Q63362,0.0360980128202222,25.7871792000168,0.255083118898176,0.800580538204895,0.97969347217616,-5.30340198402846,NADH dehydrogenase [ubiquinone] 1 alpha subcomplex subunit 5 OS=Rattus norvegicus OX=10116 GN=Ndufa5 PE=1 SV=3,False,False
Q5GFD9,-0.0802999288215709,27.1827081650003,-0.311847690259782,0.757537592430393,0.972705353727001,-5.29060781140521,Protein IMPACT OS=Rattus norvegicus OX=10116 GN=Impact PE=1 SV=1,False,False
P62804,0.103762407379723,29.1924720716499,0.500262555087963,0.620919537168492,0.935466547334923,-5.23002881793752,Histone H4 OS=Rattus norvegicus OX=10116 GN=H4c2 PE=1 SV=2,False,False
Q9JK11,-0.15967143343585,26.8534775333854,-1.39533368133001,0.17422016239599,0.807198042668015,-4.58508106498935,Reticulon-4 OS=Rattus norvegicus OX=10116 GN=Rtn4 PE=1 SV=1,False,False
P85515,-0.138050283797281,27.06562728036,-1.433267092328,0.163193002056789,0.807198042668015,-4.5458687025973,Alpha-centractin OS=Rattus norvegicus OX=10116 GN=Actr1a PE=1 SV=1,False,False
P20651,-0.124271700810866,27.3639138845145,-1.05445969671935,0.300962598734941,0.812824175635764,-4.89652209370749,Serine/threonine-protein phosphatase 2B catalytic subunit beta isoform OS=Rattus norvegicus OX=10116 GN=Ppp3cb PE=1 SV=1,False,False
B3GNI6,0.210053505436868,27.9591996610355,1.31691543279999,0.198870446871559,0.807198042668015,-4.6633423630069,Septin-11 OS=Rattus norvegicus OX=10116 GN=Septin11 PE=1 SV=1,False,False
P55068,-0.112439741630599,27.8056151254678,-1.27691451517707,0.21244143230462,0.807198042668015,-4.70178027028455,Brevican core protein OS=Rattus norvegicus OX=10116 GN=Bcan PE=1 SV=2,False,False
P13638,-0.035007638160188,26.8906841669696,-0.191356169019776,0.849669855125291,0.988175537761941,-5.31472821567137,Sodium/potassium-transporting ATPase subunit beta-2 OS=Rattus norvegicus OX=10116 GN=Atp1b2 PE=1 SV=1,False,False
P62986,-0.385203109851087,24.5252291852036,-1.81180093869498,0.0810884827023138,0.807198042668015,-4.1093602361473,Ubiquitin-ribosomal protein eL40 fusion protein OS=Rattus norvegicus OX=10116 GN=Uba52 PE=1 SV=2,False,False
Q63429,0.0209611254130699,25.4452810571465,0.142772609090787,0.887523651839907,0.988175537761941,-5.3211972884112,Polyubiquitin-C OS=Rattus norvegicus OX=10116 GN=Ubc PE=1 SV=1,False,False
P62982,0.283128382068618,28.3267892377635,0.970211636251485,0.340502122306568,0.841926480497747,-4.96154095234541,Ubiquitin-ribosomal protein eS31 fusion protein OS=Rattus norvegicus OX=10116 GN=Rps27a PE=1 SV=2,False,False
P32736,0.0166894790868675,26.48318050234,0.0831178572410405,0.934367380795916,0.988923602371226,-5.32657099283106,Opioid-binding protein/cell adhesion molecule OS=Rattus norvegicus OX=10116 GN=Opcml PE=1 SV=2,False,False
P29101,-0.271079710614782,27.3835006888941,-0.872864918510369,0.390388306501581,0.865693559237469,-5.03045911252034,Synaptotagmin-2 OS=Rattus norvegicus OX=10116 GN=Syt2 PE=1 SV=1,False,False
Q63754,-0.0462340777250532,27.2015000463867,-0.225613586384763,0.823191007026575,0.988175537761941,-5.30903971042839,Beta-synuclein OS=Rattus norvegicus OX=10116 GN=Sncb PE=1 SV=1,False,False
Q9QXU9,-0.0420555006405294,26.5095305234661,-0.18141937864619,0.857385485315989,0.988175537761941,-5.31620395358896,ProSAAS OS=Rattus norvegicus OX=10116 GN=Pcsk1n PE=1 SV=1,False,False
Q63610,-0.10361180088438,27.5799583551864,-0.761478709058611,0.452932580164343,0.871186127339316,-5.10094726221391,Tropomyosin alpha-3 chain OS=Rattus norvegicus OX=10116 GN=Tpm3 PE=1 SV=2,False,False
Q5BK63,-0.0067029638380979,27.2332879130471,-0.0557271938410486,0.955967053026519,0.990679523436007,-5.32808816082869,"NADH dehydrogenase [ubiquinone] 1 alpha subcomplex subunit 9, mitochondrial OS=Rattus norvegicus OX=10116 GN=Ndufa9 PE=1 SV=2",False,False
B0BNA5,0.166824279947136,26.2763774342961,0.693912605723404,0.49362956934599,0.878331742024642,-5.1392610601539,Coactosin-like protein OS=Rattus norvegicus OX=10116 GN=Cotl1 PE=1 SV=1,False,False
P62824,0.0968555705757836,27.6978939184342,0.616214019439309,0.542883680070654,0.892843320274034,-5.17910039961505,Ras-related protein Rab-3C OS=Rattus norvegicus OX=10116 GN=Rab3c PE=1 SV=1,False,False
Q62717,0.1182506251624,29.4597105143486,1.14862923250146,0.260724349235448,0.807198042668015,-4.81809318883738,Calcium-dependent secretion activator 1 OS=Rattus norvegicus OX=10116 GN=Cadps PE=1 SV=1,False,False
O35077,-0.141039975358936,27.5652898762913,-1.49833338814305,0.145579918802005,0.807198042668015,-4.47659973126382,"Glycerol-3-phosphate dehydrogenase [NAD(+)], cytoplasmic OS=Rattus norvegicus OX=10116 GN=Gpd1 PE=1 SV=4",False,False
P35332,-0.0508560783126875,26.6097226938853,-0.681257913795801,0.501475930870965,0.881659880580616,-5.14605896072914,Hippocalcin-like protein 4 OS=Rattus norvegicus OX=10116 GN=Hpcal4 PE=2 SV=2,False,False
O35796,0.210278468203736,24.9764491452896,1.00993254220499,0.32144051753889,0.820717785657196,-4.93149983920457,"Complement component 1 Q subcomponent-binding protein, mitochondrial OS=Rattus norvegicus OX=10116 GN=C1qbp PE=1 SV=2",False,False
P61107,0.585248732678075,28.5767177625252,1.02391759905977,0.314907654341728,0.820717785657196,-4.92066152263332,Ras-related protein Rab-14 OS=Rattus norvegicus OX=10116 GN=Rab14 PE=1 SV=3,False,False
P26772,-0.0524346533968085,28.8565412597488,-0.531451920390155,0.599425565228678,0.918898902489848,-5.21734215000089,"10 kDa heat shock protein, mitochondrial OS=Rattus norvegicus OX=10116 GN=Hspe1 PE=1 SV=3",False,False
Q68FR6,0.0826000282386268,28.0714724734556,0.634931978663756,0.530785511111889,0.886350431048525,-5.16991891981576,Elongation factor 1-gamma OS=Rattus norvegicus OX=10116 GN=Eef1g PE=2 SV=3,False,False
P12369,0.156436964791727,27.5670253895394,0.842459549771517,0.406888243933063,0.867339482038663,-5.05059571044204,cAMP-dependent protein kinase type II-beta regulatory subunit OS=Rattus norvegicus OX=10116 GN=Prkar2b PE=1 SV=3,False,False
P84245,0.759818740005613,21.9695369163401,0.800289890127403,0.430487439007431,0.871186127339316,-5.07741390573895,Histone H3.3 OS=Rattus norvegicus OX=10116 GN=H3-3b PE=1 SV=2,False,False
P09626,0.151873969182528,27.9843376544422,1.25207644838874,0.221217016352212,0.807198042668015,-4.72513480751582,Potassium-transporting ATPase alpha chain 1 OS=Rattus norvegicus OX=10116 GN=Atp4a PE=1 SV=3,False,False
P0C1X8,0.101210010701127,28.5035920880727,0.645429346778676,0.524064388012393,0.885477222241516,-5.1646538865898,AP2-associated protein kinase 1 OS=Rattus norvegicus OX=10116 GN=Aak1 PE=1 SV=1,False,False
A7VJC2,-0.105552445083987,26.9598444656988,-0.851818815899835,0.401763045719241,0.867339482038663,-5.04446846884585,Heterogeneous nuclear ribonucleoproteins A2/B1 OS=Rattus norvegicus OX=10116 GN=Hnrnpa2b1 PE=1 SV=1,False,False
Q99PD4,0.0025255887048096,27.899147173342,0.0219295029618484,0.982664503687045,0.998202127515506,-5.32913536141176,Actin-related protein 2/3 complex subunit 1A OS=Rattus norvegicus OX=10116 GN=Arpc1a PE=2 SV=1,False,False
Q63716,0.0303472821031825,27.8289525501967,0.184712679722786,0.854826697644134,0.988175537761941,-5.31572354647333,Peroxiredoxin-1 OS=Rattus norvegicus OX=10116 GN=Prdx1 PE=1 SV=1,False,False
Q64578,-0.118670981804581,29.4547051777337,-1.02173624102438,0.315920528644057,0.820717785657196,-4.92236097610967,Sarcoplasmic/endoplasmic reticulum calcium ATPase 1 OS=Rattus norvegicus OX=10116 GN=Atp2a1 PE=1 SV=1,False,False
P04631,0.640690926525401,26.4455278779979,1.44833230184057,0.158970696003145,0.807198042668015,-4.53005461452064,Protein S100-B OS=Rattus norvegicus OX=10116 GN=S100b PE=1 SV=2,False,False
B5DFN2,0.217321295035699,27.9806224396558,1.11912086871756,0.272888377664174,0.807198042668015,-4.84331298399586,S-adenosylhomocysteine hydrolase-like protein 1 OS=Rattus norvegicus OX=10116 GN=Ahcyl1 PE=1 SV=2,False,False
P0C5X8,-0.37614023656166,26.4810783020282,-2.95711608748281,0.0063581502356119,0.593642980855237,-2.40639898825828,Protein tweety homolog 1 OS=Rattus norvegicus OX=10116 GN=Ttyh1 PE=1 SV=1,False,False
Q641Y2,-0.152095208793646,27.8193978423653,-1.06430066631705,0.2965632468087,0.807198042668015,-4.88860762952183,"NADH dehydrogenase [ubiquinone] iron-sulfur protein 2, mitochondrial OS=Rattus norvegicus OX=10116 GN=Ndufs2 PE=1 SV=1",False,False
Q5PPN5,-0.0534895380757519,25.9733979080793,-0.22250472663849,0.825585713450478,0.988175537761941,-5.30959434404614,Tubulin polymerization-promoting protein family member 3 OS=Rattus norvegicus OX=10116 GN=Tppp3 PE=2 SV=1,False,False
P69682,-0.123041397331349,26.5121685091648,-0.957425209502764,0.346797836536986,0.843825841059925,-4.97097635910134,Adaptin ear-binding coat-associated protein 1 OS=Rattus norvegicus OX=10116 GN=Necap1 PE=1 SV=1,False,False
Q62952,-0.102206410968435,30.1436262655999,-0.83980448611882,0.408349643892737,0.867339482038663,-5.05232235542105,Dihydropyrimidinase-related protein 3 OS=Rattus norvegicus OX=10116 GN=Dpysl3 PE=1 SV=2,False,False
B2RYG6,-0.11575726087673,26.4089663466525,-0.995767281362957,0.328152219260345,0.828283812044247,-4.94233938354101,Ubiquitin thioesterase OTUB1 OS=Rattus norvegicus OX=10116 GN=Otub1 PE=1 SV=1,False,False
P85969,-0.118461349452154,26.7779673748812,-0.610956637268885,0.546307665330175,0.892843320274034,-5.1816315093287,Beta-soluble NSF attachment protein OS=Rattus norvegicus OX=10116 GN=Napb PE=1 SV=1,False,False
Q5BK56,-0.197446726730597,25.8596102894406,-1.40307881156014,0.171922127599983,0.807198042668015,-4.5771457824492,Glutathione S-transferase Mu 4 OS=Rattus norvegicus OX=10116 GN=Gstm4 PE=2 SV=1,False,False
P35435,-0.042662138554924,27.7357022395869,-0.284780968940999,0.777972088003712,0.978633070658885,-5.29702562684234,"ATP synthase subunit gamma, mitochondrial OS=Rattus norvegicus OX=10116 GN=Atp5f1c PE=1 SV=2",False,False
Q9Z0V6,0.0506987923577213,25.6126692727696,0.276135354113937,0.78453436917686,0.978633070658885,-5.29895380606917,"Thioredoxin-dependent peroxide reductase, mitochondrial OS=Rattus norvegicus OX=10116 GN=Prdx3 PE=1 SV=2",False,False
O35264,0.0749220976711875,25.9410963780959,0.441722305643305,0.662187087291169,0.945380932019117,-5.25181255874229,Platelet-activating factor acetylhydrolase IB subunit alpha2 OS=Rattus norvegicus OX=10116 GN=Pafah1b2 PE=1 SV=1,False,False
P19234,0.0199724221188156,28.8745855875017,0.106704462268433,0.915807682435485,0.988175537761941,-5.32478519618701,"NADH dehydrogenase [ubiquinone] flavoprotein 2, mitochondrial OS=Rattus norvegicus OX=10116 GN=Ndufv2 PE=1 SV=2",False,False
Q62718,-0.159356664111115,25.0811051057851,-0.577631237277873,0.568271190969679,0.905645459351161,-5.19718726579001,Neurotrimin OS=Rattus norvegicus OX=10116 GN=Ntm PE=1 SV=1,False,False
P19332,-0.0726195932660367,28.0597363451077,-0.750715665318339,0.459278635446373,0.871186127339316,-5.10727714006908,Microtubule-associated protein tau OS=Rattus norvegicus OX=10116 GN=Mapt PE=1 SV=3,False,False
Q9Z1B2,0.0936708127003456,27.2489321058423,0.649819057886944,0.521267516142642,0.885477222241516,-5.16242754685145,Glutathione S-transferase Mu 5 OS=Rattus norvegicus OX=10116 GN=Gstm5 PE=1 SV=3,False,False
P13086,0.570364063751629,29.5425928721739,2.45174715894056,0.0209273818532376,0.807198042668015,-3.21420762542368,"Succinate--CoA ligase [ADP/GDP-forming] subunit alpha, mitochondrial OS=Rattus norvegicus OX=10116 GN=Suclg1 PE=2 SV=2",False,False
Q6PST4,-0.283496184882736,27.7781701207259,-1.38493617455569,0.177343176689982,0.807198042668015,-4.59567621486753,Atlastin-1 OS=Rattus norvegicus OX=10116 GN=Atl1 PE=1 SV=1,False,False
Q1WIM1,-0.345048392383408,26.1290940720781,-1.44893283084046,0.158804212156989,0.807198042668015,-4.52942141497834,Cell adhesion molecule 4 OS=Rattus norvegicus OX=10116 GN=Cadm4 PE=1 SV=1,False,False
P56574,0.280549743217509,26.6580039893666,1.52071506361306,0.139888610775251,0.807198042668015,-4.45219565211792,"Isocitrate dehydrogenase [NADP], mitochondrial OS=Rattus norvegicus OX=10116 GN=Idh2 PE=1 SV=2",False,False
P86252,-0.0883306619419706,25.955288382806,-0.780458398514983,0.441870141336521,0.871186127339316,-5.08957705105155,Transcriptional activator protein Pur-alpha (Fragment) OS=Rattus norvegicus OX=10116 GN=Pura PE=1 SV=1,False,False
Q62636,0.118695200540316,27.52350545504,1.08256360724264,0.288519726239613,0.807198042668015,-4.87374461920771,Ras-related protein Rap-1b OS=Rattus norvegicus OX=10116 GN=Rap1b PE=1 SV=2,False,False
P20760,0.28432908742117,27.2481134387087,2.08906586928959,0.0462011238288202,0.807198042668015,-3.74287115731286,Ig gamma-2A chain C region OS=Rattus norvegicus OX=10116 GN=Igg-2a PE=1 SV=1,False,False
P11348,0.305603250262148,27.9364114495198,1.65501127031453,0.109433527156815,0.807198042668015,-4.29975679981079,Dihydropteridine reductase OS=Rattus norvegicus OX=10116 GN=Qdpr PE=1 SV=1,False,False
O08557,-0.0558256378974207,27.4022930983261,-0.461458097204587,0.648144408154345,0.945380932019117,-5.24476518227397,"N(G),N(G)-dimethylarginine dimethylaminohydrolase 1 OS=Rattus norvegicus OX=10116 GN=Ddah1 PE=1 SV=3",False,False
P00762,1.01943906193057,28.7639767849647,2.38789266054563,0.0241602195561695,0.807198042668015,-3.31084888709268,Serine protease 1 OS=Rattus norvegicus OX=10116 GN=Prss1 PE=1 SV=1,False,False
P62963,0.161327537369321,26.5607334427103,0.715465685618927,0.480427068593078,0.873975194057124,-5.12740772010732,Profilin-1 OS=Rattus norvegicus OX=10116 GN=Pfn1 PE=1 SV=2,False,False
P14408,0.276325137743594,27.3027694700983,1.75121902232078,0.091195543909061,0.807198042668015,-4.18445671463217,"Fumarate hydratase, mitochondrial OS=Rattus norvegicus OX=10116 GN=Fh PE=1 SV=2",False,False
Q3T1J1,0.143595177828225,26.0667644522121,0.649037929684222,0.521764612155236,0.885477222241516,-5.16282477566088,Eukaryotic translation initiation factor 5A-1 OS=Rattus norvegicus OX=10116 GN=Eif5a PE=1 SV=3,False,False
Q9WVB1,0.137043431018895,26.6903655695303,0.543015436211907,0.591547961791261,0.917794469566883,-5.21244853645295,Ras-related protein Rab-6A OS=Rattus norvegicus OX=10116 GN=Rab6a PE=1 SV=2,False,False
P63331,0.136376948279562,23.0191146032232,0.605075220569553,0.550151416151177,0.895854346314029,-5.18443820688027,Serine/threonine-protein phosphatase 2A catalytic subunit alpha isoform OS=Rattus norvegicus OX=10116 GN=Ppp2ca PE=1 SV=1,False,False
P12785,0.139147139478645,28.4379244022308,1.46273279184888,0.155016728431369,0.807198042668015,-4.51481138889439,Fatty acid synthase OS=Rattus norvegicus OX=10116 GN=Fasn PE=1 SV=3,False,False
P85971,0.165569849971334,24.9705163551284,0.724942902963754,0.474686632129369,0.871186127339316,-5.12208609738627,6-phosphogluconolactonase OS=Rattus norvegicus OX=10116 GN=Pgls PE=1 SV=1,False,False
P60881,0.286812944332233,27.2510705300932,1.97656097039993,0.0583264503399537,0.807198042668015,-3.89590653732947,Synaptosomal-associated protein 25 OS=Rattus norvegicus OX=10116 GN=Snap25 PE=1 SV=1,False,False
P63086,-0.380411758784234,28.5891542421022,-0.937404373741195,0.356811814173884,0.847961286486179,-4.98551879053229,Mitogen-activated protein kinase 1 OS=Rattus norvegicus OX=10116 GN=Mapk1 PE=1 SV=3,False,False
Q812E9,-0.129527296306051,29.1220972655744,-1.06580322294101,0.295895553955783,0.807198042668015,-4.88739338844749,Neuronal membrane glycoprotein M6-a OS=Rattus norvegicus OX=10116 GN=Gpm6a PE=1 SV=1,False,False
P62749,0.0640024400511194,25.3303543954993,0.277796254768053,0.783272422872691,0.978633070658885,-5.29858796555754,Hippocalcin-like protein 1 OS=Rattus norvegicus OX=10116 GN=Hpcal1 PE=1 SV=2,False,False
Q5PQN0,-0.0362787831283669,25.2626821933322,-0.209521410282936,0.835604837259378,0.988175537761941,-5.31182779695078,Neurocalcin-delta OS=Rattus norvegicus OX=10116 GN=Ncald PE=1 SV=3,False,False
P62828,0.0013776762960304,25.2503565778463,0.0067205904756099,0.994686904487393,0.998202127515506,-5.32930922884223,GTP-binding nuclear protein Ran OS=Rattus norvegicus OX=10116 GN=Ran PE=1 SV=3,False,False
P33124,-0.100913579958402,27.7292219429726,-1.10332069753672,0.279567709540761,0.807198042668015,-4.85657649818242,Long-chain-fatty-acid--CoA ligase 6 OS=Rattus norvegicus OX=10116 GN=Acsl6 PE=1 SV=1,False,False
Q7M0E3,0.0370697011149375,26.4223699549221,0.360480120094847,0.721276471216404,0.967620262258566,-5.27762778292991,Destrin OS=Rattus norvegicus OX=10116 GN=Dstn PE=1 SV=3,False,False
P63004,0.009895752824125,28.1018564699316,0.0792052443421872,0.937450052691161,0.988923602371226,-5.32682434042126,Platelet-activating factor acetylhydrolase IB subunit alpha OS=Rattus norvegicus OX=10116 GN=Pafah1b1 PE=1 SV=2,False,False
P46101,0.175868904427603,26.6982452956595,1.35356109314405,0.187034205888539,0.807198042668015,-4.62724474998355,A-type potassium channel modulatory protein DPP6 OS=Rattus norvegicus OX=10116 GN=Dpp6 PE=1 SV=1,False,False
P54921,0.126892992680848,27.70456541806,1.07931685045041,0.28993823290558,0.807198042668015,-4.87640355185815,Alpha-soluble NSF attachment protein OS=Rattus norvegicus OX=10116 GN=Napa PE=1 SV=2,False,False
Q00715,0.0281970291131124,28.5659046890496,0.166185111044884,0.869242185054369,0.988175537761941,-5.31831409265877,Histone H2B type 1 OS=Rattus norvegicus OX=10116 PE=1 SV=2,False,False
Q6DGG0,0.0761563382128791,26.2799644153288,0.660047419567655,0.514782196547541,0.885477222241516,-5.15718369620211,Peptidyl-prolyl cis-trans isomerase D OS=Rattus norvegicus OX=10116 GN=Ppid PE=1 SV=3,False,False
Q01062,-0.105671807559585,27.4907231315644,-0.992673143257772,0.329630953823703,0.828283812044247,-4.9446884883439,"cGMP-dependent 3',5'-cyclic phosphodiesterase OS=Rattus norvegicus OX=10116 GN=Pde2a PE=1 SV=2",False,False
P10888,-0.0379205399509672,29.748887959761,-0.448336769867824,0.65746635109025,0.945380932019117,-5.24948431425709,"Cytochrome c oxidase subunit 4 isoform 1, mitochondrial OS=Rattus norvegicus OX=10116 GN=Cox4i1 PE=1 SV=1",False,False
P14668,0.0236601265257725,27.4769085893184,0.197076340217987,0.845235141649097,0.988175537761941,-5.31384313661111,Annexin A5 OS=Rattus norvegicus OX=10116 GN=Anxa5 PE=1 SV=3,False,False
P54708,-0.12253614546783,28.7298434485466,-1.13883671483501,0.264716408956217,0.807198042668015,-4.82652710432843,Potassium-transporting ATPase alpha chain 2 OS=Rattus norvegicus OX=10116 GN=Atp12a PE=1 SV=1,False,False
A0A0G2K5L2,0.226217311798681,25.0205915095154,0.673278654989668,0.506459000422619,0.885477222241516,-5.15028363686555,Mitochondrial glutamate carrier 1 OS=Rattus norvegicus OX=10116 GN=Slc25a22 PE=2 SV=1,False,False
P14604,-0.0886259281355031,26.9999806724632,-0.45847931771978,0.650255624810222,0.945380932019117,-5.2458482300806,"Enoyl-CoA hydratase, mitochondrial OS=Rattus norvegicus OX=10116 GN=Echs1 PE=1 SV=1",False,False
D3ZQD3,-0.180467262476483,28.4918418636992,-1.57619714968776,0.126557751508795,0.807198042668015,-4.39045255497474,"2-oxoglutarate dehydrogenase-like, mitochondrial OS=Rattus norvegicus OX=10116 GN=Ogdhl PE=1 SV=2",False,False
Q5RKI0,0.272568054551826,27.4021107765507,1.11997489127585,0.272530660190313,0.807198042668015,-4.84259128203783,WD repeat-containing protein 1 OS=Rattus norvegicus OX=10116 GN=Wdr1 PE=1 SV=3,False,False
P18596,-0.0431921581012524,28.5831434587481,-0.422309451018159,0.676123504131753,0.95219994144953,-5.25844931312629,Sarcoplasmic/endoplasmic reticulum calcium ATPase 3 OS=Rattus norvegicus OX=10116 GN=Atp2a3 PE=1 SV=3,False,False
Q63965,-0.770866340456138,26.8121342866634,-1.93265251709023,0.0637687888641007,0.807198042668015,-3.95406711176218,Sideroflexin-1 OS=Rattus norvegicus OX=10116 GN=Sfxn1 PE=2 SV=4,False,False
P09605,0.419457535486643,26.5208531400029,1.69457592975133,0.101593550241289,0.807198042668015,-4.25293991963886,"Creatine kinase S-type, mitochondrial OS=Rattus norvegicus OX=10116 GN=Ckmt2 PE=1 SV=2",False,False
P11240,-0.0333486736488808,27.0953191348831,-0.165108576779714,0.870081252539036,0.988175537761941,-5.3184562275436,"Cytochrome c oxidase subunit 5A, mitochondrial OS=Rattus norvegicus OX=10116 GN=Cox5a PE=1 SV=1",False,False
Q63633,-0.167015594915455,27.7705887036815,-2.20274174820659,0.0362786828166027,0.807198042668015,-3.58268876904112,Solute carrier family 12 member 5 OS=Rattus norvegicus OX=10116 GN=Slc12a5 PE=1 SV=2,False,False
P13668,-0.0395227112319994,28.1665055310217,-0.312671304311049,0.756918502227089,0.972705353727001,-5.29040347138699,Stathmin OS=Rattus norvegicus OX=10116 GN=Stmn1 PE=1 SV=2,False,False
Q63081,-0.682839929005784,27.5579891954795,-1.40470435374393,0.171442871530846,0.807198042668015,-4.57547568971335,Protein disulfide-isomerase A6 OS=Rattus norvegicus OX=10116 GN=Pdia6 PE=1 SV=2,False,False
Q68FS4,0.0690083276904545,28.6029822384885,0.457639156767541,0.650851628136016,0.945380932019117,-5.24615245824755,Cytosol aminopeptidase OS=Rattus norvegicus OX=10116 GN=Lap3 PE=1 SV=1,False,False
Q6IMY8,0.0582065814061394,27.8300581989767,0.404665226304844,0.688892865198681,0.960194302458393,-5.26422678974129,Heterogeneous nuclear ribonucleoprotein U OS=Rattus norvegicus OX=10116 GN=Hnrnpu PE=1 SV=1,False,False
P21571,-0.0795366964126032,26.4591503047092,-0.861936963520539,0.396268511300098,0.867339482038663,-5.03777318261107,"ATP synthase-coupling factor 6, mitochondrial OS=Rattus norvegicus OX=10116 GN=Atp5pf PE=1 SV=1",False,False
Q2TA68,0.0690664154473914,27.9155135197679,0.595362880713254,0.556529486279089,0.897671535885713,-5.18901556911678,"Dynamin-like GTPase OPA1, mitochondrial OS=Rattus norvegicus OX=10116 GN=Opa1 PE=1 SV=1",False,False
Q91Y81,0.156357715480894,27.7001062018193,0.861880919087494,0.396298813029708,0.867339482038663,-5.03781047131524,Septin-2 OS=Rattus norvegicus OX=10116 GN=Septin2 PE=1 SV=1,False,False
P08010,0.728794956050798,26.3868944708047,2.49695236925846,0.0188846144312945,0.807198042668015,-3.14495877886588,Glutathione S-transferase Mu 2 OS=Rattus norvegicus OX=10116 GN=Gstm2 PE=1 SV=2,False,False
P50475,-0.132639281881929,27.398401898166,-1.14327937365506,0.262899814408502,0.807198042668015,-4.82270874517232,"Alanine--tRNA ligase, cytoplasmic OS=Rattus norvegicus OX=10116 GN=Aars1 PE=1 SV=3",False,False
P12368,0.193209438250246,26.289630062481,0.72363615703179,0.475475769093096,0.871186127339316,-5.12282382680549,cAMP-dependent protein kinase type II-alpha regulatory subunit OS=Rattus norvegicus OX=10116 GN=Prkar2a PE=1 SV=4,False,False
Q8VHV7,0.202951718634068,24.3049063003595,0.761803663902931,0.452741798129179,0.871186127339316,-5.10075482281097,Heterogeneous nuclear ribonucleoprotein H OS=Rattus norvegicus OX=10116 GN=Hnrnph1 PE=1 SV=2,False,False
Q8K586,0.0853257090020847,26.9189189045475,1.00190695765647,0.325231448905661,0.822957147581382,-4.93765831943731,"GTP-binding nuclear protein Ran, testis-specific isoform OS=Rattus norvegicus OX=10116 GN=Rasl2-9 PE=2 SV=1",False,False
B2GV06,-0.265140311553385,27.5619764487824,-1.23131154072925,0.228761822799792,0.807198042668015,-4.74435479085198,"Succinyl-CoA:3-ketoacid coenzyme A transferase 1, mitochondrial OS=Rattus norvegicus OX=10116 GN=Oxct1 PE=1 SV=1",False,False
Q66HD0,0.0016679897065046,29.2146266371697,0.0089046923543959,0.992960261132479,0.998202127515506,-5.32929561129902,Endoplasmin OS=Rattus norvegicus OX=10116 GN=Hsp90b1 PE=1 SV=2,False,False
Q6AY84,0.218176562135096,25.8478168232034,1.0946094109887,0.28330011339398,0.807198042668015,-4.86381713245915,Secernin-1 OS=Rattus norvegicus OX=10116 GN=Scrn1 PE=1 SV=1,False,False
P35281,-0.116667358667531,25.6901173117754,-0.749372868735423,0.460074044087579,0.871186127339316,-5.10806085199775,Ras-related protein Rab-10 OS=Rattus norvegicus OX=10116 GN=Rab10 PE=1 SV=1,False,False
P63142,0.341894879487338,24.8466970124472,1.15894246208634,0.25656774779749,0.807198042668015,-4.80914173063785,Potassium voltage-gated channel subfamily A member 2 OS=Rattus norvegicus OX=10116 GN=Kcna2 PE=1 SV=1,False,False
Q4FZY0,-0.387241078670204,27.870800557341,-2.9103062729894,0.0071259083574497,0.593642980855237,-2.48396027398783,EF-hand domain-containing protein D2 OS=Rattus norvegicus OX=10116 GN=Efhd2 PE=1 SV=1,False,False
P27605,0.210763449365263,26.7345109830128,1.52158871780867,0.139670170836318,0.807198042668015,-4.45123714108847,Hypoxanthine-guanine phosphoribosyltransferase OS=Rattus norvegicus OX=10116 GN=Hprt1 PE=1 SV=1,False,False
Q01066,-0.141494390070815,27.7183180441289,-0.286190753305557,0.776903588933435,0.978633070658885,-5.29670561558951,"Dual specificity calcium/calmodulin-dependent 3',5'-cyclic nucleotide phosphodiesterase 1B OS=Rattus norvegicus OX=10116 GN=Pde1b PE=1 SV=1",False,False
Q9Z214,-0.180340000551549,27.0559782152727,-0.667370292336233,0.510166438565926,0.885477222241516,-5.15338108449856,Homer protein homolog 1 OS=Rattus norvegicus OX=10116 GN=Homer1 PE=1 SV=2,False,False
P02650,-0.349190783539935,28.4278877373061,-1.8408100247318,0.0765987275040432,0.807198042668015,-4.0727401068318,Apolipoprotein E OS=Rattus norvegicus OX=10116 GN=Apoe PE=1 SV=2,False,False
P26284,-0.142709079220086,28.6123990839369,-1.40824170576095,0.170403609237597,0.807198042668015,-4.57183583535205,"Pyruvate dehydrogenase E1 component subunit alpha, somatic form, mitochondrial OS=Rattus norvegicus OX=10116 GN=Pdha1 PE=1 SV=2",False,False
P02401,-0.230454656107327,26.2216293188229,-0.462757457864684,0.64722441700997,0.945380932019117,-5.24429059567545,Large ribosomal subunit protein P2 OS=Rattus norvegicus OX=10116 GN=Rplp2 PE=1 SV=2,False,False
P63322,0.195023770072307,24.7748679931123,1.025254730103,0.314287896898003,0.820717785657196,-4.9196181629549,Ras-related protein Ral-A OS=Rattus norvegicus OX=10116 GN=Rala PE=1 SV=1,False,False
P97697,-0.1013349654359,28.6968612954293,-0.936491538136929,0.357272937664131,0.847961286486179,-4.98617508991609,Inositol monophosphatase 1 OS=Rattus norvegicus OX=10116 GN=Impa1 PE=1 SV=2,False,False
Q920Q0,0.0542602330636051,28.8283647179305,0.264567005885392,0.793340378851327,0.978633070658885,-5.30144147177576,Paralemmin-1 OS=Rattus norvegicus OX=10116 GN=Palm PE=1 SV=1,False,False
P50408,-0.0513316286171488,27.9511209412633,-0.308797139276697,0.759832043931224,0.972705353727001,-5.29136000402451,V-type proton ATPase subunit F OS=Rattus norvegicus OX=10116 GN=Atp6v1f PE=1 SV=1,False,False
P52481,-0.179644114962901,26.9369485663317,-0.644106320386888,0.524908935068378,0.885477222241516,-5.16532203980026,Adenylyl cyclase-associated protein 2 OS=Rattus norvegicus OX=10116 GN=Cap2 PE=1 SV=1,False,False
P05696,0.145243628339102,27.9111926797807,1.11377269863154,0.275136234492307,0.807198042668015,-4.84782136116829,Protein kinase C alpha type OS=Rattus norvegicus OX=10116 GN=Prkca PE=1 SV=3,False,False
O35509,-0.113699889339866,27.3836158722065,-1.08411065372492,0.287845562661615,0.807198042668015,-4.87247514320874,Ras-related protein Rab-11B OS=Rattus norvegicus OX=10116 GN=Rab11b PE=1 SV=4,False,False
Q63357,0.0239734195857331,28.7582940150805,0.333670028107091,0.741190968857731,0.970824342573672,-5.28501332258193,Unconventional myosin-Id OS=Rattus norvegicus OX=10116 GN=Myo1d PE=1 SV=3,False,False
P08932,-0.398923141379285,23.1975959415095,-1.60894464499653,0.119191673742315,0.807198042668015,-4.35318843433064,T-kininogen 2 OS=Rattus norvegicus OX=10116 PE=1 SV=2,False,False
Q1WIM2,-0.0111043760232619,27.1833220026275,-0.0971041907049975,0.923356655082175,0.988175537761941,-5.32556556632587,Cell adhesion molecule 2 OS=Rattus norvegicus OX=10116 GN=Cadm2 PE=1 SV=2,False,False
P39052,-0.168023561327033,28.1048517749114,-0.732621279864353,0.470065073141368,0.871186127339316,-5.11772561771014,Dynamin-2 OS=Rattus norvegicus OX=10116 GN=Dnm2 PE=1 SV=1,False,False
Q64119,0.283443475832303,25.4694749060399,1.16261113711914,0.255100915585163,0.807198042668015,-4.80594042759996,Myosin light polypeptide 6 OS=Rattus norvegicus OX=10116 GN=Myl6 PE=1 SV=3,False,False
P51650,0.179981934680523,28.0195315033948,1.6674636014729,0.106913240812319,0.807198042668015,-4.28511345597325,"Succinate-semialdehyde dehydrogenase, mitochondrial OS=Rattus norvegicus OX=10116 GN=Aldh5a1 PE=1 SV=2",False,False
P55161,-0.268482956747057,29.0013082090076,-3.59274546263932,0.0012777817566388,0.432448846713538,-1.31695068843088,Nck-associated protein 1 OS=Rattus norvegicus OX=10116 GN=Nckap1 PE=2 SV=1,False,False
Q5PPJ9,0.0296459576067178,27.5381203717292,0.147671464295437,0.8836928342923,0.988175537761941,-5.32063008154134,Endophilin-B2 OS=Rattus norvegicus OX=10116 GN=Sh3glb2 PE=1 SV=2,False,False
Q9ERB4,-0.128139078497,30.3207155956029,-0.5405564102325,0.593218955398724,0.917794469566883,-5.21349777017024,Versican core protein (Fragment) OS=Rattus norvegicus OX=10116 GN=Vcan PE=2 SV=2,False,False
Q75Q39,-0.0550888911744991,27.7390547396615,-0.356782156712533,0.724011849419621,0.967620262258566,-5.2786800227662,Mitochondrial import receptor subunit TOM70 OS=Rattus norvegicus OX=10116 GN=Tomm70 PE=1 SV=1,False,False
P35280,-0.164694163910461,25.6485123439446,-0.954232761357342,0.34838185182858,0.843825841059925,-4.97331419582718,Ras-related protein Rab-8A OS=Rattus norvegicus OX=10116 GN=Rab8a PE=1 SV=2,False,False
A0A096MJN4,-0.174198114947455,27.2940257601223,-0.385731999206817,0.702699895765254,0.967620262258566,-5.27015607952609,Septin-4 OS=Rattus norvegicus OX=10116 GN=Septin4 PE=1 SV=1,False,False
Q5M7A7,0.0546579567333012,26.1562644545422,0.283231789640537,0.7791467482383,0.978633070658885,-5.29737547071105,CB1 cannabinoid receptor-interacting protein 1 OS=Rattus norvegicus OX=10116 GN=Cnrip1 PE=1 SV=1,False,False
P35565,-0.297372561173002,27.9687908009524,-2.16059445610534,0.0397095073034743,0.807198042668015,-3.64270570519195,Calnexin OS=Rattus norvegicus OX=10116 GN=Canx PE=1 SV=1,False,False
Q08877,0.601196474081434,27.5071961266603,3.60394362121808,0.0012411956825263,0.432448846713538,-1.29732863468606,Dynamin-3 OS=Rattus norvegicus OX=10116 GN=Dnm3 PE=1 SV=2,False,False
Q01205,0.369162468382243,28.5245934613379,1.76740700410056,0.0883951746450406,0.807198042668015,-4.16457537070369,"Dihydrolipoyllysine-residue succinyltransferase component of 2-oxoglutarate dehydrogenase complex, mitochondrial OS=Rattus norvegicus OX=10116 GN=Dlst PE=1 SV=2",False,False
F1LU71,-0.0229223224582711,28.7145563343719,-0.181084527742936,0.857645742721995,0.988175537761941,-5.31625231705792,"Methylglutaconyl-CoA hydratase, mitochondrial OS=Rattus norvegicus OX=10116 GN=Auh PE=1 SV=2",False,False
Q8VII6,-0.297020603431204,29.7575474496887,-1.67569132084321,0.105274776309379,0.807198042668015,-4.27539179829611,Choline transporter-like protein 1 OS=Rattus norvegicus OX=10116 GN=Slc44a1 PE=1 SV=1,False,False
P30427,-0.0156286025479169,31.8534945471906,-0.163426875436117,0.871392305422488,0.988175537761941,-5.31867641861766,Plectin OS=Rattus norvegicus OX=10116 GN=Plec PE=1 SV=2,False,False
Q9QYU4,0.138017787225149,25.2057974886962,0.35608728721827,0.724526260341026,0.967620262258566,-5.27887654795619,Ketimine reductase mu-crystallin OS=Rattus norvegicus OX=10116 GN=Crym PE=1 SV=1,False,False
P27791,0.0550400814941234,27.6010087574042,0.360729516264511,0.721092128200318,0.967620262258566,-5.27755643231877,cAMP-dependent protein kinase catalytic subunit alpha OS=Rattus norvegicus OX=10116 GN=Prkaca PE=1 SV=2,False,False
Q6RUV5,-0.219871530956027,28.2982068765253,-1.60248787240357,0.120615296144612,0.807198042668015,-4.36058340618621,Ras-related C3 botulinum toxin substrate 1 OS=Rattus norvegicus OX=10116 GN=Rac1 PE=1 SV=1,False,False
Q63564,0.0799242002475218,27.7521851154076,0.405457017154424,0.688317789374206,0.960194302458393,-5.26397272703736,Synaptic vesicle glycoprotein 2B OS=Rattus norvegicus OX=10116 GN=Sv2b PE=1 SV=1,False,False
Q63862,-0.346621910381302,30.80906919851,-1.46438782363663,0.154567398097179,0.807198042668015,-4.51305158896758,Myosin-11 (Fragment) OS=Rattus norvegicus OX=10116 GN=Myh11 PE=1 SV=3,False,False
P21913,0.208751968494273,29.1403289004864,1.65054063871341,0.1103503759128,0.807198042668015,-4.3049933998301,"Succinate dehydrogenase [ubiquinone] iron-sulfur subunit, mitochondrial OS=Rattus norvegicus OX=10116 GN=Sdhb PE=2 SV=2",False,False
Q5XIT1,-0.0820447660423937,27.3014375793643,-0.420556747765505,0.677387645246145,0.95274132441763,-5.2590340791596,Microtubule-associated protein RP/EB family member 3 OS=Rattus norvegicus OX=10116 GN=Mapre3 PE=1 SV=1,False,False
P35467,0.137302298096699,23.5533217962466,0.820886231769696,0.418857909619442,0.867339482038663,-5.06447719402127,Protein S100-A1 OS=Rattus norvegicus OX=10116 GN=S100a1 PE=1 SV=3,False,False
P41565,0.027505572813844,27.7063856054113,0.207581881551425,0.837104022452224,0.988175537761941,-5.31214996614378,"Isocitrate dehydrogenase [NAD] subunit gamma 1, mitochondrial OS=Rattus norvegicus OX=10116 GN=Idh3g PE=1 SV=2",False,False
P15384,-0.363465036761323,23.7033971697821,-1.32089147396374,0.197558885264664,0.807198042668015,-4.65946644129161,Potassium voltage-gated channel subfamily A member 3 OS=Rattus norvegicus OX=10116 GN=Kcna3 PE=1 SV=2,False,False
Q05764,0.140783703834185,27.744871121512,1.09764259530257,0.281996501588935,0.807198042668015,-4.86130184202562,Beta-adducin OS=Rattus norvegicus OX=10116 GN=Add2 PE=1 SV=4,False,False
Q9ESV6,0.262329007248798,25.7515770130505,1.79192238814386,0.0842937543537426,0.807198042668015,-4.13420888261145,"Glyceraldehyde-3-phosphate dehydrogenase, testis-specific OS=Rattus norvegicus OX=10116 GN=Gapdhs PE=1 SV=1",False,False
B2RYW9,-0.100817406022649,26.6936969057044,-0.492529619518136,0.626302981959354,0.939454472939031,-5.23305833264769,"Oxaloacetate tautomerase Fahd2a, mitochondrial OS=Rattus norvegicus OX=10116 GN=Fahd2a PE=1 SV=1",False,False
P15865,-0.0146534486891312,27.8436621590745,-0.155302920076141,0.877730923844404,0.988175537761941,-5.3197084423106,Histone H1.4 OS=Rattus norvegicus OX=10116 GN=H1-4 PE=1 SV=3,False,False
Q8K4Y5,-0.0818614668007314,26.9209413479203,-0.930219055127537,0.360452224756642,0.850478778674169,-4.9906688400358,Leucine-rich glioma-inactivated protein 1 OS=Rattus norvegicus OX=10116 GN=Lgi1 PE=1 SV=1,False,False
P20059,0.0066887927613663,24.9642527604687,0.0601551500918738,0.952472507199367,0.990269542689437,-5.32788344394382,Hemopexin OS=Rattus norvegicus OX=10116 GN=Hpx PE=1 SV=3,False,False
Q62634,0.148337919147071,27.2372885185945,0.871430591249175,0.391156894355954,0.865693559237469,-5.03142400857273,Vesicular glutamate transporter 1 OS=Rattus norvegicus OX=10116 GN=Slc17a7 PE=1 SV=1,False,False
P60892,0.221193972843849,26.6762121483247,1.44863505465469,0.158886746824995,0.807198042668015,-4.52973541801961,Ribose-phosphate pyrophosphokinase 1 OS=Rattus norvegicus OX=10116 GN=Prps1 PE=1 SV=2,False,False
Q9QUH6,-0.122661357850298,29.6844367581197,-0.550254549807572,0.58664203523902,0.916416025134493,-5.2093327969685,Ras/Rap GTPase-activating protein SynGAP OS=Rattus norvegicus OX=10116 GN=Syngap1 PE=1 SV=2,False,False
Q75Q41,0.34174553109062,26.4409840620787,1.83769880591048,0.0770697883479819,0.807198042668015,-4.07668779242612,Mitochondrial import receptor subunit TOM22 homolog OS=Rattus norvegicus OX=10116 GN=Tomm22 PE=1 SV=1,False,False
P16446,0.611656067291406,29.3087760515118,2.49106630889905,0.0191397645740358,0.807198042668015,-3.15401355015114,Phosphatidylinositol transfer protein alpha isoform OS=Rattus norvegicus OX=10116 GN=Pitpna PE=1 SV=2,False,False
Q5XHZ0,0.590081118883667,27.5559921430583,2.68009223686021,0.012355076050828,0.743363742391486,-2.85787477618515,"Heat shock protein 75 kDa, mitochondrial OS=Rattus norvegicus OX=10116 GN=Trap1 PE=1 SV=1",False,False
Q62951,0.312149606846305,29.7044081673778,1.2567630184609,0.219540510763083,0.807198042668015,-4.72075845404664,Dihydropyrimidinase-related protein 4 (Fragment) OS=Rattus norvegicus OX=10116 GN=Dpysl4 PE=1 SV=1,False,False
P85970,0.0217497347285409,26.7768180085903,0.132021577832138,0.895940371029097,0.988175537761941,-5.32237512503046,Actin-related protein 2/3 complex subunit 2 OS=Rattus norvegicus OX=10116 GN=Arpc2 PE=1 SV=1,False,False
P38983,0.324036879338326,25.7125127277728,1.41831713849229,0.167470785783288,0.807198042668015,-4.56142680584453,Small ribosomal subunit protein uS2 OS=Rattus norvegicus OX=10116 GN=Rpsa PE=1 SV=3,False,False
Q63666,-0.147105123968036,23.5091266549897,-0.311618667277596,0.757709772523012,0.972705353727001,-5.2906645374576,Vesicle-associated membrane protein 1 OS=Rattus norvegicus OX=10116 GN=Vamp1 PE=1 SV=2,False,False
P70550,0.0701930130076072,28.1103084888435,0.327989550139308,0.745434584327541,0.972705353727001,-5.28650566744243,Ras-related protein Rab-8B OS=Rattus norvegicus OX=10116 GN=Rab8b PE=1 SV=1,False,False
P14480,-0.171374154659091,27.73873263249,-1.07771203438284,0.290641204364001,0.807198042668015,-4.87771516746577,Fibrinogen beta chain OS=Rattus norvegicus OX=10116 GN=Fgb PE=1 SV=4,False,False
Q6P7Q4,0.226863770933253,26.4278509981219,1.01266730761078,0.32015572208932,0.820717785657196,-4.92939108014267,Lactoylglutathione lyase OS=Rattus norvegicus OX=10116 GN=Glo1 PE=1 SV=3,False,False
P49803,-0.107032817271563,28.6716997345282,-0.735162280639792,0.468541462113407,0.871186127339316,-5.1162729722677,Regulator of G-protein signaling 7 OS=Rattus norvegicus OX=10116 GN=Rgs7 PE=1 SV=2,False,False
Q9EQX9,0.165575588414072,26.7408509306512,0.803514249144008,0.428653869940117,0.871186127339316,-5.0754091093448,Ubiquitin-conjugating enzyme E2 N OS=Rattus norvegicus OX=10116 GN=Ube2n PE=1 SV=1,False,False
P62959,0.0731412516602354,24.9525948513074,0.309011477570889,0.759670757613134,0.972705353727001,-5.29130739277247,Adenosine 5'-monophosphoramidase HINT1 OS=Rattus norvegicus OX=10116 GN=Hint1 PE=1 SV=5,False,False
P36876,0.0790975549531154,26.4348426587426,0.758599823896826,0.454624875287841,0.871186127339316,-5.10264874669437,Serine/threonine-protein phosphatase 2A 55 kDa regulatory subunit B alpha isoform OS=Rattus norvegicus OX=10116 GN=Ppp2r2a PE=2 SV=1,False,False
P11232,-0.0176174702059697,26.3811712506663,-0.150499961464934,0.881482300800698,0.988175537761941,-5.32029389226572,Thioredoxin OS=Rattus norvegicus OX=10116 GN=Txn PE=1 SV=2,False,False
Q9WTP0,-0.212020949893979,28.4167507178417,-1.25700761711083,0.219453276693468,0.807198042668015,-4.72052965820265,Band 4.1-like protein 1 OS=Rattus norvegicus OX=10116 GN=Epb41l1 PE=1 SV=1,False,False
P07483,-0.221330389314616,26.9503919036549,-1.10034171043823,0.280840084365952,0.807198042668015,-4.85905834442944,"Fatty acid-binding protein, heart OS=Rattus norvegicus OX=10116 GN=Fabp3 PE=1 SV=2",False,False
P62898,0.243069900251129,26.8887161246678,1.03201755356988,0.311166322442472,0.820717785657196,-4.91432222510752,"Cytochrome c, somatic OS=Rattus norvegicus OX=10116 GN=Cycs PE=1 SV=2",False,False
P12711,-0.11934553549834,27.7244455822973,-0.826150013930537,0.41591735576722,0.867339482038663,-5.06112136810541,Alcohol dehydrogenase class-3 OS=Rattus norvegicus OX=10116 GN=Adh5 PE=1 SV=2,False,False
P02625,-0.228458992835797,27.0452321021399,-1.27107646357642,0.214479852646042,0.807198042668015,-4.70730515118614,Parvalbumin alpha OS=Rattus norvegicus OX=10116 GN=Pvalb PE=1 SV=2,False,False
Q5U206,-0.132349439818118,27.0824041866913,-0.274459325886843,0.785808416089486,0.978633070658885,-5.29932077002904,Calmodulin-like protein 3 OS=Rattus norvegicus OX=10116 GN=Calml3 PE=2 SV=1,False,False
P62168,-0.264869454040802,25.6731128314301,-1.13065513895278,0.268085706318955,0.807198042668015,-4.8335244450944,Neuronal calcium sensor 1 OS=Rattus norvegicus OX=10116 GN=Ncs1 PE=1 SV=2,False,False
P29994,-0.0202540666248296,29.9970710652986,-0.232351428720277,0.818006945638342,0.988175537761941,-5.30781136211739,"Inositol 1,4,5-trisphosphate-gated calcium channel ITPR1 OS=Rattus norvegicus OX=10116 GN=Itpr1 PE=1 SV=2",False,False
P97546,0.022013752984968,27.1897957744435,0.0998022905669866,0.921234292677194,0.988175537761941,-5.32535366847508,Neuroplastin OS=Rattus norvegicus OX=10116 GN=Nptn PE=1 SV=2,False,False
Q64428,-0.064165616481457,28.4948492506838,-0.264675562057258,0.793257612664163,0.978633070658885,-5.30141861933942,"Trifunctional enzyme subunit alpha, mitochondrial OS=Rattus norvegicus OX=10116 GN=Hadha PE=1 SV=2",False,False
P14046,-0.106557999471846,24.9685137133777,-0.393787900729924,0.696812136347288,0.963609784807913,-5.2676674572676,Alpha-1-inhibitor 3 OS=Rattus norvegicus OX=10116 GN=A1i3 PE=1 SV=1,False,False
Q03626,0.654447004616596,27.4490863086803,3.22052764300978,0.0033086726268965,0.559136982615976,-1.96200711509317,Murinoglobulin-1 OS=Rattus norvegicus OX=10116 GN=Mug1 PE=2 SV=1,False,False
Q5XIN6,0.120874876408365,29.4215710801018,0.862768227009229,0.395819242767656,0.867339482038663,-5.03721984231609,Mitochondrial proton/calcium exchanger protein OS=Rattus norvegicus OX=10116 GN=Letm1 PE=1 SV=1,False,False
Q5RKI1,-0.0799538413655689,28.9039845723126,-0.730068402037039,0.47159871254829,0.871186127339316,-5.11918022993055,Eukaryotic initiation factor 4A-II OS=Rattus norvegicus OX=10116 GN=Eif4a2 PE=1 SV=1,False,False
P55053,-0.264148062385029,25.9917891128875,-2.36858021016875,0.0252244759025625,0.807198042668015,-3.33979731025437,Fatty acid-binding protein 5 OS=Rattus norvegicus OX=10116 GN=Fabp5 PE=1 SV=3,False,False
P21396,-0.132867546458172,28.175013827868,-1.18498153400056,0.246289766365379,0.807198042668015,-4.78622711124877,Amine oxidase [flavin-containing] A OS=Rattus norvegicus OX=10116 GN=Maoa PE=1 SV=1,False,False
P62716,0.0712792757117953,27.8258121926997,0.645069766113815,0.524293851659869,0.885477222241516,-5.16483561221665,Serine/threonine-protein phosphatase 2A catalytic subunit beta isoform OS=Rattus norvegicus OX=10116 GN=Ppp2cb PE=2 SV=1,False,False
Q63560,0.219102774548208,29.9016505631311,0.73631582548161,0.46785073814439,0.871186127339316,-5.11561193094911,Microtubule-associated protein 6 OS=Rattus norvegicus OX=10116 GN=Map6 PE=1 SV=1,False,False
P55067,-0.0656950719657914,27.4017505230503,-0.518882822886883,0.608044715154211,0.923579840830309,-5.22254484313901,Neurocan core protein OS=Rattus norvegicus OX=10116 GN=Ncan PE=1 SV=1,False,False
P28480,-0.264788722173673,26.6856157881777,-2.06382973812408,0.048707374325351,0.807198042668015,-3.7776881028963,T-complex protein 1 subunit alpha OS=Rattus norvegicus OX=10116 GN=Tcp1 PE=1 SV=1,False,False
Q568Z9,-0.0857173458633795,25.1605138579948,-0.692146305423269,0.494720556449706,0.878331742024642,-5.14021708235288,Phytanoyl-CoA hydroxylase-interacting protein OS=Rattus norvegicus OX=10116 GN=Phyhip PE=2 SV=1,False,False
Q91ZN1,0.0816537087532652,28.3337523549518,0.658440071478673,0.515798400372498,0.885477222241516,-5.15801296190441,Coronin-1A OS=Rattus norvegicus OX=10116 GN=Coro1a PE=1 SV=3,False,False
P19627,0.147641314371647,24.9418400097607,1.17734193911467,0.249273157114776,0.807198042668015,-4.79299647570494,Guanine nucleotide-binding protein G(z) subunit alpha OS=Rattus norvegicus OX=10116 GN=Gnaz PE=2 SV=3,False,False
P52296,0.166169883662516,25.9613816995591,1.40321204557257,0.171882806640608,0.807198042668015,-4.57700895747106,Importin subunit beta-1 OS=Rattus norvegicus OX=10116 GN=Kpnb1 PE=1 SV=1,False,False
Q07266,-0.0456943715197689,27.7475815982001,-0.275470472894339,0.785039711465748,0.978633070658885,-5.29909964636247,Drebrin OS=Rattus norvegicus OX=10116 GN=Dbn1 PE=1 SV=3,False,False
P11030,-0.117079682010136,26.1718347612387,-0.783297179046218,0.440229684837673,0.871186127339316,-5.08785364323158,Acyl-CoA-binding protein OS=Rattus norvegicus OX=10116 GN=Dbi PE=1 SV=3,False,False
Q8R491,-0.0116312944456105,27.842838704551,-0.070619965289833,0.944217630832406,0.988923602371226,-5.32733747084857,EH domain-containing protein 3 OS=Rattus norvegicus OX=10116 GN=Ehd3 PE=1 SV=2,False,False
Q63598,-0.140381249865271,28.1419621490759,-0.47618678061931,0.63774954858832,0.944846458442067,-5.23930896540996,Plastin-3 OS=Rattus norvegicus OX=10116 GN=Pls3 PE=1 SV=2,False,False
Q794E4,0.454015089766756,28.0861166074063,2.04486044564622,0.0506698485898223,0.807198042668015,-3.80367524570046,Heterogeneous nuclear ribonucleoprotein F OS=Rattus norvegicus OX=10116 GN=Hnrnpf PE=1 SV=3,False,False
Q3B8Q0,-0.106853288495071,26.3417463783972,-0.940851749578273,0.355073927899558,0.847961286486179,-4.9830349193824,Microtubule-associated protein RP/EB family member 2 OS=Rattus norvegicus OX=10116 GN=Mapre2 PE=1 SV=1,False,False
P83868,0.0855997756906177,25.9782119787377,0.341382843760875,0.735442395175374,0.97013899387933,-5.28294645534264,Prostaglandin E synthase 3 OS=Rattus norvegicus OX=10116 GN=Ptges3 PE=1 SV=2,False,False
P04785,0.111877732275481,27.6902108219379,1.22217475008842,0.232142280825789,0.807198042668015,-4.75272333985101,Protein disulfide-isomerase OS=Rattus norvegicus OX=10116 GN=P4hb PE=1 SV=2,False,False
P36877,-0.15786544078988,25.5467418156064,-0.650004854129492,0.521149316645848,0.885477222241516,-5.16233299580466,Serine/threonine-protein phosphatase 2A 55 kDa regulatory subunit B beta isoform OS=Rattus norvegicus OX=10116 GN=Ppp2r2b PE=1 SV=2,False,False
P56932,-0.12732238037038,26.0452817795019,-0.692967550363112,0.494213130527759,0.878331742024642,-5.13977286796122,Serine/threonine-protein phosphatase 2A 55 kDa regulatory subunit B delta isoform OS=Rattus norvegicus OX=10116 GN=Ppp2r2d PE=2 SV=1,False,False
P70566,0.316132619412524,27.6457820975436,0.668309764468298,0.50957592842455,0.885477222241516,-5.15289032043469,Tropomodulin-2 OS=Rattus norvegicus OX=10116 GN=Tmod2 PE=1 SV=1,False,False
Q9ERH3,-0.160395793772182,29.5413641542706,-0.858961000198221,0.397879578178324,0.867339482038663,-5.03975008134452,WD repeat-containing protein 7 OS=Rattus norvegicus OX=10116 GN=Wdr7 PE=1 SV=1,False,False
Q6URK4,-0.0035329204009855,28.6068206501634,-0.029023972395842,0.977057686071583,0.998202127515506,-5.32899112333468,Heterogeneous nuclear ribonucleoprotein A3 OS=Rattus norvegicus OX=10116 GN=Hnrnpa3 PE=1 SV=1,False,False
Q4V8B0,0.260678039769584,28.8213625024017,0.895600113192705,0.378335291762054,0.862163467515463,-5.01496747486907,Oxidation resistance protein 1 OS=Rattus norvegicus OX=10116 GN=Oxr1 PE=1 SV=3,False,False
Q04970,-0.10411853374071,27.3686763388282,-0.221169790307907,0.826614521824382,0.988175537761941,-5.30983015116019,GTPase NRas OS=Rattus norvegicus OX=10116 GN=Nras PE=1 SV=1,False,False
Q9EQS0,0.0311128569183907,29.1318720774221,0.19539577324277,0.846537515278604,0.988175537761941,-5.31410586484662,Transaldolase OS=Rattus norvegicus OX=10116 GN=Taldo1 PE=1 SV=2,False,False
P49911,-0.019821610843568,28.1723396026185,-0.110912704831617,0.912501102144432,0.988175537761941,-5.32441997145423,Acidic leucine-rich nuclear phosphoprotein 32 family member A OS=Rattus norvegicus OX=10116 GN=Anp32a PE=2 SV=1,False,False
Q5XIF3,0.0111963273644164,25.9113447623302,0.066036312405523,0.947832593962449,0.988923602371226,-5.32758736067555,"NADH dehydrogenase [ubiquinone] iron-sulfur protein 4, mitochondrial OS=Rattus norvegicus OX=10116 GN=Ndufs4 PE=1 SV=1",False,False
P07943,0.114620906596119,27.4914801862236,0.758830312380033,0.454489248828289,0.871186127339316,-5.10251274808847,Aldo-keto reductase family 1 member B1 OS=Rattus norvegicus OX=10116 GN=Akr1b1 PE=1 SV=3,False,False
Q02253,0.437601692524208,27.6655376862092,1.9306281095671,0.0640300599953913,0.807198042668015,-3.95672675722462,"Methylmalonate-semialdehyde/malonate-semialdehyde dehydrogenase [acylating], mitochondrial OS=Rattus norvegicus OX=10116 GN=Aldh6a1 PE=1 SV=1",False,False
Q5U316,0.0009706451654381,27.7590291333765,0.0046058672548415,0.99635872561797,0.998202127515506,-5.32931878638381,Ras-related protein Rab-35 OS=Rattus norvegicus OX=10116 GN=Rab35 PE=1 SV=1,False,False
P63029,-0.14849338850944,26.6968449222679,-1.16425512425708,0.254445607736316,0.807198042668015,-4.80450297942647,Translationally-controlled tumor protein OS=Rattus norvegicus OX=10116 GN=Tpt1 PE=1 SV=1,False,False
Q6PEC4,-0.194628507583936,27.600071031642,-1.31394696740596,0.199854017284897,0.807198042668015,-4.66622959676895,S-phase kinase-associated protein 1 OS=Rattus norvegicus OX=10116 GN=Skp1 PE=1 SV=3,False,False
P27952,0.0186383308063007,28.2625874577893,0.220370912981303,0.827230350884666,0.988175537761941,-5.30997059153716,Small ribosomal subunit protein uS5 OS=Rattus norvegicus OX=10116 GN=Rps2 PE=1 SV=1,False,False
F1LZW6,-0.0014998813302185,28.4805079812084,-0.0196454858147945,0.984469787779421,0.998202127515506,-5.32917325120027,"Electrogenic aspartate/glutamate antiporter SLC25A13, mitochondrial OS=Rattus norvegicus OX=10116 GN=Slc25a13 PE=3 SV=4",False,False
P08082,0.0547860696296034,26.6081542477853,0.322534209115721,0.749517705782346,0.972705353727001,-5.28791497704028,Clathrin light chain B OS=Rattus norvegicus OX=10116 GN=Cltb PE=1 SV=1,False,False
P35289,0.190535438177115,26.7627178903518,0.875938492107172,0.388744590583278,0.865693559237469,-5.02838648548003,Ras-related protein Rab-15 OS=Rattus norvegicus OX=10116 GN=Rab15 PE=2 SV=1,False,False
Q6P502,0.0424594026239831,28.8396771253377,0.189231710995219,0.851318185609188,0.988175537761941,-5.31505031539297,T-complex protein 1 subunit gamma OS=Rattus norvegicus OX=10116 GN=Cct3 PE=1 SV=1,False,False
P35571,-0.0739913897488087,28.1508044031803,-0.522746956723389,0.605388708758528,0.920837038743659,-5.22095830172343,"Glycerol-3-phosphate dehydrogenase, mitochondrial OS=Rattus norvegicus OX=10116 GN=Gpd2 PE=1 SV=1",False,False
P84087,0.323952515712609,27.2238101083432,1.66020152796724,0.108377080306152,0.807198042668015,-4.29366357729595,Complexin-2 OS=Rattus norvegicus OX=10116 GN=Cplx2 PE=1 SV=1,False,False
P19491,0.375721439250693,28.8994761308469,1.82456598348783,0.0790857491222639,0.807198042668015,-4.09329812002211,Glutamate receptor 2 OS=Rattus norvegicus OX=10116 GN=Gria2 PE=1 SV=2,False,False
Q9EPC6,-0.127450467517175,26.3509795712167,-0.82355481035234,0.417365526168147,0.867339482038663,-5.06277841107591,Profilin-2 OS=Rattus norvegicus OX=10116 GN=Pfn2 PE=1 SV=3,False,False
P31647,-0.154459528854513,26.7372208249741,-0.659941717344853,0.514848990253711,0.885477222241516,-5.15723828996373,Sodium- and chloride-dependent GABA transporter 3 OS=Rattus norvegicus OX=10116 GN=Slc6a11 PE=1 SV=1,False,False
P10499,-0.260800402655029,27.9493202170868,-1.67085595420985,0.106235121871303,0.807198042668015,-4.28110958889696,Potassium voltage-gated channel subfamily A member 1 OS=Rattus norvegicus OX=10116 GN=Kcna1 PE=1 SV=1,False,False
Q01986,-0.0138258639654829,27.0276562284336,-0.126850698917027,0.899992998228556,0.988175537761941,-5.32290885243022,Dual specificity mitogen-activated protein kinase kinase 1 OS=Rattus norvegicus OX=10116 GN=Map2k1 PE=1 SV=2,False,False
P60905,0.139956023925915,25.4722646180447,0.704097671980921,0.487365189642563,0.873975194057124,-5.13370285834194,DnaJ homolog subfamily C member 5 OS=Rattus norvegicus OX=10116 GN=Dnajc5 PE=1 SV=1,False,False
P62882,-0.0493981362582225,27.6105823479694,-0.362654497555109,0.719669840640798,0.967620262258566,-5.27700406698461,Guanine nucleotide-binding protein subunit beta-5 OS=Rattus norvegicus OX=10116 GN=Gnb5 PE=2 SV=1,False,False
G3V9T7,0.257509568119662,26.9667729460491,1.13165861259443,0.267670794077109,0.807198042668015,-4.83266862925669,ATPase Get3 OS=Rattus norvegicus OX=10116 GN=Get3 PE=1 SV=1,False,False
Q9Z0W7,-0.0632979604388453,27.070459245208,-0.224284535427486,0.824214543038757,0.988175537761941,-5.30927775614504,Chloride intracellular channel protein 4 OS=Rattus norvegicus OX=10116 GN=Clic4 PE=1 SV=3,False,False
Q8VD52,-0.203347664404035,27.7890995565662,-1.22735324138677,0.230221757251302,0.807198042668015,-4.74798692305816,Chronophin OS=Rattus norvegicus OX=10116 GN=Pdxp PE=1 SV=2,False,False
Q05695,0.195546129399183,27.8556457420687,1.29121750402514,0.207509871164614,0.807198042668015,-4.68815269936315,Neural cell adhesion molecule L1 OS=Rattus norvegicus OX=10116 GN=L1cam PE=1 SV=3,False,False
Q5I0G4,-0.0407870159116719,28.6925178745941,-0.289743044448312,0.774213228449234,0.978633070658885,-5.29589231495579,Glycine--tRNA ligase OS=Rattus norvegicus OX=10116 GN=Gars1 PE=1 SV=2,False,False
P10362,-0.322333069437782,29.4222964219327,-1.11911856556459,0.272889342825425,0.807198042668015,-4.84331492963971,Secretogranin-2 OS=Rattus norvegicus OX=10116 GN=Scg2 PE=1 SV=1,False,False
Q4FZT9,-0.907263988004143,28.1184716392624,-2.09582732137385,0.0455493960043981,0.807198042668015,-3.73349581679722,26S proteasome non-ATPase regulatory subunit 2 OS=Rattus norvegicus OX=10116 GN=Psmd2 PE=1 SV=1,False,False
Q00729,-0.205748362257538,31.6771153499318,-0.704000465685418,0.487424761967223,0.873975194057124,-5.13375627181312,Histone H2B type 1-A OS=Rattus norvegicus OX=10116 GN=H2bc1 PE=1 SV=2,False,False
P20171,0.804472537253407,25.2573920830443,3.50643583377375,0.0015972256572983,0.432448846713538,-1.46784261957785,GTPase HRas OS=Rattus norvegicus OX=10116 GN=Hras PE=1 SV=2,False,False
P55051,-0.0343523926755687,25.7278881130273,-0.177442908956873,0.860477180693107,0.988175537761941,-5.31677253362249,"Fatty acid-binding protein, brain OS=Rattus norvegicus OX=10116 GN=Fabp7 PE=1 SV=2",False,False
P51146,0.0754886134769528,26.2787793828643,0.393196692179219,0.697243579060784,0.963609784807913,-5.26785181766893,Ras-related protein Rab-4B OS=Rattus norvegicus OX=10116 GN=Rab4b PE=2 SV=1,False,False
Q1WIM3,0.0366519238245395,25.9886541232183,0.103428178187451,0.918383055274874,0.988175537761941,-5.32505976872983,Cell adhesion molecule 3 OS=Rattus norvegicus OX=10116 GN=Cadm3 PE=1 SV=1,False,False
P09330,-0.112423244227067,27.9845118149307,-0.542092713130335,0.592174716491884,0.917794469566883,-5.21284279363004,Ribose-phosphate pyrophosphokinase 2 OS=Rattus norvegicus OX=10116 GN=Prps2 PE=1 SV=3,False,False
Q6AXV4,0.109848586943635,28.3967057347237,0.258536978808348,0.797941670249434,0.979620252841438,-5.30269623572702,Sorting and assembly machinery component 50 homolog OS=Rattus norvegicus OX=10116 GN=Samm50 PE=1 SV=1,False,False
P19944,0.183936207194826,23.7582854056515,0.676834065718827,0.504235245357221,0.885067699711297,-5.14840709527701,Large ribosomal subunit protein P1 OS=Rattus norvegicus OX=10116 GN=Rplp1 PE=3 SV=1,False,False
P47727,0.292439717983235,25.8257137536051,1.79525843928735,0.0837483959066871,0.807198042668015,-4.13005278688153,Carbonyl reductase [NADPH] 1 OS=Rattus norvegicus OX=10116 GN=Cbr1 PE=1 SV=2,False,False
Q9JJ54,0.093460307092414,26.5763005315358,0.47162238968034,0.640962989965979,0.945380932019117,-5.24101780148797,Heterogeneous nuclear ribonucleoprotein D0 OS=Rattus norvegicus OX=10116 GN=Hnrnpd PE=1 SV=2,False,False
Q3MIE4,-0.0840635645412178,29.1865814117534,-0.313366095411443,0.756396373077309,0.972705353727001,-5.29023067715327,Synaptic vesicle membrane protein VAT-1 homolog OS=Rattus norvegicus OX=10116 GN=Vat1 PE=1 SV=1,False,False
P16290,0.0351140858140297,29.6144802234118,0.210593436085816,0.834776470494377,0.988175537761941,-5.31164844542632,Phosphoglycerate mutase 2 OS=Rattus norvegicus OX=10116 GN=Pgam2 PE=1 SV=2,False,False
Q63692,-0.22948930205726,28.2859894581636,-1.7421023866977,0.092805532421215,0.807198042668015,-4.1955932506143,Hsp90 co-chaperone Cdc37 OS=Rattus norvegicus OX=10116 GN=Cdc37 PE=1 SV=2,False,False
O70511,-0.157712169739426,29.3999456005139,-1.08327985864002,0.288207462465335,0.807198042668015,-4.87315707961622,Ankyrin-3 OS=Rattus norvegicus OX=10116 GN=Ank3 PE=1 SV=3,False,False
Q80W89,-0.0204429235803296,25.1488099278526,-0.0931573141667289,0.926462356273596,0.988175537761941,-5.32586508616767,NADH dehydrogenase [ubiquinone] 1 alpha subcomplex subunit 11 OS=Rattus norvegicus OX=10116 GN=Ndufa11 PE=2 SV=1,False,False
P04256,-0.0741545878165155,26.1927024423289,-0.309566107818732,0.759253458003063,0.972705353727001,-5.29117108583103,Heterogeneous nuclear ribonucleoprotein A1 OS=Rattus norvegicus OX=10116 GN=Hnrnpa1 PE=1 SV=3,False,False
Q6AY09,0.0166899507644018,28.0716709359496,0.0702664030068574,0.944496430595722,0.988923602371226,-5.32735734261626,Heterogeneous nuclear ribonucleoprotein H2 OS=Rattus norvegicus OX=10116 GN=Hnrnph2 PE=1 SV=1,False,False
Q07009,-0.110691925071581,26.6113420639425,-0.751041876077716,0.459085526629514,0.871186127339316,-5.10708654869626,Calpain-2 catalytic subunit OS=Rattus norvegicus OX=10116 GN=Capn2 PE=1 SV=3,False,False
Q78P75,-0.192125637806079,26.5083087566667,-1.78236350281373,0.0858732143620144,0.807198042668015,-4.1460859369999,"Dynein light chain 2, cytoplasmic OS=Rattus norvegicus OX=10116 GN=Dynll2 PE=1 SV=1",False,False
P09811,0.0303021767415217,27.8333580542691,0.184849712743672,0.854720262176916,0.988175537761941,-5.31570337020268,"Glycogen phosphorylase, liver form OS=Rattus norvegicus OX=10116 GN=Pygl PE=1 SV=5",False,False
Q6AXX6,-0.255377522641151,26.4707153048123,-1.39441119193861,0.174495478535464,0.807198042668015,-4.58602376292415,Peroxiredoxin-like 2A OS=Rattus norvegicus OX=10116 GN=Prxl2a PE=1 SV=1,False,False
P68182,-0.12578981046256,27.6550351882675,-1.3951636453426,0.174270883720993,0.807198042668015,-4.58525486495417,cAMP-dependent protein kinase catalytic subunit beta OS=Rattus norvegicus OX=10116 GN=Prkacb PE=1 SV=2,False,False
Q6AYK6,0.0093136335079009,28.1168407236344,0.0847805107662319,0.933057720046151,0.988923602371226,-5.32645963806636,Calcyclin-binding protein OS=Rattus norvegicus OX=10116 GN=Cacybp PE=1 SV=1,False,False
P51635,-0.236687456828381,26.0103369596101,-0.907343130019563,0.3722055139751,0.862163467515463,-5.00682090311418,Aldo-keto reductase family 1 member A1 OS=Rattus norvegicus OX=10116 GN=Akr1a1 PE=1 SV=2,False,False
Q8VI04,0.165817998514616,27.5166183782543,1.24547725798875,0.22359411693873,0.807198042668015,-4.73127320031601,Isoaspartyl peptidase/L-asparaginase OS=Rattus norvegicus OX=10116 GN=Asrgl1 PE=1 SV=1,False,False
P35434,0.0175552856341596,24.7680163699524,0.09833367980338,0.922389449634618,0.988175537761941,-5.3254697267714,"ATP synthase subunit delta, mitochondrial OS=Rattus norvegicus OX=10116 GN=Atp5f1d PE=1 SV=2",False,False
P97874,-0.209381777722449,29.6629984918872,-1.18901336670321,0.244725959019858,0.807198042668015,-4.78263904663917,Cyclin-G-associated kinase OS=Rattus norvegicus OX=10116 GN=Gak PE=1 SV=1,False,False
Q4KMA2,-0.239457348618242,27.1480119338035,-1.13319743515014,0.267035433601713,0.807198042668015,-4.83135492913795,UV excision repair protein RAD23 homolog B OS=Rattus norvegicus OX=10116 GN=Rad23b PE=1 SV=1,False,False
D3ZAA9,0.0268495118096084,27.8203338730823,0.304502194801455,0.763066240271102,0.973053629331856,-5.29240660728452,MAGUK p55 subfamily member 2 OS=Rattus norvegicus OX=10116 GN=Mpp2 PE=1 SV=2,False,False
P21670,0.001886145943434,26.8548390994962,0.0133987442016834,0.989407604115648,0.998202127515506,-5.32925561622319,Proteasome subunit alpha type-4 OS=Rattus norvegicus OX=10116 GN=Psma4 PE=1 SV=1,False,False
P14669,0.330026952704063,25.1151849785053,1.47920036817743,0.150592261508392,0.807198042668015,-4.49722903054245,Annexin A3 OS=Rattus norvegicus OX=10116 GN=Anxa3 PE=1 SV=4,False,False
Q05683,-0.189481799235747,28.0298048563993,-0.705553863476117,0.486473268042994,0.873975194057124,-5.13290185829935,Glutamate decarboxylase 2 OS=Rattus norvegicus OX=10116 GN=Gad2 PE=1 SV=1,False,False
P11762,0.0041823229420678,24.4541223487977,0.0094212256506863,0.992551920126212,0.998202127515506,-5.32929183417179,Galectin-1 OS=Rattus norvegicus OX=10116 GN=Lgals1 PE=1 SV=2,False,False
P09495,-0.152770036327272,27.5730765888832,-0.570327534336012,0.573143768197555,0.907477632979461,-5.20048352091631,Tropomyosin alpha-4 chain OS=Rattus norvegicus OX=10116 GN=Tpm4 PE=1 SV=3,False,False
P62494,-0.0522626076355834,23.8527058787107,-0.169582655346683,0.866595110565461,0.988175537761941,-5.31785947209371,Ras-related protein Rab-11A OS=Rattus norvegicus OX=10116 GN=Rab11a PE=1 SV=3,False,False
Q5I0P2,-0.189509300523458,22.3003869680632,-0.838669185566876,0.408975542310011,0.867339482038663,-5.05305910627591,"Glycine cleavage system H protein, mitochondrial OS=Rattus norvegicus OX=10116 GN=Gcsh PE=2 SV=1",False,False
P04692,0.0006567099200118,26.6684207974506,0.0047842517692077,0.996217700728654,0.998202127515506,-5.32931811799831,Tropomyosin alpha-1 chain OS=Rattus norvegicus OX=10116 GN=Tpm1 PE=1 SV=3,False,False
P38652,-0.189605708480752,27.1309360799145,-0.707304378052596,0.485402307063276,0.873975194057124,-5.13193686839288,Phosphoglucomutase-1 OS=Rattus norvegicus OX=10116 GN=Pgm1 PE=1 SV=2,False,False
P41562,0.155905336884214,26.4781679425724,1.14928854813303,0.260457157914077,0.807198042668015,-4.81752304799175,Isocitrate dehydrogenase [NADP] cytoplasmic OS=Rattus norvegicus OX=10116 GN=Idh1 PE=1 SV=1,False,False
P08081,0.21730885250512,27.5656670099558,1.62568380073504,0.115565587324484,0.807198042668015,-4.33390878992139,Clathrin light chain A OS=Rattus norvegicus OX=10116 GN=Clta PE=1 SV=1,False,False
P22062,-0.0079881679554603,27.3017127734782,-0.0732180276444258,0.942169165472545,0.988923602371226,-5.3271883904253,Protein-L-isoaspartate(D-aspartate) O-methyltransferase OS=Rattus norvegicus OX=10116 GN=Pcmt1 PE=1 SV=2,False,False
P31977,-0.142070056878389,29.9399084040134,-1.32341252317624,0.196730744966782,0.807198042668015,-4.65700372813926,Ezrin OS=Rattus norvegicus OX=10116 GN=Ezr PE=1 SV=3,False,False
P0C0S7,0.412909894079515,22.7136592746477,1.36239794478103,0.184263799171893,0.807198042668015,-4.61841490248147,Histone H2A.Z OS=Rattus norvegicus OX=10116 GN=H2az1 PE=1 SV=2,False,False
Q9QZA2,-0.0545622734906068,28.5798704366285,-0.348158746820016,0.730404994724085,0.967620262258566,-5.28109210119879,Programmed cell death 6-interacting protein OS=Rattus norvegicus OX=10116 GN=Pdcd6ip PE=1 SV=2,False,False
P24329,0.0362422122284194,24.9927402238104,0.242083565765995,0.810533962247275,0.986301439453707,-5.30597364914038,Thiosulfate sulfurtransferase OS=Rattus norvegicus OX=10116 GN=Tst PE=1 SV=3,False,False
P62083,-0.327620749587346,26.2238088359088,-1.81826488817281,0.0800689712765079,0.807198042668015,-4.10123698592372,Small ribosomal subunit protein eS7 OS=Rattus norvegicus OX=10116 GN=Rps7 PE=1 SV=1,False,False
P43244,-0.0170110972195978,28.6711526376106,-0.165791680892986,0.869548812635281,0.988175537761941,-5.31836614410563,Matrin-3 OS=Rattus norvegicus OX=10116 GN=Matr3 PE=1 SV=2,False,False
P97710,-0.145035495229592,27.955508640314,-1.70712627742132,0.0992074100024186,0.807198042668015,-4.23791292452863,Tyrosine-protein phosphatase non-receptor type substrate 1 OS=Rattus norvegicus OX=10116 GN=Sirpa PE=1 SV=1,False,False
Q9JI12,0.244577674682553,26.62334228263,2.05006139425808,0.050124939781586,0.807198042668015,-3.79656598048514,Vesicular glutamate transporter 2 OS=Rattus norvegicus OX=10116 GN=Slc17a6 PE=1 SV=1,False,False
P11167,0.0778166172306172,26.5588892936614,0.445906489485702,0.659199176588851,0.945380932019117,-5.25034370531355,"Solute carrier family 2, facilitated glucose transporter member 1 OS=Rattus norvegicus OX=10116 GN=Slc2a1 PE=1 SV=1",False,False
Q5BJU7,0.0771843466799105,25.7726315860015,0.529403357550137,0.600826358878816,0.918898902489848,-5.21819838755909,Actin-binding protein WASF1 OS=Rattus norvegicus OX=10116 GN=Wasf1 PE=1 SV=1,False,False
Q68FP1,-0.0288244664030977,28.086978481427,-0.204499706312685,0.83948771527828,0.988175537761941,-5.31265579678537,Gelsolin OS=Rattus norvegicus OX=10116 GN=Gsn PE=1 SV=1,False,False
Q641Z6,-0.0959175879970964,28.1053700286604,-0.659484911553085,0.515137702542411,0.885477222241516,-5.15747412731594,EH domain-containing protein 1 OS=Rattus norvegicus OX=10116 GN=Ehd1 PE=1 SV=1,False,False
Q5BKC9,0.0175171876518689,30.4431015064264,0.120038354900544,0.905336296532817,0.988175537761941,-5.32357950514661,Ephexin-1 OS=Rattus norvegicus OX=10116 GN=Ngef PE=1 SV=2,False,False
P62628,-0.0795058241405933,26.4747148109408,-0.401895515010875,0.690905992185121,0.960527842793949,-5.26511166000213,Dynein light chain roadblock-type 1 OS=Rattus norvegicus OX=10116 GN=Dynlrb1 PE=1 SV=3,False,False
P62909,-0.0167179470516423,29.1347138743129,-0.140147559143067,0.889577542773575,0.988175537761941,-5.32149336708377,Small ribosomal subunit protein uS3 OS=Rattus norvegicus OX=10116 GN=Rps3 PE=1 SV=1,False,False
P21708,-0.150432931566286,28.0120299062443,-0.794624625369446,0.4337206768442,0.871186127339316,-5.0809179546373,Mitogen-activated protein kinase 3 OS=Rattus norvegicus OX=10116 GN=Mapk3 PE=1 SV=5,False,False
Q5RJL0,-0.11511326650237,25.9990314439927,-0.373341640727096,0.711792314728716,0.967620262258566,-5.27388462092955,Ermin OS=Rattus norvegicus OX=10116 GN=Ermn PE=1 SV=1,False,False
Q711G3,-0.0020764633301055,27.3563501281085,-0.0169053495346104,0.986635697786537,0.998202127515506,-5.32921321456709,Isoamyl acetate-hydrolyzing esterase 1 homolog OS=Rattus norvegicus OX=10116 GN=Iah1 PE=2 SV=2,False,False
P24368,-0.133678503275682,27.5199408931316,-0.633083276492138,0.531973942919244,0.886350431048525,-5.17083753338992,Peptidyl-prolyl cis-trans isomerase B OS=Rattus norvegicus OX=10116 GN=Ppib PE=1 SV=3,False,False
Q7TP54,-0.369121322705762,28.2299342995834,-2.58335635918906,0.0154833822495466,0.807198042668015,-3.01077414472298,Rho family-interacting cell polarization regulator 2 OS=Rattus norvegicus OX=10116 GN=Ripor2 PE=1 SV=1,False,False
Q9JJK1,0.11408598127008,28.1772691996411,0.741477921080581,0.464767066921478,0.871186127339316,-5.1126417014713,Neuronal membrane glycoprotein M6-b OS=Rattus norvegicus OX=10116 GN=Gpm6b PE=1 SV=1,False,False
M0RC99,-0.347592510759313,29.4521888587171,-1.65575414393695,0.109281794408693,0.807198042668015,-4.29888558818911,Ras-related protein Rab-5A OS=Rattus norvegicus OX=10116 GN=Rab5a PE=2 SV=1,False,False
Q80ZA5,-0.0447663296651228,28.6933435900791,-0.183742682506831,0.85558018772299,0.988175537761941,-5.31586593902458,Sodium-driven chloride bicarbonate exchanger OS=Rattus norvegicus OX=10116 GN=Slc4a10 PE=1 SV=1,False,False
Q80Z30,0.018173907494635,27.7860137747566,0.099490110129863,0.921479828099422,0.988175537761941,-5.32537848267813,Protein phosphatase 1E OS=Rattus norvegicus OX=10116 GN=Ppm1e PE=1 SV=1,False,False
P48004,-0.166530040504153,26.1997146938406,-1.22364860676755,0.231594459657795,0.807198042668015,-4.75137707689697,Proteasome subunit alpha type-7 OS=Rattus norvegicus OX=10116 GN=Psma7 PE=1 SV=1,False,False
O88339,0.188151375380112,28.8119627114853,0.972573556221292,0.339347683499645,0.840992085194772,-4.95978546869396,Epsin-1 OS=Rattus norvegicus OX=10116 GN=Epn1 PE=1 SV=1,False,False
P30009,-0.259220648406739,26.2913877940529,-1.21382724638974,0.235263320024277,0.807198042668015,-4.76032150625757,Myristoylated alanine-rich C-kinase substrate OS=Rattus norvegicus OX=10116 GN=Marcks PE=1 SV=2,False,False
P19490,-0.171282056295453,28.625175835811,-1.53213958459189,0.137053963855659,0.807198042668015,-4.43962656641168,Glutamate receptor 1 OS=Rattus norvegicus OX=10116 GN=Gria1 PE=1 SV=2,False,False
P84817,0.299488828892589,23.7786573696249,1.13031422916372,0.268226770460258,0.807198042668015,-4.83381503760834,Mitochondrial fission 1 protein OS=Rattus norvegicus OX=10116 GN=Fis1 PE=1 SV=1,False,False
Q63413,-0.0053705208316614,26.3738630250813,-0.0332285468835784,0.973735322344667,0.998202127515506,-5.32888668521519,Spliceosome RNA helicase Ddx39b OS=Rattus norvegicus OX=10116 GN=Ddx39b PE=2 SV=3,False,False
O35987,-0.308691802567317,24.738208509044,-1.71264996063362,0.098172276074158,0.807198042668015,-4.23127257248624,NSFL1 cofactor p47 OS=Rattus norvegicus OX=10116 GN=Nsfl1c PE=1 SV=1,False,False
B2RZ27,0.54392355904595,26.8757713314836,2.04254236239354,0.0509143998024288,0.807198042668015,-3.80684000641056,SH3 domain-binding glutamic acid-rich-like protein 3 OS=Rattus norvegicus OX=10116 GN=Sh3bgrl3 PE=1 SV=1,False,False
P05370,-0.177247748093631,27.1947524157971,-1.53633703712936,0.136024315576148,0.807198042668015,-4.4349896378788,Glucose-6-phosphate 1-dehydrogenase OS=Rattus norvegicus OX=10116 GN=G6pdx PE=1 SV=3,False,False
O55012,0.237379940894265,28.8220136952199,1.12155790541864,0.271868492249574,0.807198042668015,-4.84125224037377,Phosphatidylinositol-binding clathrin assembly protein OS=Rattus norvegicus OX=10116 GN=Picalm PE=1 SV=1,False,False
Q99ML5,-0.0684463593914977,27.8627252808761,-0.180891631436624,0.857795675652448,0.988175537761941,-5.3162801371803,Prenylcysteine oxidase 1 OS=Rattus norvegicus OX=10116 GN=Pcyox1 PE=1 SV=1,False,False
Q9Z0V5,-0.177637225324283,23.7552238477648,-0.729904368745611,0.471697354942093,0.871186127339316,-5.11927352961938,Peroxiredoxin-4 OS=Rattus norvegicus OX=10116 GN=Prdx4 PE=2 SV=1,False,False
Q62876,0.244582964799335,24.8994391878073,1.29102758887705,0.207574773257715,0.807198042668015,-4.68833449875331,Synaptogyrin-1 OS=Rattus norvegicus OX=10116 GN=Syngr1 PE=1 SV=1,False,False
Q62658,0.0903203085751656,27.4377651621754,0.532467284792738,0.598731845272112,0.918898902489848,-5.21691656363683,Peptidyl-prolyl cis-trans isomerase FKBP1A OS=Rattus norvegicus OX=10116 GN=Fkbp1a PE=1 SV=3,False,False
P17220,0.0573943850443364,26.5747607495355,0.216147374705451,0.830487997650093,0.988175537761941,-5.31070466849865,Proteasome subunit alpha type-2 OS=Rattus norvegicus OX=10116 GN=Psma2 PE=1 SV=3,False,False
Q64559,-0.22118325973641,27.4334474001535,-1.43663315942203,0.162241932172027,0.807198042668015,-4.54234712984936,Cytosolic acyl coenzyme A thioester hydrolase OS=Rattus norvegicus OX=10116 GN=Acot7 PE=1 SV=4,False,False
Q6Q0N1,0.0500906606920886,27.5430775694073,0.590389798935216,0.559809975804137,0.898584249380511,-5.19133158810064,Cytosolic non-specific dipeptidase OS=Rattus norvegicus OX=10116 GN=Cndp2 PE=1 SV=1,False,False
P58775,-0.0734563568115654,26.7484293392228,-0.322044652449894,0.749884485692425,0.972705353727001,-5.28804030219615,Tropomyosin beta chain OS=Rattus norvegicus OX=10116 GN=Tpm2 PE=1 SV=1,False,False
P28023,-0.0860784998657032,28.9970760110983,-0.602413552982091,0.55189553954671,0.896106250868197,-5.18569976255482,Dynactin subunit 1 OS=Rattus norvegicus OX=10116 GN=Dctn1 PE=1 SV=2,False,False
P17077,-0.0689774838638471,26.7695872710575,-0.352205431661737,0.727402403331073,0.967620262258566,-5.27996745794333,Large ribosomal subunit protein uL6 OS=Rattus norvegicus OX=10116 GN=Rpl9 PE=1 SV=1,False,False
B0K020,0.0883896678763101,24.8702839558055,0.25710614012118,0.799034586472694,0.979620252841438,-5.30298975244606,CDGSH iron-sulfur domain-containing protein 1 OS=Rattus norvegicus OX=10116 GN=Cisd1 PE=3 SV=1,False,False
Q6AYP5,0.509808907573881,26.5658279711991,1.64192664922647,0.112135019807758,0.807198042668015,-4.3150523693585,Cell adhesion molecule 1 OS=Rattus norvegicus OX=10116 GN=Cadm1 PE=1 SV=1,False,False
P38406,0.0797249663808977,26.9080587069262,0.627308746199753,0.535695226963953,0.889812777303621,-5.17369024067134,Guanine nucleotide-binding protein G(olf) subunit alpha OS=Rattus norvegicus OX=10116 GN=Gnal PE=2 SV=2,False,False
O35567,-0.131449272949819,27.1224914465258,-0.958232581007559,0.346398006529889,0.843825841059925,-4.97038398189201,Bifunctional purine biosynthesis protein ATIC OS=Rattus norvegicus OX=10116 GN=Atic PE=1 SV=2,False,False
Q9JLJ3,-0.196265712937951,28.548163534459,-1.34243666493119,0.190567834559754,0.807198042668015,-4.63829143446831,4-trimethylaminobutyraldehyde dehydrogenase OS=Rattus norvegicus OX=10116 GN=Aldh9a1 PE=1 SV=1,False,False
Q9JID2,-0.14988360868497,25.904244471645,-1.19692761616965,0.241677720440965,0.807198042668015,-4.77556481238419,Guanine nucleotide-binding protein subunit alpha-11 OS=Rattus norvegicus OX=10116 GN=Gna11 PE=2 SV=1,False,False
D3ZAF6,0.221156624938711,28.3091179724935,1.72936743652581,0.0950947870182853,0.807198042668015,-4.21107682374908,"ATP synthase subunit f, mitochondrial OS=Rattus norvegicus OX=10116 GN=Atp5mf PE=1 SV=1",False,False
P13383,-0.341605189487982,31.6627381052905,-1.96040358331453,0.0602798868548101,0.807198042668015,-3.91741321670953,Nucleolin OS=Rattus norvegicus OX=10116 GN=Ncl PE=1 SV=3,False,False
Q8K3E7,0.0499754000563328,22.6891127848457,0.126678700414839,0.900127848381365,0.988175537761941,-5.32292623989117,Protein dpy-30 homolog OS=Rattus norvegicus OX=10116 GN=Dpy30 PE=1 SV=1,False,False
P26453,-0.428288053758706,28.9509668113486,-2.32020431103113,0.0280808718223376,0.807198042668015,-3.41172031877522,Basigin OS=Rattus norvegicus OX=10116 GN=Bsg PE=1 SV=2,False,False
Q9JLZ1,-0.162334055561043,27.018575355221,-1.09078482585941,0.284949992850562,0.807198042668015,-4.86697981249753,Glutaredoxin-3 OS=Rattus norvegicus OX=10116 GN=Glrx3 PE=1 SV=2,False,False
Q9EQT5,-0.163313736012718,27.1104681125231,-0.526505193306869,0.602810767783763,0.918898902489848,-5.21940422612202,Tubulointerstitial nephritis antigen-like OS=Rattus norvegicus OX=10116 GN=Tinagl1 PE=2 SV=1,False,False
Q6AYR6,-0.0212034141114756,26.9703916864776,-0.176181472301712,0.861458419086596,0.988175537761941,-5.31695027648056,Haloacid dehalogenase-like hydrolase domain-containing protein 2 OS=Rattus norvegicus OX=10116 GN=Hdhd2 PE=2 SV=1,False,False
P48675,0.0189530525152648,27.0633255681311,0.139731190780234,0.889903389923436,0.988175537761941,-5.3215398252154,Desmin OS=Rattus norvegicus OX=10116 GN=Des PE=1 SV=2,False,False
P53042,0.0360229770021689,28.341865329852,0.227057488026653,0.822079381546633,0.988175537761941,-5.30877950723486,Serine/threonine-protein phosphatase 5 OS=Rattus norvegicus OX=10116 GN=Ppp5c PE=1 SV=1,False,False
P05714,0.0166240579351502,26.2220847412062,0.091261800348104,0.927954313854011,0.988175537761941,-5.32600451893196,Ras-related protein Rab-4A OS=Rattus norvegicus OX=10116 GN=Rab4a PE=1 SV=3,False,False
Q53B90,-0.209443195703518,27.0050987393779,-1.42134526277578,0.166597205890575,0.807198042668015,-4.5582864004782,Ras-related protein Rab-43 OS=Rattus norvegicus OX=10116 GN=Rab43 PE=2 SV=1,False,False
P51156,0.0478818407501862,24.0170464797523,0.165439747373106,0.869823116549864,0.988175537761941,-5.31841260119974,Ras-related protein Rab-26 OS=Rattus norvegicus OX=10116 GN=Rab26 PE=2 SV=2,False,False
P41498,0.0598270467178033,25.3569414385201,0.302012264645657,0.764943223718526,0.973053629331856,-5.29300670365979,Low molecular weight phosphotyrosine protein phosphatase OS=Rattus norvegicus OX=10116 GN=Acp1 PE=1 SV=3,False,False
P97829,0.319314649501766,26.1171535881828,2.29410100486849,0.0297416072421485,0.807198042668015,-3.45017110754044,Leukocyte surface antigen CD47 OS=Rattus norvegicus OX=10116 GN=Cd47 PE=1 SV=1,False,False
Q9WU34,-0.134416691836179,29.2360886581729,-1.03283916206554,0.31078856157477,0.820717785657196,-4.91367667597253,Neuronal-specific septin-3 OS=Rattus norvegicus OX=10116 GN=Septin3 PE=1 SV=2,False,False
P54290,-0.13192368221447,27.5686494811304,-1.16650405211289,0.253551169277103,0.807198042668015,-4.8025336891414,Voltage-dependent calcium channel subunit alpha-2/delta-1 OS=Rattus norvegicus OX=10116 GN=Cacna2d1 PE=1 SV=1,False,False
Q5PPN4,-0.0818792983844538,22.497753910402,-0.173061386513765,0.863886418712417,0.988175537761941,-5.31738448033325,Carbonic anhydrase-related protein OS=Rattus norvegicus OX=10116 GN=Ca8 PE=1 SV=3,False,False
O35458,-0.0205256123994282,27.2490737270886,-0.0994394370132635,0.921519684146023,0.988175537761941,-5.32538250319167,Vesicular inhibitory amino acid transporter OS=Rattus norvegicus OX=10116 GN=Slc32a1 PE=1 SV=1,False,False
Q6IE52,-0.0365326245254245,29.3781036360678,-0.244994766319514,0.808302052414509,0.985800813924452,-5.30540935644173,Murinoglobulin-2 OS=Rattus norvegicus OX=10116 GN=Mug2 PE=1 SV=1,False,False
P62994,-0.176088955949297,25.6629039610201,-0.895123552618603,0.378585432143003,0.862163467515463,-5.01529600188338,Growth factor receptor-bound protein 2 OS=Rattus norvegicus OX=10116 GN=Grb2 PE=1 SV=1,False,False
P70580,-0.366006989820395,26.2476837383571,-1.4520549555842,0.157940913866522,0.807198042668015,-4.52612596388589,Membrane-associated progesterone receptor component 1 OS=Rattus norvegicus OX=10116 GN=Pgrmc1 PE=1 SV=3,False,False
Q5XI72,-0.0958688013436735,28.575636225275,-0.459516109725447,0.649520458583389,0.945380932019117,-5.24547204581777,Eukaryotic translation initiation factor 4H OS=Rattus norvegicus OX=10116 GN=Eif4h PE=1 SV=1,False,False
P35286,0.329771617160546,26.2651976646095,0.636945453083019,0.529492776525703,0.886350431048525,-5.16891549424286,Ras-related protein Rab-13 OS=Rattus norvegicus OX=10116 GN=Rab13 PE=1 SV=2,False,False
P63245,-0.181343287846126,30.143096503089,-0.939648778899662,0.355679725973657,0.847961286486179,-4.98390262777279,Small ribosomal subunit protein RACK1 OS=Rattus norvegicus OX=10116 GN=Rack1 PE=1 SV=3,False,False
Q641Y8,-0.130686774284438,28.1219946399658,-1.22432126214181,0.23134476124586,0.807198042668015,-4.75076218481793,ATP-dependent RNA helicase DDX1 OS=Rattus norvegicus OX=10116 GN=Ddx1 PE=1 SV=1,False,False
P85973,-0.0076804692007463,28.9477090618547,-0.0817342267817726,0.935457400186463,0.988923602371226,-5.32666197999247,Purine nucleoside phosphorylase OS=Rattus norvegicus OX=10116 GN=Pnp PE=1 SV=1,False,False
P43425,-0.0762902861287564,27.4345857388811,-0.460910760670603,0.648532110862405,0.945380932019117,-5.24496470309234,Guanine nucleotide-binding protein G(I)/G(S)/G(O) subunit gamma-7 OS=Rattus norvegicus OX=10116 GN=Gng7 PE=2 SV=2,False,False
Q63100,-0.0058632081316183,28.0020460362163,-0.0520082893620883,0.958902708450271,0.990679523436007,-5.32824801200862,Cytoplasmic dynein 1 intermediate chain 1 OS=Rattus norvegicus OX=10116 GN=Dync1i1 PE=1 SV=1,False,False
P60901,-0.270440802765869,27.8388732579406,-1.21695371373021,0.234090713857138,0.807198042668015,-4.75748101179128,Proteasome subunit alpha type-6 OS=Rattus norvegicus OX=10116 GN=Psma6 PE=1 SV=1,False,False
B2GV54,-0.169191819461808,25.6133178236208,-0.918239466673594,0.366576168448931,0.857762206802885,-4.9991737212013,Neutral cholesterol ester hydrolase 1 OS=Rattus norvegicus OX=10116 GN=Nceh1 PE=1 SV=1,False,False
P14841,0.197640577952111,26.7711089885001,1.02521653987107,0.314305586232769,0.820717785657196,-4.9196479798374,Cystatin-C OS=Rattus norvegicus OX=10116 GN=Cst3 PE=1 SV=2,False,False
A1L108,0.237951551402247,24.0480108060485,1.2935518640489,0.206713390264305,0.807198042668015,-4.68591622457023,Actin-related protein 2/3 complex subunit 5-like protein OS=Rattus norvegicus OX=10116 GN=Arpc5l PE=1 SV=2,False,False
P29147,-0.404632699093753,27.9483397511365,-1.35125366375294,0.187762921550065,0.807198042668015,-4.62954237752457,"D-beta-hydroxybutyrate dehydrogenase, mitochondrial OS=Rattus norvegicus OX=10116 GN=Bdh1 PE=1 SV=2",False,False
P52759,0.330461459665184,24.5534539803813,0.669494974929107,0.508831497537504,0.885477222241516,-5.15227024137405,2-iminobutanoate/2-iminopropanoate deaminase OS=Rattus norvegicus OX=10116 GN=Rida PE=1 SV=3,False,False
P17105,-0.105130485506315,27.4590986587306,-1.33823624232611,0.191915502825232,0.807198042668015,-4.64244246111952,Inositol-trisphosphate 3-kinase A OS=Rattus norvegicus OX=10116 GN=Itpka PE=1 SV=3,False,False
P62243,0.0291835191586713,26.3524897410115,0.221397633142674,0.826438905667527,0.988175537761941,-5.30979000430697,Small ribosomal subunit protein eS8 OS=Rattus norvegicus OX=10116 GN=Rps8 PE=1 SV=2,False,False
P62250,-0.271789742616249,24.9677237064153,-1.34105258871262,0.191011088149455,0.807198042668015,-4.63966044978038,Small ribosomal subunit protein uS9 OS=Rattus norvegicus OX=10116 GN=Rps16 PE=1 SV=2,False,False
O35964,-0.199243751270423,25.180560164083,-1.15392551090546,0.258583652999793,0.807198042668015,-4.81350507469911,Endophilin-A2 OS=Rattus norvegicus OX=10116 GN=Sh3gl1 PE=1 SV=1,False,False
Q76EQ0,0.0563396220041206,26.1910830790563,0.128750816827684,0.898503472808946,0.988175537761941,-5.32271520044723,Serine racemase OS=Rattus norvegicus OX=10116 GN=Srr PE=1 SV=1,False,False
Q63041,0.0057197771754928,28.2061203567639,0.0523701429244936,0.958617039368362,0.990679523436007,-5.32823294284147,Alpha-1-macroglobulin OS=Rattus norvegicus OX=10116 GN=A1m PE=1 SV=1,False,False
Q9JJW3,-0.23700672385926,26.0747402220007,-1.0641204136484,0.296643417342447,0.807198042668015,-4.88875319104276,"ATP synthase membrane subunit K, mitochondrial OS=Rattus norvegicus OX=10116 GN=Atp5mk PE=1 SV=1",False,False
Q07647,0.103168445898195,27.0668690340246,0.456384657051954,0.651741998849307,0.945380932019117,-5.24660570227486,"Solute carrier family 2, facilitated glucose transporter member 3 OS=Rattus norvegicus OX=10116 GN=Slc2a3 PE=1 SV=1",False,False
Q9Z339,0.046524126330997,26.2954373719064,0.265687462773125,0.792486230376945,0.978633070658885,-5.30120515342839,Glutathione S-transferase omega-1 OS=Rattus norvegicus OX=10116 GN=Gsto1 PE=1 SV=2,False,False
Q4V8B7,-0.0519327690811195,25.3928879528805,-0.406377110633408,0.687649766644728,0.960194302458393,-5.26367688113958,Inactive hydroxysteroid dehydrogenase-like protein 1 OS=Rattus norvegicus OX=10116 GN=Hsdl1 PE=2 SV=1,False,False
Q9Z0J8,-0.0600168631889773,26.5353606747786,-0.309995846073076,0.758930177073292,0.972705353727001,-5.29106530596231,Neuronal growth regulator 1 OS=Rattus norvegicus OX=10116 GN=Negr1 PE=1 SV=1,False,False
P47709,-0.150235707249305,29.3721841418015,-1.50998283185086,0.142594699304358,0.807198042668015,-4.4639340962563,Rabphilin-3A OS=Rattus norvegicus OX=10116 GN=Rph3a PE=1 SV=1,False,False
Q68FW9,0.0116750986262844,26.4813499237069,0.0765647241988112,0.939531030077386,0.988923602371226,-5.3269884194477,COP9 signalosome complex subunit 3 OS=Rattus norvegicus OX=10116 GN=Cops3 PE=1 SV=1,False,False
P13832,-1.25442650122771,23.0601790397648,-1.58632754352403,0.124240072512343,0.807198042668015,-4.37898943722534,Myosin regulatory light chain RLC-A OS=Rattus norvegicus OX=10116 GN=Rlc-a PE=2 SV=2,False,False
P18666,-0.597596038535556,25.5037629357907,-2.12039589290635,0.0432495936357079,0.807198042668015,-3.69926434554711,Myosin regulatory light chain 12B OS=Rattus norvegicus OX=10116 GN=Myl12b PE=1 SV=3,False,False
Q5U216,-0.234364621669922,26.098715166409,-0.739764223693412,0.465789449277598,0.871186127339316,-5.11362993846944,ATP-dependent RNA helicase DDX39A OS=Rattus norvegicus OX=10116 GN=Ddx39a PE=2 SV=1,False,False
O88656,-0.281336632551398,26.7377060915455,-1.84251369381074,0.0763418313926342,0.807198042668015,-4.07057635398787,Actin-related protein 2/3 complex subunit 1B OS=Rattus norvegicus OX=10116 GN=Arpc1b PE=1 SV=3,False,False
Q5M9I5,-0.181892784635266,25.8847822120408,-1.43517733501323,0.16265272671387,0.807198042668015,-4.54387104656043,"Cytochrome b-c1 complex subunit 6, mitochondrial OS=Rattus norvegicus OX=10116 GN=Uqcrh PE=3 SV=1",False,False
P24050,-0.122342487945986,27.1420553405639,-0.729062292810345,0.472203931366015,0.871186127339316,-5.11975217543437,Small ribosomal subunit protein uS7 OS=Rattus norvegicus OX=10116 GN=Rps5 PE=1 SV=3,False,False
Q91XV6,0.334713922316404,22.1756502793211,0.948178165781174,0.351399311466321,0.843825841059925,-4.97772825467173,FXYD domain-containing ion transport regulator 6 OS=Rattus norvegicus OX=10116 GN=Fxyd6 PE=1 SV=1,False,False
Q91XU8,0.0836764885782664,24.9497280062459,0.441271062942718,0.662509658764058,0.945380932019117,-5.25197015436591,Phosphatidate cytidylyltransferase 2 OS=Rattus norvegicus OX=10116 GN=Cds2 PE=1 SV=1,False,False
P35427,-0.0726125673381439,28.4137793938187,-0.887211345680541,0.382754146139019,0.863589042226163,-5.02072669006568,Large ribosomal subunit protein uL13 OS=Rattus norvegicus OX=10116 GN=Rpl13a PE=1 SV=2,False,False
P62839,0.104062262139383,25.583078424568,0.541235676972111,0.592757141828186,0.917794469566883,-5.21320839959649,Ubiquitin-conjugating enzyme E2 D2 OS=Rattus norvegicus OX=10116 GN=Ube2d2 PE=1 SV=1,False,False
Q5FVH2,-0.38070448363149,26.4964969338014,-1.18591817192004,0.245925819266128,0.807198042668015,-4.78539451944397,5'-3' exonuclease PLD3 OS=Rattus norvegicus OX=10116 GN=Pld3 PE=1 SV=1,False,False
Q4KM73,-0.0271331831187993,25.6791249979032,-0.26155879671684,0.795634894224901,0.9791733982336,-5.30207103151821,UMP-CMP kinase OS=Rattus norvegicus OX=10116 GN=Cmpk1 PE=1 SV=2,False,False
Q63803,-0.0218880806761383,29.7361867215212,-0.230161561975577,0.819690908564473,0.988175537761941,-5.30821453346003,Guanine nucleotide-binding protein G(s) subunit alpha isoforms XLas OS=Rattus norvegicus OX=10116 GN=Gnas PE=1 SV=3,False,False
P17074,-0.300864940447017,27.7363471564281,-1.45280151286978,0.157735040410704,0.807198042668015,-4.52533709843215,Small ribosomal subunit protein eS19 OS=Rattus norvegicus OX=10116 GN=Rps19 PE=1 SV=3,False,False
Q9JKE3,-0.0356882131977514,24.1340527913656,-0.136485109930179,0.892444420550641,0.988175537761941,-5.32189728952609,Secretory carrier-associated membrane protein 5 OS=Rattus norvegicus OX=10116 GN=Scamp5 PE=2 SV=1,False,False
P30839,-0.234054217483628,26.4142840253684,-1.46141779486149,0.155374487668747,0.807198042668015,-4.51620846781889,Aldehyde dehydrogenase family 3 member A2 OS=Rattus norvegicus OX=10116 GN=Aldh3a2 PE=1 SV=1,False,False
Q64057,0.093041091003915,28.1930842212147,0.659274437729388,0.515270756955623,0.885477222241516,-5.15758273684432,Alpha-aminoadipic semialdehyde dehydrogenase OS=Rattus norvegicus OX=10116 GN=Aldh7a1 PE=1 SV=2,False,False
O35764,0.0015990395269369,28.8705226434427,0.0127076280435008,0.989953935636038,0.998202127515506,-5.32926281557548,Neuronal pentraxin receptor OS=Rattus norvegicus OX=10116 GN=Nptxr PE=1 SV=1,False,False
P48679,-0.166844851950454,29.7967723423183,-1.89139548727208,0.0692807623813059,0.807198042668015,-4.00788356421105,Prelamin-A/C OS=Rattus norvegicus OX=10116 GN=Lmna PE=1 SV=1,False,False
P17659,-0.161026297493649,29.7872521688228,-0.836077633580071,0.410406538781151,0.867339482038663,-5.05473738642995,Potassium voltage-gated channel subfamily A member 6 OS=Rattus norvegicus OX=10116 GN=Kcna6 PE=1 SV=1,False,False
P29314,0.18796684844208,30.321071947759,1.00537692106205,0.323588637558285,0.820717785657196,-4.93500111631142,Small ribosomal subunit protein uS4 OS=Rattus norvegicus OX=10116 GN=Rps9 PE=1 SV=4,False,False
P04904,0.280052480945653,24.697676760492,1.94693841903802,0.0619513347150606,0.807198042668015,-3.93524336291847,Glutathione S-transferase alpha-3 OS=Rattus norvegicus OX=10116 GN=Gsta3 PE=1 SV=3,False,False
Q66HA6,-0.080426678268033,27.509309549298,-0.511799679199942,0.612927492835502,0.928392272364823,-5.22542321755396,ADP-ribosylation factor-like protein 8B OS=Rattus norvegicus OX=10116 GN=Arl8b PE=2 SV=1,False,False
P62483,0.0794090035826542,26.3795860469492,0.825721717019765,0.41615613710651,0.867339482038663,-5.06139517409358,Voltage-gated potassium channel subunit beta-2 OS=Rattus norvegicus OX=10116 GN=Kcnab2 PE=1 SV=1,False,False
G3V7P1,-0.261158394524823,24.9231313228142,-1.44739146842072,0.159231802340815,0.807198042668015,-4.5310461983667,Syntaxin-12 OS=Rattus norvegicus OX=10116 GN=Stx12 PE=1 SV=1,False,False
P47875,0.384856548761746,25.8603812964281,1.18056318981159,0.248011967029981,0.807198042668015,-4.79014685182067,Cysteine and glycine-rich protein 1 OS=Rattus norvegicus OX=10116 GN=Csrp1 PE=1 SV=2,False,False
D3ZFB6,0.0017830260029612,24.6452583644433,0.0120962161045789,0.990437264642975,0.998202127515506,-5.32926886688111,Proline-rich transmembrane protein 2 OS=Rattus norvegicus OX=10116 GN=Prrt2 PE=1 SV=1,False,False
Q6MG60,1.04636961497185,26.8925219064963,2.24822307335607,0.0328777164955434,0.807198042668015,-3.51712412430454,Putative hydrolase DDAH2 OS=Rattus norvegicus OX=10116 GN=Ddah2 PE=1 SV=1,False,False
P12928,-0.0569184454619034,27.0995126972863,-0.350711773823738,0.72851016788278,0.967620262258566,-5.28038406755862,Pyruvate kinase PKLR OS=Rattus norvegicus OX=10116 GN=Pklr PE=1 SV=2,False,False
Q62826,-0.104341982226163,29.6905043075628,-1.32012685721836,0.197810586138789,0.807198042668015,-4.66021257618117,Heterogeneous nuclear ribonucleoprotein M OS=Rattus norvegicus OX=10116 GN=Hnrnpm PE=1 SV=4,False,False
P29457,-0.100443403567009,28.5345079892017,-0.853516185837973,0.400837953868791,0.867339482038663,-5.04335046243443,Serpin H1 OS=Rattus norvegicus OX=10116 GN=Serpinh1 PE=1 SV=1,False,False
B0BNM9,0.0923715931387612,27.016996388606,0.593385285357788,0.557832819622424,0.897671535885713,-5.18993881035649,Glycolipid transfer protein OS=Rattus norvegicus OX=10116 GN=GLTP PE=2 SV=1,False,False
Q63768,0.245363829935631,27.0266701758163,1.49393231860483,0.146720780105049,0.807198042668015,-4.48136403783225,Adapter molecule crk OS=Rattus norvegicus OX=10116 GN=Crk PE=1 SV=1,False,False
Q5BJ92,-0.323650503770679,26.1462330647409,-1.59502016340905,0.122279307584685,0.807198042668015,-4.3691070940067,Serine/threonine-protein phosphatase 4 catalytic subunit OS=Rattus norvegicus OX=10116 GN=Ppp4c PE=2 SV=1,False,False
P36860,0.0616184228271415,27.5734279800621,0.308784101168534,0.759841855265968,0.972705353727001,-5.29136320317713,Ras-related protein Ral-B OS=Rattus norvegicus OX=10116 GN=Ralb PE=2 SV=1,False,False
P70569,0.0326482119572731,28.8478205443067,0.335431256402342,0.739876918112035,0.970824342573672,-5.28454547020875,Unconventional myosin-Vb OS=Rattus norvegicus OX=10116 GN=Myo5b PE=1 SV=1,False,False
Q9ESM2,-0.0622434095927282,26.2453439414556,-0.214758144045281,0.831560197541827,0.988175537761941,-5.31094303384572,Hyaluronan and proteoglycan link protein 2 OS=Rattus norvegicus OX=10116 GN=Hapln2 PE=2 SV=1,False,False
P49187,0.428953619190697,22.4980766515556,1.07660400451555,0.291127270319139,0.807198042668015,-4.87861973654189,Mitogen-activated protein kinase 10 OS=Rattus norvegicus OX=10116 GN=Mapk10 PE=1 SV=3,False,False
P30835,-0.129732584729453,27.9604952886183,-0.790159498734944,0.436279398893603,0.871186127339316,-5.08366314088548,"ATP-dependent 6-phosphofructokinase, liver type OS=Rattus norvegicus OX=10116 GN=Pfkl PE=1 SV=3",False,False
P49186,-0.0693698975966797,19.8169279382809,-0.0930353864219701,0.926558317356992,0.988175537761941,-5.32587414128179,Mitogen-activated protein kinase 9 OS=Rattus norvegicus OX=10116 GN=Mapk9 PE=1 SV=1,False,False
P11951,-0.41337890003896,27.4798728217748,-1.83139131199753,0.0780324402195169,0.807198042668015,-4.08467625687504,Cytochrome c oxidase subunit 6C-2 OS=Rattus norvegicus OX=10116 GN=Cox6c2 PE=1 SV=3,False,False
P29419,0.247854001973774,25.7392393858792,1.01166420651409,0.320626567657578,0.820717785657196,-4.93016516735415,"ATP synthase subunit e, mitochondrial OS=Rattus norvegicus OX=10116 GN=Atp5me PE=1 SV=3",False,False
Q5FVI4,-0.305656017239883,22.9087933283103,-0.726230535853456,0.47390978084169,0.871186127339316,-5.12135791741607,Cell cycle exit and neuronal differentiation protein 1 OS=Rattus norvegicus OX=10116 GN=Cend1 PE=1 SV=1,False,False
O70351,-0.0270931653660043,29.0147434367362,-0.158793762726507,0.875006195507744,0.988175537761941,-5.31927141581218,3-hydroxyacyl-CoA dehydrogenase type-2 OS=Rattus norvegicus OX=10116 GN=Hsd17b10 PE=1 SV=3,False,False
Q9QX69,0.135374704829864,26.3423284937763,0.647418993297146,0.522795693602042,0.885477222241516,-5.1636465927808,Glutathione S-transferase LANCL1 OS=Rattus norvegicus OX=10116 GN=Lancl1 PE=1 SV=2,False,False
P50503,-0.0866943591087477,28.5087265818287,-0.775423765000658,0.444788595431334,0.871186127339316,-5.09261898921766,Hsc70-interacting protein OS=Rattus norvegicus OX=10116 GN=St13 PE=1 SV=1,False,False
P61227,-0.0356018541907304,25.411871874956,-0.130581129576079,0.897069025425333,0.988175537761941,-5.3225259443607,Ras-related protein Rap-2b OS=Rattus norvegicus OX=10116 GN=Rap2b PE=2 SV=1,False,False
Q6LED0,-0.203510103317331,28.227588674971,-1.90704540149143,0.0671430484959447,0.807198042668015,-3.9875656549609,Histone H3.1 OS=Rattus norvegicus OX=10116 PE=1 SV=3,False,False
Q99MC0,0.234681896940408,26.7469012568491,1.14065212188473,0.263972991628046,0.807198042668015,-4.82496839810097,Protein phosphatase 1 regulatory subunit 14A OS=Rattus norvegicus OX=10116 GN=Ppp1r14a PE=1 SV=1,False,False
Q5BJS7,0.157647366057322,27.2560074956369,0.802011421726601,0.429507872673168,0.871186127339316,-5.07634446186164,Copine-9 OS=Rattus norvegicus OX=10116 GN=Cpne9 PE=2 SV=1,False,False
P10818,-0.503555710680413,25.0315529325522,-1.77870827707831,0.0864838233644648,0.807198042668015,-4.15061521865789,"Cytochrome c oxidase subunit 6A1, mitochondrial OS=Rattus norvegicus OX=10116 GN=Cox6a1 PE=1 SV=2",False,False
P06302,-0.0563932662627131,21.7070732404944,-0.223369104298557,0.824919723656914,0.988175537761941,-5.3094409043317,Prothymosin alpha OS=Rattus norvegicus OX=10116 GN=Ptma PE=1 SV=2,False,False
Q5XII0,-0.0006068805942582,28.6658896797347,-0.0016899848550176,0.998663939332261,0.999586918943474,-5.32932611165137,Mammalian ependymin-related protein 1 OS=Rattus norvegicus OX=10116 GN=Epdr1 PE=1 SV=1,False,False
P15385,-0.393310533872103,25.008916741435,-1.08507334890836,0.287426611285969,0.807198042668015,-4.87168435334829,Potassium voltage-gated channel subfamily A member 4 OS=Rattus norvegicus OX=10116 GN=Kcna4 PE=1 SV=1,False,False
P46418,-0.26077078719587,24.1640540980585,-0.563144862242446,0.577955926244428,0.909776552503948,-5.20368543232753,Glutathione S-transferase alpha-5 OS=Rattus norvegicus OX=10116 GN=Gsta5 PE=1 SV=2,False,False
P62775,0.237779635041008,22.2414203609514,0.775328446740542,0.444843960876608,0.871186127339316,-5.09267640104491,Myotrophin OS=Rattus norvegicus OX=10116 GN=Mtpn PE=1 SV=2,False,False
P23978,-0.262519474193621,28.8761665600176,-1.09544732970234,0.282939559741346,0.807198042668015,-4.86312290505758,Sodium- and chloride-dependent GABA transporter 1 OS=Rattus norvegicus OX=10116 GN=Slc6a1 PE=1 SV=1,False,False
Q505J6,0.0682654122897191,25.1421659365867,0.443790422860541,0.660709538367361,0.945380932019117,-5.25108824840709,Mitochondrial glutamate carrier 2 OS=Rattus norvegicus OX=10116 GN=Slc25a18 PE=2 SV=2,False,False
Q68A21,-0.177708785531951,27.0371110342795,-1.70584673526564,0.0994485026896562,0.807198042668015,-4.23944882037604,Transcriptional regulator protein Pur-beta OS=Rattus norvegicus OX=10116 GN=Purb PE=1 SV=3,False,False
P85968,0.196816579606811,26.8057268424194,1.24926959599976,0.222225728051512,0.807198042668015,-4.72774909776992,"6-phosphogluconate dehydrogenase, decarboxylating OS=Rattus norvegicus OX=10116 GN=Pgd PE=1 SV=1",False,False
O08651,-0.123229433330525,26.9425847353221,-0.905433693377723,0.373197779247295,0.862163467515463,-5.00815225505306,D-3-phosphoglycerate dehydrogenase OS=Rattus norvegicus OX=10116 GN=Phgdh PE=1 SV=3,False,False
Q7TP17,0.390401905982916,22.1252222765512,0.770924022129566,0.447406787269705,0.871186127339316,-5.09532197323709,Splicing factor U2AF 26 kDa subunit OS=Rattus norvegicus OX=10116 GN=U2af1l4 PE=2 SV=1,False,False
O70352,0.283072628731638,23.421564205264,1.41401963622843,0.16871679924983,0.807198042668015,-4.5658741273402,CD82 antigen OS=Rattus norvegicus OX=10116 GN=Cd82 PE=1 SV=1,False,False
P05942,0.463928136671829,23.2351897687658,1.45167983595717,0.158044439356902,0.807198042668015,-4.52652221629858,Protein S100-A4 OS=Rattus norvegicus OX=10116 GN=S100a4 PE=2 SV=1,False,False
Q9WU82,-0.103092577361281,28.0808535345039,-0.489169062890373,0.628649098931481,0.941669397154625,-5.23436050026467,Catenin beta-1 OS=Rattus norvegicus OX=10116 GN=Ctnnb1 PE=1 SV=1,False,False
P62853,-0.167154584677661,25.23682637134,-1.17943553524396,0.248452931058882,0.807198042668015,-4.79114519081502,Small ribosomal subunit protein eS25 OS=Rattus norvegicus OX=10116 GN=Rps25 PE=2 SV=1,False,False
P36972,0.0435180591975666,27.5000337327221,0.266608531709857,0.791784276491541,0.978633070658885,-5.30101014533126,Adenine phosphoribosyltransferase OS=Rattus norvegicus OX=10116 GN=Aprt PE=1 SV=1,False,False
Q01728,-0.263200358077199,26.8550235971829,-1.16876047715778,0.252656074412941,0.807198042668015,-4.8005544664996,Sodium/calcium exchanger 1 OS=Rattus norvegicus OX=10116 GN=Slc8a1 PE=1 SV=3,False,False
Q4KM74,-0.0030154218231999,25.8594856745997,-0.0104182600411262,0.991763728990391,0.998202127515506,-5.32928394124973,Vesicle-trafficking protein SEC22b OS=Rattus norvegicus OX=10116 GN=Sec22b PE=1 SV=3,False,False
P40112,-0.126753812573554,26.1839235779612,-1.05063355534636,0.302685389920902,0.815443475831683,-4.89958130035065,Proteasome subunit beta type-3 OS=Rattus norvegicus OX=10116 GN=Psmb3 PE=1 SV=1,False,False
Q6QLM7,0.016718653661016,28.6272140600418,0.122822853963287,0.903151698151818,0.988175537761941,-5.32330984647146,Kinesin heavy chain isoform 5A OS=Rattus norvegicus OX=10116 GN=Kif5a PE=1 SV=1,False,False
Q02874,0.0112916608450284,25.0763260669485,0.0581875802888715,0.954025199606516,0.990269542689437,-5.32797634102084,Core histone macro-H2A.1 OS=Rattus norvegicus OX=10116 GN=Macroh2a1 PE=1 SV=5,False,False
O35763,0.0357144656613393,29.3628262567897,0.325926828597293,0.74697757500112,0.972705353727001,-5.28704129460728,Moesin OS=Rattus norvegicus OX=10116 GN=Msn PE=1 SV=3,False,False
Q5FVJ0,0.0982068039032988,28.562731142536,0.890734068731566,0.38089446801125,0.862988930661473,-5.01831434147237,Protein RUFY3 OS=Rattus norvegicus OX=10116 GN=Rufy3 PE=1 SV=1,False,False
A8WCF8,-0.188405619502099,25.3615646818661,-0.603912142339199,0.550913199118322,0.895854346314029,-5.18499013511589,Tumor protein p63-regulated gene 1-like protein OS=Rattus norvegicus OX=10116 GN=Tprg1l PE=1 SV=1,False,False
P00787,-0.0700621134841946,23.9884905384084,-0.379186401899231,0.707497759389568,0.967620262258566,-5.27214076875049,Cathepsin B OS=Rattus norvegicus OX=10116 GN=Ctsb PE=1 SV=2,False,False
Q63377,-0.0550505287419014,27.5560360726377,-0.496078061200824,0.623830024321378,0.937042879805897,-5.2316738973252,Sodium/potassium-transporting ATPase subunit beta-3 OS=Rattus norvegicus OX=10116 GN=Atp1b3 PE=1 SV=1,False,False
Q9R0I8,-6.52610369904494e-05,27.5024563003358,-0.0003918516768729,0.999690211509295,0.999690211509295,-5.32932719001456,Phosphatidylinositol 5-phosphate 4-kinase type-2 alpha OS=Rattus norvegicus OX=10116 GN=Pip4k2a PE=1 SV=1,False,False
P10760,0.588153953008838,28.0394853592191,0.925171302781911,0.363024317515524,0.852831531169875,-4.99426490528404,Adenosylhomocysteinase OS=Rattus norvegicus OX=10116 GN=Ahcy PE=1 SV=3,False,False
Q9WV97,-0.232133954302878,26.2228038613663,-1.22548398167273,0.230913620921832,0.807198042668015,-4.74969861865275,Mitochondrial import inner membrane translocase subunit Tim9 OS=Rattus norvegicus OX=10116 GN=Timm9 PE=1 SV=3,False,False
Q6GMN2,0.194751765673555,27.832862605742,1.57403358263712,0.127057321155249,0.807198042668015,-4.39289322886213,BAR/IMD domain-containing adapter protein 2 OS=Rattus norvegicus OX=10116 GN=Baiap2 PE=1 SV=1,False,False
P04094,-1.24465748270176,26.0352727311379,-1.71664011925589,0.0974302021440019,0.807198042668015,-4.22646566829972,Proenkephalin-A OS=Rattus norvegicus OX=10116 GN=Penk PE=1 SV=1,False,False
Q5M7U6,0.0583244648549837,25.0005328017461,0.266186650816409,0.792105773152713,0.978633070658885,-5.30109954889924,Actin-related protein 2 OS=Rattus norvegicus OX=10116 GN=Actr2 PE=2 SV=1,False,False
Q499N5,0.28588321723787,28.0093892175652,1.85796800277631,0.0740451791653936,0.807198042668015,-4.05088270667898,"Medium-chain acyl-CoA ligase ACSF2, mitochondrial OS=Rattus norvegicus OX=10116 GN=Acsf2 PE=2 SV=1",False,False
Q60587,0.126651178006288,26.7244701761321,0.826149902379161,0.415917417947503,0.867339482038663,-5.06112143943647,"Trifunctional enzyme subunit beta, mitochondrial OS=Rattus norvegicus OX=10116 GN=Hadhb PE=1 SV=1",False,False
D3ZW55,-0.362137665398865,23.6242169659171,-2.36320418053577,0.0255282637050384,0.807198042668015,-3.34783204821596,Inosine triphosphate pyrophosphatase OS=Rattus norvegicus OX=10116 GN=Itpa PE=3 SV=1,False,False
Q6Q629,-0.0543773389907152,27.4918835145995,-0.427828651881365,0.672149076951527,0.95030998738708,-5.25659227658446,Inactive dipeptidyl peptidase 10 OS=Rattus norvegicus OX=10116 GN=Dpp10 PE=1 SV=1,False,False
P37199,0.511603808796455,28.6723023616922,2.87155418054409,0.007827153686943,0.605486245925663,-2.54780387456056,Nuclear pore complex protein Nup155 OS=Rattus norvegicus OX=10116 GN=Nup155 PE=1 SV=1,False,False
P45479,-0.0984799716042204,24.4748566197339,-0.720011765937106,0.477668492110668,0.871186127339316,-5.12486335183286,Palmitoyl-protein thioesterase 1 OS=Rattus norvegicus OX=10116 GN=Ppt1 PE=1 SV=1,False,False
Q62698,0.177100893770099,28.3794669013994,1.02266542227523,0.315488804230788,0.820717785657196,-4.92163747158993,Cytoplasmic dynein 1 light intermediate chain 2 OS=Rattus norvegicus OX=10116 GN=Dync1li2 PE=1 SV=1,False,False
P47863,0.199085333784851,23.5844523083044,0.949596852501556,0.350690709164679,0.843825841059925,-4.97669629128897,Aquaporin-4 OS=Rattus norvegicus OX=10116 GN=Aqp4 PE=1 SV=1,False,False
P30904,0.114489236544394,27.4626258371562,0.530085568613284,0.600359694043475,0.918898902489848,-5.21791360186931,Macrophage migration inhibitory factor OS=Rattus norvegicus OX=10116 GN=Mif PE=1 SV=4,False,False
P52287,0.148065706339995,26.5141226084806,1.17643695189092,0.249628329738472,0.807198042668015,-4.79379582476836,Guanine nucleotide-binding protein G(I)/G(S)/G(T) subunit beta-3 OS=Rattus norvegicus OX=10116 GN=Gnb3 PE=1 SV=1,False,False
P56603,-0.41290699536334,26.2501395691235,-1.51402322043892,0.141570991778439,0.807198042668015,-4.45952276172199,Secretory carrier-associated membrane protein 1 OS=Rattus norvegicus OX=10116 GN=Scamp1 PE=1 SV=1,False,False
Q9Z252,0.280759728337433,25.6089147099689,0.993472312726349,0.329248582947191,0.828283812044247,-4.94408238929747,Protein lin-7 homolog B OS=Rattus norvegicus OX=10116 GN=Lin7b PE=1 SV=1,False,False
P40241,-0.142944971996243,26.4860094987565,-0.615078692482613,0.543622129919491,0.892843320274034,-5.17964876444372,CD9 antigen OS=Rattus norvegicus OX=10116 GN=Cd9 PE=1 SV=2,False,False
Q5PQK1,-0.0588049535124853,29.3532388264686,-0.44705791155832,0.658377954215849,0.945380932019117,-5.24993711347029,Septin-10 OS=Rattus norvegicus OX=10116 GN=Septin10 PE=1 SV=1,False,False
P11884,-0.16593872145042,26.239054448585,-0.733231402356676,0.469698973731041,0.871186127339316,-5.11737725826217,"Aldehyde dehydrogenase, mitochondrial OS=Rattus norvegicus OX=10116 GN=Aldh2 PE=1 SV=1",False,False
Q9Z2S9,0.104175849034885,28.1431374053273,0.901976841867606,0.374998575971863,0.862163467515463,-5.01055591995827,Flotillin-2 OS=Rattus norvegicus OX=10116 GN=Flot2 PE=1 SV=1,False,False
Q6QIX3,0.188358819291079,26.8901449346326,0.614098804910563,0.544259901581169,0.892843320274034,-5.18012126625695,Probable proton-coupled zinc antiporter SLC30A3 OS=Rattus norvegicus OX=10116 GN=Slc30a3 PE=1 SV=1,False,False
Q9ESW0,-0.160711155716829,27.8689786131066,-1.41373253125134,0.168800303251421,0.807198042668015,-4.56617084251567,DNA damage-binding protein 1 OS=Rattus norvegicus OX=10116 GN=Ddb1 PE=1 SV=1,False,False
P62744,0.213750175439902,24.7995549656033,0.644782477228909,0.524477221926731,0.885477222241516,-5.16498073280287,AP-2 complex subunit sigma OS=Rattus norvegicus OX=10116 GN=Ap2s1 PE=1 SV=1,False,False
Q9Z270,-0.174988152397699,27.3525764842284,-0.467771840277634,0.643679409951267,0.945380932019117,-5.24244684297625,Vesicle-associated membrane protein-associated protein A OS=Rattus norvegicus OX=10116 GN=Vapa PE=1 SV=3,False,False
Q6P799,-0.07947446773683,28.4536350317431,-0.6812519042069,0.501479673534312,0.881659880580616,-5.14606216050697,"Serine--tRNA ligase, cytoplasmic OS=Rattus norvegicus OX=10116 GN=Sars1 PE=1 SV=3",False,False
P53812,-0.140320464293094,30.8976127409145,-0.688459383584782,0.497002229466199,0.879463991285573,-5.14220513729654,Phosphatidylinositol transfer protein beta isoform OS=Rattus norvegicus OX=10116 GN=Pitpnb PE=1 SV=2,False,False
P27881,-0.100302764343898,29.686365657205,-0.819996849439759,0.419356026128727,0.867339482038663,-5.06504221171036,Hexokinase-2 OS=Rattus norvegicus OX=10116 GN=Hk2 PE=1 SV=1,False,False
P20759,-0.365582280198637,21.2337526078825,-1.07815788284188,0.290445784150248,0.807198042668015,-4.87735095156541,Ig gamma-1 chain C region OS=Rattus norvegicus OX=10116 PE=1 SV=1,False,False
P22831,-0.0076327093615162,23.9083486248957,-0.0460606034509299,0.963598941521051,0.992937824612082,-5.32848073057576,Synaptoporin OS=Rattus norvegicus OX=10116 GN=Synpr PE=1 SV=2,False,False
P52555,-0.147773898087664,25.6253030921722,-0.615235466666955,0.543520128001848,0.892843320274034,-5.17957310038767,Endoplasmic reticulum resident protein 29 OS=Rattus norvegicus OX=10116 GN=Erp29 PE=1 SV=2,False,False
P47861,-0.0808858497277463,28.1580556135368,-0.624132668263492,0.537747876832846,0.890490750168154,-5.1752485221107,Synaptotagmin-5 OS=Rattus norvegicus OX=10116 GN=Syt5 PE=1 SV=1,False,False
P28572,-0.575067340689213,23.6303938351831,-1.73774661656994,0.093583222508682,0.807198042668015,-4.20089873005352,Sodium- and chloride-dependent glycine transporter 1 OS=Rattus norvegicus OX=10116 GN=Slc6a9 PE=1 SV=2,False,False
P49621,-0.154568377065928,29.9090363145642,-0.878785137297425,0.387226208383164,0.865693559237469,-5.02646082810934,Diacylglycerol kinase beta OS=Rattus norvegicus OX=10116 GN=Dgkb PE=1 SV=1,False,False
Q9EPH8,-0.14971353722753,28.5135067511199,-1.599195128953,0.121346690049822,0.807198042668015,-4.36434561796715,Polyadenylate-binding protein 1 OS=Rattus norvegicus OX=10116 GN=Pabpc1 PE=1 SV=1,False,False
P21533,0.0163764200742307,29.5446012395146,0.146469677431199,0.884632348125816,0.988175537761941,-5.32077099649289,Large ribosomal subunit protein eL6 OS=Rattus norvegicus OX=10116 GN=Rpl6 PE=1 SV=5,False,False
Q4KLH4,-0.111524926979612,28.6888575756579,-0.767796014782524,0.449232270000258,0.871186127339316,-5.09719218003275,Paraspeckle component 1 OS=Rattus norvegicus OX=10116 GN=Pspc1 PE=1 SV=1,False,False
P20717,-0.126103192869927,28.4638226394074,-1.17316968526856,0.250913713240104,0.807198042668015,-4.79667720485933,Protein-arginine deiminase type-2 OS=Rattus norvegicus OX=10116 GN=Padi2 PE=1 SV=1,False,False
P00406,-0.011202526889317,25.2267989211153,-0.0670966281561301,0.946996257121196,0.988923602371226,-5.3275310445489,Cytochrome c oxidase subunit 2 OS=Rattus norvegicus OX=10116 GN=Mt-co2 PE=1 SV=3,False,False
Q62703,-0.365028007185447,24.0327895898147,-0.686246644364949,0.49837443453869,0.879463991285573,-5.14339340330146,Reticulocalbin-2 OS=Rattus norvegicus OX=10116 GN=Rcn2 PE=1 SV=2,False,False
P61150,-0.167881404666367,27.8161816503676,-0.873617559602912,0.389985389846868,0.865693559237469,-5.02995220619249,Fibroblast growth factor 12 OS=Rattus norvegicus OX=10116 GN=Fgf12 PE=1 SV=1,False,False
P04218,-0.581306152673864,28.1641410364144,-1.75955591848189,0.0897440694942098,0.807198042668015,-4.17423472028209,OX-2 membrane glycoprotein OS=Rattus norvegicus OX=10116 GN=Cd200 PE=2 SV=1,False,False
P29418,-0.137559667155319,29.5040510262756,-1.08779272315971,0.286245525693798,0.807198042668015,-4.86944716789207,"ATP synthase subunit epsilon, mitochondrial OS=Rattus norvegicus OX=10116 GN=Atp5f1e PE=1 SV=2",False,False
Q4KLF8,0.619899445559764,23.4270607301851,1.59102038651412,0.123178330266352,0.807198042668015,-4.37365958640112,Actin-related protein 2/3 complex subunit 5 OS=Rattus norvegicus OX=10116 GN=Arpc5 PE=1 SV=3,False,False
O88778,-0.113764985902915,30.1839307830454,-1.11348226037812,0.275258687837257,0.807198042668015,-4.84806564230166,Protein bassoon OS=Rattus norvegicus OX=10116 GN=Bsn PE=1 SV=3,False,False
P01835,0.261155989995068,22.8180972745691,0.709110958391878,0.484298459806972,0.873975194057124,-5.13093857632182,"Ig kappa chain C region, B allele OS=Rattus norvegicus OX=10116 PE=1 SV=1",False,False
P19132,-0.0152771349687448,27.0817441744453,-0.0946334838161285,0.925300653023712,0.988175537761941,-5.32575451640788,Ferritin heavy chain OS=Rattus norvegicus OX=10116 GN=Fth1 PE=1 SV=3,False,False
Q62847,0.138611771400139,26.8412839126319,1.30742402094544,0.202028501028434,0.807198042668015,-4.67255453939536,Gamma-adducin OS=Rattus norvegicus OX=10116 GN=Add3 PE=1 SV=3,False,False
P34064,1.10526748402703,26.9575380532209,2.06896086112422,0.0481882393865404,0.807198042668015,-3.77063146447228,Proteasome subunit alpha type-5 OS=Rattus norvegicus OX=10116 GN=Psma5 PE=1 SV=1,False,False
P62703,-0.192652580436164,26.9307001845111,-1.59277588085264,0.1227830820711,0.807198042668015,-4.37166261398725,Small ribosomal subunit protein eS4 OS=Rattus norvegicus OX=10116 GN=Rps4x PE=1 SV=2,False,False
Q63421,0.062948426236904,29.5344938932373,0.583057242051224,0.564664889825571,0.903297009868676,-5.19471209965122,"Dual specificity calcium/calmodulin-dependent 3',5'-cyclic nucleotide phosphodiesterase 1C OS=Rattus norvegicus OX=10116 GN=Pde1c PE=1 SV=1",False,False
Q66HR2,-0.060092164025864,26.3535022574905,-0.332268934237204,0.742236893491228,0.970824342573672,-5.28538376752682,Microtubule-associated protein RP/EB family member 1 OS=Rattus norvegicus OX=10116 GN=Mapre1 PE=1 SV=3,False,False
P61314,0.0289853473512025,28.9253347309331,0.273602761889475,0.786459774643519,0.978633070658885,-5.29950745670072,Large ribosomal subunit protein eL15 OS=Rattus norvegicus OX=10116 GN=Rpl15 PE=1 SV=2,False,False
P56536,0.143621209079914,29.8559350008394,0.827646883341836,0.41508350192762,0.867339482038663,-5.06016338661928,Kinesin heavy chain isoform 5C OS=Rattus norvegicus OX=10116 GN=Kif5c PE=1 SV=3,False,False
Q66HL2,-0.04316681527337,29.4130528868372,-0.363312412329763,0.719183969730928,0.967620262258566,-5.27681461500769,Src substrate cortactin OS=Rattus norvegicus OX=10116 GN=Cttn PE=1 SV=1,False,False
Q5XI22,0.0426060348911506,26.173361144576,0.177893099526196,0.860127044277034,0.988175537761941,-5.31670879331275,"Acetyl-CoA acetyltransferase, cytosolic OS=Rattus norvegicus OX=10116 GN=Acat2 PE=1 SV=1",False,False
Q6AY30,-0.36225657344297,27.4209503501208,-1.50486299101318,0.143900515217685,0.807198042668015,-4.46951031358288,Saccharopine dehydrogenase-like oxidoreductase OS=Rattus norvegicus OX=10116 GN=Sccpdh PE=1 SV=1,False,False
P24268,0.271805255086623,25.5678837253096,1.50271146350287,0.144452143912699,0.807198042668015,-4.47184905723402,Cathepsin D OS=Rattus norvegicus OX=10116 GN=Ctsd PE=1 SV=1,False,False
Q52KK3,-0.281468358840328,26.3495548876201,-1.31127936732908,0.200741095437967,0.807198042668015,-4.66881946411396,Mitochondrial nicotinamide adenine dinucleotide transporter SLC25A51 OS=Rattus norvegicus OX=10116 GN=Slc25a51 PE=2 SV=1,False,False
A0JPJ7,-0.144847712406818,27.6626575694758,-0.698520959001652,0.490789550918146,0.875659116382787,-5.13675578112264,Obg-like ATPase 1 OS=Rattus norvegicus OX=10116 GN=Ola1 PE=2 SV=1,False,False
P35465,0.111424073602951,26.3587591354542,0.590012241512537,0.56005943520946,0.898584249380511,-5.19150665218885,Serine/threonine-protein kinase PAK 1 OS=Rattus norvegicus OX=10116 GN=Pak1 PE=1 SV=3,False,False
P97576,0.0274055496565531,26.1174363086457,0.171617171165696,0.865010744698807,0.988175537761941,-5.31758284367906,"GrpE protein homolog 1, mitochondrial OS=Rattus norvegicus OX=10116 GN=Grpel1 PE=1 SV=2",False,False
B2RZ37,-0.0023285300793283,28.2787002711483,-0.0081502379841564,0.993556692089366,0.998202127515506,-5.32930074559264,Receptor expression-enhancing protein 5 OS=Rattus norvegicus OX=10116 GN=Reep5 PE=1 SV=1,False,False
P25093,0.173693637864435,25.3779780233426,1.08525962231776,0.287345597915786,0.807198042668015,-4.87153126945866,Fumarylacetoacetase OS=Rattus norvegicus OX=10116 GN=Fah PE=1 SV=1,False,False
Q3KRE0,-0.266804715730714,30.6534748960994,-1.29324192095519,0.206819007381452,0.807198042668015,-4.68621337012704,ATPase family AAA domain-containing protein 3A OS=Rattus norvegicus OX=10116 GN=Atad3a PE=1 SV=1,False,False
P56571,-0.332319455093049,25.8532994824634,-0.858884819028203,0.39792087425217,0.867339482038663,-5.0398006037517,"ES1 protein homolog, mitochondrial OS=Rattus norvegicus OX=10116 PE=1 SV=2",False,False
Q2PQA9,-0.0077410645729685,29.9032101883962,-0.0778917176747297,0.938485179377339,0.988923602371226,-5.32690665647059,Kinesin-1 heavy chain OS=Rattus norvegicus OX=10116 GN=Kif5b PE=1 SV=1,False,False
Q6J4I0,0.0024247320256058,25.1050288889755,0.0152043172008754,0.98798031313247,0.998202127515506,-5.32923500884521,Protein phosphatase 1 regulatory subunit 1B OS=Rattus norvegicus OX=10116 GN=Ppp1r1b PE=1 SV=1,False,False
Q9WV63,-0.221846876243543,28.2366751708916,-1.27034926934519,0.214734800122595,0.807198042668015,-4.70799181078076,Kinesin-like protein KIF2A OS=Rattus norvegicus OX=10116 GN=Kif2a PE=1 SV=2,False,False
P62856,0.0403297902188342,24.6792077687575,0.116891293122341,0.907806256182903,0.988175537761941,-5.32387684137261,Small ribosomal subunit protein eS26 OS=Rattus norvegicus OX=10116 GN=Rps26 PE=3 SV=3,False,False
Q63210,-0.100610850674265,27.6739441112776,-0.448124274029993,0.657617786371024,0.945380932019117,-5.24955963962176,Guanine nucleotide-binding protein subunit alpha-12 OS=Rattus norvegicus OX=10116 GN=Gna12 PE=1 SV=3,False,False
Q9QZR6,-0.0633968113060206,29.8440234390503,-0.746365500502099,0.461858415770062,0.871186127339316,-5.1098112408066,Septin-9 OS=Rattus norvegicus OX=10116 GN=Septin9 PE=1 SV=1,False,False
P0DN35,0.146498116551236,25.6620816469892,0.700615769123111,0.489501640894182,0.874802437439603,-5.135611717655,NADH dehydrogenase [ubiquinone] 1 beta subcomplex subunit 1 OS=Rattus norvegicus OX=10116 GN=Ndufb1 PE=3 SV=1,False,False
Q9R1N3,-0.102265129048259,28.538771575127,-0.821109411875288,0.418732970822745,0.867339482038663,-5.06433531904447,Sodium bicarbonate cotransporter 3 OS=Rattus norvegicus OX=10116 GN=Slc4a7 PE=1 SV=1,False,False
P62870,0.124192992639898,22.1848746420032,0.417686349572964,0.679459998822468,0.954416574221443,-5.25998657969189,Elongin-B OS=Rattus norvegicus OX=10116 GN=Elob PE=1 SV=1,False,False
B2GUZ5,0.306042648202382,24.7494030193213,0.377286463277935,0.708892707905705,0.967620262258566,-5.27271057097393,F-actin-capping protein subunit alpha-1 OS=Rattus norvegicus OX=10116 GN=Capza1 PE=1 SV=1,False,False
P08050,0.339711695277064,27.5824584206834,1.20506766393577,0.238572041732008,0.807198042668015,-4.76824588715291,Gap junction alpha-1 protein OS=Rattus norvegicus OX=10116 GN=Gja1 PE=1 SV=2,False,False
Q9Z1Z3,-0.0632884597535615,28.6573758703737,-0.309228819931798,0.759507222050102,0.972705353727001,-5.29125400719076,Epsin-2 OS=Rattus norvegicus OX=10116 GN=Epn2 PE=1 SV=1,False,False
P62755,-0.238471431282264,27.8150822913879,-0.823936581987203,0.4171522940221,0.867339482038663,-5.06253495642323,Small ribosomal subunit protein eS6 OS=Rattus norvegicus OX=10116 GN=Rps6 PE=1 SV=1,False,False
Q6Q7Y5,0.0910365859578022,26.4783630233418,0.4811494992501,0.634263816540235,0.94392195397727,-5.23743270901428,Guanine nucleotide-binding protein subunit alpha-13 OS=Rattus norvegicus OX=10116 GN=Gna13 PE=1 SV=1,False,False
P19492,-0.262841950008951,27.3591895849347,-1.37303585955378,0.180971418568939,0.807198042668015,-4.60772136097411,Glutamate receptor 3 OS=Rattus norvegicus OX=10116 GN=Gria3 PE=1 SV=1,False,False
P51583,0.236640171730272,27.8275914525408,3.00072551204896,0.0057141078279434,0.593642980855237,-2.33372468188826,Bifunctional phosphoribosylaminoimidazole carboxylase/phosphoribosylaminoimidazole succinocarboxamide synthetase OS=Rattus norvegicus OX=10116 GN=Paics PE=1 SV=3,False,False
Q7TMA5,-0.0205869886401011,31.4564830508,-0.141299797781813,0.888675911236916,0.988175537761941,-5.3213640817182,Apolipoprotein B-100 OS=Rattus norvegicus OX=10116 GN=Apob PE=1 SV=1,False,False
P63326,-0.150104712271016,28.0059729207811,-0.91771802716659,0.366844274957533,0.857762206802885,-4.99954159977037,Small ribosomal subunit protein eS10 OS=Rattus norvegicus OX=10116 GN=Rps10 PE=1 SV=1,False,False
P50878,-0.079722320545919,29.0783783730536,-0.761888025432982,0.452692277040865,0.871186127339316,-5.10070485088453,Large ribosomal subunit protein uL4 OS=Rattus norvegicus OX=10116 GN=Rpl4 PE=1 SV=3,False,False
P53678,-0.0107779041046356,25.9686247635196,-0.106421903882834,0.91602975538781,0.988175537761941,-5.32480921332426,AP-3 complex subunit mu-2 OS=Rattus norvegicus OX=10116 GN=Ap3m2 PE=2 SV=1,False,False
P29348,-0.473128928962218,24.3737582316133,-1.84352892288407,0.0761890980797918,0.807198042668015,-4.06928627054707,Guanine nucleotide-binding protein G(t) subunit alpha-3 OS=Rattus norvegicus OX=10116 GN=Gnat3 PE=1 SV=3,False,False
P06866,-0.227916136059605,26.5768152288225,-1.88511624054783,0.0701549320090181,0.807198042668015,-4.01600243812406,Haptoglobin OS=Rattus norvegicus OX=10116 GN=Hp PE=1 SV=3,False,False
Q3ZB98,0.0706831111864474,28.5837925853713,0.578643596392357,0.567597461857467,0.905645459351161,-5.19672716383043,Breast carcinoma-amplified sequence 1 homolog OS=Rattus norvegicus OX=10116 GN=Bcas1 PE=1 SV=3,False,False
P02454,0.042088175265679,30.1927827076896,0.438811962605738,0.664268710812097,0.945380932019117,-5.25282620897209,Collagen alpha-1(I) chain OS=Rattus norvegicus OX=10116 GN=Col1a1 PE=1 SV=5,False,False
Q6P7S1,0.0033175916563692,31.4342781802329,0.0134955220893479,0.989331101020178,0.998202127515506,-5.32925457766344,Acid ceramidase OS=Rattus norvegicus OX=10116 GN=Asah1 PE=1 SV=1,False,False
P05426,-0.0433244567821554,27.1396019795053,-0.347223530579622,0.731099537143959,0.967620262258566,-5.28135018531392,Large ribosomal subunit protein uL30 OS=Rattus norvegicus OX=10116 GN=Rpl7 PE=1 SV=2,False,False
P13601,0.0327720097988973,26.9116707215789,0.107396205344864,0.915264045619124,0.988175537761941,-5.32472613031044,"Aldehyde dehydrogenase, cytosolic 1 OS=Rattus norvegicus OX=10116 GN=Aldh1a7 PE=1 SV=2",False,False
P62859,0.307793731679965,25.361824625952,1.21819011895954,0.233628198816589,0.807198042668015,-4.7563559407809,Small ribosomal subunit protein eS28 OS=Rattus norvegicus OX=10116 GN=Rps28 PE=1 SV=1,False,False
P0DJJ3,-0.182843750133383,26.9508681078671,-1.32973703950121,0.194665018026253,0.807198042668015,-4.65080801108155,SH3-containing GRB2-like protein 3-interacting protein 1 OS=Rattus norvegicus OX=10116 GN=Sgip1 PE=1 SV=1,False,False
P05508,-0.2291115635214,25.2172535004184,-1.63284656248064,0.114042180970649,0.807198042668015,-4.32561144798588,NADH-ubiquinone oxidoreductase chain 4 OS=Rattus norvegicus OX=10116 GN=Mt-nd4 PE=3 SV=3,False,False
P04903,-0.0540968808606657,27.5387537569505,-0.485475139105001,0.631232526885511,0.942930795333805,-5.23578177767271,Glutathione S-transferase alpha-2 OS=Rattus norvegicus OX=10116 GN=Gsta2 PE=1 SV=2,False,False
P15800,-0.348602230025019,27.9764284143666,-1.25338080937755,0.220749442928175,0.807198042668015,-4.72391820479459,Laminin subunit beta-2 OS=Rattus norvegicus OX=10116 GN=Lamb2 PE=1 SV=1,False,False
P85972,-0.232368273639249,29.3221824719089,-2.07607133086738,0.0474769594282635,0.807198042668015,-3.76083367191244,Vinculin OS=Rattus norvegicus OX=10116 GN=Vcl PE=1 SV=1,False,False
P00502,-0.0684254294856039,26.3218830411204,-0.272740011645478,0.787115996985257,0.978633070658885,-5.2996949057584,Glutathione S-transferase alpha-1 OS=Rattus norvegicus OX=10116 GN=Gsta1 PE=1 SV=3,False,False
P51647,-0.0588728542960126,27.6863676087164,-0.610566932499485,0.546561918327152,0.892843320274034,-5.18181829406184,Aldehyde dehydrogenase 1A1 OS=Rattus norvegicus OX=10116 GN=Aldh1a1 PE=1 SV=3,False,False
P04550,1.06290280306943,23.1201684652687,3.08454187596453,0.0046465677225704,0.559136982615976,-2.19299151162717,Parathymosin OS=Rattus norvegicus OX=10116 GN=Ptms PE=1 SV=2,False,False
Q9JMB5,-0.198189804624803,25.9402427921479,-1.09983008492589,0.281059025244074,0.807198042668015,-4.8594839848282,Proteasomal ubiquitin receptor ADRM1 OS=Rattus norvegicus OX=10116 GN=Adrm1 PE=1 SV=2,False,False
P19024,-0.0849389591116676,26.9738762814199,-0.267917222196367,0.790787219835403,0.978633070658885,-5.30073191708778,Potassium voltage-gated channel subfamily A member 5 OS=Rattus norvegicus OX=10116 GN=Kcna5 PE=1 SV=1,False,False
Q9Z2F5,0.257542417040685,28.3653472291266,1.80881419196463,0.081563305947035,0.807198042668015,-4.11310654852501,C-terminal-binding protein 1 OS=Rattus norvegicus OX=10116 GN=Ctbp1 PE=1 SV=3,False,False
Q6P7B0,-0.171214248807594,26.9408710804781,-0.888688426881668,0.381973666974314,0.863589042226163,-5.01971627247599,"Tryptophan--tRNA ligase, cytoplasmic OS=Rattus norvegicus OX=10116 GN=Wars1 PE=1 SV=2",False,False
Q9Z2L9,-0.338570785745418,28.0209477145503,-1.53827692576603,0.135550589784065,0.807198042668015,-4.43284320879299,Protein NDRG4 OS=Rattus norvegicus OX=10116 GN=Ndrg4 PE=1 SV=1,False,False
P62914,-0.208124993621048,27.9845805010121,-1.60279371619526,0.120547546488203,0.807198042668015,-4.36023364796357,Large ribosomal subunit protein uL5 OS=Rattus norvegicus OX=10116 GN=Rpl11 PE=1 SV=2,False,False
Q63150,-0.154836712179108,26.6618922862262,-0.721290239132753,0.476894361549015,0.871186127339316,-5.12414504149927,Dihydropyrimidinase OS=Rattus norvegicus OX=10116 GN=Dpys PE=1 SV=2,False,False
Q62881,0.0782344353305149,24.3846458898202,0.0804264970199128,0.936487742763051,0.988923602371226,-5.32674657282569,Nucleolar protein 3 OS=Rattus norvegicus OX=10116 GN=Nol3 PE=1 SV=1,False,False
O55096,-0.116910748535965,29.1490600594895,-0.896812268006851,0.377699532084795,0.862163467515463,-5.01413111844478,Dipeptidyl peptidase 3 OS=Rattus norvegicus OX=10116 GN=Dpp3 PE=1 SV=2,False,False
P63159,-0.161011778071547,27.0728321143262,-1.51654116763123,0.140936043970179,0.807198042668015,-4.45676883652882,High mobility group protein B1 OS=Rattus norvegicus OX=10116 GN=Hmgb1 PE=1 SV=2,False,False
O89046,-0.243157116176789,27.9362061201261,-1.45354765915565,0.157529494822598,0.807198042668015,-4.52454833480964,Coronin-1B OS=Rattus norvegicus OX=10116 GN=Coro1b PE=1 SV=1,False,False
Q8CGU9,0.0513983812397498,28.529799214208,0.628361782673719,0.535015586926333,0.889812777303621,-5.17317190407285,Tryptophan 5-hydroxylase 2 OS=Rattus norvegicus OX=10116 GN=Tph2 PE=1 SV=1,False,False
P06349,-0.0313319946805493,27.9117280878447,-0.139047663485963,0.890438356464476,0.988175537761941,-5.32161579358408,Histone H1t OS=Rattus norvegicus OX=10116 GN=H1-6 PE=1 SV=2,False,False
Q63604,-0.0467350637281356,26.7788052802916,-0.335635662533932,0.739724462719413,0.970824342573672,-5.28449101390326,BDNF/NT-3 growth factors receptor OS=Rattus norvegicus OX=10116 GN=Ntrk2 PE=1 SV=1,False,False
Q71LX6,-0.186526118711487,31.7752801406571,-1.24584294499802,0.223461889525646,0.807198042668015,-4.73093378277388,Xin actin-binding repeat-containing protein 2 OS=Rattus norvegicus OX=10116 GN=Xirp2 PE=1 SV=1,False,False
Q68FR9,0.349688990247515,25.7710968662928,1.2856520068399,0.209418292924097,0.807198042668015,-4.69347085758062,Elongation factor 1-delta OS=Rattus norvegicus OX=10116 GN=Eef1d PE=1 SV=2,False,False
Q8CFD0,0.190115566196464,24.7727028617299,1.3416060736524,0.190833737281874,0.807198042668015,-4.63911313091029,Sideroflexin-5 OS=Rattus norvegicus OX=10116 GN=Sfxn5 PE=1 SV=1,False,False
Q9Z2G8,-0.121454404730098,26.529515547031,-1.23357322586312,0.227930778610239,0.807198042668015,-4.74227490873933,Nucleosome assembly protein 1-like 1 OS=Rattus norvegicus OX=10116 GN=Nap1l1 PE=1 SV=1,False,False
D4A3K5,-0.0516966081419881,28.56828646249,-0.429024965926435,0.671288869783075,0.95030998738708,-5.25618662732203,Histone H1.1 OS=Rattus norvegicus OX=10116 GN=H1-1 PE=1 SV=1,False,False
Q5EB77,0.027549427177604,23.6219182290774,0.112808729183677,0.911011840815384,0.988175537761941,-5.32425080875994,Ras-related protein Rab-18 OS=Rattus norvegicus OX=10116 GN=Rab18 PE=2 SV=1,False,False
Q6PTT0,0.137606759601631,24.9490613135335,0.565602149719528,0.576307365185159,0.909776552503948,-5.20259445136889,Aminoacylase-1B OS=Rattus norvegicus OX=10116 GN=Acy1b PE=1 SV=1,False,False
P18420,0.0469129564173372,25.7507284871741,0.292721149712164,0.771959936043188,0.978633070658885,-5.29520280239347,Proteasome subunit alpha type-1 OS=Rattus norvegicus OX=10116 GN=Psma1 PE=1 SV=2,False,False
P17475,-0.20261753785795,26.2209449597727,-0.748779422906268,0.460425832315972,0.871186127339316,-5.10840678695025,Alpha-1-antiproteinase OS=Rattus norvegicus OX=10116 GN=Serpina1 PE=1 SV=2,False,False
Q6AYS7,0.581754494258004,27.4158687011085,1.2157278862688,0.234549947940342,0.807198042668015,-4.75859547421695,Aminoacylase-1A OS=Rattus norvegicus OX=10116 GN=Acy1a PE=1 SV=1,False,False
Q03555,0.220877210436946,29.7210153119333,1.19302989038644,0.243175418352408,0.807198042668015,-4.77905397627734,Gephyrin OS=Rattus norvegicus OX=10116 GN=Gphn PE=1 SV=3,False,False
P29266,-0.0855405631442672,27.3829032827404,-0.438843883822352,0.664245864273931,0.945380932019117,-5.252815126768,"3-hydroxyisobutyrate dehydrogenase, mitochondrial OS=Rattus norvegicus OX=10116 GN=Hibadh PE=1 SV=3",False,False
P23928,-0.589037914644535,25.7090902718051,-1.12088997126415,0.272147744226568,0.807198042668015,-4.84181743861441,Alpha-crystallin B chain OS=Rattus norvegicus OX=10116 GN=Cryab PE=1 SV=1,False,False
P13803,0.24997304378039,26.8061320614901,1.69928544784988,0.100692553372011,0.807198042668015,-4.24731091501308,"Electron transfer flavoprotein subunit alpha, mitochondrial OS=Rattus norvegicus OX=10116 GN=Etfa PE=1 SV=4",False,False
Q5FVI3,-0.255145940470364,26.9828895357374,-0.618019551133985,0.54171039736667,0.892843320274034,-5.17822631282296,Leucine-rich repeat-containing protein 57 OS=Rattus norvegicus OX=10116 GN=Lrrc57 PE=2 SV=1,False,False
P01041,-0.405859045324668,24.6534922690114,-1.04641384632749,0.304593409543114,0.818283477100631,-4.90294353413595,Cystatin-B OS=Rattus norvegicus OX=10116 GN=Cstb PE=1 SV=1,False,False
P57790,-0.270737849854733,27.6313033969857,-1.41840053173433,0.167446679208292,0.807198042668015,-4.56134039472162,Kelch-like ECH-associated protein 1 OS=Rattus norvegicus OX=10116 GN=Keap1 PE=2 SV=1,False,False
Q8VIL3,-0.0979484086143998,27.3892933804091,-0.98393718564309,0.333830565201755,0.833038023302998,-4.95128486084644,Outer kinetochore KNL1 complex subunit ZWINT OS=Rattus norvegicus OX=10116 GN=Zwint PE=1 SV=1,False,False
Q9JHZ4,-0.0317590444825022,29.4425811888434,-0.207670356846699,0.837035620619637,0.988175537761941,-5.31213533474785,GRIP1-associated protein 1 OS=Rattus norvegicus OX=10116 GN=Gripap1 PE=1 SV=1,False,False
Q4V882,-0.308717164890151,26.2724416021558,-1.27054636421815,0.214665677732419,0.807198042668015,-4.70780573561575,Epsin-3 OS=Rattus norvegicus OX=10116 GN=Epn3 PE=1 SV=1,False,False
Q5I0D1,-0.154103951888064,27.4138158276274,-0.957830023333878,0.346597324118319,0.843825841059925,-4.97067940018612,Glyoxalase domain-containing protein 4 OS=Rattus norvegicus OX=10116 GN=Glod4 PE=1 SV=1,False,False
Q6DGG1,0.662371285671167,25.2018144616877,2.68593432691323,0.012186471674328,0.743363742391486,-2.84855534103869,Putative protein-lysine deacylase ABHD14B OS=Rattus norvegicus OX=10116 GN=Abhd14b PE=2 SV=1,False,False
Q6MGD0,-0.128339223791297,22.7003773586622,-1.01894402634167,0.317220336064296,0.820717785657196,-4.92453153072873,Protein CutA OS=Rattus norvegicus OX=10116 GN=Cuta PE=1 SV=2,False,False
Q6P730,-0.0814538848240822,28.0868277021622,-0.635269168000957,0.530568903628135,0.886350431048525,-5.1697510932016,Disabled homolog 2-interacting protein OS=Rattus norvegicus OX=10116 GN=Dab2ip PE=1 SV=1,False,False
P50279,-0.0368774152133824,25.6522425356486,-0.068740054471183,0.945700107022063,0.988923602371226,-5.32744198597027,Syntaxin-2 OS=Rattus norvegicus OX=10116 GN=Stx2 PE=1 SV=2,False,False
Q4QQS8,-0.0776769411042899,28.3798611313641,-0.62519865005359,0.537058484572844,0.890490750168154,-5.17472636966642,Nuclear pore complex protein Nup85 OS=Rattus norvegicus OX=10116 GN=Nup85 PE=2 SV=1,False,False
P29995,-0.2060510398947,28.6785457106008,-1.73078007182061,0.0948385162434701,0.807198042668015,-4.20936350260449,"Inositol 1,4,5-trisphosphate-gated calcium channel ITPR2 OS=Rattus norvegicus OX=10116 GN=Itpr2 PE=1 SV=1",False,False
Q4FZT2,0.0045056262347849,28.9138034397365,0.0254875343404771,0.979852430836104,0.998202127515506,-5.32906804324572,Protein phosphatase methylesterase 1 OS=Rattus norvegicus OX=10116 GN=Ppme1 PE=1 SV=2,False,False
P55260,-0.426277517293794,27.1903949917032,-3.38247862882151,0.0021950526222484,0.475448397979003,-1.68330130067066,Annexin A4 OS=Rattus norvegicus OX=10116 GN=Anxa4 PE=1 SV=3,False,False
P11662,-0.0161166936874331,25.0696600023033,-0.060767237770555,0.951989521527688,0.990269542689437,-5.32785391501796,NADH-ubiquinone oxidoreductase chain 2 OS=Rattus norvegicus OX=10116 GN=Mt-nd2 PE=3 SV=3,False,False
Q63569,-0.0573592218838037,27.1725527444691,-0.31699738383898,0.753669409065578,0.972705353727001,-5.28932139262866,26S proteasome regulatory subunit 6A OS=Rattus norvegicus OX=10116 GN=Psmc3 PE=1 SV=1,False,False
P00159,0.241953597216519,25.8042046970217,1.42482754644737,0.165597081831513,0.807198042668015,-4.55466814294735,Cytochrome b OS=Rattus norvegicus OX=10116 GN=Mt-cyb PE=3 SV=3,False,False
Q68FR2,0.0148679688045164,28.2713238871121,0.123635570835525,0.902514220565425,0.988175537761941,-5.32322997650633,Bridging integrator 2 OS=Rattus norvegicus OX=10116 GN=Bin2 PE=1 SV=1,False,False
Q03114,-0.133346188441891,27.0882579313111,-1.1586275851425,0.256693931434247,0.807198042668015,-4.80941607739073,Cyclin-dependent kinase 5 OS=Rattus norvegicus OX=10116 GN=Cdk5 PE=1 SV=1,False,False
Q5HZY2,0.276808587440925,25.4858856122355,1.4815528359701,0.149968583105026,0.807198042668015,-4.49470421230697,Small COPII coat GTPase SAR1B OS=Rattus norvegicus OX=10116 GN=Sar1b PE=2 SV=1,False,False
P97612,0.0155850174003902,24.6861062477681,0.0668943164276041,0.947155828206256,0.988923602371226,-5.32754185907336,Fatty-acid amide hydrolase 1 OS=Rattus norvegicus OX=10116 GN=Faah PE=1 SV=1,False,False
Q62871,-0.20424748950143,26.9348440249736,-1.05762459336085,0.299542766760677,0.811641035623203,-4.89398400291214,Cytoplasmic dynein 1 intermediate chain 2 OS=Rattus norvegicus OX=10116 GN=Dync1i2 PE=1 SV=1,False,False
P04644,-0.196979175102832,25.3119149271883,-0.368838703562928,0.715107544551728,0.967620262258566,-5.27520988170621,Small ribosomal subunit protein eS17 OS=Rattus norvegicus OX=10116 GN=Rps17 PE=1 SV=3,False,False
Q9Z1Y3,0.105625117789849,25.6742112720409,0.456594709525653,0.651592879257095,0.945380932019117,-5.24652989653247,Cadherin-2 OS=Rattus norvegicus OX=10116 GN=Cdh2 PE=1 SV=1,False,False
P21807,0.185358394584767,27.3883200887397,1.2085994287261,0.237233852742232,0.807198042668015,-4.76505689705843,Peripherin OS=Rattus norvegicus OX=10116 GN=Prph PE=1 SV=1,False,False
Q71UE8,-0.0161470632764846,25.7291278367709,-0.115284199423189,0.909067942484913,0.988175537761941,-5.32402563753151,Ubiquitin-like protein NEDD8 OS=Rattus norvegicus OX=10116 GN=Nedd8 PE=1 SV=1,False,False
P63036,-0.0447084513471161,26.62377354352,-0.179160443945025,0.859141521349681,0.988175537761941,-5.31652849131334,DnaJ homolog subfamily A member 1 OS=Rattus norvegicus OX=10116 GN=Dnaja1 PE=1 SV=1,False,False
Q9Z269,-0.219698898983882,26.3244307945341,-1.20206059270994,0.23971585083484,0.807198042668015,-4.77095467670048,Vesicle-associated membrane protein-associated protein B OS=Rattus norvegicus OX=10116 GN=Vapb PE=1 SV=3,False,False
Q920J4,-0.0762034473779565,28.8516989236318,-0.474589397787395,0.638873331337189,0.945218330380022,-5.23990883458834,Thioredoxin-like protein 1 OS=Rattus norvegicus OX=10116 GN=Txnl1 PE=1 SV=3,False,False
P60868,-0.07402633560665,28.623791572479,-0.507327245899272,0.616019963710242,0.930473669035135,-5.22722078071348,Small ribosomal subunit protein uS10 OS=Rattus norvegicus OX=10116 GN=Rps20 PE=1 SV=1,False,False
P46844,-0.154750721770924,27.3551922209333,-0.957522341178655,0.346749718158838,0.843825841059925,-4.97090511682828,Biliverdin reductase A OS=Rattus norvegicus OX=10116 GN=Blvra PE=1 SV=1,False,False
O70441,-0.0236257223306353,27.1343601298034,-0.117975835345021,0.906954949665118,0.988175537761941,-5.32377526407001,Synapsin-3 OS=Rattus norvegicus OX=10116 GN=Syn3 PE=1 SV=1,False,False
Q6AXY0,0.112108964830828,27.1412311457637,0.357335216753263,0.723602513878904,0.967620262258566,-5.27852333390022,Glutathione S-transferase A6 OS=Rattus norvegicus OX=10116 GN=Gsta6 PE=1 SV=1,False,False
Q9EPB1,-1.00516755991343,24.6348912473518,-1.9547664985298,0.0609747636752821,0.807198042668015,-3.92488799642577,Dipeptidyl peptidase 2 OS=Rattus norvegicus OX=10116 GN=Dpp7 PE=1 SV=1,False,False
P23977,-0.263343667634565,26.7317009272205,-1.26318957540769,0.217257247895145,0.807198042668015,-4.71473434014652,Sodium-dependent dopamine transporter OS=Rattus norvegicus OX=10116 GN=Slc6a3 PE=1 SV=1,False,False
Q64232,-0.291398305474249,28.6951643186489,-1.19107863897651,0.243927767496741,0.807198042668015,-4.78079694930396,Very-long-chain enoyl-CoA reductase OS=Rattus norvegicus OX=10116 GN=Tecr PE=1 SV=1,False,False
P62278,0.217304174809787,27.9324783407689,1.19302640890796,0.243176759180016,0.807198042668015,-4.77905708836693,Small ribosomal subunit protein uS15 OS=Rattus norvegicus OX=10116 GN=Rps13 PE=1 SV=2,False,False
Q9Z250,0.0291134188454052,27.176200349973,0.159299181798393,0.874611826561897,0.988175537761941,-5.31920733803275,Protein lin-7 homolog A OS=Rattus norvegicus OX=10116 GN=Lin7a PE=1 SV=2,False,False
P18445,-0.0228320115943212,26.9575767076518,-0.143637136478947,0.886847402373881,0.988175537761941,-5.32109857811399,Large ribosomal subunit protein uL15 OS=Rattus norvegicus OX=10116 GN=Rpl27a PE=1 SV=3,False,False
P09216,0.215916513396984,27.0919112115733,2.0475199869431,0.0503905545538404,0.807198042668015,-3.80004137138737,Protein kinase C epsilon type OS=Rattus norvegicus OX=10116 GN=Prkce PE=1 SV=1,False,False
P20689,-0.126075439411427,28.1565379240362,-1.0396036645783,0.307690511763856,0.819457580030915,-4.90834402279771,"Myosin light chain kinase 2, skeletal/cardiac muscle OS=Rattus norvegicus OX=10116 GN=Mylk2 PE=1 SV=2",False,False
Q9JHL4,0.0299015440177648,28.9664598961445,0.16234763921381,0.872233873904951,0.988175537761941,-5.31881654215817,Drebrin-like protein OS=Rattus norvegicus OX=10116 GN=Dbnl PE=1 SV=1,False,False
P70600,0.0746827148202875,30.2966864704797,0.454517463343896,0.65306819529295,0.945380932019117,-5.24727804842916,Protein-tyrosine kinase 2-beta OS=Rattus norvegicus OX=10116 GN=Ptk2b PE=1 SV=1,False,False
P04177,-0.150052062194248,27.5161341637174,-1.05710602525748,0.299775082409309,0.811641035623203,-4.8944003390662,Tyrosine 3-monooxygenase OS=Rattus norvegicus OX=10116 GN=Th PE=1 SV=3,False,False
Q6XVN8,-0.209736325747784,26.4308250601073,-1.66898107356862,0.106609457311121,0.807198042668015,-4.28332321271887,Microtubule-associated proteins 1A/1B light chain 3A OS=Rattus norvegicus OX=10116 GN=Map1lc3a PE=1 SV=1,False,False
P04041,0.440691416565684,20.6221973822912,0.80497830054385,0.427822905917247,0.871186127339316,-5.07449630358625,Glutathione peroxidase 1 OS=Rattus norvegicus OX=10116 GN=Gpx1 PE=1 SV=4,False,False
Q62625,0.262737378133263,23.1641325764735,0.550687385781123,0.586349335369779,0.916416025134493,-5.20914523087936,Microtubule-associated proteins 1A/1B light chain 3B OS=Rattus norvegicus OX=10116 GN=Map1lc3b PE=1 SV=3,False,False
H1UBN0,-0.170710388489439,24.7227722732036,-1.27383369839012,0.213515285123463,0.807198042668015,-4.70469853634189,Copine-7 OS=Rattus norvegicus OX=10116 GN=Cpne7 PE=1 SV=1,False,False
P20070,-0.153343465588851,27.0652311758811,-0.348944113058293,0.729821919331734,0.967620262258566,-5.2808748395994,NADH-cytochrome b5 reductase 3 OS=Rattus norvegicus OX=10116 GN=Cyb5r3 PE=1 SV=2,False,False
P01026,0.132480730485316,30.3346024304006,1.292123977558,0.207200304703015,0.807198042668015,-4.68728464719382,Complement C3 OS=Rattus norvegicus OX=10116 GN=C3 PE=1 SV=3,False,False
P49185,0.197898867888782,25.3731233116629,0.932389650771878,0.359349915302258,0.849729166533504,-4.9891169305787,Mitogen-activated protein kinase 8 OS=Rattus norvegicus OX=10116 GN=Mapk8 PE=1 SV=1,False,False
P62271,0.0759839332167154,25.529030115337,0.333399081746331,0.741393192562825,0.970824342573672,-5.2850850803287,Small ribosomal subunit protein uS13 OS=Rattus norvegicus OX=10116 GN=Rps18 PE=1 SV=3,False,False
P00884,-0.20764024007698,27.0041371973429,-1.28173038474184,0.210771066833569,0.807198042668015,-4.69720636344139,Fructose-bisphosphate aldolase B OS=Rattus norvegicus OX=10116 GN=Aldob PE=1 SV=2,False,False
Q9JJL4,-0.246885413504568,27.5407301210159,-1.17708728813026,0.249373060087468,0.807198042668015,-4.79322145623213,Rho-related GTP-binding protein RhoQ OS=Rattus norvegicus OX=10116 GN=Rhoq PE=2 SV=1,False,False
P19629,0.25373095518438,28.508120969249,1.13046110486825,0.268165988558514,0.807198042668015,-4.83368984987109,L-lactate dehydrogenase C chain OS=Rattus norvegicus OX=10116 GN=Ldhc PE=1 SV=3,False,False
Q07205,-0.0217925932760146,26.9197992137005,-0.129579140370178,0.897854257803996,0.988175537761941,-5.32262988142479,Eukaryotic translation initiation factor 5 OS=Rattus norvegicus OX=10116 GN=Eif5 PE=1 SV=1,False,False
Q6JE36,-0.345669025638987,25.9187426720851,-1.45947590467665,0.155904009900877,0.807198042668015,-4.5182696891232,Protein NDRG1 OS=Rattus norvegicus OX=10116 GN=Ndrg1 PE=1 SV=1,False,False
P21818,0.0747323654498508,26.8257666140591,0.597384955379338,0.555198461823688,0.8974495823301,-5.18806848751695,Stathmin-2 OS=Rattus norvegicus OX=10116 GN=Stmn2 PE=1 SV=2,False,False
Q9JJW1,0.0177741166867698,25.4937235370937,0.115207916644864,0.909127836103902,0.988175537761941,-5.32403264918693,Tetraspanin-2 OS=Rattus norvegicus OX=10116 GN=Tspan2 PE=1 SV=1,False,False
P09215,0.0091630906693822,28.3659298894534,0.0801901405353083,0.936673976877101,0.988923602371226,-5.32676171646996,Protein kinase C delta type OS=Rattus norvegicus OX=10116 GN=Prkcd PE=1 SV=1,False,False
P70618,-0.0707227950555733,25.248568016329,-0.256549949545219,0.799459533399162,0.979620252841438,-5.30310341019664,Mitogen-activated protein kinase 14 OS=Rattus norvegicus OX=10116 GN=Mapk14 PE=1 SV=3,False,False
P27274,0.104317718782546,23.2190206616221,0.317759235739865,0.753097696486743,0.972705353727001,-5.28912930534352,CD59 glycoprotein OS=Rattus norvegicus OX=10116 GN=Cd59 PE=1 SV=2,False,False
E9PT87,0.255043080715915,28.063105278616,1.14806641216313,0.260952593657204,0.807198042668015,-4.81857965657816,Myosin light chain kinase 3 OS=Rattus norvegicus OX=10116 GN=Mylk3 PE=1 SV=1,False,False
B0BNN3,-0.365716885964531,23.9444758335651,-0.572861084089066,0.571451171723915,0.906122428956077,-5.19934470853692,Carbonic anhydrase 1 OS=Rattus norvegicus OX=10116 GN=Ca1 PE=1 SV=1,False,False
P16409,-0.120095733981216,24.7541223927109,-0.272448345314063,0.787337879440199,0.978633070658885,-5.29975814287,Myosin light chain 3 OS=Rattus norvegicus OX=10116 GN=Myl3 PE=1 SV=2,False,False
O35331,0.013911735870785,27.4598106246265,0.108911440804442,0.914073377602072,0.988175537761941,-5.32459541660422,Pyridoxal kinase OS=Rattus norvegicus OX=10116 GN=Pdxk PE=1 SV=1,False,False
B0LPN4,-0.135355065176093,30.9489275200642,-1.01368522870623,0.319678408412561,0.820717785657196,-4.92860484280351,Ryanodine receptor 2 OS=Rattus norvegicus OX=10116 GN=Ryr2 PE=1 SV=2,False,False
Q9WVK7,-0.0810055082042318,25.3945723839836,-0.264503781999488,0.793388583599724,0.978633070658885,-5.30145477690448,"Hydroxyacyl-coenzyme A dehydrogenase, mitochondrial OS=Rattus norvegicus OX=10116 GN=Hadh PE=2 SV=1",False,False
P62425,-0.27716201209347,26.1756558380808,-1.99981715273811,0.0556122880073526,0.807198042668015,-3.8647393075337,Large ribosomal subunit protein eL8 OS=Rattus norvegicus OX=10116 GN=Rpl7a PE=1 SV=2,False,False
P29066,-0.179097600034797,27.3435280621739,-1.72559673541665,0.0957817115449954,0.807198042668015,-4.21564498025812,Beta-arrestin-1 OS=Rattus norvegicus OX=10116 GN=Arrb1 PE=1 SV=1,False,False
Q64537,-0.268344171900047,26.6770552860068,-0.807138860222723,0.426598429513727,0.871186127339316,-5.07314637875319,Calpain small subunit 1 OS=Rattus norvegicus OX=10116 GN=Capns1 PE=1 SV=3,False,False
B0BN85,-0.0148763048315743,28.4289291364945,-0.0574480189977217,0.954608866636908,0.990269542689437,-5.32801046024712,Protein SGT1 homolog OS=Rattus norvegicus OX=10116 GN=Sugt1 PE=2 SV=1,False,False
Q29RW1,-0.112833628272853,31.3536506824667,-0.904294193240919,0.373790759684594,0.862163467515463,-5.00894553030754,Myosin-4 OS=Rattus norvegicus OX=10116 GN=Myh4 PE=1 SV=1,False,False
Q5PPG6,-0.393776578642104,23.6390426068062,-1.32233696540931,0.197083726429972,0.807198042668015,-4.6580548860297,Nucleosome assembly protein 1-like 5 OS=Rattus norvegicus OX=10116 GN=Nap1l5 PE=2 SV=1,False,False
Q6VBQ5,0.658272940806171,24.724030426425,1.94200633534055,0.0625736164365915,0.807198042668015,-3.94175298107988,Myeloid-associated differentiation marker OS=Rattus norvegicus OX=10116 GN=Myadm PE=1 SV=1,False,False
P97526,0.058346091667719,30.1522506412419,0.656039194170586,0.517318337088796,0.885477222241516,-5.15924800652136,Neurofibromin OS=Rattus norvegicus OX=10116 GN=Nf1 PE=1 SV=1,False,False
O35180,-0.0692923787295143,28.8039594270096,-0.56439391690884,0.577117659505785,0.909776552503948,-5.20313145649517,Endophilin-A3 OS=Rattus norvegicus OX=10116 GN=Sh3gl3 PE=1 SV=2,False,False
O88377,-0.179808832921019,27.1759122892965,-1.3401069551902,0.191314389864824,0.807198042668015,-4.64059510653519,Phosphatidylinositol 5-phosphate 4-kinase type-2 beta OS=Rattus norvegicus OX=10116 GN=Pip4k2b PE=1 SV=1,False,False
Q63538,0.375284554263803,24.6234041149244,1.75686079275594,0.0902111352825891,0.807198042668015,-4.1775432114871,Mitogen-activated protein kinase 12 OS=Rattus norvegicus OX=10116 GN=Mapk12 PE=1 SV=1,False,False
P18163,0.342029751667003,27.63037183838,2.36325323766243,0.0255254765528507,0.807198042668015,-3.34775877683629,Long-chain-fatty-acid--CoA ligase 1 OS=Rattus norvegicus OX=10116 GN=Acsl1 PE=1 SV=1,False,False
P13234,-0.0265097845142606,26.5778141101966,-0.256344967278324,0.799616162060786,0.979620252841438,-5.30314523669542,Calcium/calmodulin-dependent protein kinase type IV OS=Rattus norvegicus OX=10116 GN=Camk4 PE=1 SV=3,False,False
Q5U1Z2,0.487425672323585,26.9430487760719,2.1582921191489,0.0399050356390372,0.807198042668015,-3.64596323504788,Trafficking protein particle complex subunit 3 OS=Rattus norvegicus OX=10116 GN=Trappc3 PE=2 SV=1,False,False
Q9JJ79,0.309418185113582,31.1784962771923,0.981218946422701,0.335144699512016,0.834394734647157,-4.95332647710973,Cytoplasmic dynein 2 heavy chain 1 OS=Rattus norvegicus OX=10116 GN=Dync2h1 PE=1 SV=1,False,False
D3ZHV2,-0.171971594428115,32.5047559204279,-1.35754771485355,0.185780379145688,0.807198042668015,-4.62326727859496,Microtubule-actin cross-linking factor 1 OS=Rattus norvegicus OX=10116 GN=Macf1 PE=1 SV=1,False,False
Q9WTY9,-0.0984179014902296,23.8205222797234,-0.381530980008699,0.705777782029397,0.967620262258566,-5.27143372266348,Mitogen-activated protein kinase 13 OS=Rattus norvegicus OX=10116 GN=Mapk13 PE=1 SV=1,False,False
Q99MZ8,-0.508652466571366,25.5002433196833,-2.74804634966765,0.0105222300050687,0.743363742391486,-2.74889957981079,LIM and SH3 domain protein 1 OS=Rattus norvegicus OX=10116 GN=Lasp1 PE=1 SV=1,False,False
Q68FU3,-0.194074754966699,26.8610122488296,-1.26646381181022,0.21610091500048,0.807198042668015,-4.71165495384046,Electron transfer flavoprotein subunit beta OS=Rattus norvegicus OX=10116 GN=Etfb PE=1 SV=3,False,False
Q07310,0.0056411428832845,32.1530321267359,0.0290446058312648,0.977041380901467,0.998202127515506,-5.32899064526043,Neurexin-3 OS=Rattus norvegicus OX=10116 GN=Nrxn3 PE=1 SV=1,False,False
Q6AYE4,0.145615622321902,27.2617714871259,0.713069136742685,0.481884985495606,0.873975194057124,-5.12874283893469,V-type proton ATPase subunit C 2 OS=Rattus norvegicus OX=10116 GN=Atp6v1c2 PE=2 SV=1,False,False
P19493,-0.361474397429355,28.284119529306,-1.64643884164479,0.111197209741184,0.807198042668015,-4.3097883435703,Glutamate receptor 4 OS=Rattus norvegicus OX=10116 GN=Gria4 PE=1 SV=1,False,False
P08934,0.0069508927232959,31.4267164619246,0.0279635780571299,0.977895655493186,0.998202127515506,-5.3290152351895,Kininogen-1 OS=Rattus norvegicus OX=10116 GN=Kng1 PE=2 SV=1,False,False
D3Z987,-0.297902340548806,31.6574011744934,-1.13182013551375,0.267604051800107,0.807198042668015,-4.83253081086856,RNA-binding protein 44 OS=Rattus norvegicus OX=10116 GN=Rbm44 PE=1 SV=1,False,False
P62198,-0.229988954451667,27.4459471050732,-1.35753992503495,0.185782822697204,0.807198042668015,-4.62327506014217,26S proteasome regulatory subunit 8 OS=Rattus norvegicus OX=10116 GN=Psmc5 PE=1 SV=1,False,False
Q9ERQ6,-0.227310327186899,25.1969752698143,-1.43196124192258,0.163563158151666,0.807198042668015,-4.54723304573927,Chondroitin sulfate proteoglycan 5 OS=Rattus norvegicus OX=10116 GN=Cspg5 PE=1 SV=1,False,False
P37397,-0.398946629296876,26.2682669438409,-2.06897733545891,0.0481865805485571,0.807198042668015,-3.77060878937528,Calponin-3 OS=Rattus norvegicus OX=10116 GN=Cnn3 PE=1 SV=1,False,False
D3ZFD0,0.0320037481961606,31.5703823354459,0.300076758854792,0.76640327407209,0.973053629331856,-5.2934698029389,Unconventional myosin-XVIIIa OS=Rattus norvegicus OX=10116 GN=Myo18a PE=1 SV=2,False,False
Q9JKS6,-0.160483863357467,31.4656841117152,-1.42466152046338,0.165644656554981,0.807198042668015,-4.554840818088,Protein piccolo OS=Rattus norvegicus OX=10116 GN=Pclo PE=1 SV=1,False,False
P19643,-0.156601255685398,24.1196649283503,-0.736234719792131,0.467899283439006,0.871186127339316,-5.11565844097595,Amine oxidase [flavin-containing] B OS=Rattus norvegicus OX=10116 GN=Maob PE=1 SV=3,False,False
Q04666,0.109517117699866,28.0427345104361,0.359672684774843,0.721873410244017,0.967620262258566,-5.2778584503482,Transcription factor HES-1 OS=Rattus norvegicus OX=10116 GN=Hes1 PE=1 SV=1,False,False
P83732,-0.0438626342447215,28.1000448361595,-0.306849153047108,0.761298378842105,0.973053629331856,-5.29183649547867,Large ribosomal subunit protein eL24 OS=Rattus norvegicus OX=10116 GN=Rpl24 PE=2 SV=1,False,False
P23505,1.04154646235323,26.8233715128739,1.99582857252702,0.0560697435179065,0.807198042668015,-3.87010229568321,Cell surface glycoprotein gp42 OS=Rattus norvegicus OX=10116 PE=2 SV=1,False,False
A2RUW1,0.0508132861411106,26.5061644088897,0.222411810034463,0.825657312175886,0.988175537761941,-5.30961080285233,Toll-interacting protein OS=Rattus norvegicus OX=10116 GN=Tollip PE=1 SV=1,False,False
O88480,-0.184290479177765,28.8076097375511,-1.65711940021981,0.109003397290383,0.807198042668015,-4.29728368565432,Calcineurin-binding protein cabin-1 OS=Rattus norvegicus OX=10116 GN=Cabin1 PE=1 SV=1,False,False
P80432,-0.391219315381097,23.4805098366158,-1.21676724430398,0.234160527839198,0.807198042668015,-4.75765060383155,"Cytochrome c oxidase subunit 7C, mitochondrial OS=Rattus norvegicus OX=10116 GN=Cox7c PE=1 SV=2",False,False
O35952,0.427664097316693,26.1831071063553,2.06248722941957,0.0488440165165978,0.807198042668015,-3.77953249839121,"Hydroxyacylglutathione hydrolase, mitochondrial OS=Rattus norvegicus OX=10116 GN=Hagh PE=1 SV=2",False,False
Q792I0,0.287290481024801,25.3551430210212,1.24120936356377,0.225141700404854,0.807198042668015,-4.73522812335567,Protein lin-7 homolog C OS=Rattus norvegicus OX=10116 GN=Lin7c PE=1 SV=1,False,False
P97544,-0.0112050648529021,22.5651483578335,-0.0591418518769367,0.953272120204453,0.990269542689437,-5.32793167158507,Phospholipid phosphatase 3 OS=Rattus norvegicus OX=10116 GN=Plpp3 PE=1 SV=1,False,False
P00564,0.13140302301802,29.2161270178017,1.21770168331713,0.233810831251338,0.807198042668015,-4.75680051339688,Creatine kinase M-type OS=Rattus norvegicus OX=10116 GN=Ckm PE=1 SV=2,False,False
Q63372,0.174039112251219,28.8243881763681,0.808734217888441,0.425695662257522,0.871186127339316,-5.07214740608047,Neurexin-1 OS=Rattus norvegicus OX=10116 GN=Nrxn1 PE=1 SV=3,False,False
Q7TQ16,-0.072129139088684,24.4106609062544,-0.537126483661894,0.595553516142497,0.9187812791771,-5.21495352827385,Cytochrome b-c1 complex subunit 8 OS=Rattus norvegicus OX=10116 GN=Uqcrq PE=3 SV=1,False,False
Q64361,0.35373738681244,26.7896837217286,1.80162338742903,0.0827162549065673,0.807198042668015,-4.12210750998396,Latexin OS=Rattus norvegicus OX=10116 GN=Lxn PE=1 SV=1,False,False
P18298,0.21612182835003,26.8250696751314,1.01593905109441,0.318623317729616,0.820717785657196,-4.92686144439764,S-adenosylmethionine synthase isoform type-2 OS=Rattus norvegicus OX=10116 GN=Mat2a PE=1 SV=1,False,False
P25409,-0.459775575800602,26.8437595437004,-2.71955281094577,0.0112573268648199,0.743363742391486,-2.79474462893247,Alanine aminotransferase 1 OS=Rattus norvegicus OX=10116 GN=Gpt PE=1 SV=2,False,False
P70627,0.151250904000506,27.9346329628114,1.33897009623235,0.19167952021461,0.807198042668015,-4.64171803062459,Glutamate carboxypeptidase 2 OS=Rattus norvegicus OX=10116 GN=Folh1 PE=1 SV=1,False,False
Q05030,-0.0643941293739694,28.9434745854817,-0.650588442337432,0.520778145404312,0.885477222241516,-5.16203584069685,Platelet-derived growth factor receptor beta OS=Rattus norvegicus OX=10116 GN=Pdgfrb PE=2 SV=2,False,False
Q8R431,-0.639438152934705,23.1644080519429,-1.08946227383535,0.285522119548145,0.807198042668015,-4.86807116789232,Monoglyceride lipase OS=Rattus norvegicus OX=10116 GN=Mgll PE=1 SV=1,False,False
Q9ES40,-0.395783258270416,23.7280074614824,-1.78146951641665,0.0860222149359944,0.807198042668015,-4.14719433223599,PRA1 family protein 3 OS=Rattus norvegicus OX=10116 GN=Arl6ip5 PE=1 SV=1,False,False
P11950,-0.220945941111907,26.386259443195,-1.801735541507,0.0826981659909706,0.807198042668015,-4.12196732470624,Cytochrome c oxidase subunit 6C-1 OS=Rattus norvegicus OX=10116 GN=Cox6c1 PE=1 SV=3,False,False
P24135,0.140097569820032,30.5918876318493,1.01039715122189,0.321221993408205,0.820717785657196,-4.93114194838162,"1-phosphatidylinositol 4,5-bisphosphate phosphodiesterase gamma-2 OS=Rattus norvegicus OX=10116 GN=Plcg2 PE=1 SV=1",False,False
Q9ERC1,-0.295705270506286,28.6732840524583,-2.11951112837203,0.0433305828262024,0.807198042668015,-3.70050155465151,Unconventional myosin-XVI OS=Rattus norvegicus OX=10116 GN=Myo16 PE=1 SV=1,False,False
Q566C7,-0.159369988612315,28.2093623268016,-0.870454717388015,0.391680373062198,0.865693559237469,-5.03207964914417,Diphosphoinositol polyphosphate phosphohydrolase 1 OS=Rattus norvegicus OX=10116 GN=Nudt3 PE=1 SV=1,False,False
Q8VGC3,-0.131707226933848,30.2146174364802,-1.03491500845532,0.309835548657024,0.820717785657196,-4.912043580462,Voltage-dependent L-type calcium channel subunit beta-2 OS=Rattus norvegicus OX=10116 GN=Cacnb2 PE=1 SV=2,False,False
P18265,-0.0260092562097682,25.6456622170087,-0.205242695549237,0.838912959058617,0.988175537761941,-5.31253455075928,Glycogen synthase kinase-3 alpha OS=Rattus norvegicus OX=10116 GN=Gsk3a PE=1 SV=1,False,False
Q63797,0.0516806898701674,27.4734920748599,0.223545220715685,0.824784044947533,0.988175537761941,-5.3094095684569,Proteasome activator complex subunit 1 OS=Rattus norvegicus OX=10116 GN=Psme1 PE=2 SV=1,False,False
Q5U1X1,0.0868857092652355,27.4757237057538,0.757630524897372,0.455195503933966,0.871186127339316,-5.10322024776617,"Oligoribonuclease, mitochondrial OS=Rattus norvegicus OX=10116 GN=Rexo2 PE=2 SV=1",False,False
P04182,0.221930272545205,28.4729797685908,2.50488556481932,0.0185456906194503,0.807198042668015,-3.13273704272951,"Ornithine aminotransferase, mitochondrial OS=Rattus norvegicus OX=10116 GN=Oat PE=1 SV=1",False,False
P24587,-0.431620073805185,26.9135230327544,-2.24843533301407,0.0328625430383566,0.807198042668015,-3.51681622721863,A-kinase anchor protein 5 OS=Rattus norvegicus OX=10116 GN=Akap5 PE=1 SV=2,False,False
O54889,-0.0546939680579861,28.8685541351017,-0.548104438411635,0.588097079841619,0.916416025134493,-5.21026240417599,DNA-directed RNA polymerase I subunit RPA1 OS=Rattus norvegicus OX=10116 GN=Polr1a PE=1 SV=1,False,False
Q63269,-0.025659471471954,30.3302282495407,-0.200054941993973,0.842927941170891,0.988175537761941,-5.31337197427963,"Inositol 1,4,5-trisphosphate-gated calcium channel ITPR3 OS=Rattus norvegicus OX=10116 GN=Itpr3 PE=1 SV=1",False,False
Q9Z327,-0.168808695300644,29.2568586495911,-0.784940022309775,0.439282016310355,0.871186127339316,-5.08685357978706,Synaptopodin OS=Rattus norvegicus OX=10116 GN=Synpo PE=1 SV=2,False,False
P28492,-0.501495344469763,27.3536503190412,-2.36014730753769,0.0257024873042389,0.807198042668015,-3.35239606535897,"Glutaminase liver isoform, mitochondrial OS=Rattus norvegicus OX=10116 GN=Gls2 PE=2 SV=3",False,False
Q924S5,-0.0589842314236506,28.1305549215761,-0.776344976380255,0.444253725341573,0.871186127339316,-5.09206378351158,"Lon protease homolog, mitochondrial OS=Rattus norvegicus OX=10116 GN=Lonp1 PE=2 SV=1",False,False
Q64640,-0.209793170814464,25.4794637474878,-1.24621239482455,0.223328361513921,0.807198042668015,-4.73059078510407,Adenosine kinase OS=Rattus norvegicus OX=10116 GN=Adk PE=1 SV=3,False,False
P54283,-0.199706814480969,25.2450183026892,-1.22191979032486,0.232237145865147,0.807198042668015,-4.7529560840828,Voltage-dependent L-type calcium channel subunit beta-1 OS=Rattus norvegicus OX=10116 GN=Cacnb1 PE=1 SV=1,False,False
Q3SWU3,0.481895983128759,27.3653524187008,2.49661652287518,0.0188990879020484,0.807198042668015,-3.14547572814636,Heterogeneous nuclear ribonucleoprotein D-like OS=Rattus norvegicus OX=10116 GN=Hnrnpdl PE=1 SV=1,False,False
P54287,0.280994387600522,26.388442965698,1.22969081102344,0.229358750921749,0.807198042668015,-4.7458432001476,Voltage-dependent L-type calcium channel subunit beta-3 OS=Rattus norvegicus OX=10116 GN=Cacnb3 PE=1 SV=1,False,False
P04166,0.516317725015682,27.7054673871391,2.22368207692965,0.0346752970594565,0.807198042668015,-3.55260348840407,Cytochrome b5 type B OS=Rattus norvegicus OX=10116 GN=Cyb5b PE=1 SV=2,False,False
D4A055,-0.282250819255623,27.3208937947463,-1.80552401664207,0.0820891222035667,0.807198042668015,-4.11722822355124,Voltage-dependent L-type calcium channel subunit beta-4 OS=Rattus norvegicus OX=10116 GN=Cacnb4 PE=1 SV=2,False,False
Q03346,0.164718063410945,27.7377119744434,0.907783051411989,0.371977147685731,0.862163467515463,-5.00651379991542,Mitochondrial-processing peptidase subunit beta OS=Rattus norvegicus OX=10116 GN=Pmpcb PE=1 SV=3,False,False
G3V7W1,-0.154173920510114,23.4290353746077,-0.36039799459853,0.721337178625582,0.967620262258566,-5.27765126782298,Programmed cell death protein 6 OS=Rattus norvegicus OX=10116 GN=Pdcd6 PE=2 SV=1,False,False
F1M0Z1,-0.0299630289360131,29.634865183183,-0.301282650619538,0.765493505386811,0.973053629331856,-5.29318162171776,Triple functional domain protein OS=Rattus norvegicus OX=10116 GN=Trio PE=1 SV=4,False,False
D4ACE5,-0.144459060109227,28.6081149209887,-1.18219561561874,0.247374639512743,0.807198042668015,-4.78870014144308,Protein inturned OS=Rattus norvegicus OX=10116 GN=Intu PE=1 SV=1,False,False
P26770,-0.0906745401617108,27.7537431124063,-0.154775312506652,0.878142874519959,0.988175537761941,-5.31977365150413,Adenylate cyclase type 4 OS=Rattus norvegicus OX=10116 GN=Adcy4 PE=1 SV=1,False,False
M0R8U1,-0.236120427460556,31.0968898153641,-1.6478387201219,0.110907591966783,0.807198042668015,-4.30815294192791,Dynein axonemal heavy chain 5 (Fragment) OS=Rattus norvegicus OX=10116 GN=Dnah5 PE=1 SV=1,False,False
Q04400,-0.150073334351077,28.2857961964825,-0.95973277336774,0.345655898238061,0.843825841059925,-4.96928205594893,Adenylate cyclase type 5 OS=Rattus norvegicus OX=10116 GN=Adcy5 PE=1 SV=2,False,False
Q62745,0.741876412392383,23.9849637285976,3.73060711985064,0.0008922719226362,0.432448846713538,-1.07478612157405,CD81 antigen OS=Rattus norvegicus OX=10116 GN=Cd81 PE=1 SV=1,False,False
P31643,-0.229162815657155,23.8387947798373,-0.723181834707289,0.475750309888107,0.871186127339316,-5.12308001929769,Sodium- and chloride-dependent taurine transporter OS=Rattus norvegicus OX=10116 GN=Slc6a6 PE=1 SV=1,False,False
P59649,-0.0443125374696294,25.4849918660977,-0.324422325345178,0.748103674366641,0.972705353727001,-5.28742985837361,FXYD domain-containing ion transport regulator 7 OS=Rattus norvegicus OX=10116 GN=Fxyd7 PE=1 SV=1,False,False
Q6P7P5,-0.0136097123374554,27.7420321386946,-0.0915651392293034,0.927715537911924,0.988175537761941,-5.32598239801567,eIF5-mimic protein 2 OS=Rattus norvegicus OX=10116 GN=Bzw1 PE=1 SV=1,False,False
Q8R523,0.361030269299437,28.2287887379412,1.17064715389633,0.251909440501974,0.807198042668015,-4.79889698106003,Voltage-gated potassium channel regulatory subunit KCNG3 OS=Rattus norvegicus OX=10116 GN=Kcng3 PE=2 SV=2,False,False
Q5U4E6,-0.0647804331249517,30.8484109540076,-0.710540402494972,0.483426067729702,0.873975194057124,-5.1301469610288,Golgin subfamily A member 4 OS=Rattus norvegicus OX=10116 GN=Golga4 PE=1 SV=2,False,False
Q6PDU1,-0.251694493112566,26.9037583721997,-1.1039078196012,0.279317428826242,0.807198042668015,-4.85608664897448,Serine/arginine-rich splicing factor 2 OS=Rattus norvegicus OX=10116 GN=Srsf2 PE=1 SV=3,False,False
P27653,-0.0057111248038808,29.3635879735013,-0.0532059341551904,0.957957236750438,0.990679523436007,-5.32819773756822,"C-1-tetrahydrofolate synthase, cytoplasmic OS=Rattus norvegicus OX=10116 GN=Mthfd1 PE=1 SV=3",False,False
P97888,0.0506877941258352,26.8276887814331,0.287108795800674,0.776208028630861,0.978633070658885,-5.29649638302181,Serine/threonine-protein phosphatase 2A 55 kDa regulatory subunit B gamma isoform OS=Rattus norvegicus OX=10116 GN=Ppp2r2c PE=2 SV=1,False,False
Q7M767,-0.162821186770216,26.9412356594028,-0.792901924351433,0.434706776369134,0.871186127339316,-5.081978811899,Ubiquitin-conjugating enzyme E2 variant 2 OS=Rattus norvegicus OX=10116 GN=Ube2v2 PE=1 SV=3,False,False
P31646,0.269399056835844,23.3265983506784,0.834546931079142,0.411253232162075,0.867339482038663,-5.05572637531113,Sodium- and chloride-dependent GABA transporter 2 OS=Rattus norvegicus OX=10116 GN=Slc6a13 PE=1 SV=1,False,False
O54874,-0.0872152441140983,30.5700879380494,-0.636178195088958,0.529985188737442,0.886350431048525,-5.16929822239583,Serine/threonine-protein kinase MRCK alpha OS=Rattus norvegicus OX=10116 GN=Cdc42bpa PE=1 SV=1,False,False
Q5M7W5,-0.0724850044720675,28.3497230175602,-0.500070410680107,0.621053044814229,0.935466547334923,-5.23010465292248,Microtubule-associated protein 4 OS=Rattus norvegicus OX=10116 GN=Map4 PE=1 SV=1,False,False
P28570,-0.384599648739716,23.0690680738659,-1.50689624852442,0.143380778234604,0.807198042668015,-4.46729764548537,Sodium- and chloride-dependent creatine transporter 1 OS=Rattus norvegicus OX=10116 GN=Slc6a8 PE=1 SV=1,False,False
Q63170,-0.21345727720395,30.4759214260302,-1.97260577419934,0.0587994348131145,0.807198042668015,-3.90118239239824,Dynein axonemal heavy chain 7 OS=Rattus norvegicus OX=10116 GN=Dnah7 PE=2 SV=2,False,False
Q9Z1N4,-0.247549232312995,26.4153227712284,-1.57922170855061,0.125862085407776,0.807198042668015,-4.38703617028475,"3'(2'),5'-bisphosphate nucleotidase 1 OS=Rattus norvegicus OX=10116 GN=Bpnt1 PE=1 SV=1",False,False
P35171,-0.368401640448422,23.0676486470009,-1.39213443581175,0.175176442233412,0.807198042668015,-4.588348169252,"Cytochrome c oxidase subunit 7A2, mitochondrial OS=Rattus norvegicus OX=10116 GN=Cox7a2 PE=1 SV=1",False,False
Q9JIX5,-0.0435545072866645,30.3186226660173,-0.437102752827083,0.665492500914821,0.945837767048229,-5.25341844464175,Chromodomain-helicase-DNA-binding protein 8 OS=Rattus norvegicus OX=10116 GN=Chd8 PE=1 SV=2,False,False
Q03343,0.0175007642716984,27.2363373680272,0.0995592640344603,0.921425436650851,0.988175537761941,-5.32537299255723,Adenylate cyclase type 6 OS=Rattus norvegicus OX=10116 GN=Adcy6 PE=1 SV=1,False,False
Q812D1,-0.120508857386188,28.5921062534745,-1.09682335400011,0.282348173610201,0.807198042668015,-4.86198181798584,PC4 and SFRS1-interacting protein OS=Rattus norvegicus OX=10116 GN=Psip1 PE=1 SV=1,False,False
P48056,-0.879871334652222,21.1358650814607,-2.22263959431896,0.0347535832573167,0.807198042668015,-3.55410536840509,Sodium- and chloride-dependent betaine transporter OS=Rattus norvegicus OX=10116 GN=Slc6a12 PE=1 SV=1,False,False
G3V9R8,0.521858178763573,27.764084541204,2.27973753481107,0.0306929966002658,0.807198042668015,-3.4712194203862,Heterogeneous nuclear ribonucleoprotein C OS=Rattus norvegicus OX=10116 GN=Hnrnpc PE=1 SV=2,False,False
Q62645,0.650926433355831,27.167916386742,2.00860486276459,0.054615981944018,0.807198042668015,-3.85289790456729,"Glutamate receptor ionotropic, NMDA 2D OS=Rattus norvegicus OX=10116 GN=Grin2d PE=1 SV=2",False,False
G3V7L1,-0.038737386964133,31.0846794126307,-0.288474864367273,0.775173369658709,0.978633070658885,-5.29618380893026,Utrophin OS=Rattus norvegicus OX=10116 GN=Utrn PE=1 SV=3,False,False
Q63450,0.0331497109469332,27.6971686396411,0.171125035625734,0.865393939752541,0.988175537761941,-5.31765005989647,Calcium/calmodulin-dependent protein kinase type 1 OS=Rattus norvegicus OX=10116 GN=Camk1 PE=1 SV=2,False,False
Q6JEL3,0.0881708811153104,27.9206839234364,0.487160201791428,0.630053447875892,0.94246945310717,-5.2351347392458,Kelch-like protein 10 OS=Rattus norvegicus OX=10116 GN=Klhl10 PE=1 SV=1,False,False
Q5XIA3,0.518610646608586,28.2074225706472,3.10972697988459,0.0043649406975439,0.559136982615976,-2.15044887842412,tRNA wybutosine-synthesizing protein 4 OS=Rattus norvegicus OX=10116 GN=Lcmt2 PE=2 SV=1,False,False
Q6GQP4,-0.0045614294184375,25.0665440078501,-0.0185361691494717,0.985346621090588,0.998202127515506,-5.32919015180782,Ras-related protein Rab-31 OS=Rattus norvegicus OX=10116 GN=Rab31 PE=1 SV=3,False,False
O35923,-0.0799224026464351,29.8844317007811,-0.724239792683672,0.475111142299449,0.871186127339316,-5.12248319920232,Breast cancer type 2 susceptibility protein homolog OS=Rattus norvegicus OX=10116 GN=Brca2 PE=1 SV=1,False,False
P13437,0.105107430336901,25.8252890078487,0.346353240681474,0.731746070904678,0.967620262258566,-5.28158973543026,"3-ketoacyl-CoA thiolase, mitochondrial OS=Rattus norvegicus OX=10116 GN=Acaa2 PE=1 SV=1",False,False
P11530,0.063697099775144,30.3858509941285,0.498120459781102,0.622408673588813,0.936206379856507,-5.23087264265738,Dystrophin OS=Rattus norvegicus OX=10116 GN=Dmd PE=1 SV=2,False,False
Q920H8,-0.164077686363346,26.957738355488,-1.20282843049386,0.239423398534389,0.807198042668015,-4.77026356607835,Hephaestin OS=Rattus norvegicus OX=10116 GN=Heph PE=1 SV=1,False,False
Q5M823,-0.357795129142051,21.8207030294813,-0.457360138696233,0.651049613459183,0.945380932019117,-5.24625337154418,NudC domain-containing protein 2 OS=Rattus norvegicus OX=10116 GN=Nudcd2 PE=2 SV=1,False,False
P07896,-0.0247770509978338,28.7147027690883,-0.168794388877293,0.867209120476407,0.988175537761941,-5.31796576647386,Peroxisomal bifunctional enzyme OS=Rattus norvegicus OX=10116 GN=Ehhadh PE=1 SV=2,False,False
P26769,-0.169096739966538,28.6863029544263,-0.33593491313955,0.739501287482686,0.970824342573672,-5.28441123063774,Adenylate cyclase type 2 OS=Rattus norvegicus OX=10116 GN=Adcy2 PE=1 SV=1,False,False
P0C0A9,-0.646006985638166,23.7901021536323,-1.83408960383463,0.0776193680486495,0.807198042668015,-4.08126129430164,Small VCP/p97-interacting protein OS=Rattus norvegicus OX=10116 GN=Svip PE=1 SV=1,False,False
P60522,0.209560383640021,25.363019167122,1.6203473178303,0.116711521969973,0.807198042668015,-4.34007209927035,Gamma-aminobutyric acid receptor-associated protein-like 2 OS=Rattus norvegicus OX=10116 GN=Gabarapl2 PE=3 SV=1,False,False
Q5U211,-0.192062125014136,26.0120377721895,-1.52229398617564,0.139494034695011,0.807198042668015,-4.45046304795101,Sorting nexin-3 OS=Rattus norvegicus OX=10116 GN=Snx3 PE=1 SV=1,False,False
P07153,-0.169702989729171,27.3432810735531,-1.40040932757831,0.172711463119491,0.807198042668015,-4.5798849364702,Dolichyl-diphosphooligosaccharide--protein glycosyltransferase subunit 1 OS=Rattus norvegicus OX=10116 GN=Rpn1 PE=2 SV=1,False,False
B1WC61,-0.0180941239356365,28.2086129103694,-0.11997480754299,0.905386161959063,0.988175537761941,-5.32358558717611,"Complex I assembly factor ACAD9, mitochondrial OS=Rattus norvegicus OX=10116 GN=Acad9 PE=1 SV=1",False,False
P29117,-0.108605812374751,25.6047802991722,-0.361778669333346,0.720316826508787,0.967620262258566,-5.27725574242119,"Peptidyl-prolyl cis-trans isomerase F, mitochondrial OS=Rattus norvegicus OX=10116 GN=Ppif PE=1 SV=2",False,False
P19945,0.0081090973112836,27.3773817271092,0.0749248681886741,0.940823610820291,0.988923602371226,-5.32708751972145,Large ribosomal subunit protein uL10 OS=Rattus norvegicus OX=10116 GN=Rplp0 PE=1 SV=2,False,False
P47198,-0.397057709742782,25.8006604589306,-1.24461130841223,0.223907468060888,0.807198042668015,-4.7320765994741,Large ribosomal subunit protein eL22 OS=Rattus norvegicus OX=10116 GN=Rpl22 PE=2 SV=2,False,False
Q6AYN4,-0.0145662329654037,26.157354452491,-0.109749653288697,0.913414799745608,0.988175537761941,-5.32452232125434,Phytanoyl-CoA hydroxylase-interacting protein-like OS=Rattus norvegicus OX=10116 GN=Phyhipl PE=1 SV=2,False,False
O88794,0.0734665456672694,24.3611009147711,0.279708585497484,0.781820186504003,0.978633070658885,-5.29816404532027,Pyridoxine-5'-phosphate oxidase OS=Rattus norvegicus OX=10116 GN=Pnpo PE=1 SV=1,False,False
P38718,0.180357023023699,26.7103949052597,0.928159918302222,0.361500000460787,0.851096740215288,-4.99213797153003,Mitochondrial pyruvate carrier 2 OS=Rattus norvegicus OX=10116 GN=Mpc2 PE=2 SV=1,False,False
P0C2B9,0.216802101619411,26.4714595137234,0.984440805022941,0.33358747597589,0.833038023302998,-4.95090603477692,Large ribosomal subunit protein mL42 OS=Rattus norvegicus OX=10116 GN=Mrpl42 PE=1 SV=1,False,False
Q8CFG6,0.0577963148799299,29.0014469941761,0.343869074214705,0.733592650352566,0.968879073575401,-5.28227023884902,Voltage-dependent calcium channel subunit alpha-2/delta-2 OS=Rattus norvegicus OX=10116 GN=Cacna2d2 PE=2 SV=1,False,False
Q5FVM4,0.261142852061131,29.0256965990664,1.85570192863469,0.074378164354447,0.807198042668015,-4.0537777972805,Non-POU domain-containing octamer-binding protein OS=Rattus norvegicus OX=10116 GN=Nono PE=1 SV=3,False,False
F1LTE0,-0.168264288763289,29.0599008074184,-1.00679412253376,0.322919325956472,0.820717785657196,-4.93391345430141,Protein TANC2 OS=Rattus norvegicus OX=10116 GN=Tanc2 PE=1 SV=2,False,False
P21588,0.0699519516567015,27.3916139721285,0.609263575884322,0.547412709752501,0.892843320274034,-5.18244215334283,5'-nucleotidase OS=Rattus norvegicus OX=10116 GN=Nt5e PE=1 SV=1,False,False
P03889,0.173713161934685,24.5672102259179,1.60546328332651,0.11995752578523,0.807198042668015,-4.35717854982243,NADH-ubiquinone oxidoreductase chain 1 OS=Rattus norvegicus OX=10116 GN=Mt-nd1 PE=1 SV=3,False,False
Q9QYJ4,-0.211440188959813,29.1410169297996,-1.11344938652173,0.275272550447312,0.807198042668015,-4.84809328818898,ABC-type oligopeptide transporter ABCB9 OS=Rattus norvegicus OX=10116 GN=Abcb9 PE=1 SV=1,False,False
P97690,-0.107419840927676,30.0913364074435,-1.24771060083368,0.222787491756605,0.807198042668015,-4.72919894638135,Structural maintenance of chromosomes protein 3 OS=Rattus norvegicus OX=10116 GN=Smc3 PE=1 SV=1,False,False
Q8K4B7,0.145880015422023,27.662839102715,1.12926183591425,0.268662577066684,0.807198042668015,-4.8347116093971,Dimethylaniline monooxygenase [N-oxide-forming] 4 OS=Rattus norvegicus OX=10116 GN=Fmo4 PE=1 SV=3,False,False
Q9Z2A6,0.10699422918556,28.8046035076466,0.793210237287569,0.434530193108437,0.871186127339316,-5.08178910927036,Mitogen-activated protein kinase 15 OS=Rattus norvegicus OX=10116 GN=Mapk15 PE=1 SV=2,False,False
O70127,-0.0765062051577488,28.1919294338822,-0.640164735924407,0.527429380297953,0.886350431048525,-5.1673047874398,Bile salt export pump OS=Rattus norvegicus OX=10116 GN=Abcb11 PE=1 SV=1,False,False
P20786,-0.136093395573546,27.381899990099,-1.11131833385999,0.27617226992062,0.807198042668015,-4.84988388345893,Platelet-derived growth factor receptor alpha OS=Rattus norvegicus OX=10116 GN=Pdgfra PE=1 SV=2,False,False
F1LMY4,-0.116888825928349,30.5494653248521,-0.950549451364136,0.350215444535337,0.843825841059925,-4.976002566694,Ryanodine receptor 1 OS=Rattus norvegicus OX=10116 GN=Ryr1 PE=1 SV=1,False,False
O08560,0.0834458670856293,28.2787478676009,0.392747261876378,0.697571626306005,0.963609784807913,-5.26799178370026,Diacylglycerol kinase zeta OS=Rattus norvegicus OX=10116 GN=Dgkz PE=1 SV=1,False,False
