"category","term","number_of_genes","number_of_genes_in_background","ncbiTaxonId","inputGenes","preferredNames","p_value","fdr","description"
"COMPARTMENTS","GOCC:0005737",85,5638,10116,"10116.ENSRNOP00000000617,10116.ENSRNOP00000000749,10116.ENSRNOP00000000772,10116.ENSRNOP00000001417,10116.ENSRNOP00000002410,10116.ENSRNOP00000003787,10116.ENSRNOP00000004249,10116.ENSRNOP00000004385,10116.ENSRNOP00000004699,10116.ENSRNOP00000004799,10116.ENSRNOP00000006329,10116.ENSRNOP00000007794,10116.ENSRNOP00000008342,10116.ENSRNOP00000008980,10116.ENSRNOP00000008999,10116.ENSRNOP00000009183,10116.ENSRNOP00000009556,10116.ENSRNOP00000009813,10116.ENSRNOP00000011275,10116.ENSRNOP00000012114,10116.ENSRNOP00000013184,10116.ENSRNOP00000013299,10116.ENSRNOP00000015561,10116.ENSRNOP00000015786,10116.ENSRNOP00000015956,10116.ENSRNOP00000016220,10116.ENSRNOP00000016981,10116.ENSRNOP00000017375,10116.ENSRNOP00000017468,10116.ENSRNOP00000017965,10116.ENSRNOP00000018072,10116.ENSRNOP00000018325,10116.ENSRNOP00000018711,10116.ENSRNOP00000019174,10116.ENSRNOP00000019265,10116.ENSRNOP00000019508,10116.ENSRNOP00000020325,10116.ENSRNOP00000020670,10116.ENSRNOP00000020720,10116.ENSRNOP00000020908,10116.ENSRNOP00000021920,10116.ENSRNOP00000022363,10116.ENSRNOP00000022383,10116.ENSRNOP00000023132,10116.ENSRNOP00000024083,10116.ENSRNOP00000024280,10116.ENSRNOP00000024430,10116.ENSRNOP00000025525,10116.ENSRNOP00000025675,10116.ENSRNOP00000025980,10116.ENSRNOP00000027407,10116.ENSRNOP00000029070,10116.ENSRNOP00000031615,10116.ENSRNOP00000032429,10116.ENSRNOP00000033456,10116.ENSRNOP00000040899,10116.ENSRNOP00000050393,10116.ENSRNOP00000052160,10116.ENSRNOP00000055224,10116.ENSRNOP00000059906,10116.ENSRNOP00000062228,10116.ENSRNOP00000062447,10116.ENSRNOP00000064265,10116.ENSRNOP00000064489,10116.ENSRNOP00000065147,10116.ENSRNOP00000065890,10116.ENSRNOP00000067788,10116.ENSRNOP00000068764,10116.ENSRNOP00000068875,10116.ENSRNOP00000069754,10116.ENSRNOP00000069937,10116.ENSRNOP00000070324,10116.ENSRNOP00000070473,10116.ENSRNOP00000070967,10116.ENSRNOP00000071539,10116.ENSRNOP00000071611,10116.ENSRNOP00000071702,10116.ENSRNOP00000072480,10116.ENSRNOP00000073983,10116.ENSRNOP00000074119,10116.ENSRNOP00000074461,10116.ENSRNOP00000074647,10116.ENSRNOP00000074688,10116.ENSRNOP00000075066,10116.ENSRNOP00000075715","Mapk14,Cisd1,Hint1,Rac1,Ehhadh,Ptges3,Rab26,Qdpr,Prkca,Prdx2,Napb,Dstn,Slc6a11,Dld,Sh3gl2,Pygl,LOC103692716,Fgb,Bsg,Pdcd6ip,Dync1i1,Rab43,Slc25a18,Auh,Got2,Mapre1,Ywhab,Dbnl,Ldha,Ldhb,Add1,Gsta1,Cap1,Gnaq,Arpc2,Rps2,Aldh7a1,Atp5f1d,Slc32a1,Nol3,LOC100911417,Hras,Slc17a6,Prdx1,Etfb,Dgkz,Vim,Cox5a,Ap3m2,Hnrnpk,Ctsd,Rab35,Ptk2b,Map1lc3a,Camk1,Cadm2,Nf1,Hnrnpa1,Ndufs2,Sgip1,Prkacb,Ncald,Septin10,LOC100912380,Atp5pb,Glul,Rab1b,Aldoa,Hbb-b1,Utrn,LOC103694857,Hbb,Myo18a,Grpel1,Kif5a,Psma7,Apoe,Hadhb,Adk,Gria1,Epn2,Gpd1,Ubc,Itpr3,Hsp90aa1",1.08e-23,2.26e-20,"Cytoplasm"
"COMPARTMENTS","GOCC:0110165",112,10768,10116,"10116.ENSRNOP00000000617,10116.ENSRNOP00000000749,10116.ENSRNOP00000000772,10116.ENSRNOP00000001115,10116.ENSRNOP00000001417,10116.ENSRNOP00000002410,10116.ENSRNOP00000003283,10116.ENSRNOP00000003787,10116.ENSRNOP00000004249,10116.ENSRNOP00000004385,10116.ENSRNOP00000004699,10116.ENSRNOP00000004799,10116.ENSRNOP00000006329,10116.ENSRNOP00000007794,10116.ENSRNOP00000008342,10116.ENSRNOP00000008980,10116.ENSRNOP00000008999,10116.ENSRNOP00000009183,10116.ENSRNOP00000009556,10116.ENSRNOP00000009813,10116.ENSRNOP00000011275,10116.ENSRNOP00000012114,10116.ENSRNOP00000012279,10116.ENSRNOP00000013184,10116.ENSRNOP00000013299,10116.ENSRNOP00000015561,10116.ENSRNOP00000015786,10116.ENSRNOP00000015956,10116.ENSRNOP00000016220,10116.ENSRNOP00000016981,10116.ENSRNOP00000017375,10116.ENSRNOP00000017468,10116.ENSRNOP00000017965,10116.ENSRNOP00000018072,10116.ENSRNOP00000018325,10116.ENSRNOP00000018711,10116.ENSRNOP00000018821,10116.ENSRNOP00000019174,10116.ENSRNOP00000019265,10116.ENSRNOP00000019508,10116.ENSRNOP00000020325,10116.ENSRNOP00000020411,10116.ENSRNOP00000020670,10116.ENSRNOP00000020720,10116.ENSRNOP00000020822,10116.ENSRNOP00000020908,10116.ENSRNOP00000021629,10116.ENSRNOP00000021920,10116.ENSRNOP00000022363,10116.ENSRNOP00000022383,10116.ENSRNOP00000022485,10116.ENSRNOP00000023132,10116.ENSRNOP00000024083,10116.ENSRNOP00000024280,10116.ENSRNOP00000024430,10116.ENSRNOP00000025496,10116.ENSRNOP00000025525,10116.ENSRNOP00000025675,10116.ENSRNOP00000025980,10116.ENSRNOP00000026633,10116.ENSRNOP00000027407,10116.ENSRNOP00000027497,10116.ENSRNOP00000028603,10116.ENSRNOP00000029070,10116.ENSRNOP00000031615,10116.ENSRNOP00000032429,10116.ENSRNOP00000033456,10116.ENSRNOP00000035271,10116.ENSRNOP00000040899,10116.ENSRNOP00000050393,10116.ENSRNOP00000052160,10116.ENSRNOP00000055224,10116.ENSRNOP00000058882,10116.ENSRNOP00000059012,10116.ENSRNOP00000059906,10116.ENSRNOP00000060967,10116.ENSRNOP00000062228,10116.ENSRNOP00000062447,10116.ENSRNOP00000064092,10116.ENSRNOP00000064265,10116.ENSRNOP00000064431,10116.ENSRNOP00000064489,10116.ENSRNOP00000065147,10116.ENSRNOP00000065890,10116.ENSRNOP00000066885,10116.ENSRNOP00000067217,10116.ENSRNOP00000067788,10116.ENSRNOP00000068764,10116.ENSRNOP00000068875,10116.ENSRNOP00000069578,10116.ENSRNOP00000069754,10116.ENSRNOP00000069899,10116.ENSRNOP00000069937,10116.ENSRNOP00000070324,10116.ENSRNOP00000070473,10116.ENSRNOP00000070967,10116.ENSRNOP00000070988,10116.ENSRNOP00000071535,10116.ENSRNOP00000071539,10116.ENSRNOP00000071611,10116.ENSRNOP00000071702,10116.ENSRNOP00000072480,10116.ENSRNOP00000073266,10116.ENSRNOP00000073983,10116.ENSRNOP00000074119,10116.ENSRNOP00000074461,10116.ENSRNOP00000074536,10116.ENSRNOP00000074647,10116.ENSRNOP00000074688,10116.ENSRNOP00000074909,10116.ENSRNOP00000075066,10116.ENSRNOP00000075715","Mapk14,Cisd1,Hint1,Ddx39b,Rac1,Ehhadh,Plp1,Ptges3,Rab26,Qdpr,Prkca,Prdx2,Napb,Dstn,Slc6a11,Dld,Sh3gl2,Pygl,LOC103692716,Fgb,Bsg,Pdcd6ip,Dynll2,Dync1i1,Rab43,Slc25a18,Auh,Got2,Mapre1,Ywhab,Dbnl,Ldha,Ldhb,Add1,Gsta1,Cap1,Slc6a12,Gnaq,Arpc2,Rps2,Aldh7a1,Lgi1,Atp5f1d,Slc32a1,Rhoq,Nol3,Rad23b,LOC100911417,Hras,Slc17a6,Ngef,Prdx1,Etfb,Dgkz,Vim,Bcan,Cox5a,Ap3m2,Hnrnpk,Cd9,Ctsd,Atp1a3,Fxyd7,Rab35,Ptk2b,Map1lc3a,Camk1,Negr1,Cadm2,Nf1,Hnrnpa1,Ndufs2,Camk2b,Srsf2,Sgip1,Cd59,Prkacb,Ncald,Pdxp,Septin10,H3c1,LOC100912380,Atp5pb,Glul,C3,H3c1-2,Rab1b,Aldoa,Hbb-b1,Kng1,Utrn,H3c1-3,LOC103694857,Hbb,Myo18a,Grpel1,Gpm6b,Slc44a1,Kif5a,Psma7,Apoe,Hadhb,Gnal,Adk,Gria1,Epn2,Slc6a8,Gpd1,Ubc,H3c1-4,Itpr3,Hsp90aa1",4.26e-23,4.48e-20,"Cellular anatomical entity"
"COMPARTMENTS","GOCC:0005622",101,9003,10116,"10116.ENSRNOP00000000617,10116.ENSRNOP00000000749,10116.ENSRNOP00000000772,10116.ENSRNOP00000001115,10116.ENSRNOP00000001417,10116.ENSRNOP00000002410,10116.ENSRNOP00000003787,10116.ENSRNOP00000004249,10116.ENSRNOP00000004385,10116.ENSRNOP00000004699,10116.ENSRNOP00000004799,10116.ENSRNOP00000006329,10116.ENSRNOP00000007794,10116.ENSRNOP00000008342,10116.ENSRNOP00000008980,10116.ENSRNOP00000008999,10116.ENSRNOP00000009183,10116.ENSRNOP00000009556,10116.ENSRNOP00000009813,10116.ENSRNOP00000011275,10116.ENSRNOP00000012114,10116.ENSRNOP00000012279,10116.ENSRNOP00000013184,10116.ENSRNOP00000013299,10116.ENSRNOP00000015561,10116.ENSRNOP00000015786,10116.ENSRNOP00000015956,10116.ENSRNOP00000016220,10116.ENSRNOP00000016981,10116.ENSRNOP00000017375,10116.ENSRNOP00000017468,10116.ENSRNOP00000017965,10116.ENSRNOP00000018072,10116.ENSRNOP00000018325,10116.ENSRNOP00000018711,10116.ENSRNOP00000018821,10116.ENSRNOP00000019174,10116.ENSRNOP00000019265,10116.ENSRNOP00000019508,10116.ENSRNOP00000020325,10116.ENSRNOP00000020670,10116.ENSRNOP00000020720,10116.ENSRNOP00000020822,10116.ENSRNOP00000020908,10116.ENSRNOP00000021629,10116.ENSRNOP00000021920,10116.ENSRNOP00000022363,10116.ENSRNOP00000022383,10116.ENSRNOP00000023132,10116.ENSRNOP00000024083,10116.ENSRNOP00000024280,10116.ENSRNOP00000024430,10116.ENSRNOP00000025525,10116.ENSRNOP00000025675,10116.ENSRNOP00000025980,10116.ENSRNOP00000027407,10116.ENSRNOP00000029070,10116.ENSRNOP00000031615,10116.ENSRNOP00000032429,10116.ENSRNOP00000033456,10116.ENSRNOP00000040899,10116.ENSRNOP00000050393,10116.ENSRNOP00000052160,10116.ENSRNOP00000055224,10116.ENSRNOP00000058882,10116.ENSRNOP00000059012,10116.ENSRNOP00000059906,10116.ENSRNOP00000062102,10116.ENSRNOP00000062228,10116.ENSRNOP00000062447,10116.ENSRNOP00000064092,10116.ENSRNOP00000064265,10116.ENSRNOP00000064431,10116.ENSRNOP00000064489,10116.ENSRNOP00000065147,10116.ENSRNOP00000065890,10116.ENSRNOP00000067217,10116.ENSRNOP00000067788,10116.ENSRNOP00000068764,10116.ENSRNOP00000068875,10116.ENSRNOP00000069578,10116.ENSRNOP00000069754,10116.ENSRNOP00000069899,10116.ENSRNOP00000069937,10116.ENSRNOP00000070324,10116.ENSRNOP00000070473,10116.ENSRNOP00000070967,10116.ENSRNOP00000071539,10116.ENSRNOP00000071611,10116.ENSRNOP00000071702,10116.ENSRNOP00000072480,10116.ENSRNOP00000073266,10116.ENSRNOP00000073983,10116.ENSRNOP00000074119,10116.ENSRNOP00000074461,10116.ENSRNOP00000074647,10116.ENSRNOP00000074688,10116.ENSRNOP00000074909,10116.ENSRNOP00000075066,10116.ENSRNOP00000075076,10116.ENSRNOP00000075715","Mapk14,Cisd1,Hint1,Ddx39b,Rac1,Ehhadh,Ptges3,Rab26,Qdpr,Prkca,Prdx2,Napb,Dstn,Slc6a11,Dld,Sh3gl2,Pygl,LOC103692716,Fgb,Bsg,Pdcd6ip,Dynll2,Dync1i1,Rab43,Slc25a18,Auh,Got2,Mapre1,Ywhab,Dbnl,Ldha,Ldhb,Add1,Gsta1,Cap1,Slc6a12,Gnaq,Arpc2,Rps2,Aldh7a1,Atp5f1d,Slc32a1,Rhoq,Nol3,Rad23b,LOC100911417,Hras,Slc17a6,Prdx1,Etfb,Dgkz,Vim,Cox5a,Ap3m2,Hnrnpk,Ctsd,Rab35,Ptk2b,Map1lc3a,Camk1,Cadm2,Nf1,Hnrnpa1,Ndufs2,Camk2b,Srsf2,Sgip1,Ube2v2,Prkacb,Ncald,Pdxp,Septin10,H3c1,LOC100912380,Atp5pb,Glul,H3c1-2,Rab1b,Aldoa,Hbb-b1,Kng1,Utrn,H3c1-3,LOC103694857,Hbb,Myo18a,Grpel1,Kif5a,Psma7,Apoe,Hadhb,Gnal,Adk,Gria1,Epn2,Gpd1,Ubc,H3c1-4,Itpr3,Sh3glb2,Hsp90aa1",1.33e-20,9.29e-18,"Intracellular"
"COMPARTMENTS","GOCC:0032991",69,4746,10116,"10116.ENSRNOP00000000772,10116.ENSRNOP00000001115,10116.ENSRNOP00000003283,10116.ENSRNOP00000003787,10116.ENSRNOP00000004699,10116.ENSRNOP00000006329,10116.ENSRNOP00000008980,10116.ENSRNOP00000009556,10116.ENSRNOP00000009813,10116.ENSRNOP00000011275,10116.ENSRNOP00000012279,10116.ENSRNOP00000013184,10116.ENSRNOP00000015956,10116.ENSRNOP00000016981,10116.ENSRNOP00000017468,10116.ENSRNOP00000017965,10116.ENSRNOP00000018072,10116.ENSRNOP00000018821,10116.ENSRNOP00000019174,10116.ENSRNOP00000019265,10116.ENSRNOP00000019508,10116.ENSRNOP00000020325,10116.ENSRNOP00000020670,10116.ENSRNOP00000020720,10116.ENSRNOP00000021629,10116.ENSRNOP00000021920,10116.ENSRNOP00000022363,10116.ENSRNOP00000024083,10116.ENSRNOP00000024430,10116.ENSRNOP00000025496,10116.ENSRNOP00000025525,10116.ENSRNOP00000025980,10116.ENSRNOP00000026633,10116.ENSRNOP00000027407,10116.ENSRNOP00000027497,10116.ENSRNOP00000031615,10116.ENSRNOP00000032429,10116.ENSRNOP00000050393,10116.ENSRNOP00000052160,10116.ENSRNOP00000055224,10116.ENSRNOP00000058882,10116.ENSRNOP00000059012,10116.ENSRNOP00000059906,10116.ENSRNOP00000060967,10116.ENSRNOP00000062102,10116.ENSRNOP00000062228,10116.ENSRNOP00000064265,10116.ENSRNOP00000064431,10116.ENSRNOP00000064489,10116.ENSRNOP00000065147,10116.ENSRNOP00000065890,10116.ENSRNOP00000066885,10116.ENSRNOP00000068875,10116.ENSRNOP00000069754,10116.ENSRNOP00000069937,10116.ENSRNOP00000070324,10116.ENSRNOP00000070473,10116.ENSRNOP00000070967,10116.ENSRNOP00000071539,10116.ENSRNOP00000071611,10116.ENSRNOP00000071702,10116.ENSRNOP00000072480,10116.ENSRNOP00000073266,10116.ENSRNOP00000074119,10116.ENSRNOP00000074461,10116.ENSRNOP00000074536,10116.ENSRNOP00000074647,10116.ENSRNOP00000075066,10116.ENSRNOP00000075715","Hint1,Ddx39b,Plp1,Ptges3,Prkca,Napb,Dld,LOC103692716,Fgb,Bsg,Dynll2,Dync1i1,Got2,Ywhab,Ldha,Ldhb,Add1,Slc6a12,Gnaq,Arpc2,Rps2,Aldh7a1,Atp5f1d,Slc32a1,Rad23b,LOC100911417,Hras,Etfb,Vim,Bcan,Cox5a,Hnrnpk,Cd9,Ctsd,Atp1a3,Ptk2b,Map1lc3a,Nf1,Hnrnpa1,Ndufs2,Camk2b,Srsf2,Sgip1,Cd59,Ube2v2,Prkacb,Septin10,H3c1,LOC100912380,Atp5pb,Glul,C3,Hbb-b1,Utrn,LOC103694857,Hbb,Myo18a,Grpel1,Kif5a,Psma7,Apoe,Hadhb,Gnal,Gria1,Epn2,Slc6a8,Gpd1,Itpr3,Hsp90aa1",1.08e-16,5.7e-14,"Protein-containing complex"
"COMPARTMENTS","GOCC:0005829",33,1232,10116,"10116.ENSRNOP00000000617,10116.ENSRNOP00000001417,10116.ENSRNOP00000002410,10116.ENSRNOP00000004385,10116.ENSRNOP00000004699,10116.ENSRNOP00000004799,10116.ENSRNOP00000008999,10116.ENSRNOP00000009556,10116.ENSRNOP00000012114,10116.ENSRNOP00000016981,10116.ENSRNOP00000017468,10116.ENSRNOP00000018325,10116.ENSRNOP00000019174,10116.ENSRNOP00000019508,10116.ENSRNOP00000020325,10116.ENSRNOP00000023132,10116.ENSRNOP00000024280,10116.ENSRNOP00000024430,10116.ENSRNOP00000025980,10116.ENSRNOP00000032429,10116.ENSRNOP00000033456,10116.ENSRNOP00000052160,10116.ENSRNOP00000062228,10116.ENSRNOP00000062447,10116.ENSRNOP00000068764,10116.ENSRNOP00000068875,10116.ENSRNOP00000069937,10116.ENSRNOP00000070324,10116.ENSRNOP00000071539,10116.ENSRNOP00000073983,10116.ENSRNOP00000074119,10116.ENSRNOP00000074647,10116.ENSRNOP00000075715","Mapk14,Rac1,Ehhadh,Qdpr,Prkca,Prdx2,Sh3gl2,LOC103692716,Pdcd6ip,Ywhab,Ldha,Gsta1,Gnaq,Rps2,Aldh7a1,Prdx1,Dgkz,Vim,Hnrnpk,Map1lc3a,Camk1,Hnrnpa1,Prkacb,Ncald,Aldoa,Hbb-b1,LOC103694857,Hbb,Kif5a,Adk,Gria1,Gpd1,Hsp90aa1",3.96e-14,1.66e-11,"Cytosol"
"COMPARTMENTS","GOCC:0043229",81,7209,10116,"10116.ENSRNOP00000000617,10116.ENSRNOP00000000749,10116.ENSRNOP00000000772,10116.ENSRNOP00000001115,10116.ENSRNOP00000001417,10116.ENSRNOP00000002410,10116.ENSRNOP00000003787,10116.ENSRNOP00000004249,10116.ENSRNOP00000004699,10116.ENSRNOP00000007794,10116.ENSRNOP00000008980,10116.ENSRNOP00000008999,10116.ENSRNOP00000009556,10116.ENSRNOP00000009813,10116.ENSRNOP00000011275,10116.ENSRNOP00000012114,10116.ENSRNOP00000012279,10116.ENSRNOP00000013184,10116.ENSRNOP00000013299,10116.ENSRNOP00000015561,10116.ENSRNOP00000015786,10116.ENSRNOP00000015956,10116.ENSRNOP00000016220,10116.ENSRNOP00000016981,10116.ENSRNOP00000017375,10116.ENSRNOP00000017965,10116.ENSRNOP00000018072,10116.ENSRNOP00000018711,10116.ENSRNOP00000019265,10116.ENSRNOP00000019508,10116.ENSRNOP00000020325,10116.ENSRNOP00000020670,10116.ENSRNOP00000020720,10116.ENSRNOP00000020822,10116.ENSRNOP00000020908,10116.ENSRNOP00000021629,10116.ENSRNOP00000021920,10116.ENSRNOP00000022363,10116.ENSRNOP00000022383,10116.ENSRNOP00000023132,10116.ENSRNOP00000024083,10116.ENSRNOP00000024280,10116.ENSRNOP00000024430,10116.ENSRNOP00000025525,10116.ENSRNOP00000025675,10116.ENSRNOP00000025980,10116.ENSRNOP00000027407,10116.ENSRNOP00000029070,10116.ENSRNOP00000031615,10116.ENSRNOP00000032429,10116.ENSRNOP00000033456,10116.ENSRNOP00000050393,10116.ENSRNOP00000052160,10116.ENSRNOP00000055224,10116.ENSRNOP00000058882,10116.ENSRNOP00000059012,10116.ENSRNOP00000059906,10116.ENSRNOP00000062228,10116.ENSRNOP00000064092,10116.ENSRNOP00000064265,10116.ENSRNOP00000064431,10116.ENSRNOP00000065147,10116.ENSRNOP00000065890,10116.ENSRNOP00000067217,10116.ENSRNOP00000067788,10116.ENSRNOP00000068764,10116.ENSRNOP00000069578,10116.ENSRNOP00000069754,10116.ENSRNOP00000069899,10116.ENSRNOP00000070473,10116.ENSRNOP00000070967,10116.ENSRNOP00000071539,10116.ENSRNOP00000071702,10116.ENSRNOP00000072480,10116.ENSRNOP00000073983,10116.ENSRNOP00000074119,10116.ENSRNOP00000074461,10116.ENSRNOP00000074688,10116.ENSRNOP00000074909,10116.ENSRNOP00000075066,10116.ENSRNOP00000075715","Mapk14,Cisd1,Hint1,Ddx39b,Rac1,Ehhadh,Ptges3,Rab26,Prkca,Dstn,Dld,Sh3gl2,LOC103692716,Fgb,Bsg,Pdcd6ip,Dynll2,Dync1i1,Rab43,Slc25a18,Auh,Got2,Mapre1,Ywhab,Dbnl,Ldhb,Add1,Cap1,Arpc2,Rps2,Aldh7a1,Atp5f1d,Slc32a1,Rhoq,Nol3,Rad23b,LOC100911417,Hras,Slc17a6,Prdx1,Etfb,Dgkz,Vim,Cox5a,Ap3m2,Hnrnpk,Ctsd,Rab35,Ptk2b,Map1lc3a,Camk1,Nf1,Hnrnpa1,Ndufs2,Camk2b,Srsf2,Sgip1,Prkacb,Pdxp,Septin10,H3c1,Atp5pb,Glul,H3c1-2,Rab1b,Aldoa,Kng1,Utrn,H3c1-3,Myo18a,Grpel1,Kif5a,Apoe,Hadhb,Adk,Gria1,Epn2,Ubc,H3c1-4,Itpr3,Hsp90aa1",7.77e-14,2.72e-11,"Intracellular organelle"
"COMPARTMENTS","GOCC:0043226",83,7654,10116,"10116.ENSRNOP00000000617,10116.ENSRNOP00000000749,10116.ENSRNOP00000000772,10116.ENSRNOP00000001115,10116.ENSRNOP00000001417,10116.ENSRNOP00000002410,10116.ENSRNOP00000003787,10116.ENSRNOP00000004249,10116.ENSRNOP00000004699,10116.ENSRNOP00000007794,10116.ENSRNOP00000008980,10116.ENSRNOP00000008999,10116.ENSRNOP00000009556,10116.ENSRNOP00000009813,10116.ENSRNOP00000011275,10116.ENSRNOP00000012114,10116.ENSRNOP00000012279,10116.ENSRNOP00000013184,10116.ENSRNOP00000013299,10116.ENSRNOP00000015561,10116.ENSRNOP00000015786,10116.ENSRNOP00000015956,10116.ENSRNOP00000016220,10116.ENSRNOP00000016981,10116.ENSRNOP00000017375,10116.ENSRNOP00000017468,10116.ENSRNOP00000017965,10116.ENSRNOP00000018072,10116.ENSRNOP00000018711,10116.ENSRNOP00000019265,10116.ENSRNOP00000019508,10116.ENSRNOP00000020325,10116.ENSRNOP00000020670,10116.ENSRNOP00000020720,10116.ENSRNOP00000020822,10116.ENSRNOP00000020908,10116.ENSRNOP00000021629,10116.ENSRNOP00000021920,10116.ENSRNOP00000022363,10116.ENSRNOP00000022383,10116.ENSRNOP00000023132,10116.ENSRNOP00000024083,10116.ENSRNOP00000024280,10116.ENSRNOP00000024430,10116.ENSRNOP00000025525,10116.ENSRNOP00000025675,10116.ENSRNOP00000025980,10116.ENSRNOP00000026633,10116.ENSRNOP00000027407,10116.ENSRNOP00000029070,10116.ENSRNOP00000031615,10116.ENSRNOP00000032429,10116.ENSRNOP00000033456,10116.ENSRNOP00000050393,10116.ENSRNOP00000052160,10116.ENSRNOP00000055224,10116.ENSRNOP00000058882,10116.ENSRNOP00000059012,10116.ENSRNOP00000059906,10116.ENSRNOP00000062228,10116.ENSRNOP00000064092,10116.ENSRNOP00000064265,10116.ENSRNOP00000064431,10116.ENSRNOP00000065147,10116.ENSRNOP00000065890,10116.ENSRNOP00000067217,10116.ENSRNOP00000067788,10116.ENSRNOP00000068764,10116.ENSRNOP00000069578,10116.ENSRNOP00000069754,10116.ENSRNOP00000069899,10116.ENSRNOP00000070473,10116.ENSRNOP00000070967,10116.ENSRNOP00000071539,10116.ENSRNOP00000071702,10116.ENSRNOP00000072480,10116.ENSRNOP00000073983,10116.ENSRNOP00000074119,10116.ENSRNOP00000074461,10116.ENSRNOP00000074688,10116.ENSRNOP00000074909,10116.ENSRNOP00000075066,10116.ENSRNOP00000075715","Mapk14,Cisd1,Hint1,Ddx39b,Rac1,Ehhadh,Ptges3,Rab26,Prkca,Dstn,Dld,Sh3gl2,LOC103692716,Fgb,Bsg,Pdcd6ip,Dynll2,Dync1i1,Rab43,Slc25a18,Auh,Got2,Mapre1,Ywhab,Dbnl,Ldha,Ldhb,Add1,Cap1,Arpc2,Rps2,Aldh7a1,Atp5f1d,Slc32a1,Rhoq,Nol3,Rad23b,LOC100911417,Hras,Slc17a6,Prdx1,Etfb,Dgkz,Vim,Cox5a,Ap3m2,Hnrnpk,Cd9,Ctsd,Rab35,Ptk2b,Map1lc3a,Camk1,Nf1,Hnrnpa1,Ndufs2,Camk2b,Srsf2,Sgip1,Prkacb,Pdxp,Septin10,H3c1,Atp5pb,Glul,H3c1-2,Rab1b,Aldoa,Kng1,Utrn,H3c1-3,Myo18a,Grpel1,Kif5a,Apoe,Hadhb,Adk,Gria1,Epn2,Ubc,H3c1-4,Itpr3,Hsp90aa1",1.99e-13,5.97e-11,"Organelle"
"COMPARTMENTS","GOCC:0042995",39,1873,10116,"10116.ENSRNOP00000001417,10116.ENSRNOP00000003787,10116.ENSRNOP00000004385,10116.ENSRNOP00000004699,10116.ENSRNOP00000008342,10116.ENSRNOP00000008999,10116.ENSRNOP00000009556,10116.ENSRNOP00000011275,10116.ENSRNOP00000012279,10116.ENSRNOP00000013184,10116.ENSRNOP00000016220,10116.ENSRNOP00000017375,10116.ENSRNOP00000017468,10116.ENSRNOP00000018072,10116.ENSRNOP00000019174,10116.ENSRNOP00000019265,10116.ENSRNOP00000020720,10116.ENSRNOP00000022383,10116.ENSRNOP00000024280,10116.ENSRNOP00000024430,10116.ENSRNOP00000025496,10116.ENSRNOP00000025980,10116.ENSRNOP00000027497,10116.ENSRNOP00000029070,10116.ENSRNOP00000031615,10116.ENSRNOP00000035271,10116.ENSRNOP00000040899,10116.ENSRNOP00000050393,10116.ENSRNOP00000058882,10116.ENSRNOP00000062228,10116.ENSRNOP00000065890,10116.ENSRNOP00000068764,10116.ENSRNOP00000069578,10116.ENSRNOP00000069754,10116.ENSRNOP00000071539,10116.ENSRNOP00000071702,10116.ENSRNOP00000074119,10116.ENSRNOP00000075066,10116.ENSRNOP00000075715","Rac1,Ptges3,Qdpr,Prkca,Slc6a11,Sh3gl2,LOC103692716,Bsg,Dynll2,Dync1i1,Mapre1,Dbnl,Ldha,Add1,Gnaq,Arpc2,Slc32a1,Slc17a6,Dgkz,Vim,Bcan,Hnrnpk,Atp1a3,Rab35,Ptk2b,Negr1,Cadm2,Nf1,Camk2b,Prkacb,Glul,Aldoa,Kng1,Utrn,Kif5a,Apoe,Gria1,Itpr3,Hsp90aa1",2.91e-13,7.64e-11,"Cell projection"
"COMPARTMENTS","GOCC:0036477",26,809,10116,"10116.ENSRNOP00000001417,10116.ENSRNOP00000003787,10116.ENSRNOP00000004699,10116.ENSRNOP00000008999,10116.ENSRNOP00000009556,10116.ENSRNOP00000015956,10116.ENSRNOP00000017375,10116.ENSRNOP00000018072,10116.ENSRNOP00000019174,10116.ENSRNOP00000019265,10116.ENSRNOP00000020720,10116.ENSRNOP00000025496,10116.ENSRNOP00000025980,10116.ENSRNOP00000027497,10116.ENSRNOP00000031615,10116.ENSRNOP00000035271,10116.ENSRNOP00000040899,10116.ENSRNOP00000050393,10116.ENSRNOP00000058882,10116.ENSRNOP00000065890,10116.ENSRNOP00000069578,10116.ENSRNOP00000071539,10116.ENSRNOP00000071702,10116.ENSRNOP00000074119,10116.ENSRNOP00000075066,10116.ENSRNOP00000075715","Rac1,Ptges3,Prkca,Sh3gl2,LOC103692716,Got2,Dbnl,Add1,Gnaq,Arpc2,Slc32a1,Bcan,Hnrnpk,Atp1a3,Ptk2b,Negr1,Cadm2,Nf1,Camk2b,Glul,Kng1,Kif5a,Apoe,Gria1,Itpr3,Hsp90aa1",6.31e-13,1.47e-10,"Somatodendritic compartment"
"COMPARTMENTS","GOCC:0043005",31,1199,10116,"10116.ENSRNOP00000001417,10116.ENSRNOP00000003787,10116.ENSRNOP00000004385,10116.ENSRNOP00000004699,10116.ENSRNOP00000008999,10116.ENSRNOP00000009556,10116.ENSRNOP00000011275,10116.ENSRNOP00000013184,10116.ENSRNOP00000017375,10116.ENSRNOP00000018072,10116.ENSRNOP00000019174,10116.ENSRNOP00000019265,10116.ENSRNOP00000020720,10116.ENSRNOP00000022383,10116.ENSRNOP00000024430,10116.ENSRNOP00000025496,10116.ENSRNOP00000025980,10116.ENSRNOP00000027497,10116.ENSRNOP00000031615,10116.ENSRNOP00000035271,10116.ENSRNOP00000040899,10116.ENSRNOP00000050393,10116.ENSRNOP00000058882,10116.ENSRNOP00000065890,10116.ENSRNOP00000069578,10116.ENSRNOP00000069754,10116.ENSRNOP00000071539,10116.ENSRNOP00000071702,10116.ENSRNOP00000074119,10116.ENSRNOP00000075066,10116.ENSRNOP00000075715","Rac1,Ptges3,Qdpr,Prkca,Sh3gl2,LOC103692716,Bsg,Dync1i1,Dbnl,Add1,Gnaq,Arpc2,Slc32a1,Slc17a6,Vim,Bcan,Hnrnpk,Atp1a3,Ptk2b,Negr1,Cadm2,Nf1,Camk2b,Glul,Kng1,Utrn,Kif5a,Apoe,Gria1,Itpr3,Hsp90aa1",6.92e-13,1.47e-10,"Neuron projection"
"COMPARTMENTS","GOCC:0120025",38,1850,10116,"10116.ENSRNOP00000001417,10116.ENSRNOP00000003787,10116.ENSRNOP00000004385,10116.ENSRNOP00000004699,10116.ENSRNOP00000008999,10116.ENSRNOP00000009556,10116.ENSRNOP00000011275,10116.ENSRNOP00000012279,10116.ENSRNOP00000013184,10116.ENSRNOP00000016220,10116.ENSRNOP00000017375,10116.ENSRNOP00000017468,10116.ENSRNOP00000018072,10116.ENSRNOP00000019174,10116.ENSRNOP00000019265,10116.ENSRNOP00000020720,10116.ENSRNOP00000022383,10116.ENSRNOP00000024280,10116.ENSRNOP00000024430,10116.ENSRNOP00000025496,10116.ENSRNOP00000025980,10116.ENSRNOP00000027497,10116.ENSRNOP00000029070,10116.ENSRNOP00000031615,10116.ENSRNOP00000035271,10116.ENSRNOP00000040899,10116.ENSRNOP00000050393,10116.ENSRNOP00000058882,10116.ENSRNOP00000062228,10116.ENSRNOP00000065890,10116.ENSRNOP00000068764,10116.ENSRNOP00000069578,10116.ENSRNOP00000069754,10116.ENSRNOP00000071539,10116.ENSRNOP00000071702,10116.ENSRNOP00000074119,10116.ENSRNOP00000075066,10116.ENSRNOP00000075715","Rac1,Ptges3,Qdpr,Prkca,Sh3gl2,LOC103692716,Bsg,Dynll2,Dync1i1,Mapre1,Dbnl,Ldha,Add1,Gnaq,Arpc2,Slc32a1,Slc17a6,Dgkz,Vim,Bcan,Hnrnpk,Atp1a3,Rab35,Ptk2b,Negr1,Cadm2,Nf1,Camk2b,Prkacb,Glul,Aldoa,Kng1,Utrn,Kif5a,Apoe,Gria1,Itpr3,Hsp90aa1",9.81e-13,1.87e-10,"Plasma membrane bounded cell projection"
"COMPARTMENTS","GOCC:0045202",28,1046,10116,"10116.ENSRNOP00000000617,10116.ENSRNOP00000001417,10116.ENSRNOP00000004249,10116.ENSRNOP00000004699,10116.ENSRNOP00000008342,10116.ENSRNOP00000008999,10116.ENSRNOP00000017375,10116.ENSRNOP00000018072,10116.ENSRNOP00000019174,10116.ENSRNOP00000019265,10116.ENSRNOP00000020411,10116.ENSRNOP00000020720,10116.ENSRNOP00000022383,10116.ENSRNOP00000022485,10116.ENSRNOP00000024280,10116.ENSRNOP00000025496,10116.ENSRNOP00000025980,10116.ENSRNOP00000027497,10116.ENSRNOP00000029070,10116.ENSRNOP00000031615,10116.ENSRNOP00000032429,10116.ENSRNOP00000050393,10116.ENSRNOP00000058882,10116.ENSRNOP00000065890,10116.ENSRNOP00000069754,10116.ENSRNOP00000071702,10116.ENSRNOP00000074119,10116.ENSRNOP00000074536","Mapk14,Rac1,Rab26,Prkca,Slc6a11,Sh3gl2,Dbnl,Add1,Gnaq,Arpc2,Lgi1,Slc32a1,Slc17a6,Ngef,Dgkz,Bcan,Hnrnpk,Atp1a3,Rab35,Ptk2b,Map1lc3a,Nf1,Camk2b,Glul,Utrn,Apoe,Gria1,Slc6a8",5.07e-12,8.89e-10,"Synapse"
"COMPARTMENTS","GOCC:0030425",21,568,10116,"10116.ENSRNOP00000001417,10116.ENSRNOP00000004699,10116.ENSRNOP00000008999,10116.ENSRNOP00000009556,10116.ENSRNOP00000017375,10116.ENSRNOP00000018072,10116.ENSRNOP00000019174,10116.ENSRNOP00000019265,10116.ENSRNOP00000020720,10116.ENSRNOP00000025496,10116.ENSRNOP00000025980,10116.ENSRNOP00000027497,10116.ENSRNOP00000031615,10116.ENSRNOP00000035271,10116.ENSRNOP00000050393,10116.ENSRNOP00000058882,10116.ENSRNOP00000071539,10116.ENSRNOP00000071702,10116.ENSRNOP00000074119,10116.ENSRNOP00000075066,10116.ENSRNOP00000075715","Rac1,Prkca,Sh3gl2,LOC103692716,Dbnl,Add1,Gnaq,Arpc2,Slc32a1,Bcan,Hnrnpk,Atp1a3,Ptk2b,Negr1,Nf1,Camk2b,Kif5a,Apoe,Gria1,Itpr3,Hsp90aa1",1.14e-11,1.84e-09,"Dendrite"
"COMPARTMENTS","GOCC:0043227",70,6231,10116,"10116.ENSRNOP00000000617,10116.ENSRNOP00000000749,10116.ENSRNOP00000000772,10116.ENSRNOP00000001115,10116.ENSRNOP00000001417,10116.ENSRNOP00000002410,10116.ENSRNOP00000003787,10116.ENSRNOP00000004249,10116.ENSRNOP00000004699,10116.ENSRNOP00000008980,10116.ENSRNOP00000008999,10116.ENSRNOP00000009556,10116.ENSRNOP00000009813,10116.ENSRNOP00000011275,10116.ENSRNOP00000012114,10116.ENSRNOP00000013299,10116.ENSRNOP00000015561,10116.ENSRNOP00000015786,10116.ENSRNOP00000015956,10116.ENSRNOP00000016981,10116.ENSRNOP00000017468,10116.ENSRNOP00000017965,10116.ENSRNOP00000018072,10116.ENSRNOP00000019265,10116.ENSRNOP00000020325,10116.ENSRNOP00000020670,10116.ENSRNOP00000020720,10116.ENSRNOP00000020908,10116.ENSRNOP00000021629,10116.ENSRNOP00000021920,10116.ENSRNOP00000022363,10116.ENSRNOP00000022383,10116.ENSRNOP00000023132,10116.ENSRNOP00000024083,10116.ENSRNOP00000024280,10116.ENSRNOP00000024430,10116.ENSRNOP00000025525,10116.ENSRNOP00000025675,10116.ENSRNOP00000025980,10116.ENSRNOP00000026633,10116.ENSRNOP00000027407,10116.ENSRNOP00000029070,10116.ENSRNOP00000031615,10116.ENSRNOP00000032429,10116.ENSRNOP00000033456,10116.ENSRNOP00000050393,10116.ENSRNOP00000052160,10116.ENSRNOP00000055224,10116.ENSRNOP00000059012,10116.ENSRNOP00000059906,10116.ENSRNOP00000062228,10116.ENSRNOP00000064431,10116.ENSRNOP00000065147,10116.ENSRNOP00000065890,10116.ENSRNOP00000067217,10116.ENSRNOP00000067788,10116.ENSRNOP00000068764,10116.ENSRNOP00000069578,10116.ENSRNOP00000069899,10116.ENSRNOP00000070473,10116.ENSRNOP00000070967,10116.ENSRNOP00000071702,10116.ENSRNOP00000072480,10116.ENSRNOP00000073983,10116.ENSRNOP00000074119,10116.ENSRNOP00000074461,10116.ENSRNOP00000074688,10116.ENSRNOP00000074909,10116.ENSRNOP00000075066,10116.ENSRNOP00000075715","Mapk14,Cisd1,Hint1,Ddx39b,Rac1,Ehhadh,Ptges3,Rab26,Prkca,Dld,Sh3gl2,LOC103692716,Fgb,Bsg,Pdcd6ip,Rab43,Slc25a18,Auh,Got2,Ywhab,Ldha,Ldhb,Add1,Arpc2,Aldh7a1,Atp5f1d,Slc32a1,Nol3,Rad23b,LOC100911417,Hras,Slc17a6,Prdx1,Etfb,Dgkz,Vim,Cox5a,Ap3m2,Hnrnpk,Cd9,Ctsd,Rab35,Ptk2b,Map1lc3a,Camk1,Nf1,Hnrnpa1,Ndufs2,Srsf2,Sgip1,Prkacb,H3c1,Atp5pb,Glul,H3c1-2,Rab1b,Aldoa,Kng1,H3c1-3,Myo18a,Grpel1,Apoe,Hadhb,Adk,Gria1,Epn2,Ubc,H3c1-4,Itpr3,Hsp90aa1",3.64e-11,5.1e-09,"Membrane-bounded organelle"
"COMPARTMENTS","GOCC:0016020",55,4212,10116,"10116.ENSRNOP00000000749,10116.ENSRNOP00000001417,10116.ENSRNOP00000003283,10116.ENSRNOP00000004249,10116.ENSRNOP00000004699,10116.ENSRNOP00000006329,10116.ENSRNOP00000008342,10116.ENSRNOP00000008999,10116.ENSRNOP00000009556,10116.ENSRNOP00000011275,10116.ENSRNOP00000012114,10116.ENSRNOP00000015561,10116.ENSRNOP00000015956,10116.ENSRNOP00000017965,10116.ENSRNOP00000018821,10116.ENSRNOP00000019174,10116.ENSRNOP00000019265,10116.ENSRNOP00000020670,10116.ENSRNOP00000020720,10116.ENSRNOP00000020822,10116.ENSRNOP00000021920,10116.ENSRNOP00000022363,10116.ENSRNOP00000022383,10116.ENSRNOP00000025496,10116.ENSRNOP00000025525,10116.ENSRNOP00000025675,10116.ENSRNOP00000026633,10116.ENSRNOP00000027407,10116.ENSRNOP00000027497,10116.ENSRNOP00000028603,10116.ENSRNOP00000029070,10116.ENSRNOP00000031615,10116.ENSRNOP00000032429,10116.ENSRNOP00000035271,10116.ENSRNOP00000040899,10116.ENSRNOP00000050393,10116.ENSRNOP00000055224,10116.ENSRNOP00000059906,10116.ENSRNOP00000060967,10116.ENSRNOP00000064489,10116.ENSRNOP00000065147,10116.ENSRNOP00000067788,10116.ENSRNOP00000069754,10116.ENSRNOP00000070967,10116.ENSRNOP00000070988,10116.ENSRNOP00000071535,10116.ENSRNOP00000071702,10116.ENSRNOP00000072480,10116.ENSRNOP00000073266,10116.ENSRNOP00000074119,10116.ENSRNOP00000074461,10116.ENSRNOP00000074536,10116.ENSRNOP00000074688,10116.ENSRNOP00000075066,10116.ENSRNOP00000075715","Cisd1,Rac1,Plp1,Rab26,Prkca,Napb,Slc6a11,Sh3gl2,LOC103692716,Bsg,Pdcd6ip,Slc25a18,Got2,Ldhb,Slc6a12,Gnaq,Arpc2,Atp5f1d,Slc32a1,Rhoq,LOC100911417,Hras,Slc17a6,Bcan,Cox5a,Ap3m2,Cd9,Ctsd,Atp1a3,Fxyd7,Rab35,Ptk2b,Map1lc3a,Negr1,Cadm2,Nf1,Ndufs2,Sgip1,Cd59,LOC100912380,Atp5pb,Rab1b,Utrn,Grpel1,Gpm6b,Slc44a1,Apoe,Hadhb,Gnal,Gria1,Epn2,Slc6a8,Ubc,Itpr3,Hsp90aa1",1.04e-10,1.36e-08,"Membrane"
"COMPARTMENTS","GOCC:0030054",29,1410,10116,"10116.ENSRNOP00000000617,10116.ENSRNOP00000001417,10116.ENSRNOP00000004249,10116.ENSRNOP00000004699,10116.ENSRNOP00000008342,10116.ENSRNOP00000008999,10116.ENSRNOP00000016220,10116.ENSRNOP00000017375,10116.ENSRNOP00000018072,10116.ENSRNOP00000019174,10116.ENSRNOP00000019265,10116.ENSRNOP00000020411,10116.ENSRNOP00000020720,10116.ENSRNOP00000022383,10116.ENSRNOP00000022485,10116.ENSRNOP00000024280,10116.ENSRNOP00000025496,10116.ENSRNOP00000025980,10116.ENSRNOP00000027497,10116.ENSRNOP00000029070,10116.ENSRNOP00000031615,10116.ENSRNOP00000032429,10116.ENSRNOP00000050393,10116.ENSRNOP00000058882,10116.ENSRNOP00000065890,10116.ENSRNOP00000069754,10116.ENSRNOP00000071702,10116.ENSRNOP00000074119,10116.ENSRNOP00000074536","Mapk14,Rac1,Rab26,Prkca,Slc6a11,Sh3gl2,Mapre1,Dbnl,Add1,Gnaq,Arpc2,Lgi1,Slc32a1,Slc17a6,Ngef,Dgkz,Bcan,Hnrnpk,Atp1a3,Rab35,Ptk2b,Map1lc3a,Nf1,Camk2b,Glul,Utrn,Apoe,Gria1,Slc6a8",9.06e-10,1.12e-07,"Cell junction"
"COMPARTMENTS","GOCC:0005739",24,977,10116,"10116.ENSRNOP00000000617,10116.ENSRNOP00000000749,10116.ENSRNOP00000004699,10116.ENSRNOP00000008980,10116.ENSRNOP00000011275,10116.ENSRNOP00000015561,10116.ENSRNOP00000015786,10116.ENSRNOP00000015956,10116.ENSRNOP00000017965,10116.ENSRNOP00000020325,10116.ENSRNOP00000020670,10116.ENSRNOP00000020908,10116.ENSRNOP00000021920,10116.ENSRNOP00000023132,10116.ENSRNOP00000024083,10116.ENSRNOP00000025525,10116.ENSRNOP00000025980,10116.ENSRNOP00000055224,10116.ENSRNOP00000065147,10116.ENSRNOP00000068764,10116.ENSRNOP00000070967,10116.ENSRNOP00000072480,10116.ENSRNOP00000074688,10116.ENSRNOP00000075715","Mapk14,Cisd1,Prkca,Dld,Bsg,Slc25a18,Auh,Got2,Ldhb,Aldh7a1,Atp5f1d,Nol3,LOC100911417,Prdx1,Etfb,Cox5a,Hnrnpk,Ndufs2,Atp5pb,Aldoa,Grpel1,Hadhb,Ubc,Hsp90aa1",1.16e-09,1.35e-07,"Mitochondrion"
"COMPARTMENTS","GOCC:0043231",63,5633,10116,"10116.ENSRNOP00000000617,10116.ENSRNOP00000000749,10116.ENSRNOP00000000772,10116.ENSRNOP00000001115,10116.ENSRNOP00000001417,10116.ENSRNOP00000002410,10116.ENSRNOP00000003787,10116.ENSRNOP00000004699,10116.ENSRNOP00000008980,10116.ENSRNOP00000009556,10116.ENSRNOP00000011275,10116.ENSRNOP00000012114,10116.ENSRNOP00000015561,10116.ENSRNOP00000015786,10116.ENSRNOP00000015956,10116.ENSRNOP00000016981,10116.ENSRNOP00000017965,10116.ENSRNOP00000018072,10116.ENSRNOP00000019265,10116.ENSRNOP00000020325,10116.ENSRNOP00000020670,10116.ENSRNOP00000020720,10116.ENSRNOP00000020908,10116.ENSRNOP00000021629,10116.ENSRNOP00000021920,10116.ENSRNOP00000022363,10116.ENSRNOP00000022383,10116.ENSRNOP00000023132,10116.ENSRNOP00000024083,10116.ENSRNOP00000024280,10116.ENSRNOP00000024430,10116.ENSRNOP00000025525,10116.ENSRNOP00000025675,10116.ENSRNOP00000025980,10116.ENSRNOP00000027407,10116.ENSRNOP00000029070,10116.ENSRNOP00000031615,10116.ENSRNOP00000032429,10116.ENSRNOP00000033456,10116.ENSRNOP00000050393,10116.ENSRNOP00000052160,10116.ENSRNOP00000055224,10116.ENSRNOP00000059012,10116.ENSRNOP00000062228,10116.ENSRNOP00000064431,10116.ENSRNOP00000065147,10116.ENSRNOP00000065890,10116.ENSRNOP00000067217,10116.ENSRNOP00000067788,10116.ENSRNOP00000068764,10116.ENSRNOP00000069578,10116.ENSRNOP00000069899,10116.ENSRNOP00000070473,10116.ENSRNOP00000070967,10116.ENSRNOP00000071702,10116.ENSRNOP00000072480,10116.ENSRNOP00000073983,10116.ENSRNOP00000074119,10116.ENSRNOP00000074461,10116.ENSRNOP00000074688,10116.ENSRNOP00000074909,10116.ENSRNOP00000075066,10116.ENSRNOP00000075715","Mapk14,Cisd1,Hint1,Ddx39b,Rac1,Ehhadh,Ptges3,Prkca,Dld,LOC103692716,Bsg,Pdcd6ip,Slc25a18,Auh,Got2,Ywhab,Ldhb,Add1,Arpc2,Aldh7a1,Atp5f1d,Slc32a1,Nol3,Rad23b,LOC100911417,Hras,Slc17a6,Prdx1,Etfb,Dgkz,Vim,Cox5a,Ap3m2,Hnrnpk,Ctsd,Rab35,Ptk2b,Map1lc3a,Camk1,Nf1,Hnrnpa1,Ndufs2,Srsf2,Prkacb,H3c1,Atp5pb,Glul,H3c1-2,Rab1b,Aldoa,Kng1,H3c1-3,Myo18a,Grpel1,Apoe,Hadhb,Adk,Gria1,Epn2,Ubc,H3c1-4,Itpr3,Hsp90aa1",1.22e-09,1.35e-07,"Intracellular membrane-bounded organelle"
"COMPARTMENTS","GOCC:0030424",19,613,10116,"10116.ENSRNOP00000004699,10116.ENSRNOP00000009556,10116.ENSRNOP00000013184,10116.ENSRNOP00000019265,10116.ENSRNOP00000020720,10116.ENSRNOP00000022383,10116.ENSRNOP00000024430,10116.ENSRNOP00000025496,10116.ENSRNOP00000025980,10116.ENSRNOP00000027497,10116.ENSRNOP00000031615,10116.ENSRNOP00000040899,10116.ENSRNOP00000050393,10116.ENSRNOP00000065890,10116.ENSRNOP00000069578,10116.ENSRNOP00000069754,10116.ENSRNOP00000071539,10116.ENSRNOP00000074119,10116.ENSRNOP00000075715","Prkca,LOC103692716,Dync1i1,Arpc2,Slc32a1,Slc17a6,Vim,Bcan,Hnrnpk,Atp1a3,Ptk2b,Cadm2,Nf1,Glul,Kng1,Utrn,Kif5a,Gria1,Hsp90aa1",2.06e-09,2.17e-07,"Axon"
"COMPARTMENTS","GOCC:0044297",19,627,10116,"10116.ENSRNOP00000003787,10116.ENSRNOP00000004699,10116.ENSRNOP00000008999,10116.ENSRNOP00000009556,10116.ENSRNOP00000015956,10116.ENSRNOP00000019174,10116.ENSRNOP00000019265,10116.ENSRNOP00000024430,10116.ENSRNOP00000031615,10116.ENSRNOP00000035271,10116.ENSRNOP00000040899,10116.ENSRNOP00000058882,10116.ENSRNOP00000065890,10116.ENSRNOP00000069578,10116.ENSRNOP00000071539,10116.ENSRNOP00000071702,10116.ENSRNOP00000074119,10116.ENSRNOP00000075066,10116.ENSRNOP00000075715","Ptges3,Prkca,Sh3gl2,LOC103692716,Got2,Gnaq,Arpc2,Vim,Ptk2b,Negr1,Cadm2,Camk2b,Glul,Kng1,Kif5a,Apoe,Gria1,Itpr3,Hsp90aa1",2.95e-09,2.95e-07,"Cell body"
"COMPARTMENTS","GOCC:0015629",13,320,10116,"10116.ENSRNOP00000003787,10116.ENSRNOP00000007794,10116.ENSRNOP00000012114,10116.ENSRNOP00000012279,10116.ENSRNOP00000017375,10116.ENSRNOP00000018072,10116.ENSRNOP00000018711,10116.ENSRNOP00000019265,10116.ENSRNOP00000020822,10116.ENSRNOP00000064092,10116.ENSRNOP00000068764,10116.ENSRNOP00000069754,10116.ENSRNOP00000070473","Ptges3,Dstn,Pdcd6ip,Dynll2,Dbnl,Add1,Cap1,Arpc2,Rhoq,Pdxp,Aldoa,Utrn,Myo18a",4.37e-08,4.17e-06,"Actin cytoskeleton"
"COMPARTMENTS","GOCC:0071944",40,2964,10116,"10116.ENSRNOP00000001417,10116.ENSRNOP00000003283,10116.ENSRNOP00000004249,10116.ENSRNOP00000004699,10116.ENSRNOP00000007794,10116.ENSRNOP00000008342,10116.ENSRNOP00000009556,10116.ENSRNOP00000009813,10116.ENSRNOP00000011275,10116.ENSRNOP00000012114,10116.ENSRNOP00000015956,10116.ENSRNOP00000016220,10116.ENSRNOP00000017375,10116.ENSRNOP00000018711,10116.ENSRNOP00000018821,10116.ENSRNOP00000019174,10116.ENSRNOP00000019265,10116.ENSRNOP00000020822,10116.ENSRNOP00000022363,10116.ENSRNOP00000025496,10116.ENSRNOP00000025980,10116.ENSRNOP00000026633,10116.ENSRNOP00000027497,10116.ENSRNOP00000029070,10116.ENSRNOP00000031615,10116.ENSRNOP00000035271,10116.ENSRNOP00000040899,10116.ENSRNOP00000059906,10116.ENSRNOP00000060967,10116.ENSRNOP00000064265,10116.ENSRNOP00000064489,10116.ENSRNOP00000069754,10116.ENSRNOP00000070988,10116.ENSRNOP00000071535,10116.ENSRNOP00000071702,10116.ENSRNOP00000073266,10116.ENSRNOP00000074119,10116.ENSRNOP00000074536,10116.ENSRNOP00000075066,10116.ENSRNOP00000075715","Rac1,Plp1,Rab26,Prkca,Dstn,Slc6a11,LOC103692716,Fgb,Bsg,Pdcd6ip,Got2,Mapre1,Dbnl,Cap1,Slc6a12,Gnaq,Arpc2,Rhoq,Hras,Bcan,Hnrnpk,Cd9,Atp1a3,Rab35,Ptk2b,Negr1,Cadm2,Sgip1,Cd59,Septin10,LOC100912380,Utrn,Gpm6b,Slc44a1,Apoe,Gnal,Gria1,Slc6a8,Itpr3,Hsp90aa1",5.36e-08,4.9e-06,"Cell periphery"
"COMPARTMENTS","GOCC:0031090",28,1647,10116,"10116.ENSRNOP00000000749,10116.ENSRNOP00000001417,10116.ENSRNOP00000004249,10116.ENSRNOP00000008999,10116.ENSRNOP00000009556,10116.ENSRNOP00000011275,10116.ENSRNOP00000015561,10116.ENSRNOP00000015956,10116.ENSRNOP00000017965,10116.ENSRNOP00000020670,10116.ENSRNOP00000020720,10116.ENSRNOP00000021920,10116.ENSRNOP00000022383,10116.ENSRNOP00000025525,10116.ENSRNOP00000025675,10116.ENSRNOP00000027407,10116.ENSRNOP00000029070,10116.ENSRNOP00000032429,10116.ENSRNOP00000055224,10116.ENSRNOP00000059906,10116.ENSRNOP00000065147,10116.ENSRNOP00000070967,10116.ENSRNOP00000072480,10116.ENSRNOP00000074119,10116.ENSRNOP00000074461,10116.ENSRNOP00000074688,10116.ENSRNOP00000075066,10116.ENSRNOP00000075715","Cisd1,Rac1,Rab26,Sh3gl2,LOC103692716,Bsg,Slc25a18,Got2,Ldhb,Atp5f1d,Slc32a1,LOC100911417,Slc17a6,Cox5a,Ap3m2,Ctsd,Rab35,Map1lc3a,Ndufs2,Sgip1,Atp5pb,Grpel1,Hadhb,Gria1,Epn2,Ubc,Itpr3,Hsp90aa1",1.05e-07,9.23e-06,"Organelle membrane"
"COMPARTMENTS","GOCC:0043209",7,65,10116,"10116.ENSRNOP00000003283,10116.ENSRNOP00000009556,10116.ENSRNOP00000027497,10116.ENSRNOP00000060967,10116.ENSRNOP00000065890,10116.ENSRNOP00000075066,10116.ENSRNOP00000075715","Plp1,LOC103692716,Atp1a3,Cd59,Glul,Itpr3,Hsp90aa1",1.49e-07,1.25e-05,"Myelin sheath"
"COMPARTMENTS","GOCC:0005856",23,1233,10116,"10116.ENSRNOP00000000617,10116.ENSRNOP00000001417,10116.ENSRNOP00000003787,10116.ENSRNOP00000007794,10116.ENSRNOP00000012114,10116.ENSRNOP00000012279,10116.ENSRNOP00000013184,10116.ENSRNOP00000016220,10116.ENSRNOP00000017375,10116.ENSRNOP00000018072,10116.ENSRNOP00000018711,10116.ENSRNOP00000019265,10116.ENSRNOP00000020822,10116.ENSRNOP00000024430,10116.ENSRNOP00000032429,10116.ENSRNOP00000058882,10116.ENSRNOP00000062228,10116.ENSRNOP00000064092,10116.ENSRNOP00000064265,10116.ENSRNOP00000068764,10116.ENSRNOP00000069754,10116.ENSRNOP00000070473,10116.ENSRNOP00000071539","Mapk14,Rac1,Ptges3,Dstn,Pdcd6ip,Dynll2,Dync1i1,Mapre1,Dbnl,Add1,Cap1,Arpc2,Rhoq,Vim,Map1lc3a,Camk2b,Prkacb,Pdxp,Septin10,Aldoa,Utrn,Myo18a,Kif5a",3.73e-07,3.01e-05,"Cytoskeleton"
"COMPARTMENTS","GOCC:0043025",15,549,10116,"10116.ENSRNOP00000003787,10116.ENSRNOP00000008999,10116.ENSRNOP00000009556,10116.ENSRNOP00000015956,10116.ENSRNOP00000019265,10116.ENSRNOP00000035271,10116.ENSRNOP00000040899,10116.ENSRNOP00000058882,10116.ENSRNOP00000065890,10116.ENSRNOP00000069578,10116.ENSRNOP00000071539,10116.ENSRNOP00000071702,10116.ENSRNOP00000074119,10116.ENSRNOP00000075066,10116.ENSRNOP00000075715","Ptges3,Sh3gl2,LOC103692716,Got2,Arpc2,Negr1,Cadm2,Camk2b,Glul,Kng1,Kif5a,Apoe,Gria1,Itpr3,Hsp90aa1",5.62e-07,4.37e-05,"Neuronal cell body"
"COMPARTMENTS","GOCC:1902494",25,1522,10116,"10116.ENSRNOP00000000772,10116.ENSRNOP00000008980,10116.ENSRNOP00000012279,10116.ENSRNOP00000013184,10116.ENSRNOP00000017468,10116.ENSRNOP00000017965,10116.ENSRNOP00000018821,10116.ENSRNOP00000019174,10116.ENSRNOP00000020325,10116.ENSRNOP00000020720,10116.ENSRNOP00000022363,10116.ENSRNOP00000024083,10116.ENSRNOP00000025980,10116.ENSRNOP00000027407,10116.ENSRNOP00000032429,10116.ENSRNOP00000052160,10116.ENSRNOP00000055224,10116.ENSRNOP00000062102,10116.ENSRNOP00000064489,10116.ENSRNOP00000065890,10116.ENSRNOP00000066885,10116.ENSRNOP00000071611,10116.ENSRNOP00000073266,10116.ENSRNOP00000074119,10116.ENSRNOP00000074647","Hint1,Dld,Dynll2,Dync1i1,Ldha,Ldhb,Slc6a12,Gnaq,Aldh7a1,Slc32a1,Hras,Etfb,Hnrnpk,Ctsd,Map1lc3a,Hnrnpa1,Ndufs2,Ube2v2,LOC100912380,Glul,C3,Psma7,Gnal,Gria1,Gpd1",1.09e-06,8.17e-05,"Catalytic complex"
"COMPARTMENTS","GOCC:0031982",23,1339,10116,"10116.ENSRNOP00000001417,10116.ENSRNOP00000004249,10116.ENSRNOP00000008980,10116.ENSRNOP00000008999,10116.ENSRNOP00000009813,10116.ENSRNOP00000011275,10116.ENSRNOP00000012114,10116.ENSRNOP00000013299,10116.ENSRNOP00000019265,10116.ENSRNOP00000020720,10116.ENSRNOP00000022383,10116.ENSRNOP00000024430,10116.ENSRNOP00000025675,10116.ENSRNOP00000026633,10116.ENSRNOP00000027407,10116.ENSRNOP00000029070,10116.ENSRNOP00000032429,10116.ENSRNOP00000059906,10116.ENSRNOP00000068764,10116.ENSRNOP00000070473,10116.ENSRNOP00000071702,10116.ENSRNOP00000074119,10116.ENSRNOP00000074461","Rac1,Rab26,Dld,Sh3gl2,Fgb,Bsg,Pdcd6ip,Rab43,Arpc2,Slc32a1,Slc17a6,Vim,Ap3m2,Cd9,Ctsd,Rab35,Map1lc3a,Sgip1,Aldoa,Myo18a,Apoe,Gria1,Epn2",1.51e-06,0.00011,"Vesicle"
"COMPARTMENTS","GOCC:0048471",10,258,10116,"10116.ENSRNOP00000003787,10116.ENSRNOP00000004699,10116.ENSRNOP00000008999,10116.ENSRNOP00000009556,10116.ENSRNOP00000018072,10116.ENSRNOP00000024430,10116.ENSRNOP00000031615,10116.ENSRNOP00000062228,10116.ENSRNOP00000075066,10116.ENSRNOP00000075715","Ptges3,Prkca,Sh3gl2,LOC103692716,Add1,Vim,Ptk2b,Prkacb,Itpr3,Hsp90aa1",2.54e-06,0.00018,"Perinuclear region of cytoplasm"
"COMPARTMENTS","GOCC:0031966",12,415,10116,"10116.ENSRNOP00000000749,10116.ENSRNOP00000015561,10116.ENSRNOP00000015956,10116.ENSRNOP00000017965,10116.ENSRNOP00000020670,10116.ENSRNOP00000021920,10116.ENSRNOP00000025525,10116.ENSRNOP00000055224,10116.ENSRNOP00000065147,10116.ENSRNOP00000070967,10116.ENSRNOP00000072480,10116.ENSRNOP00000074688","Cisd1,Slc25a18,Got2,Ldhb,Atp5f1d,LOC100911417,Cox5a,Ndufs2,Atp5pb,Grpel1,Hadhb,Ubc",4.67e-06,0.00032,"Mitochondrial membrane"
"COMPARTMENTS","GOCC:0005743",10,282,10116,"10116.ENSRNOP00000015561,10116.ENSRNOP00000015956,10116.ENSRNOP00000017965,10116.ENSRNOP00000020670,10116.ENSRNOP00000021920,10116.ENSRNOP00000025525,10116.ENSRNOP00000055224,10116.ENSRNOP00000065147,10116.ENSRNOP00000070967,10116.ENSRNOP00000072480","Slc25a18,Got2,Ldhb,Atp5f1d,LOC100911417,Cox5a,Ndufs2,Atp5pb,Grpel1,Hadhb",5.44e-06,0.00036,"Mitochondrial inner membrane"
"COMPARTMENTS","GOCC:0005938",9,225,10116,"10116.ENSRNOP00000007794,10116.ENSRNOP00000009813,10116.ENSRNOP00000016220,10116.ENSRNOP00000017375,10116.ENSRNOP00000018711,10116.ENSRNOP00000025980,10116.ENSRNOP00000031615,10116.ENSRNOP00000064265,10116.ENSRNOP00000069754","Dstn,Fgb,Mapre1,Dbnl,Cap1,Hnrnpk,Ptk2b,Septin10,Utrn",6.45e-06,0.00041,"Cell cortex"
"COMPARTMENTS","GOCC:0150034",11,364,10116,"10116.ENSRNOP00000004699,10116.ENSRNOP00000009556,10116.ENSRNOP00000019265,10116.ENSRNOP00000020720,10116.ENSRNOP00000025980,10116.ENSRNOP00000027497,10116.ENSRNOP00000031615,10116.ENSRNOP00000065890,10116.ENSRNOP00000069754,10116.ENSRNOP00000071539,10116.ENSRNOP00000075715","Prkca,LOC103692716,Arpc2,Slc32a1,Hnrnpk,Atp1a3,Ptk2b,Glul,Utrn,Kif5a,Hsp90aa1",7.94e-06,0.00049,"Distal axon"
"COMPARTMENTS","GOCC:0098588",18,977,10116,"10116.ENSRNOP00000000749,10116.ENSRNOP00000001417,10116.ENSRNOP00000004249,10116.ENSRNOP00000008999,10116.ENSRNOP00000009556,10116.ENSRNOP00000011275,10116.ENSRNOP00000020720,10116.ENSRNOP00000022383,10116.ENSRNOP00000027407,10116.ENSRNOP00000029070,10116.ENSRNOP00000032429,10116.ENSRNOP00000059906,10116.ENSRNOP00000072480,10116.ENSRNOP00000074119,10116.ENSRNOP00000074461,10116.ENSRNOP00000074688,10116.ENSRNOP00000075066,10116.ENSRNOP00000075715","Cisd1,Rac1,Rab26,Sh3gl2,LOC103692716,Bsg,Slc32a1,Slc17a6,Ctsd,Rab35,Map1lc3a,Sgip1,Hadhb,Gria1,Epn2,Ubc,Itpr3,Hsp90aa1",9.56e-06,0.00057,"Bounding membrane of organelle"
"COMPARTMENTS","GOCC:0030659",11,382,10116,"10116.ENSRNOP00000004249,10116.ENSRNOP00000008999,10116.ENSRNOP00000011275,10116.ENSRNOP00000020720,10116.ENSRNOP00000022383,10116.ENSRNOP00000025675,10116.ENSRNOP00000027407,10116.ENSRNOP00000029070,10116.ENSRNOP00000059906,10116.ENSRNOP00000074119,10116.ENSRNOP00000074461","Rab26,Sh3gl2,Bsg,Slc32a1,Slc17a6,Ap3m2,Ctsd,Rab35,Sgip1,Gria1,Epn2",1.23e-05,0.00072,"Cytoplasmic vesicle membrane"
"COMPARTMENTS","GOCC:0005886",32,2615,10116,"10116.ENSRNOP00000001417,10116.ENSRNOP00000003283,10116.ENSRNOP00000004249,10116.ENSRNOP00000004699,10116.ENSRNOP00000008342,10116.ENSRNOP00000009556,10116.ENSRNOP00000011275,10116.ENSRNOP00000012114,10116.ENSRNOP00000015956,10116.ENSRNOP00000018821,10116.ENSRNOP00000019174,10116.ENSRNOP00000019265,10116.ENSRNOP00000020822,10116.ENSRNOP00000022363,10116.ENSRNOP00000026633,10116.ENSRNOP00000027497,10116.ENSRNOP00000029070,10116.ENSRNOP00000031615,10116.ENSRNOP00000035271,10116.ENSRNOP00000040899,10116.ENSRNOP00000059906,10116.ENSRNOP00000060967,10116.ENSRNOP00000064489,10116.ENSRNOP00000069754,10116.ENSRNOP00000070988,10116.ENSRNOP00000071535,10116.ENSRNOP00000071702,10116.ENSRNOP00000073266,10116.ENSRNOP00000074119,10116.ENSRNOP00000074536,10116.ENSRNOP00000075066,10116.ENSRNOP00000075715","Rac1,Plp1,Rab26,Prkca,Slc6a11,LOC103692716,Bsg,Pdcd6ip,Got2,Slc6a12,Gnaq,Arpc2,Rhoq,Hras,Cd9,Atp1a3,Rab35,Ptk2b,Negr1,Cadm2,Sgip1,Cd59,LOC100912380,Utrn,Gpm6b,Slc44a1,Apoe,Gnal,Gria1,Slc6a8,Itpr3,Hsp90aa1",1.39e-05,0.00079,"Plasma membrane"
"COMPARTMENTS","GOCC:0098796",20,1210,10116,"10116.ENSRNOP00000003283,10116.ENSRNOP00000004699,10116.ENSRNOP00000006329,10116.ENSRNOP00000011275,10116.ENSRNOP00000019174,10116.ENSRNOP00000020670,10116.ENSRNOP00000021920,10116.ENSRNOP00000025525,10116.ENSRNOP00000027497,10116.ENSRNOP00000031615,10116.ENSRNOP00000055224,10116.ENSRNOP00000059906,10116.ENSRNOP00000060967,10116.ENSRNOP00000065147,10116.ENSRNOP00000069754,10116.ENSRNOP00000070967,10116.ENSRNOP00000071702,10116.ENSRNOP00000073266,10116.ENSRNOP00000074119,10116.ENSRNOP00000074461","Plp1,Prkca,Napb,Bsg,Gnaq,Atp5f1d,LOC100911417,Cox5a,Atp1a3,Ptk2b,Ndufs2,Sgip1,Cd59,Atp5pb,Utrn,Grpel1,Apoe,Gnal,Gria1,Epn2",1.4e-05,0.00079,"Membrane protein complex"
"COMPARTMENTS","GOCC:0031410",20,1230,10116,"10116.ENSRNOP00000001417,10116.ENSRNOP00000004249,10116.ENSRNOP00000008980,10116.ENSRNOP00000008999,10116.ENSRNOP00000009813,10116.ENSRNOP00000011275,10116.ENSRNOP00000013299,10116.ENSRNOP00000019265,10116.ENSRNOP00000020720,10116.ENSRNOP00000022383,10116.ENSRNOP00000024430,10116.ENSRNOP00000025675,10116.ENSRNOP00000027407,10116.ENSRNOP00000029070,10116.ENSRNOP00000032429,10116.ENSRNOP00000059906,10116.ENSRNOP00000070473,10116.ENSRNOP00000071702,10116.ENSRNOP00000074119,10116.ENSRNOP00000074461","Rac1,Rab26,Dld,Sh3gl2,Fgb,Bsg,Rab43,Arpc2,Slc32a1,Slc17a6,Vim,Ap3m2,Ctsd,Rab35,Map1lc3a,Sgip1,Myo18a,Apoe,Gria1,Epn2",1.76e-05,0.00088,"Cytoplasmic vesicle"
"COMPARTMENTS","GOCC:0043232",32,2672,10116,"10116.ENSRNOP00000000617,10116.ENSRNOP00000001417,10116.ENSRNOP00000003787,10116.ENSRNOP00000007794,10116.ENSRNOP00000012114,10116.ENSRNOP00000012279,10116.ENSRNOP00000013184,10116.ENSRNOP00000016220,10116.ENSRNOP00000017375,10116.ENSRNOP00000018072,10116.ENSRNOP00000018711,10116.ENSRNOP00000019265,10116.ENSRNOP00000019508,10116.ENSRNOP00000020822,10116.ENSRNOP00000023132,10116.ENSRNOP00000024430,10116.ENSRNOP00000025980,10116.ENSRNOP00000032429,10116.ENSRNOP00000058882,10116.ENSRNOP00000059012,10116.ENSRNOP00000062228,10116.ENSRNOP00000064092,10116.ENSRNOP00000064265,10116.ENSRNOP00000064431,10116.ENSRNOP00000067217,10116.ENSRNOP00000068764,10116.ENSRNOP00000069754,10116.ENSRNOP00000069899,10116.ENSRNOP00000070473,10116.ENSRNOP00000071539,10116.ENSRNOP00000072480,10116.ENSRNOP00000074909","Mapk14,Rac1,Ptges3,Dstn,Pdcd6ip,Dynll2,Dync1i1,Mapre1,Dbnl,Add1,Cap1,Arpc2,Rps2,Rhoq,Prdx1,Vim,Hnrnpk,Map1lc3a,Camk2b,Srsf2,Prkacb,Pdxp,Septin10,H3c1,H3c1-2,Aldoa,Utrn,H3c1-3,Myo18a,Kif5a,Hadhb,H3c1-4",2.15e-05,0.001,"Intracellular non-membrane-bounded organelle"
"COMPARTMENTS","GOCC:0030672",6,106,10116,"10116.ENSRNOP00000004249,10116.ENSRNOP00000008999,10116.ENSRNOP00000020720,10116.ENSRNOP00000022383,10116.ENSRNOP00000029070,10116.ENSRNOP00000074119","Rab26,Sh3gl2,Slc32a1,Slc17a6,Rab35,Gria1",3.81e-05,0.0017,"Synaptic vesicle membrane"
"COMPARTMENTS","GOCC:0098793",12,523,10116,"10116.ENSRNOP00000004249,10116.ENSRNOP00000004699,10116.ENSRNOP00000008342,10116.ENSRNOP00000008999,10116.ENSRNOP00000019265,10116.ENSRNOP00000020720,10116.ENSRNOP00000022383,10116.ENSRNOP00000025980,10116.ENSRNOP00000027497,10116.ENSRNOP00000029070,10116.ENSRNOP00000065890,10116.ENSRNOP00000074119","Rab26,Prkca,Slc6a11,Sh3gl2,Arpc2,Slc32a1,Slc17a6,Hnrnpk,Atp1a3,Rab35,Glul,Gria1",4.36e-05,0.0019,"Presynapse"
"COMPARTMENTS","GOCC:1990204",7,167,10116,"10116.ENSRNOP00000008980,10116.ENSRNOP00000017468,10116.ENSRNOP00000017965,10116.ENSRNOP00000024083,10116.ENSRNOP00000055224,10116.ENSRNOP00000065890,10116.ENSRNOP00000074647","Dld,Ldha,Ldhb,Etfb,Ndufs2,Glul,Gpd1",5.36e-05,0.0023,"Oxidoreductase complex"
"COMPARTMENTS","GOCC:0031967",14,720,10116,"10116.ENSRNOP00000000749,10116.ENSRNOP00000015561,10116.ENSRNOP00000015956,10116.ENSRNOP00000017965,10116.ENSRNOP00000020670,10116.ENSRNOP00000021920,10116.ENSRNOP00000025525,10116.ENSRNOP00000055224,10116.ENSRNOP00000065147,10116.ENSRNOP00000070967,10116.ENSRNOP00000071702,10116.ENSRNOP00000072480,10116.ENSRNOP00000074688,10116.ENSRNOP00000075066","Cisd1,Slc25a18,Got2,Ldhb,Atp5f1d,LOC100911417,Cox5a,Ndufs2,Atp5pb,Grpel1,Apoe,Hadhb,Ubc,Itpr3",5.78e-05,0.0024,"Organelle envelope"
"COMPARTMENTS","GOCC:0043204",6,122,10116,"10116.ENSRNOP00000015956,10116.ENSRNOP00000019265,10116.ENSRNOP00000058882,10116.ENSRNOP00000065890,10116.ENSRNOP00000069578,10116.ENSRNOP00000071539","Got2,Arpc2,Camk2b,Glul,Kng1,Kif5a",8.04e-05,0.0033,"Perikaryon"
"COMPARTMENTS","GOCC:0043197",7,182,10116,"10116.ENSRNOP00000001417,10116.ENSRNOP00000018072,10116.ENSRNOP00000019265,10116.ENSRNOP00000025980,10116.ENSRNOP00000027497,10116.ENSRNOP00000031615,10116.ENSRNOP00000074119","Rac1,Add1,Arpc2,Hnrnpk,Atp1a3,Ptk2b,Gria1",9.03e-05,0.0036,"Dendritic spine"
"COMPARTMENTS","GOCC:0098794",12,573,10116,"10116.ENSRNOP00000001417,10116.ENSRNOP00000008342,10116.ENSRNOP00000017375,10116.ENSRNOP00000018072,10116.ENSRNOP00000019265,10116.ENSRNOP00000025980,10116.ENSRNOP00000027497,10116.ENSRNOP00000031615,10116.ENSRNOP00000050393,10116.ENSRNOP00000058882,10116.ENSRNOP00000074119,10116.ENSRNOP00000074536","Rac1,Slc6a11,Dbnl,Add1,Arpc2,Hnrnpk,Atp1a3,Ptk2b,Nf1,Camk2b,Gria1,Slc6a8",1e-04,0.004,"Postsynapse"
"COMPARTMENTS","GOCC:0005833",3,15,10116,"10116.ENSRNOP00000068875,10116.ENSRNOP00000069937,10116.ENSRNOP00000070324","Hbb-b1,LOC103694857,Hbb",0.00013,0.0047,"Hemoglobin complex"
"COMPARTMENTS","GOCC:0098797",12,615,10116,"10116.ENSRNOP00000003283,10116.ENSRNOP00000004699,10116.ENSRNOP00000011275,10116.ENSRNOP00000019174,10116.ENSRNOP00000027497,10116.ENSRNOP00000031615,10116.ENSRNOP00000059906,10116.ENSRNOP00000060967,10116.ENSRNOP00000069754,10116.ENSRNOP00000071702,10116.ENSRNOP00000073266,10116.ENSRNOP00000074119","Plp1,Prkca,Bsg,Gnaq,Atp1a3,Ptk2b,Sgip1,Cd59,Utrn,Apoe,Gnal,Gria1",0.00019,0.007,"Plasma membrane protein complex"
"COMPARTMENTS","GOCC:0098800",6,145,10116,"10116.ENSRNOP00000020670,10116.ENSRNOP00000021920,10116.ENSRNOP00000025525,10116.ENSRNOP00000055224,10116.ENSRNOP00000065147,10116.ENSRNOP00000070967","Atp5f1d,LOC100911417,Cox5a,Ndufs2,Atp5pb,Grpel1",2e-04,0.0071,"Inner mitochondrial membrane protein complex"
"COMPARTMENTS","GOCC:0005929",11,529,10116,"10116.ENSRNOP00000001417,10116.ENSRNOP00000004699,10116.ENSRNOP00000009556,10116.ENSRNOP00000011275,10116.ENSRNOP00000012279,10116.ENSRNOP00000016220,10116.ENSRNOP00000017468,10116.ENSRNOP00000062228,10116.ENSRNOP00000068764,10116.ENSRNOP00000071539,10116.ENSRNOP00000075715","Rac1,Prkca,LOC103692716,Bsg,Dynll2,Mapre1,Ldha,Prkacb,Aldoa,Kif5a,Hsp90aa1",0.00021,0.0075,"Cilium"
"COMPARTMENTS","GOCC:0098798",8,286,10116,"10116.ENSRNOP00000008980,10116.ENSRNOP00000020670,10116.ENSRNOP00000021920,10116.ENSRNOP00000025525,10116.ENSRNOP00000055224,10116.ENSRNOP00000065147,10116.ENSRNOP00000070967,10116.ENSRNOP00000072480","Dld,Atp5f1d,LOC100911417,Cox5a,Ndufs2,Atp5pb,Grpel1,Hadhb",0.00024,0.0082,"Mitochondrial protein complex"
"COMPARTMENTS","GOCC:0005753",3,21,10116,"10116.ENSRNOP00000020670,10116.ENSRNOP00000021920,10116.ENSRNOP00000065147","Atp5f1d,LOC100911417,Atp5pb",0.00031,0.0105,"Mitochondrial proton-transporting ATP synthase complex"
"COMPARTMENTS","GOCC:0030139",6,165,10116,"10116.ENSRNOP00000013299,10116.ENSRNOP00000024430,10116.ENSRNOP00000029070,10116.ENSRNOP00000059906,10116.ENSRNOP00000070473,10116.ENSRNOP00000074461","Rab43,Vim,Rab35,Sgip1,Myo18a,Epn2",0.00039,0.013,"Endocytic vesicle"
"COMPARTMENTS","GOCC:0045334",3,24,10116,"10116.ENSRNOP00000029070,10116.ENSRNOP00000059906,10116.ENSRNOP00000074461","Rab35,Sgip1,Epn2",0.00044,0.0143,"Clathrin-coated endocytic vesicle"
"COMPARTMENTS","GOCC:0098978",7,243,10116,"10116.ENSRNOP00000020411,10116.ENSRNOP00000022485,10116.ENSRNOP00000025496,10116.ENSRNOP00000031615,10116.ENSRNOP00000058882,10116.ENSRNOP00000071702,10116.ENSRNOP00000074119","Lgi1,Ngef,Bcan,Ptk2b,Camk2b,Apoe,Gria1",5e-04,0.0157,"Glutamatergic synapse"
"COMPARTMENTS","GOCC:1905360",3,25,10116,"10116.ENSRNOP00000019174,10116.ENSRNOP00000022363,10116.ENSRNOP00000073266","Gnaq,Hras,Gnal",0.00049,0.0157,"GTPase complex"
"COMPARTMENTS","GOCC:0044292",3,26,10116,"10116.ENSRNOP00000009556,10116.ENSRNOP00000020720,10116.ENSRNOP00000075715","LOC103692716,Slc32a1,Hsp90aa1",0.00055,0.0169,"Dendrite terminus"
"COMPARTMENTS","GOCC:0009986",10,504,10116,"10116.ENSRNOP00000009556,10116.ENSRNOP00000015956,10116.ENSRNOP00000019265,10116.ENSRNOP00000025496,10116.ENSRNOP00000026633,10116.ENSRNOP00000060967,10116.ENSRNOP00000066885,10116.ENSRNOP00000071702,10116.ENSRNOP00000074119,10116.ENSRNOP00000075715","LOC103692716,Got2,Arpc2,Bcan,Cd9,Cd59,C3,Apoe,Gria1,Hsp90aa1",0.00059,0.0177,"Cell surface"
"COMPARTMENTS","GOCC:0098563",4,65,10116,"10116.ENSRNOP00000004249,10116.ENSRNOP00000020720,10116.ENSRNOP00000022383,10116.ENSRNOP00000029070","Rab26,Slc32a1,Slc17a6,Rab35",0.00059,0.0177,"Intrinsic component of synaptic vesicle membrane"
"COMPARTMENTS","GOCC:0098984",8,328,10116,"10116.ENSRNOP00000008999,10116.ENSRNOP00000017375,10116.ENSRNOP00000018072,10116.ENSRNOP00000025980,10116.ENSRNOP00000031615,10116.ENSRNOP00000050393,10116.ENSRNOP00000058882,10116.ENSRNOP00000074119","Sh3gl2,Dbnl,Add1,Hnrnpk,Ptk2b,Nf1,Camk2b,Gria1",0.00058,0.0177,"Neuron to neuron synapse"
"COMPARTMENTS","GOCC:0099503",10,505,10116,"10116.ENSRNOP00000004249,10116.ENSRNOP00000008980,10116.ENSRNOP00000008999,10116.ENSRNOP00000009813,10116.ENSRNOP00000011275,10116.ENSRNOP00000019265,10116.ENSRNOP00000020720,10116.ENSRNOP00000022383,10116.ENSRNOP00000029070,10116.ENSRNOP00000074119","Rab26,Dld,Sh3gl2,Fgb,Bsg,Arpc2,Slc32a1,Slc17a6,Rab35,Gria1",6e-04,0.0177,"Secretory vesicle"
"COMPARTMENTS","GOCC:0030426",6,181,10116,"10116.ENSRNOP00000009556,10116.ENSRNOP00000019265,10116.ENSRNOP00000031615,10116.ENSRNOP00000069754,10116.ENSRNOP00000071539,10116.ENSRNOP00000075715","LOC103692716,Arpc2,Ptk2b,Utrn,Kif5a,Hsp90aa1",0.00062,0.0179,"Growth cone"
"COMPARTMENTS","GOCC:0097440",3,28,10116,"10116.ENSRNOP00000019265,10116.ENSRNOP00000031615,10116.ENSRNOP00000071539","Arpc2,Ptk2b,Kif5a",0.00067,0.019,"Apical dendrite"
"COMPARTMENTS","GOCC:0030027",5,132,10116,"10116.ENSRNOP00000001417,10116.ENSRNOP00000017375,10116.ENSRNOP00000019265,10116.ENSRNOP00000024280,10116.ENSRNOP00000031615","Rac1,Dbnl,Arpc2,Dgkz,Ptk2b",0.001,0.0275,"Lamellipodium"
"COMPARTMENTS","GOCC:0031224",17,1303,10116,"10116.ENSRNOP00000003283,10116.ENSRNOP00000004249,10116.ENSRNOP00000008342,10116.ENSRNOP00000011275,10116.ENSRNOP00000018821,10116.ENSRNOP00000020720,10116.ENSRNOP00000022383,10116.ENSRNOP00000025496,10116.ENSRNOP00000027497,10116.ENSRNOP00000028603,10116.ENSRNOP00000029070,10116.ENSRNOP00000031615,10116.ENSRNOP00000055224,10116.ENSRNOP00000060967,10116.ENSRNOP00000074119,10116.ENSRNOP00000074536,10116.ENSRNOP00000075066","Plp1,Rab26,Slc6a11,Bsg,Slc6a12,Slc32a1,Slc17a6,Bcan,Atp1a3,Fxyd7,Rab35,Ptk2b,Ndufs2,Cd59,Gria1,Slc6a8,Itpr3",0.001,0.0275,"Intrinsic component of membrane"
"COMPARTMENTS","GOCC:0043679",6,199,10116,"10116.ENSRNOP00000004699,10116.ENSRNOP00000019265,10116.ENSRNOP00000020720,10116.ENSRNOP00000025980,10116.ENSRNOP00000027497,10116.ENSRNOP00000065890","Prkca,Arpc2,Slc32a1,Hnrnpk,Atp1a3,Glul",0.001,0.0275,"Axon terminus"
"COMPARTMENTS","GOCC:0005615",11,643,10116,"10116.ENSRNOP00000009813,10116.ENSRNOP00000012114,10116.ENSRNOP00000020411,10116.ENSRNOP00000025496,10116.ENSRNOP00000026633,10116.ENSRNOP00000027407,10116.ENSRNOP00000060967,10116.ENSRNOP00000066885,10116.ENSRNOP00000068764,10116.ENSRNOP00000069578,10116.ENSRNOP00000071702","Fgb,Pdcd6ip,Lgi1,Bcan,Cd9,Ctsd,Cd59,C3,Aldoa,Kng1,Apoe",0.001,0.0276,"Extracellular space"
"COMPARTMENTS","GOCC:0031253",7,277,10116,"10116.ENSRNOP00000001417,10116.ENSRNOP00000009556,10116.ENSRNOP00000019265,10116.ENSRNOP00000029070,10116.ENSRNOP00000069754,10116.ENSRNOP00000074119,10116.ENSRNOP00000075715","Rac1,LOC103692716,Arpc2,Rab35,Utrn,Gria1,Hsp90aa1",0.0011,0.0276,"Cell projection membrane"
"COMPARTMENTS","GOCC:0097226",2,7,10116,"10116.ENSRNOP00000009556,10116.ENSRNOP00000075715","LOC103692716,Hsp90aa1",0.0011,0.0276,"Sperm mitochondrial sheath"
"COMPARTMENTS","GOCC:0014069",7,291,10116,"10116.ENSRNOP00000017375,10116.ENSRNOP00000018072,10116.ENSRNOP00000025980,10116.ENSRNOP00000031615,10116.ENSRNOP00000050393,10116.ENSRNOP00000058882,10116.ENSRNOP00000074119","Dbnl,Add1,Hnrnpk,Ptk2b,Nf1,Camk2b,Gria1",0.0014,0.0348,"Postsynaptic density"
"COMPARTMENTS","GOCC:0031252",7,296,10116,"10116.ENSRNOP00000001417,10116.ENSRNOP00000017375,10116.ENSRNOP00000019265,10116.ENSRNOP00000024280,10116.ENSRNOP00000024430,10116.ENSRNOP00000031615,10116.ENSRNOP00000074119","Rac1,Dbnl,Arpc2,Dgkz,Vim,Ptk2b,Gria1",0.0015,0.0373,"Cell leading edge"
"COMPARTMENTS","GOCC:0031225",4,87,10116,"10116.ENSRNOP00000004249,10116.ENSRNOP00000025496,10116.ENSRNOP00000029070,10116.ENSRNOP00000060967","Rab26,Bcan,Rab35,Cd59",0.0017,0.0401,"Anchored component of membrane"
"COMPARTMENTS","GOCC:0098552",7,307,10116,"10116.ENSRNOP00000000749,10116.ENSRNOP00000001417,10116.ENSRNOP00000019174,10116.ENSRNOP00000026633,10116.ENSRNOP00000060967,10116.ENSRNOP00000071702,10116.ENSRNOP00000073266","Cisd1,Rac1,Gnaq,Cd9,Cd59,Apoe,Gnal",0.0019,0.0441,"Side of membrane"
"COMPARTMENTS","GOCC:0000276",2,10,10116,"10116.ENSRNOP00000021920,10116.ENSRNOP00000065147","LOC100911417,Atp5pb",0.0019,0.0448,"Mitochondrial proton-transporting ATP synthase complex, coupling factor F(o)"
"COMPARTMENTS","GOCC:0030128",2,10,10116,"10116.ENSRNOP00000059906,10116.ENSRNOP00000074461","Sgip1,Epn2",0.0019,0.0448,"Clathrin coat of endocytic vesicle"
"Process","GO:0051234",57,3790,10116,"10116.ENSRNOP00000000617,10116.ENSRNOP00000001115,10116.ENSRNOP00000001417,10116.ENSRNOP00000001581,10116.ENSRNOP00000004249,10116.ENSRNOP00000004699,10116.ENSRNOP00000006329,10116.ENSRNOP00000008342,10116.ENSRNOP00000008999,10116.ENSRNOP00000009556,10116.ENSRNOP00000012114,10116.ENSRNOP00000013184,10116.ENSRNOP00000013299,10116.ENSRNOP00000015561,10116.ENSRNOP00000015956,10116.ENSRNOP00000016220,10116.ENSRNOP00000016981,10116.ENSRNOP00000017375,10116.ENSRNOP00000018072,10116.ENSRNOP00000018711,10116.ENSRNOP00000018821,10116.ENSRNOP00000020670,10116.ENSRNOP00000020720,10116.ENSRNOP00000020822,10116.ENSRNOP00000020908,10116.ENSRNOP00000021920,10116.ENSRNOP00000022363,10116.ENSRNOP00000022383,10116.ENSRNOP00000025525,10116.ENSRNOP00000025675,10116.ENSRNOP00000026633,10116.ENSRNOP00000027497,10116.ENSRNOP00000028603,10116.ENSRNOP00000029070,10116.ENSRNOP00000033456,10116.ENSRNOP00000050393,10116.ENSRNOP00000052160,10116.ENSRNOP00000055224,10116.ENSRNOP00000058882,10116.ENSRNOP00000059906,10116.ENSRNOP00000065147,10116.ENSRNOP00000067788,10116.ENSRNOP00000068875,10116.ENSRNOP00000069937,10116.ENSRNOP00000070324,10116.ENSRNOP00000070473,10116.ENSRNOP00000070967,10116.ENSRNOP00000070988,10116.ENSRNOP00000071528,10116.ENSRNOP00000071535,10116.ENSRNOP00000071539,10116.ENSRNOP00000071702,10116.ENSRNOP00000074119,10116.ENSRNOP00000074461,10116.ENSRNOP00000074536,10116.ENSRNOP00000075066,10116.ENSRNOP00000075715","Mapk14,Ddx39b,Rac1,Gltp,Rab26,Prkca,Napb,Slc6a11,Sh3gl2,LOC103692716,Pdcd6ip,Dync1i1,Rab43,Slc25a18,Got2,Mapre1,Ywhab,Dbnl,Add1,Cap1,Slc6a12,Atp5f1d,Slc32a1,Rhoq,Nol3,LOC100911417,Hras,Slc17a6,Cox5a,Ap3m2,Cd9,Atp1a3,Fxyd7,Rab35,Camk1,Nf1,Hnrnpa1,Ndufs2,Camk2b,Sgip1,Atp5pb,Rab1b,Hbb-b1,LOC103694857,Hbb,Myo18a,Grpel1,Gpm6b,LOC100134871,Slc44a1,Kif5a,Apoe,Gria1,Epn2,Slc6a8,Itpr3,Hsp90aa1",9.5e-14,1.42e-09,"Establishment of localization"
"Process","GO:0006810",55,3628,10116,"10116.ENSRNOP00000000617,10116.ENSRNOP00000001115,10116.ENSRNOP00000001417,10116.ENSRNOP00000001581,10116.ENSRNOP00000004249,10116.ENSRNOP00000006329,10116.ENSRNOP00000008342,10116.ENSRNOP00000008999,10116.ENSRNOP00000009556,10116.ENSRNOP00000012114,10116.ENSRNOP00000013184,10116.ENSRNOP00000013299,10116.ENSRNOP00000015561,10116.ENSRNOP00000015956,10116.ENSRNOP00000016981,10116.ENSRNOP00000017375,10116.ENSRNOP00000018072,10116.ENSRNOP00000018711,10116.ENSRNOP00000018821,10116.ENSRNOP00000020670,10116.ENSRNOP00000020720,10116.ENSRNOP00000020822,10116.ENSRNOP00000020908,10116.ENSRNOP00000021920,10116.ENSRNOP00000022363,10116.ENSRNOP00000022383,10116.ENSRNOP00000025525,10116.ENSRNOP00000025675,10116.ENSRNOP00000026633,10116.ENSRNOP00000027497,10116.ENSRNOP00000028603,10116.ENSRNOP00000029070,10116.ENSRNOP00000033456,10116.ENSRNOP00000050393,10116.ENSRNOP00000052160,10116.ENSRNOP00000055224,10116.ENSRNOP00000058882,10116.ENSRNOP00000059906,10116.ENSRNOP00000065147,10116.ENSRNOP00000067788,10116.ENSRNOP00000068875,10116.ENSRNOP00000069937,10116.ENSRNOP00000070324,10116.ENSRNOP00000070473,10116.ENSRNOP00000070967,10116.ENSRNOP00000070988,10116.ENSRNOP00000071528,10116.ENSRNOP00000071535,10116.ENSRNOP00000071539,10116.ENSRNOP00000071702,10116.ENSRNOP00000074119,10116.ENSRNOP00000074461,10116.ENSRNOP00000074536,10116.ENSRNOP00000075066,10116.ENSRNOP00000075715","Mapk14,Ddx39b,Rac1,Gltp,Rab26,Napb,Slc6a11,Sh3gl2,LOC103692716,Pdcd6ip,Dync1i1,Rab43,Slc25a18,Got2,Ywhab,Dbnl,Add1,Cap1,Slc6a12,Atp5f1d,Slc32a1,Rhoq,Nol3,LOC100911417,Hras,Slc17a6,Cox5a,Ap3m2,Cd9,Atp1a3,Fxyd7,Rab35,Camk1,Nf1,Hnrnpa1,Ndufs2,Camk2b,Sgip1,Atp5pb,Rab1b,Hbb-b1,LOC103694857,Hbb,Myo18a,Grpel1,Gpm6b,LOC100134871,Slc44a1,Kif5a,Apoe,Gria1,Epn2,Slc6a8,Itpr3,Hsp90aa1",2.53e-13,1.89e-09,"Transport"
"Process","GO:0051179",60,4389,10116,"10116.ENSRNOP00000000617,10116.ENSRNOP00000001115,10116.ENSRNOP00000001417,10116.ENSRNOP00000001581,10116.ENSRNOP00000004249,10116.ENSRNOP00000004699,10116.ENSRNOP00000006329,10116.ENSRNOP00000008342,10116.ENSRNOP00000008999,10116.ENSRNOP00000009556,10116.ENSRNOP00000011275,10116.ENSRNOP00000012114,10116.ENSRNOP00000013184,10116.ENSRNOP00000013299,10116.ENSRNOP00000015561,10116.ENSRNOP00000015956,10116.ENSRNOP00000016220,10116.ENSRNOP00000016981,10116.ENSRNOP00000017375,10116.ENSRNOP00000018072,10116.ENSRNOP00000018711,10116.ENSRNOP00000018821,10116.ENSRNOP00000020411,10116.ENSRNOP00000020670,10116.ENSRNOP00000020720,10116.ENSRNOP00000020822,10116.ENSRNOP00000020908,10116.ENSRNOP00000021920,10116.ENSRNOP00000022363,10116.ENSRNOP00000022383,10116.ENSRNOP00000025525,10116.ENSRNOP00000025675,10116.ENSRNOP00000026633,10116.ENSRNOP00000027497,10116.ENSRNOP00000028603,10116.ENSRNOP00000029070,10116.ENSRNOP00000033456,10116.ENSRNOP00000050393,10116.ENSRNOP00000052160,10116.ENSRNOP00000055224,10116.ENSRNOP00000058882,10116.ENSRNOP00000059906,10116.ENSRNOP00000064265,10116.ENSRNOP00000065147,10116.ENSRNOP00000067788,10116.ENSRNOP00000068875,10116.ENSRNOP00000069937,10116.ENSRNOP00000070324,10116.ENSRNOP00000070473,10116.ENSRNOP00000070967,10116.ENSRNOP00000070988,10116.ENSRNOP00000071528,10116.ENSRNOP00000071535,10116.ENSRNOP00000071539,10116.ENSRNOP00000071702,10116.ENSRNOP00000074119,10116.ENSRNOP00000074461,10116.ENSRNOP00000074536,10116.ENSRNOP00000075066,10116.ENSRNOP00000075715","Mapk14,Ddx39b,Rac1,Gltp,Rab26,Prkca,Napb,Slc6a11,Sh3gl2,LOC103692716,Bsg,Pdcd6ip,Dync1i1,Rab43,Slc25a18,Got2,Mapre1,Ywhab,Dbnl,Add1,Cap1,Slc6a12,Lgi1,Atp5f1d,Slc32a1,Rhoq,Nol3,LOC100911417,Hras,Slc17a6,Cox5a,Ap3m2,Cd9,Atp1a3,Fxyd7,Rab35,Camk1,Nf1,Hnrnpa1,Ndufs2,Camk2b,Sgip1,Septin10,Atp5pb,Rab1b,Hbb-b1,LOC103694857,Hbb,Myo18a,Grpel1,Gpm6b,LOC100134871,Slc44a1,Kif5a,Apoe,Gria1,Epn2,Slc6a8,Itpr3,Hsp90aa1",9.29e-13,4.62e-09,"Localization"
"Process","GO:1901700",39,2094,10116,"10116.ENSRNOP00000000617,10116.ENSRNOP00000001417,10116.ENSRNOP00000004385,10116.ENSRNOP00000004699,10116.ENSRNOP00000004799,10116.ENSRNOP00000009556,10116.ENSRNOP00000011275,10116.ENSRNOP00000015956,10116.ENSRNOP00000017468,10116.ENSRNOP00000018072,10116.ENSRNOP00000019174,10116.ENSRNOP00000019265,10116.ENSRNOP00000019508,10116.ENSRNOP00000020670,10116.ENSRNOP00000020822,10116.ENSRNOP00000023132,10116.ENSRNOP00000024430,10116.ENSRNOP00000025980,10116.ENSRNOP00000026633,10116.ENSRNOP00000027497,10116.ENSRNOP00000031615,10116.ENSRNOP00000032429,10116.ENSRNOP00000050393,10116.ENSRNOP00000052160,10116.ENSRNOP00000058882,10116.ENSRNOP00000059012,10116.ENSRNOP00000064092,10116.ENSRNOP00000065890,10116.ENSRNOP00000066885,10116.ENSRNOP00000068764,10116.ENSRNOP00000070324,10116.ENSRNOP00000071539,10116.ENSRNOP00000071702,10116.ENSRNOP00000072480,10116.ENSRNOP00000073266,10116.ENSRNOP00000074119,10116.ENSRNOP00000074647,10116.ENSRNOP00000075066,10116.ENSRNOP00000075715","Mapk14,Rac1,Qdpr,Prkca,Prdx2,LOC103692716,Bsg,Got2,Ldha,Add1,Gnaq,Arpc2,Rps2,Atp5f1d,Rhoq,Prdx1,Vim,Hnrnpk,Cd9,Atp1a3,Ptk2b,Map1lc3a,Nf1,Hnrnpa1,Camk2b,Srsf2,Pdxp,Glul,C3,Aldoa,Hbb,Kif5a,Apoe,Hadhb,Gnal,Gria1,Gpd1,Itpr3,Hsp90aa1",8.82e-12,3.29e-08,"Response to oxygen-containing compound"
"Process","GO:0070887",46,2882,10116,"10116.ENSRNOP00000000617,10116.ENSRNOP00000001417,10116.ENSRNOP00000003787,10116.ENSRNOP00000004385,10116.ENSRNOP00000004699,10116.ENSRNOP00000004799,10116.ENSRNOP00000008999,10116.ENSRNOP00000009813,10116.ENSRNOP00000011275,10116.ENSRNOP00000013299,10116.ENSRNOP00000017805,10116.ENSRNOP00000018072,10116.ENSRNOP00000018325,10116.ENSRNOP00000018821,10116.ENSRNOP00000019174,10116.ENSRNOP00000019265,10116.ENSRNOP00000019508,10116.ENSRNOP00000020822,10116.ENSRNOP00000020908,10116.ENSRNOP00000021629,10116.ENSRNOP00000021920,10116.ENSRNOP00000023132,10116.ENSRNOP00000024430,10116.ENSRNOP00000025980,10116.ENSRNOP00000027497,10116.ENSRNOP00000029070,10116.ENSRNOP00000031615,10116.ENSRNOP00000032429,10116.ENSRNOP00000050393,10116.ENSRNOP00000052160,10116.ENSRNOP00000055224,10116.ENSRNOP00000058882,10116.ENSRNOP00000064092,10116.ENSRNOP00000065147,10116.ENSRNOP00000068875,10116.ENSRNOP00000069937,10116.ENSRNOP00000070324,10116.ENSRNOP00000070473,10116.ENSRNOP00000071528,10116.ENSRNOP00000071539,10116.ENSRNOP00000071702,10116.ENSRNOP00000072480,10116.ENSRNOP00000073266,10116.ENSRNOP00000074119,10116.ENSRNOP00000074647,10116.ENSRNOP00000075066","Mapk14,Rac1,Ptges3,Qdpr,Prkca,Prdx2,Sh3gl2,Fgb,Bsg,Rab43,Nceh1,Add1,Gsta1,Slc6a12,Gnaq,Arpc2,Rps2,Rhoq,Nol3,Rad23b,LOC100911417,Prdx1,Vim,Hnrnpk,Atp1a3,Rab35,Ptk2b,Map1lc3a,Nf1,Hnrnpa1,Ndufs2,Camk2b,Pdxp,Atp5pb,Hbb-b1,LOC103694857,Hbb,Myo18a,LOC100134871,Kif5a,Apoe,Hadhb,Gnal,Gria1,Gpd1,Itpr3",1.16e-11,3.45e-08,"Cellular response to chemical stimulus"
"Process","GO:0009056",36,1856,10116,"10116.ENSRNOP00000000772,10116.ENSRNOP00000002410,10116.ENSRNOP00000004385,10116.ENSRNOP00000004799,10116.ENSRNOP00000008980,10116.ENSRNOP00000009183,10116.ENSRNOP00000009556,10116.ENSRNOP00000012114,10116.ENSRNOP00000013005,10116.ENSRNOP00000013299,10116.ENSRNOP00000015786,10116.ENSRNOP00000015956,10116.ENSRNOP00000017468,10116.ENSRNOP00000017805,10116.ENSRNOP00000018325,10116.ENSRNOP00000021629,10116.ENSRNOP00000023132,10116.ENSRNOP00000024083,10116.ENSRNOP00000027407,10116.ENSRNOP00000028838,10116.ENSRNOP00000032429,10116.ENSRNOP00000064092,10116.ENSRNOP00000064489,10116.ENSRNOP00000067788,10116.ENSRNOP00000068764,10116.ENSRNOP00000068875,10116.ENSRNOP00000069937,10116.ENSRNOP00000070324,10116.ENSRNOP00000071528,10116.ENSRNOP00000071611,10116.ENSRNOP00000071702,10116.ENSRNOP00000072480,10116.ENSRNOP00000074608,10116.ENSRNOP00000074647,10116.ENSRNOP00000074688,10116.ENSRNOP00000075715","Hint1,Ehhadh,Qdpr,Prdx2,Dld,Pygl,LOC103692716,Pdcd6ip,Enpp6,Rab43,Auh,Got2,Ldha,Nceh1,Gsta1,Rad23b,Prdx1,Etfb,Ctsd,Itpa,Map1lc3a,Pdxp,LOC100912380,Rab1b,Aldoa,Hbb-b1,LOC103694857,Hbb,LOC100134871,Psma7,Apoe,Hadhb,Nudt3,Gpd1,Ubc,Hsp90aa1",2.37e-11,5.88e-08,"Catabolic process"
"Process","GO:0065008",53,3833,10116,"10116.ENSRNOP00000000617,10116.ENSRNOP00000001417,10116.ENSRNOP00000003787,10116.ENSRNOP00000004699,10116.ENSRNOP00000004799,10116.ENSRNOP00000007794,10116.ENSRNOP00000008342,10116.ENSRNOP00000008980,10116.ENSRNOP00000008999,10116.ENSRNOP00000009183,10116.ENSRNOP00000009556,10116.ENSRNOP00000009813,10116.ENSRNOP00000011275,10116.ENSRNOP00000012114,10116.ENSRNOP00000015956,10116.ENSRNOP00000017375,10116.ENSRNOP00000018072,10116.ENSRNOP00000018821,10116.ENSRNOP00000019174,10116.ENSRNOP00000019265,10116.ENSRNOP00000020411,10116.ENSRNOP00000020908,10116.ENSRNOP00000022363,10116.ENSRNOP00000022383,10116.ENSRNOP00000022485,10116.ENSRNOP00000023132,10116.ENSRNOP00000024430,10116.ENSRNOP00000025496,10116.ENSRNOP00000025675,10116.ENSRNOP00000025980,10116.ENSRNOP00000026633,10116.ENSRNOP00000027497,10116.ENSRNOP00000031615,10116.ENSRNOP00000033456,10116.ENSRNOP00000035271,10116.ENSRNOP00000050393,10116.ENSRNOP00000052160,10116.ENSRNOP00000058882,10116.ENSRNOP00000059906,10116.ENSRNOP00000062102,10116.ENSRNOP00000062447,10116.ENSRNOP00000064092,10116.ENSRNOP00000065890,10116.ENSRNOP00000066885,10116.ENSRNOP00000068764,10116.ENSRNOP00000069578,10116.ENSRNOP00000070324,10116.ENSRNOP00000070988,10116.ENSRNOP00000071702,10116.ENSRNOP00000073266,10116.ENSRNOP00000074119,10116.ENSRNOP00000075066,10116.ENSRNOP00000075715","Mapk14,Rac1,Ptges3,Prkca,Prdx2,Dstn,Slc6a11,Dld,Sh3gl2,Pygl,LOC103692716,Fgb,Bsg,Pdcd6ip,Got2,Dbnl,Add1,Slc6a12,Gnaq,Arpc2,Lgi1,Nol3,Hras,Slc17a6,Ngef,Prdx1,Vim,Bcan,Ap3m2,Hnrnpk,Cd9,Atp1a3,Ptk2b,Camk1,Negr1,Nf1,Hnrnpa1,Camk2b,Sgip1,Ube2v2,Ncald,Pdxp,Glul,C3,Aldoa,Kng1,Hbb,Gpm6b,Apoe,Gnal,Gria1,Itpr3,Hsp90aa1",3.34e-11,7.12e-08,"Regulation of biological quality"
"Process","GO:0009719",33,1730,10116,"10116.ENSRNOP00000000617,10116.ENSRNOP00000001417,10116.ENSRNOP00000003787,10116.ENSRNOP00000004385,10116.ENSRNOP00000004699,10116.ENSRNOP00000008999,10116.ENSRNOP00000009556,10116.ENSRNOP00000009813,10116.ENSRNOP00000011275,10116.ENSRNOP00000015956,10116.ENSRNOP00000017468,10116.ENSRNOP00000019174,10116.ENSRNOP00000019265,10116.ENSRNOP00000020822,10116.ENSRNOP00000024430,10116.ENSRNOP00000025980,10116.ENSRNOP00000026633,10116.ENSRNOP00000027497,10116.ENSRNOP00000029070,10116.ENSRNOP00000031615,10116.ENSRNOP00000050393,10116.ENSRNOP00000052160,10116.ENSRNOP00000058882,10116.ENSRNOP00000064092,10116.ENSRNOP00000066885,10116.ENSRNOP00000068764,10116.ENSRNOP00000071539,10116.ENSRNOP00000071702,10116.ENSRNOP00000073266,10116.ENSRNOP00000074119,10116.ENSRNOP00000074647,10116.ENSRNOP00000075066,10116.ENSRNOP00000075715","Mapk14,Rac1,Ptges3,Qdpr,Prkca,Sh3gl2,LOC103692716,Fgb,Bsg,Got2,Ldha,Gnaq,Arpc2,Rhoq,Vim,Hnrnpk,Cd9,Atp1a3,Rab35,Ptk2b,Nf1,Hnrnpa1,Camk2b,Pdxp,C3,Aldoa,Kif5a,Apoe,Gnal,Gria1,Gpd1,Itpr3,Hsp90aa1",3.14e-10,5.85e-07,"Response to endogenous stimulus"
"Process","GO:0010033",46,3316,10116,"10116.ENSRNOP00000000617,10116.ENSRNOP00000001417,10116.ENSRNOP00000003787,10116.ENSRNOP00000004385,10116.ENSRNOP00000004699,10116.ENSRNOP00000004799,10116.ENSRNOP00000008999,10116.ENSRNOP00000009556,10116.ENSRNOP00000009813,10116.ENSRNOP00000011275,10116.ENSRNOP00000013299,10116.ENSRNOP00000015956,10116.ENSRNOP00000017468,10116.ENSRNOP00000018072,10116.ENSRNOP00000018821,10116.ENSRNOP00000019174,10116.ENSRNOP00000019265,10116.ENSRNOP00000019508,10116.ENSRNOP00000020670,10116.ENSRNOP00000020822,10116.ENSRNOP00000021629,10116.ENSRNOP00000024430,10116.ENSRNOP00000025980,10116.ENSRNOP00000026633,10116.ENSRNOP00000027497,10116.ENSRNOP00000029070,10116.ENSRNOP00000031615,10116.ENSRNOP00000032429,10116.ENSRNOP00000050393,10116.ENSRNOP00000052160,10116.ENSRNOP00000058882,10116.ENSRNOP00000059012,10116.ENSRNOP00000062228,10116.ENSRNOP00000064092,10116.ENSRNOP00000065890,10116.ENSRNOP00000066885,10116.ENSRNOP00000068764,10116.ENSRNOP00000070473,10116.ENSRNOP00000071539,10116.ENSRNOP00000071702,10116.ENSRNOP00000072480,10116.ENSRNOP00000073266,10116.ENSRNOP00000074119,10116.ENSRNOP00000074647,10116.ENSRNOP00000075066,10116.ENSRNOP00000075715","Mapk14,Rac1,Ptges3,Qdpr,Prkca,Prdx2,Sh3gl2,LOC103692716,Fgb,Bsg,Rab43,Got2,Ldha,Add1,Slc6a12,Gnaq,Arpc2,Rps2,Atp5f1d,Rhoq,Rad23b,Vim,Hnrnpk,Cd9,Atp1a3,Rab35,Ptk2b,Map1lc3a,Nf1,Hnrnpa1,Camk2b,Srsf2,Prkacb,Pdxp,Glul,C3,Aldoa,Myo18a,Kif5a,Apoe,Hadhb,Gnal,Gria1,Gpd1,Itpr3,Hsp90aa1",1.27e-09,2.1e-06,"Response to organic substance"
"Process","GO:0051130",26,1193,10116,"10116.ENSRNOP00000000617,10116.ENSRNOP00000001417,10116.ENSRNOP00000004699,10116.ENSRNOP00000007794,10116.ENSRNOP00000008999,10116.ENSRNOP00000009556,10116.ENSRNOP00000012114,10116.ENSRNOP00000016220,10116.ENSRNOP00000017375,10116.ENSRNOP00000018072,10116.ENSRNOP00000019265,10116.ENSRNOP00000020822,10116.ENSRNOP00000022363,10116.ENSRNOP00000025980,10116.ENSRNOP00000031615,10116.ENSRNOP00000033456,10116.ENSRNOP00000035271,10116.ENSRNOP00000050393,10116.ENSRNOP00000052160,10116.ENSRNOP00000058882,10116.ENSRNOP00000059906,10116.ENSRNOP00000062102,10116.ENSRNOP00000064092,10116.ENSRNOP00000066885,10116.ENSRNOP00000071702,10116.ENSRNOP00000075715","Mapk14,Rac1,Prkca,Dstn,Sh3gl2,LOC103692716,Pdcd6ip,Mapre1,Dbnl,Add1,Arpc2,Rhoq,Hras,Hnrnpk,Ptk2b,Camk1,Negr1,Nf1,Hnrnpa1,Camk2b,Sgip1,Ube2v2,Pdxp,C3,Apoe,Hsp90aa1",2.48e-09,3.7e-06,"Positive regulation of cellular component organization"
"Process","GO:0042221",59,5227,10116,"10116.ENSRNOP00000000617,10116.ENSRNOP00000001417,10116.ENSRNOP00000003787,10116.ENSRNOP00000004385,10116.ENSRNOP00000004699,10116.ENSRNOP00000004799,10116.ENSRNOP00000008342,10116.ENSRNOP00000008999,10116.ENSRNOP00000009556,10116.ENSRNOP00000009813,10116.ENSRNOP00000011275,10116.ENSRNOP00000013299,10116.ENSRNOP00000015956,10116.ENSRNOP00000017468,10116.ENSRNOP00000017805,10116.ENSRNOP00000018072,10116.ENSRNOP00000018325,10116.ENSRNOP00000018821,10116.ENSRNOP00000019174,10116.ENSRNOP00000019265,10116.ENSRNOP00000019508,10116.ENSRNOP00000020411,10116.ENSRNOP00000020670,10116.ENSRNOP00000020822,10116.ENSRNOP00000020908,10116.ENSRNOP00000021629,10116.ENSRNOP00000021920,10116.ENSRNOP00000023132,10116.ENSRNOP00000024430,10116.ENSRNOP00000025980,10116.ENSRNOP00000026633,10116.ENSRNOP00000027497,10116.ENSRNOP00000029070,10116.ENSRNOP00000031615,10116.ENSRNOP00000032429,10116.ENSRNOP00000050393,10116.ENSRNOP00000052160,10116.ENSRNOP00000055224,10116.ENSRNOP00000058882,10116.ENSRNOP00000059012,10116.ENSRNOP00000062228,10116.ENSRNOP00000064092,10116.ENSRNOP00000065147,10116.ENSRNOP00000065890,10116.ENSRNOP00000066885,10116.ENSRNOP00000068764,10116.ENSRNOP00000068875,10116.ENSRNOP00000069937,10116.ENSRNOP00000070324,10116.ENSRNOP00000070473,10116.ENSRNOP00000071528,10116.ENSRNOP00000071539,10116.ENSRNOP00000071702,10116.ENSRNOP00000072480,10116.ENSRNOP00000073266,10116.ENSRNOP00000074119,10116.ENSRNOP00000074647,10116.ENSRNOP00000075066,10116.ENSRNOP00000075715","Mapk14,Rac1,Ptges3,Qdpr,Prkca,Prdx2,Slc6a11,Sh3gl2,LOC103692716,Fgb,Bsg,Rab43,Got2,Ldha,Nceh1,Add1,Gsta1,Slc6a12,Gnaq,Arpc2,Rps2,Lgi1,Atp5f1d,Rhoq,Nol3,Rad23b,LOC100911417,Prdx1,Vim,Hnrnpk,Cd9,Atp1a3,Rab35,Ptk2b,Map1lc3a,Nf1,Hnrnpa1,Ndufs2,Camk2b,Srsf2,Prkacb,Pdxp,Atp5pb,Glul,C3,Aldoa,Hbb-b1,LOC103694857,Hbb,Myo18a,LOC100134871,Kif5a,Apoe,Hadhb,Gnal,Gria1,Gpd1,Itpr3,Hsp90aa1",4.76e-09,6.45e-06,"Response to chemical"
"Process","GO:0009987",112,15210,10116,"10116.ENSRNOP00000000617,10116.ENSRNOP00000000772,10116.ENSRNOP00000001115,10116.ENSRNOP00000001417,10116.ENSRNOP00000001581,10116.ENSRNOP00000002410,10116.ENSRNOP00000003283,10116.ENSRNOP00000003787,10116.ENSRNOP00000004249,10116.ENSRNOP00000004385,10116.ENSRNOP00000004699,10116.ENSRNOP00000004799,10116.ENSRNOP00000006329,10116.ENSRNOP00000007794,10116.ENSRNOP00000008342,10116.ENSRNOP00000008980,10116.ENSRNOP00000008999,10116.ENSRNOP00000009183,10116.ENSRNOP00000009556,10116.ENSRNOP00000009813,10116.ENSRNOP00000011275,10116.ENSRNOP00000012114,10116.ENSRNOP00000012279,10116.ENSRNOP00000013184,10116.ENSRNOP00000013299,10116.ENSRNOP00000015561,10116.ENSRNOP00000015786,10116.ENSRNOP00000015956,10116.ENSRNOP00000016220,10116.ENSRNOP00000016981,10116.ENSRNOP00000017375,10116.ENSRNOP00000017468,10116.ENSRNOP00000017805,10116.ENSRNOP00000017965,10116.ENSRNOP00000018072,10116.ENSRNOP00000018325,10116.ENSRNOP00000018711,10116.ENSRNOP00000018821,10116.ENSRNOP00000019174,10116.ENSRNOP00000019265,10116.ENSRNOP00000019508,10116.ENSRNOP00000020325,10116.ENSRNOP00000020411,10116.ENSRNOP00000020670,10116.ENSRNOP00000020720,10116.ENSRNOP00000020822,10116.ENSRNOP00000020908,10116.ENSRNOP00000021629,10116.ENSRNOP00000021920,10116.ENSRNOP00000022363,10116.ENSRNOP00000022383,10116.ENSRNOP00000022485,10116.ENSRNOP00000023132,10116.ENSRNOP00000024083,10116.ENSRNOP00000024280,10116.ENSRNOP00000024430,10116.ENSRNOP00000025496,10116.ENSRNOP00000025525,10116.ENSRNOP00000025675,10116.ENSRNOP00000025980,10116.ENSRNOP00000026633,10116.ENSRNOP00000027407,10116.ENSRNOP00000027497,10116.ENSRNOP00000028838,10116.ENSRNOP00000029070,10116.ENSRNOP00000031615,10116.ENSRNOP00000032429,10116.ENSRNOP00000033456,10116.ENSRNOP00000035271,10116.ENSRNOP00000040899,10116.ENSRNOP00000050393,10116.ENSRNOP00000052160,10116.ENSRNOP00000055224,10116.ENSRNOP00000058882,10116.ENSRNOP00000059012,10116.ENSRNOP00000059906,10116.ENSRNOP00000062102,10116.ENSRNOP00000062228,10116.ENSRNOP00000062447,10116.ENSRNOP00000064092,10116.ENSRNOP00000064265,10116.ENSRNOP00000065147,10116.ENSRNOP00000065890,10116.ENSRNOP00000066885,10116.ENSRNOP00000067069,10116.ENSRNOP00000067695,10116.ENSRNOP00000067788,10116.ENSRNOP00000068764,10116.ENSRNOP00000068875,10116.ENSRNOP00000069754,10116.ENSRNOP00000069937,10116.ENSRNOP00000070324,10116.ENSRNOP00000070473,10116.ENSRNOP00000070967,10116.ENSRNOP00000070988,10116.ENSRNOP00000071528,10116.ENSRNOP00000071535,10116.ENSRNOP00000071539,10116.ENSRNOP00000071611,10116.ENSRNOP00000071702,10116.ENSRNOP00000072480,10116.ENSRNOP00000073266,10116.ENSRNOP00000073983,10116.ENSRNOP00000074119,10116.ENSRNOP00000074461,10116.ENSRNOP00000074536,10116.ENSRNOP00000074608,10116.ENSRNOP00000074647,10116.ENSRNOP00000074688,10116.ENSRNOP00000075066,10116.ENSRNOP00000075076,10116.ENSRNOP00000075715","Mapk14,Hint1,Ddx39b,Rac1,Gltp,Ehhadh,Plp1,Ptges3,Rab26,Qdpr,Prkca,Prdx2,Napb,Dstn,Slc6a11,Dld,Sh3gl2,Pygl,LOC103692716,Fgb,Bsg,Pdcd6ip,Dynll2,Dync1i1,Rab43,Slc25a18,Auh,Got2,Mapre1,Ywhab,Dbnl,Ldha,Nceh1,Ldhb,Add1,Gsta1,Cap1,Slc6a12,Gnaq,Arpc2,Rps2,Aldh7a1,Lgi1,Atp5f1d,Slc32a1,Rhoq,Nol3,Rad23b,LOC100911417,Hras,Slc17a6,Ngef,Prdx1,Etfb,Dgkz,Vim,Bcan,Cox5a,Ap3m2,Hnrnpk,Cd9,Ctsd,Atp1a3,Itpa,Rab35,Ptk2b,Map1lc3a,Camk1,Negr1,Cadm2,Nf1,Hnrnpa1,Ndufs2,Camk2b,Srsf2,Sgip1,Ube2v2,Prkacb,Ncald,Pdxp,Septin10,Atp5pb,Glul,C3,Pnpo,Gmfb,Rab1b,Aldoa,Hbb-b1,Utrn,LOC103694857,Hbb,Myo18a,Grpel1,Gpm6b,LOC100134871,Slc44a1,Kif5a,Psma7,Apoe,Hadhb,Gnal,Adk,Gria1,Epn2,Slc6a8,Nudt3,Gpd1,Ubc,Itpr3,Sh3glb2,Hsp90aa1",7.39e-09,9.18e-06,"Cellular process"
"Process","GO:0044248",28,1492,10116,"10116.ENSRNOP00000000772,10116.ENSRNOP00000002410,10116.ENSRNOP00000004385,10116.ENSRNOP00000004799,10116.ENSRNOP00000008980,10116.ENSRNOP00000009183,10116.ENSRNOP00000009556,10116.ENSRNOP00000013299,10116.ENSRNOP00000015786,10116.ENSRNOP00000015956,10116.ENSRNOP00000018325,10116.ENSRNOP00000021629,10116.ENSRNOP00000023132,10116.ENSRNOP00000024083,10116.ENSRNOP00000027407,10116.ENSRNOP00000028838,10116.ENSRNOP00000032429,10116.ENSRNOP00000064092,10116.ENSRNOP00000067788,10116.ENSRNOP00000068875,10116.ENSRNOP00000069937,10116.ENSRNOP00000070324,10116.ENSRNOP00000071528,10116.ENSRNOP00000071611,10116.ENSRNOP00000072480,10116.ENSRNOP00000074608,10116.ENSRNOP00000074688,10116.ENSRNOP00000075715","Hint1,Ehhadh,Qdpr,Prdx2,Dld,Pygl,LOC103692716,Rab43,Auh,Got2,Gsta1,Rad23b,Prdx1,Etfb,Ctsd,Itpa,Map1lc3a,Pdxp,Rab1b,Hbb-b1,LOC103694857,Hbb,LOC100134871,Psma7,Hadhb,Nudt3,Ubc,Hsp90aa1",1.35e-08,1.55e-05,"Cellular catabolic process"
"Process","GO:0071702",31,1815,10116,"10116.ENSRNOP00000000617,10116.ENSRNOP00000001115,10116.ENSRNOP00000001581,10116.ENSRNOP00000004249,10116.ENSRNOP00000006329,10116.ENSRNOP00000008342,10116.ENSRNOP00000009556,10116.ENSRNOP00000012114,10116.ENSRNOP00000013299,10116.ENSRNOP00000015561,10116.ENSRNOP00000015956,10116.ENSRNOP00000016981,10116.ENSRNOP00000018821,10116.ENSRNOP00000020720,10116.ENSRNOP00000022383,10116.ENSRNOP00000025675,10116.ENSRNOP00000029070,10116.ENSRNOP00000050393,10116.ENSRNOP00000052160,10116.ENSRNOP00000067788,10116.ENSRNOP00000068875,10116.ENSRNOP00000069937,10116.ENSRNOP00000070324,10116.ENSRNOP00000070967,10116.ENSRNOP00000070988,10116.ENSRNOP00000071528,10116.ENSRNOP00000071535,10116.ENSRNOP00000071539,10116.ENSRNOP00000071702,10116.ENSRNOP00000074536,10116.ENSRNOP00000075715","Mapk14,Ddx39b,Gltp,Rab26,Napb,Slc6a11,LOC103692716,Pdcd6ip,Rab43,Slc25a18,Got2,Ywhab,Slc6a12,Slc32a1,Slc17a6,Ap3m2,Rab35,Nf1,Hnrnpa1,Rab1b,Hbb-b1,LOC103694857,Hbb,Grpel1,Gpm6b,LOC100134871,Slc44a1,Kif5a,Apoe,Slc6a8,Hsp90aa1",1.64e-08,1.74e-05,"Organic substance transport"
"Process","GO:0010243",26,1322,10116,"10116.ENSRNOP00000000617,10116.ENSRNOP00000001417,10116.ENSRNOP00000004385,10116.ENSRNOP00000004699,10116.ENSRNOP00000009556,10116.ENSRNOP00000011275,10116.ENSRNOP00000015956,10116.ENSRNOP00000017468,10116.ENSRNOP00000019174,10116.ENSRNOP00000019265,10116.ENSRNOP00000020822,10116.ENSRNOP00000024430,10116.ENSRNOP00000025980,10116.ENSRNOP00000026633,10116.ENSRNOP00000027497,10116.ENSRNOP00000031615,10116.ENSRNOP00000032429,10116.ENSRNOP00000058882,10116.ENSRNOP00000062228,10116.ENSRNOP00000064092,10116.ENSRNOP00000071702,10116.ENSRNOP00000073266,10116.ENSRNOP00000074119,10116.ENSRNOP00000074647,10116.ENSRNOP00000075066,10116.ENSRNOP00000075715","Mapk14,Rac1,Qdpr,Prkca,LOC103692716,Bsg,Got2,Ldha,Gnaq,Arpc2,Rhoq,Vim,Hnrnpk,Cd9,Atp1a3,Ptk2b,Map1lc3a,Camk2b,Prkacb,Pdxp,Apoe,Gnal,Gria1,Gpd1,Itpr3,Hsp90aa1",1.96e-08,1.95e-05,"Response to organonitrogen compound"
"Process","GO:0014070",26,1333,10116,"10116.ENSRNOP00000003787,10116.ENSRNOP00000004699,10116.ENSRNOP00000009556,10116.ENSRNOP00000011275,10116.ENSRNOP00000015956,10116.ENSRNOP00000017468,10116.ENSRNOP00000019174,10116.ENSRNOP00000019265,10116.ENSRNOP00000020670,10116.ENSRNOP00000024430,10116.ENSRNOP00000025980,10116.ENSRNOP00000031615,10116.ENSRNOP00000032429,10116.ENSRNOP00000050393,10116.ENSRNOP00000052160,10116.ENSRNOP00000059012,10116.ENSRNOP00000062228,10116.ENSRNOP00000064092,10116.ENSRNOP00000066885,10116.ENSRNOP00000071539,10116.ENSRNOP00000071702,10116.ENSRNOP00000073266,10116.ENSRNOP00000074119,10116.ENSRNOP00000074647,10116.ENSRNOP00000075066,10116.ENSRNOP00000075715","Ptges3,Prkca,LOC103692716,Bsg,Got2,Ldha,Gnaq,Arpc2,Atp5f1d,Vim,Hnrnpk,Ptk2b,Map1lc3a,Nf1,Hnrnpa1,Srsf2,Prkacb,Pdxp,C3,Kif5a,Apoe,Gnal,Gria1,Gpd1,Itpr3,Hsp90aa1",2.31e-08,1.95e-05,"Response to organic cyclic compound"
"Process","GO:0015980",12,244,10116,"10116.ENSRNOP00000003787,10116.ENSRNOP00000008980,10116.ENSRNOP00000009183,10116.ENSRNOP00000015561,10116.ENSRNOP00000017468,10116.ENSRNOP00000020670,10116.ENSRNOP00000021920,10116.ENSRNOP00000024083,10116.ENSRNOP00000025525,10116.ENSRNOP00000055224,10116.ENSRNOP00000065147,10116.ENSRNOP00000074647","Ptges3,Dld,Pygl,Slc25a18,Ldha,Atp5f1d,LOC100911417,Etfb,Cox5a,Ndufs2,Atp5pb,Gpd1",2.01e-08,1.95e-05,"Energy derivation by oxidation of organic compounds"
"Process","GO:0042744",6,26,10116,"10116.ENSRNOP00000004799,10116.ENSRNOP00000023132,10116.ENSRNOP00000068875,10116.ENSRNOP00000069937,10116.ENSRNOP00000070324,10116.ENSRNOP00000071528","Prdx2,Prdx1,Hbb-b1,LOC103694857,Hbb,LOC100134871",2.07e-08,1.95e-05,"Hydrogen peroxide catabolic process"
"Process","GO:0044281",28,1534,10116,"10116.ENSRNOP00000000617,10116.ENSRNOP00000000772,10116.ENSRNOP00000002410,10116.ENSRNOP00000003283,10116.ENSRNOP00000003787,10116.ENSRNOP00000004385,10116.ENSRNOP00000008980,10116.ENSRNOP00000015786,10116.ENSRNOP00000015956,10116.ENSRNOP00000017468,10116.ENSRNOP00000017805,10116.ENSRNOP00000017965,10116.ENSRNOP00000020670,10116.ENSRNOP00000020822,10116.ENSRNOP00000021920,10116.ENSRNOP00000024083,10116.ENSRNOP00000028838,10116.ENSRNOP00000064092,10116.ENSRNOP00000065147,10116.ENSRNOP00000065890,10116.ENSRNOP00000066885,10116.ENSRNOP00000067069,10116.ENSRNOP00000068764,10116.ENSRNOP00000071702,10116.ENSRNOP00000072480,10116.ENSRNOP00000073983,10116.ENSRNOP00000074608,10116.ENSRNOP00000074647","Mapk14,Hint1,Ehhadh,Plp1,Ptges3,Qdpr,Dld,Auh,Got2,Ldha,Nceh1,Ldhb,Atp5f1d,Rhoq,LOC100911417,Etfb,Itpa,Pdxp,Atp5pb,Glul,C3,Pnpo,Aldoa,Apoe,Hadhb,Adk,Nudt3,Gpd1",2.42e-08,1.95e-05,"Small molecule metabolic process"
"Process","GO:0031346",15,447,10116,"10116.ENSRNOP00000001417,10116.ENSRNOP00000009556,10116.ENSRNOP00000017375,10116.ENSRNOP00000019265,10116.ENSRNOP00000020822,10116.ENSRNOP00000022363,10116.ENSRNOP00000025980,10116.ENSRNOP00000031615,10116.ENSRNOP00000033456,10116.ENSRNOP00000035271,10116.ENSRNOP00000050393,10116.ENSRNOP00000058882,10116.ENSRNOP00000062102,10116.ENSRNOP00000071702,10116.ENSRNOP00000075715","Rac1,LOC103692716,Dbnl,Arpc2,Rhoq,Hras,Hnrnpk,Ptk2b,Camk1,Negr1,Nf1,Camk2b,Ube2v2,Apoe,Hsp90aa1",4.34e-08,3.18e-05,"Positive regulation of cell projection organization"
"Process","GO:0051128",36,2458,10116,"10116.ENSRNOP00000000617,10116.ENSRNOP00000001115,10116.ENSRNOP00000001417,10116.ENSRNOP00000004699,10116.ENSRNOP00000006329,10116.ENSRNOP00000007794,10116.ENSRNOP00000008999,10116.ENSRNOP00000009556,10116.ENSRNOP00000012114,10116.ENSRNOP00000016220,10116.ENSRNOP00000017375,10116.ENSRNOP00000018072,10116.ENSRNOP00000019265,10116.ENSRNOP00000020411,10116.ENSRNOP00000020822,10116.ENSRNOP00000020908,10116.ENSRNOP00000022363,10116.ENSRNOP00000022485,10116.ENSRNOP00000024430,10116.ENSRNOP00000025980,10116.ENSRNOP00000031615,10116.ENSRNOP00000033456,10116.ENSRNOP00000035271,10116.ENSRNOP00000050393,10116.ENSRNOP00000052160,10116.ENSRNOP00000058882,10116.ENSRNOP00000059906,10116.ENSRNOP00000062102,10116.ENSRNOP00000064092,10116.ENSRNOP00000066885,10116.ENSRNOP00000067695,10116.ENSRNOP00000067788,10116.ENSRNOP00000070988,10116.ENSRNOP00000071702,10116.ENSRNOP00000074461,10116.ENSRNOP00000075715","Mapk14,Ddx39b,Rac1,Prkca,Napb,Dstn,Sh3gl2,LOC103692716,Pdcd6ip,Mapre1,Dbnl,Add1,Arpc2,Lgi1,Rhoq,Nol3,Hras,Ngef,Vim,Hnrnpk,Ptk2b,Camk1,Negr1,Nf1,Hnrnpa1,Camk2b,Sgip1,Ube2v2,Pdxp,C3,Gmfb,Rab1b,Gpm6b,Apoe,Epn2,Hsp90aa1",4.26e-08,3.18e-05,"Regulation of cellular component organization"
"Process","GO:0007399",34,2248,10116,"10116.ENSRNOP00000001417,10116.ENSRNOP00000003283,10116.ENSRNOP00000004699,10116.ENSRNOP00000008342,10116.ENSRNOP00000008999,10116.ENSRNOP00000009556,10116.ENSRNOP00000011275,10116.ENSRNOP00000013184,10116.ENSRNOP00000017375,10116.ENSRNOP00000019174,10116.ENSRNOP00000020411,10116.ENSRNOP00000020720,10116.ENSRNOP00000022383,10116.ENSRNOP00000022485,10116.ENSRNOP00000024430,10116.ENSRNOP00000025496,10116.ENSRNOP00000025980,10116.ENSRNOP00000026633,10116.ENSRNOP00000027497,10116.ENSRNOP00000029070,10116.ENSRNOP00000031615,10116.ENSRNOP00000033456,10116.ENSRNOP00000035271,10116.ENSRNOP00000040899,10116.ENSRNOP00000050393,10116.ENSRNOP00000055224,10116.ENSRNOP00000058882,10116.ENSRNOP00000062228,10116.ENSRNOP00000066885,10116.ENSRNOP00000070988,10116.ENSRNOP00000071539,10116.ENSRNOP00000071702,10116.ENSRNOP00000074119,10116.ENSRNOP00000075715","Rac1,Plp1,Prkca,Slc6a11,Sh3gl2,LOC103692716,Bsg,Dync1i1,Dbnl,Gnaq,Lgi1,Slc32a1,Slc17a6,Ngef,Vim,Bcan,Hnrnpk,Cd9,Atp1a3,Rab35,Ptk2b,Camk1,Negr1,Cadm2,Nf1,Ndufs2,Camk2b,Prkacb,C3,Gpm6b,Kif5a,Apoe,Gria1,Hsp90aa1",5.35e-08,3.63e-05,"Nervous system development"
"Process","GO:1901701",25,1298,10116,"10116.ENSRNOP00000000617,10116.ENSRNOP00000001417,10116.ENSRNOP00000004699,10116.ENSRNOP00000004799,10116.ENSRNOP00000018072,10116.ENSRNOP00000019174,10116.ENSRNOP00000019265,10116.ENSRNOP00000020822,10116.ENSRNOP00000023132,10116.ENSRNOP00000024430,10116.ENSRNOP00000025980,10116.ENSRNOP00000027497,10116.ENSRNOP00000031615,10116.ENSRNOP00000032429,10116.ENSRNOP00000050393,10116.ENSRNOP00000052160,10116.ENSRNOP00000058882,10116.ENSRNOP00000064092,10116.ENSRNOP00000071539,10116.ENSRNOP00000071702,10116.ENSRNOP00000072480,10116.ENSRNOP00000073266,10116.ENSRNOP00000074119,10116.ENSRNOP00000074647,10116.ENSRNOP00000075066","Mapk14,Rac1,Prkca,Prdx2,Add1,Gnaq,Arpc2,Rhoq,Prdx1,Vim,Hnrnpk,Atp1a3,Ptk2b,Map1lc3a,Nf1,Hnrnpa1,Camk2b,Pdxp,Kif5a,Apoe,Hadhb,Gnal,Gria1,Gpd1,Itpr3",5.76e-08,3.74e-05,"Cellular response to oxygen-containing compound"
"Process","GO:0010035",19,779,10116,"10116.ENSRNOP00000004385,10116.ENSRNOP00000004799,10116.ENSRNOP00000009813,10116.ENSRNOP00000011275,10116.ENSRNOP00000017468,10116.ENSRNOP00000018072,10116.ENSRNOP00000019265,10116.ENSRNOP00000023132,10116.ENSRNOP00000024430,10116.ENSRNOP00000026633,10116.ENSRNOP00000031615,10116.ENSRNOP00000032429,10116.ENSRNOP00000052160,10116.ENSRNOP00000058882,10116.ENSRNOP00000066885,10116.ENSRNOP00000070324,10116.ENSRNOP00000071702,10116.ENSRNOP00000074119,10116.ENSRNOP00000075066","Qdpr,Prdx2,Fgb,Bsg,Ldha,Add1,Arpc2,Prdx1,Vim,Cd9,Ptk2b,Map1lc3a,Hnrnpa1,Camk2b,C3,Hbb,Apoe,Gria1,Itpr3",8.6e-08,5.13e-05,"Response to inorganic substance"
"Process","GO:0044237",64,6431,10116,"10116.ENSRNOP00000000617,10116.ENSRNOP00000000772,10116.ENSRNOP00000001115,10116.ENSRNOP00000002410,10116.ENSRNOP00000003283,10116.ENSRNOP00000003787,10116.ENSRNOP00000004385,10116.ENSRNOP00000004699,10116.ENSRNOP00000004799,10116.ENSRNOP00000008980,10116.ENSRNOP00000009183,10116.ENSRNOP00000009556,10116.ENSRNOP00000013299,10116.ENSRNOP00000015561,10116.ENSRNOP00000015786,10116.ENSRNOP00000015956,10116.ENSRNOP00000017468,10116.ENSRNOP00000017805,10116.ENSRNOP00000017965,10116.ENSRNOP00000018072,10116.ENSRNOP00000018325,10116.ENSRNOP00000019508,10116.ENSRNOP00000020325,10116.ENSRNOP00000020670,10116.ENSRNOP00000020822,10116.ENSRNOP00000020908,10116.ENSRNOP00000021629,10116.ENSRNOP00000021920,10116.ENSRNOP00000022363,10116.ENSRNOP00000023132,10116.ENSRNOP00000024083,10116.ENSRNOP00000024280,10116.ENSRNOP00000025525,10116.ENSRNOP00000025980,10116.ENSRNOP00000027407,10116.ENSRNOP00000028838,10116.ENSRNOP00000031615,10116.ENSRNOP00000032429,10116.ENSRNOP00000033456,10116.ENSRNOP00000052160,10116.ENSRNOP00000055224,10116.ENSRNOP00000058882,10116.ENSRNOP00000059012,10116.ENSRNOP00000062102,10116.ENSRNOP00000062228,10116.ENSRNOP00000064092,10116.ENSRNOP00000065147,10116.ENSRNOP00000065890,10116.ENSRNOP00000066885,10116.ENSRNOP00000067069,10116.ENSRNOP00000067788,10116.ENSRNOP00000068764,10116.ENSRNOP00000068875,10116.ENSRNOP00000069937,10116.ENSRNOP00000070324,10116.ENSRNOP00000071528,10116.ENSRNOP00000071611,10116.ENSRNOP00000071702,10116.ENSRNOP00000072480,10116.ENSRNOP00000073983,10116.ENSRNOP00000074608,10116.ENSRNOP00000074647,10116.ENSRNOP00000074688,10116.ENSRNOP00000075715","Mapk14,Hint1,Ddx39b,Ehhadh,Plp1,Ptges3,Qdpr,Prkca,Prdx2,Dld,Pygl,LOC103692716,Rab43,Slc25a18,Auh,Got2,Ldha,Nceh1,Ldhb,Add1,Gsta1,Rps2,Aldh7a1,Atp5f1d,Rhoq,Nol3,Rad23b,LOC100911417,Hras,Prdx1,Etfb,Dgkz,Cox5a,Hnrnpk,Ctsd,Itpa,Ptk2b,Map1lc3a,Camk1,Hnrnpa1,Ndufs2,Camk2b,Srsf2,Ube2v2,Prkacb,Pdxp,Atp5pb,Glul,C3,Pnpo,Rab1b,Aldoa,Hbb-b1,LOC103694857,Hbb,LOC100134871,Psma7,Apoe,Hadhb,Adk,Nudt3,Gpd1,Ubc,Hsp90aa1",1.04e-07,5.89e-05,"Cellular metabolic process"
"Process","GO:0050804",16,551,10116,"10116.ENSRNOP00000001417,10116.ENSRNOP00000004249,10116.ENSRNOP00000004699,10116.ENSRNOP00000020411,10116.ENSRNOP00000022363,10116.ENSRNOP00000024280,10116.ENSRNOP00000025496,10116.ENSRNOP00000025980,10116.ENSRNOP00000031615,10116.ENSRNOP00000050393,10116.ENSRNOP00000058882,10116.ENSRNOP00000065890,10116.ENSRNOP00000071702,10116.ENSRNOP00000073266,10116.ENSRNOP00000074119,10116.ENSRNOP00000075066","Rac1,Rab26,Prkca,Lgi1,Hras,Dgkz,Bcan,Hnrnpk,Ptk2b,Nf1,Camk2b,Glul,Apoe,Gnal,Gria1,Itpr3",1.03e-07,5.89e-05,"Modulation of chemical synaptic transmission"
"Process","GO:0071705",26,1445,10116,"10116.ENSRNOP00000001115,10116.ENSRNOP00000001581,10116.ENSRNOP00000004249,10116.ENSRNOP00000006329,10116.ENSRNOP00000008342,10116.ENSRNOP00000009556,10116.ENSRNOP00000012114,10116.ENSRNOP00000013299,10116.ENSRNOP00000015561,10116.ENSRNOP00000016981,10116.ENSRNOP00000018821,10116.ENSRNOP00000020720,10116.ENSRNOP00000022383,10116.ENSRNOP00000025675,10116.ENSRNOP00000029070,10116.ENSRNOP00000050393,10116.ENSRNOP00000052160,10116.ENSRNOP00000067788,10116.ENSRNOP00000070324,10116.ENSRNOP00000070967,10116.ENSRNOP00000070988,10116.ENSRNOP00000071535,10116.ENSRNOP00000071539,10116.ENSRNOP00000071702,10116.ENSRNOP00000074536,10116.ENSRNOP00000075715","Ddx39b,Gltp,Rab26,Napb,Slc6a11,LOC103692716,Pdcd6ip,Rab43,Slc25a18,Ywhab,Slc6a12,Slc32a1,Slc17a6,Ap3m2,Rab35,Nf1,Hnrnpa1,Rab1b,Hbb,Grpel1,Gpm6b,Slc44a1,Kif5a,Apoe,Slc6a8,Hsp90aa1",1.12e-07,5.89e-05,"Nitrogen compound transport"
"Process","GO:0050896",77,8622,10116,"10116.ENSRNOP00000000617,10116.ENSRNOP00000000772,10116.ENSRNOP00000001417,10116.ENSRNOP00000003283,10116.ENSRNOP00000003787,10116.ENSRNOP00000004385,10116.ENSRNOP00000004699,10116.ENSRNOP00000004799,10116.ENSRNOP00000008342,10116.ENSRNOP00000008999,10116.ENSRNOP00000009183,10116.ENSRNOP00000009556,10116.ENSRNOP00000009813,10116.ENSRNOP00000011275,10116.ENSRNOP00000013299,10116.ENSRNOP00000015956,10116.ENSRNOP00000016981,10116.ENSRNOP00000017375,10116.ENSRNOP00000017468,10116.ENSRNOP00000017805,10116.ENSRNOP00000018072,10116.ENSRNOP00000018325,10116.ENSRNOP00000018711,10116.ENSRNOP00000018821,10116.ENSRNOP00000019174,10116.ENSRNOP00000019265,10116.ENSRNOP00000019508,10116.ENSRNOP00000020411,10116.ENSRNOP00000020670,10116.ENSRNOP00000020822,10116.ENSRNOP00000020908,10116.ENSRNOP00000021629,10116.ENSRNOP00000021920,10116.ENSRNOP00000022363,10116.ENSRNOP00000022485,10116.ENSRNOP00000023132,10116.ENSRNOP00000024280,10116.ENSRNOP00000024430,10116.ENSRNOP00000025980,10116.ENSRNOP00000026633,10116.ENSRNOP00000027407,10116.ENSRNOP00000027497,10116.ENSRNOP00000029070,10116.ENSRNOP00000031615,10116.ENSRNOP00000032429,10116.ENSRNOP00000033456,10116.ENSRNOP00000050393,10116.ENSRNOP00000052160,10116.ENSRNOP00000055224,10116.ENSRNOP00000058882,10116.ENSRNOP00000059012,10116.ENSRNOP00000059906,10116.ENSRNOP00000062102,10116.ENSRNOP00000062228,10116.ENSRNOP00000062447,10116.ENSRNOP00000064092,10116.ENSRNOP00000065147,10116.ENSRNOP00000065890,10116.ENSRNOP00000066885,10116.ENSRNOP00000067695,10116.ENSRNOP00000068764,10116.ENSRNOP00000068875,10116.ENSRNOP00000069578,10116.ENSRNOP00000069754,10116.ENSRNOP00000069937,10116.ENSRNOP00000070324,10116.ENSRNOP00000070473,10116.ENSRNOP00000071528,10116.ENSRNOP00000071539,10116.ENSRNOP00000071702,10116.ENSRNOP00000072480,10116.ENSRNOP00000073266,10116.ENSRNOP00000074119,10116.ENSRNOP00000074461,10116.ENSRNOP00000074647,10116.ENSRNOP00000075066,10116.ENSRNOP00000075715","Mapk14,Hint1,Rac1,Plp1,Ptges3,Qdpr,Prkca,Prdx2,Slc6a11,Sh3gl2,Pygl,LOC103692716,Fgb,Bsg,Rab43,Got2,Ywhab,Dbnl,Ldha,Nceh1,Add1,Gsta1,Cap1,Slc6a12,Gnaq,Arpc2,Rps2,Lgi1,Atp5f1d,Rhoq,Nol3,Rad23b,LOC100911417,Hras,Ngef,Prdx1,Dgkz,Vim,Hnrnpk,Cd9,Ctsd,Atp1a3,Rab35,Ptk2b,Map1lc3a,Camk1,Nf1,Hnrnpa1,Ndufs2,Camk2b,Srsf2,Sgip1,Ube2v2,Prkacb,Ncald,Pdxp,Atp5pb,Glul,C3,Gmfb,Aldoa,Hbb-b1,Kng1,Utrn,LOC103694857,Hbb,Myo18a,LOC100134871,Kif5a,Apoe,Hadhb,Gnal,Gria1,Epn2,Gpd1,Itpr3,Hsp90aa1",1.4e-07,6.96e-05,"Response to stimulus"
"Process","GO:0006091",13,361,10116,"10116.ENSRNOP00000003787,10116.ENSRNOP00000008980,10116.ENSRNOP00000009183,10116.ENSRNOP00000015561,10116.ENSRNOP00000017468,10116.ENSRNOP00000020670,10116.ENSRNOP00000021920,10116.ENSRNOP00000024083,10116.ENSRNOP00000025525,10116.ENSRNOP00000055224,10116.ENSRNOP00000065147,10116.ENSRNOP00000068764,10116.ENSRNOP00000074647","Ptges3,Dld,Pygl,Slc25a18,Ldha,Atp5f1d,LOC100911417,Etfb,Cox5a,Ndufs2,Atp5pb,Aldoa,Gpd1",1.68e-07,8.07e-05,"Generation of precursor metabolites and energy"
"Process","GO:0048167",11,247,10116,"10116.ENSRNOP00000001417,10116.ENSRNOP00000022363,10116.ENSRNOP00000025496,10116.ENSRNOP00000025980,10116.ENSRNOP00000031615,10116.ENSRNOP00000050393,10116.ENSRNOP00000058882,10116.ENSRNOP00000071702,10116.ENSRNOP00000073266,10116.ENSRNOP00000074119,10116.ENSRNOP00000075066","Rac1,Hras,Bcan,Hnrnpk,Ptk2b,Nf1,Camk2b,Apoe,Gnal,Gria1,Itpr3",2.09e-07,9.74e-05,"Regulation of synaptic plasticity"
"Process","GO:1901575",27,1602,10116,"10116.ENSRNOP00000000772,10116.ENSRNOP00000002410,10116.ENSRNOP00000004385,10116.ENSRNOP00000008980,10116.ENSRNOP00000009183,10116.ENSRNOP00000009556,10116.ENSRNOP00000012114,10116.ENSRNOP00000013005,10116.ENSRNOP00000015786,10116.ENSRNOP00000015956,10116.ENSRNOP00000017468,10116.ENSRNOP00000017805,10116.ENSRNOP00000018325,10116.ENSRNOP00000021629,10116.ENSRNOP00000024083,10116.ENSRNOP00000027407,10116.ENSRNOP00000028838,10116.ENSRNOP00000064092,10116.ENSRNOP00000064489,10116.ENSRNOP00000068764,10116.ENSRNOP00000071611,10116.ENSRNOP00000071702,10116.ENSRNOP00000072480,10116.ENSRNOP00000074608,10116.ENSRNOP00000074647,10116.ENSRNOP00000074688,10116.ENSRNOP00000075715","Hint1,Ehhadh,Qdpr,Dld,Pygl,LOC103692716,Pdcd6ip,Enpp6,Auh,Got2,Ldha,Nceh1,Gsta1,Rad23b,Etfb,Ctsd,Itpa,Pdxp,LOC100912380,Aldoa,Psma7,Apoe,Hadhb,Nudt3,Gpd1,Ubc,Hsp90aa1",2.22e-07,1e-04,"Organic substance catabolic process"
"Process","GO:0007275",50,4530,10116,"10116.ENSRNOP00000000617,10116.ENSRNOP00000001115,10116.ENSRNOP00000001417,10116.ENSRNOP00000003283,10116.ENSRNOP00000003787,10116.ENSRNOP00000004249,10116.ENSRNOP00000004385,10116.ENSRNOP00000004699,10116.ENSRNOP00000004799,10116.ENSRNOP00000008342,10116.ENSRNOP00000008980,10116.ENSRNOP00000008999,10116.ENSRNOP00000009556,10116.ENSRNOP00000011275,10116.ENSRNOP00000013184,10116.ENSRNOP00000017375,10116.ENSRNOP00000018072,10116.ENSRNOP00000018325,10116.ENSRNOP00000019174,10116.ENSRNOP00000020411,10116.ENSRNOP00000020720,10116.ENSRNOP00000021629,10116.ENSRNOP00000022363,10116.ENSRNOP00000022383,10116.ENSRNOP00000022485,10116.ENSRNOP00000024430,10116.ENSRNOP00000025496,10116.ENSRNOP00000025980,10116.ENSRNOP00000026633,10116.ENSRNOP00000027497,10116.ENSRNOP00000029070,10116.ENSRNOP00000031615,10116.ENSRNOP00000033456,10116.ENSRNOP00000035271,10116.ENSRNOP00000040899,10116.ENSRNOP00000050393,10116.ENSRNOP00000052160,10116.ENSRNOP00000055224,10116.ENSRNOP00000058882,10116.ENSRNOP00000062228,10116.ENSRNOP00000065890,10116.ENSRNOP00000066885,10116.ENSRNOP00000070324,10116.ENSRNOP00000070988,10116.ENSRNOP00000071539,10116.ENSRNOP00000071702,10116.ENSRNOP00000074119,10116.ENSRNOP00000074461,10116.ENSRNOP00000074536,10116.ENSRNOP00000075715","Mapk14,Ddx39b,Rac1,Plp1,Ptges3,Rab26,Qdpr,Prkca,Prdx2,Slc6a11,Dld,Sh3gl2,LOC103692716,Bsg,Dync1i1,Dbnl,Add1,Gsta1,Gnaq,Lgi1,Slc32a1,Rad23b,Hras,Slc17a6,Ngef,Vim,Bcan,Hnrnpk,Cd9,Atp1a3,Rab35,Ptk2b,Camk1,Negr1,Cadm2,Nf1,Hnrnpa1,Ndufs2,Camk2b,Prkacb,Glul,C3,Hbb,Gpm6b,Kif5a,Apoe,Gria1,Epn2,Slc6a8,Hsp90aa1",3.48e-07,0.00015,"Multicellular organism development"
"Process","GO:0051716",66,6994,10116,"10116.ENSRNOP00000000617,10116.ENSRNOP00000000772,10116.ENSRNOP00000001417,10116.ENSRNOP00000003283,10116.ENSRNOP00000003787,10116.ENSRNOP00000004385,10116.ENSRNOP00000004699,10116.ENSRNOP00000004799,10116.ENSRNOP00000008999,10116.ENSRNOP00000009556,10116.ENSRNOP00000009813,10116.ENSRNOP00000011275,10116.ENSRNOP00000013299,10116.ENSRNOP00000016981,10116.ENSRNOP00000017375,10116.ENSRNOP00000017468,10116.ENSRNOP00000017805,10116.ENSRNOP00000018072,10116.ENSRNOP00000018325,10116.ENSRNOP00000018711,10116.ENSRNOP00000018821,10116.ENSRNOP00000019174,10116.ENSRNOP00000019265,10116.ENSRNOP00000019508,10116.ENSRNOP00000020822,10116.ENSRNOP00000020908,10116.ENSRNOP00000021629,10116.ENSRNOP00000021920,10116.ENSRNOP00000022363,10116.ENSRNOP00000022485,10116.ENSRNOP00000023132,10116.ENSRNOP00000024280,10116.ENSRNOP00000024430,10116.ENSRNOP00000025980,10116.ENSRNOP00000026633,10116.ENSRNOP00000027497,10116.ENSRNOP00000029070,10116.ENSRNOP00000031615,10116.ENSRNOP00000032429,10116.ENSRNOP00000033456,10116.ENSRNOP00000050393,10116.ENSRNOP00000052160,10116.ENSRNOP00000055224,10116.ENSRNOP00000058882,10116.ENSRNOP00000062102,10116.ENSRNOP00000062228,10116.ENSRNOP00000062447,10116.ENSRNOP00000064092,10116.ENSRNOP00000065147,10116.ENSRNOP00000065890,10116.ENSRNOP00000066885,10116.ENSRNOP00000067695,10116.ENSRNOP00000068875,10116.ENSRNOP00000069937,10116.ENSRNOP00000070324,10116.ENSRNOP00000070473,10116.ENSRNOP00000071528,10116.ENSRNOP00000071539,10116.ENSRNOP00000071702,10116.ENSRNOP00000072480,10116.ENSRNOP00000073266,10116.ENSRNOP00000074119,10116.ENSRNOP00000074461,10116.ENSRNOP00000074647,10116.ENSRNOP00000075066,10116.ENSRNOP00000075715","Mapk14,Hint1,Rac1,Plp1,Ptges3,Qdpr,Prkca,Prdx2,Sh3gl2,LOC103692716,Fgb,Bsg,Rab43,Ywhab,Dbnl,Ldha,Nceh1,Add1,Gsta1,Cap1,Slc6a12,Gnaq,Arpc2,Rps2,Rhoq,Nol3,Rad23b,LOC100911417,Hras,Ngef,Prdx1,Dgkz,Vim,Hnrnpk,Cd9,Atp1a3,Rab35,Ptk2b,Map1lc3a,Camk1,Nf1,Hnrnpa1,Ndufs2,Camk2b,Ube2v2,Prkacb,Ncald,Pdxp,Atp5pb,Glul,C3,Gmfb,Hbb-b1,LOC103694857,Hbb,Myo18a,LOC100134871,Kif5a,Apoe,Hadhb,Gnal,Gria1,Epn2,Gpd1,Itpr3,Hsp90aa1",4.49e-07,0.00019,"Cellular response to stimulus"
"Process","GO:0050803",11,274,10116,"10116.ENSRNOP00000000617,10116.ENSRNOP00000004699,10116.ENSRNOP00000017375,10116.ENSRNOP00000022383,10116.ENSRNOP00000022485,10116.ENSRNOP00000025980,10116.ENSRNOP00000033456,10116.ENSRNOP00000035271,10116.ENSRNOP00000058882,10116.ENSRNOP00000062102,10116.ENSRNOP00000071702","Mapk14,Prkca,Dbnl,Slc17a6,Ngef,Hnrnpk,Camk1,Negr1,Camk2b,Ube2v2,Apoe",5.62e-07,0.00023,"Regulation of synapse structure or activity"
"Process","GO:0060998",7,82,10116,"10116.ENSRNOP00000001417,10116.ENSRNOP00000017375,10116.ENSRNOP00000022485,10116.ENSRNOP00000025980,10116.ENSRNOP00000033456,10116.ENSRNOP00000058882,10116.ENSRNOP00000071702","Rac1,Dbnl,Ngef,Hnrnpk,Camk1,Camk2b,Apoe",6.43e-07,0.00025,"Regulation of dendritic spine development"
"Process","GO:0044282",12,345,10116,"10116.ENSRNOP00000002410,10116.ENSRNOP00000004385,10116.ENSRNOP00000008980,10116.ENSRNOP00000015786,10116.ENSRNOP00000015956,10116.ENSRNOP00000017468,10116.ENSRNOP00000024083,10116.ENSRNOP00000064092,10116.ENSRNOP00000068764,10116.ENSRNOP00000071702,10116.ENSRNOP00000072480,10116.ENSRNOP00000074608","Ehhadh,Qdpr,Dld,Auh,Got2,Ldha,Etfb,Pdxp,Aldoa,Apoe,Hadhb,Nudt3",7.31e-07,0.00028,"Small molecule catabolic process"
"Process","GO:0007417",22,1193,10116,"10116.ENSRNOP00000001417,10116.ENSRNOP00000003283,10116.ENSRNOP00000004699,10116.ENSRNOP00000008342,10116.ENSRNOP00000009556,10116.ENSRNOP00000013184,10116.ENSRNOP00000019174,10116.ENSRNOP00000020720,10116.ENSRNOP00000022383,10116.ENSRNOP00000024430,10116.ENSRNOP00000025496,10116.ENSRNOP00000025980,10116.ENSRNOP00000026633,10116.ENSRNOP00000027497,10116.ENSRNOP00000035271,10116.ENSRNOP00000040899,10116.ENSRNOP00000050393,10116.ENSRNOP00000066885,10116.ENSRNOP00000071539,10116.ENSRNOP00000071702,10116.ENSRNOP00000074119,10116.ENSRNOP00000075715","Rac1,Plp1,Prkca,Slc6a11,LOC103692716,Dync1i1,Gnaq,Slc32a1,Slc17a6,Vim,Bcan,Hnrnpk,Cd9,Atp1a3,Negr1,Cadm2,Nf1,C3,Kif5a,Apoe,Gria1,Hsp90aa1",8.39e-07,0.00031,"Central nervous system development"
"Process","GO:1902600",8,129,10116,"10116.ENSRNOP00000015561,10116.ENSRNOP00000020670,10116.ENSRNOP00000020720,10116.ENSRNOP00000021920,10116.ENSRNOP00000022383,10116.ENSRNOP00000025525,10116.ENSRNOP00000027497,10116.ENSRNOP00000065147","Slc25a18,Atp5f1d,Slc32a1,LOC100911417,Slc17a6,Cox5a,Atp1a3,Atp5pb",9.79e-07,0.00036,"Proton transmembrane transport"
"Process","GO:0045333",9,180,10116,"10116.ENSRNOP00000008980,10116.ENSRNOP00000015561,10116.ENSRNOP00000020670,10116.ENSRNOP00000021920,10116.ENSRNOP00000024083,10116.ENSRNOP00000025525,10116.ENSRNOP00000055224,10116.ENSRNOP00000065147,10116.ENSRNOP00000074647","Dld,Slc25a18,Atp5f1d,LOC100911417,Etfb,Cox5a,Ndufs2,Atp5pb,Gpd1",1.12e-06,0.00039,"Cellular respiration"
"Process","GO:0048731",46,4133,10116,"10116.ENSRNOP00000000617,10116.ENSRNOP00000001115,10116.ENSRNOP00000001417,10116.ENSRNOP00000003283,10116.ENSRNOP00000003787,10116.ENSRNOP00000004249,10116.ENSRNOP00000004385,10116.ENSRNOP00000004699,10116.ENSRNOP00000004799,10116.ENSRNOP00000008342,10116.ENSRNOP00000008999,10116.ENSRNOP00000009556,10116.ENSRNOP00000011275,10116.ENSRNOP00000013184,10116.ENSRNOP00000017375,10116.ENSRNOP00000018072,10116.ENSRNOP00000018325,10116.ENSRNOP00000019174,10116.ENSRNOP00000020411,10116.ENSRNOP00000020720,10116.ENSRNOP00000022363,10116.ENSRNOP00000022383,10116.ENSRNOP00000022485,10116.ENSRNOP00000024430,10116.ENSRNOP00000025496,10116.ENSRNOP00000025980,10116.ENSRNOP00000026633,10116.ENSRNOP00000027497,10116.ENSRNOP00000029070,10116.ENSRNOP00000031615,10116.ENSRNOP00000033456,10116.ENSRNOP00000035271,10116.ENSRNOP00000040899,10116.ENSRNOP00000050393,10116.ENSRNOP00000052160,10116.ENSRNOP00000055224,10116.ENSRNOP00000058882,10116.ENSRNOP00000062228,10116.ENSRNOP00000065890,10116.ENSRNOP00000066885,10116.ENSRNOP00000070324,10116.ENSRNOP00000070988,10116.ENSRNOP00000071539,10116.ENSRNOP00000071702,10116.ENSRNOP00000074119,10116.ENSRNOP00000075715","Mapk14,Ddx39b,Rac1,Plp1,Ptges3,Rab26,Qdpr,Prkca,Prdx2,Slc6a11,Sh3gl2,LOC103692716,Bsg,Dync1i1,Dbnl,Add1,Gsta1,Gnaq,Lgi1,Slc32a1,Hras,Slc17a6,Ngef,Vim,Bcan,Hnrnpk,Cd9,Atp1a3,Rab35,Ptk2b,Camk1,Negr1,Cadm2,Nf1,Hnrnpa1,Ndufs2,Camk2b,Prkacb,Glul,C3,Hbb,Gpm6b,Kif5a,Apoe,Gria1,Hsp90aa1",1.09e-06,0.00039,"System development"
"Process","GO:0015670",4,11,10116,"10116.ENSRNOP00000068875,10116.ENSRNOP00000069937,10116.ENSRNOP00000070324,10116.ENSRNOP00000071528","Hbb-b1,LOC103694857,Hbb,LOC100134871",1.17e-06,4e-04,"Carbon dioxide transport"
"Process","GO:0032879",32,2324,10116,"10116.ENSRNOP00000000617,10116.ENSRNOP00000001417,10116.ENSRNOP00000003283,10116.ENSRNOP00000004249,10116.ENSRNOP00000004699,10116.ENSRNOP00000006329,10116.ENSRNOP00000008999,10116.ENSRNOP00000009556,10116.ENSRNOP00000009813,10116.ENSRNOP00000012114,10116.ENSRNOP00000018072,10116.ENSRNOP00000019174,10116.ENSRNOP00000019265,10116.ENSRNOP00000020822,10116.ENSRNOP00000020908,10116.ENSRNOP00000022363,10116.ENSRNOP00000025980,10116.ENSRNOP00000027407,10116.ENSRNOP00000028603,10116.ENSRNOP00000031615,10116.ENSRNOP00000033456,10116.ENSRNOP00000050393,10116.ENSRNOP00000058882,10116.ENSRNOP00000059906,10116.ENSRNOP00000065890,10116.ENSRNOP00000066885,10116.ENSRNOP00000070473,10116.ENSRNOP00000070988,10116.ENSRNOP00000071702,10116.ENSRNOP00000074461,10116.ENSRNOP00000075066,10116.ENSRNOP00000075715","Mapk14,Rac1,Plp1,Rab26,Prkca,Napb,Sh3gl2,LOC103692716,Fgb,Pdcd6ip,Add1,Gnaq,Arpc2,Rhoq,Nol3,Hras,Hnrnpk,Ctsd,Fxyd7,Ptk2b,Camk1,Nf1,Camk2b,Sgip1,Glul,C3,Myo18a,Gpm6b,Apoe,Epn2,Itpr3,Hsp90aa1",1.18e-06,4e-04,"Regulation of localization"
"Process","GO:0051049",29,1974,10116,"10116.ENSRNOP00000000617,10116.ENSRNOP00000001417,10116.ENSRNOP00000003283,10116.ENSRNOP00000004249,10116.ENSRNOP00000004699,10116.ENSRNOP00000006329,10116.ENSRNOP00000008999,10116.ENSRNOP00000009556,10116.ENSRNOP00000009813,10116.ENSRNOP00000012114,10116.ENSRNOP00000018072,10116.ENSRNOP00000019174,10116.ENSRNOP00000019265,10116.ENSRNOP00000020822,10116.ENSRNOP00000020908,10116.ENSRNOP00000022363,10116.ENSRNOP00000025980,10116.ENSRNOP00000028603,10116.ENSRNOP00000031615,10116.ENSRNOP00000033456,10116.ENSRNOP00000050393,10116.ENSRNOP00000059906,10116.ENSRNOP00000065890,10116.ENSRNOP00000066885,10116.ENSRNOP00000070473,10116.ENSRNOP00000070988,10116.ENSRNOP00000071702,10116.ENSRNOP00000074461,10116.ENSRNOP00000075715","Mapk14,Rac1,Plp1,Rab26,Prkca,Napb,Sh3gl2,LOC103692716,Fgb,Pdcd6ip,Add1,Gnaq,Arpc2,Rhoq,Nol3,Hras,Hnrnpk,Fxyd7,Ptk2b,Camk1,Nf1,Sgip1,Glul,C3,Myo18a,Gpm6b,Apoe,Epn2,Hsp90aa1",1.2e-06,4e-04,"Regulation of transport"
"Process","GO:0098754",8,133,10116,"10116.ENSRNOP00000004799,10116.ENSRNOP00000018325,10116.ENSRNOP00000023132,10116.ENSRNOP00000068875,10116.ENSRNOP00000069937,10116.ENSRNOP00000070324,10116.ENSRNOP00000071528,10116.ENSRNOP00000071702","Prdx2,Gsta1,Prdx1,Hbb-b1,LOC103694857,Hbb,LOC100134871,Apoe",1.22e-06,4e-04,"Detoxification"
"Process","GO:0016192",22,1230,10116,"10116.ENSRNOP00000001417,10116.ENSRNOP00000004249,10116.ENSRNOP00000006329,10116.ENSRNOP00000008999,10116.ENSRNOP00000012114,10116.ENSRNOP00000013299,10116.ENSRNOP00000017375,10116.ENSRNOP00000018711,10116.ENSRNOP00000020720,10116.ENSRNOP00000020822,10116.ENSRNOP00000022363,10116.ENSRNOP00000022383,10116.ENSRNOP00000025675,10116.ENSRNOP00000026633,10116.ENSRNOP00000029070,10116.ENSRNOP00000059906,10116.ENSRNOP00000067788,10116.ENSRNOP00000070473,10116.ENSRNOP00000071539,10116.ENSRNOP00000071702,10116.ENSRNOP00000074119,10116.ENSRNOP00000074461","Rac1,Rab26,Napb,Sh3gl2,Pdcd6ip,Rab43,Dbnl,Cap1,Slc32a1,Rhoq,Hras,Slc17a6,Ap3m2,Cd9,Rab35,Sgip1,Rab1b,Myo18a,Kif5a,Apoe,Gria1,Epn2",1.38e-06,0.00043,"Vesicle-mediated transport"
"Process","GO:0048666",19,939,10116,"10116.ENSRNOP00000001417,10116.ENSRNOP00000003283,10116.ENSRNOP00000004699,10116.ENSRNOP00000008999,10116.ENSRNOP00000009556,10116.ENSRNOP00000011275,10116.ENSRNOP00000017375,10116.ENSRNOP00000019174,10116.ENSRNOP00000020411,10116.ENSRNOP00000024430,10116.ENSRNOP00000025496,10116.ENSRNOP00000029070,10116.ENSRNOP00000031615,10116.ENSRNOP00000035271,10116.ENSRNOP00000066885,10116.ENSRNOP00000070988,10116.ENSRNOP00000071539,10116.ENSRNOP00000071702,10116.ENSRNOP00000075715","Rac1,Plp1,Prkca,Sh3gl2,LOC103692716,Bsg,Dbnl,Gnaq,Lgi1,Vim,Bcan,Rab35,Ptk2b,Negr1,C3,Gpm6b,Kif5a,Apoe,Hsp90aa1",1.38e-06,0.00043,"Neuron development"
"Process","GO:0031175",17,764,10116,"10116.ENSRNOP00000001417,10116.ENSRNOP00000003283,10116.ENSRNOP00000004699,10116.ENSRNOP00000008999,10116.ENSRNOP00000009556,10116.ENSRNOP00000011275,10116.ENSRNOP00000017375,10116.ENSRNOP00000020411,10116.ENSRNOP00000024430,10116.ENSRNOP00000025496,10116.ENSRNOP00000029070,10116.ENSRNOP00000031615,10116.ENSRNOP00000035271,10116.ENSRNOP00000070988,10116.ENSRNOP00000071539,10116.ENSRNOP00000071702,10116.ENSRNOP00000075715","Rac1,Plp1,Prkca,Sh3gl2,LOC103692716,Bsg,Dbnl,Lgi1,Vim,Bcan,Rab35,Ptk2b,Negr1,Gpm6b,Kif5a,Apoe,Hsp90aa1",1.51e-06,0.00044,"Neuron projection development"
"Process","GO:0120035",17,762,10116,"10116.ENSRNOP00000001417,10116.ENSRNOP00000009556,10116.ENSRNOP00000017375,10116.ENSRNOP00000019265,10116.ENSRNOP00000020822,10116.ENSRNOP00000022363,10116.ENSRNOP00000022485,10116.ENSRNOP00000024430,10116.ENSRNOP00000025980,10116.ENSRNOP00000031615,10116.ENSRNOP00000033456,10116.ENSRNOP00000035271,10116.ENSRNOP00000050393,10116.ENSRNOP00000058882,10116.ENSRNOP00000062102,10116.ENSRNOP00000071702,10116.ENSRNOP00000075715","Rac1,LOC103692716,Dbnl,Arpc2,Rhoq,Hras,Ngef,Vim,Hnrnpk,Ptk2b,Camk1,Negr1,Nf1,Camk2b,Ube2v2,Apoe,Hsp90aa1",1.46e-06,0.00044,"Regulation of plasma membrane bounded cell projection organization"
"Process","GO:0048856",54,5350,10116,"10116.ENSRNOP00000000617,10116.ENSRNOP00000001115,10116.ENSRNOP00000001417,10116.ENSRNOP00000003283,10116.ENSRNOP00000003787,10116.ENSRNOP00000004249,10116.ENSRNOP00000004385,10116.ENSRNOP00000004699,10116.ENSRNOP00000004799,10116.ENSRNOP00000008342,10116.ENSRNOP00000008980,10116.ENSRNOP00000008999,10116.ENSRNOP00000009556,10116.ENSRNOP00000011275,10116.ENSRNOP00000013184,10116.ENSRNOP00000015956,10116.ENSRNOP00000017375,10116.ENSRNOP00000017468,10116.ENSRNOP00000018072,10116.ENSRNOP00000018325,10116.ENSRNOP00000018711,10116.ENSRNOP00000019174,10116.ENSRNOP00000020411,10116.ENSRNOP00000020720,10116.ENSRNOP00000020908,10116.ENSRNOP00000021629,10116.ENSRNOP00000022363,10116.ENSRNOP00000022383,10116.ENSRNOP00000022485,10116.ENSRNOP00000024430,10116.ENSRNOP00000025496,10116.ENSRNOP00000025980,10116.ENSRNOP00000026633,10116.ENSRNOP00000027497,10116.ENSRNOP00000029070,10116.ENSRNOP00000031615,10116.ENSRNOP00000033456,10116.ENSRNOP00000035271,10116.ENSRNOP00000040899,10116.ENSRNOP00000050393,10116.ENSRNOP00000052160,10116.ENSRNOP00000055224,10116.ENSRNOP00000058882,10116.ENSRNOP00000062228,10116.ENSRNOP00000065890,10116.ENSRNOP00000066885,10116.ENSRNOP00000070324,10116.ENSRNOP00000070988,10116.ENSRNOP00000071539,10116.ENSRNOP00000071702,10116.ENSRNOP00000074119,10116.ENSRNOP00000074461,10116.ENSRNOP00000074536,10116.ENSRNOP00000075715","Mapk14,Ddx39b,Rac1,Plp1,Ptges3,Rab26,Qdpr,Prkca,Prdx2,Slc6a11,Dld,Sh3gl2,LOC103692716,Bsg,Dync1i1,Got2,Dbnl,Ldha,Add1,Gsta1,Cap1,Gnaq,Lgi1,Slc32a1,Nol3,Rad23b,Hras,Slc17a6,Ngef,Vim,Bcan,Hnrnpk,Cd9,Atp1a3,Rab35,Ptk2b,Camk1,Negr1,Cadm2,Nf1,Hnrnpa1,Ndufs2,Camk2b,Prkacb,Glul,C3,Hbb,Gpm6b,Kif5a,Apoe,Gria1,Epn2,Slc6a8,Hsp90aa1",1.62e-06,0.00047,"Anatomical structure development"
"Process","GO:0030029",15,602,10116,"10116.ENSRNOP00000001417,10116.ENSRNOP00000007794,10116.ENSRNOP00000012114,10116.ENSRNOP00000017375,10116.ENSRNOP00000018072,10116.ENSRNOP00000018711,10116.ENSRNOP00000019265,10116.ENSRNOP00000020822,10116.ENSRNOP00000031615,10116.ENSRNOP00000050393,10116.ENSRNOP00000058882,10116.ENSRNOP00000064092,10116.ENSRNOP00000067695,10116.ENSRNOP00000069754,10116.ENSRNOP00000070473","Rac1,Dstn,Pdcd6ip,Dbnl,Add1,Cap1,Arpc2,Rhoq,Ptk2b,Nf1,Camk2b,Pdxp,Gmfb,Utrn,Myo18a",1.72e-06,0.00048,"Actin filament-based process"
"Process","GO:0098869",7,96,10116,"10116.ENSRNOP00000004799,10116.ENSRNOP00000023132,10116.ENSRNOP00000068875,10116.ENSRNOP00000069937,10116.ENSRNOP00000070324,10116.ENSRNOP00000071528,10116.ENSRNOP00000071702","Prdx2,Prdx1,Hbb-b1,LOC103694857,Hbb,LOC100134871,Apoe",1.73e-06,0.00048,"Cellular oxidant detoxification"
"Process","GO:0015812",4,13,10116,"10116.ENSRNOP00000008342,10116.ENSRNOP00000018821,10116.ENSRNOP00000020720,10116.ENSRNOP00000050393","Slc6a11,Slc6a12,Slc32a1,Nf1",2.03e-06,0.00055,"Gamma-aminobutyric acid transport"
"Process","GO:0016043",53,5241,10116,"10116.ENSRNOP00000001115,10116.ENSRNOP00000001417,10116.ENSRNOP00000001581,10116.ENSRNOP00000003283,10116.ENSRNOP00000003787,10116.ENSRNOP00000004699,10116.ENSRNOP00000006329,10116.ENSRNOP00000007794,10116.ENSRNOP00000008999,10116.ENSRNOP00000009556,10116.ENSRNOP00000009813,10116.ENSRNOP00000011275,10116.ENSRNOP00000012114,10116.ENSRNOP00000013299,10116.ENSRNOP00000016220,10116.ENSRNOP00000017375,10116.ENSRNOP00000018072,10116.ENSRNOP00000018711,10116.ENSRNOP00000018821,10116.ENSRNOP00000019265,10116.ENSRNOP00000019508,10116.ENSRNOP00000020411,10116.ENSRNOP00000020670,10116.ENSRNOP00000020822,10116.ENSRNOP00000020908,10116.ENSRNOP00000022485,10116.ENSRNOP00000024280,10116.ENSRNOP00000024430,10116.ENSRNOP00000025496,10116.ENSRNOP00000026633,10116.ENSRNOP00000027407,10116.ENSRNOP00000027497,10116.ENSRNOP00000028838,10116.ENSRNOP00000029070,10116.ENSRNOP00000031615,10116.ENSRNOP00000032429,10116.ENSRNOP00000035271,10116.ENSRNOP00000050393,10116.ENSRNOP00000055224,10116.ENSRNOP00000058882,10116.ENSRNOP00000059906,10116.ENSRNOP00000064092,10116.ENSRNOP00000066885,10116.ENSRNOP00000067788,10116.ENSRNOP00000068764,10116.ENSRNOP00000069754,10116.ENSRNOP00000070473,10116.ENSRNOP00000070967,10116.ENSRNOP00000070988,10116.ENSRNOP00000071539,10116.ENSRNOP00000071702,10116.ENSRNOP00000075076,10116.ENSRNOP00000075715","Ddx39b,Rac1,Gltp,Plp1,Ptges3,Prkca,Napb,Dstn,Sh3gl2,LOC103692716,Fgb,Bsg,Pdcd6ip,Rab43,Mapre1,Dbnl,Add1,Cap1,Slc6a12,Arpc2,Rps2,Lgi1,Atp5f1d,Rhoq,Nol3,Ngef,Dgkz,Vim,Bcan,Cd9,Ctsd,Atp1a3,Itpa,Rab35,Ptk2b,Map1lc3a,Negr1,Nf1,Ndufs2,Camk2b,Sgip1,Pdxp,C3,Rab1b,Aldoa,Utrn,Myo18a,Grpel1,Gpm6b,Kif5a,Apoe,Sh3glb2,Hsp90aa1",2.07e-06,0.00055,"Cellular component organization"
"Process","GO:0060999",6,63,10116,"10116.ENSRNOP00000001417,10116.ENSRNOP00000017375,10116.ENSRNOP00000025980,10116.ENSRNOP00000033456,10116.ENSRNOP00000058882,10116.ENSRNOP00000071702","Rac1,Dbnl,Hnrnpk,Camk1,Camk2b,Apoe",2.32e-06,6e-04,"Positive regulation of dendritic spine development"
"Process","GO:0030036",14,551,10116,"10116.ENSRNOP00000001417,10116.ENSRNOP00000007794,10116.ENSRNOP00000012114,10116.ENSRNOP00000017375,10116.ENSRNOP00000018072,10116.ENSRNOP00000018711,10116.ENSRNOP00000019265,10116.ENSRNOP00000020822,10116.ENSRNOP00000031615,10116.ENSRNOP00000050393,10116.ENSRNOP00000058882,10116.ENSRNOP00000064092,10116.ENSRNOP00000069754,10116.ENSRNOP00000070473","Rac1,Dstn,Pdcd6ip,Dbnl,Add1,Cap1,Arpc2,Rhoq,Ptk2b,Nf1,Camk2b,Pdxp,Utrn,Myo18a",3.13e-06,0.00079,"Actin cytoskeleton organization"
"Process","GO:0050807",10,266,10116,"10116.ENSRNOP00000000617,10116.ENSRNOP00000004699,10116.ENSRNOP00000017375,10116.ENSRNOP00000022485,10116.ENSRNOP00000025980,10116.ENSRNOP00000033456,10116.ENSRNOP00000035271,10116.ENSRNOP00000058882,10116.ENSRNOP00000062102,10116.ENSRNOP00000071702","Mapk14,Prkca,Dbnl,Ngef,Hnrnpk,Camk1,Negr1,Camk2b,Ube2v2,Apoe",3.31e-06,0.00081,"Regulation of synapse organization"
"Process","GO:0071840",54,5469,10116,"10116.ENSRNOP00000001115,10116.ENSRNOP00000001417,10116.ENSRNOP00000001581,10116.ENSRNOP00000003283,10116.ENSRNOP00000003787,10116.ENSRNOP00000004699,10116.ENSRNOP00000006329,10116.ENSRNOP00000007794,10116.ENSRNOP00000008999,10116.ENSRNOP00000009556,10116.ENSRNOP00000009813,10116.ENSRNOP00000011275,10116.ENSRNOP00000012114,10116.ENSRNOP00000013299,10116.ENSRNOP00000016220,10116.ENSRNOP00000017375,10116.ENSRNOP00000018072,10116.ENSRNOP00000018711,10116.ENSRNOP00000018821,10116.ENSRNOP00000019265,10116.ENSRNOP00000019508,10116.ENSRNOP00000020411,10116.ENSRNOP00000020670,10116.ENSRNOP00000020822,10116.ENSRNOP00000020908,10116.ENSRNOP00000022485,10116.ENSRNOP00000024280,10116.ENSRNOP00000024430,10116.ENSRNOP00000025496,10116.ENSRNOP00000026633,10116.ENSRNOP00000027407,10116.ENSRNOP00000027497,10116.ENSRNOP00000028838,10116.ENSRNOP00000029070,10116.ENSRNOP00000031615,10116.ENSRNOP00000032429,10116.ENSRNOP00000035271,10116.ENSRNOP00000050393,10116.ENSRNOP00000055224,10116.ENSRNOP00000058882,10116.ENSRNOP00000059906,10116.ENSRNOP00000064092,10116.ENSRNOP00000065890,10116.ENSRNOP00000066885,10116.ENSRNOP00000067788,10116.ENSRNOP00000068764,10116.ENSRNOP00000069754,10116.ENSRNOP00000070473,10116.ENSRNOP00000070967,10116.ENSRNOP00000070988,10116.ENSRNOP00000071539,10116.ENSRNOP00000071702,10116.ENSRNOP00000075076,10116.ENSRNOP00000075715","Ddx39b,Rac1,Gltp,Plp1,Ptges3,Prkca,Napb,Dstn,Sh3gl2,LOC103692716,Fgb,Bsg,Pdcd6ip,Rab43,Mapre1,Dbnl,Add1,Cap1,Slc6a12,Arpc2,Rps2,Lgi1,Atp5f1d,Rhoq,Nol3,Ngef,Dgkz,Vim,Bcan,Cd9,Ctsd,Atp1a3,Itpa,Rab35,Ptk2b,Map1lc3a,Negr1,Nf1,Ndufs2,Camk2b,Sgip1,Pdxp,Glul,C3,Rab1b,Aldoa,Utrn,Myo18a,Grpel1,Gpm6b,Kif5a,Apoe,Sh3glb2,Hsp90aa1",3.29e-06,0.00081,"Cellular component organization or biogenesis"
"Process","GO:0009725",20,1100,10116,"10116.ENSRNOP00000000617,10116.ENSRNOP00000001417,10116.ENSRNOP00000003787,10116.ENSRNOP00000004385,10116.ENSRNOP00000004699,10116.ENSRNOP00000009556,10116.ENSRNOP00000009813,10116.ENSRNOP00000011275,10116.ENSRNOP00000015956,10116.ENSRNOP00000017468,10116.ENSRNOP00000020822,10116.ENSRNOP00000025980,10116.ENSRNOP00000027497,10116.ENSRNOP00000031615,10116.ENSRNOP00000050393,10116.ENSRNOP00000066885,10116.ENSRNOP00000068764,10116.ENSRNOP00000071702,10116.ENSRNOP00000074119,10116.ENSRNOP00000075715","Mapk14,Rac1,Ptges3,Qdpr,Prkca,LOC103692716,Fgb,Bsg,Got2,Ldha,Rhoq,Hnrnpk,Atp1a3,Ptk2b,Nf1,C3,Aldoa,Apoe,Gria1,Hsp90aa1",3.5e-06,0.00083,"Response to hormone"
"Process","GO:0044087",19,1009,10116,"10116.ENSRNOP00000001417,10116.ENSRNOP00000004699,10116.ENSRNOP00000006329,10116.ENSRNOP00000009556,10116.ENSRNOP00000012114,10116.ENSRNOP00000016220,10116.ENSRNOP00000017375,10116.ENSRNOP00000018072,10116.ENSRNOP00000019265,10116.ENSRNOP00000020822,10116.ENSRNOP00000020908,10116.ENSRNOP00000022363,10116.ENSRNOP00000031615,10116.ENSRNOP00000035271,10116.ENSRNOP00000062102,10116.ENSRNOP00000067788,10116.ENSRNOP00000070988,10116.ENSRNOP00000071702,10116.ENSRNOP00000075715","Rac1,Prkca,Napb,LOC103692716,Pdcd6ip,Mapre1,Dbnl,Add1,Arpc2,Rhoq,Nol3,Hras,Ptk2b,Negr1,Ube2v2,Rab1b,Gpm6b,Apoe,Hsp90aa1",3.86e-06,9e-04,"Regulation of cellular component biogenesis"
"Process","GO:0008152",69,7943,10116,"10116.ENSRNOP00000000617,10116.ENSRNOP00000000772,10116.ENSRNOP00000001115,10116.ENSRNOP00000002410,10116.ENSRNOP00000003283,10116.ENSRNOP00000003787,10116.ENSRNOP00000004385,10116.ENSRNOP00000004699,10116.ENSRNOP00000004799,10116.ENSRNOP00000008980,10116.ENSRNOP00000009183,10116.ENSRNOP00000009556,10116.ENSRNOP00000009813,10116.ENSRNOP00000012114,10116.ENSRNOP00000013005,10116.ENSRNOP00000013299,10116.ENSRNOP00000015561,10116.ENSRNOP00000015786,10116.ENSRNOP00000015956,10116.ENSRNOP00000017468,10116.ENSRNOP00000017805,10116.ENSRNOP00000017965,10116.ENSRNOP00000018072,10116.ENSRNOP00000018325,10116.ENSRNOP00000019508,10116.ENSRNOP00000020325,10116.ENSRNOP00000020670,10116.ENSRNOP00000020822,10116.ENSRNOP00000020908,10116.ENSRNOP00000021629,10116.ENSRNOP00000021920,10116.ENSRNOP00000022363,10116.ENSRNOP00000023132,10116.ENSRNOP00000024083,10116.ENSRNOP00000024280,10116.ENSRNOP00000025525,10116.ENSRNOP00000025980,10116.ENSRNOP00000027407,10116.ENSRNOP00000028838,10116.ENSRNOP00000031615,10116.ENSRNOP00000032429,10116.ENSRNOP00000033456,10116.ENSRNOP00000052160,10116.ENSRNOP00000055224,10116.ENSRNOP00000058882,10116.ENSRNOP00000059012,10116.ENSRNOP00000062102,10116.ENSRNOP00000062228,10116.ENSRNOP00000064092,10116.ENSRNOP00000064489,10116.ENSRNOP00000065147,10116.ENSRNOP00000065890,10116.ENSRNOP00000066885,10116.ENSRNOP00000067069,10116.ENSRNOP00000067788,10116.ENSRNOP00000068764,10116.ENSRNOP00000068875,10116.ENSRNOP00000069578,10116.ENSRNOP00000069937,10116.ENSRNOP00000070324,10116.ENSRNOP00000071528,10116.ENSRNOP00000071611,10116.ENSRNOP00000071702,10116.ENSRNOP00000072480,10116.ENSRNOP00000073983,10116.ENSRNOP00000074608,10116.ENSRNOP00000074647,10116.ENSRNOP00000074688,10116.ENSRNOP00000075715","Mapk14,Hint1,Ddx39b,Ehhadh,Plp1,Ptges3,Qdpr,Prkca,Prdx2,Dld,Pygl,LOC103692716,Fgb,Pdcd6ip,Enpp6,Rab43,Slc25a18,Auh,Got2,Ldha,Nceh1,Ldhb,Add1,Gsta1,Rps2,Aldh7a1,Atp5f1d,Rhoq,Nol3,Rad23b,LOC100911417,Hras,Prdx1,Etfb,Dgkz,Cox5a,Hnrnpk,Ctsd,Itpa,Ptk2b,Map1lc3a,Camk1,Hnrnpa1,Ndufs2,Camk2b,Srsf2,Ube2v2,Prkacb,Pdxp,LOC100912380,Atp5pb,Glul,C3,Pnpo,Rab1b,Aldoa,Hbb-b1,Kng1,LOC103694857,Hbb,LOC100134871,Psma7,Apoe,Hadhb,Adk,Nudt3,Gpd1,Ubc,Hsp90aa1",5.07e-06,0.0011,"Metabolic process"
"Process","GO:0043933",22,1333,10116,"10116.ENSRNOP00000001115,10116.ENSRNOP00000001417,10116.ENSRNOP00000003787,10116.ENSRNOP00000006329,10116.ENSRNOP00000007794,10116.ENSRNOP00000008999,10116.ENSRNOP00000009556,10116.ENSRNOP00000009813,10116.ENSRNOP00000012114,10116.ENSRNOP00000016220,10116.ENSRNOP00000017375,10116.ENSRNOP00000019265,10116.ENSRNOP00000019508,10116.ENSRNOP00000020670,10116.ENSRNOP00000020908,10116.ENSRNOP00000031615,10116.ENSRNOP00000032429,10116.ENSRNOP00000055224,10116.ENSRNOP00000059906,10116.ENSRNOP00000068764,10116.ENSRNOP00000071702,10116.ENSRNOP00000075715","Ddx39b,Rac1,Ptges3,Napb,Dstn,Sh3gl2,LOC103692716,Fgb,Pdcd6ip,Mapre1,Dbnl,Arpc2,Rps2,Atp5f1d,Nol3,Ptk2b,Map1lc3a,Ndufs2,Sgip1,Aldoa,Apoe,Hsp90aa1",4.98e-06,0.0011,"Protein-containing complex organization"
"Process","GO:0032880",18,939,10116,"10116.ENSRNOP00000000617,10116.ENSRNOP00000001417,10116.ENSRNOP00000009556,10116.ENSRNOP00000009813,10116.ENSRNOP00000019265,10116.ENSRNOP00000020822,10116.ENSRNOP00000020908,10116.ENSRNOP00000022363,10116.ENSRNOP00000025980,10116.ENSRNOP00000027407,10116.ENSRNOP00000033456,10116.ENSRNOP00000050393,10116.ENSRNOP00000058882,10116.ENSRNOP00000065890,10116.ENSRNOP00000070473,10116.ENSRNOP00000070988,10116.ENSRNOP00000071702,10116.ENSRNOP00000075715","Mapk14,Rac1,LOC103692716,Fgb,Arpc2,Rhoq,Nol3,Hras,Hnrnpk,Ctsd,Camk1,Nf1,Camk2b,Glul,Myo18a,Gpm6b,Apoe,Hsp90aa1",5.62e-06,0.0012,"Regulation of protein localization"
"Process","GO:0010976",9,225,10116,"10116.ENSRNOP00000017375,10116.ENSRNOP00000025980,10116.ENSRNOP00000031615,10116.ENSRNOP00000033456,10116.ENSRNOP00000035271,10116.ENSRNOP00000050393,10116.ENSRNOP00000058882,10116.ENSRNOP00000062102,10116.ENSRNOP00000071702","Dbnl,Hnrnpk,Ptk2b,Camk1,Negr1,Nf1,Camk2b,Ube2v2,Apoe",6.45e-06,0.0014,"Positive regulation of neuron projection development"
"Process","GO:0070201",14,589,10116,"10116.ENSRNOP00000000617,10116.ENSRNOP00000001417,10116.ENSRNOP00000009556,10116.ENSRNOP00000009813,10116.ENSRNOP00000019265,10116.ENSRNOP00000020908,10116.ENSRNOP00000022363,10116.ENSRNOP00000027407,10116.ENSRNOP00000033456,10116.ENSRNOP00000050393,10116.ENSRNOP00000065890,10116.ENSRNOP00000070473,10116.ENSRNOP00000071702,10116.ENSRNOP00000075715","Mapk14,Rac1,LOC103692716,Fgb,Arpc2,Nol3,Hras,Ctsd,Camk1,Nf1,Glul,Myo18a,Apoe,Hsp90aa1",6.6e-06,0.0014,"Regulation of establishment of protein localization"
"Process","GO:0071310",30,2268,10116,"10116.ENSRNOP00000000617,10116.ENSRNOP00000001417,10116.ENSRNOP00000003787,10116.ENSRNOP00000004699,10116.ENSRNOP00000008999,10116.ENSRNOP00000009813,10116.ENSRNOP00000013299,10116.ENSRNOP00000018072,10116.ENSRNOP00000019174,10116.ENSRNOP00000019265,10116.ENSRNOP00000019508,10116.ENSRNOP00000020822,10116.ENSRNOP00000021629,10116.ENSRNOP00000024430,10116.ENSRNOP00000025980,10116.ENSRNOP00000027497,10116.ENSRNOP00000029070,10116.ENSRNOP00000031615,10116.ENSRNOP00000050393,10116.ENSRNOP00000052160,10116.ENSRNOP00000058882,10116.ENSRNOP00000064092,10116.ENSRNOP00000070473,10116.ENSRNOP00000071539,10116.ENSRNOP00000071702,10116.ENSRNOP00000072480,10116.ENSRNOP00000073266,10116.ENSRNOP00000074119,10116.ENSRNOP00000074647,10116.ENSRNOP00000075066","Mapk14,Rac1,Ptges3,Prkca,Sh3gl2,Fgb,Rab43,Add1,Gnaq,Arpc2,Rps2,Rhoq,Rad23b,Vim,Hnrnpk,Atp1a3,Rab35,Ptk2b,Nf1,Hnrnpa1,Camk2b,Pdxp,Myo18a,Kif5a,Apoe,Hadhb,Gnal,Gria1,Gpd1,Itpr3",6.26e-06,0.0014,"Cellular response to organic substance"
"Process","GO:0006897",12,440,10116,"10116.ENSRNOP00000001417,10116.ENSRNOP00000008999,10116.ENSRNOP00000017375,10116.ENSRNOP00000018711,10116.ENSRNOP00000020822,10116.ENSRNOP00000022363,10116.ENSRNOP00000025675,10116.ENSRNOP00000026633,10116.ENSRNOP00000059906,10116.ENSRNOP00000071702,10116.ENSRNOP00000074119,10116.ENSRNOP00000074461","Rac1,Sh3gl2,Dbnl,Cap1,Rhoq,Hras,Ap3m2,Cd9,Sgip1,Apoe,Gria1,Epn2",8.3e-06,0.0017,"Endocytosis"
"Process","GO:0009636",10,299,10116,"10116.ENSRNOP00000004699,10116.ENSRNOP00000004799,10116.ENSRNOP00000018325,10116.ENSRNOP00000023132,10116.ENSRNOP00000068875,10116.ENSRNOP00000069937,10116.ENSRNOP00000070324,10116.ENSRNOP00000071528,10116.ENSRNOP00000071702,10116.ENSRNOP00000074119","Prkca,Prdx2,Gsta1,Prdx1,Hbb-b1,LOC103694857,Hbb,LOC100134871,Apoe,Gria1",8.93e-06,0.0018,"Response to toxic substance"
"Process","GO:2000573",6,81,10116,"10116.ENSRNOP00000001115,10116.ENSRNOP00000003787,10116.ENSRNOP00000009556,10116.ENSRNOP00000031615,10116.ENSRNOP00000052160,10116.ENSRNOP00000075715","Ddx39b,Ptges3,LOC103692716,Ptk2b,Hnrnpa1,Hsp90aa1",9.01e-06,0.0018,"Positive regulation of DNA biosynthetic process"
"Process","GO:0010038",13,527,10116,"10116.ENSRNOP00000004385,10116.ENSRNOP00000009813,10116.ENSRNOP00000011275,10116.ENSRNOP00000018072,10116.ENSRNOP00000024430,10116.ENSRNOP00000031615,10116.ENSRNOP00000032429,10116.ENSRNOP00000052160,10116.ENSRNOP00000058882,10116.ENSRNOP00000066885,10116.ENSRNOP00000071702,10116.ENSRNOP00000074119,10116.ENSRNOP00000075066","Qdpr,Fgb,Bsg,Add1,Vim,Ptk2b,Map1lc3a,Hnrnpa1,Camk2b,C3,Apoe,Gria1,Itpr3",9.8e-06,0.0019,"Response to metal ion"
"Process","GO:0030100",9,238,10116,"10116.ENSRNOP00000004699,10116.ENSRNOP00000006329,10116.ENSRNOP00000008999,10116.ENSRNOP00000018072,10116.ENSRNOP00000025980,10116.ENSRNOP00000059906,10116.ENSRNOP00000066885,10116.ENSRNOP00000071702,10116.ENSRNOP00000074461","Prkca,Napb,Sh3gl2,Add1,Hnrnpk,Sgip1,C3,Apoe,Epn2",9.96e-06,0.002,"Regulation of endocytosis"
"Process","GO:0032502",55,5832,10116,"10116.ENSRNOP00000000617,10116.ENSRNOP00000001115,10116.ENSRNOP00000001417,10116.ENSRNOP00000003283,10116.ENSRNOP00000003787,10116.ENSRNOP00000004249,10116.ENSRNOP00000004385,10116.ENSRNOP00000004699,10116.ENSRNOP00000004799,10116.ENSRNOP00000008342,10116.ENSRNOP00000008980,10116.ENSRNOP00000008999,10116.ENSRNOP00000009556,10116.ENSRNOP00000011275,10116.ENSRNOP00000013184,10116.ENSRNOP00000015956,10116.ENSRNOP00000017375,10116.ENSRNOP00000017468,10116.ENSRNOP00000018072,10116.ENSRNOP00000018325,10116.ENSRNOP00000018711,10116.ENSRNOP00000019174,10116.ENSRNOP00000020411,10116.ENSRNOP00000020720,10116.ENSRNOP00000020908,10116.ENSRNOP00000021629,10116.ENSRNOP00000022363,10116.ENSRNOP00000022383,10116.ENSRNOP00000022485,10116.ENSRNOP00000024430,10116.ENSRNOP00000025496,10116.ENSRNOP00000025980,10116.ENSRNOP00000026633,10116.ENSRNOP00000027497,10116.ENSRNOP00000029070,10116.ENSRNOP00000031615,10116.ENSRNOP00000033456,10116.ENSRNOP00000035271,10116.ENSRNOP00000040899,10116.ENSRNOP00000050393,10116.ENSRNOP00000052160,10116.ENSRNOP00000055224,10116.ENSRNOP00000058882,10116.ENSRNOP00000062228,10116.ENSRNOP00000065890,10116.ENSRNOP00000066885,10116.ENSRNOP00000070324,10116.ENSRNOP00000070473,10116.ENSRNOP00000070988,10116.ENSRNOP00000071539,10116.ENSRNOP00000071702,10116.ENSRNOP00000074119,10116.ENSRNOP00000074461,10116.ENSRNOP00000074536,10116.ENSRNOP00000075715","Mapk14,Ddx39b,Rac1,Plp1,Ptges3,Rab26,Qdpr,Prkca,Prdx2,Slc6a11,Dld,Sh3gl2,LOC103692716,Bsg,Dync1i1,Got2,Dbnl,Ldha,Add1,Gsta1,Cap1,Gnaq,Lgi1,Slc32a1,Nol3,Rad23b,Hras,Slc17a6,Ngef,Vim,Bcan,Hnrnpk,Cd9,Atp1a3,Rab35,Ptk2b,Camk1,Negr1,Cadm2,Nf1,Hnrnpa1,Ndufs2,Camk2b,Prkacb,Glul,C3,Hbb,Myo18a,Gpm6b,Kif5a,Apoe,Gria1,Epn2,Slc6a8,Hsp90aa1",1.06e-05,0.002,"Developmental process"
"Process","GO:0051050",19,1086,10116,"10116.ENSRNOP00000000617,10116.ENSRNOP00000001417,10116.ENSRNOP00000003283,10116.ENSRNOP00000004699,10116.ENSRNOP00000009556,10116.ENSRNOP00000009813,10116.ENSRNOP00000012114,10116.ENSRNOP00000018072,10116.ENSRNOP00000019265,10116.ENSRNOP00000020822,10116.ENSRNOP00000022363,10116.ENSRNOP00000025980,10116.ENSRNOP00000033456,10116.ENSRNOP00000059906,10116.ENSRNOP00000065890,10116.ENSRNOP00000066885,10116.ENSRNOP00000070473,10116.ENSRNOP00000071702,10116.ENSRNOP00000075715","Mapk14,Rac1,Plp1,Prkca,LOC103692716,Fgb,Pdcd6ip,Add1,Arpc2,Rhoq,Hras,Hnrnpk,Camk1,Sgip1,Glul,C3,Myo18a,Apoe,Hsp90aa1",1.08e-05,0.002,"Positive regulation of transport"
"Process","GO:0006811",20,1199,10116,"10116.ENSRNOP00000001581,10116.ENSRNOP00000008342,10116.ENSRNOP00000015561,10116.ENSRNOP00000018072,10116.ENSRNOP00000018821,10116.ENSRNOP00000020670,10116.ENSRNOP00000020720,10116.ENSRNOP00000020908,10116.ENSRNOP00000021920,10116.ENSRNOP00000022383,10116.ENSRNOP00000025525,10116.ENSRNOP00000027497,10116.ENSRNOP00000028603,10116.ENSRNOP00000050393,10116.ENSRNOP00000058882,10116.ENSRNOP00000065147,10116.ENSRNOP00000071535,10116.ENSRNOP00000074119,10116.ENSRNOP00000074536,10116.ENSRNOP00000075066","Gltp,Slc6a11,Slc25a18,Add1,Slc6a12,Atp5f1d,Slc32a1,Nol3,LOC100911417,Slc17a6,Cox5a,Atp1a3,Fxyd7,Nf1,Camk2b,Atp5pb,Slc44a1,Gria1,Slc6a8,Itpr3",1.22e-05,0.0022,"Ion transport"
"Process","GO:0009145",5,49,10116,"10116.ENSRNOP00000020670,10116.ENSRNOP00000021920,10116.ENSRNOP00000065147,10116.ENSRNOP00000068764,10116.ENSRNOP00000073983","Atp5f1d,LOC100911417,Atp5pb,Aldoa,Adk",1.23e-05,0.0022,"Purine nucleoside triphosphate biosynthetic process"
"Process","GO:0019693",11,382,10116,"10116.ENSRNOP00000000772,10116.ENSRNOP00000008980,10116.ENSRNOP00000009183,10116.ENSRNOP00000020670,10116.ENSRNOP00000020822,10116.ENSRNOP00000021920,10116.ENSRNOP00000028838,10116.ENSRNOP00000065147,10116.ENSRNOP00000068764,10116.ENSRNOP00000073983,10116.ENSRNOP00000074608","Hint1,Dld,Pygl,Atp5f1d,Rhoq,LOC100911417,Itpa,Atp5pb,Aldoa,Adk,Nudt3",1.23e-05,0.0022,"Ribose phosphate metabolic process"
"Process","GO:0098655",15,712,10116,"10116.ENSRNOP00000008342,10116.ENSRNOP00000015561,10116.ENSRNOP00000018821,10116.ENSRNOP00000020670,10116.ENSRNOP00000020720,10116.ENSRNOP00000020908,10116.ENSRNOP00000021920,10116.ENSRNOP00000022383,10116.ENSRNOP00000025525,10116.ENSRNOP00000027497,10116.ENSRNOP00000065147,10116.ENSRNOP00000071535,10116.ENSRNOP00000074119,10116.ENSRNOP00000074536,10116.ENSRNOP00000075066","Slc6a11,Slc25a18,Slc6a12,Atp5f1d,Slc32a1,Nol3,LOC100911417,Slc17a6,Cox5a,Atp1a3,Atp5pb,Slc44a1,Gria1,Slc6a8,Itpr3",1.24e-05,0.0022,"Cation transmembrane transport"
"Process","GO:0007215",5,50,10116,"10116.ENSRNOP00000003283,10116.ENSRNOP00000019174,10116.ENSRNOP00000027497,10116.ENSRNOP00000031615,10116.ENSRNOP00000074119","Plp1,Gnaq,Atp1a3,Ptk2b,Gria1",1.35e-05,0.0023,"Glutamate receptor signaling pathway"
"Process","GO:1905323",3,6,10116,"10116.ENSRNOP00000003787,10116.ENSRNOP00000009556,10116.ENSRNOP00000075715","Ptges3,LOC103692716,Hsp90aa1",1.36e-05,0.0023,"Telomerase holoenzyme complex assembly"
"Process","GO:0034330",13,549,10116,"10116.ENSRNOP00000001417,10116.ENSRNOP00000004699,10116.ENSRNOP00000012114,10116.ENSRNOP00000017375,10116.ENSRNOP00000022485,10116.ENSRNOP00000024280,10116.ENSRNOP00000025496,10116.ENSRNOP00000026633,10116.ENSRNOP00000031615,10116.ENSRNOP00000058882,10116.ENSRNOP00000066885,10116.ENSRNOP00000069754,10116.ENSRNOP00000071702","Rac1,Prkca,Pdcd6ip,Dbnl,Ngef,Dgkz,Bcan,Cd9,Ptk2b,Camk2b,C3,Utrn,Apoe",1.49e-05,0.0025,"Cell junction organization"
"Process","GO:0022008",22,1443,10116,"10116.ENSRNOP00000001417,10116.ENSRNOP00000003283,10116.ENSRNOP00000004699,10116.ENSRNOP00000008999,10116.ENSRNOP00000009556,10116.ENSRNOP00000011275,10116.ENSRNOP00000017375,10116.ENSRNOP00000019174,10116.ENSRNOP00000020411,10116.ENSRNOP00000024430,10116.ENSRNOP00000025496,10116.ENSRNOP00000026633,10116.ENSRNOP00000029070,10116.ENSRNOP00000031615,10116.ENSRNOP00000035271,10116.ENSRNOP00000050393,10116.ENSRNOP00000055224,10116.ENSRNOP00000066885,10116.ENSRNOP00000070988,10116.ENSRNOP00000071539,10116.ENSRNOP00000071702,10116.ENSRNOP00000075715","Rac1,Plp1,Prkca,Sh3gl2,LOC103692716,Bsg,Dbnl,Gnaq,Lgi1,Vim,Bcan,Cd9,Rab35,Ptk2b,Negr1,Nf1,Ndufs2,C3,Gpm6b,Kif5a,Apoe,Hsp90aa1",1.7e-05,0.0028,"Neurogenesis"
"Process","GO:0030030",20,1227,10116,"10116.ENSRNOP00000001417,10116.ENSRNOP00000003283,10116.ENSRNOP00000004699,10116.ENSRNOP00000008999,10116.ENSRNOP00000009556,10116.ENSRNOP00000011275,10116.ENSRNOP00000016220,10116.ENSRNOP00000017375,10116.ENSRNOP00000020411,10116.ENSRNOP00000024430,10116.ENSRNOP00000025496,10116.ENSRNOP00000027497,10116.ENSRNOP00000029070,10116.ENSRNOP00000031615,10116.ENSRNOP00000035271,10116.ENSRNOP00000058882,10116.ENSRNOP00000070988,10116.ENSRNOP00000071539,10116.ENSRNOP00000071702,10116.ENSRNOP00000075715","Rac1,Plp1,Prkca,Sh3gl2,LOC103692716,Bsg,Mapre1,Dbnl,Lgi1,Vim,Bcan,Atp1a3,Rab35,Ptk2b,Negr1,Camk2b,Gpm6b,Kif5a,Apoe,Hsp90aa1",1.7e-05,0.0028,"Cell projection organization"
"Process","GO:0051222",10,323,10116,"10116.ENSRNOP00000000617,10116.ENSRNOP00000001417,10116.ENSRNOP00000009556,10116.ENSRNOP00000009813,10116.ENSRNOP00000019265,10116.ENSRNOP00000022363,10116.ENSRNOP00000033456,10116.ENSRNOP00000065890,10116.ENSRNOP00000070473,10116.ENSRNOP00000075715","Mapk14,Rac1,LOC103692716,Fgb,Arpc2,Hras,Camk1,Glul,Myo18a,Hsp90aa1",1.71e-05,0.0028,"Positive regulation of protein transport"
"Process","GO:0051223",13,560,10116,"10116.ENSRNOP00000000617,10116.ENSRNOP00000001417,10116.ENSRNOP00000009556,10116.ENSRNOP00000009813,10116.ENSRNOP00000019265,10116.ENSRNOP00000020908,10116.ENSRNOP00000022363,10116.ENSRNOP00000033456,10116.ENSRNOP00000050393,10116.ENSRNOP00000065890,10116.ENSRNOP00000070473,10116.ENSRNOP00000071702,10116.ENSRNOP00000075715","Mapk14,Rac1,LOC103692716,Fgb,Arpc2,Nol3,Hras,Camk1,Nf1,Glul,Myo18a,Apoe,Hsp90aa1",1.83e-05,0.003,"Regulation of protein transport"
"Process","GO:0006836",7,144,10116,"10116.ENSRNOP00000008342,10116.ENSRNOP00000018821,10116.ENSRNOP00000020720,10116.ENSRNOP00000022383,10116.ENSRNOP00000025675,10116.ENSRNOP00000050393,10116.ENSRNOP00000074536","Slc6a11,Slc6a12,Slc32a1,Slc17a6,Ap3m2,Nf1,Slc6a8",2.17e-05,0.0034,"Neurotransmitter transport"
"Process","GO:0032535",11,406,10116,"10116.ENSRNOP00000001417,10116.ENSRNOP00000007794,10116.ENSRNOP00000009556,10116.ENSRNOP00000017375,10116.ENSRNOP00000018072,10116.ENSRNOP00000018821,10116.ENSRNOP00000019265,10116.ENSRNOP00000031615,10116.ENSRNOP00000064092,10116.ENSRNOP00000071702,10116.ENSRNOP00000075715","Rac1,Dstn,LOC103692716,Dbnl,Add1,Slc6a12,Arpc2,Ptk2b,Pdxp,Apoe,Hsp90aa1",2.13e-05,0.0034,"Regulation of cellular component size"
"Process","GO:0048699",20,1246,10116,"10116.ENSRNOP00000001417,10116.ENSRNOP00000003283,10116.ENSRNOP00000004699,10116.ENSRNOP00000008999,10116.ENSRNOP00000009556,10116.ENSRNOP00000011275,10116.ENSRNOP00000017375,10116.ENSRNOP00000019174,10116.ENSRNOP00000020411,10116.ENSRNOP00000024430,10116.ENSRNOP00000025496,10116.ENSRNOP00000029070,10116.ENSRNOP00000031615,10116.ENSRNOP00000035271,10116.ENSRNOP00000050393,10116.ENSRNOP00000066885,10116.ENSRNOP00000070988,10116.ENSRNOP00000071539,10116.ENSRNOP00000071702,10116.ENSRNOP00000075715","Rac1,Plp1,Prkca,Sh3gl2,LOC103692716,Bsg,Dbnl,Gnaq,Lgi1,Vim,Bcan,Rab35,Ptk2b,Negr1,Nf1,C3,Gpm6b,Kif5a,Apoe,Hsp90aa1",2.11e-05,0.0034,"Generation of neurons"
"Process","GO:0032273",6,96,10116,"10116.ENSRNOP00000001417,10116.ENSRNOP00000009556,10116.ENSRNOP00000016220,10116.ENSRNOP00000019265,10116.ENSRNOP00000031615,10116.ENSRNOP00000075715","Rac1,LOC103692716,Mapre1,Arpc2,Ptk2b,Hsp90aa1",2.25e-05,0.0035,"Positive regulation of protein polymerization"
"Process","GO:1901565",18,1049,10116,"10116.ENSRNOP00000000772,10116.ENSRNOP00000004385,10116.ENSRNOP00000008980,10116.ENSRNOP00000009556,10116.ENSRNOP00000012114,10116.ENSRNOP00000015786,10116.ENSRNOP00000015956,10116.ENSRNOP00000021629,10116.ENSRNOP00000024083,10116.ENSRNOP00000027407,10116.ENSRNOP00000028838,10116.ENSRNOP00000064092,10116.ENSRNOP00000064489,10116.ENSRNOP00000071611,10116.ENSRNOP00000071702,10116.ENSRNOP00000074608,10116.ENSRNOP00000074688,10116.ENSRNOP00000075715","Hint1,Qdpr,Dld,LOC103692716,Pdcd6ip,Auh,Got2,Rad23b,Etfb,Ctsd,Itpa,Pdxp,LOC100912380,Psma7,Apoe,Nudt3,Ubc,Hsp90aa1",2.44e-05,0.0037,"Organonitrogen compound catabolic process"
"Process","GO:0019068",4,27,10116,"10116.ENSRNOP00000012114,10116.ENSRNOP00000013299,10116.ENSRNOP00000067788,10116.ENSRNOP00000071702","Pdcd6ip,Rab43,Rab1b,Apoe",2.52e-05,0.0038,"Virion assembly"
"Process","GO:0090066",13,577,10116,"10116.ENSRNOP00000001417,10116.ENSRNOP00000007794,10116.ENSRNOP00000009556,10116.ENSRNOP00000009813,10116.ENSRNOP00000017375,10116.ENSRNOP00000018072,10116.ENSRNOP00000018821,10116.ENSRNOP00000019265,10116.ENSRNOP00000031615,10116.ENSRNOP00000064092,10116.ENSRNOP00000069578,10116.ENSRNOP00000071702,10116.ENSRNOP00000075715","Rac1,Dstn,LOC103692716,Fgb,Dbnl,Add1,Slc6a12,Arpc2,Ptk2b,Pdxp,Kng1,Apoe,Hsp90aa1",2.49e-05,0.0038,"Regulation of anatomical structure size"
"Process","GO:0019674",4,28,10116,"10116.ENSRNOP00000017468,10116.ENSRNOP00000017965,10116.ENSRNOP00000068764,10116.ENSRNOP00000074647","Ldha,Ldhb,Aldoa,Gpd1",2.87e-05,0.0042,"NAD metabolic process"
"Process","GO:0032271",8,213,10116,"10116.ENSRNOP00000001417,10116.ENSRNOP00000009556,10116.ENSRNOP00000016220,10116.ENSRNOP00000017375,10116.ENSRNOP00000018072,10116.ENSRNOP00000019265,10116.ENSRNOP00000031615,10116.ENSRNOP00000075715","Rac1,LOC103692716,Mapre1,Dbnl,Add1,Arpc2,Ptk2b,Hsp90aa1",3.3e-05,0.0046,"Regulation of protein polymerization"
"Process","GO:0035235",4,29,10116,"10116.ENSRNOP00000003283,10116.ENSRNOP00000027497,10116.ENSRNOP00000031615,10116.ENSRNOP00000074119","Plp1,Atp1a3,Ptk2b,Gria1",3.25e-05,0.0046,"Ionotropic glutamate receptor signaling pathway"
"Process","GO:0065003",19,1177,10116,"10116.ENSRNOP00000001115,10116.ENSRNOP00000001417,10116.ENSRNOP00000003787,10116.ENSRNOP00000008999,10116.ENSRNOP00000009556,10116.ENSRNOP00000009813,10116.ENSRNOP00000012114,10116.ENSRNOP00000016220,10116.ENSRNOP00000017375,10116.ENSRNOP00000019265,10116.ENSRNOP00000019508,10116.ENSRNOP00000020670,10116.ENSRNOP00000020908,10116.ENSRNOP00000031615,10116.ENSRNOP00000055224,10116.ENSRNOP00000059906,10116.ENSRNOP00000068764,10116.ENSRNOP00000071702,10116.ENSRNOP00000075715","Ddx39b,Rac1,Ptges3,Sh3gl2,LOC103692716,Fgb,Pdcd6ip,Mapre1,Dbnl,Arpc2,Rps2,Atp5f1d,Nol3,Ptk2b,Ndufs2,Sgip1,Aldoa,Apoe,Hsp90aa1",3.23e-05,0.0046,"Protein-containing complex assembly"
"Process","GO:0006812",16,878,10116,"10116.ENSRNOP00000008342,10116.ENSRNOP00000015561,10116.ENSRNOP00000018821,10116.ENSRNOP00000020670,10116.ENSRNOP00000020720,10116.ENSRNOP00000020908,10116.ENSRNOP00000021920,10116.ENSRNOP00000022383,10116.ENSRNOP00000025525,10116.ENSRNOP00000027497,10116.ENSRNOP00000058882,10116.ENSRNOP00000065147,10116.ENSRNOP00000071535,10116.ENSRNOP00000074119,10116.ENSRNOP00000074536,10116.ENSRNOP00000075066","Slc6a11,Slc25a18,Slc6a12,Atp5f1d,Slc32a1,Nol3,LOC100911417,Slc17a6,Cox5a,Atp1a3,Camk2b,Atp5pb,Slc44a1,Gria1,Slc6a8,Itpr3",3.56e-05,0.0047,"Cation transport"
"Process","GO:0009150",10,353,10116,"10116.ENSRNOP00000000772,10116.ENSRNOP00000008980,10116.ENSRNOP00000020670,10116.ENSRNOP00000020822,10116.ENSRNOP00000021920,10116.ENSRNOP00000028838,10116.ENSRNOP00000065147,10116.ENSRNOP00000068764,10116.ENSRNOP00000073983,10116.ENSRNOP00000074608","Hint1,Dld,Atp5f1d,Rhoq,LOC100911417,Itpa,Atp5pb,Aldoa,Adk,Nudt3",3.56e-05,0.0047,"Purine ribonucleotide metabolic process"
"Process","GO:0022904",6,104,10116,"10116.ENSRNOP00000008980,10116.ENSRNOP00000015561,10116.ENSRNOP00000024083,10116.ENSRNOP00000025525,10116.ENSRNOP00000055224,10116.ENSRNOP00000074647","Dld,Slc25a18,Etfb,Cox5a,Ndufs2,Gpd1",3.44e-05,0.0047,"Respiratory electron transport chain"
"Process","GO:0043254",11,429,10116,"10116.ENSRNOP00000001417,10116.ENSRNOP00000006329,10116.ENSRNOP00000009556,10116.ENSRNOP00000016220,10116.ENSRNOP00000017375,10116.ENSRNOP00000018072,10116.ENSRNOP00000019265,10116.ENSRNOP00000020908,10116.ENSRNOP00000031615,10116.ENSRNOP00000071702,10116.ENSRNOP00000075715","Rac1,Napb,LOC103692716,Mapre1,Dbnl,Add1,Arpc2,Nol3,Ptk2b,Apoe,Hsp90aa1",3.48e-05,0.0047,"Regulation of protein-containing complex assembly"
"Process","GO:0071495",20,1291,10116,"10116.ENSRNOP00000001417,10116.ENSRNOP00000003787,10116.ENSRNOP00000008999,10116.ENSRNOP00000009813,10116.ENSRNOP00000019174,10116.ENSRNOP00000019265,10116.ENSRNOP00000020822,10116.ENSRNOP00000024430,10116.ENSRNOP00000025980,10116.ENSRNOP00000027497,10116.ENSRNOP00000029070,10116.ENSRNOP00000050393,10116.ENSRNOP00000052160,10116.ENSRNOP00000058882,10116.ENSRNOP00000064092,10116.ENSRNOP00000071539,10116.ENSRNOP00000073266,10116.ENSRNOP00000074119,10116.ENSRNOP00000074647,10116.ENSRNOP00000075066","Rac1,Ptges3,Sh3gl2,Fgb,Gnaq,Arpc2,Rhoq,Vim,Hnrnpk,Atp1a3,Rab35,Nf1,Hnrnpa1,Camk2b,Pdxp,Kif5a,Gnal,Gria1,Gpd1,Itpr3",3.47e-05,0.0047,"Cellular response to endogenous stimulus"
"Process","GO:0010592",4,30,10116,"10116.ENSRNOP00000001417,10116.ENSRNOP00000009556,10116.ENSRNOP00000019265,10116.ENSRNOP00000075715","Rac1,LOC103692716,Arpc2,Hsp90aa1",3.67e-05,0.0048,"Positive regulation of lamellipodium assembly"
"Process","GO:0022603",17,981,10116,"10116.ENSRNOP00000001417,10116.ENSRNOP00000004699,10116.ENSRNOP00000017375,10116.ENSRNOP00000018072,10116.ENSRNOP00000019265,10116.ENSRNOP00000020822,10116.ENSRNOP00000022485,10116.ENSRNOP00000024430,10116.ENSRNOP00000025980,10116.ENSRNOP00000031615,10116.ENSRNOP00000050393,10116.ENSRNOP00000058882,10116.ENSRNOP00000065890,10116.ENSRNOP00000066885,10116.ENSRNOP00000068764,10116.ENSRNOP00000071702,10116.ENSRNOP00000074461","Rac1,Prkca,Dbnl,Add1,Arpc2,Rhoq,Ngef,Vim,Hnrnpk,Ptk2b,Nf1,Camk2b,Glul,C3,Aldoa,Apoe,Epn2",3.71e-05,0.0048,"Regulation of anatomical structure morphogenesis"
"Process","GO:0030193",5,63,10116,"10116.ENSRNOP00000004799,10116.ENSRNOP00000009813,10116.ENSRNOP00000026633,10116.ENSRNOP00000069578,10116.ENSRNOP00000071702","Prdx2,Fgb,Cd9,Kng1,Apoe",3.81e-05,0.0049,"Regulation of blood coagulation"
"Process","GO:0032787",12,515,10116,"10116.ENSRNOP00000000617,10116.ENSRNOP00000002410,10116.ENSRNOP00000003283,10116.ENSRNOP00000003787,10116.ENSRNOP00000008980,10116.ENSRNOP00000015786,10116.ENSRNOP00000017468,10116.ENSRNOP00000017965,10116.ENSRNOP00000024083,10116.ENSRNOP00000066885,10116.ENSRNOP00000068764,10116.ENSRNOP00000072480","Mapk14,Ehhadh,Plp1,Ptges3,Dld,Auh,Ldha,Ldhb,Etfb,C3,Aldoa,Hadhb",3.77e-05,0.0049,"Monocarboxylic acid metabolic process"
"Process","GO:0120036",19,1192,10116,"10116.ENSRNOP00000001417,10116.ENSRNOP00000003283,10116.ENSRNOP00000004699,10116.ENSRNOP00000008999,10116.ENSRNOP00000009556,10116.ENSRNOP00000011275,10116.ENSRNOP00000016220,10116.ENSRNOP00000017375,10116.ENSRNOP00000020411,10116.ENSRNOP00000024430,10116.ENSRNOP00000025496,10116.ENSRNOP00000027497,10116.ENSRNOP00000029070,10116.ENSRNOP00000031615,10116.ENSRNOP00000035271,10116.ENSRNOP00000070988,10116.ENSRNOP00000071539,10116.ENSRNOP00000071702,10116.ENSRNOP00000075715","Rac1,Plp1,Prkca,Sh3gl2,LOC103692716,Bsg,Mapre1,Dbnl,Lgi1,Vim,Bcan,Atp1a3,Rab35,Ptk2b,Negr1,Gpm6b,Kif5a,Apoe,Hsp90aa1",3.83e-05,0.0049,"Plasma membrane bounded cell projection organization"
"Process","GO:0006119",6,109,10116,"10116.ENSRNOP00000008980,10116.ENSRNOP00000020670,10116.ENSRNOP00000021920,10116.ENSRNOP00000025525,10116.ENSRNOP00000055224,10116.ENSRNOP00000065147","Dld,Atp5f1d,LOC100911417,Cox5a,Ndufs2,Atp5pb",4.42e-05,0.0055,"Oxidative phosphorylation"
"Process","GO:0046390",7,164,10116,"10116.ENSRNOP00000008980,10116.ENSRNOP00000009183,10116.ENSRNOP00000020670,10116.ENSRNOP00000021920,10116.ENSRNOP00000065147,10116.ENSRNOP00000068764,10116.ENSRNOP00000073983","Dld,Pygl,Atp5f1d,LOC100911417,Atp5pb,Aldoa,Adk",4.8e-05,0.0058,"Ribose phosphate biosynthetic process"
"Process","GO:0019752",15,805,10116,"10116.ENSRNOP00000000617,10116.ENSRNOP00000002410,10116.ENSRNOP00000003283,10116.ENSRNOP00000003787,10116.ENSRNOP00000004385,10116.ENSRNOP00000008980,10116.ENSRNOP00000015786,10116.ENSRNOP00000015956,10116.ENSRNOP00000017468,10116.ENSRNOP00000017965,10116.ENSRNOP00000024083,10116.ENSRNOP00000065890,10116.ENSRNOP00000066885,10116.ENSRNOP00000068764,10116.ENSRNOP00000072480","Mapk14,Ehhadh,Plp1,Ptges3,Qdpr,Dld,Auh,Got2,Ldha,Ldhb,Etfb,Glul,C3,Aldoa,Hadhb",4.98e-05,0.0059,"Carboxylic acid metabolic process"
"Process","GO:0098662",13,617,10116,"10116.ENSRNOP00000008342,10116.ENSRNOP00000015561,10116.ENSRNOP00000018821,10116.ENSRNOP00000020670,10116.ENSRNOP00000020720,10116.ENSRNOP00000020908,10116.ENSRNOP00000021920,10116.ENSRNOP00000022383,10116.ENSRNOP00000025525,10116.ENSRNOP00000027497,10116.ENSRNOP00000065147,10116.ENSRNOP00000074536,10116.ENSRNOP00000075066","Slc6a11,Slc25a18,Slc6a12,Atp5f1d,Slc32a1,Nol3,LOC100911417,Slc17a6,Cox5a,Atp1a3,Atp5pb,Slc6a8,Itpr3",4.88e-05,0.0059,"Inorganic cation transmembrane transport"
"Process","GO:0032956",10,370,10116,"10116.ENSRNOP00000001417,10116.ENSRNOP00000007794,10116.ENSRNOP00000017375,10116.ENSRNOP00000018072,10116.ENSRNOP00000019265,10116.ENSRNOP00000022363,10116.ENSRNOP00000031615,10116.ENSRNOP00000064092,10116.ENSRNOP00000067695,10116.ENSRNOP00000070988","Rac1,Dstn,Dbnl,Add1,Arpc2,Hras,Ptk2b,Pdxp,Gmfb,Gpm6b",5.22e-05,0.0061,"Regulation of actin cytoskeleton organization"
"Process","GO:0008064",7,169,10116,"10116.ENSRNOP00000001417,10116.ENSRNOP00000007794,10116.ENSRNOP00000017375,10116.ENSRNOP00000018072,10116.ENSRNOP00000019265,10116.ENSRNOP00000031615,10116.ENSRNOP00000064092","Rac1,Dstn,Dbnl,Add1,Arpc2,Ptk2b,Pdxp",5.77e-05,0.0065,"Regulation of actin polymerization or depolymerization"
"Process","GO:0009144",7,168,10116,"10116.ENSRNOP00000020670,10116.ENSRNOP00000020822,10116.ENSRNOP00000021920,10116.ENSRNOP00000028838,10116.ENSRNOP00000065147,10116.ENSRNOP00000068764,10116.ENSRNOP00000073983","Atp5f1d,Rhoq,LOC100911417,Itpa,Atp5pb,Aldoa,Adk",5.56e-05,0.0065,"Purine nucleoside triphosphate metabolic process"
"Process","GO:0033157",8,230,10116,"10116.ENSRNOP00000000617,10116.ENSRNOP00000009556,10116.ENSRNOP00000019265,10116.ENSRNOP00000020908,10116.ENSRNOP00000022363,10116.ENSRNOP00000033456,10116.ENSRNOP00000050393,10116.ENSRNOP00000075715","Mapk14,LOC103692716,Arpc2,Nol3,Hras,Camk1,Nf1,Hsp90aa1",5.58e-05,0.0065,"Regulation of intracellular protein transport"
"Process","GO:0045927",9,299,10116,"10116.ENSRNOP00000000617,10116.ENSRNOP00000001115,10116.ENSRNOP00000017375,10116.ENSRNOP00000020411,10116.ENSRNOP00000025980,10116.ENSRNOP00000031615,10116.ENSRNOP00000059906,10116.ENSRNOP00000066885,10116.ENSRNOP00000071702","Mapk14,Ddx39b,Dbnl,Lgi1,Hnrnpk,Ptk2b,Sgip1,C3,Apoe",5.64e-05,0.0065,"Positive regulation of growth"
"Process","GO:0120034",6,115,10116,"10116.ENSRNOP00000001417,10116.ENSRNOP00000009556,10116.ENSRNOP00000019265,10116.ENSRNOP00000020822,10116.ENSRNOP00000022363,10116.ENSRNOP00000075715","Rac1,LOC103692716,Arpc2,Rhoq,Hras,Hsp90aa1",5.88e-05,0.0066,"Positive regulation of plasma membrane bounded cell projection assembly"
"Process","GO:0010594",7,172,10116,"10116.ENSRNOP00000001417,10116.ENSRNOP00000004699,10116.ENSRNOP00000011275,10116.ENSRNOP00000031615,10116.ENSRNOP00000050393,10116.ENSRNOP00000065890,10116.ENSRNOP00000071702","Rac1,Prkca,Bsg,Ptk2b,Nf1,Glul,Apoe",6.42e-05,0.007,"Regulation of endothelial cell migration"
"Process","GO:0060627",13,634,10116,"10116.ENSRNOP00000004249,10116.ENSRNOP00000004699,10116.ENSRNOP00000006329,10116.ENSRNOP00000008999,10116.ENSRNOP00000009813,10116.ENSRNOP00000012114,10116.ENSRNOP00000018072,10116.ENSRNOP00000025980,10116.ENSRNOP00000059906,10116.ENSRNOP00000066885,10116.ENSRNOP00000070473,10116.ENSRNOP00000071702,10116.ENSRNOP00000074461","Rab26,Prkca,Napb,Sh3gl2,Fgb,Pdcd6ip,Add1,Hnrnpk,Sgip1,C3,Myo18a,Apoe,Epn2",6.4e-05,0.007,"Regulation of vesicle-mediated transport"
"Process","GO:0051054",9,306,10116,"10116.ENSRNOP00000001115,10116.ENSRNOP00000001417,10116.ENSRNOP00000003787,10116.ENSRNOP00000009556,10116.ENSRNOP00000022363,10116.ENSRNOP00000031615,10116.ENSRNOP00000052160,10116.ENSRNOP00000062102,10116.ENSRNOP00000075715","Ddx39b,Rac1,Ptges3,LOC103692716,Hras,Ptk2b,Hnrnpa1,Ube2v2,Hsp90aa1",6.7e-05,0.0072,"Positive regulation of DNA metabolic process"
"Process","GO:0019637",15,833,10116,"10116.ENSRNOP00000000772,10116.ENSRNOP00000008980,10116.ENSRNOP00000009183,10116.ENSRNOP00000020670,10116.ENSRNOP00000020822,10116.ENSRNOP00000021920,10116.ENSRNOP00000024280,10116.ENSRNOP00000028838,10116.ENSRNOP00000064092,10116.ENSRNOP00000065147,10116.ENSRNOP00000067069,10116.ENSRNOP00000068764,10116.ENSRNOP00000073983,10116.ENSRNOP00000074608,10116.ENSRNOP00000074647","Hint1,Dld,Pygl,Atp5f1d,Rhoq,LOC100911417,Dgkz,Itpa,Pdxp,Atp5pb,Pnpo,Aldoa,Adk,Nudt3,Gpd1",7.26e-05,0.0077,"Organophosphate metabolic process"
"Process","GO:0022607",28,2321,10116,"10116.ENSRNOP00000001115,10116.ENSRNOP00000001417,10116.ENSRNOP00000003787,10116.ENSRNOP00000004699,10116.ENSRNOP00000008999,10116.ENSRNOP00000009556,10116.ENSRNOP00000009813,10116.ENSRNOP00000012114,10116.ENSRNOP00000013299,10116.ENSRNOP00000016220,10116.ENSRNOP00000017375,10116.ENSRNOP00000018072,10116.ENSRNOP00000019265,10116.ENSRNOP00000019508,10116.ENSRNOP00000020670,10116.ENSRNOP00000020908,10116.ENSRNOP00000026633,10116.ENSRNOP00000027407,10116.ENSRNOP00000031615,10116.ENSRNOP00000032429,10116.ENSRNOP00000055224,10116.ENSRNOP00000059906,10116.ENSRNOP00000064092,10116.ENSRNOP00000067788,10116.ENSRNOP00000068764,10116.ENSRNOP00000070988,10116.ENSRNOP00000071702,10116.ENSRNOP00000075715","Ddx39b,Rac1,Ptges3,Prkca,Sh3gl2,LOC103692716,Fgb,Pdcd6ip,Rab43,Mapre1,Dbnl,Add1,Arpc2,Rps2,Atp5f1d,Nol3,Cd9,Ctsd,Ptk2b,Map1lc3a,Ndufs2,Sgip1,Pdxp,Rab1b,Aldoa,Gpm6b,Apoe,Hsp90aa1",7.13e-05,0.0077,"Cellular component assembly"
"Process","GO:0048522",52,5743,10116,"10116.ENSRNOP00000000617,10116.ENSRNOP00000000772,10116.ENSRNOP00000001115,10116.ENSRNOP00000001417,10116.ENSRNOP00000003283,10116.ENSRNOP00000003787,10116.ENSRNOP00000004699,10116.ENSRNOP00000004799,10116.ENSRNOP00000007794,10116.ENSRNOP00000008999,10116.ENSRNOP00000009556,10116.ENSRNOP00000009813,10116.ENSRNOP00000011275,10116.ENSRNOP00000012114,10116.ENSRNOP00000016220,10116.ENSRNOP00000017375,10116.ENSRNOP00000017468,10116.ENSRNOP00000018072,10116.ENSRNOP00000019174,10116.ENSRNOP00000019265,10116.ENSRNOP00000020411,10116.ENSRNOP00000020822,10116.ENSRNOP00000022363,10116.ENSRNOP00000024280,10116.ENSRNOP00000024430,10116.ENSRNOP00000025980,10116.ENSRNOP00000027407,10116.ENSRNOP00000031615,10116.ENSRNOP00000033456,10116.ENSRNOP00000035271,10116.ENSRNOP00000050393,10116.ENSRNOP00000052160,10116.ENSRNOP00000058882,10116.ENSRNOP00000059906,10116.ENSRNOP00000060967,10116.ENSRNOP00000062102,10116.ENSRNOP00000064092,10116.ENSRNOP00000065890,10116.ENSRNOP00000066885,10116.ENSRNOP00000067788,10116.ENSRNOP00000068764,10116.ENSRNOP00000069578,10116.ENSRNOP00000069754,10116.ENSRNOP00000070324,10116.ENSRNOP00000070473,10116.ENSRNOP00000071702,10116.ENSRNOP00000073983,10116.ENSRNOP00000074119,10116.ENSRNOP00000074461,10116.ENSRNOP00000074647,10116.ENSRNOP00000075066,10116.ENSRNOP00000075715","Mapk14,Hint1,Ddx39b,Rac1,Plp1,Ptges3,Prkca,Prdx2,Dstn,Sh3gl2,LOC103692716,Fgb,Bsg,Pdcd6ip,Mapre1,Dbnl,Ldha,Add1,Gnaq,Arpc2,Lgi1,Rhoq,Hras,Dgkz,Vim,Hnrnpk,Ctsd,Ptk2b,Camk1,Negr1,Nf1,Hnrnpa1,Camk2b,Sgip1,Cd59,Ube2v2,Pdxp,Glul,C3,Rab1b,Aldoa,Kng1,Utrn,Hbb,Myo18a,Apoe,Adk,Gria1,Epn2,Gpd1,Itpr3,Hsp90aa1",7.24e-05,0.0077,"Positive regulation of cellular process"
"Process","GO:0021543",8,240,10116,"10116.ENSRNOP00000001417,10116.ENSRNOP00000020720,10116.ENSRNOP00000022383,10116.ENSRNOP00000025496,10116.ENSRNOP00000025980,10116.ENSRNOP00000027497,10116.ENSRNOP00000050393,10116.ENSRNOP00000071539","Rac1,Slc32a1,Slc17a6,Bcan,Hnrnpk,Atp1a3,Nf1,Kif5a",7.44e-05,0.0078,"Pallium development"
"Process","GO:0043085",18,1148,10116,"10116.ENSRNOP00000000617,10116.ENSRNOP00000001417,10116.ENSRNOP00000003787,10116.ENSRNOP00000009556,10116.ENSRNOP00000016981,10116.ENSRNOP00000019174,10116.ENSRNOP00000019508,10116.ENSRNOP00000022363,10116.ENSRNOP00000022485,10116.ENSRNOP00000024280,10116.ENSRNOP00000027407,10116.ENSRNOP00000031615,10116.ENSRNOP00000033456,10116.ENSRNOP00000050393,10116.ENSRNOP00000058882,10116.ENSRNOP00000071702,10116.ENSRNOP00000073266,10116.ENSRNOP00000075715","Mapk14,Rac1,Ptges3,LOC103692716,Ywhab,Gnaq,Rps2,Hras,Ngef,Dgkz,Ctsd,Ptk2b,Camk1,Nf1,Camk2b,Apoe,Gnal,Hsp90aa1",7.7e-05,0.008,"Positive regulation of catalytic activity"
"Process","GO:0042592",21,1487,10116,"10116.ENSRNOP00000001417,10116.ENSRNOP00000004699,10116.ENSRNOP00000004799,10116.ENSRNOP00000008980,10116.ENSRNOP00000008999,10116.ENSRNOP00000009183,10116.ENSRNOP00000011275,10116.ENSRNOP00000018072,10116.ENSRNOP00000018821,10116.ENSRNOP00000020908,10116.ENSRNOP00000022383,10116.ENSRNOP00000023132,10116.ENSRNOP00000025980,10116.ENSRNOP00000027497,10116.ENSRNOP00000031615,10116.ENSRNOP00000050393,10116.ENSRNOP00000059906,10116.ENSRNOP00000068764,10116.ENSRNOP00000070324,10116.ENSRNOP00000071702,10116.ENSRNOP00000074119","Rac1,Prkca,Prdx2,Dld,Sh3gl2,Pygl,Bsg,Add1,Slc6a12,Nol3,Slc17a6,Prdx1,Hnrnpk,Atp1a3,Ptk2b,Nf1,Sgip1,Aldoa,Hbb,Apoe,Gria1",8.09e-05,0.0083,"Homeostatic process"
"Process","GO:0048259",6,122,10116,"10116.ENSRNOP00000004699,10116.ENSRNOP00000006329,10116.ENSRNOP00000008999,10116.ENSRNOP00000025980,10116.ENSRNOP00000059906,10116.ENSRNOP00000066885","Prkca,Napb,Sh3gl2,Hnrnpk,Sgip1,C3",8.04e-05,0.0083,"Regulation of receptor-mediated endocytosis"
"Process","GO:0050806",7,179,10116,"10116.ENSRNOP00000020411,10116.ENSRNOP00000025980,10116.ENSRNOP00000031615,10116.ENSRNOP00000058882,10116.ENSRNOP00000065890,10116.ENSRNOP00000074119,10116.ENSRNOP00000075066","Lgi1,Hnrnpk,Ptk2b,Camk2b,Glul,Gria1,Itpr3",8.16e-05,0.0083,"Positive regulation of synaptic transmission"
"Process","GO:0051641",30,2605,10116,"10116.ENSRNOP00000001115,10116.ENSRNOP00000001417,10116.ENSRNOP00000004249,10116.ENSRNOP00000004699,10116.ENSRNOP00000006329,10116.ENSRNOP00000008342,10116.ENSRNOP00000008999,10116.ENSRNOP00000009556,10116.ENSRNOP00000011275,10116.ENSRNOP00000012114,10116.ENSRNOP00000013184,10116.ENSRNOP00000013299,10116.ENSRNOP00000016220,10116.ENSRNOP00000016981,10116.ENSRNOP00000020411,10116.ENSRNOP00000020720,10116.ENSRNOP00000020908,10116.ENSRNOP00000022383,10116.ENSRNOP00000025675,10116.ENSRNOP00000029070,10116.ENSRNOP00000033456,10116.ENSRNOP00000050393,10116.ENSRNOP00000052160,10116.ENSRNOP00000064265,10116.ENSRNOP00000067788,10116.ENSRNOP00000070967,10116.ENSRNOP00000070988,10116.ENSRNOP00000071539,10116.ENSRNOP00000071702,10116.ENSRNOP00000075715","Ddx39b,Rac1,Rab26,Prkca,Napb,Slc6a11,Sh3gl2,LOC103692716,Bsg,Pdcd6ip,Dync1i1,Rab43,Mapre1,Ywhab,Lgi1,Slc32a1,Nol3,Slc17a6,Ap3m2,Rab35,Camk1,Nf1,Hnrnpa1,Septin10,Rab1b,Grpel1,Gpm6b,Kif5a,Apoe,Hsp90aa1",8.6e-05,0.0086,"Cellular localization"
"Process","GO:0000302",8,246,10116,"10116.ENSRNOP00000004699,10116.ENSRNOP00000004799,10116.ENSRNOP00000017468,10116.ENSRNOP00000019265,10116.ENSRNOP00000023132,10116.ENSRNOP00000031615,10116.ENSRNOP00000032429,10116.ENSRNOP00000070324","Prkca,Prdx2,Ldha,Arpc2,Prdx1,Ptk2b,Map1lc3a,Hbb",8.79e-05,0.0087,"Response to reactive oxygen species"
"Process","GO:0010659",3,13,10116,"10116.ENSRNOP00000009556,10116.ENSRNOP00000020908,10116.ENSRNOP00000075715","LOC103692716,Nol3,Hsp90aa1",8.84e-05,0.0087,"Cardiac muscle cell apoptotic process"
"Process","GO:0006950",36,3422,10116,"10116.ENSRNOP00000000617,10116.ENSRNOP00000001417,10116.ENSRNOP00000003283,10116.ENSRNOP00000004699,10116.ENSRNOP00000004799,10116.ENSRNOP00000009556,10116.ENSRNOP00000009813,10116.ENSRNOP00000013299,10116.ENSRNOP00000017468,10116.ENSRNOP00000018821,10116.ENSRNOP00000019265,10116.ENSRNOP00000020908,10116.ENSRNOP00000021629,10116.ENSRNOP00000021920,10116.ENSRNOP00000022363,10116.ENSRNOP00000023132,10116.ENSRNOP00000024430,10116.ENSRNOP00000025980,10116.ENSRNOP00000026633,10116.ENSRNOP00000031615,10116.ENSRNOP00000032429,10116.ENSRNOP00000050393,10116.ENSRNOP00000052160,10116.ENSRNOP00000055224,10116.ENSRNOP00000058882,10116.ENSRNOP00000059906,10116.ENSRNOP00000062102,10116.ENSRNOP00000065147,10116.ENSRNOP00000065890,10116.ENSRNOP00000066885,10116.ENSRNOP00000068764,10116.ENSRNOP00000069578,10116.ENSRNOP00000070324,10116.ENSRNOP00000070473,10116.ENSRNOP00000071702,10116.ENSRNOP00000075715","Mapk14,Rac1,Plp1,Prkca,Prdx2,LOC103692716,Fgb,Rab43,Ldha,Slc6a12,Arpc2,Nol3,Rad23b,LOC100911417,Hras,Prdx1,Vim,Hnrnpk,Cd9,Ptk2b,Map1lc3a,Nf1,Hnrnpa1,Ndufs2,Camk2b,Sgip1,Ube2v2,Atp5pb,Glul,C3,Aldoa,Kng1,Hbb,Myo18a,Apoe,Hsp90aa1",8.98e-05,0.0088,"Response to stress"
"Process","GO:0006754",4,39,10116,"10116.ENSRNOP00000020670,10116.ENSRNOP00000021920,10116.ENSRNOP00000065147,10116.ENSRNOP00000068764","Atp5f1d,LOC100911417,Atp5pb,Aldoa",9.4e-05,0.0091,"ATP biosynthetic process"
"Process","GO:0006865",6,126,10116,"10116.ENSRNOP00000008342,10116.ENSRNOP00000015561,10116.ENSRNOP00000018821,10116.ENSRNOP00000020720,10116.ENSRNOP00000022383,10116.ENSRNOP00000050393","Slc6a11,Slc25a18,Slc6a12,Slc32a1,Slc17a6,Nf1",9.54e-05,0.0091,"Amino acid transport"
"Process","GO:1902903",10,398,10116,"10116.ENSRNOP00000001417,10116.ENSRNOP00000007794,10116.ENSRNOP00000016220,10116.ENSRNOP00000017375,10116.ENSRNOP00000018072,10116.ENSRNOP00000019265,10116.ENSRNOP00000031615,10116.ENSRNOP00000064092,10116.ENSRNOP00000067695,10116.ENSRNOP00000071702","Rac1,Dstn,Mapre1,Dbnl,Add1,Arpc2,Ptk2b,Pdxp,Gmfb,Apoe",9.42e-05,0.0091,"Regulation of supramolecular fiber organization"
"Process","GO:0043279",7,185,10116,"10116.ENSRNOP00000009556,10116.ENSRNOP00000015956,10116.ENSRNOP00000031615,10116.ENSRNOP00000032429,10116.ENSRNOP00000073266,10116.ENSRNOP00000074119,10116.ENSRNOP00000075715","LOC103692716,Got2,Ptk2b,Map1lc3a,Gnal,Gria1,Hsp90aa1",9.96e-05,0.0094,"Response to alkaloid"
"Process","GO:0032501",61,7258,10116,"10116.ENSRNOP00000000617,10116.ENSRNOP00000001115,10116.ENSRNOP00000001417,10116.ENSRNOP00000003283,10116.ENSRNOP00000003787,10116.ENSRNOP00000004249,10116.ENSRNOP00000004385,10116.ENSRNOP00000004699,10116.ENSRNOP00000004799,10116.ENSRNOP00000008342,10116.ENSRNOP00000008980,10116.ENSRNOP00000008999,10116.ENSRNOP00000009556,10116.ENSRNOP00000009813,10116.ENSRNOP00000011275,10116.ENSRNOP00000013184,10116.ENSRNOP00000015956,10116.ENSRNOP00000017375,10116.ENSRNOP00000018072,10116.ENSRNOP00000018325,10116.ENSRNOP00000019174,10116.ENSRNOP00000020411,10116.ENSRNOP00000020720,10116.ENSRNOP00000020908,10116.ENSRNOP00000021629,10116.ENSRNOP00000022363,10116.ENSRNOP00000022383,10116.ENSRNOP00000022485,10116.ENSRNOP00000024430,10116.ENSRNOP00000025496,10116.ENSRNOP00000025980,10116.ENSRNOP00000026633,10116.ENSRNOP00000027497,10116.ENSRNOP00000029070,10116.ENSRNOP00000031615,10116.ENSRNOP00000033456,10116.ENSRNOP00000035271,10116.ENSRNOP00000040899,10116.ENSRNOP00000050393,10116.ENSRNOP00000052160,10116.ENSRNOP00000055224,10116.ENSRNOP00000058882,10116.ENSRNOP00000059906,10116.ENSRNOP00000062228,10116.ENSRNOP00000062447,10116.ENSRNOP00000065890,10116.ENSRNOP00000066885,10116.ENSRNOP00000067695,10116.ENSRNOP00000068764,10116.ENSRNOP00000069578,10116.ENSRNOP00000070324,10116.ENSRNOP00000070988,10116.ENSRNOP00000071539,10116.ENSRNOP00000071702,10116.ENSRNOP00000073266,10116.ENSRNOP00000073983,10116.ENSRNOP00000074119,10116.ENSRNOP00000074461,10116.ENSRNOP00000074536,10116.ENSRNOP00000075066,10116.ENSRNOP00000075715","Mapk14,Ddx39b,Rac1,Plp1,Ptges3,Rab26,Qdpr,Prkca,Prdx2,Slc6a11,Dld,Sh3gl2,LOC103692716,Fgb,Bsg,Dync1i1,Got2,Dbnl,Add1,Gsta1,Gnaq,Lgi1,Slc32a1,Nol3,Rad23b,Hras,Slc17a6,Ngef,Vim,Bcan,Hnrnpk,Cd9,Atp1a3,Rab35,Ptk2b,Camk1,Negr1,Cadm2,Nf1,Hnrnpa1,Ndufs2,Camk2b,Sgip1,Prkacb,Ncald,Glul,C3,Gmfb,Aldoa,Kng1,Hbb,Gpm6b,Kif5a,Apoe,Gnal,Adk,Gria1,Epn2,Slc6a8,Itpr3,Hsp90aa1",1e-04,0.0095,"Multicellular organismal process"
"Process","GO:0061041",6,128,10116,"10116.ENSRNOP00000004799,10116.ENSRNOP00000009813,10116.ENSRNOP00000022363,10116.ENSRNOP00000026633,10116.ENSRNOP00000069578,10116.ENSRNOP00000071702","Prdx2,Fgb,Hras,Cd9,Kng1,Apoe",1e-04,0.0097,"Regulation of wound healing"
"Process","GO:0030195",4,41,10116,"10116.ENSRNOP00000009813,10116.ENSRNOP00000026633,10116.ENSRNOP00000069578,10116.ENSRNOP00000071702","Fgb,Cd9,Kng1,Apoe",0.00011,0.0103,"Negative regulation of blood coagulation"
"Process","GO:1903829",11,491,10116,"10116.ENSRNOP00000000617,10116.ENSRNOP00000001417,10116.ENSRNOP00000009556,10116.ENSRNOP00000009813,10116.ENSRNOP00000019265,10116.ENSRNOP00000022363,10116.ENSRNOP00000025980,10116.ENSRNOP00000033456,10116.ENSRNOP00000065890,10116.ENSRNOP00000070473,10116.ENSRNOP00000075715","Mapk14,Rac1,LOC103692716,Fgb,Arpc2,Hras,Hnrnpk,Camk1,Glul,Myo18a,Hsp90aa1",0.00011,0.0103,"Positive regulation of protein localization"
"Process","GO:0048168",5,82,10116,"10116.ENSRNOP00000001417,10116.ENSRNOP00000022363,10116.ENSRNOP00000025496,10116.ENSRNOP00000050393,10116.ENSRNOP00000058882","Rac1,Hras,Bcan,Nf1,Camk2b",0.00012,0.0111,"Regulation of neuronal synaptic plasticity"
"Process","GO:0000902",14,780,10116,"10116.ENSRNOP00000000617,10116.ENSRNOP00000001417,10116.ENSRNOP00000004699,10116.ENSRNOP00000008999,10116.ENSRNOP00000009556,10116.ENSRNOP00000011275,10116.ENSRNOP00000017375,10116.ENSRNOP00000018072,10116.ENSRNOP00000018711,10116.ENSRNOP00000020411,10116.ENSRNOP00000025496,10116.ENSRNOP00000058882,10116.ENSRNOP00000071539,10116.ENSRNOP00000075715","Mapk14,Rac1,Prkca,Sh3gl2,LOC103692716,Bsg,Dbnl,Add1,Cap1,Lgi1,Bcan,Camk2b,Kif5a,Hsp90aa1",0.00013,0.0116,"Cell morphogenesis"
"Process","GO:0019395",5,83,10116,"10116.ENSRNOP00000000617,10116.ENSRNOP00000002410,10116.ENSRNOP00000015786,10116.ENSRNOP00000024083,10116.ENSRNOP00000072480","Mapk14,Ehhadh,Auh,Etfb,Hadhb",0.00013,0.0116,"Fatty acid oxidation"
"Process","GO:0030155",14,781,10116,"10116.ENSRNOP00000000617,10116.ENSRNOP00000001417,10116.ENSRNOP00000004699,10116.ENSRNOP00000004799,10116.ENSRNOP00000009813,10116.ENSRNOP00000019265,10116.ENSRNOP00000026633,10116.ENSRNOP00000031615,10116.ENSRNOP00000050393,10116.ENSRNOP00000060967,10116.ENSRNOP00000069578,10116.ENSRNOP00000069754,10116.ENSRNOP00000070988,10116.ENSRNOP00000073983","Mapk14,Rac1,Prkca,Prdx2,Fgb,Arpc2,Cd9,Ptk2b,Nf1,Cd59,Kng1,Utrn,Gpm6b,Adk",0.00013,0.0116,"Regulation of cell adhesion"
"Process","GO:0035249",4,43,10116,"10116.ENSRNOP00000006329,10116.ENSRNOP00000022383,10116.ENSRNOP00000050393,10116.ENSRNOP00000074119","Napb,Slc17a6,Nf1,Gria1",0.00013,0.0116,"Synaptic transmission, glutamatergic"
"Process","GO:1990090",5,83,10116,"10116.ENSRNOP00000008999,10116.ENSRNOP00000019265,10116.ENSRNOP00000029070,10116.ENSRNOP00000050393,10116.ENSRNOP00000071539","Sh3gl2,Arpc2,Rab35,Nf1,Kif5a",0.00013,0.0116,"Cellular response to nerve growth factor stimulus"
"Process","GO:0044093",21,1558,10116,"10116.ENSRNOP00000000617,10116.ENSRNOP00000001417,10116.ENSRNOP00000003787,10116.ENSRNOP00000009556,10116.ENSRNOP00000016220,10116.ENSRNOP00000016981,10116.ENSRNOP00000018072,10116.ENSRNOP00000019174,10116.ENSRNOP00000019508,10116.ENSRNOP00000022363,10116.ENSRNOP00000022485,10116.ENSRNOP00000024280,10116.ENSRNOP00000025980,10116.ENSRNOP00000027407,10116.ENSRNOP00000031615,10116.ENSRNOP00000033456,10116.ENSRNOP00000050393,10116.ENSRNOP00000058882,10116.ENSRNOP00000071702,10116.ENSRNOP00000073266,10116.ENSRNOP00000075715","Mapk14,Rac1,Ptges3,LOC103692716,Mapre1,Ywhab,Add1,Gnaq,Rps2,Hras,Ngef,Dgkz,Hnrnpk,Ctsd,Ptk2b,Camk1,Nf1,Camk2b,Apoe,Gnal,Hsp90aa1",0.00015,0.013,"Positive regulation of molecular function"
"Process","GO:0006631",9,345,10116,"10116.ENSRNOP00000000617,10116.ENSRNOP00000002410,10116.ENSRNOP00000003283,10116.ENSRNOP00000003787,10116.ENSRNOP00000008980,10116.ENSRNOP00000015786,10116.ENSRNOP00000024083,10116.ENSRNOP00000066885,10116.ENSRNOP00000072480","Mapk14,Ehhadh,Plp1,Ptges3,Dld,Auh,Etfb,C3,Hadhb",0.00016,0.0136,"Fatty acid metabolic process"
"Process","GO:0009152",6,142,10116,"10116.ENSRNOP00000008980,10116.ENSRNOP00000020670,10116.ENSRNOP00000021920,10116.ENSRNOP00000065147,10116.ENSRNOP00000068764,10116.ENSRNOP00000073983","Dld,Atp5f1d,LOC100911417,Atp5pb,Aldoa,Adk",0.00018,0.0147,"Purine ribonucleotide biosynthetic process"
"Process","GO:0044085",29,2582,10116,"10116.ENSRNOP00000001115,10116.ENSRNOP00000001417,10116.ENSRNOP00000003787,10116.ENSRNOP00000004699,10116.ENSRNOP00000008999,10116.ENSRNOP00000009556,10116.ENSRNOP00000009813,10116.ENSRNOP00000012114,10116.ENSRNOP00000013299,10116.ENSRNOP00000016220,10116.ENSRNOP00000017375,10116.ENSRNOP00000018072,10116.ENSRNOP00000019265,10116.ENSRNOP00000019508,10116.ENSRNOP00000020670,10116.ENSRNOP00000020908,10116.ENSRNOP00000026633,10116.ENSRNOP00000027407,10116.ENSRNOP00000031615,10116.ENSRNOP00000032429,10116.ENSRNOP00000055224,10116.ENSRNOP00000059906,10116.ENSRNOP00000064092,10116.ENSRNOP00000065890,10116.ENSRNOP00000067788,10116.ENSRNOP00000068764,10116.ENSRNOP00000070988,10116.ENSRNOP00000071702,10116.ENSRNOP00000075715","Ddx39b,Rac1,Ptges3,Prkca,Sh3gl2,LOC103692716,Fgb,Pdcd6ip,Rab43,Mapre1,Dbnl,Add1,Arpc2,Rps2,Atp5f1d,Nol3,Cd9,Ctsd,Ptk2b,Map1lc3a,Ndufs2,Sgip1,Pdxp,Glul,Rab1b,Aldoa,Gpm6b,Apoe,Hsp90aa1",0.00018,0.0147,"Cellular component biogenesis"
"Process","GO:0015800",4,47,10116,"10116.ENSRNOP00000015561,10116.ENSRNOP00000020720,10116.ENSRNOP00000022383,10116.ENSRNOP00000050393","Slc25a18,Slc32a1,Slc17a6,Nf1",0.00018,0.015,"Acidic amino acid transport"
"Process","GO:0055085",18,1232,10116,"10116.ENSRNOP00000000617,10116.ENSRNOP00000008342,10116.ENSRNOP00000015561,10116.ENSRNOP00000018821,10116.ENSRNOP00000020670,10116.ENSRNOP00000020720,10116.ENSRNOP00000020908,10116.ENSRNOP00000021920,10116.ENSRNOP00000022383,10116.ENSRNOP00000025525,10116.ENSRNOP00000027497,10116.ENSRNOP00000055224,10116.ENSRNOP00000065147,10116.ENSRNOP00000070967,10116.ENSRNOP00000071535,10116.ENSRNOP00000074119,10116.ENSRNOP00000074536,10116.ENSRNOP00000075066","Mapk14,Slc6a11,Slc25a18,Slc6a12,Atp5f1d,Slc32a1,Nol3,LOC100911417,Slc17a6,Cox5a,Atp1a3,Ndufs2,Atp5pb,Grpel1,Slc44a1,Gria1,Slc6a8,Itpr3",0.00018,0.015,"Transmembrane transport"
"Process","GO:0010543",4,48,10116,"10116.ENSRNOP00000004699,10116.ENSRNOP00000019174,10116.ENSRNOP00000026633,10116.ENSRNOP00000071702","Prkca,Gnaq,Cd9,Apoe",2e-04,0.0159,"Regulation of platelet activation"
"Process","GO:0007004",3,18,10116,"10116.ENSRNOP00000003787,10116.ENSRNOP00000009556,10116.ENSRNOP00000075715","Ptges3,LOC103692716,Hsp90aa1",0.00021,0.0162,"Telomere maintenance via telomerase"
"Process","GO:0071417",13,716,10116,"10116.ENSRNOP00000001417,10116.ENSRNOP00000019174,10116.ENSRNOP00000019265,10116.ENSRNOP00000020822,10116.ENSRNOP00000024430,10116.ENSRNOP00000025980,10116.ENSRNOP00000027497,10116.ENSRNOP00000058882,10116.ENSRNOP00000064092,10116.ENSRNOP00000073266,10116.ENSRNOP00000074119,10116.ENSRNOP00000074647,10116.ENSRNOP00000075066","Rac1,Gnaq,Arpc2,Rhoq,Vim,Hnrnpk,Atp1a3,Camk2b,Pdxp,Gnal,Gria1,Gpd1,Itpr3",0.00021,0.0164,"Cellular response to organonitrogen compound"
"Process","GO:0007163",7,210,10116,"10116.ENSRNOP00000001417,10116.ENSRNOP00000009556,10116.ENSRNOP00000012114,10116.ENSRNOP00000016220,10116.ENSRNOP00000020822,10116.ENSRNOP00000070473,10116.ENSRNOP00000075715","Rac1,LOC103692716,Pdcd6ip,Mapre1,Rhoq,Myo18a,Hsp90aa1",0.00021,0.0166,"Establishment or maintenance of cell polarity"
"Process","GO:0048858",11,529,10116,"10116.ENSRNOP00000001417,10116.ENSRNOP00000004699,10116.ENSRNOP00000008999,10116.ENSRNOP00000009556,10116.ENSRNOP00000011275,10116.ENSRNOP00000017375,10116.ENSRNOP00000020411,10116.ENSRNOP00000025496,10116.ENSRNOP00000058882,10116.ENSRNOP00000071539,10116.ENSRNOP00000075715","Rac1,Prkca,Sh3gl2,LOC103692716,Bsg,Dbnl,Lgi1,Bcan,Camk2b,Kif5a,Hsp90aa1",0.00021,0.0166,"Cell projection morphogenesis"
"Process","GO:0051495",7,210,10116,"10116.ENSRNOP00000001417,10116.ENSRNOP00000007794,10116.ENSRNOP00000016220,10116.ENSRNOP00000019265,10116.ENSRNOP00000022363,10116.ENSRNOP00000031615,10116.ENSRNOP00000064092","Rac1,Dstn,Mapre1,Arpc2,Hras,Ptk2b,Pdxp",0.00021,0.0166,"Positive regulation of cytoskeleton organization"
"Process","GO:0048639",7,212,10116,"10116.ENSRNOP00000000617,10116.ENSRNOP00000001115,10116.ENSRNOP00000017375,10116.ENSRNOP00000025980,10116.ENSRNOP00000059906,10116.ENSRNOP00000066885,10116.ENSRNOP00000071702","Mapk14,Ddx39b,Dbnl,Hnrnpk,Sgip1,C3,Apoe",0.00022,0.0171,"Positive regulation of developmental growth"
"Process","GO:0110053",8,284,10116,"10116.ENSRNOP00000001417,10116.ENSRNOP00000007794,10116.ENSRNOP00000017375,10116.ENSRNOP00000018072,10116.ENSRNOP00000019265,10116.ENSRNOP00000031615,10116.ENSRNOP00000064092,10116.ENSRNOP00000067695","Rac1,Dstn,Dbnl,Add1,Arpc2,Ptk2b,Pdxp,Gmfb",0.00023,0.0172,"Regulation of actin filament organization"
"Process","GO:0015849",8,285,10116,"10116.ENSRNOP00000008342,10116.ENSRNOP00000015561,10116.ENSRNOP00000015956,10116.ENSRNOP00000018821,10116.ENSRNOP00000020720,10116.ENSRNOP00000022383,10116.ENSRNOP00000050393,10116.ENSRNOP00000071702","Slc6a11,Slc25a18,Got2,Slc6a12,Slc32a1,Slc17a6,Nf1,Apoe",0.00023,0.0174,"Organic acid transport"
"Process","GO:0090316",6,150,10116,"10116.ENSRNOP00000000617,10116.ENSRNOP00000009556,10116.ENSRNOP00000019265,10116.ENSRNOP00000022363,10116.ENSRNOP00000033456,10116.ENSRNOP00000075715","Mapk14,LOC103692716,Arpc2,Hras,Camk1,Hsp90aa1",0.00024,0.0176,"Positive regulation of intracellular protein transport"
"Process","GO:0044089",11,540,10116,"10116.ENSRNOP00000001417,10116.ENSRNOP00000004699,10116.ENSRNOP00000009556,10116.ENSRNOP00000012114,10116.ENSRNOP00000016220,10116.ENSRNOP00000019265,10116.ENSRNOP00000020822,10116.ENSRNOP00000022363,10116.ENSRNOP00000031615,10116.ENSRNOP00000062102,10116.ENSRNOP00000075715","Rac1,Prkca,LOC103692716,Pdcd6ip,Mapre1,Arpc2,Rhoq,Hras,Ptk2b,Ube2v2,Hsp90aa1",0.00025,0.0184,"Positive regulation of cellular component biogenesis"
"Process","GO:0046395",7,216,10116,"10116.ENSRNOP00000002410,10116.ENSRNOP00000004385,10116.ENSRNOP00000008980,10116.ENSRNOP00000015786,10116.ENSRNOP00000015956,10116.ENSRNOP00000024083,10116.ENSRNOP00000072480","Ehhadh,Qdpr,Dld,Auh,Got2,Etfb,Hadhb",0.00025,0.0184,"Carboxylic acid catabolic process"
"Process","GO:1901652",12,633,10116,"10116.ENSRNOP00000000617,10116.ENSRNOP00000001417,10116.ENSRNOP00000004385,10116.ENSRNOP00000004699,10116.ENSRNOP00000011275,10116.ENSRNOP00000015956,10116.ENSRNOP00000020822,10116.ENSRNOP00000024430,10116.ENSRNOP00000025980,10116.ENSRNOP00000027497,10116.ENSRNOP00000071702,10116.ENSRNOP00000074119","Mapk14,Rac1,Qdpr,Prkca,Bsg,Got2,Rhoq,Vim,Hnrnpk,Atp1a3,Apoe,Gria1",0.00025,0.0184,"Response to peptide"
"Process","GO:0006898",6,153,10116,"10116.ENSRNOP00000017375,10116.ENSRNOP00000018711,10116.ENSRNOP00000026633,10116.ENSRNOP00000059906,10116.ENSRNOP00000071702,10116.ENSRNOP00000074119","Dbnl,Cap1,Cd9,Sgip1,Apoe,Gria1",0.00026,0.0191,"Receptor-mediated endocytosis"
"Process","GO:0042776",3,20,10116,"10116.ENSRNOP00000020670,10116.ENSRNOP00000021920,10116.ENSRNOP00000065147","Atp5f1d,LOC100911417,Atp5pb",0.00027,0.0195,"Proton motive force-driven mitochondrial ATP synthesis"
"Process","GO:0048518",54,6359,10116,"10116.ENSRNOP00000000617,10116.ENSRNOP00000000772,10116.ENSRNOP00000001115,10116.ENSRNOP00000001417,10116.ENSRNOP00000003283,10116.ENSRNOP00000003787,10116.ENSRNOP00000004699,10116.ENSRNOP00000004799,10116.ENSRNOP00000007794,10116.ENSRNOP00000008999,10116.ENSRNOP00000009556,10116.ENSRNOP00000009813,10116.ENSRNOP00000011275,10116.ENSRNOP00000012114,10116.ENSRNOP00000016220,10116.ENSRNOP00000017375,10116.ENSRNOP00000017468,10116.ENSRNOP00000018072,10116.ENSRNOP00000019174,10116.ENSRNOP00000019265,10116.ENSRNOP00000019508,10116.ENSRNOP00000020411,10116.ENSRNOP00000020822,10116.ENSRNOP00000022363,10116.ENSRNOP00000024280,10116.ENSRNOP00000024430,10116.ENSRNOP00000025980,10116.ENSRNOP00000027407,10116.ENSRNOP00000031615,10116.ENSRNOP00000033456,10116.ENSRNOP00000035271,10116.ENSRNOP00000050393,10116.ENSRNOP00000052160,10116.ENSRNOP00000058882,10116.ENSRNOP00000059906,10116.ENSRNOP00000060967,10116.ENSRNOP00000062102,10116.ENSRNOP00000064092,10116.ENSRNOP00000065890,10116.ENSRNOP00000066885,10116.ENSRNOP00000067788,10116.ENSRNOP00000068764,10116.ENSRNOP00000069578,10116.ENSRNOP00000069754,10116.ENSRNOP00000070324,10116.ENSRNOP00000070473,10116.ENSRNOP00000070988,10116.ENSRNOP00000071702,10116.ENSRNOP00000073983,10116.ENSRNOP00000074119,10116.ENSRNOP00000074461,10116.ENSRNOP00000074647,10116.ENSRNOP00000075066,10116.ENSRNOP00000075715","Mapk14,Hint1,Ddx39b,Rac1,Plp1,Ptges3,Prkca,Prdx2,Dstn,Sh3gl2,LOC103692716,Fgb,Bsg,Pdcd6ip,Mapre1,Dbnl,Ldha,Add1,Gnaq,Arpc2,Rps2,Lgi1,Rhoq,Hras,Dgkz,Vim,Hnrnpk,Ctsd,Ptk2b,Camk1,Negr1,Nf1,Hnrnpa1,Camk2b,Sgip1,Cd59,Ube2v2,Pdxp,Glul,C3,Rab1b,Aldoa,Kng1,Utrn,Hbb,Myo18a,Gpm6b,Apoe,Adk,Gria1,Epn2,Gpd1,Itpr3,Hsp90aa1",0.00028,0.0201,"Positive regulation of biological process"
"Process","GO:0001969",2,3,10116,"10116.ENSRNOP00000060967,10116.ENSRNOP00000066885","Cd59,C3",3e-04,0.0211,"Regulation of activation of membrane attack complex"
"Process","GO:0051493",11,551,10116,"10116.ENSRNOP00000001417,10116.ENSRNOP00000007794,10116.ENSRNOP00000016220,10116.ENSRNOP00000017375,10116.ENSRNOP00000018072,10116.ENSRNOP00000019265,10116.ENSRNOP00000022363,10116.ENSRNOP00000031615,10116.ENSRNOP00000064092,10116.ENSRNOP00000067695,10116.ENSRNOP00000070988","Rac1,Dstn,Mapre1,Dbnl,Add1,Arpc2,Hras,Ptk2b,Pdxp,Gmfb,Gpm6b",3e-04,0.0211,"Regulation of cytoskeleton organization"
"Process","GO:0016601",3,21,10116,"10116.ENSRNOP00000001417,10116.ENSRNOP00000017375,10116.ENSRNOP00000050393","Rac1,Dbnl,Nf1",0.00031,0.0214,"Rac protein signal transduction"
"Process","GO:0035556",19,1403,10116,"10116.ENSRNOP00000000617,10116.ENSRNOP00000000772,10116.ENSRNOP00000001417,10116.ENSRNOP00000004699,10116.ENSRNOP00000017375,10116.ENSRNOP00000018711,10116.ENSRNOP00000019265,10116.ENSRNOP00000020822,10116.ENSRNOP00000020908,10116.ENSRNOP00000022363,10116.ENSRNOP00000024280,10116.ENSRNOP00000029070,10116.ENSRNOP00000031615,10116.ENSRNOP00000050393,10116.ENSRNOP00000062228,10116.ENSRNOP00000062447,10116.ENSRNOP00000070473,10116.ENSRNOP00000071702,10116.ENSRNOP00000075066","Mapk14,Hint1,Rac1,Prkca,Dbnl,Cap1,Arpc2,Rhoq,Nol3,Hras,Dgkz,Rab35,Ptk2b,Nf1,Prkacb,Ncald,Myo18a,Apoe,Itpr3",0.00031,0.0214,"Intracellular signal transduction"
"Process","GO:0051131",3,21,10116,"10116.ENSRNOP00000003787,10116.ENSRNOP00000009556,10116.ENSRNOP00000075715","Ptges3,LOC103692716,Hsp90aa1",0.00031,0.0214,"Chaperone-mediated protein complex assembly"
"Process","GO:0006979",10,464,10116,"10116.ENSRNOP00000004699,10116.ENSRNOP00000004799,10116.ENSRNOP00000017468,10116.ENSRNOP00000019265,10116.ENSRNOP00000023132,10116.ENSRNOP00000031615,10116.ENSRNOP00000032429,10116.ENSRNOP00000055224,10116.ENSRNOP00000070324,10116.ENSRNOP00000071702","Prkca,Prdx2,Ldha,Arpc2,Prdx1,Ptk2b,Map1lc3a,Ndufs2,Hbb,Apoe",0.00032,0.0215,"Response to oxidative stress"
"Process","GO:0006796",22,1769,10116,"10116.ENSRNOP00000000617,10116.ENSRNOP00000000772,10116.ENSRNOP00000004699,10116.ENSRNOP00000008980,10116.ENSRNOP00000009183,10116.ENSRNOP00000017805,10116.ENSRNOP00000020670,10116.ENSRNOP00000020822,10116.ENSRNOP00000021920,10116.ENSRNOP00000024280,10116.ENSRNOP00000028838,10116.ENSRNOP00000031615,10116.ENSRNOP00000033456,10116.ENSRNOP00000058882,10116.ENSRNOP00000062228,10116.ENSRNOP00000064092,10116.ENSRNOP00000065147,10116.ENSRNOP00000067069,10116.ENSRNOP00000068764,10116.ENSRNOP00000073983,10116.ENSRNOP00000074608,10116.ENSRNOP00000074647","Mapk14,Hint1,Prkca,Dld,Pygl,Nceh1,Atp5f1d,Rhoq,LOC100911417,Dgkz,Itpa,Ptk2b,Camk1,Camk2b,Prkacb,Pdxp,Atp5pb,Pnpo,Aldoa,Adk,Nudt3,Gpd1",0.00032,0.0218,"Phosphate-containing compound metabolic process"
"Process","GO:0021761",6,159,10116,"10116.ENSRNOP00000020720,10116.ENSRNOP00000022383,10116.ENSRNOP00000025496,10116.ENSRNOP00000025980,10116.ENSRNOP00000050393,10116.ENSRNOP00000071539","Slc32a1,Slc17a6,Bcan,Hnrnpk,Nf1,Kif5a",0.00032,0.0218,"Limbic system development"
"Process","GO:0008361",7,226,10116,"10116.ENSRNOP00000001417,10116.ENSRNOP00000009556,10116.ENSRNOP00000017375,10116.ENSRNOP00000018072,10116.ENSRNOP00000018821,10116.ENSRNOP00000071702,10116.ENSRNOP00000075715","Rac1,LOC103692716,Dbnl,Add1,Slc6a12,Apoe,Hsp90aa1",0.00033,0.0219,"Regulation of cell size"
"Process","GO:0014074",7,226,10116,"10116.ENSRNOP00000011275,10116.ENSRNOP00000017468,10116.ENSRNOP00000031615,10116.ENSRNOP00000064092,10116.ENSRNOP00000073266,10116.ENSRNOP00000074647,10116.ENSRNOP00000075066","Bsg,Ldha,Ptk2b,Pdxp,Gnal,Gpd1,Itpr3",0.00033,0.0219,"Response to purine-containing compound"
"Process","GO:0071407",12,652,10116,"10116.ENSRNOP00000003787,10116.ENSRNOP00000019174,10116.ENSRNOP00000019265,10116.ENSRNOP00000025980,10116.ENSRNOP00000050393,10116.ENSRNOP00000052160,10116.ENSRNOP00000064092,10116.ENSRNOP00000071702,10116.ENSRNOP00000073266,10116.ENSRNOP00000074119,10116.ENSRNOP00000074647,10116.ENSRNOP00000075066","Ptges3,Gnaq,Arpc2,Hnrnpk,Nf1,Hnrnpa1,Pdxp,Apoe,Gnal,Gria1,Gpd1,Itpr3",0.00033,0.0219,"Cellular response to organic cyclic compound"
"Process","GO:0042063",8,302,10116,"10116.ENSRNOP00000003283,10116.ENSRNOP00000024430,10116.ENSRNOP00000025496,10116.ENSRNOP00000026633,10116.ENSRNOP00000031615,10116.ENSRNOP00000050393,10116.ENSRNOP00000055224,10116.ENSRNOP00000071702","Plp1,Vim,Bcan,Cd9,Ptk2b,Nf1,Ndufs2,Apoe",0.00034,0.0224,"Gliogenesis"
"Process","GO:0009205",6,162,10116,"10116.ENSRNOP00000020670,10116.ENSRNOP00000020822,10116.ENSRNOP00000021920,10116.ENSRNOP00000028838,10116.ENSRNOP00000065147,10116.ENSRNOP00000068764","Atp5f1d,Rhoq,LOC100911417,Itpa,Atp5pb,Aldoa",0.00035,0.0231,"Purine ribonucleoside triphosphate metabolic process"
"Process","GO:0006970",5,104,10116,"10116.ENSRNOP00000001417,10116.ENSRNOP00000009556,10116.ENSRNOP00000018821,10116.ENSRNOP00000031615,10116.ENSRNOP00000075715","Rac1,LOC103692716,Slc6a12,Ptk2b,Hsp90aa1",0.00036,0.0232,"Response to osmotic stress"
"Process","GO:0021954",5,104,10116,"10116.ENSRNOP00000001417,10116.ENSRNOP00000004699,10116.ENSRNOP00000009556,10116.ENSRNOP00000019174,10116.ENSRNOP00000075715","Rac1,Prkca,LOC103692716,Gnaq,Hsp90aa1",0.00036,0.0232,"Central nervous system neuron development"
"Process","GO:0051649",21,1660,10116,"10116.ENSRNOP00000001115,10116.ENSRNOP00000006329,10116.ENSRNOP00000008342,10116.ENSRNOP00000008999,10116.ENSRNOP00000009556,10116.ENSRNOP00000013184,10116.ENSRNOP00000013299,10116.ENSRNOP00000016220,10116.ENSRNOP00000016981,10116.ENSRNOP00000020720,10116.ENSRNOP00000020908,10116.ENSRNOP00000022383,10116.ENSRNOP00000025675,10116.ENSRNOP00000029070,10116.ENSRNOP00000033456,10116.ENSRNOP00000050393,10116.ENSRNOP00000052160,10116.ENSRNOP00000067788,10116.ENSRNOP00000070967,10116.ENSRNOP00000071539,10116.ENSRNOP00000075715","Ddx39b,Napb,Slc6a11,Sh3gl2,LOC103692716,Dync1i1,Rab43,Mapre1,Ywhab,Slc32a1,Nol3,Slc17a6,Ap3m2,Rab35,Camk1,Nf1,Hnrnpa1,Rab1b,Grpel1,Kif5a,Hsp90aa1",0.00036,0.0233,"Establishment of localization in cell"
"Process","GO:0009063",5,105,10116,"10116.ENSRNOP00000004385,10116.ENSRNOP00000008980,10116.ENSRNOP00000015786,10116.ENSRNOP00000015956,10116.ENSRNOP00000024083","Qdpr,Dld,Auh,Got2,Etfb",0.00037,0.0238,"Cellular amino acid catabolic process"
"Process","GO:0048468",23,1911,10116,"10116.ENSRNOP00000001417,10116.ENSRNOP00000003283,10116.ENSRNOP00000004699,10116.ENSRNOP00000008980,10116.ENSRNOP00000008999,10116.ENSRNOP00000009556,10116.ENSRNOP00000011275,10116.ENSRNOP00000017375,10116.ENSRNOP00000019174,10116.ENSRNOP00000020411,10116.ENSRNOP00000024430,10116.ENSRNOP00000025496,10116.ENSRNOP00000026633,10116.ENSRNOP00000029070,10116.ENSRNOP00000031615,10116.ENSRNOP00000035271,10116.ENSRNOP00000050393,10116.ENSRNOP00000066885,10116.ENSRNOP00000070324,10116.ENSRNOP00000070988,10116.ENSRNOP00000071539,10116.ENSRNOP00000071702,10116.ENSRNOP00000075715","Rac1,Plp1,Prkca,Dld,Sh3gl2,LOC103692716,Bsg,Dbnl,Gnaq,Lgi1,Vim,Bcan,Cd9,Rab35,Ptk2b,Negr1,Nf1,C3,Hbb,Gpm6b,Kif5a,Apoe,Hsp90aa1",0.00037,0.0238,"Cell development"
"Process","GO:0032989",12,663,10116,"10116.ENSRNOP00000001417,10116.ENSRNOP00000004699,10116.ENSRNOP00000008999,10116.ENSRNOP00000009556,10116.ENSRNOP00000011275,10116.ENSRNOP00000017375,10116.ENSRNOP00000020411,10116.ENSRNOP00000025496,10116.ENSRNOP00000026633,10116.ENSRNOP00000058882,10116.ENSRNOP00000071539,10116.ENSRNOP00000075715","Rac1,Prkca,Sh3gl2,LOC103692716,Bsg,Dbnl,Lgi1,Bcan,Cd9,Camk2b,Kif5a,Hsp90aa1",0.00038,0.0241,"Cellular component morphogenesis"
"Process","GO:0030834",4,58,10116,"10116.ENSRNOP00000007794,10116.ENSRNOP00000018072,10116.ENSRNOP00000019265,10116.ENSRNOP00000064092","Dstn,Add1,Arpc2,Pdxp",0.00039,0.0248,"Regulation of actin filament depolymerization"
"Process","GO:0009628",19,1432,10116,"10116.ENSRNOP00000000617,10116.ENSRNOP00000001417,10116.ENSRNOP00000004699,10116.ENSRNOP00000009556,10116.ENSRNOP00000017468,10116.ENSRNOP00000018821,10116.ENSRNOP00000020908,10116.ENSRNOP00000021920,10116.ENSRNOP00000022363,10116.ENSRNOP00000024430,10116.ENSRNOP00000026633,10116.ENSRNOP00000027497,10116.ENSRNOP00000031615,10116.ENSRNOP00000050393,10116.ENSRNOP00000055224,10116.ENSRNOP00000065147,10116.ENSRNOP00000068764,10116.ENSRNOP00000074119,10116.ENSRNOP00000075715","Mapk14,Rac1,Prkca,LOC103692716,Ldha,Slc6a12,Nol3,LOC100911417,Hras,Vim,Cd9,Atp1a3,Ptk2b,Nf1,Ndufs2,Atp5pb,Aldoa,Gria1,Hsp90aa1",4e-04,0.0252,"Response to abiotic stimulus"
"Process","GO:0010975",11,574,10116,"10116.ENSRNOP00000017375,10116.ENSRNOP00000022485,10116.ENSRNOP00000024430,10116.ENSRNOP00000025980,10116.ENSRNOP00000031615,10116.ENSRNOP00000033456,10116.ENSRNOP00000035271,10116.ENSRNOP00000050393,10116.ENSRNOP00000058882,10116.ENSRNOP00000062102,10116.ENSRNOP00000071702","Dbnl,Ngef,Vim,Hnrnpk,Ptk2b,Camk1,Negr1,Nf1,Camk2b,Ube2v2,Apoe",0.00042,0.0263,"Regulation of neuron projection development"
"Process","GO:0043502",5,108,10116,"10116.ENSRNOP00000001115,10116.ENSRNOP00000004699,10116.ENSRNOP00000020908,10116.ENSRNOP00000069754,10116.ENSRNOP00000073983","Ddx39b,Prkca,Nol3,Utrn,Adk",0.00042,0.0263,"Regulation of muscle adaptation"
"Process","GO:0006635",4,60,10116,"10116.ENSRNOP00000002410,10116.ENSRNOP00000015786,10116.ENSRNOP00000024083,10116.ENSRNOP00000072480","Ehhadh,Auh,Etfb,Hadhb",0.00044,0.0274,"Fatty acid beta-oxidation"
"Process","GO:0019725",12,675,10116,"10116.ENSRNOP00000004699,10116.ENSRNOP00000004799,10116.ENSRNOP00000008980,10116.ENSRNOP00000018072,10116.ENSRNOP00000018821,10116.ENSRNOP00000020908,10116.ENSRNOP00000023132,10116.ENSRNOP00000025980,10116.ENSRNOP00000027497,10116.ENSRNOP00000068764,10116.ENSRNOP00000071702,10116.ENSRNOP00000074119","Prkca,Prdx2,Dld,Add1,Slc6a12,Nol3,Prdx1,Hnrnpk,Atp1a3,Aldoa,Apoe,Gria1",0.00044,0.0274,"Cellular homeostasis"
"Process","GO:0042822",2,4,10116,"10116.ENSRNOP00000064092,10116.ENSRNOP00000067069","Pdxp,Pnpo",0.00045,0.0277,"Pyridoxal phosphate metabolic process"
"Process","GO:0051338",14,890,10116,"10116.ENSRNOP00000001417,10116.ENSRNOP00000003787,10116.ENSRNOP00000004699,10116.ENSRNOP00000009556,10116.ENSRNOP00000019174,10116.ENSRNOP00000019508,10116.ENSRNOP00000022363,10116.ENSRNOP00000024280,10116.ENSRNOP00000031615,10116.ENSRNOP00000033456,10116.ENSRNOP00000050393,10116.ENSRNOP00000069578,10116.ENSRNOP00000071702,10116.ENSRNOP00000075715","Rac1,Ptges3,Prkca,LOC103692716,Gnaq,Rps2,Hras,Dgkz,Ptk2b,Camk1,Nf1,Kng1,Apoe,Hsp90aa1",0.00049,0.0298,"Regulation of transferase activity"
"Process","GO:0031279",4,63,10116,"10116.ENSRNOP00000000617,10116.ENSRNOP00000018711,10116.ENSRNOP00000050393,10116.ENSRNOP00000073266","Mapk14,Cap1,Nf1,Gnal",0.00053,0.0315,"Regulation of cyclase activity"
"Process","GO:0009605",28,2626,10116,"10116.ENSRNOP00000000617,10116.ENSRNOP00000001417,10116.ENSRNOP00000004699,10116.ENSRNOP00000004799,10116.ENSRNOP00000009183,10116.ENSRNOP00000009556,10116.ENSRNOP00000009813,10116.ENSRNOP00000011275,10116.ENSRNOP00000013299,10116.ENSRNOP00000017468,10116.ENSRNOP00000020411,10116.ENSRNOP00000022363,10116.ENSRNOP00000023132,10116.ENSRNOP00000024430,10116.ENSRNOP00000027407,10116.ENSRNOP00000031615,10116.ENSRNOP00000032429,10116.ENSRNOP00000052160,10116.ENSRNOP00000059012,10116.ENSRNOP00000059906,10116.ENSRNOP00000065890,10116.ENSRNOP00000066885,10116.ENSRNOP00000068764,10116.ENSRNOP00000070473,10116.ENSRNOP00000071539,10116.ENSRNOP00000071702,10116.ENSRNOP00000072480,10116.ENSRNOP00000075715","Mapk14,Rac1,Prkca,Prdx2,Pygl,LOC103692716,Fgb,Bsg,Rab43,Ldha,Lgi1,Hras,Prdx1,Vim,Ctsd,Ptk2b,Map1lc3a,Hnrnpa1,Srsf2,Sgip1,Glul,C3,Aldoa,Myo18a,Kif5a,Apoe,Hadhb,Hsp90aa1",0.00055,0.0329,"Response to external stimulus"
"Process","GO:0099175",5,115,10116,"10116.ENSRNOP00000017375,10116.ENSRNOP00000022485,10116.ENSRNOP00000025980,10116.ENSRNOP00000058882,10116.ENSRNOP00000071702","Dbnl,Ngef,Hnrnpk,Camk2b,Apoe",0.00055,0.0329,"Regulation of postsynapse organization"
"Process","GO:0022604",8,327,10116,"10116.ENSRNOP00000001417,10116.ENSRNOP00000017375,10116.ENSRNOP00000019265,10116.ENSRNOP00000020822,10116.ENSRNOP00000025980,10116.ENSRNOP00000031615,10116.ENSRNOP00000058882,10116.ENSRNOP00000068764","Rac1,Dbnl,Arpc2,Rhoq,Hnrnpk,Ptk2b,Camk2b,Aldoa",0.00057,0.0336,"Regulation of cell morphogenesis"
"Process","GO:0030258",6,178,10116,"10116.ENSRNOP00000000617,10116.ENSRNOP00000002410,10116.ENSRNOP00000015786,10116.ENSRNOP00000024083,10116.ENSRNOP00000024280,10116.ENSRNOP00000072480","Mapk14,Ehhadh,Auh,Etfb,Dgkz,Hadhb",0.00057,0.0336,"Lipid modification"
"Process","GO:0044283",9,415,10116,"10116.ENSRNOP00000003283,10116.ENSRNOP00000003787,10116.ENSRNOP00000004385,10116.ENSRNOP00000015956,10116.ENSRNOP00000065890,10116.ENSRNOP00000067069,10116.ENSRNOP00000068764,10116.ENSRNOP00000073983,10116.ENSRNOP00000074647","Plp1,Ptges3,Qdpr,Got2,Glul,Pnpo,Aldoa,Adk,Gpd1",0.00061,0.0353,"Small molecule biosynthetic process"
"Process","GO:0015711",8,332,10116,"10116.ENSRNOP00000001581,10116.ENSRNOP00000008342,10116.ENSRNOP00000015561,10116.ENSRNOP00000018821,10116.ENSRNOP00000020720,10116.ENSRNOP00000022383,10116.ENSRNOP00000050393,10116.ENSRNOP00000074536","Gltp,Slc6a11,Slc25a18,Slc6a12,Slc32a1,Slc17a6,Nf1,Slc6a8",0.00063,0.0362,"Organic anion transport"
"Process","GO:0045040",2,5,10116,"10116.ENSRNOP00000009556,10116.ENSRNOP00000075715","LOC103692716,Hsp90aa1",0.00063,0.0362,"Protein insertion into mitochondrial outer membrane"
"Process","GO:0046942",7,256,10116,"10116.ENSRNOP00000008342,10116.ENSRNOP00000015561,10116.ENSRNOP00000018821,10116.ENSRNOP00000020720,10116.ENSRNOP00000022383,10116.ENSRNOP00000050393,10116.ENSRNOP00000074536","Slc6a11,Slc25a18,Slc6a12,Slc32a1,Slc17a6,Nf1,Slc6a8",0.00067,0.0384,"Carboxylic acid transport"
"Process","GO:0050808",8,337,10116,"10116.ENSRNOP00000017375,10116.ENSRNOP00000022485,10116.ENSRNOP00000024280,10116.ENSRNOP00000025496,10116.ENSRNOP00000058882,10116.ENSRNOP00000066885,10116.ENSRNOP00000069754,10116.ENSRNOP00000071702","Dbnl,Ngef,Dgkz,Bcan,Camk2b,C3,Utrn,Apoe",0.00069,0.0393,"Synapse organization"
"Process","GO:0007420",14,925,10116,"10116.ENSRNOP00000001417,10116.ENSRNOP00000008342,10116.ENSRNOP00000013184,10116.ENSRNOP00000019174,10116.ENSRNOP00000020720,10116.ENSRNOP00000022383,10116.ENSRNOP00000025496,10116.ENSRNOP00000025980,10116.ENSRNOP00000026633,10116.ENSRNOP00000027497,10116.ENSRNOP00000035271,10116.ENSRNOP00000040899,10116.ENSRNOP00000050393,10116.ENSRNOP00000071539","Rac1,Slc6a11,Dync1i1,Gnaq,Slc32a1,Slc17a6,Bcan,Hnrnpk,Cd9,Atp1a3,Negr1,Cadm2,Nf1,Kif5a",0.00072,0.0406,"Brain development"
"Process","GO:0033036",25,2266,10116,"10116.ENSRNOP00000001115,10116.ENSRNOP00000001417,10116.ENSRNOP00000001581,10116.ENSRNOP00000004249,10116.ENSRNOP00000004699,10116.ENSRNOP00000006329,10116.ENSRNOP00000009556,10116.ENSRNOP00000011275,10116.ENSRNOP00000012114,10116.ENSRNOP00000013299,10116.ENSRNOP00000015956,10116.ENSRNOP00000016220,10116.ENSRNOP00000016981,10116.ENSRNOP00000020411,10116.ENSRNOP00000025675,10116.ENSRNOP00000029070,10116.ENSRNOP00000050393,10116.ENSRNOP00000052160,10116.ENSRNOP00000064265,10116.ENSRNOP00000067788,10116.ENSRNOP00000070967,10116.ENSRNOP00000070988,10116.ENSRNOP00000071539,10116.ENSRNOP00000071702,10116.ENSRNOP00000075715","Ddx39b,Rac1,Gltp,Rab26,Prkca,Napb,LOC103692716,Bsg,Pdcd6ip,Rab43,Got2,Mapre1,Ywhab,Lgi1,Ap3m2,Rab35,Nf1,Hnrnpa1,Septin10,Rab1b,Grpel1,Gpm6b,Kif5a,Apoe,Hsp90aa1",0.00072,0.0406,"Macromolecule localization"
"Process","GO:0048513",35,3656,10116,"10116.ENSRNOP00000000617,10116.ENSRNOP00000001115,10116.ENSRNOP00000001417,10116.ENSRNOP00000003787,10116.ENSRNOP00000004385,10116.ENSRNOP00000004699,10116.ENSRNOP00000004799,10116.ENSRNOP00000008342,10116.ENSRNOP00000011275,10116.ENSRNOP00000013184,10116.ENSRNOP00000015956,10116.ENSRNOP00000017468,10116.ENSRNOP00000018072,10116.ENSRNOP00000018325,10116.ENSRNOP00000019174,10116.ENSRNOP00000020720,10116.ENSRNOP00000021629,10116.ENSRNOP00000022363,10116.ENSRNOP00000022383,10116.ENSRNOP00000024430,10116.ENSRNOP00000025496,10116.ENSRNOP00000025980,10116.ENSRNOP00000026633,10116.ENSRNOP00000027497,10116.ENSRNOP00000031615,10116.ENSRNOP00000035271,10116.ENSRNOP00000040899,10116.ENSRNOP00000050393,10116.ENSRNOP00000052160,10116.ENSRNOP00000066885,10116.ENSRNOP00000070324,10116.ENSRNOP00000071539,10116.ENSRNOP00000074119,10116.ENSRNOP00000074461,10116.ENSRNOP00000074536","Mapk14,Ddx39b,Rac1,Ptges3,Qdpr,Prkca,Prdx2,Slc6a11,Bsg,Dync1i1,Got2,Ldha,Add1,Gsta1,Gnaq,Slc32a1,Rad23b,Hras,Slc17a6,Vim,Bcan,Hnrnpk,Cd9,Atp1a3,Ptk2b,Negr1,Cadm2,Nf1,Hnrnpa1,C3,Hbb,Kif5a,Gria1,Epn2,Slc6a8",0.00072,0.0406,"Animal organ development"
"Process","GO:0048812",10,518,10116,"10116.ENSRNOP00000001417,10116.ENSRNOP00000004699,10116.ENSRNOP00000008999,10116.ENSRNOP00000009556,10116.ENSRNOP00000011275,10116.ENSRNOP00000017375,10116.ENSRNOP00000020411,10116.ENSRNOP00000025496,10116.ENSRNOP00000071539,10116.ENSRNOP00000075715","Rac1,Prkca,Sh3gl2,LOC103692716,Bsg,Dbnl,Lgi1,Bcan,Kif5a,Hsp90aa1",0.00073,0.0408,"Neuron projection morphogenesis"
"Process","GO:1902905",6,187,10116,"10116.ENSRNOP00000001417,10116.ENSRNOP00000007794,10116.ENSRNOP00000016220,10116.ENSRNOP00000019265,10116.ENSRNOP00000031615,10116.ENSRNOP00000064092","Rac1,Dstn,Mapre1,Arpc2,Ptk2b,Pdxp",0.00074,0.0409,"Positive regulation of supramolecular fiber organization"
"Process","GO:0045184",16,1152,10116,"10116.ENSRNOP00000004249,10116.ENSRNOP00000004699,10116.ENSRNOP00000006329,10116.ENSRNOP00000009556,10116.ENSRNOP00000012114,10116.ENSRNOP00000013299,10116.ENSRNOP00000016981,10116.ENSRNOP00000025675,10116.ENSRNOP00000029070,10116.ENSRNOP00000050393,10116.ENSRNOP00000067788,10116.ENSRNOP00000070967,10116.ENSRNOP00000070988,10116.ENSRNOP00000071539,10116.ENSRNOP00000071702,10116.ENSRNOP00000075715","Rab26,Prkca,Napb,LOC103692716,Pdcd6ip,Rab43,Ywhab,Ap3m2,Rab35,Nf1,Rab1b,Grpel1,Gpm6b,Kif5a,Apoe,Hsp90aa1",0.00074,0.041,"Establishment of protein localization"
"Process","GO:0090257",7,261,10116,"10116.ENSRNOP00000001115,10116.ENSRNOP00000004699,10116.ENSRNOP00000009556,10116.ENSRNOP00000020908,10116.ENSRNOP00000069754,10116.ENSRNOP00000073983,10116.ENSRNOP00000075715","Ddx39b,Prkca,LOC103692716,Nol3,Utrn,Adk,Hsp90aa1",0.00075,0.0415,"Regulation of muscle system process"
"Process","GO:0061564",9,429,10116,"10116.ENSRNOP00000001417,10116.ENSRNOP00000003283,10116.ENSRNOP00000004699,10116.ENSRNOP00000009556,10116.ENSRNOP00000011275,10116.ENSRNOP00000020411,10116.ENSRNOP00000071539,10116.ENSRNOP00000071702,10116.ENSRNOP00000075715","Rac1,Plp1,Prkca,LOC103692716,Bsg,Lgi1,Kif5a,Apoe,Hsp90aa1",0.00076,0.042,"Axon development"
"Process","GO:0021766",5,125,10116,"10116.ENSRNOP00000020720,10116.ENSRNOP00000022383,10116.ENSRNOP00000025496,10116.ENSRNOP00000025980,10116.ENSRNOP00000071539","Slc32a1,Slc17a6,Bcan,Hnrnpk,Kif5a",8e-04,0.0435,"Hippocampus development"
"Process","GO:0030307",6,190,10116,"10116.ENSRNOP00000001115,10116.ENSRNOP00000017375,10116.ENSRNOP00000020411,10116.ENSRNOP00000025980,10116.ENSRNOP00000031615,10116.ENSRNOP00000071702","Ddx39b,Dbnl,Lgi1,Hnrnpk,Ptk2b,Apoe",8e-04,0.0435,"Positive regulation of cell growth"
"Process","GO:0045428",4,71,10116,"10116.ENSRNOP00000001417,10116.ENSRNOP00000009556,10116.ENSRNOP00000031615,10116.ENSRNOP00000075715","Rac1,LOC103692716,Ptk2b,Hsp90aa1",0.00081,0.0435,"Regulation of nitric oxide biosynthetic process"
"Process","GO:0045807",5,125,10116,"10116.ENSRNOP00000018072,10116.ENSRNOP00000025980,10116.ENSRNOP00000059906,10116.ENSRNOP00000066885,10116.ENSRNOP00000071702","Add1,Hnrnpk,Sgip1,C3,Apoe",8e-04,0.0435,"Positive regulation of endocytosis"
"Process","GO:0046683",6,190,10116,"10116.ENSRNOP00000011275,10116.ENSRNOP00000017468,10116.ENSRNOP00000031615,10116.ENSRNOP00000064092,10116.ENSRNOP00000074647,10116.ENSRNOP00000075066","Bsg,Ldha,Ptk2b,Pdxp,Gpd1,Itpr3",8e-04,0.0435,"Response to organophosphorus"
"Process","GO:0051240",20,1643,10116,"10116.ENSRNOP00000000617,10116.ENSRNOP00000001115,10116.ENSRNOP00000004699,10116.ENSRNOP00000004799,10116.ENSRNOP00000009556,10116.ENSRNOP00000009813,10116.ENSRNOP00000011275,10116.ENSRNOP00000017375,10116.ENSRNOP00000018072,10116.ENSRNOP00000022363,10116.ENSRNOP00000024430,10116.ENSRNOP00000031615,10116.ENSRNOP00000058882,10116.ENSRNOP00000059906,10116.ENSRNOP00000062102,10116.ENSRNOP00000066885,10116.ENSRNOP00000070988,10116.ENSRNOP00000071702,10116.ENSRNOP00000073983,10116.ENSRNOP00000075715","Mapk14,Ddx39b,Prkca,Prdx2,LOC103692716,Fgb,Bsg,Dbnl,Add1,Hras,Vim,Ptk2b,Camk2b,Sgip1,Ube2v2,C3,Gpm6b,Apoe,Adk,Hsp90aa1",0.00082,0.0437,"Positive regulation of multicellular organismal process"
"Process","GO:0033043",16,1165,10116,"10116.ENSRNOP00000001417,10116.ENSRNOP00000007794,10116.ENSRNOP00000012114,10116.ENSRNOP00000016220,10116.ENSRNOP00000017375,10116.ENSRNOP00000018072,10116.ENSRNOP00000019265,10116.ENSRNOP00000020908,10116.ENSRNOP00000022363,10116.ENSRNOP00000031615,10116.ENSRNOP00000052160,10116.ENSRNOP00000058882,10116.ENSRNOP00000064092,10116.ENSRNOP00000067695,10116.ENSRNOP00000067788,10116.ENSRNOP00000070988","Rac1,Dstn,Pdcd6ip,Mapre1,Dbnl,Add1,Arpc2,Nol3,Hras,Ptk2b,Hnrnpa1,Camk2b,Pdxp,Gmfb,Rab1b,Gpm6b",0.00083,0.0444,"Regulation of organelle organization"
"Process","GO:0015031",15,1054,10116,"10116.ENSRNOP00000004249,10116.ENSRNOP00000006329,10116.ENSRNOP00000009556,10116.ENSRNOP00000012114,10116.ENSRNOP00000013299,10116.ENSRNOP00000016981,10116.ENSRNOP00000025675,10116.ENSRNOP00000029070,10116.ENSRNOP00000050393,10116.ENSRNOP00000067788,10116.ENSRNOP00000070967,10116.ENSRNOP00000070988,10116.ENSRNOP00000071539,10116.ENSRNOP00000071702,10116.ENSRNOP00000075715","Rab26,Napb,LOC103692716,Pdcd6ip,Rab43,Ywhab,Ap3m2,Rab35,Nf1,Rab1b,Grpel1,Gpm6b,Kif5a,Apoe,Hsp90aa1",0.00086,0.0454,"Protein transport"
"Process","GO:0043627",5,128,10116,"10116.ENSRNOP00000009556,10116.ENSRNOP00000017468,10116.ENSRNOP00000066885,10116.ENSRNOP00000068764,10116.ENSRNOP00000075715","LOC103692716,Ldha,C3,Aldoa,Hsp90aa1",0.00088,0.0464,"Response to estrogen"
"Process","GO:0000045",4,73,10116,"10116.ENSRNOP00000013299,10116.ENSRNOP00000027407,10116.ENSRNOP00000032429,10116.ENSRNOP00000067788","Rab43,Ctsd,Map1lc3a,Rab1b",0.00089,0.0467,"Autophagosome assembly"
"Process","GO:0071396",11,634,10116,"10116.ENSRNOP00000000617,10116.ENSRNOP00000003787,10116.ENSRNOP00000018072,10116.ENSRNOP00000024430,10116.ENSRNOP00000025980,10116.ENSRNOP00000027497,10116.ENSRNOP00000031615,10116.ENSRNOP00000050393,10116.ENSRNOP00000052160,10116.ENSRNOP00000071702,10116.ENSRNOP00000072480","Mapk14,Ptges3,Add1,Vim,Hnrnpk,Atp1a3,Ptk2b,Nf1,Hnrnpa1,Apoe,Hadhb",0.00094,0.049,"Cellular response to lipid"
"Process","GO:0043434",10,537,10116,"10116.ENSRNOP00000000617,10116.ENSRNOP00000001417,10116.ENSRNOP00000004385,10116.ENSRNOP00000004699,10116.ENSRNOP00000011275,10116.ENSRNOP00000015956,10116.ENSRNOP00000020822,10116.ENSRNOP00000025980,10116.ENSRNOP00000071702,10116.ENSRNOP00000074119","Mapk14,Rac1,Qdpr,Prkca,Bsg,Got2,Rhoq,Hnrnpk,Apoe,Gria1",0.00095,0.0496,"Response to peptide hormone"
"Process","GO:0042325",17,1299,10116,"10116.ENSRNOP00000001417,10116.ENSRNOP00000003787,10116.ENSRNOP00000004699,10116.ENSRNOP00000008999,10116.ENSRNOP00000009556,10116.ENSRNOP00000019174,10116.ENSRNOP00000022363,10116.ENSRNOP00000024280,10116.ENSRNOP00000031615,10116.ENSRNOP00000033456,10116.ENSRNOP00000050393,10116.ENSRNOP00000066885,10116.ENSRNOP00000069578,10116.ENSRNOP00000070324,10116.ENSRNOP00000071702,10116.ENSRNOP00000074647,10116.ENSRNOP00000075715","Rac1,Ptges3,Prkca,Sh3gl2,LOC103692716,Gnaq,Hras,Dgkz,Ptk2b,Camk1,Nf1,C3,Kng1,Hbb,Apoe,Gpd1,Hsp90aa1",0.00096,0.0499,"Regulation of phosphorylation"
"Component","GO:0045202",41,1565,10116,"10116.ENSRNOP00000000617,10116.ENSRNOP00000001417,10116.ENSRNOP00000004249,10116.ENSRNOP00000004699,10116.ENSRNOP00000006329,10116.ENSRNOP00000008342,10116.ENSRNOP00000008999,10116.ENSRNOP00000009813,10116.ENSRNOP00000012279,10116.ENSRNOP00000017375,10116.ENSRNOP00000018072,10116.ENSRNOP00000019174,10116.ENSRNOP00000019265,10116.ENSRNOP00000019508,10116.ENSRNOP00000020411,10116.ENSRNOP00000020720,10116.ENSRNOP00000022363,10116.ENSRNOP00000022383,10116.ENSRNOP00000022485,10116.ENSRNOP00000024280,10116.ENSRNOP00000025496,10116.ENSRNOP00000025675,10116.ENSRNOP00000025980,10116.ENSRNOP00000027497,10116.ENSRNOP00000029070,10116.ENSRNOP00000031615,10116.ENSRNOP00000032429,10116.ENSRNOP00000033456,10116.ENSRNOP00000040899,10116.ENSRNOP00000050393,10116.ENSRNOP00000058882,10116.ENSRNOP00000059906,10116.ENSRNOP00000065890,10116.ENSRNOP00000067788,10116.ENSRNOP00000069754,10116.ENSRNOP00000071611,10116.ENSRNOP00000071702,10116.ENSRNOP00000074119,10116.ENSRNOP00000074536,10116.ENSRNOP00000075066,10116.ENSRNOP00000075076","Mapk14,Rac1,Rab26,Prkca,Napb,Slc6a11,Sh3gl2,Fgb,Dynll2,Dbnl,Add1,Gnaq,Arpc2,Rps2,Lgi1,Slc32a1,Hras,Slc17a6,Ngef,Dgkz,Bcan,Ap3m2,Hnrnpk,Atp1a3,Rab35,Ptk2b,Map1lc3a,Camk1,Cadm2,Nf1,Camk2b,Sgip1,Glul,Rab1b,Utrn,Psma7,Apoe,Gria1,Slc6a8,Itpr3,Sh3glb2",2.51e-17,4.8e-14,"Synapse"
"Component","GO:0030054",44,2130,10116,"10116.ENSRNOP00000000617,10116.ENSRNOP00000001417,10116.ENSRNOP00000004249,10116.ENSRNOP00000004699,10116.ENSRNOP00000006329,10116.ENSRNOP00000008342,10116.ENSRNOP00000008999,10116.ENSRNOP00000009813,10116.ENSRNOP00000012114,10116.ENSRNOP00000012279,10116.ENSRNOP00000016220,10116.ENSRNOP00000017375,10116.ENSRNOP00000018072,10116.ENSRNOP00000019174,10116.ENSRNOP00000019265,10116.ENSRNOP00000019508,10116.ENSRNOP00000020411,10116.ENSRNOP00000020720,10116.ENSRNOP00000022363,10116.ENSRNOP00000022383,10116.ENSRNOP00000022485,10116.ENSRNOP00000024280,10116.ENSRNOP00000025496,10116.ENSRNOP00000025675,10116.ENSRNOP00000025980,10116.ENSRNOP00000027497,10116.ENSRNOP00000029070,10116.ENSRNOP00000031615,10116.ENSRNOP00000032429,10116.ENSRNOP00000033456,10116.ENSRNOP00000040899,10116.ENSRNOP00000050393,10116.ENSRNOP00000058882,10116.ENSRNOP00000059906,10116.ENSRNOP00000064092,10116.ENSRNOP00000065890,10116.ENSRNOP00000067788,10116.ENSRNOP00000069754,10116.ENSRNOP00000071611,10116.ENSRNOP00000071702,10116.ENSRNOP00000074119,10116.ENSRNOP00000074536,10116.ENSRNOP00000075066,10116.ENSRNOP00000075076","Mapk14,Rac1,Rab26,Prkca,Napb,Slc6a11,Sh3gl2,Fgb,Pdcd6ip,Dynll2,Mapre1,Dbnl,Add1,Gnaq,Arpc2,Rps2,Lgi1,Slc32a1,Hras,Slc17a6,Ngef,Dgkz,Bcan,Ap3m2,Hnrnpk,Atp1a3,Rab35,Ptk2b,Map1lc3a,Camk1,Cadm2,Nf1,Camk2b,Sgip1,Pdxp,Glul,Rab1b,Utrn,Psma7,Apoe,Gria1,Slc6a8,Itpr3,Sh3glb2",6.12e-15,5.84e-12,"Cell junction"
"Component","GO:0005737",101,10780,10116,"10116.ENSRNOP00000000617,10116.ENSRNOP00000000749,10116.ENSRNOP00000000772,10116.ENSRNOP00000001115,10116.ENSRNOP00000001417,10116.ENSRNOP00000001581,10116.ENSRNOP00000002410,10116.ENSRNOP00000003787,10116.ENSRNOP00000004249,10116.ENSRNOP00000004385,10116.ENSRNOP00000004699,10116.ENSRNOP00000004799,10116.ENSRNOP00000006329,10116.ENSRNOP00000007794,10116.ENSRNOP00000008342,10116.ENSRNOP00000008980,10116.ENSRNOP00000008999,10116.ENSRNOP00000009183,10116.ENSRNOP00000009556,10116.ENSRNOP00000009813,10116.ENSRNOP00000011275,10116.ENSRNOP00000012114,10116.ENSRNOP00000012279,10116.ENSRNOP00000013184,10116.ENSRNOP00000013299,10116.ENSRNOP00000015561,10116.ENSRNOP00000015786,10116.ENSRNOP00000015956,10116.ENSRNOP00000016220,10116.ENSRNOP00000016981,10116.ENSRNOP00000017375,10116.ENSRNOP00000017468,10116.ENSRNOP00000017805,10116.ENSRNOP00000017965,10116.ENSRNOP00000018072,10116.ENSRNOP00000018325,10116.ENSRNOP00000018711,10116.ENSRNOP00000019174,10116.ENSRNOP00000019265,10116.ENSRNOP00000019508,10116.ENSRNOP00000020325,10116.ENSRNOP00000020670,10116.ENSRNOP00000020720,10116.ENSRNOP00000020822,10116.ENSRNOP00000020908,10116.ENSRNOP00000021629,10116.ENSRNOP00000021920,10116.ENSRNOP00000022363,10116.ENSRNOP00000022383,10116.ENSRNOP00000022485,10116.ENSRNOP00000023132,10116.ENSRNOP00000024083,10116.ENSRNOP00000024280,10116.ENSRNOP00000024430,10116.ENSRNOP00000025525,10116.ENSRNOP00000025675,10116.ENSRNOP00000025980,10116.ENSRNOP00000027407,10116.ENSRNOP00000027497,10116.ENSRNOP00000028838,10116.ENSRNOP00000029070,10116.ENSRNOP00000031615,10116.ENSRNOP00000032429,10116.ENSRNOP00000033456,10116.ENSRNOP00000040899,10116.ENSRNOP00000050393,10116.ENSRNOP00000052160,10116.ENSRNOP00000055224,10116.ENSRNOP00000058882,10116.ENSRNOP00000059012,10116.ENSRNOP00000059906,10116.ENSRNOP00000062228,10116.ENSRNOP00000062447,10116.ENSRNOP00000064092,10116.ENSRNOP00000064265,10116.ENSRNOP00000064489,10116.ENSRNOP00000065147,10116.ENSRNOP00000065890,10116.ENSRNOP00000067788,10116.ENSRNOP00000068764,10116.ENSRNOP00000068875,10116.ENSRNOP00000069754,10116.ENSRNOP00000069937,10116.ENSRNOP00000070324,10116.ENSRNOP00000070473,10116.ENSRNOP00000070967,10116.ENSRNOP00000071528,10116.ENSRNOP00000071535,10116.ENSRNOP00000071539,10116.ENSRNOP00000071611,10116.ENSRNOP00000071702,10116.ENSRNOP00000072480,10116.ENSRNOP00000073983,10116.ENSRNOP00000074119,10116.ENSRNOP00000074461,10116.ENSRNOP00000074608,10116.ENSRNOP00000074647,10116.ENSRNOP00000074688,10116.ENSRNOP00000075066,10116.ENSRNOP00000075076,10116.ENSRNOP00000075715","Mapk14,Cisd1,Hint1,Ddx39b,Rac1,Gltp,Ehhadh,Ptges3,Rab26,Qdpr,Prkca,Prdx2,Napb,Dstn,Slc6a11,Dld,Sh3gl2,Pygl,LOC103692716,Fgb,Bsg,Pdcd6ip,Dynll2,Dync1i1,Rab43,Slc25a18,Auh,Got2,Mapre1,Ywhab,Dbnl,Ldha,Nceh1,Ldhb,Add1,Gsta1,Cap1,Gnaq,Arpc2,Rps2,Aldh7a1,Atp5f1d,Slc32a1,Rhoq,Nol3,Rad23b,LOC100911417,Hras,Slc17a6,Ngef,Prdx1,Etfb,Dgkz,Vim,Cox5a,Ap3m2,Hnrnpk,Ctsd,Atp1a3,Itpa,Rab35,Ptk2b,Map1lc3a,Camk1,Cadm2,Nf1,Hnrnpa1,Ndufs2,Camk2b,Srsf2,Sgip1,Prkacb,Ncald,Pdxp,Septin10,LOC100912380,Atp5pb,Glul,Rab1b,Aldoa,Hbb-b1,Utrn,LOC103694857,Hbb,Myo18a,Grpel1,LOC100134871,Slc44a1,Kif5a,Psma7,Apoe,Hadhb,Adk,Gria1,Epn2,Nudt3,Gpd1,Ubc,Itpr3,Sh3glb2,Hsp90aa1",3.76e-14,2.39e-11,"Cytoplasm"
"Component","GO:0120025",44,2482,10116,"10116.ENSRNOP00000001417,10116.ENSRNOP00000003787,10116.ENSRNOP00000004385,10116.ENSRNOP00000004699,10116.ENSRNOP00000008342,10116.ENSRNOP00000008980,10116.ENSRNOP00000008999,10116.ENSRNOP00000009556,10116.ENSRNOP00000011275,10116.ENSRNOP00000012279,10116.ENSRNOP00000013184,10116.ENSRNOP00000016220,10116.ENSRNOP00000017375,10116.ENSRNOP00000017468,10116.ENSRNOP00000018072,10116.ENSRNOP00000018821,10116.ENSRNOP00000019174,10116.ENSRNOP00000019265,10116.ENSRNOP00000020720,10116.ENSRNOP00000022383,10116.ENSRNOP00000022485,10116.ENSRNOP00000024280,10116.ENSRNOP00000024430,10116.ENSRNOP00000025496,10116.ENSRNOP00000025675,10116.ENSRNOP00000025980,10116.ENSRNOP00000027497,10116.ENSRNOP00000029070,10116.ENSRNOP00000031615,10116.ENSRNOP00000035271,10116.ENSRNOP00000040899,10116.ENSRNOP00000050393,10116.ENSRNOP00000058882,10116.ENSRNOP00000059906,10116.ENSRNOP00000062228,10116.ENSRNOP00000064092,10116.ENSRNOP00000065890,10116.ENSRNOP00000068764,10116.ENSRNOP00000069754,10116.ENSRNOP00000071539,10116.ENSRNOP00000071702,10116.ENSRNOP00000074119,10116.ENSRNOP00000075066,10116.ENSRNOP00000075715","Rac1,Ptges3,Qdpr,Prkca,Slc6a11,Dld,Sh3gl2,LOC103692716,Bsg,Dynll2,Dync1i1,Mapre1,Dbnl,Ldha,Add1,Slc6a12,Gnaq,Arpc2,Slc32a1,Slc17a6,Ngef,Dgkz,Vim,Bcan,Ap3m2,Hnrnpk,Atp1a3,Rab35,Ptk2b,Negr1,Cadm2,Nf1,Camk2b,Sgip1,Prkacb,Pdxp,Glul,Aldoa,Utrn,Kif5a,Apoe,Gria1,Itpr3,Hsp90aa1",1.22e-12,5.84e-10,"Plasma membrane bounded cell projection"
"Component","GO:0043005",35,1658,10116,"10116.ENSRNOP00000001417,10116.ENSRNOP00000003787,10116.ENSRNOP00000004385,10116.ENSRNOP00000004699,10116.ENSRNOP00000008342,10116.ENSRNOP00000008999,10116.ENSRNOP00000009556,10116.ENSRNOP00000011275,10116.ENSRNOP00000013184,10116.ENSRNOP00000017375,10116.ENSRNOP00000018072,10116.ENSRNOP00000018821,10116.ENSRNOP00000019174,10116.ENSRNOP00000019265,10116.ENSRNOP00000020720,10116.ENSRNOP00000022383,10116.ENSRNOP00000022485,10116.ENSRNOP00000024430,10116.ENSRNOP00000025496,10116.ENSRNOP00000025675,10116.ENSRNOP00000025980,10116.ENSRNOP00000027497,10116.ENSRNOP00000031615,10116.ENSRNOP00000035271,10116.ENSRNOP00000040899,10116.ENSRNOP00000050393,10116.ENSRNOP00000058882,10116.ENSRNOP00000059906,10116.ENSRNOP00000065890,10116.ENSRNOP00000069754,10116.ENSRNOP00000071539,10116.ENSRNOP00000071702,10116.ENSRNOP00000074119,10116.ENSRNOP00000075066,10116.ENSRNOP00000075715","Rac1,Ptges3,Qdpr,Prkca,Slc6a11,Sh3gl2,LOC103692716,Bsg,Dync1i1,Dbnl,Add1,Slc6a12,Gnaq,Arpc2,Slc32a1,Slc17a6,Ngef,Vim,Bcan,Ap3m2,Hnrnpk,Atp1a3,Ptk2b,Negr1,Cadm2,Nf1,Camk2b,Sgip1,Glul,Utrn,Kif5a,Apoe,Gria1,Itpr3,Hsp90aa1",4.8e-12,1.53e-09,"Neuron projection"
"Component","GO:0032991",68,5733,10116,"10116.ENSRNOP00000000772,10116.ENSRNOP00000001115,10116.ENSRNOP00000003283,10116.ENSRNOP00000003787,10116.ENSRNOP00000004699,10116.ENSRNOP00000006329,10116.ENSRNOP00000008980,10116.ENSRNOP00000009556,10116.ENSRNOP00000009813,10116.ENSRNOP00000012279,10116.ENSRNOP00000013184,10116.ENSRNOP00000015956,10116.ENSRNOP00000016981,10116.ENSRNOP00000017468,10116.ENSRNOP00000017965,10116.ENSRNOP00000018072,10116.ENSRNOP00000019174,10116.ENSRNOP00000019265,10116.ENSRNOP00000019508,10116.ENSRNOP00000020670,10116.ENSRNOP00000021629,10116.ENSRNOP00000021920,10116.ENSRNOP00000022363,10116.ENSRNOP00000024083,10116.ENSRNOP00000024430,10116.ENSRNOP00000025525,10116.ENSRNOP00000025675,10116.ENSRNOP00000025980,10116.ENSRNOP00000026633,10116.ENSRNOP00000027497,10116.ENSRNOP00000031615,10116.ENSRNOP00000044986,10116.ENSRNOP00000050393,10116.ENSRNOP00000052160,10116.ENSRNOP00000055224,10116.ENSRNOP00000058882,10116.ENSRNOP00000059012,10116.ENSRNOP00000059906,10116.ENSRNOP00000062102,10116.ENSRNOP00000062228,10116.ENSRNOP00000064265,10116.ENSRNOP00000064421,10116.ENSRNOP00000064431,10116.ENSRNOP00000064489,10116.ENSRNOP00000065147,10116.ENSRNOP00000065890,10116.ENSRNOP00000066885,10116.ENSRNOP00000067217,10116.ENSRNOP00000068764,10116.ENSRNOP00000068875,10116.ENSRNOP00000069754,10116.ENSRNOP00000069899,10116.ENSRNOP00000069937,10116.ENSRNOP00000070324,10116.ENSRNOP00000070473,10116.ENSRNOP00000070967,10116.ENSRNOP00000071528,10116.ENSRNOP00000071539,10116.ENSRNOP00000071611,10116.ENSRNOP00000071702,10116.ENSRNOP00000072480,10116.ENSRNOP00000073266,10116.ENSRNOP00000074119,10116.ENSRNOP00000074461,10116.ENSRNOP00000074647,10116.ENSRNOP00000074909,10116.ENSRNOP00000075066,10116.ENSRNOP00000075715","Hint1,Ddx39b,Plp1,Ptges3,Prkca,Napb,Dld,LOC103692716,Fgb,Dynll2,Dync1i1,Got2,Ywhab,Ldha,Ldhb,Add1,Gnaq,Arpc2,Rps2,Atp5f1d,Rad23b,LOC100911417,Hras,Etfb,Vim,Cox5a,Ap3m2,Hnrnpk,Cd9,Atp1a3,Ptk2b,H2aj,Nf1,Hnrnpa1,Ndufs2,Camk2b,Srsf2,Sgip1,Ube2v2,Prkacb,Septin10,LOC103690002,H3c1,LOC100912380,Atp5pb,Glul,C3,H3c1-2,Aldoa,Hbb-b1,Utrn,H3c1-3,LOC103694857,Hbb,Myo18a,Grpel1,LOC100134871,Kif5a,Psma7,Apoe,Hadhb,Gnal,Gria1,Epn2,Gpd1,H3c1-4,Itpr3,Hsp90aa1",7.22e-12,1.97e-09,"Protein-containing complex"
"Component","GO:0005622",109,13725,10116,"10116.ENSRNOP00000000617,10116.ENSRNOP00000000749,10116.ENSRNOP00000000772,10116.ENSRNOP00000001115,10116.ENSRNOP00000001417,10116.ENSRNOP00000001581,10116.ENSRNOP00000002410,10116.ENSRNOP00000003787,10116.ENSRNOP00000004249,10116.ENSRNOP00000004385,10116.ENSRNOP00000004699,10116.ENSRNOP00000004799,10116.ENSRNOP00000006329,10116.ENSRNOP00000007794,10116.ENSRNOP00000008342,10116.ENSRNOP00000008980,10116.ENSRNOP00000008999,10116.ENSRNOP00000009183,10116.ENSRNOP00000009556,10116.ENSRNOP00000009813,10116.ENSRNOP00000011275,10116.ENSRNOP00000012114,10116.ENSRNOP00000012279,10116.ENSRNOP00000013184,10116.ENSRNOP00000013299,10116.ENSRNOP00000015561,10116.ENSRNOP00000015786,10116.ENSRNOP00000015956,10116.ENSRNOP00000016220,10116.ENSRNOP00000016981,10116.ENSRNOP00000017375,10116.ENSRNOP00000017468,10116.ENSRNOP00000017805,10116.ENSRNOP00000017965,10116.ENSRNOP00000018072,10116.ENSRNOP00000018325,10116.ENSRNOP00000018711,10116.ENSRNOP00000019174,10116.ENSRNOP00000019265,10116.ENSRNOP00000019508,10116.ENSRNOP00000020325,10116.ENSRNOP00000020670,10116.ENSRNOP00000020720,10116.ENSRNOP00000020822,10116.ENSRNOP00000020908,10116.ENSRNOP00000021629,10116.ENSRNOP00000021920,10116.ENSRNOP00000022363,10116.ENSRNOP00000022383,10116.ENSRNOP00000022485,10116.ENSRNOP00000023132,10116.ENSRNOP00000024083,10116.ENSRNOP00000024280,10116.ENSRNOP00000024430,10116.ENSRNOP00000025525,10116.ENSRNOP00000025675,10116.ENSRNOP00000025980,10116.ENSRNOP00000027407,10116.ENSRNOP00000027497,10116.ENSRNOP00000028838,10116.ENSRNOP00000029070,10116.ENSRNOP00000031615,10116.ENSRNOP00000032429,10116.ENSRNOP00000033456,10116.ENSRNOP00000040899,10116.ENSRNOP00000044986,10116.ENSRNOP00000050393,10116.ENSRNOP00000052160,10116.ENSRNOP00000055224,10116.ENSRNOP00000058882,10116.ENSRNOP00000059012,10116.ENSRNOP00000059906,10116.ENSRNOP00000062102,10116.ENSRNOP00000062228,10116.ENSRNOP00000062447,10116.ENSRNOP00000064092,10116.ENSRNOP00000064265,10116.ENSRNOP00000064421,10116.ENSRNOP00000064431,10116.ENSRNOP00000064489,10116.ENSRNOP00000065147,10116.ENSRNOP00000065890,10116.ENSRNOP00000067217,10116.ENSRNOP00000067788,10116.ENSRNOP00000068764,10116.ENSRNOP00000068875,10116.ENSRNOP00000069578,10116.ENSRNOP00000069754,10116.ENSRNOP00000069899,10116.ENSRNOP00000069937,10116.ENSRNOP00000070324,10116.ENSRNOP00000070473,10116.ENSRNOP00000070967,10116.ENSRNOP00000071528,10116.ENSRNOP00000071535,10116.ENSRNOP00000071539,10116.ENSRNOP00000071611,10116.ENSRNOP00000071702,10116.ENSRNOP00000072480,10116.ENSRNOP00000073983,10116.ENSRNOP00000074119,10116.ENSRNOP00000074461,10116.ENSRNOP00000074608,10116.ENSRNOP00000074647,10116.ENSRNOP00000074688,10116.ENSRNOP00000074909,10116.ENSRNOP00000075066,10116.ENSRNOP00000075076,10116.ENSRNOP00000075715","Mapk14,Cisd1,Hint1,Ddx39b,Rac1,Gltp,Ehhadh,Ptges3,Rab26,Qdpr,Prkca,Prdx2,Napb,Dstn,Slc6a11,Dld,Sh3gl2,Pygl,LOC103692716,Fgb,Bsg,Pdcd6ip,Dynll2,Dync1i1,Rab43,Slc25a18,Auh,Got2,Mapre1,Ywhab,Dbnl,Ldha,Nceh1,Ldhb,Add1,Gsta1,Cap1,Gnaq,Arpc2,Rps2,Aldh7a1,Atp5f1d,Slc32a1,Rhoq,Nol3,Rad23b,LOC100911417,Hras,Slc17a6,Ngef,Prdx1,Etfb,Dgkz,Vim,Cox5a,Ap3m2,Hnrnpk,Ctsd,Atp1a3,Itpa,Rab35,Ptk2b,Map1lc3a,Camk1,Cadm2,H2aj,Nf1,Hnrnpa1,Ndufs2,Camk2b,Srsf2,Sgip1,Ube2v2,Prkacb,Ncald,Pdxp,Septin10,LOC103690002,H3c1,LOC100912380,Atp5pb,Glul,H3c1-2,Rab1b,Aldoa,Hbb-b1,Kng1,Utrn,H3c1-3,LOC103694857,Hbb,Myo18a,Grpel1,LOC100134871,Slc44a1,Kif5a,Psma7,Apoe,Hadhb,Adk,Gria1,Epn2,Nudt3,Gpd1,Ubc,H3c1-4,Itpr3,Sh3glb2,Hsp90aa1",8.98e-11,2.14e-08,"Intracellular anatomical structure"
"Component","GO:0036477",26,1133,10116,"10116.ENSRNOP00000001417,10116.ENSRNOP00000003787,10116.ENSRNOP00000004699,10116.ENSRNOP00000008999,10116.ENSRNOP00000009556,10116.ENSRNOP00000015956,10116.ENSRNOP00000017375,10116.ENSRNOP00000018072,10116.ENSRNOP00000019174,10116.ENSRNOP00000019265,10116.ENSRNOP00000020720,10116.ENSRNOP00000025496,10116.ENSRNOP00000025980,10116.ENSRNOP00000027497,10116.ENSRNOP00000031615,10116.ENSRNOP00000035271,10116.ENSRNOP00000040899,10116.ENSRNOP00000050393,10116.ENSRNOP00000058882,10116.ENSRNOP00000065890,10116.ENSRNOP00000069578,10116.ENSRNOP00000071539,10116.ENSRNOP00000071702,10116.ENSRNOP00000074119,10116.ENSRNOP00000075066,10116.ENSRNOP00000075715","Rac1,Ptges3,Prkca,Sh3gl2,LOC103692716,Got2,Dbnl,Add1,Gnaq,Arpc2,Slc32a1,Bcan,Hnrnpk,Atp1a3,Ptk2b,Negr1,Cadm2,Nf1,Camk2b,Glul,Kng1,Kif5a,Apoe,Gria1,Itpr3,Hsp90aa1",8.58e-10,1.68e-07,"Somatodendritic compartment"
"Component","GO:0098978",18,510,10116,"10116.ENSRNOP00000000617,10116.ENSRNOP00000001417,10116.ENSRNOP00000006329,10116.ENSRNOP00000008999,10116.ENSRNOP00000012279,10116.ENSRNOP00000019265,10116.ENSRNOP00000020411,10116.ENSRNOP00000022363,10116.ENSRNOP00000022485,10116.ENSRNOP00000024280,10116.ENSRNOP00000025496,10116.ENSRNOP00000025980,10116.ENSRNOP00000031615,10116.ENSRNOP00000033456,10116.ENSRNOP00000058882,10116.ENSRNOP00000071702,10116.ENSRNOP00000074119,10116.ENSRNOP00000074536","Mapk14,Rac1,Napb,Sh3gl2,Dynll2,Arpc2,Lgi1,Hras,Ngef,Dgkz,Bcan,Hnrnpk,Ptk2b,Camk1,Camk2b,Apoe,Gria1,Slc6a8",7.93e-10,1.68e-07,"Glutamatergic synapse"
"Component","GO:0030424",22,847,10116,"10116.ENSRNOP00000004699,10116.ENSRNOP00000009556,10116.ENSRNOP00000011275,10116.ENSRNOP00000013184,10116.ENSRNOP00000019265,10116.ENSRNOP00000020720,10116.ENSRNOP00000022383,10116.ENSRNOP00000022485,10116.ENSRNOP00000024430,10116.ENSRNOP00000025496,10116.ENSRNOP00000025675,10116.ENSRNOP00000025980,10116.ENSRNOP00000027497,10116.ENSRNOP00000031615,10116.ENSRNOP00000040899,10116.ENSRNOP00000050393,10116.ENSRNOP00000059906,10116.ENSRNOP00000065890,10116.ENSRNOP00000069754,10116.ENSRNOP00000071539,10116.ENSRNOP00000074119,10116.ENSRNOP00000075715","Prkca,LOC103692716,Bsg,Dync1i1,Arpc2,Slc32a1,Slc17a6,Ngef,Vim,Bcan,Ap3m2,Hnrnpk,Atp1a3,Ptk2b,Cadm2,Nf1,Sgip1,Glul,Utrn,Kif5a,Gria1,Hsp90aa1",2.34e-09,4.06e-07,"Axon"
"Component","GO:0030425",21,805,10116,"10116.ENSRNOP00000001417,10116.ENSRNOP00000004699,10116.ENSRNOP00000008999,10116.ENSRNOP00000009556,10116.ENSRNOP00000017375,10116.ENSRNOP00000018072,10116.ENSRNOP00000019174,10116.ENSRNOP00000019265,10116.ENSRNOP00000020720,10116.ENSRNOP00000025496,10116.ENSRNOP00000025980,10116.ENSRNOP00000027497,10116.ENSRNOP00000031615,10116.ENSRNOP00000035271,10116.ENSRNOP00000050393,10116.ENSRNOP00000058882,10116.ENSRNOP00000071539,10116.ENSRNOP00000071702,10116.ENSRNOP00000074119,10116.ENSRNOP00000075066,10116.ENSRNOP00000075715","Rac1,Prkca,Sh3gl2,LOC103692716,Dbnl,Add1,Gnaq,Arpc2,Slc32a1,Bcan,Hnrnpk,Atp1a3,Ptk2b,Negr1,Nf1,Camk2b,Kif5a,Apoe,Gria1,Itpr3,Hsp90aa1",5.26e-09,8.38e-07,"Dendrite"
"Component","GO:0005829",46,3514,10116,"10116.ENSRNOP00000000617,10116.ENSRNOP00000001417,10116.ENSRNOP00000001581,10116.ENSRNOP00000002410,10116.ENSRNOP00000003787,10116.ENSRNOP00000004385,10116.ENSRNOP00000004699,10116.ENSRNOP00000004799,10116.ENSRNOP00000008999,10116.ENSRNOP00000009183,10116.ENSRNOP00000009556,10116.ENSRNOP00000012114,10116.ENSRNOP00000016981,10116.ENSRNOP00000017375,10116.ENSRNOP00000017468,10116.ENSRNOP00000017965,10116.ENSRNOP00000018325,10116.ENSRNOP00000019174,10116.ENSRNOP00000019508,10116.ENSRNOP00000020325,10116.ENSRNOP00000021629,10116.ENSRNOP00000023132,10116.ENSRNOP00000024280,10116.ENSRNOP00000024430,10116.ENSRNOP00000025980,10116.ENSRNOP00000032429,10116.ENSRNOP00000033456,10116.ENSRNOP00000052160,10116.ENSRNOP00000058882,10116.ENSRNOP00000062228,10116.ENSRNOP00000062447,10116.ENSRNOP00000064092,10116.ENSRNOP00000064489,10116.ENSRNOP00000065890,10116.ENSRNOP00000068764,10116.ENSRNOP00000068875,10116.ENSRNOP00000069937,10116.ENSRNOP00000070324,10116.ENSRNOP00000071528,10116.ENSRNOP00000071535,10116.ENSRNOP00000071539,10116.ENSRNOP00000073983,10116.ENSRNOP00000074119,10116.ENSRNOP00000074608,10116.ENSRNOP00000074647,10116.ENSRNOP00000075715","Mapk14,Rac1,Gltp,Ehhadh,Ptges3,Qdpr,Prkca,Prdx2,Sh3gl2,Pygl,LOC103692716,Pdcd6ip,Ywhab,Dbnl,Ldha,Ldhb,Gsta1,Gnaq,Rps2,Aldh7a1,Rad23b,Prdx1,Dgkz,Vim,Hnrnpk,Map1lc3a,Camk1,Hnrnpa1,Camk2b,Prkacb,Ncald,Pdxp,LOC100912380,Glul,Aldoa,Hbb-b1,LOC103694857,Hbb,LOC100134871,Slc44a1,Kif5a,Adk,Gria1,Nudt3,Gpd1,Hsp90aa1",8.14e-09,1.11e-06,"Cytosol"
"Component","GO:0110165",122,18238,10116,"10116.ENSRNOP00000000617,10116.ENSRNOP00000000749,10116.ENSRNOP00000000772,10116.ENSRNOP00000001115,10116.ENSRNOP00000001417,10116.ENSRNOP00000001581,10116.ENSRNOP00000002410,10116.ENSRNOP00000003283,10116.ENSRNOP00000003787,10116.ENSRNOP00000004249,10116.ENSRNOP00000004385,10116.ENSRNOP00000004699,10116.ENSRNOP00000004799,10116.ENSRNOP00000006329,10116.ENSRNOP00000007794,10116.ENSRNOP00000008342,10116.ENSRNOP00000008980,10116.ENSRNOP00000008999,10116.ENSRNOP00000009183,10116.ENSRNOP00000009556,10116.ENSRNOP00000009813,10116.ENSRNOP00000011275,10116.ENSRNOP00000012114,10116.ENSRNOP00000012279,10116.ENSRNOP00000013005,10116.ENSRNOP00000013184,10116.ENSRNOP00000013299,10116.ENSRNOP00000015561,10116.ENSRNOP00000015786,10116.ENSRNOP00000015956,10116.ENSRNOP00000016220,10116.ENSRNOP00000016981,10116.ENSRNOP00000017375,10116.ENSRNOP00000017468,10116.ENSRNOP00000017805,10116.ENSRNOP00000017965,10116.ENSRNOP00000018072,10116.ENSRNOP00000018325,10116.ENSRNOP00000018711,10116.ENSRNOP00000018821,10116.ENSRNOP00000019174,10116.ENSRNOP00000019265,10116.ENSRNOP00000019508,10116.ENSRNOP00000020325,10116.ENSRNOP00000020411,10116.ENSRNOP00000020670,10116.ENSRNOP00000020720,10116.ENSRNOP00000020822,10116.ENSRNOP00000020908,10116.ENSRNOP00000021629,10116.ENSRNOP00000021920,10116.ENSRNOP00000022363,10116.ENSRNOP00000022383,10116.ENSRNOP00000022485,10116.ENSRNOP00000023132,10116.ENSRNOP00000024083,10116.ENSRNOP00000024280,10116.ENSRNOP00000024430,10116.ENSRNOP00000025496,10116.ENSRNOP00000025525,10116.ENSRNOP00000025675,10116.ENSRNOP00000025980,10116.ENSRNOP00000026633,10116.ENSRNOP00000027407,10116.ENSRNOP00000027497,10116.ENSRNOP00000028603,10116.ENSRNOP00000028838,10116.ENSRNOP00000029070,10116.ENSRNOP00000031615,10116.ENSRNOP00000032429,10116.ENSRNOP00000033456,10116.ENSRNOP00000035271,10116.ENSRNOP00000040899,10116.ENSRNOP00000044986,10116.ENSRNOP00000050393,10116.ENSRNOP00000052160,10116.ENSRNOP00000055224,10116.ENSRNOP00000058882,10116.ENSRNOP00000059012,10116.ENSRNOP00000059906,10116.ENSRNOP00000060967,10116.ENSRNOP00000062102,10116.ENSRNOP00000062228,10116.ENSRNOP00000062447,10116.ENSRNOP00000064092,10116.ENSRNOP00000064265,10116.ENSRNOP00000064421,10116.ENSRNOP00000064431,10116.ENSRNOP00000064489,10116.ENSRNOP00000065147,10116.ENSRNOP00000065890,10116.ENSRNOP00000066885,10116.ENSRNOP00000067217,10116.ENSRNOP00000067788,10116.ENSRNOP00000068764,10116.ENSRNOP00000068875,10116.ENSRNOP00000069578,10116.ENSRNOP00000069754,10116.ENSRNOP00000069899,10116.ENSRNOP00000069937,10116.ENSRNOP00000070324,10116.ENSRNOP00000070473,10116.ENSRNOP00000070967,10116.ENSRNOP00000070988,10116.ENSRNOP00000071528,10116.ENSRNOP00000071535,10116.ENSRNOP00000071539,10116.ENSRNOP00000071611,10116.ENSRNOP00000071702,10116.ENSRNOP00000072480,10116.ENSRNOP00000073266,10116.ENSRNOP00000073983,10116.ENSRNOP00000074119,10116.ENSRNOP00000074461,10116.ENSRNOP00000074536,10116.ENSRNOP00000074608,10116.ENSRNOP00000074647,10116.ENSRNOP00000074688,10116.ENSRNOP00000074909,10116.ENSRNOP00000075066,10116.ENSRNOP00000075076,10116.ENSRNOP00000075715","Mapk14,Cisd1,Hint1,Ddx39b,Rac1,Gltp,Ehhadh,Plp1,Ptges3,Rab26,Qdpr,Prkca,Prdx2,Napb,Dstn,Slc6a11,Dld,Sh3gl2,Pygl,LOC103692716,Fgb,Bsg,Pdcd6ip,Dynll2,Enpp6,Dync1i1,Rab43,Slc25a18,Auh,Got2,Mapre1,Ywhab,Dbnl,Ldha,Nceh1,Ldhb,Add1,Gsta1,Cap1,Slc6a12,Gnaq,Arpc2,Rps2,Aldh7a1,Lgi1,Atp5f1d,Slc32a1,Rhoq,Nol3,Rad23b,LOC100911417,Hras,Slc17a6,Ngef,Prdx1,Etfb,Dgkz,Vim,Bcan,Cox5a,Ap3m2,Hnrnpk,Cd9,Ctsd,Atp1a3,Fxyd7,Itpa,Rab35,Ptk2b,Map1lc3a,Camk1,Negr1,Cadm2,H2aj,Nf1,Hnrnpa1,Ndufs2,Camk2b,Srsf2,Sgip1,Cd59,Ube2v2,Prkacb,Ncald,Pdxp,Septin10,LOC103690002,H3c1,LOC100912380,Atp5pb,Glul,C3,H3c1-2,Rab1b,Aldoa,Hbb-b1,Kng1,Utrn,H3c1-3,LOC103694857,Hbb,Myo18a,Grpel1,Gpm6b,LOC100134871,Slc44a1,Kif5a,Psma7,Apoe,Hadhb,Gnal,Adk,Gria1,Epn2,Slc6a8,Nudt3,Gpd1,Ubc,H3c1-4,Itpr3,Sh3glb2,Hsp90aa1",8.86e-09,1.13e-06,"Cellular anatomical entity"
"Component","GO:0044297",21,860,10116,"10116.ENSRNOP00000003787,10116.ENSRNOP00000004699,10116.ENSRNOP00000008999,10116.ENSRNOP00000009556,10116.ENSRNOP00000015956,10116.ENSRNOP00000017375,10116.ENSRNOP00000019174,10116.ENSRNOP00000019265,10116.ENSRNOP00000024430,10116.ENSRNOP00000027497,10116.ENSRNOP00000031615,10116.ENSRNOP00000035271,10116.ENSRNOP00000040899,10116.ENSRNOP00000058882,10116.ENSRNOP00000065890,10116.ENSRNOP00000069578,10116.ENSRNOP00000071539,10116.ENSRNOP00000071702,10116.ENSRNOP00000074119,10116.ENSRNOP00000075066,10116.ENSRNOP00000075715","Ptges3,Prkca,Sh3gl2,LOC103692716,Got2,Dbnl,Gnaq,Arpc2,Vim,Atp1a3,Ptk2b,Negr1,Cadm2,Camk2b,Glul,Kng1,Kif5a,Apoe,Gria1,Itpr3,Hsp90aa1",1.61e-08,1.93e-06,"Cell body"
"Component","GO:0043025",19,762,10116,"10116.ENSRNOP00000003787,10116.ENSRNOP00000004699,10116.ENSRNOP00000008999,10116.ENSRNOP00000009556,10116.ENSRNOP00000015956,10116.ENSRNOP00000017375,10116.ENSRNOP00000019265,10116.ENSRNOP00000027497,10116.ENSRNOP00000031615,10116.ENSRNOP00000035271,10116.ENSRNOP00000040899,10116.ENSRNOP00000058882,10116.ENSRNOP00000065890,10116.ENSRNOP00000069578,10116.ENSRNOP00000071539,10116.ENSRNOP00000071702,10116.ENSRNOP00000074119,10116.ENSRNOP00000075066,10116.ENSRNOP00000075715","Ptges3,Prkca,Sh3gl2,LOC103692716,Got2,Dbnl,Arpc2,Atp1a3,Ptk2b,Negr1,Cadm2,Camk2b,Glul,Kng1,Kif5a,Apoe,Gria1,Itpr3,Hsp90aa1",6.14e-08,6.9e-06,"Neuronal cell body"
"Component","GO:0015629",15,463,10116,"10116.ENSRNOP00000001417,10116.ENSRNOP00000003787,10116.ENSRNOP00000007794,10116.ENSRNOP00000012114,10116.ENSRNOP00000012279,10116.ENSRNOP00000017375,10116.ENSRNOP00000018072,10116.ENSRNOP00000018711,10116.ENSRNOP00000019265,10116.ENSRNOP00000020822,10116.ENSRNOP00000025980,10116.ENSRNOP00000064092,10116.ENSRNOP00000068764,10116.ENSRNOP00000069754,10116.ENSRNOP00000070473","Rac1,Ptges3,Dstn,Pdcd6ip,Dynll2,Dbnl,Add1,Cap1,Arpc2,Rhoq,Hnrnpk,Pdxp,Aldoa,Utrn,Myo18a",6.76e-08,7.18e-06,"Actin cytoskeleton"
"Component","GO:0043209",7,66,10116,"10116.ENSRNOP00000003283,10116.ENSRNOP00000009556,10116.ENSRNOP00000027497,10116.ENSRNOP00000060967,10116.ENSRNOP00000065890,10116.ENSRNOP00000075066,10116.ENSRNOP00000075715","Plp1,LOC103692716,Atp1a3,Cd59,Glul,Itpr3,Hsp90aa1",1.64e-07,1.64e-05,"Myelin sheath"
"Component","GO:0098793",17,694,10116,"10116.ENSRNOP00000004249,10116.ENSRNOP00000004699,10116.ENSRNOP00000006329,10116.ENSRNOP00000008342,10116.ENSRNOP00000008999,10116.ENSRNOP00000019265,10116.ENSRNOP00000020720,10116.ENSRNOP00000022383,10116.ENSRNOP00000025675,10116.ENSRNOP00000025980,10116.ENSRNOP00000027497,10116.ENSRNOP00000029070,10116.ENSRNOP00000050393,10116.ENSRNOP00000059906,10116.ENSRNOP00000065890,10116.ENSRNOP00000074119,10116.ENSRNOP00000075066","Rab26,Prkca,Napb,Slc6a11,Sh3gl2,Arpc2,Slc32a1,Slc17a6,Ap3m2,Hnrnpk,Atp1a3,Rab35,Nf1,Sgip1,Glul,Gria1,Itpr3",4.16e-07,3.97e-05,"Presynapse"
"Component","GO:0098794",18,786,10116,"10116.ENSRNOP00000001417,10116.ENSRNOP00000006329,10116.ENSRNOP00000008342,10116.ENSRNOP00000012279,10116.ENSRNOP00000017375,10116.ENSRNOP00000018072,10116.ENSRNOP00000019265,10116.ENSRNOP00000024280,10116.ENSRNOP00000025980,10116.ENSRNOP00000027497,10116.ENSRNOP00000031615,10116.ENSRNOP00000033456,10116.ENSRNOP00000050393,10116.ENSRNOP00000058882,10116.ENSRNOP00000069754,10116.ENSRNOP00000071611,10116.ENSRNOP00000074119,10116.ENSRNOP00000074536","Rac1,Napb,Slc6a11,Dynll2,Dbnl,Add1,Arpc2,Dgkz,Hnrnpk,Atp1a3,Ptk2b,Camk1,Nf1,Camk2b,Utrn,Psma7,Gria1,Slc6a8",4.8e-07,4.36e-05,"Postsynapse"
"Component","GO:0005739",26,1588,10116,"10116.ENSRNOP00000000617,10116.ENSRNOP00000000749,10116.ENSRNOP00000004699,10116.ENSRNOP00000008980,10116.ENSRNOP00000009556,10116.ENSRNOP00000011275,10116.ENSRNOP00000015561,10116.ENSRNOP00000015786,10116.ENSRNOP00000015956,10116.ENSRNOP00000017965,10116.ENSRNOP00000020325,10116.ENSRNOP00000020670,10116.ENSRNOP00000020908,10116.ENSRNOP00000021920,10116.ENSRNOP00000023132,10116.ENSRNOP00000024083,10116.ENSRNOP00000025525,10116.ENSRNOP00000025980,10116.ENSRNOP00000055224,10116.ENSRNOP00000065147,10116.ENSRNOP00000065890,10116.ENSRNOP00000068764,10116.ENSRNOP00000070967,10116.ENSRNOP00000072480,10116.ENSRNOP00000074688,10116.ENSRNOP00000075715","Mapk14,Cisd1,Prkca,Dld,LOC103692716,Bsg,Slc25a18,Auh,Got2,Ldhb,Aldh7a1,Atp5f1d,Nol3,LOC100911417,Prdx1,Etfb,Cox5a,Hnrnpk,Ndufs2,Atp5pb,Glul,Aldoa,Grpel1,Hadhb,Ubc,Hsp90aa1",6.73e-07,5.85e-05,"Mitochondrion"
"Component","GO:0016020",76,8855,10116,"10116.ENSRNOP00000000749,10116.ENSRNOP00000001417,10116.ENSRNOP00000003283,10116.ENSRNOP00000004249,10116.ENSRNOP00000004699,10116.ENSRNOP00000006329,10116.ENSRNOP00000008342,10116.ENSRNOP00000008999,10116.ENSRNOP00000009556,10116.ENSRNOP00000009813,10116.ENSRNOP00000011275,10116.ENSRNOP00000012114,10116.ENSRNOP00000013005,10116.ENSRNOP00000013299,10116.ENSRNOP00000015561,10116.ENSRNOP00000015956,10116.ENSRNOP00000016220,10116.ENSRNOP00000017375,10116.ENSRNOP00000017805,10116.ENSRNOP00000017965,10116.ENSRNOP00000018072,10116.ENSRNOP00000018711,10116.ENSRNOP00000018821,10116.ENSRNOP00000019174,10116.ENSRNOP00000019265,10116.ENSRNOP00000020670,10116.ENSRNOP00000020720,10116.ENSRNOP00000020822,10116.ENSRNOP00000020908,10116.ENSRNOP00000021920,10116.ENSRNOP00000022363,10116.ENSRNOP00000022383,10116.ENSRNOP00000022485,10116.ENSRNOP00000024280,10116.ENSRNOP00000024430,10116.ENSRNOP00000025496,10116.ENSRNOP00000025525,10116.ENSRNOP00000025675,10116.ENSRNOP00000026633,10116.ENSRNOP00000027407,10116.ENSRNOP00000027497,10116.ENSRNOP00000028603,10116.ENSRNOP00000029070,10116.ENSRNOP00000031615,10116.ENSRNOP00000032429,10116.ENSRNOP00000035271,10116.ENSRNOP00000040899,10116.ENSRNOP00000050393,10116.ENSRNOP00000055224,10116.ENSRNOP00000058882,10116.ENSRNOP00000059906,10116.ENSRNOP00000060967,10116.ENSRNOP00000062228,10116.ENSRNOP00000064092,10116.ENSRNOP00000064489,10116.ENSRNOP00000065147,10116.ENSRNOP00000065890,10116.ENSRNOP00000066885,10116.ENSRNOP00000067788,10116.ENSRNOP00000068764,10116.ENSRNOP00000069754,10116.ENSRNOP00000070473,10116.ENSRNOP00000070967,10116.ENSRNOP00000070988,10116.ENSRNOP00000071535,10116.ENSRNOP00000071702,10116.ENSRNOP00000072480,10116.ENSRNOP00000073266,10116.ENSRNOP00000073983,10116.ENSRNOP00000074119,10116.ENSRNOP00000074461,10116.ENSRNOP00000074536,10116.ENSRNOP00000074688,10116.ENSRNOP00000075066,10116.ENSRNOP00000075076,10116.ENSRNOP00000075715","Cisd1,Rac1,Plp1,Rab26,Prkca,Napb,Slc6a11,Sh3gl2,LOC103692716,Fgb,Bsg,Pdcd6ip,Enpp6,Rab43,Slc25a18,Got2,Mapre1,Dbnl,Nceh1,Ldhb,Add1,Cap1,Slc6a12,Gnaq,Arpc2,Atp5f1d,Slc32a1,Rhoq,Nol3,LOC100911417,Hras,Slc17a6,Ngef,Dgkz,Vim,Bcan,Cox5a,Ap3m2,Cd9,Ctsd,Atp1a3,Fxyd7,Rab35,Ptk2b,Map1lc3a,Negr1,Cadm2,Nf1,Ndufs2,Camk2b,Sgip1,Cd59,Prkacb,Pdxp,LOC100912380,Atp5pb,Glul,C3,Rab1b,Aldoa,Utrn,Myo18a,Grpel1,Gpm6b,Slc44a1,Apoe,Hadhb,Gnal,Adk,Gria1,Epn2,Slc6a8,Ubc,Itpr3,Sh3glb2,Hsp90aa1",1.22e-06,9.69e-05,"Membrane"
"Component","GO:0031090",36,2814,10116,"10116.ENSRNOP00000000749,10116.ENSRNOP00000001417,10116.ENSRNOP00000004249,10116.ENSRNOP00000004699,10116.ENSRNOP00000008999,10116.ENSRNOP00000009556,10116.ENSRNOP00000011275,10116.ENSRNOP00000013299,10116.ENSRNOP00000015561,10116.ENSRNOP00000015956,10116.ENSRNOP00000017375,10116.ENSRNOP00000017965,10116.ENSRNOP00000019174,10116.ENSRNOP00000020670,10116.ENSRNOP00000020720,10116.ENSRNOP00000021920,10116.ENSRNOP00000022363,10116.ENSRNOP00000022383,10116.ENSRNOP00000025525,10116.ENSRNOP00000025675,10116.ENSRNOP00000027407,10116.ENSRNOP00000027497,10116.ENSRNOP00000029070,10116.ENSRNOP00000032429,10116.ENSRNOP00000055224,10116.ENSRNOP00000058882,10116.ENSRNOP00000059906,10116.ENSRNOP00000065147,10116.ENSRNOP00000070473,10116.ENSRNOP00000070967,10116.ENSRNOP00000072480,10116.ENSRNOP00000074119,10116.ENSRNOP00000074461,10116.ENSRNOP00000074688,10116.ENSRNOP00000075066,10116.ENSRNOP00000075715","Cisd1,Rac1,Rab26,Prkca,Sh3gl2,LOC103692716,Bsg,Rab43,Slc25a18,Got2,Dbnl,Ldhb,Gnaq,Atp5f1d,Slc32a1,LOC100911417,Hras,Slc17a6,Cox5a,Ap3m2,Ctsd,Atp1a3,Rab35,Map1lc3a,Ndufs2,Camk2b,Sgip1,Atp5pb,Myo18a,Grpel1,Hadhb,Gria1,Epn2,Ubc,Itpr3,Hsp90aa1",1.17e-06,9.69e-05,"Organelle membrane"
"Component","GO:0150034",13,437,10116,"10116.ENSRNOP00000004699,10116.ENSRNOP00000009556,10116.ENSRNOP00000019265,10116.ENSRNOP00000020720,10116.ENSRNOP00000022485,10116.ENSRNOP00000025980,10116.ENSRNOP00000027497,10116.ENSRNOP00000031615,10116.ENSRNOP00000059906,10116.ENSRNOP00000065890,10116.ENSRNOP00000069754,10116.ENSRNOP00000071539,10116.ENSRNOP00000075715","Prkca,LOC103692716,Arpc2,Slc32a1,Ngef,Hnrnpk,Atp1a3,Ptk2b,Sgip1,Glul,Utrn,Kif5a,Hsp90aa1",1.35e-06,1e-04,"Distal axon"
"Component","GO:0005833",4,12,10116,"10116.ENSRNOP00000068875,10116.ENSRNOP00000069937,10116.ENSRNOP00000070324,10116.ENSRNOP00000071528","Hbb-b1,LOC103694857,Hbb,LOC100134871",1.56e-06,0.00011,"Hemoglobin complex"
"Component","GO:0031838",4,12,10116,"10116.ENSRNOP00000068875,10116.ENSRNOP00000069937,10116.ENSRNOP00000070324,10116.ENSRNOP00000071528","Hbb-b1,LOC103694857,Hbb,LOC100134871",1.56e-06,0.00011,"Haptoglobin-hemoglobin complex"
"Component","GO:0042470",7,94,10116,"10116.ENSRNOP00000001417,10116.ENSRNOP00000009556,10116.ENSRNOP00000012114,10116.ENSRNOP00000016981,10116.ENSRNOP00000027407,10116.ENSRNOP00000029070,10116.ENSRNOP00000075715","Rac1,LOC103692716,Pdcd6ip,Ywhab,Ctsd,Rab35,Hsp90aa1",1.52e-06,0.00011,"Melanosome"
"Component","GO:0031982",29,2050,10116,"10116.ENSRNOP00000001417,10116.ENSRNOP00000004249,10116.ENSRNOP00000008980,10116.ENSRNOP00000008999,10116.ENSRNOP00000009556,10116.ENSRNOP00000009813,10116.ENSRNOP00000011275,10116.ENSRNOP00000012114,10116.ENSRNOP00000013184,10116.ENSRNOP00000013299,10116.ENSRNOP00000016981,10116.ENSRNOP00000017375,10116.ENSRNOP00000019265,10116.ENSRNOP00000020720,10116.ENSRNOP00000022383,10116.ENSRNOP00000024430,10116.ENSRNOP00000025675,10116.ENSRNOP00000026633,10116.ENSRNOP00000027407,10116.ENSRNOP00000029070,10116.ENSRNOP00000032429,10116.ENSRNOP00000059906,10116.ENSRNOP00000068764,10116.ENSRNOP00000070473,10116.ENSRNOP00000071702,10116.ENSRNOP00000074119,10116.ENSRNOP00000074461,10116.ENSRNOP00000075066,10116.ENSRNOP00000075715","Rac1,Rab26,Dld,Sh3gl2,LOC103692716,Fgb,Bsg,Pdcd6ip,Dync1i1,Rab43,Ywhab,Dbnl,Arpc2,Slc32a1,Slc17a6,Vim,Ap3m2,Cd9,Ctsd,Rab35,Map1lc3a,Sgip1,Aldoa,Myo18a,Apoe,Gria1,Epn2,Itpr3,Hsp90aa1",2.54e-06,0.00016,"Vesicle"
"Component","GO:0031410",27,1899,10116,"10116.ENSRNOP00000001417,10116.ENSRNOP00000004249,10116.ENSRNOP00000008980,10116.ENSRNOP00000008999,10116.ENSRNOP00000009556,10116.ENSRNOP00000009813,10116.ENSRNOP00000011275,10116.ENSRNOP00000012114,10116.ENSRNOP00000013184,10116.ENSRNOP00000013299,10116.ENSRNOP00000016981,10116.ENSRNOP00000017375,10116.ENSRNOP00000019265,10116.ENSRNOP00000020720,10116.ENSRNOP00000022383,10116.ENSRNOP00000024430,10116.ENSRNOP00000025675,10116.ENSRNOP00000027407,10116.ENSRNOP00000029070,10116.ENSRNOP00000032429,10116.ENSRNOP00000059906,10116.ENSRNOP00000070473,10116.ENSRNOP00000071702,10116.ENSRNOP00000074119,10116.ENSRNOP00000074461,10116.ENSRNOP00000075066,10116.ENSRNOP00000075715","Rac1,Rab26,Dld,Sh3gl2,LOC103692716,Fgb,Bsg,Pdcd6ip,Dync1i1,Rab43,Ywhab,Dbnl,Arpc2,Slc32a1,Slc17a6,Vim,Ap3m2,Ctsd,Rab35,Map1lc3a,Sgip1,Myo18a,Apoe,Gria1,Epn2,Itpr3,Hsp90aa1",5.6e-06,0.00035,"Cytoplasmic vesicle"
"Component","GO:0098588",23,1487,10116,"10116.ENSRNOP00000000749,10116.ENSRNOP00000001417,10116.ENSRNOP00000004249,10116.ENSRNOP00000008999,10116.ENSRNOP00000009556,10116.ENSRNOP00000011275,10116.ENSRNOP00000013299,10116.ENSRNOP00000017375,10116.ENSRNOP00000020720,10116.ENSRNOP00000022363,10116.ENSRNOP00000022383,10116.ENSRNOP00000027407,10116.ENSRNOP00000029070,10116.ENSRNOP00000032429,10116.ENSRNOP00000058882,10116.ENSRNOP00000059906,10116.ENSRNOP00000070473,10116.ENSRNOP00000072480,10116.ENSRNOP00000074119,10116.ENSRNOP00000074461,10116.ENSRNOP00000074688,10116.ENSRNOP00000075066,10116.ENSRNOP00000075715","Cisd1,Rac1,Rab26,Sh3gl2,LOC103692716,Bsg,Rab43,Dbnl,Slc32a1,Hras,Slc17a6,Ctsd,Rab35,Map1lc3a,Camk2b,Sgip1,Myo18a,Hadhb,Gria1,Epn2,Ubc,Itpr3,Hsp90aa1",8.4e-06,0.00049,"Bounding membrane of organelle"
"Component","GO:0043227",86,11126,10116,"10116.ENSRNOP00000000617,10116.ENSRNOP00000000749,10116.ENSRNOP00000000772,10116.ENSRNOP00000001115,10116.ENSRNOP00000001417,10116.ENSRNOP00000002410,10116.ENSRNOP00000003787,10116.ENSRNOP00000004249,10116.ENSRNOP00000004699,10116.ENSRNOP00000008980,10116.ENSRNOP00000008999,10116.ENSRNOP00000009556,10116.ENSRNOP00000009813,10116.ENSRNOP00000011275,10116.ENSRNOP00000012114,10116.ENSRNOP00000012279,10116.ENSRNOP00000013184,10116.ENSRNOP00000013299,10116.ENSRNOP00000015561,10116.ENSRNOP00000015786,10116.ENSRNOP00000015956,10116.ENSRNOP00000016220,10116.ENSRNOP00000016981,10116.ENSRNOP00000017375,10116.ENSRNOP00000017468,10116.ENSRNOP00000017805,10116.ENSRNOP00000017965,10116.ENSRNOP00000018072,10116.ENSRNOP00000019174,10116.ENSRNOP00000019265,10116.ENSRNOP00000019508,10116.ENSRNOP00000020325,10116.ENSRNOP00000020670,10116.ENSRNOP00000020720,10116.ENSRNOP00000020908,10116.ENSRNOP00000021629,10116.ENSRNOP00000021920,10116.ENSRNOP00000022363,10116.ENSRNOP00000022383,10116.ENSRNOP00000023132,10116.ENSRNOP00000024083,10116.ENSRNOP00000024280,10116.ENSRNOP00000024430,10116.ENSRNOP00000025525,10116.ENSRNOP00000025675,10116.ENSRNOP00000025980,10116.ENSRNOP00000026633,10116.ENSRNOP00000027407,10116.ENSRNOP00000027497,10116.ENSRNOP00000029070,10116.ENSRNOP00000031615,10116.ENSRNOP00000032429,10116.ENSRNOP00000033456,10116.ENSRNOP00000044986,10116.ENSRNOP00000050393,10116.ENSRNOP00000052160,10116.ENSRNOP00000055224,10116.ENSRNOP00000058882,10116.ENSRNOP00000059012,10116.ENSRNOP00000059906,10116.ENSRNOP00000062102,10116.ENSRNOP00000062228,10116.ENSRNOP00000064421,10116.ENSRNOP00000064431,10116.ENSRNOP00000065147,10116.ENSRNOP00000065890,10116.ENSRNOP00000067217,10116.ENSRNOP00000067788,10116.ENSRNOP00000068764,10116.ENSRNOP00000069578,10116.ENSRNOP00000069754,10116.ENSRNOP00000069899,10116.ENSRNOP00000070473,10116.ENSRNOP00000070967,10116.ENSRNOP00000071539,10116.ENSRNOP00000071611,10116.ENSRNOP00000071702,10116.ENSRNOP00000072480,10116.ENSRNOP00000073983,10116.ENSRNOP00000074119,10116.ENSRNOP00000074461,10116.ENSRNOP00000074608,10116.ENSRNOP00000074688,10116.ENSRNOP00000074909,10116.ENSRNOP00000075066,10116.ENSRNOP00000075715","Mapk14,Cisd1,Hint1,Ddx39b,Rac1,Ehhadh,Ptges3,Rab26,Prkca,Dld,Sh3gl2,LOC103692716,Fgb,Bsg,Pdcd6ip,Dynll2,Dync1i1,Rab43,Slc25a18,Auh,Got2,Mapre1,Ywhab,Dbnl,Ldha,Nceh1,Ldhb,Add1,Gnaq,Arpc2,Rps2,Aldh7a1,Atp5f1d,Slc32a1,Nol3,Rad23b,LOC100911417,Hras,Slc17a6,Prdx1,Etfb,Dgkz,Vim,Cox5a,Ap3m2,Hnrnpk,Cd9,Ctsd,Atp1a3,Rab35,Ptk2b,Map1lc3a,Camk1,H2aj,Nf1,Hnrnpa1,Ndufs2,Camk2b,Srsf2,Sgip1,Ube2v2,Prkacb,LOC103690002,H3c1,Atp5pb,Glul,H3c1-2,Rab1b,Aldoa,Kng1,Utrn,H3c1-3,Myo18a,Grpel1,Kif5a,Psma7,Apoe,Hadhb,Adk,Gria1,Epn2,Nudt3,Ubc,H3c1-4,Itpr3,Hsp90aa1",1.06e-05,6e-04,"Membrane-bounded organelle"
"Component","GO:0098984",12,464,10116,"10116.ENSRNOP00000008999,10116.ENSRNOP00000012279,10116.ENSRNOP00000017375,10116.ENSRNOP00000018072,10116.ENSRNOP00000024280,10116.ENSRNOP00000025980,10116.ENSRNOP00000027497,10116.ENSRNOP00000031615,10116.ENSRNOP00000033456,10116.ENSRNOP00000050393,10116.ENSRNOP00000058882,10116.ENSRNOP00000074119","Sh3gl2,Dynll2,Dbnl,Add1,Dgkz,Hnrnpk,Atp1a3,Ptk2b,Camk1,Nf1,Camk2b,Gria1",1.39e-05,0.00076,"Neuron to neuron synapse"
"Component","GO:0005938",10,334,10116,"10116.ENSRNOP00000001417,10116.ENSRNOP00000007794,10116.ENSRNOP00000009813,10116.ENSRNOP00000016220,10116.ENSRNOP00000017375,10116.ENSRNOP00000018711,10116.ENSRNOP00000025980,10116.ENSRNOP00000031615,10116.ENSRNOP00000064265,10116.ENSRNOP00000069754","Rac1,Dstn,Fgb,Mapre1,Dbnl,Cap1,Hnrnpk,Ptk2b,Septin10,Utrn",2.25e-05,0.0012,"Cell cortex"
"Component","GO:0030659",15,753,10116,"10116.ENSRNOP00000001417,10116.ENSRNOP00000004249,10116.ENSRNOP00000008999,10116.ENSRNOP00000011275,10116.ENSRNOP00000013299,10116.ENSRNOP00000017375,10116.ENSRNOP00000020720,10116.ENSRNOP00000022383,10116.ENSRNOP00000025675,10116.ENSRNOP00000027407,10116.ENSRNOP00000029070,10116.ENSRNOP00000059906,10116.ENSRNOP00000074119,10116.ENSRNOP00000074461,10116.ENSRNOP00000075066","Rac1,Rab26,Sh3gl2,Bsg,Rab43,Dbnl,Slc32a1,Slc17a6,Ap3m2,Ctsd,Rab35,Sgip1,Gria1,Epn2,Itpr3",2.35e-05,0.0012,"Cytoplasmic vesicle membrane"
"Component","GO:0000786",6,104,10116,"10116.ENSRNOP00000044986,10116.ENSRNOP00000064421,10116.ENSRNOP00000064431,10116.ENSRNOP00000067217,10116.ENSRNOP00000069899,10116.ENSRNOP00000074909","H2aj,LOC103690002,H3c1,H3c1-2,H3c1-3,H3c1-4",3.44e-05,0.0017,"Nucleosome"
"Component","GO:0043231",82,10661,10116,"10116.ENSRNOP00000000617,10116.ENSRNOP00000000749,10116.ENSRNOP00000000772,10116.ENSRNOP00000001115,10116.ENSRNOP00000001417,10116.ENSRNOP00000002410,10116.ENSRNOP00000003787,10116.ENSRNOP00000004249,10116.ENSRNOP00000004699,10116.ENSRNOP00000008980,10116.ENSRNOP00000008999,10116.ENSRNOP00000009556,10116.ENSRNOP00000009813,10116.ENSRNOP00000011275,10116.ENSRNOP00000012114,10116.ENSRNOP00000013184,10116.ENSRNOP00000013299,10116.ENSRNOP00000015561,10116.ENSRNOP00000015786,10116.ENSRNOP00000015956,10116.ENSRNOP00000016220,10116.ENSRNOP00000016981,10116.ENSRNOP00000017375,10116.ENSRNOP00000017805,10116.ENSRNOP00000017965,10116.ENSRNOP00000018072,10116.ENSRNOP00000019174,10116.ENSRNOP00000019265,10116.ENSRNOP00000019508,10116.ENSRNOP00000020325,10116.ENSRNOP00000020670,10116.ENSRNOP00000020720,10116.ENSRNOP00000020908,10116.ENSRNOP00000021629,10116.ENSRNOP00000021920,10116.ENSRNOP00000022363,10116.ENSRNOP00000022383,10116.ENSRNOP00000023132,10116.ENSRNOP00000024083,10116.ENSRNOP00000024280,10116.ENSRNOP00000024430,10116.ENSRNOP00000025525,10116.ENSRNOP00000025675,10116.ENSRNOP00000025980,10116.ENSRNOP00000027407,10116.ENSRNOP00000027497,10116.ENSRNOP00000029070,10116.ENSRNOP00000031615,10116.ENSRNOP00000032429,10116.ENSRNOP00000033456,10116.ENSRNOP00000044986,10116.ENSRNOP00000050393,10116.ENSRNOP00000052160,10116.ENSRNOP00000055224,10116.ENSRNOP00000058882,10116.ENSRNOP00000059012,10116.ENSRNOP00000059906,10116.ENSRNOP00000062102,10116.ENSRNOP00000062228,10116.ENSRNOP00000064421,10116.ENSRNOP00000064431,10116.ENSRNOP00000065147,10116.ENSRNOP00000065890,10116.ENSRNOP00000067217,10116.ENSRNOP00000067788,10116.ENSRNOP00000068764,10116.ENSRNOP00000069578,10116.ENSRNOP00000069754,10116.ENSRNOP00000069899,10116.ENSRNOP00000070473,10116.ENSRNOP00000070967,10116.ENSRNOP00000071611,10116.ENSRNOP00000071702,10116.ENSRNOP00000072480,10116.ENSRNOP00000073983,10116.ENSRNOP00000074119,10116.ENSRNOP00000074461,10116.ENSRNOP00000074608,10116.ENSRNOP00000074688,10116.ENSRNOP00000074909,10116.ENSRNOP00000075066,10116.ENSRNOP00000075715","Mapk14,Cisd1,Hint1,Ddx39b,Rac1,Ehhadh,Ptges3,Rab26,Prkca,Dld,Sh3gl2,LOC103692716,Fgb,Bsg,Pdcd6ip,Dync1i1,Rab43,Slc25a18,Auh,Got2,Mapre1,Ywhab,Dbnl,Nceh1,Ldhb,Add1,Gnaq,Arpc2,Rps2,Aldh7a1,Atp5f1d,Slc32a1,Nol3,Rad23b,LOC100911417,Hras,Slc17a6,Prdx1,Etfb,Dgkz,Vim,Cox5a,Ap3m2,Hnrnpk,Ctsd,Atp1a3,Rab35,Ptk2b,Map1lc3a,Camk1,H2aj,Nf1,Hnrnpa1,Ndufs2,Camk2b,Srsf2,Sgip1,Ube2v2,Prkacb,LOC103690002,H3c1,Atp5pb,Glul,H3c1-2,Rab1b,Aldoa,Kng1,Utrn,H3c1-3,Myo18a,Grpel1,Psma7,Apoe,Hadhb,Adk,Gria1,Epn2,Nudt3,Ubc,H3c1-4,Itpr3,Hsp90aa1",3.53e-05,0.0017,"Intracellular membrane-bounded organelle"
"Component","GO:0043226",91,12387,10116,"10116.ENSRNOP00000000617,10116.ENSRNOP00000000749,10116.ENSRNOP00000000772,10116.ENSRNOP00000001115,10116.ENSRNOP00000001417,10116.ENSRNOP00000002410,10116.ENSRNOP00000003787,10116.ENSRNOP00000004249,10116.ENSRNOP00000004699,10116.ENSRNOP00000007794,10116.ENSRNOP00000008980,10116.ENSRNOP00000008999,10116.ENSRNOP00000009556,10116.ENSRNOP00000009813,10116.ENSRNOP00000011275,10116.ENSRNOP00000012114,10116.ENSRNOP00000012279,10116.ENSRNOP00000013184,10116.ENSRNOP00000013299,10116.ENSRNOP00000015561,10116.ENSRNOP00000015786,10116.ENSRNOP00000015956,10116.ENSRNOP00000016220,10116.ENSRNOP00000016981,10116.ENSRNOP00000017375,10116.ENSRNOP00000017468,10116.ENSRNOP00000017805,10116.ENSRNOP00000017965,10116.ENSRNOP00000018072,10116.ENSRNOP00000018711,10116.ENSRNOP00000019174,10116.ENSRNOP00000019265,10116.ENSRNOP00000019508,10116.ENSRNOP00000020325,10116.ENSRNOP00000020670,10116.ENSRNOP00000020720,10116.ENSRNOP00000020822,10116.ENSRNOP00000020908,10116.ENSRNOP00000021629,10116.ENSRNOP00000021920,10116.ENSRNOP00000022363,10116.ENSRNOP00000022383,10116.ENSRNOP00000023132,10116.ENSRNOP00000024083,10116.ENSRNOP00000024280,10116.ENSRNOP00000024430,10116.ENSRNOP00000025525,10116.ENSRNOP00000025675,10116.ENSRNOP00000025980,10116.ENSRNOP00000026633,10116.ENSRNOP00000027407,10116.ENSRNOP00000027497,10116.ENSRNOP00000029070,10116.ENSRNOP00000031615,10116.ENSRNOP00000032429,10116.ENSRNOP00000033456,10116.ENSRNOP00000044986,10116.ENSRNOP00000050393,10116.ENSRNOP00000052160,10116.ENSRNOP00000055224,10116.ENSRNOP00000058882,10116.ENSRNOP00000059012,10116.ENSRNOP00000059906,10116.ENSRNOP00000062102,10116.ENSRNOP00000062228,10116.ENSRNOP00000064092,10116.ENSRNOP00000064265,10116.ENSRNOP00000064421,10116.ENSRNOP00000064431,10116.ENSRNOP00000065147,10116.ENSRNOP00000065890,10116.ENSRNOP00000067217,10116.ENSRNOP00000067788,10116.ENSRNOP00000068764,10116.ENSRNOP00000069578,10116.ENSRNOP00000069754,10116.ENSRNOP00000069899,10116.ENSRNOP00000070473,10116.ENSRNOP00000070967,10116.ENSRNOP00000071539,10116.ENSRNOP00000071611,10116.ENSRNOP00000071702,10116.ENSRNOP00000072480,10116.ENSRNOP00000073983,10116.ENSRNOP00000074119,10116.ENSRNOP00000074461,10116.ENSRNOP00000074608,10116.ENSRNOP00000074688,10116.ENSRNOP00000074909,10116.ENSRNOP00000075066,10116.ENSRNOP00000075715","Mapk14,Cisd1,Hint1,Ddx39b,Rac1,Ehhadh,Ptges3,Rab26,Prkca,Dstn,Dld,Sh3gl2,LOC103692716,Fgb,Bsg,Pdcd6ip,Dynll2,Dync1i1,Rab43,Slc25a18,Auh,Got2,Mapre1,Ywhab,Dbnl,Ldha,Nceh1,Ldhb,Add1,Cap1,Gnaq,Arpc2,Rps2,Aldh7a1,Atp5f1d,Slc32a1,Rhoq,Nol3,Rad23b,LOC100911417,Hras,Slc17a6,Prdx1,Etfb,Dgkz,Vim,Cox5a,Ap3m2,Hnrnpk,Cd9,Ctsd,Atp1a3,Rab35,Ptk2b,Map1lc3a,Camk1,H2aj,Nf1,Hnrnpa1,Ndufs2,Camk2b,Srsf2,Sgip1,Ube2v2,Prkacb,Pdxp,Septin10,LOC103690002,H3c1,Atp5pb,Glul,H3c1-2,Rab1b,Aldoa,Kng1,Utrn,H3c1-3,Myo18a,Grpel1,Kif5a,Psma7,Apoe,Hadhb,Adk,Gria1,Epn2,Nudt3,Ubc,H3c1-4,Itpr3,Hsp90aa1",3.84e-05,0.0018,"Organelle"
"Component","GO:0043229",89,12046,10116,"10116.ENSRNOP00000000617,10116.ENSRNOP00000000749,10116.ENSRNOP00000000772,10116.ENSRNOP00000001115,10116.ENSRNOP00000001417,10116.ENSRNOP00000002410,10116.ENSRNOP00000003787,10116.ENSRNOP00000004249,10116.ENSRNOP00000004699,10116.ENSRNOP00000007794,10116.ENSRNOP00000008980,10116.ENSRNOP00000008999,10116.ENSRNOP00000009556,10116.ENSRNOP00000009813,10116.ENSRNOP00000011275,10116.ENSRNOP00000012114,10116.ENSRNOP00000012279,10116.ENSRNOP00000013184,10116.ENSRNOP00000013299,10116.ENSRNOP00000015561,10116.ENSRNOP00000015786,10116.ENSRNOP00000015956,10116.ENSRNOP00000016220,10116.ENSRNOP00000016981,10116.ENSRNOP00000017375,10116.ENSRNOP00000017805,10116.ENSRNOP00000017965,10116.ENSRNOP00000018072,10116.ENSRNOP00000018711,10116.ENSRNOP00000019174,10116.ENSRNOP00000019265,10116.ENSRNOP00000019508,10116.ENSRNOP00000020325,10116.ENSRNOP00000020670,10116.ENSRNOP00000020720,10116.ENSRNOP00000020822,10116.ENSRNOP00000020908,10116.ENSRNOP00000021629,10116.ENSRNOP00000021920,10116.ENSRNOP00000022363,10116.ENSRNOP00000022383,10116.ENSRNOP00000023132,10116.ENSRNOP00000024083,10116.ENSRNOP00000024280,10116.ENSRNOP00000024430,10116.ENSRNOP00000025525,10116.ENSRNOP00000025675,10116.ENSRNOP00000025980,10116.ENSRNOP00000027407,10116.ENSRNOP00000027497,10116.ENSRNOP00000029070,10116.ENSRNOP00000031615,10116.ENSRNOP00000032429,10116.ENSRNOP00000033456,10116.ENSRNOP00000044986,10116.ENSRNOP00000050393,10116.ENSRNOP00000052160,10116.ENSRNOP00000055224,10116.ENSRNOP00000058882,10116.ENSRNOP00000059012,10116.ENSRNOP00000059906,10116.ENSRNOP00000062102,10116.ENSRNOP00000062228,10116.ENSRNOP00000064092,10116.ENSRNOP00000064265,10116.ENSRNOP00000064421,10116.ENSRNOP00000064431,10116.ENSRNOP00000065147,10116.ENSRNOP00000065890,10116.ENSRNOP00000067217,10116.ENSRNOP00000067788,10116.ENSRNOP00000068764,10116.ENSRNOP00000069578,10116.ENSRNOP00000069754,10116.ENSRNOP00000069899,10116.ENSRNOP00000070473,10116.ENSRNOP00000070967,10116.ENSRNOP00000071539,10116.ENSRNOP00000071611,10116.ENSRNOP00000071702,10116.ENSRNOP00000072480,10116.ENSRNOP00000073983,10116.ENSRNOP00000074119,10116.ENSRNOP00000074461,10116.ENSRNOP00000074608,10116.ENSRNOP00000074688,10116.ENSRNOP00000074909,10116.ENSRNOP00000075066,10116.ENSRNOP00000075715","Mapk14,Cisd1,Hint1,Ddx39b,Rac1,Ehhadh,Ptges3,Rab26,Prkca,Dstn,Dld,Sh3gl2,LOC103692716,Fgb,Bsg,Pdcd6ip,Dynll2,Dync1i1,Rab43,Slc25a18,Auh,Got2,Mapre1,Ywhab,Dbnl,Nceh1,Ldhb,Add1,Cap1,Gnaq,Arpc2,Rps2,Aldh7a1,Atp5f1d,Slc32a1,Rhoq,Nol3,Rad23b,LOC100911417,Hras,Slc17a6,Prdx1,Etfb,Dgkz,Vim,Cox5a,Ap3m2,Hnrnpk,Ctsd,Atp1a3,Rab35,Ptk2b,Map1lc3a,Camk1,H2aj,Nf1,Hnrnpa1,Ndufs2,Camk2b,Srsf2,Sgip1,Ube2v2,Prkacb,Pdxp,Septin10,LOC103690002,H3c1,Atp5pb,Glul,H3c1-2,Rab1b,Aldoa,Kng1,Utrn,H3c1-3,Myo18a,Grpel1,Kif5a,Psma7,Apoe,Hadhb,Adk,Gria1,Epn2,Nudt3,Ubc,H3c1-4,Itpr3,Hsp90aa1",4.65e-05,0.0021,"Intracellular organelle"
"Component","GO:0030427",8,233,10116,"10116.ENSRNOP00000009556,10116.ENSRNOP00000017375,10116.ENSRNOP00000019265,10116.ENSRNOP00000022485,10116.ENSRNOP00000031615,10116.ENSRNOP00000069754,10116.ENSRNOP00000071539,10116.ENSRNOP00000075715","LOC103692716,Dbnl,Arpc2,Ngef,Ptk2b,Utrn,Kif5a,Hsp90aa1",6.09e-05,0.0027,"Site of polarized growth"
"Component","GO:0031966",13,631,10116,"10116.ENSRNOP00000000749,10116.ENSRNOP00000004699,10116.ENSRNOP00000015561,10116.ENSRNOP00000015956,10116.ENSRNOP00000017965,10116.ENSRNOP00000020670,10116.ENSRNOP00000021920,10116.ENSRNOP00000025525,10116.ENSRNOP00000055224,10116.ENSRNOP00000065147,10116.ENSRNOP00000070967,10116.ENSRNOP00000072480,10116.ENSRNOP00000074688","Cisd1,Prkca,Slc25a18,Got2,Ldhb,Atp5f1d,LOC100911417,Cox5a,Ndufs2,Atp5pb,Grpel1,Hadhb,Ubc",6.1e-05,0.0027,"Mitochondrial membrane"
"Component","GO:0070161",17,1053,10116,"10116.ENSRNOP00000001417,10116.ENSRNOP00000004699,10116.ENSRNOP00000008999,10116.ENSRNOP00000012114,10116.ENSRNOP00000016220,10116.ENSRNOP00000017375,10116.ENSRNOP00000018072,10116.ENSRNOP00000019265,10116.ENSRNOP00000020411,10116.ENSRNOP00000022383,10116.ENSRNOP00000025980,10116.ENSRNOP00000031615,10116.ENSRNOP00000040899,10116.ENSRNOP00000058882,10116.ENSRNOP00000064092,10116.ENSRNOP00000069754,10116.ENSRNOP00000074119","Rac1,Prkca,Sh3gl2,Pdcd6ip,Mapre1,Dbnl,Add1,Arpc2,Lgi1,Slc17a6,Hnrnpk,Ptk2b,Cadm2,Camk2b,Pdxp,Utrn,Gria1",8.76e-05,0.0037,"Anchoring junction"
"Component","GO:0048471",14,759,10116,"10116.ENSRNOP00000003787,10116.ENSRNOP00000004699,10116.ENSRNOP00000008999,10116.ENSRNOP00000009556,10116.ENSRNOP00000013184,10116.ENSRNOP00000016981,10116.ENSRNOP00000018072,10116.ENSRNOP00000024430,10116.ENSRNOP00000031615,10116.ENSRNOP00000062228,10116.ENSRNOP00000067788,10116.ENSRNOP00000071539,10116.ENSRNOP00000075066,10116.ENSRNOP00000075715","Ptges3,Prkca,Sh3gl2,LOC103692716,Dync1i1,Ywhab,Add1,Vim,Ptk2b,Prkacb,Rab1b,Kif5a,Itpr3,Hsp90aa1",1e-04,0.0042,"Perinuclear region of cytoplasm"
"Component","GO:0005743",10,404,10116,"10116.ENSRNOP00000015561,10116.ENSRNOP00000015956,10116.ENSRNOP00000017965,10116.ENSRNOP00000020670,10116.ENSRNOP00000021920,10116.ENSRNOP00000025525,10116.ENSRNOP00000055224,10116.ENSRNOP00000065147,10116.ENSRNOP00000070967,10116.ENSRNOP00000072480","Slc25a18,Got2,Ldhb,Atp5f1d,LOC100911417,Cox5a,Ndufs2,Atp5pb,Grpel1,Hadhb",0.00011,0.0043,"Mitochondrial inner membrane"
"Component","GO:0098796",18,1187,10116,"10116.ENSRNOP00000003283,10116.ENSRNOP00000004699,10116.ENSRNOP00000006329,10116.ENSRNOP00000019174,10116.ENSRNOP00000020670,10116.ENSRNOP00000021920,10116.ENSRNOP00000025525,10116.ENSRNOP00000025675,10116.ENSRNOP00000027497,10116.ENSRNOP00000031615,10116.ENSRNOP00000055224,10116.ENSRNOP00000059906,10116.ENSRNOP00000065147,10116.ENSRNOP00000069754,10116.ENSRNOP00000070967,10116.ENSRNOP00000073266,10116.ENSRNOP00000074119,10116.ENSRNOP00000074461","Plp1,Prkca,Napb,Gnaq,Atp5f1d,LOC100911417,Cox5a,Ap3m2,Atp1a3,Ptk2b,Ndufs2,Sgip1,Atp5pb,Utrn,Grpel1,Gnal,Gria1,Epn2",0.00012,0.0046,"Membrane protein complex"
"Component","GO:0031253",9,338,10116,"10116.ENSRNOP00000001417,10116.ENSRNOP00000009556,10116.ENSRNOP00000016220,10116.ENSRNOP00000019265,10116.ENSRNOP00000029070,10116.ENSRNOP00000064092,10116.ENSRNOP00000069754,10116.ENSRNOP00000074119,10116.ENSRNOP00000075715","Rac1,LOC103692716,Mapre1,Arpc2,Rab35,Pdxp,Utrn,Gria1,Hsp90aa1",0.00014,0.0054,"Cell projection membrane"
"Component","GO:0030672",6,138,10116,"10116.ENSRNOP00000004249,10116.ENSRNOP00000008999,10116.ENSRNOP00000020720,10116.ENSRNOP00000022383,10116.ENSRNOP00000029070,10116.ENSRNOP00000074119","Rab26,Sh3gl2,Slc32a1,Slc17a6,Rab35,Gria1",0.00015,0.0058,"Synaptic vesicle membrane"
"Component","GO:1990204",6,138,10116,"10116.ENSRNOP00000008980,10116.ENSRNOP00000017468,10116.ENSRNOP00000017965,10116.ENSRNOP00000024083,10116.ENSRNOP00000055224,10116.ENSRNOP00000074647","Dld,Ldha,Ldhb,Etfb,Ndufs2,Gpd1",0.00015,0.0058,"Oxidoreductase complex"
"Component","GO:0005856",25,2058,10116,"10116.ENSRNOP00000000617,10116.ENSRNOP00000001417,10116.ENSRNOP00000003787,10116.ENSRNOP00000007794,10116.ENSRNOP00000012114,10116.ENSRNOP00000012279,10116.ENSRNOP00000013184,10116.ENSRNOP00000016220,10116.ENSRNOP00000017375,10116.ENSRNOP00000018072,10116.ENSRNOP00000018711,10116.ENSRNOP00000019265,10116.ENSRNOP00000020822,10116.ENSRNOP00000024430,10116.ENSRNOP00000025980,10116.ENSRNOP00000031615,10116.ENSRNOP00000032429,10116.ENSRNOP00000058882,10116.ENSRNOP00000062228,10116.ENSRNOP00000064092,10116.ENSRNOP00000064265,10116.ENSRNOP00000068764,10116.ENSRNOP00000069754,10116.ENSRNOP00000070473,10116.ENSRNOP00000071539","Mapk14,Rac1,Ptges3,Dstn,Pdcd6ip,Dynll2,Dync1i1,Mapre1,Dbnl,Add1,Cap1,Arpc2,Rhoq,Vim,Hnrnpk,Ptk2b,Map1lc3a,Camk2b,Prkacb,Pdxp,Septin10,Aldoa,Utrn,Myo18a,Kif5a",0.00017,0.006,"Cytoskeleton"
"Component","GO:0071944",53,6088,10116,"10116.ENSRNOP00000001417,10116.ENSRNOP00000003283,10116.ENSRNOP00000004249,10116.ENSRNOP00000004699,10116.ENSRNOP00000007794,10116.ENSRNOP00000008342,10116.ENSRNOP00000008999,10116.ENSRNOP00000009556,10116.ENSRNOP00000009813,10116.ENSRNOP00000011275,10116.ENSRNOP00000012114,10116.ENSRNOP00000013005,10116.ENSRNOP00000015956,10116.ENSRNOP00000016220,10116.ENSRNOP00000017375,10116.ENSRNOP00000017805,10116.ENSRNOP00000018072,10116.ENSRNOP00000018711,10116.ENSRNOP00000018821,10116.ENSRNOP00000019174,10116.ENSRNOP00000019265,10116.ENSRNOP00000020822,10116.ENSRNOP00000022363,10116.ENSRNOP00000024280,10116.ENSRNOP00000024430,10116.ENSRNOP00000025496,10116.ENSRNOP00000025980,10116.ENSRNOP00000026633,10116.ENSRNOP00000027497,10116.ENSRNOP00000029070,10116.ENSRNOP00000031615,10116.ENSRNOP00000035271,10116.ENSRNOP00000040899,10116.ENSRNOP00000059906,10116.ENSRNOP00000060967,10116.ENSRNOP00000062228,10116.ENSRNOP00000064092,10116.ENSRNOP00000064265,10116.ENSRNOP00000064489,10116.ENSRNOP00000065890,10116.ENSRNOP00000066885,10116.ENSRNOP00000068764,10116.ENSRNOP00000069754,10116.ENSRNOP00000070988,10116.ENSRNOP00000071535,10116.ENSRNOP00000071702,10116.ENSRNOP00000073266,10116.ENSRNOP00000073983,10116.ENSRNOP00000074119,10116.ENSRNOP00000074461,10116.ENSRNOP00000074536,10116.ENSRNOP00000075066,10116.ENSRNOP00000075715","Rac1,Plp1,Rab26,Prkca,Dstn,Slc6a11,Sh3gl2,LOC103692716,Fgb,Bsg,Pdcd6ip,Enpp6,Got2,Mapre1,Dbnl,Nceh1,Add1,Cap1,Slc6a12,Gnaq,Arpc2,Rhoq,Hras,Dgkz,Vim,Bcan,Hnrnpk,Cd9,Atp1a3,Rab35,Ptk2b,Negr1,Cadm2,Sgip1,Cd59,Prkacb,Pdxp,Septin10,LOC100912380,Glul,C3,Aldoa,Utrn,Gpm6b,Slc44a1,Apoe,Gnal,Adk,Gria1,Epn2,Slc6a8,Itpr3,Hsp90aa1",0.00017,0.006,"Cell periphery"
"Component","GO:0014069",10,431,10116,"10116.ENSRNOP00000012279,10116.ENSRNOP00000017375,10116.ENSRNOP00000018072,10116.ENSRNOP00000024280,10116.ENSRNOP00000025980,10116.ENSRNOP00000031615,10116.ENSRNOP00000033456,10116.ENSRNOP00000050393,10116.ENSRNOP00000058882,10116.ENSRNOP00000074119","Dynll2,Dbnl,Add1,Dgkz,Hnrnpk,Ptk2b,Camk1,Nf1,Camk2b,Gria1",0.00018,0.0061,"Postsynaptic density"
"Component","GO:0043204",7,205,10116,"10116.ENSRNOP00000015956,10116.ENSRNOP00000017375,10116.ENSRNOP00000019265,10116.ENSRNOP00000058882,10116.ENSRNOP00000065890,10116.ENSRNOP00000069578,10116.ENSRNOP00000071539","Got2,Dbnl,Arpc2,Camk2b,Glul,Kng1,Kif5a",0.00018,0.0062,"Perikaryon"
"Component","GO:0032993",7,213,10116,"10116.ENSRNOP00000025980,10116.ENSRNOP00000044986,10116.ENSRNOP00000064421,10116.ENSRNOP00000064431,10116.ENSRNOP00000067217,10116.ENSRNOP00000069899,10116.ENSRNOP00000074909","Hnrnpk,H2aj,LOC103690002,H3c1,H3c1-2,H3c1-3,H3c1-4",0.00023,0.0075,"protein-DNA complex"
"Component","GO:0005768",14,849,10116,"10116.ENSRNOP00000001417,10116.ENSRNOP00000004249,10116.ENSRNOP00000008999,10116.ENSRNOP00000012114,10116.ENSRNOP00000013184,10116.ENSRNOP00000017375,10116.ENSRNOP00000019265,10116.ENSRNOP00000022383,10116.ENSRNOP00000027407,10116.ENSRNOP00000029070,10116.ENSRNOP00000032429,10116.ENSRNOP00000071702,10116.ENSRNOP00000074119,10116.ENSRNOP00000074461","Rac1,Rab26,Sh3gl2,Pdcd6ip,Dync1i1,Dbnl,Arpc2,Slc17a6,Ctsd,Rab35,Map1lc3a,Apoe,Gria1,Epn2",0.00031,0.0098,"Endosome"
"Component","GO:0030426",7,224,10116,"10116.ENSRNOP00000009556,10116.ENSRNOP00000019265,10116.ENSRNOP00000022485,10116.ENSRNOP00000031615,10116.ENSRNOP00000069754,10116.ENSRNOP00000071539,10116.ENSRNOP00000075715","LOC103692716,Arpc2,Ngef,Ptk2b,Utrn,Kif5a,Hsp90aa1",0.00031,0.0098,"Growth cone"
"Component","GO:0031225",6,160,10116,"10116.ENSRNOP00000004249,10116.ENSRNOP00000013005,10116.ENSRNOP00000025496,10116.ENSRNOP00000029070,10116.ENSRNOP00000035271,10116.ENSRNOP00000060967","Rab26,Enpp6,Bcan,Rab35,Negr1,Cd59",0.00033,0.0098,"Anchored component of membrane"
"Component","GO:0043197",7,225,10116,"10116.ENSRNOP00000001417,10116.ENSRNOP00000018072,10116.ENSRNOP00000019265,10116.ENSRNOP00000025980,10116.ENSRNOP00000027497,10116.ENSRNOP00000031615,10116.ENSRNOP00000074119","Rac1,Add1,Arpc2,Hnrnpk,Atp1a3,Ptk2b,Gria1",0.00032,0.0098,"Dendritic spine"
"Component","GO:0043679",7,228,10116,"10116.ENSRNOP00000004699,10116.ENSRNOP00000019265,10116.ENSRNOP00000020720,10116.ENSRNOP00000025980,10116.ENSRNOP00000027497,10116.ENSRNOP00000059906,10116.ENSRNOP00000065890","Prkca,Arpc2,Slc32a1,Hnrnpk,Atp1a3,Sgip1,Glul",0.00034,0.0098,"Axon terminus"
"Component","GO:0044292",3,21,10116,"10116.ENSRNOP00000009556,10116.ENSRNOP00000020720,10116.ENSRNOP00000075715","LOC103692716,Slc32a1,Hsp90aa1",0.00031,0.0098,"Dendrite terminus"
"Component","GO:0098798",8,304,10116,"10116.ENSRNOP00000008980,10116.ENSRNOP00000020670,10116.ENSRNOP00000021920,10116.ENSRNOP00000025525,10116.ENSRNOP00000055224,10116.ENSRNOP00000065147,10116.ENSRNOP00000070967,10116.ENSRNOP00000072480","Dld,Atp5f1d,LOC100911417,Cox5a,Ndufs2,Atp5pb,Grpel1,Hadhb",0.00036,0.0099,"Mitochondrial protein-containing complex"
"Component","GO:0005886",49,5640,10116,"10116.ENSRNOP00000001417,10116.ENSRNOP00000003283,10116.ENSRNOP00000004249,10116.ENSRNOP00000004699,10116.ENSRNOP00000008342,10116.ENSRNOP00000008999,10116.ENSRNOP00000009556,10116.ENSRNOP00000009813,10116.ENSRNOP00000011275,10116.ENSRNOP00000012114,10116.ENSRNOP00000013005,10116.ENSRNOP00000015956,10116.ENSRNOP00000016220,10116.ENSRNOP00000017375,10116.ENSRNOP00000017805,10116.ENSRNOP00000018072,10116.ENSRNOP00000018711,10116.ENSRNOP00000018821,10116.ENSRNOP00000019174,10116.ENSRNOP00000019265,10116.ENSRNOP00000020822,10116.ENSRNOP00000022363,10116.ENSRNOP00000024280,10116.ENSRNOP00000024430,10116.ENSRNOP00000026633,10116.ENSRNOP00000027497,10116.ENSRNOP00000029070,10116.ENSRNOP00000031615,10116.ENSRNOP00000035271,10116.ENSRNOP00000040899,10116.ENSRNOP00000059906,10116.ENSRNOP00000060967,10116.ENSRNOP00000062228,10116.ENSRNOP00000064092,10116.ENSRNOP00000064489,10116.ENSRNOP00000065890,10116.ENSRNOP00000066885,10116.ENSRNOP00000068764,10116.ENSRNOP00000069754,10116.ENSRNOP00000070988,10116.ENSRNOP00000071535,10116.ENSRNOP00000071702,10116.ENSRNOP00000073266,10116.ENSRNOP00000073983,10116.ENSRNOP00000074119,10116.ENSRNOP00000074461,10116.ENSRNOP00000074536,10116.ENSRNOP00000075066,10116.ENSRNOP00000075715","Rac1,Plp1,Rab26,Prkca,Slc6a11,Sh3gl2,LOC103692716,Fgb,Bsg,Pdcd6ip,Enpp6,Got2,Mapre1,Dbnl,Nceh1,Add1,Cap1,Slc6a12,Gnaq,Arpc2,Rhoq,Hras,Dgkz,Vim,Cd9,Atp1a3,Rab35,Ptk2b,Negr1,Cadm2,Sgip1,Cd59,Prkacb,Pdxp,LOC100912380,Glul,C3,Aldoa,Utrn,Gpm6b,Slc44a1,Apoe,Gnal,Adk,Gria1,Epn2,Slc6a8,Itpr3,Hsp90aa1",0.00039,0.0106,"Plasma membrane"
"Component","GO:0031967",16,1086,10116,"10116.ENSRNOP00000000749,10116.ENSRNOP00000004699,10116.ENSRNOP00000015561,10116.ENSRNOP00000015956,10116.ENSRNOP00000017965,10116.ENSRNOP00000019174,10116.ENSRNOP00000020670,10116.ENSRNOP00000021920,10116.ENSRNOP00000025525,10116.ENSRNOP00000055224,10116.ENSRNOP00000065147,10116.ENSRNOP00000070967,10116.ENSRNOP00000071702,10116.ENSRNOP00000072480,10116.ENSRNOP00000074688,10116.ENSRNOP00000075066","Cisd1,Prkca,Slc25a18,Got2,Ldhb,Gnaq,Atp5f1d,LOC100911417,Cox5a,Ndufs2,Atp5pb,Grpel1,Apoe,Hadhb,Ubc,Itpr3",0.00039,0.0106,"Organelle envelope"
"Component","GO:0045334",3,23,10116,"10116.ENSRNOP00000029070,10116.ENSRNOP00000059906,10116.ENSRNOP00000074461","Rab35,Sgip1,Epn2",0.00039,0.0106,"Clathrin-coated endocytic vesicle"
"Component","GO:0098800",6,168,10116,"10116.ENSRNOP00000020670,10116.ENSRNOP00000021920,10116.ENSRNOP00000025525,10116.ENSRNOP00000055224,10116.ENSRNOP00000065147,10116.ENSRNOP00000070967","Atp5f1d,LOC100911417,Cox5a,Ndufs2,Atp5pb,Grpel1",0.00043,0.0109,"Inner mitochondrial membrane protein complex"
"Component","GO:0005753",3,24,10116,"10116.ENSRNOP00000020670,10116.ENSRNOP00000021920,10116.ENSRNOP00000065147","Atp5f1d,LOC100911417,Atp5pb",0.00044,0.0111,"Mitochondrial proton-transporting ATP synthase complex"
"Component","GO:0030863",5,117,10116,"10116.ENSRNOP00000007794,10116.ENSRNOP00000016220,10116.ENSRNOP00000017375,10116.ENSRNOP00000018711,10116.ENSRNOP00000069754","Dstn,Mapre1,Dbnl,Cap1,Utrn",6e-04,0.0143,"Cortical cytoskeleton"
"Component","GO:0098563",4,65,10116,"10116.ENSRNOP00000004249,10116.ENSRNOP00000020720,10116.ENSRNOP00000022383,10116.ENSRNOP00000029070","Rab26,Slc32a1,Slc17a6,Rab35",0.00059,0.0143,"Intrinsic component of synaptic vesicle membrane"
"Component","GO:0097440",3,29,10116,"10116.ENSRNOP00000019265,10116.ENSRNOP00000031615,10116.ENSRNOP00000071539","Arpc2,Ptk2b,Kif5a",0.00073,0.0173,"Apical dendrite"
"Component","GO:0005929",12,722,10116,"10116.ENSRNOP00000001417,10116.ENSRNOP00000004699,10116.ENSRNOP00000008980,10116.ENSRNOP00000009556,10116.ENSRNOP00000011275,10116.ENSRNOP00000012279,10116.ENSRNOP00000016220,10116.ENSRNOP00000017468,10116.ENSRNOP00000062228,10116.ENSRNOP00000068764,10116.ENSRNOP00000071539,10116.ENSRNOP00000075715","Rac1,Prkca,Dld,LOC103692716,Bsg,Dynll2,Mapre1,Ldha,Prkacb,Aldoa,Kif5a,Hsp90aa1",0.00079,0.0185,"Cilium"
"Component","GO:1902494",19,1520,10116,"10116.ENSRNOP00000000772,10116.ENSRNOP00000008980,10116.ENSRNOP00000012279,10116.ENSRNOP00000013184,10116.ENSRNOP00000017468,10116.ENSRNOP00000017965,10116.ENSRNOP00000019174,10116.ENSRNOP00000021629,10116.ENSRNOP00000022363,10116.ENSRNOP00000024083,10116.ENSRNOP00000025980,10116.ENSRNOP00000052160,10116.ENSRNOP00000055224,10116.ENSRNOP00000062102,10116.ENSRNOP00000064489,10116.ENSRNOP00000066885,10116.ENSRNOP00000071611,10116.ENSRNOP00000073266,10116.ENSRNOP00000074647","Hint1,Dld,Dynll2,Dync1i1,Ldha,Ldhb,Gnaq,Rad23b,Hras,Etfb,Hnrnpk,Hnrnpa1,Ndufs2,Ube2v2,LOC100912380,C3,Psma7,Gnal,Gpd1",0.00082,0.0188,"Catalytic complex"
"Component","GO:0030027",6,195,10116,"10116.ENSRNOP00000001417,10116.ENSRNOP00000017375,10116.ENSRNOP00000019265,10116.ENSRNOP00000024280,10116.ENSRNOP00000031615,10116.ENSRNOP00000064092","Rac1,Dbnl,Arpc2,Dgkz,Ptk2b,Pdxp",0.00091,0.0206,"Lamellipodium"
"Component","GO:0030139",6,200,10116,"10116.ENSRNOP00000013299,10116.ENSRNOP00000024430,10116.ENSRNOP00000029070,10116.ENSRNOP00000059906,10116.ENSRNOP00000070473,10116.ENSRNOP00000074461","Rab43,Vim,Rab35,Sgip1,Myo18a,Epn2",0.001,0.0229,"Endocytic vesicle"
"Component","GO:0097226",2,7,10116,"10116.ENSRNOP00000009556,10116.ENSRNOP00000075715","LOC103692716,Hsp90aa1",0.0011,0.0235,"Sperm mitochondrial sheath"
"Component","GO:0002102",3,34,10116,"10116.ENSRNOP00000017375,10116.ENSRNOP00000019265,10116.ENSRNOP00000025980","Dbnl,Arpc2,Hnrnpk",0.0011,0.0245,"Podosome"
"Component","GO:0098590",17,1319,10116,"10116.ENSRNOP00000001417,10116.ENSRNOP00000008342,10116.ENSRNOP00000009556,10116.ENSRNOP00000011275,10116.ENSRNOP00000016220,10116.ENSRNOP00000017375,10116.ENSRNOP00000019174,10116.ENSRNOP00000019265,10116.ENSRNOP00000026633,10116.ENSRNOP00000027497,10116.ENSRNOP00000029070,10116.ENSRNOP00000059906,10116.ENSRNOP00000064092,10116.ENSRNOP00000069754,10116.ENSRNOP00000074119,10116.ENSRNOP00000074536,10116.ENSRNOP00000075715","Rac1,Slc6a11,LOC103692716,Bsg,Mapre1,Dbnl,Gnaq,Arpc2,Cd9,Atp1a3,Rab35,Sgip1,Pdxp,Utrn,Gria1,Slc6a8,Hsp90aa1",0.0011,0.0245,"Plasma membrane region"
"Component","GO:0099503",11,657,10116,"10116.ENSRNOP00000004249,10116.ENSRNOP00000008980,10116.ENSRNOP00000008999,10116.ENSRNOP00000009813,10116.ENSRNOP00000011275,10116.ENSRNOP00000019265,10116.ENSRNOP00000020720,10116.ENSRNOP00000022383,10116.ENSRNOP00000029070,10116.ENSRNOP00000074119,10116.ENSRNOP00000075066","Rab26,Dld,Sh3gl2,Fgb,Bsg,Arpc2,Slc32a1,Slc17a6,Rab35,Gria1,Itpr3",0.0012,0.0264,"Secretory vesicle"
"Component","GO:1905360",3,37,10116,"10116.ENSRNOP00000019174,10116.ENSRNOP00000022363,10116.ENSRNOP00000073266","Gnaq,Hras,Gnal",0.0014,0.0297,"GTPase complex"
"Component","GO:0030864",4,86,10116,"10116.ENSRNOP00000007794,10116.ENSRNOP00000017375,10116.ENSRNOP00000018711,10116.ENSRNOP00000069754","Dstn,Dbnl,Cap1,Utrn",0.0016,0.0331,"Cortical actin cytoskeleton"
"Component","GO:0030128",2,10,10116,"10116.ENSRNOP00000059906,10116.ENSRNOP00000074461","Sgip1,Epn2",0.0019,0.0399,"Clathrin coat of endocytic vesicle"
"Component","GO:0045121",8,400,10116,"10116.ENSRNOP00000004699,10116.ENSRNOP00000011275,10116.ENSRNOP00000017965,10116.ENSRNOP00000019174,10116.ENSRNOP00000020822,10116.ENSRNOP00000027407,10116.ENSRNOP00000031615,10116.ENSRNOP00000070988","Prkca,Bsg,Ldhb,Gnaq,Rhoq,Ctsd,Ptk2b,Gpm6b",0.002,0.0408,"Membrane raft"
"Component","GO:0030118",3,45,10116,"10116.ENSRNOP00000025675,10116.ENSRNOP00000059906,10116.ENSRNOP00000074461","Ap3m2,Sgip1,Epn2",0.0024,0.0477,"Clathrin coat"
"Function","GO:0005515",87,7133,10116,"10116.ENSRNOP00000000617,10116.ENSRNOP00000000749,10116.ENSRNOP00000001115,10116.ENSRNOP00000001417,10116.ENSRNOP00000001581,10116.ENSRNOP00000002410,10116.ENSRNOP00000003787,10116.ENSRNOP00000004385,10116.ENSRNOP00000004699,10116.ENSRNOP00000006329,10116.ENSRNOP00000007794,10116.ENSRNOP00000008999,10116.ENSRNOP00000009183,10116.ENSRNOP00000009556,10116.ENSRNOP00000009813,10116.ENSRNOP00000011275,10116.ENSRNOP00000012114,10116.ENSRNOP00000012279,10116.ENSRNOP00000013184,10116.ENSRNOP00000015956,10116.ENSRNOP00000016220,10116.ENSRNOP00000016981,10116.ENSRNOP00000017375,10116.ENSRNOP00000017468,10116.ENSRNOP00000017965,10116.ENSRNOP00000018072,10116.ENSRNOP00000018711,10116.ENSRNOP00000019174,10116.ENSRNOP00000019265,10116.ENSRNOP00000019508,10116.ENSRNOP00000020325,10116.ENSRNOP00000020411,10116.ENSRNOP00000020822,10116.ENSRNOP00000020908,10116.ENSRNOP00000021629,10116.ENSRNOP00000022363,10116.ENSRNOP00000022485,10116.ENSRNOP00000023132,10116.ENSRNOP00000024430,10116.ENSRNOP00000025980,10116.ENSRNOP00000026633,10116.ENSRNOP00000027497,10116.ENSRNOP00000028603,10116.ENSRNOP00000028838,10116.ENSRNOP00000031615,10116.ENSRNOP00000032429,10116.ENSRNOP00000033456,10116.ENSRNOP00000044986,10116.ENSRNOP00000050393,10116.ENSRNOP00000052160,10116.ENSRNOP00000055224,10116.ENSRNOP00000058882,10116.ENSRNOP00000059012,10116.ENSRNOP00000059906,10116.ENSRNOP00000060967,10116.ENSRNOP00000062228,10116.ENSRNOP00000062447,10116.ENSRNOP00000064092,10116.ENSRNOP00000064421,10116.ENSRNOP00000064431,10116.ENSRNOP00000065890,10116.ENSRNOP00000066885,10116.ENSRNOP00000067069,10116.ENSRNOP00000067217,10116.ENSRNOP00000067695,10116.ENSRNOP00000068764,10116.ENSRNOP00000068875,10116.ENSRNOP00000069578,10116.ENSRNOP00000069754,10116.ENSRNOP00000069899,10116.ENSRNOP00000069937,10116.ENSRNOP00000070324,10116.ENSRNOP00000070473,10116.ENSRNOP00000070967,10116.ENSRNOP00000071528,10116.ENSRNOP00000071539,10116.ENSRNOP00000071611,10116.ENSRNOP00000071702,10116.ENSRNOP00000073266,10116.ENSRNOP00000074119,10116.ENSRNOP00000074461,10116.ENSRNOP00000074647,10116.ENSRNOP00000074688,10116.ENSRNOP00000074909,10116.ENSRNOP00000075066,10116.ENSRNOP00000075076,10116.ENSRNOP00000075715","Mapk14,Cisd1,Ddx39b,Rac1,Gltp,Ehhadh,Ptges3,Qdpr,Prkca,Napb,Dstn,Sh3gl2,Pygl,LOC103692716,Fgb,Bsg,Pdcd6ip,Dynll2,Dync1i1,Got2,Mapre1,Ywhab,Dbnl,Ldha,Ldhb,Add1,Cap1,Gnaq,Arpc2,Rps2,Aldh7a1,Lgi1,Rhoq,Nol3,Rad23b,Hras,Ngef,Prdx1,Vim,Hnrnpk,Cd9,Atp1a3,Fxyd7,Itpa,Ptk2b,Map1lc3a,Camk1,H2aj,Nf1,Hnrnpa1,Ndufs2,Camk2b,Srsf2,Sgip1,Cd59,Prkacb,Ncald,Pdxp,LOC103690002,H3c1,Glul,C3,Pnpo,H3c1-2,Gmfb,Aldoa,Hbb-b1,Kng1,Utrn,H3c1-3,LOC103694857,Hbb,Myo18a,Grpel1,LOC100134871,Kif5a,Psma7,Apoe,Gnal,Gria1,Epn2,Gpd1,Ubc,H3c1-4,Itpr3,Sh3glb2,Hsp90aa1",5.44e-18,2.39e-14,"Protein binding"
"Function","GO:0005488",112,12427,10116,"10116.ENSRNOP00000000617,10116.ENSRNOP00000000749,10116.ENSRNOP00000000772,10116.ENSRNOP00000001115,10116.ENSRNOP00000001417,10116.ENSRNOP00000001581,10116.ENSRNOP00000002410,10116.ENSRNOP00000003283,10116.ENSRNOP00000003787,10116.ENSRNOP00000004249,10116.ENSRNOP00000004385,10116.ENSRNOP00000004699,10116.ENSRNOP00000006329,10116.ENSRNOP00000007794,10116.ENSRNOP00000008342,10116.ENSRNOP00000008980,10116.ENSRNOP00000008999,10116.ENSRNOP00000009183,10116.ENSRNOP00000009556,10116.ENSRNOP00000009813,10116.ENSRNOP00000011275,10116.ENSRNOP00000012114,10116.ENSRNOP00000012279,10116.ENSRNOP00000013005,10116.ENSRNOP00000013184,10116.ENSRNOP00000013299,10116.ENSRNOP00000015786,10116.ENSRNOP00000015956,10116.ENSRNOP00000016220,10116.ENSRNOP00000016981,10116.ENSRNOP00000017375,10116.ENSRNOP00000017468,10116.ENSRNOP00000017805,10116.ENSRNOP00000017965,10116.ENSRNOP00000018072,10116.ENSRNOP00000018325,10116.ENSRNOP00000018711,10116.ENSRNOP00000019174,10116.ENSRNOP00000019265,10116.ENSRNOP00000019508,10116.ENSRNOP00000020325,10116.ENSRNOP00000020411,10116.ENSRNOP00000020670,10116.ENSRNOP00000020822,10116.ENSRNOP00000020908,10116.ENSRNOP00000021629,10116.ENSRNOP00000021920,10116.ENSRNOP00000022363,10116.ENSRNOP00000022485,10116.ENSRNOP00000023132,10116.ENSRNOP00000024083,10116.ENSRNOP00000024280,10116.ENSRNOP00000024430,10116.ENSRNOP00000025496,10116.ENSRNOP00000025525,10116.ENSRNOP00000025980,10116.ENSRNOP00000026633,10116.ENSRNOP00000027407,10116.ENSRNOP00000027497,10116.ENSRNOP00000028603,10116.ENSRNOP00000028838,10116.ENSRNOP00000029070,10116.ENSRNOP00000031615,10116.ENSRNOP00000032429,10116.ENSRNOP00000033456,10116.ENSRNOP00000044986,10116.ENSRNOP00000050393,10116.ENSRNOP00000052160,10116.ENSRNOP00000055224,10116.ENSRNOP00000058882,10116.ENSRNOP00000059012,10116.ENSRNOP00000059906,10116.ENSRNOP00000060967,10116.ENSRNOP00000062228,10116.ENSRNOP00000062447,10116.ENSRNOP00000064092,10116.ENSRNOP00000064265,10116.ENSRNOP00000064421,10116.ENSRNOP00000064431,10116.ENSRNOP00000064489,10116.ENSRNOP00000065147,10116.ENSRNOP00000065890,10116.ENSRNOP00000066885,10116.ENSRNOP00000067069,10116.ENSRNOP00000067217,10116.ENSRNOP00000067695,10116.ENSRNOP00000067788,10116.ENSRNOP00000068764,10116.ENSRNOP00000068875,10116.ENSRNOP00000069578,10116.ENSRNOP00000069754,10116.ENSRNOP00000069899,10116.ENSRNOP00000069937,10116.ENSRNOP00000070324,10116.ENSRNOP00000070473,10116.ENSRNOP00000070967,10116.ENSRNOP00000071528,10116.ENSRNOP00000071539,10116.ENSRNOP00000071611,10116.ENSRNOP00000071702,10116.ENSRNOP00000072480,10116.ENSRNOP00000073266,10116.ENSRNOP00000073983,10116.ENSRNOP00000074119,10116.ENSRNOP00000074461,10116.ENSRNOP00000074608,10116.ENSRNOP00000074647,10116.ENSRNOP00000074688,10116.ENSRNOP00000074909,10116.ENSRNOP00000075066,10116.ENSRNOP00000075076,10116.ENSRNOP00000075715","Mapk14,Cisd1,Hint1,Ddx39b,Rac1,Gltp,Ehhadh,Plp1,Ptges3,Rab26,Qdpr,Prkca,Napb,Dstn,Slc6a11,Dld,Sh3gl2,Pygl,LOC103692716,Fgb,Bsg,Pdcd6ip,Dynll2,Enpp6,Dync1i1,Rab43,Auh,Got2,Mapre1,Ywhab,Dbnl,Ldha,Nceh1,Ldhb,Add1,Gsta1,Cap1,Gnaq,Arpc2,Rps2,Aldh7a1,Lgi1,Atp5f1d,Rhoq,Nol3,Rad23b,LOC100911417,Hras,Ngef,Prdx1,Etfb,Dgkz,Vim,Bcan,Cox5a,Hnrnpk,Cd9,Ctsd,Atp1a3,Fxyd7,Itpa,Rab35,Ptk2b,Map1lc3a,Camk1,H2aj,Nf1,Hnrnpa1,Ndufs2,Camk2b,Srsf2,Sgip1,Cd59,Prkacb,Ncald,Pdxp,Septin10,LOC103690002,H3c1,LOC100912380,Atp5pb,Glul,C3,Pnpo,H3c1-2,Gmfb,Rab1b,Aldoa,Hbb-b1,Kng1,Utrn,H3c1-3,LOC103694857,Hbb,Myo18a,Grpel1,LOC100134871,Kif5a,Psma7,Apoe,Hadhb,Gnal,Adk,Gria1,Epn2,Nudt3,Gpd1,Ubc,H3c1-4,Itpr3,Sh3glb2,Hsp90aa1",5.87e-17,1.29e-13,"Binding"
"Function","GO:0036094",46,2451,10116,"10116.ENSRNOP00000000617,10116.ENSRNOP00000000772,10116.ENSRNOP00000001115,10116.ENSRNOP00000001417,10116.ENSRNOP00000002410,10116.ENSRNOP00000004249,10116.ENSRNOP00000004385,10116.ENSRNOP00000004699,10116.ENSRNOP00000008980,10116.ENSRNOP00000009183,10116.ENSRNOP00000009556,10116.ENSRNOP00000011275,10116.ENSRNOP00000013299,10116.ENSRNOP00000015956,10116.ENSRNOP00000017468,10116.ENSRNOP00000017965,10116.ENSRNOP00000019174,10116.ENSRNOP00000020822,10116.ENSRNOP00000022363,10116.ENSRNOP00000024083,10116.ENSRNOP00000024280,10116.ENSRNOP00000027497,10116.ENSRNOP00000028838,10116.ENSRNOP00000029070,10116.ENSRNOP00000031615,10116.ENSRNOP00000033456,10116.ENSRNOP00000055224,10116.ENSRNOP00000058882,10116.ENSRNOP00000062228,10116.ENSRNOP00000064265,10116.ENSRNOP00000065890,10116.ENSRNOP00000067069,10116.ENSRNOP00000067788,10116.ENSRNOP00000068764,10116.ENSRNOP00000068875,10116.ENSRNOP00000069937,10116.ENSRNOP00000070324,10116.ENSRNOP00000070473,10116.ENSRNOP00000070967,10116.ENSRNOP00000071528,10116.ENSRNOP00000071539,10116.ENSRNOP00000073266,10116.ENSRNOP00000073983,10116.ENSRNOP00000074647,10116.ENSRNOP00000075066,10116.ENSRNOP00000075715","Mapk14,Hint1,Ddx39b,Rac1,Ehhadh,Rab26,Qdpr,Prkca,Dld,Pygl,LOC103692716,Bsg,Rab43,Got2,Ldha,Ldhb,Gnaq,Rhoq,Hras,Etfb,Dgkz,Atp1a3,Itpa,Rab35,Ptk2b,Camk1,Ndufs2,Camk2b,Prkacb,Septin10,Glul,Pnpo,Rab1b,Aldoa,Hbb-b1,LOC103694857,Hbb,Myo18a,Grpel1,LOC100134871,Kif5a,Gnal,Adk,Gpd1,Itpr3,Hsp90aa1",3.78e-14,5.54e-11,"Small molecule binding"
"Function","GO:0044877",33,1514,10116,"10116.ENSRNOP00000001115,10116.ENSRNOP00000001417,10116.ENSRNOP00000003283,10116.ENSRNOP00000004699,10116.ENSRNOP00000007794,10116.ENSRNOP00000012279,10116.ENSRNOP00000013184,10116.ENSRNOP00000016981,10116.ENSRNOP00000017375,10116.ENSRNOP00000018072,10116.ENSRNOP00000019174,10116.ENSRNOP00000019265,10116.ENSRNOP00000019508,10116.ENSRNOP00000020670,10116.ENSRNOP00000021629,10116.ENSRNOP00000021920,10116.ENSRNOP00000022363,10116.ENSRNOP00000024430,10116.ENSRNOP00000025980,10116.ENSRNOP00000026633,10116.ENSRNOP00000031615,10116.ENSRNOP00000064489,10116.ENSRNOP00000065147,10116.ENSRNOP00000067695,10116.ENSRNOP00000069754,10116.ENSRNOP00000070324,10116.ENSRNOP00000070473,10116.ENSRNOP00000071539,10116.ENSRNOP00000071702,10116.ENSRNOP00000072480,10116.ENSRNOP00000073266,10116.ENSRNOP00000074119,10116.ENSRNOP00000075066","Ddx39b,Rac1,Plp1,Prkca,Dstn,Dynll2,Dync1i1,Ywhab,Dbnl,Add1,Gnaq,Arpc2,Rps2,Atp5f1d,Rad23b,LOC100911417,Hras,Vim,Hnrnpk,Cd9,Ptk2b,LOC100912380,Atp5pb,Gmfb,Utrn,Hbb,Myo18a,Kif5a,Apoe,Hadhb,Gnal,Gria1,Itpr3",1e-11,1.1e-08,"Protein-containing complex binding"
"Function","GO:0000166",38,2080,10116,"10116.ENSRNOP00000000617,10116.ENSRNOP00000000772,10116.ENSRNOP00000001115,10116.ENSRNOP00000001417,10116.ENSRNOP00000002410,10116.ENSRNOP00000004249,10116.ENSRNOP00000004385,10116.ENSRNOP00000004699,10116.ENSRNOP00000008980,10116.ENSRNOP00000009183,10116.ENSRNOP00000009556,10116.ENSRNOP00000013299,10116.ENSRNOP00000017468,10116.ENSRNOP00000017965,10116.ENSRNOP00000019174,10116.ENSRNOP00000020822,10116.ENSRNOP00000022363,10116.ENSRNOP00000024083,10116.ENSRNOP00000024280,10116.ENSRNOP00000027497,10116.ENSRNOP00000028838,10116.ENSRNOP00000029070,10116.ENSRNOP00000031615,10116.ENSRNOP00000033456,10116.ENSRNOP00000055224,10116.ENSRNOP00000058882,10116.ENSRNOP00000062228,10116.ENSRNOP00000064265,10116.ENSRNOP00000065890,10116.ENSRNOP00000067069,10116.ENSRNOP00000067788,10116.ENSRNOP00000070473,10116.ENSRNOP00000070967,10116.ENSRNOP00000071539,10116.ENSRNOP00000073266,10116.ENSRNOP00000073983,10116.ENSRNOP00000074647,10116.ENSRNOP00000075715","Mapk14,Hint1,Ddx39b,Rac1,Ehhadh,Rab26,Qdpr,Prkca,Dld,Pygl,LOC103692716,Rab43,Ldha,Ldhb,Gnaq,Rhoq,Hras,Etfb,Dgkz,Atp1a3,Itpa,Rab35,Ptk2b,Camk1,Ndufs2,Camk2b,Prkacb,Septin10,Glul,Pnpo,Rab1b,Myo18a,Grpel1,Kif5a,Gnal,Adk,Gpd1,Hsp90aa1",3.15e-11,2.77e-08,"Nucleotide binding"
"Function","GO:0042802",34,2120,10116,"10116.ENSRNOP00000000749,10116.ENSRNOP00000001115,10116.ENSRNOP00000001581,10116.ENSRNOP00000004385,10116.ENSRNOP00000008999,10116.ENSRNOP00000009183,10116.ENSRNOP00000009556,10116.ENSRNOP00000012114,10116.ENSRNOP00000012279,10116.ENSRNOP00000015956,10116.ENSRNOP00000016220,10116.ENSRNOP00000016981,10116.ENSRNOP00000017468,10116.ENSRNOP00000017965,10116.ENSRNOP00000018072,10116.ENSRNOP00000020325,10116.ENSRNOP00000020908,10116.ENSRNOP00000023132,10116.ENSRNOP00000024430,10116.ENSRNOP00000025980,10116.ENSRNOP00000028838,10116.ENSRNOP00000058882,10116.ENSRNOP00000064092,10116.ENSRNOP00000065890,10116.ENSRNOP00000067069,10116.ENSRNOP00000068764,10116.ENSRNOP00000070967,10116.ENSRNOP00000071611,10116.ENSRNOP00000071702,10116.ENSRNOP00000074119,10116.ENSRNOP00000074647,10116.ENSRNOP00000075066,10116.ENSRNOP00000075076,10116.ENSRNOP00000075715","Cisd1,Ddx39b,Gltp,Qdpr,Sh3gl2,Pygl,LOC103692716,Pdcd6ip,Dynll2,Got2,Mapre1,Ywhab,Ldha,Ldhb,Add1,Aldh7a1,Nol3,Prdx1,Vim,Hnrnpk,Itpa,Camk2b,Pdxp,Glul,Pnpo,Aldoa,Grpel1,Psma7,Apoe,Gria1,Gpd1,Itpr3,Sh3glb2,Hsp90aa1",1.28e-08,8.05e-06,"Identical protein binding"
"Function","GO:0043168",35,2316,10116,"10116.ENSRNOP00000000617,10116.ENSRNOP00000001115,10116.ENSRNOP00000001417,10116.ENSRNOP00000001581,10116.ENSRNOP00000002410,10116.ENSRNOP00000004249,10116.ENSRNOP00000004385,10116.ENSRNOP00000004699,10116.ENSRNOP00000008980,10116.ENSRNOP00000009183,10116.ENSRNOP00000009556,10116.ENSRNOP00000013299,10116.ENSRNOP00000015956,10116.ENSRNOP00000017805,10116.ENSRNOP00000018325,10116.ENSRNOP00000019174,10116.ENSRNOP00000020822,10116.ENSRNOP00000022363,10116.ENSRNOP00000024280,10116.ENSRNOP00000027497,10116.ENSRNOP00000029070,10116.ENSRNOP00000031615,10116.ENSRNOP00000033456,10116.ENSRNOP00000058882,10116.ENSRNOP00000062228,10116.ENSRNOP00000064265,10116.ENSRNOP00000065890,10116.ENSRNOP00000067069,10116.ENSRNOP00000067788,10116.ENSRNOP00000070473,10116.ENSRNOP00000071539,10116.ENSRNOP00000073266,10116.ENSRNOP00000073983,10116.ENSRNOP00000075066,10116.ENSRNOP00000075715","Mapk14,Ddx39b,Rac1,Gltp,Ehhadh,Rab26,Qdpr,Prkca,Dld,Pygl,LOC103692716,Rab43,Got2,Nceh1,Gsta1,Gnaq,Rhoq,Hras,Dgkz,Atp1a3,Rab35,Ptk2b,Camk1,Camk2b,Prkacb,Septin10,Glul,Pnpo,Rab1b,Myo18a,Kif5a,Gnal,Adk,Itpr3,Hsp90aa1",3.25e-08,1.78e-05,"Anion binding"
"Function","GO:1901363",58,5360,10116,"10116.ENSRNOP00000000617,10116.ENSRNOP00000000772,10116.ENSRNOP00000001115,10116.ENSRNOP00000001417,10116.ENSRNOP00000002410,10116.ENSRNOP00000004249,10116.ENSRNOP00000004385,10116.ENSRNOP00000004699,10116.ENSRNOP00000008980,10116.ENSRNOP00000009183,10116.ENSRNOP00000009556,10116.ENSRNOP00000013299,10116.ENSRNOP00000015786,10116.ENSRNOP00000015956,10116.ENSRNOP00000017468,10116.ENSRNOP00000017965,10116.ENSRNOP00000019174,10116.ENSRNOP00000019508,10116.ENSRNOP00000020822,10116.ENSRNOP00000021629,10116.ENSRNOP00000022363,10116.ENSRNOP00000023132,10116.ENSRNOP00000024083,10116.ENSRNOP00000024280,10116.ENSRNOP00000024430,10116.ENSRNOP00000025980,10116.ENSRNOP00000027497,10116.ENSRNOP00000028838,10116.ENSRNOP00000029070,10116.ENSRNOP00000031615,10116.ENSRNOP00000033456,10116.ENSRNOP00000044986,10116.ENSRNOP00000052160,10116.ENSRNOP00000055224,10116.ENSRNOP00000058882,10116.ENSRNOP00000059012,10116.ENSRNOP00000062228,10116.ENSRNOP00000064265,10116.ENSRNOP00000064421,10116.ENSRNOP00000064431,10116.ENSRNOP00000065890,10116.ENSRNOP00000067069,10116.ENSRNOP00000067217,10116.ENSRNOP00000067788,10116.ENSRNOP00000068875,10116.ENSRNOP00000069899,10116.ENSRNOP00000069937,10116.ENSRNOP00000070324,10116.ENSRNOP00000070473,10116.ENSRNOP00000070967,10116.ENSRNOP00000071528,10116.ENSRNOP00000071539,10116.ENSRNOP00000072480,10116.ENSRNOP00000073266,10116.ENSRNOP00000073983,10116.ENSRNOP00000074647,10116.ENSRNOP00000074909,10116.ENSRNOP00000075715","Mapk14,Hint1,Ddx39b,Rac1,Ehhadh,Rab26,Qdpr,Prkca,Dld,Pygl,LOC103692716,Rab43,Auh,Got2,Ldha,Ldhb,Gnaq,Rps2,Rhoq,Rad23b,Hras,Prdx1,Etfb,Dgkz,Vim,Hnrnpk,Atp1a3,Itpa,Rab35,Ptk2b,Camk1,H2aj,Hnrnpa1,Ndufs2,Camk2b,Srsf2,Prkacb,Septin10,LOC103690002,H3c1,Glul,Pnpo,H3c1-2,Rab1b,Hbb-b1,H3c1-3,LOC103694857,Hbb,Myo18a,Grpel1,LOC100134871,Kif5a,Hadhb,Gnal,Adk,Gpd1,H3c1-4,Hsp90aa1",3.61e-08,1.78e-05,"Heterocyclic compound binding"
"Function","GO:0097159",58,5431,10116,"10116.ENSRNOP00000000617,10116.ENSRNOP00000000772,10116.ENSRNOP00000001115,10116.ENSRNOP00000001417,10116.ENSRNOP00000002410,10116.ENSRNOP00000004249,10116.ENSRNOP00000004385,10116.ENSRNOP00000004699,10116.ENSRNOP00000008980,10116.ENSRNOP00000009183,10116.ENSRNOP00000009556,10116.ENSRNOP00000013299,10116.ENSRNOP00000015786,10116.ENSRNOP00000015956,10116.ENSRNOP00000017468,10116.ENSRNOP00000017965,10116.ENSRNOP00000019174,10116.ENSRNOP00000019508,10116.ENSRNOP00000020822,10116.ENSRNOP00000021629,10116.ENSRNOP00000022363,10116.ENSRNOP00000023132,10116.ENSRNOP00000024083,10116.ENSRNOP00000024280,10116.ENSRNOP00000024430,10116.ENSRNOP00000025980,10116.ENSRNOP00000027497,10116.ENSRNOP00000028838,10116.ENSRNOP00000029070,10116.ENSRNOP00000031615,10116.ENSRNOP00000033456,10116.ENSRNOP00000044986,10116.ENSRNOP00000052160,10116.ENSRNOP00000055224,10116.ENSRNOP00000058882,10116.ENSRNOP00000059012,10116.ENSRNOP00000062228,10116.ENSRNOP00000064265,10116.ENSRNOP00000064421,10116.ENSRNOP00000064431,10116.ENSRNOP00000065890,10116.ENSRNOP00000067069,10116.ENSRNOP00000067217,10116.ENSRNOP00000067788,10116.ENSRNOP00000068875,10116.ENSRNOP00000069899,10116.ENSRNOP00000069937,10116.ENSRNOP00000070324,10116.ENSRNOP00000070473,10116.ENSRNOP00000070967,10116.ENSRNOP00000071528,10116.ENSRNOP00000071539,10116.ENSRNOP00000072480,10116.ENSRNOP00000073266,10116.ENSRNOP00000073983,10116.ENSRNOP00000074647,10116.ENSRNOP00000074909,10116.ENSRNOP00000075715","Mapk14,Hint1,Ddx39b,Rac1,Ehhadh,Rab26,Qdpr,Prkca,Dld,Pygl,LOC103692716,Rab43,Auh,Got2,Ldha,Ldhb,Gnaq,Rps2,Rhoq,Rad23b,Hras,Prdx1,Etfb,Dgkz,Vim,Hnrnpk,Atp1a3,Itpa,Rab35,Ptk2b,Camk1,H2aj,Hnrnpa1,Ndufs2,Camk2b,Srsf2,Prkacb,Septin10,LOC103690002,H3c1,Glul,Pnpo,H3c1-2,Rab1b,Hbb-b1,H3c1-3,LOC103694857,Hbb,Myo18a,Grpel1,LOC100134871,Kif5a,Hadhb,Gnal,Adk,Gpd1,H3c1-4,Hsp90aa1",5.89e-08,2.59e-05,"Organic cyclic compound binding"
"Function","GO:0016462",17,625,10116,"10116.ENSRNOP00000001115,10116.ENSRNOP00000001417,10116.ENSRNOP00000004249,10116.ENSRNOP00000009556,10116.ENSRNOP00000013299,10116.ENSRNOP00000019174,10116.ENSRNOP00000020822,10116.ENSRNOP00000022363,10116.ENSRNOP00000027497,10116.ENSRNOP00000028838,10116.ENSRNOP00000029070,10116.ENSRNOP00000064265,10116.ENSRNOP00000067788,10116.ENSRNOP00000071539,10116.ENSRNOP00000073266,10116.ENSRNOP00000074608,10116.ENSRNOP00000075715","Ddx39b,Rac1,Rab26,LOC103692716,Rab43,Gnaq,Rhoq,Hras,Atp1a3,Itpa,Rab35,Septin10,Rab1b,Kif5a,Gnal,Nudt3,Hsp90aa1",9.86e-08,3.94e-05,"Pyrophosphatase activity"
"Function","GO:0019899",33,2216,10116,"10116.ENSRNOP00000000617,10116.ENSRNOP00000001417,10116.ENSRNOP00000002410,10116.ENSRNOP00000003787,10116.ENSRNOP00000004699,10116.ENSRNOP00000008999,10116.ENSRNOP00000009556,10116.ENSRNOP00000015956,10116.ENSRNOP00000016220,10116.ENSRNOP00000016981,10116.ENSRNOP00000017468,10116.ENSRNOP00000017965,10116.ENSRNOP00000018711,10116.ENSRNOP00000019265,10116.ENSRNOP00000019508,10116.ENSRNOP00000020908,10116.ENSRNOP00000024430,10116.ENSRNOP00000025980,10116.ENSRNOP00000028603,10116.ENSRNOP00000031615,10116.ENSRNOP00000032429,10116.ENSRNOP00000055224,10116.ENSRNOP00000058882,10116.ENSRNOP00000059012,10116.ENSRNOP00000062228,10116.ENSRNOP00000068764,10116.ENSRNOP00000069578,10116.ENSRNOP00000069754,10116.ENSRNOP00000070967,10116.ENSRNOP00000071702,10116.ENSRNOP00000074119,10116.ENSRNOP00000074688,10116.ENSRNOP00000075715","Mapk14,Rac1,Ehhadh,Ptges3,Prkca,Sh3gl2,LOC103692716,Got2,Mapre1,Ywhab,Ldha,Ldhb,Cap1,Arpc2,Rps2,Nol3,Vim,Hnrnpk,Fxyd7,Ptk2b,Map1lc3a,Ndufs2,Camk2b,Srsf2,Prkacb,Aldoa,Kng1,Utrn,Grpel1,Apoe,Gria1,Ubc,Hsp90aa1",1.28e-07,4.22e-05,"Enzyme binding"
"Function","GO:0008092",21,1006,10116,"10116.ENSRNOP00000007794,10116.ENSRNOP00000009556,10116.ENSRNOP00000013184,10116.ENSRNOP00000016220,10116.ENSRNOP00000017375,10116.ENSRNOP00000018072,10116.ENSRNOP00000018711,10116.ENSRNOP00000019265,10116.ENSRNOP00000025980,10116.ENSRNOP00000032429,10116.ENSRNOP00000050393,10116.ENSRNOP00000059906,10116.ENSRNOP00000062447,10116.ENSRNOP00000067695,10116.ENSRNOP00000068764,10116.ENSRNOP00000069754,10116.ENSRNOP00000070473,10116.ENSRNOP00000071539,10116.ENSRNOP00000071702,10116.ENSRNOP00000074119,10116.ENSRNOP00000075715","Dstn,LOC103692716,Dync1i1,Mapre1,Dbnl,Add1,Cap1,Arpc2,Hnrnpk,Map1lc3a,Nf1,Sgip1,Ncald,Gmfb,Aldoa,Utrn,Myo18a,Kif5a,Apoe,Gria1,Hsp90aa1",2.15e-07,6.31e-05,"Cytoskeletal protein binding"
"Function","GO:0031721",4,7,10116,"10116.ENSRNOP00000068875,10116.ENSRNOP00000069937,10116.ENSRNOP00000070324,10116.ENSRNOP00000071528","Hbb-b1,LOC103694857,Hbb,LOC100134871",2.88e-07,7.92e-05,"Hemoglobin alpha binding"
"Function","GO:0051287",7,79,10116,"10116.ENSRNOP00000002410,10116.ENSRNOP00000004385,10116.ENSRNOP00000008980,10116.ENSRNOP00000017468,10116.ENSRNOP00000017965,10116.ENSRNOP00000055224,10116.ENSRNOP00000074647","Ehhadh,Qdpr,Dld,Ldha,Ldhb,Ndufs2,Gpd1",5.08e-07,0.00013,"NAD binding"
"Function","GO:0043167",53,5069,10116,"10116.ENSRNOP00000000617,10116.ENSRNOP00000000749,10116.ENSRNOP00000001115,10116.ENSRNOP00000001417,10116.ENSRNOP00000001581,10116.ENSRNOP00000002410,10116.ENSRNOP00000004249,10116.ENSRNOP00000004385,10116.ENSRNOP00000004699,10116.ENSRNOP00000008980,10116.ENSRNOP00000009183,10116.ENSRNOP00000009556,10116.ENSRNOP00000013005,10116.ENSRNOP00000013299,10116.ENSRNOP00000015956,10116.ENSRNOP00000017805,10116.ENSRNOP00000018325,10116.ENSRNOP00000019174,10116.ENSRNOP00000020822,10116.ENSRNOP00000020908,10116.ENSRNOP00000022363,10116.ENSRNOP00000024280,10116.ENSRNOP00000025496,10116.ENSRNOP00000025525,10116.ENSRNOP00000027497,10116.ENSRNOP00000028838,10116.ENSRNOP00000029070,10116.ENSRNOP00000031615,10116.ENSRNOP00000033456,10116.ENSRNOP00000050393,10116.ENSRNOP00000055224,10116.ENSRNOP00000058882,10116.ENSRNOP00000062228,10116.ENSRNOP00000062447,10116.ENSRNOP00000064092,10116.ENSRNOP00000064265,10116.ENSRNOP00000064489,10116.ENSRNOP00000065890,10116.ENSRNOP00000067069,10116.ENSRNOP00000067788,10116.ENSRNOP00000068875,10116.ENSRNOP00000069754,10116.ENSRNOP00000069937,10116.ENSRNOP00000070324,10116.ENSRNOP00000070473,10116.ENSRNOP00000071528,10116.ENSRNOP00000071539,10116.ENSRNOP00000071702,10116.ENSRNOP00000073266,10116.ENSRNOP00000073983,10116.ENSRNOP00000074608,10116.ENSRNOP00000075066,10116.ENSRNOP00000075715","Mapk14,Cisd1,Ddx39b,Rac1,Gltp,Ehhadh,Rab26,Qdpr,Prkca,Dld,Pygl,LOC103692716,Enpp6,Rab43,Got2,Nceh1,Gsta1,Gnaq,Rhoq,Nol3,Hras,Dgkz,Bcan,Cox5a,Atp1a3,Itpa,Rab35,Ptk2b,Camk1,Nf1,Ndufs2,Camk2b,Prkacb,Ncald,Pdxp,Septin10,LOC100912380,Glul,Pnpo,Rab1b,Hbb-b1,Utrn,LOC103694857,Hbb,Myo18a,LOC100134871,Kif5a,Apoe,Gnal,Adk,Nudt3,Itpr3,Hsp90aa1",7.07e-07,0.00017,"Ion binding"
"Function","GO:0097367",31,2149,10116,"10116.ENSRNOP00000000617,10116.ENSRNOP00000001115,10116.ENSRNOP00000001417,10116.ENSRNOP00000001581,10116.ENSRNOP00000004249,10116.ENSRNOP00000004699,10116.ENSRNOP00000009183,10116.ENSRNOP00000009556,10116.ENSRNOP00000013299,10116.ENSRNOP00000019174,10116.ENSRNOP00000020822,10116.ENSRNOP00000022363,10116.ENSRNOP00000024280,10116.ENSRNOP00000025496,10116.ENSRNOP00000027497,10116.ENSRNOP00000029070,10116.ENSRNOP00000031615,10116.ENSRNOP00000033456,10116.ENSRNOP00000050393,10116.ENSRNOP00000058882,10116.ENSRNOP00000062228,10116.ENSRNOP00000064265,10116.ENSRNOP00000065890,10116.ENSRNOP00000067069,10116.ENSRNOP00000067788,10116.ENSRNOP00000070473,10116.ENSRNOP00000071539,10116.ENSRNOP00000071702,10116.ENSRNOP00000073266,10116.ENSRNOP00000073983,10116.ENSRNOP00000075715","Mapk14,Ddx39b,Rac1,Gltp,Rab26,Prkca,Pygl,LOC103692716,Rab43,Gnaq,Rhoq,Hras,Dgkz,Bcan,Atp1a3,Rab35,Ptk2b,Camk1,Nf1,Camk2b,Prkacb,Septin10,Glul,Pnpo,Rab1b,Myo18a,Kif5a,Apoe,Gnal,Adk,Hsp90aa1",6.85e-07,0.00017,"Carbohydrate derivative binding"
"Function","GO:0017111",15,572,10116,"10116.ENSRNOP00000001115,10116.ENSRNOP00000001417,10116.ENSRNOP00000004249,10116.ENSRNOP00000009556,10116.ENSRNOP00000013299,10116.ENSRNOP00000019174,10116.ENSRNOP00000020822,10116.ENSRNOP00000022363,10116.ENSRNOP00000027497,10116.ENSRNOP00000029070,10116.ENSRNOP00000064265,10116.ENSRNOP00000067788,10116.ENSRNOP00000071539,10116.ENSRNOP00000073266,10116.ENSRNOP00000075715","Ddx39b,Rac1,Rab26,LOC103692716,Rab43,Gnaq,Rhoq,Hras,Atp1a3,Rab35,Septin10,Rab1b,Kif5a,Gnal,Hsp90aa1",9.27e-07,2e-04,"Nucleoside-triphosphatase activity"
"Function","GO:0019825",5,28,10116,"10116.ENSRNOP00000055224,10116.ENSRNOP00000068875,10116.ENSRNOP00000069937,10116.ENSRNOP00000070324,10116.ENSRNOP00000071528","Ndufs2,Hbb-b1,LOC103694857,Hbb,LOC100134871",1.01e-06,0.00021,"Oxygen binding"
"Function","GO:0003824",55,5437,10116,"10116.ENSRNOP00000000617,10116.ENSRNOP00000000772,10116.ENSRNOP00000001115,10116.ENSRNOP00000001417,10116.ENSRNOP00000002410,10116.ENSRNOP00000003787,10116.ENSRNOP00000004249,10116.ENSRNOP00000004385,10116.ENSRNOP00000004699,10116.ENSRNOP00000004799,10116.ENSRNOP00000008980,10116.ENSRNOP00000009183,10116.ENSRNOP00000009556,10116.ENSRNOP00000013005,10116.ENSRNOP00000013299,10116.ENSRNOP00000015786,10116.ENSRNOP00000015956,10116.ENSRNOP00000017468,10116.ENSRNOP00000017805,10116.ENSRNOP00000017965,10116.ENSRNOP00000018325,10116.ENSRNOP00000019174,10116.ENSRNOP00000020325,10116.ENSRNOP00000020670,10116.ENSRNOP00000020822,10116.ENSRNOP00000021920,10116.ENSRNOP00000022363,10116.ENSRNOP00000023132,10116.ENSRNOP00000024083,10116.ENSRNOP00000024280,10116.ENSRNOP00000025525,10116.ENSRNOP00000027407,10116.ENSRNOP00000027497,10116.ENSRNOP00000028838,10116.ENSRNOP00000029070,10116.ENSRNOP00000031615,10116.ENSRNOP00000033456,10116.ENSRNOP00000055224,10116.ENSRNOP00000058882,10116.ENSRNOP00000062228,10116.ENSRNOP00000064092,10116.ENSRNOP00000064265,10116.ENSRNOP00000064489,10116.ENSRNOP00000065147,10116.ENSRNOP00000065890,10116.ENSRNOP00000067069,10116.ENSRNOP00000067788,10116.ENSRNOP00000068764,10116.ENSRNOP00000071539,10116.ENSRNOP00000072480,10116.ENSRNOP00000073266,10116.ENSRNOP00000073983,10116.ENSRNOP00000074608,10116.ENSRNOP00000074647,10116.ENSRNOP00000075715","Mapk14,Hint1,Ddx39b,Rac1,Ehhadh,Ptges3,Rab26,Qdpr,Prkca,Prdx2,Dld,Pygl,LOC103692716,Enpp6,Rab43,Auh,Got2,Ldha,Nceh1,Ldhb,Gsta1,Gnaq,Aldh7a1,Atp5f1d,Rhoq,LOC100911417,Hras,Prdx1,Etfb,Dgkz,Cox5a,Ctsd,Atp1a3,Itpa,Rab35,Ptk2b,Camk1,Ndufs2,Camk2b,Prkacb,Pdxp,Septin10,LOC100912380,Atp5pb,Glul,Pnpo,Rab1b,Aldoa,Kif5a,Hadhb,Gnal,Adk,Nudt3,Gpd1,Hsp90aa1",1.11e-06,0.00022,"Catalytic activity"
"Function","GO:0005525",12,367,10116,"10116.ENSRNOP00000001417,10116.ENSRNOP00000004249,10116.ENSRNOP00000009556,10116.ENSRNOP00000013299,10116.ENSRNOP00000019174,10116.ENSRNOP00000020822,10116.ENSRNOP00000022363,10116.ENSRNOP00000029070,10116.ENSRNOP00000064265,10116.ENSRNOP00000067788,10116.ENSRNOP00000073266,10116.ENSRNOP00000075715","Rac1,Rab26,LOC103692716,Rab43,Gnaq,Rhoq,Hras,Rab35,Septin10,Rab1b,Gnal,Hsp90aa1",1.37e-06,0.00026,"GTP binding"
"Function","GO:0017076",27,1815,10116,"10116.ENSRNOP00000000617,10116.ENSRNOP00000001115,10116.ENSRNOP00000001417,10116.ENSRNOP00000004249,10116.ENSRNOP00000004699,10116.ENSRNOP00000009183,10116.ENSRNOP00000009556,10116.ENSRNOP00000013299,10116.ENSRNOP00000019174,10116.ENSRNOP00000020822,10116.ENSRNOP00000022363,10116.ENSRNOP00000024280,10116.ENSRNOP00000027497,10116.ENSRNOP00000029070,10116.ENSRNOP00000031615,10116.ENSRNOP00000033456,10116.ENSRNOP00000058882,10116.ENSRNOP00000062228,10116.ENSRNOP00000064265,10116.ENSRNOP00000065890,10116.ENSRNOP00000067788,10116.ENSRNOP00000070473,10116.ENSRNOP00000070967,10116.ENSRNOP00000071539,10116.ENSRNOP00000073266,10116.ENSRNOP00000073983,10116.ENSRNOP00000075715","Mapk14,Ddx39b,Rac1,Rab26,Prkca,Pygl,LOC103692716,Rab43,Gnaq,Rhoq,Hras,Dgkz,Atp1a3,Rab35,Ptk2b,Camk1,Camk2b,Prkacb,Septin10,Glul,Rab1b,Myo18a,Grpel1,Kif5a,Gnal,Adk,Hsp90aa1",2.43e-06,0.00043,"Purine nucleotide binding"
"Function","GO:0032553",27,1819,10116,"10116.ENSRNOP00000000617,10116.ENSRNOP00000001115,10116.ENSRNOP00000001417,10116.ENSRNOP00000004249,10116.ENSRNOP00000004699,10116.ENSRNOP00000009183,10116.ENSRNOP00000009556,10116.ENSRNOP00000013299,10116.ENSRNOP00000019174,10116.ENSRNOP00000020822,10116.ENSRNOP00000022363,10116.ENSRNOP00000024280,10116.ENSRNOP00000027497,10116.ENSRNOP00000029070,10116.ENSRNOP00000031615,10116.ENSRNOP00000033456,10116.ENSRNOP00000058882,10116.ENSRNOP00000062228,10116.ENSRNOP00000064265,10116.ENSRNOP00000065890,10116.ENSRNOP00000067069,10116.ENSRNOP00000067788,10116.ENSRNOP00000070473,10116.ENSRNOP00000071539,10116.ENSRNOP00000073266,10116.ENSRNOP00000073983,10116.ENSRNOP00000075715","Mapk14,Ddx39b,Rac1,Rab26,Prkca,Pygl,LOC103692716,Rab43,Gnaq,Rhoq,Hras,Dgkz,Atp1a3,Rab35,Ptk2b,Camk1,Camk2b,Prkacb,Septin10,Glul,Pnpo,Rab1b,Myo18a,Kif5a,Gnal,Adk,Hsp90aa1",2.53e-06,0.00043,"Ribonucleotide binding"
"Function","GO:0035639",26,1725,10116,"10116.ENSRNOP00000000617,10116.ENSRNOP00000001115,10116.ENSRNOP00000001417,10116.ENSRNOP00000004249,10116.ENSRNOP00000004699,10116.ENSRNOP00000009183,10116.ENSRNOP00000009556,10116.ENSRNOP00000013299,10116.ENSRNOP00000019174,10116.ENSRNOP00000020822,10116.ENSRNOP00000022363,10116.ENSRNOP00000024280,10116.ENSRNOP00000027497,10116.ENSRNOP00000029070,10116.ENSRNOP00000031615,10116.ENSRNOP00000033456,10116.ENSRNOP00000058882,10116.ENSRNOP00000062228,10116.ENSRNOP00000064265,10116.ENSRNOP00000065890,10116.ENSRNOP00000067788,10116.ENSRNOP00000070473,10116.ENSRNOP00000071539,10116.ENSRNOP00000073266,10116.ENSRNOP00000073983,10116.ENSRNOP00000075715","Mapk14,Ddx39b,Rac1,Rab26,Prkca,Pygl,LOC103692716,Rab43,Gnaq,Rhoq,Hras,Dgkz,Atp1a3,Rab35,Ptk2b,Camk1,Camk2b,Prkacb,Septin10,Glul,Rab1b,Myo18a,Kif5a,Gnal,Adk,Hsp90aa1",3.07e-06,0.00047,"Purine ribonucleoside triphosphate binding"
"Function","GO:0005344",4,15,10116,"10116.ENSRNOP00000068875,10116.ENSRNOP00000069937,10116.ENSRNOP00000070324,10116.ENSRNOP00000071528","Hbb-b1,LOC103694857,Hbb,LOC100134871",3.27e-06,0.00048,"Oxygen carrier activity"
"Function","GO:0030527",6,72,10116,"10116.ENSRNOP00000044986,10116.ENSRNOP00000064421,10116.ENSRNOP00000064431,10116.ENSRNOP00000067217,10116.ENSRNOP00000069899,10116.ENSRNOP00000074909","H2aj,LOC103690002,H3c1,H3c1-2,H3c1-3,H3c1-4",4.77e-06,0.00068,"Structural constituent of chromatin"
"Function","GO:0015078",7,115,10116,"10116.ENSRNOP00000015561,10116.ENSRNOP00000020670,10116.ENSRNOP00000020720,10116.ENSRNOP00000021920,10116.ENSRNOP00000022383,10116.ENSRNOP00000025525,10116.ENSRNOP00000065147","Slc25a18,Atp5f1d,Slc32a1,LOC100911417,Slc17a6,Cox5a,Atp5pb",5.37e-06,0.00074,"Proton transmembrane transporter activity"
"Function","GO:0032555",26,1800,10116,"10116.ENSRNOP00000000617,10116.ENSRNOP00000001115,10116.ENSRNOP00000001417,10116.ENSRNOP00000004249,10116.ENSRNOP00000004699,10116.ENSRNOP00000009183,10116.ENSRNOP00000009556,10116.ENSRNOP00000013299,10116.ENSRNOP00000019174,10116.ENSRNOP00000020822,10116.ENSRNOP00000022363,10116.ENSRNOP00000024280,10116.ENSRNOP00000027497,10116.ENSRNOP00000029070,10116.ENSRNOP00000031615,10116.ENSRNOP00000033456,10116.ENSRNOP00000058882,10116.ENSRNOP00000062228,10116.ENSRNOP00000064265,10116.ENSRNOP00000065890,10116.ENSRNOP00000067788,10116.ENSRNOP00000070473,10116.ENSRNOP00000071539,10116.ENSRNOP00000073266,10116.ENSRNOP00000073983,10116.ENSRNOP00000075715","Mapk14,Ddx39b,Rac1,Rab26,Prkca,Pygl,LOC103692716,Rab43,Gnaq,Rhoq,Hras,Dgkz,Atp1a3,Rab35,Ptk2b,Camk1,Camk2b,Prkacb,Septin10,Glul,Rab1b,Myo18a,Kif5a,Gnal,Adk,Hsp90aa1",6.57e-06,0.00088,"Purine ribonucleotide binding"
"Function","GO:0140104",6,77,10116,"10116.ENSRNOP00000009556,10116.ENSRNOP00000068875,10116.ENSRNOP00000069937,10116.ENSRNOP00000070324,10116.ENSRNOP00000071528,10116.ENSRNOP00000075715","LOC103692716,Hbb-b1,LOC103694857,Hbb,LOC100134871,Hsp90aa1",6.86e-06,0.00089,"Molecular carrier activity"
"Function","GO:0003924",10,292,10116,"10116.ENSRNOP00000001417,10116.ENSRNOP00000004249,10116.ENSRNOP00000013299,10116.ENSRNOP00000019174,10116.ENSRNOP00000020822,10116.ENSRNOP00000022363,10116.ENSRNOP00000029070,10116.ENSRNOP00000064265,10116.ENSRNOP00000067788,10116.ENSRNOP00000073266","Rac1,Rab26,Rab43,Gnaq,Rhoq,Hras,Rab35,Septin10,Rab1b,Gnal",7.31e-06,0.00092,"GTPase activity"
"Function","GO:0051022",3,5,10116,"10116.ENSRNOP00000001417,10116.ENSRNOP00000009556,10116.ENSRNOP00000075715","Rac1,LOC103692716,Hsp90aa1",9.13e-06,0.0011,"Rho GDP-dissociation inhibitor binding"
"Function","GO:0008324",14,617,10116,"10116.ENSRNOP00000008342,10116.ENSRNOP00000015561,10116.ENSRNOP00000018821,10116.ENSRNOP00000020670,10116.ENSRNOP00000020720,10116.ENSRNOP00000021920,10116.ENSRNOP00000022383,10116.ENSRNOP00000025525,10116.ENSRNOP00000027497,10116.ENSRNOP00000065147,10116.ENSRNOP00000071535,10116.ENSRNOP00000074119,10116.ENSRNOP00000074536,10116.ENSRNOP00000075066","Slc6a11,Slc25a18,Slc6a12,Atp5f1d,Slc32a1,LOC100911417,Slc17a6,Cox5a,Atp1a3,Atp5pb,Slc44a1,Gria1,Slc6a8,Itpr3",1.1e-05,0.0013,"Cation transmembrane transporter activity"
"Function","GO:0015185",3,6,10116,"10116.ENSRNOP00000008342,10116.ENSRNOP00000018821,10116.ENSRNOP00000020720","Slc6a11,Slc6a12,Slc32a1",1.36e-05,0.0016,"Gamma-aminobutyric acid transmembrane transporter activity"
"Function","GO:0097110",6,89,10116,"10116.ENSRNOP00000009556,10116.ENSRNOP00000012279,10116.ENSRNOP00000024430,10116.ENSRNOP00000071539,10116.ENSRNOP00000074119,10116.ENSRNOP00000075715","LOC103692716,Dynll2,Vim,Kif5a,Gria1,Hsp90aa1",1.5e-05,0.0017,"Scaffold protein binding"
"Function","GO:0005416",4,24,10116,"10116.ENSRNOP00000008342,10116.ENSRNOP00000015561,10116.ENSRNOP00000018821,10116.ENSRNOP00000020720","Slc6a11,Slc25a18,Slc6a12,Slc32a1",1.66e-05,0.0018,"Amino acid:cation symporter activity"
"Function","GO:0022890",13,569,10116,"10116.ENSRNOP00000008342,10116.ENSRNOP00000015561,10116.ENSRNOP00000018821,10116.ENSRNOP00000020670,10116.ENSRNOP00000020720,10116.ENSRNOP00000021920,10116.ENSRNOP00000022383,10116.ENSRNOP00000025525,10116.ENSRNOP00000027497,10116.ENSRNOP00000065147,10116.ENSRNOP00000074119,10116.ENSRNOP00000074536,10116.ENSRNOP00000075066","Slc6a11,Slc25a18,Slc6a12,Atp5f1d,Slc32a1,LOC100911417,Slc17a6,Cox5a,Atp1a3,Atp5pb,Gria1,Slc6a8,Itpr3",2.16e-05,0.0023,"Inorganic cation transmembrane transporter activity"
"Function","GO:0015294",6,101,10116,"10116.ENSRNOP00000008342,10116.ENSRNOP00000015561,10116.ENSRNOP00000018821,10116.ENSRNOP00000020720,10116.ENSRNOP00000022383,10116.ENSRNOP00000074536","Slc6a11,Slc25a18,Slc6a12,Slc32a1,Slc17a6,Slc6a8",2.95e-05,0.003,"Solute:cation symporter activity"
"Function","GO:0046933",3,11,10116,"10116.ENSRNOP00000020670,10116.ENSRNOP00000021920,10116.ENSRNOP00000065147","Atp5f1d,LOC100911417,Atp5pb",5.79e-05,0.0058,"Proton-transporting ATP synthase activity, rotational mechanism"
"Function","GO:0019900",15,850,10116,"10116.ENSRNOP00000000617,10116.ENSRNOP00000001417,10116.ENSRNOP00000008999,10116.ENSRNOP00000009556,10116.ENSRNOP00000016220,10116.ENSRNOP00000017468,10116.ENSRNOP00000017965,10116.ENSRNOP00000020908,10116.ENSRNOP00000024430,10116.ENSRNOP00000031615,10116.ENSRNOP00000058882,10116.ENSRNOP00000059012,10116.ENSRNOP00000069754,10116.ENSRNOP00000074119,10116.ENSRNOP00000075715","Mapk14,Rac1,Sh3gl2,LOC103692716,Mapre1,Ldha,Ldhb,Nol3,Vim,Ptk2b,Camk2b,Srsf2,Utrn,Gria1,Hsp90aa1",9.05e-05,0.0088,"Kinase binding"
"Function","GO:0022853",8,248,10116,"10116.ENSRNOP00000008342,10116.ENSRNOP00000015561,10116.ENSRNOP00000018821,10116.ENSRNOP00000020720,10116.ENSRNOP00000022383,10116.ENSRNOP00000025525,10116.ENSRNOP00000027497,10116.ENSRNOP00000074536","Slc6a11,Slc25a18,Slc6a12,Slc32a1,Slc17a6,Cox5a,Atp1a3,Slc6a8",9.28e-05,0.0089,"Active ion transmembrane transporter activity"
"Function","GO:0015355",3,14,10116,"10116.ENSRNOP00000008342,10116.ENSRNOP00000018821,10116.ENSRNOP00000020720","Slc6a11,Slc6a12,Slc32a1",0.00011,0.01,"Secondary active monocarboxylate transmembrane transporter activity"
"Function","GO:0005102",21,1556,10116,"10116.ENSRNOP00000004699,10116.ENSRNOP00000009556,10116.ENSRNOP00000009813,10116.ENSRNOP00000012114,10116.ENSRNOP00000018072,10116.ENSRNOP00000019174,10116.ENSRNOP00000019265,10116.ENSRNOP00000020411,10116.ENSRNOP00000020908,10116.ENSRNOP00000022485,10116.ENSRNOP00000026633,10116.ENSRNOP00000027497,10116.ENSRNOP00000031615,10116.ENSRNOP00000066885,10116.ENSRNOP00000067695,10116.ENSRNOP00000069578,10116.ENSRNOP00000069754,10116.ENSRNOP00000071702,10116.ENSRNOP00000073266,10116.ENSRNOP00000074119,10116.ENSRNOP00000075715","Prkca,LOC103692716,Fgb,Pdcd6ip,Add1,Gnaq,Arpc2,Lgi1,Nol3,Ngef,Cd9,Atp1a3,Ptk2b,C3,Gmfb,Kng1,Utrn,Apoe,Gnal,Gria1,Hsp90aa1",0.00015,0.0136,"Signaling receptor binding"
"Function","GO:0015171",5,86,10116,"10116.ENSRNOP00000008342,10116.ENSRNOP00000015561,10116.ENSRNOP00000018821,10116.ENSRNOP00000020720,10116.ENSRNOP00000022383","Slc6a11,Slc25a18,Slc6a12,Slc32a1,Slc17a6",0.00015,0.0136,"Amino acid transmembrane transporter activity"
"Function","GO:0046983",16,1022,10116,"10116.ENSRNOP00000009556,10116.ENSRNOP00000012114,10116.ENSRNOP00000018072,10116.ENSRNOP00000044986,10116.ENSRNOP00000058882,10116.ENSRNOP00000064092,10116.ENSRNOP00000064421,10116.ENSRNOP00000064431,10116.ENSRNOP00000067069,10116.ENSRNOP00000067217,10116.ENSRNOP00000069899,10116.ENSRNOP00000070967,10116.ENSRNOP00000071702,10116.ENSRNOP00000074647,10116.ENSRNOP00000074909,10116.ENSRNOP00000075715","LOC103692716,Pdcd6ip,Add1,H2aj,Camk2b,Pdxp,LOC103690002,H3c1,Pnpo,H3c1-2,H3c1-3,Grpel1,Apoe,Gpd1,H3c1-4,Hsp90aa1",2e-04,0.0165,"Protein dimerization activity"
"Function","GO:0051117",5,98,10116,"10116.ENSRNOP00000001417,10116.ENSRNOP00000019265,10116.ENSRNOP00000025980,10116.ENSRNOP00000028603,10116.ENSRNOP00000070967","Rac1,Arpc2,Hnrnpk,Fxyd7,Grpel1",0.00027,0.0219,"ATPase binding"
"Function","GO:0005215",17,1164,10116,"10116.ENSRNOP00000001581,10116.ENSRNOP00000008342,10116.ENSRNOP00000015561,10116.ENSRNOP00000018821,10116.ENSRNOP00000020670,10116.ENSRNOP00000020720,10116.ENSRNOP00000021920,10116.ENSRNOP00000022383,10116.ENSRNOP00000025525,10116.ENSRNOP00000027497,10116.ENSRNOP00000055224,10116.ENSRNOP00000065147,10116.ENSRNOP00000071535,10116.ENSRNOP00000071702,10116.ENSRNOP00000074119,10116.ENSRNOP00000074536,10116.ENSRNOP00000075066","Gltp,Slc6a11,Slc25a18,Slc6a12,Atp5f1d,Slc32a1,LOC100911417,Slc17a6,Cox5a,Atp1a3,Ndufs2,Atp5pb,Slc44a1,Apoe,Gria1,Slc6a8,Itpr3",0.00028,0.0221,"Transporter activity"
"Function","GO:0043177",6,155,10116,"10116.ENSRNOP00000015956,10116.ENSRNOP00000065890,10116.ENSRNOP00000068875,10116.ENSRNOP00000069937,10116.ENSRNOP00000070324,10116.ENSRNOP00000071528","Got2,Glul,Hbb-b1,LOC103694857,Hbb,LOC100134871",0.00028,0.0221,"Organic acid binding"
"Function","GO:0002135",2,3,10116,"10116.ENSRNOP00000009556,10116.ENSRNOP00000075715","LOC103692716,Hsp90aa1",3e-04,0.0229,"CTP binding"
"Function","GO:0004459",2,3,10116,"10116.ENSRNOP00000017468,10116.ENSRNOP00000017965","Ldha,Ldhb",3e-04,0.0229,"L-lactate dehydrogenase activity"
"Function","GO:0016491",13,746,10116,"10116.ENSRNOP00000002410,10116.ENSRNOP00000004385,10116.ENSRNOP00000004799,10116.ENSRNOP00000008980,10116.ENSRNOP00000017468,10116.ENSRNOP00000017965,10116.ENSRNOP00000020325,10116.ENSRNOP00000023132,10116.ENSRNOP00000024083,10116.ENSRNOP00000025525,10116.ENSRNOP00000055224,10116.ENSRNOP00000067069,10116.ENSRNOP00000074647","Ehhadh,Qdpr,Prdx2,Dld,Ldha,Ldhb,Aldh7a1,Prdx1,Etfb,Cox5a,Ndufs2,Pnpo,Gpd1",0.00031,0.0229,"Oxidoreductase activity"
"Function","GO:0022804",9,379,10116,"10116.ENSRNOP00000008342,10116.ENSRNOP00000015561,10116.ENSRNOP00000018821,10116.ENSRNOP00000020720,10116.ENSRNOP00000022383,10116.ENSRNOP00000025525,10116.ENSRNOP00000027497,10116.ENSRNOP00000055224,10116.ENSRNOP00000074536","Slc6a11,Slc25a18,Slc6a12,Slc32a1,Slc17a6,Cox5a,Atp1a3,Ndufs2,Slc6a8",0.00032,0.023,"Active transmembrane transporter activity"
"Function","GO:0008022",7,228,10116,"10116.ENSRNOP00000000617,10116.ENSRNOP00000008999,10116.ENSRNOP00000016981,10116.ENSRNOP00000017375,10116.ENSRNOP00000022363,10116.ENSRNOP00000031615,10116.ENSRNOP00000074119","Mapk14,Sh3gl2,Ywhab,Dbnl,Hras,Ptk2b,Gria1",0.00034,0.0244,"Protein C-terminus binding"
"Function","GO:0070182",3,23,10116,"10116.ENSRNOP00000003787,10116.ENSRNOP00000009556,10116.ENSRNOP00000075715","Ptges3,LOC103692716,Hsp90aa1",0.00039,0.0275,"DNA polymerase binding"
"Function","GO:0015291",7,235,10116,"10116.ENSRNOP00000008342,10116.ENSRNOP00000015561,10116.ENSRNOP00000018821,10116.ENSRNOP00000020720,10116.ENSRNOP00000022383,10116.ENSRNOP00000027497,10116.ENSRNOP00000074536","Slc6a11,Slc25a18,Slc6a12,Slc32a1,Slc17a6,Atp1a3,Slc6a8",0.00041,0.0282,"Secondary active transmembrane transporter activity"
"Function","GO:0004683",3,24,10116,"10116.ENSRNOP00000031615,10116.ENSRNOP00000033456,10116.ENSRNOP00000058882","Ptk2b,Camk1,Camk2b",0.00044,0.0299,"Calmodulin-dependent protein kinase activity"
"Function","GO:0002134",2,4,10116,"10116.ENSRNOP00000009556,10116.ENSRNOP00000075715","LOC103692716,Hsp90aa1",0.00045,0.03,"UTP binding"
"Function","GO:0017098",2,4,10116,"10116.ENSRNOP00000009556,10116.ENSRNOP00000075715","LOC103692716,Hsp90aa1",0.00045,0.03,"Sulfonylurea receptor binding"
"Function","GO:0048156",3,26,10116,"10116.ENSRNOP00000009556,10116.ENSRNOP00000071702,10116.ENSRNOP00000075715","LOC103692716,Apoe,Hsp90aa1",0.00055,0.0349,"Tau protein binding"
"Function","GO:0005332",2,5,10116,"10116.ENSRNOP00000008342,10116.ENSRNOP00000018821","Slc6a11,Slc6a12",0.00063,0.0395,"Gamma-aminobutyric acid:sodium symporter activity"
"Function","GO:0032564",2,5,10116,"10116.ENSRNOP00000009556,10116.ENSRNOP00000075715","LOC103692716,Hsp90aa1",0.00063,0.0395,"dATP binding"
"Function","GO:0008514",6,183,10116,"10116.ENSRNOP00000008342,10116.ENSRNOP00000015561,10116.ENSRNOP00000018821,10116.ENSRNOP00000020720,10116.ENSRNOP00000022383,10116.ENSRNOP00000074536","Slc6a11,Slc25a18,Slc6a12,Slc32a1,Slc17a6,Slc6a8",0.00066,0.0397,"Organic anion transmembrane transporter activity"
"Function","GO:0003779",9,425,10116,"10116.ENSRNOP00000007794,10116.ENSRNOP00000017375,10116.ENSRNOP00000018072,10116.ENSRNOP00000018711,10116.ENSRNOP00000019265,10116.ENSRNOP00000062447,10116.ENSRNOP00000067695,10116.ENSRNOP00000069754,10116.ENSRNOP00000070473","Dstn,Dbnl,Add1,Cap1,Arpc2,Ncald,Gmfb,Utrn,Myo18a",0.00071,0.0424,"Actin binding"
"Function","GO:0003925",3,30,10116,"10116.ENSRNOP00000001417,10116.ENSRNOP00000022363,10116.ENSRNOP00000067788","Rac1,Hras,Rab1b",8e-04,0.0471,"G protein activity"
"Function","GO:0008379",2,6,10116,"10116.ENSRNOP00000004799,10116.ENSRNOP00000023132","Prdx2,Prdx1",0.00084,0.0483,"Thioredoxin peroxidase activity"
"Function","GO:0015220",2,6,10116,"10116.ENSRNOP00000071535,10116.ENSRNOP00000074536","Slc44a1,Slc6a8",0.00084,0.0483,"Choline transmembrane transporter activity"
"Function","GO:0015370",4,72,10116,"10116.ENSRNOP00000008342,10116.ENSRNOP00000018821,10116.ENSRNOP00000022383,10116.ENSRNOP00000074536","Slc6a11,Slc6a12,Slc17a6,Slc6a8",0.00085,0.0483,"Solute:sodium symporter activity"
"Function","GO:0005200",4,73,10116,"10116.ENSRNOP00000018072,10116.ENSRNOP00000019265,10116.ENSRNOP00000024430,10116.ENSRNOP00000058882","Add1,Arpc2,Vim,Camk2b",0.00089,0.049,"Structural constituent of cytoskeleton"
"TISSUES","BTO:0000142",61,3879,10116,"10116.ENSRNOP00000000749,10116.ENSRNOP00000000772,10116.ENSRNOP00000003283,10116.ENSRNOP00000003787,10116.ENSRNOP00000004699,10116.ENSRNOP00000004799,10116.ENSRNOP00000006329,10116.ENSRNOP00000008342,10116.ENSRNOP00000008999,10116.ENSRNOP00000009556,10116.ENSRNOP00000011275,10116.ENSRNOP00000012114,10116.ENSRNOP00000012279,10116.ENSRNOP00000013005,10116.ENSRNOP00000013184,10116.ENSRNOP00000015561,10116.ENSRNOP00000016981,10116.ENSRNOP00000017805,10116.ENSRNOP00000017965,10116.ENSRNOP00000018325,10116.ENSRNOP00000018821,10116.ENSRNOP00000019174,10116.ENSRNOP00000019265,10116.ENSRNOP00000020411,10116.ENSRNOP00000020720,10116.ENSRNOP00000021629,10116.ENSRNOP00000022363,10116.ENSRNOP00000022383,10116.ENSRNOP00000022485,10116.ENSRNOP00000023132,10116.ENSRNOP00000024280,10116.ENSRNOP00000024430,10116.ENSRNOP00000025496,10116.ENSRNOP00000025675,10116.ENSRNOP00000027407,10116.ENSRNOP00000027497,10116.ENSRNOP00000031615,10116.ENSRNOP00000032429,10116.ENSRNOP00000033456,10116.ENSRNOP00000035271,10116.ENSRNOP00000040899,10116.ENSRNOP00000052160,10116.ENSRNOP00000058882,10116.ENSRNOP00000059012,10116.ENSRNOP00000059906,10116.ENSRNOP00000060967,10116.ENSRNOP00000062228,10116.ENSRNOP00000065890,10116.ENSRNOP00000070324,10116.ENSRNOP00000070988,10116.ENSRNOP00000071535,10116.ENSRNOP00000071539,10116.ENSRNOP00000071611,10116.ENSRNOP00000071702,10116.ENSRNOP00000072480,10116.ENSRNOP00000073266,10116.ENSRNOP00000074119,10116.ENSRNOP00000074536,10116.ENSRNOP00000074608,10116.ENSRNOP00000075076,10116.ENSRNOP00000075715","Cisd1,Hint1,Plp1,Ptges3,Prkca,Prdx2,Napb,Slc6a11,Sh3gl2,LOC103692716,Bsg,Pdcd6ip,Dynll2,Enpp6,Dync1i1,Slc25a18,Ywhab,Nceh1,Ldhb,Gsta1,Slc6a12,Gnaq,Arpc2,Lgi1,Slc32a1,Rad23b,Hras,Slc17a6,Ngef,Prdx1,Dgkz,Vim,Bcan,Ap3m2,Ctsd,Atp1a3,Ptk2b,Map1lc3a,Camk1,Negr1,Cadm2,Hnrnpa1,Camk2b,Srsf2,Sgip1,Cd59,Prkacb,Glul,Hbb,Gpm6b,Slc44a1,Kif5a,Psma7,Apoe,Hadhb,Gnal,Gria1,Slc6a8,Nudt3,Sh3glb2,Hsp90aa1",7.62e-16,2.02e-12,"Brain"
"TISSUES","BTO:0000282",65,4756,10116,"10116.ENSRNOP00000000749,10116.ENSRNOP00000000772,10116.ENSRNOP00000003283,10116.ENSRNOP00000003787,10116.ENSRNOP00000004249,10116.ENSRNOP00000004699,10116.ENSRNOP00000004799,10116.ENSRNOP00000006329,10116.ENSRNOP00000007794,10116.ENSRNOP00000008342,10116.ENSRNOP00000008999,10116.ENSRNOP00000009556,10116.ENSRNOP00000011275,10116.ENSRNOP00000012114,10116.ENSRNOP00000012279,10116.ENSRNOP00000013005,10116.ENSRNOP00000013184,10116.ENSRNOP00000015561,10116.ENSRNOP00000015786,10116.ENSRNOP00000016981,10116.ENSRNOP00000017805,10116.ENSRNOP00000017965,10116.ENSRNOP00000018325,10116.ENSRNOP00000018821,10116.ENSRNOP00000019174,10116.ENSRNOP00000019265,10116.ENSRNOP00000020325,10116.ENSRNOP00000020411,10116.ENSRNOP00000020720,10116.ENSRNOP00000021629,10116.ENSRNOP00000022363,10116.ENSRNOP00000022383,10116.ENSRNOP00000022485,10116.ENSRNOP00000023132,10116.ENSRNOP00000024280,10116.ENSRNOP00000024430,10116.ENSRNOP00000025496,10116.ENSRNOP00000025675,10116.ENSRNOP00000027407,10116.ENSRNOP00000027497,10116.ENSRNOP00000031615,10116.ENSRNOP00000032429,10116.ENSRNOP00000033456,10116.ENSRNOP00000035271,10116.ENSRNOP00000040899,10116.ENSRNOP00000052160,10116.ENSRNOP00000058882,10116.ENSRNOP00000059012,10116.ENSRNOP00000059906,10116.ENSRNOP00000060967,10116.ENSRNOP00000062228,10116.ENSRNOP00000065890,10116.ENSRNOP00000070324,10116.ENSRNOP00000070988,10116.ENSRNOP00000071535,10116.ENSRNOP00000071539,10116.ENSRNOP00000071611,10116.ENSRNOP00000071702,10116.ENSRNOP00000072480,10116.ENSRNOP00000073266,10116.ENSRNOP00000074119,10116.ENSRNOP00000074536,10116.ENSRNOP00000074608,10116.ENSRNOP00000075076,10116.ENSRNOP00000075715","Cisd1,Hint1,Plp1,Ptges3,Rab26,Prkca,Prdx2,Napb,Dstn,Slc6a11,Sh3gl2,LOC103692716,Bsg,Pdcd6ip,Dynll2,Enpp6,Dync1i1,Slc25a18,Auh,Ywhab,Nceh1,Ldhb,Gsta1,Slc6a12,Gnaq,Arpc2,Aldh7a1,Lgi1,Slc32a1,Rad23b,Hras,Slc17a6,Ngef,Prdx1,Dgkz,Vim,Bcan,Ap3m2,Ctsd,Atp1a3,Ptk2b,Map1lc3a,Camk1,Negr1,Cadm2,Hnrnpa1,Camk2b,Srsf2,Sgip1,Cd59,Prkacb,Glul,Hbb,Gpm6b,Slc44a1,Kif5a,Psma7,Apoe,Hadhb,Gnal,Gria1,Slc6a8,Nudt3,Sh3glb2,Hsp90aa1",4.18e-14,2.78e-11,"Head"
"TISSUES","BTO:0000088",31,1201,10116,"10116.ENSRNOP00000004385,10116.ENSRNOP00000008980,10116.ENSRNOP00000009556,10116.ENSRNOP00000015956,10116.ENSRNOP00000016220,10116.ENSRNOP00000017375,10116.ENSRNOP00000017468,10116.ENSRNOP00000017805,10116.ENSRNOP00000017965,10116.ENSRNOP00000020670,10116.ENSRNOP00000021629,10116.ENSRNOP00000021920,10116.ENSRNOP00000024280,10116.ENSRNOP00000024430,10116.ENSRNOP00000025525,10116.ENSRNOP00000062447,10116.ENSRNOP00000065147,10116.ENSRNOP00000066885,10116.ENSRNOP00000067695,10116.ENSRNOP00000068764,10116.ENSRNOP00000068875,10116.ENSRNOP00000069754,10116.ENSRNOP00000069937,10116.ENSRNOP00000070324,10116.ENSRNOP00000071528,10116.ENSRNOP00000071702,10116.ENSRNOP00000072480,10116.ENSRNOP00000073983,10116.ENSRNOP00000074608,10116.ENSRNOP00000075076,10116.ENSRNOP00000075715","Qdpr,Dld,LOC103692716,Got2,Mapre1,Dbnl,Ldha,Nceh1,Ldhb,Atp5f1d,Rad23b,LOC100911417,Dgkz,Vim,Cox5a,Ncald,Atp5pb,C3,Gmfb,Aldoa,Hbb-b1,Utrn,LOC103694857,Hbb,LOC100134871,Apoe,Hadhb,Adk,Nudt3,Sh3glb2,Hsp90aa1",7.22e-13,3.84e-10,"Cardiovascular system"
"TISSUES","BTO:0000562",28,1007,10116,"10116.ENSRNOP00000004385,10116.ENSRNOP00000008980,10116.ENSRNOP00000009556,10116.ENSRNOP00000015956,10116.ENSRNOP00000016220,10116.ENSRNOP00000017375,10116.ENSRNOP00000017468,10116.ENSRNOP00000017805,10116.ENSRNOP00000017965,10116.ENSRNOP00000020670,10116.ENSRNOP00000021629,10116.ENSRNOP00000021920,10116.ENSRNOP00000024280,10116.ENSRNOP00000024430,10116.ENSRNOP00000025525,10116.ENSRNOP00000062447,10116.ENSRNOP00000065147,10116.ENSRNOP00000066885,10116.ENSRNOP00000067695,10116.ENSRNOP00000068764,10116.ENSRNOP00000068875,10116.ENSRNOP00000069937,10116.ENSRNOP00000070324,10116.ENSRNOP00000071528,10116.ENSRNOP00000072480,10116.ENSRNOP00000073983,10116.ENSRNOP00000074608,10116.ENSRNOP00000075715","Qdpr,Dld,LOC103692716,Got2,Mapre1,Dbnl,Ldha,Nceh1,Ldhb,Atp5f1d,Rad23b,LOC100911417,Dgkz,Vim,Cox5a,Ncald,Atp5pb,C3,Gmfb,Aldoa,Hbb-b1,LOC103694857,Hbb,LOC100134871,Hadhb,Adk,Nudt3,Hsp90aa1",2.1e-12,9.32e-10,"Heart"
"TISSUES","BTO:0001489",114,14512,10116,"10116.ENSRNOP00000000749,10116.ENSRNOP00000000772,10116.ENSRNOP00000001115,10116.ENSRNOP00000001417,10116.ENSRNOP00000001581,10116.ENSRNOP00000002410,10116.ENSRNOP00000003283,10116.ENSRNOP00000003787,10116.ENSRNOP00000004249,10116.ENSRNOP00000004385,10116.ENSRNOP00000004699,10116.ENSRNOP00000004799,10116.ENSRNOP00000006329,10116.ENSRNOP00000007794,10116.ENSRNOP00000008342,10116.ENSRNOP00000008980,10116.ENSRNOP00000008999,10116.ENSRNOP00000009183,10116.ENSRNOP00000009556,10116.ENSRNOP00000009813,10116.ENSRNOP00000011275,10116.ENSRNOP00000012114,10116.ENSRNOP00000012279,10116.ENSRNOP00000013005,10116.ENSRNOP00000013184,10116.ENSRNOP00000015561,10116.ENSRNOP00000015786,10116.ENSRNOP00000015956,10116.ENSRNOP00000016220,10116.ENSRNOP00000016981,10116.ENSRNOP00000017375,10116.ENSRNOP00000017468,10116.ENSRNOP00000017805,10116.ENSRNOP00000017965,10116.ENSRNOP00000018072,10116.ENSRNOP00000018325,10116.ENSRNOP00000018711,10116.ENSRNOP00000018821,10116.ENSRNOP00000019174,10116.ENSRNOP00000019265,10116.ENSRNOP00000019508,10116.ENSRNOP00000020325,10116.ENSRNOP00000020411,10116.ENSRNOP00000020670,10116.ENSRNOP00000020720,10116.ENSRNOP00000020822,10116.ENSRNOP00000021629,10116.ENSRNOP00000021920,10116.ENSRNOP00000022363,10116.ENSRNOP00000022383,10116.ENSRNOP00000022485,10116.ENSRNOP00000023132,10116.ENSRNOP00000024083,10116.ENSRNOP00000024280,10116.ENSRNOP00000024430,10116.ENSRNOP00000025496,10116.ENSRNOP00000025525,10116.ENSRNOP00000025675,10116.ENSRNOP00000026633,10116.ENSRNOP00000027407,10116.ENSRNOP00000027497,10116.ENSRNOP00000028838,10116.ENSRNOP00000029070,10116.ENSRNOP00000031615,10116.ENSRNOP00000032429,10116.ENSRNOP00000033456,10116.ENSRNOP00000035271,10116.ENSRNOP00000040899,10116.ENSRNOP00000044986,10116.ENSRNOP00000052160,10116.ENSRNOP00000055224,10116.ENSRNOP00000058882,10116.ENSRNOP00000059012,10116.ENSRNOP00000059906,10116.ENSRNOP00000060967,10116.ENSRNOP00000062102,10116.ENSRNOP00000062228,10116.ENSRNOP00000062447,10116.ENSRNOP00000064265,10116.ENSRNOP00000064421,10116.ENSRNOP00000064431,10116.ENSRNOP00000064489,10116.ENSRNOP00000065147,10116.ENSRNOP00000065890,10116.ENSRNOP00000066885,10116.ENSRNOP00000067069,10116.ENSRNOP00000067695,10116.ENSRNOP00000067788,10116.ENSRNOP00000068764,10116.ENSRNOP00000068875,10116.ENSRNOP00000069578,10116.ENSRNOP00000069754,10116.ENSRNOP00000069937,10116.ENSRNOP00000070324,10116.ENSRNOP00000070473,10116.ENSRNOP00000070967,10116.ENSRNOP00000070988,10116.ENSRNOP00000071528,10116.ENSRNOP00000071535,10116.ENSRNOP00000071539,10116.ENSRNOP00000071611,10116.ENSRNOP00000071702,10116.ENSRNOP00000072480,10116.ENSRNOP00000073266,10116.ENSRNOP00000073983,10116.ENSRNOP00000074119,10116.ENSRNOP00000074461,10116.ENSRNOP00000074536,10116.ENSRNOP00000074608,10116.ENSRNOP00000074647,10116.ENSRNOP00000074688,10116.ENSRNOP00000075066,10116.ENSRNOP00000075076,10116.ENSRNOP00000075715","Cisd1,Hint1,Ddx39b,Rac1,Gltp,Ehhadh,Plp1,Ptges3,Rab26,Qdpr,Prkca,Prdx2,Napb,Dstn,Slc6a11,Dld,Sh3gl2,Pygl,LOC103692716,Fgb,Bsg,Pdcd6ip,Dynll2,Enpp6,Dync1i1,Slc25a18,Auh,Got2,Mapre1,Ywhab,Dbnl,Ldha,Nceh1,Ldhb,Add1,Gsta1,Cap1,Slc6a12,Gnaq,Arpc2,Rps2,Aldh7a1,Lgi1,Atp5f1d,Slc32a1,Rhoq,Rad23b,LOC100911417,Hras,Slc17a6,Ngef,Prdx1,Etfb,Dgkz,Vim,Bcan,Cox5a,Ap3m2,Cd9,Ctsd,Atp1a3,Itpa,Rab35,Ptk2b,Map1lc3a,Camk1,Negr1,Cadm2,H2aj,Hnrnpa1,Ndufs2,Camk2b,Srsf2,Sgip1,Cd59,Ube2v2,Prkacb,Ncald,Septin10,LOC103690002,H3c1,LOC100912380,Atp5pb,Glul,C3,Pnpo,Gmfb,Rab1b,Aldoa,Hbb-b1,Kng1,Utrn,LOC103694857,Hbb,Myo18a,Grpel1,Gpm6b,LOC100134871,Slc44a1,Kif5a,Psma7,Apoe,Hadhb,Gnal,Adk,Gria1,Epn2,Slc6a8,Nudt3,Gpd1,Ubc,Itpr3,Sh3glb2,Hsp90aa1",4.12e-12,1.56e-09,"Whole body"
"TISSUES","BTO:0000862",11,94,10116,"10116.ENSRNOP00000008980,10116.ENSRNOP00000015956,10116.ENSRNOP00000017468,10116.ENSRNOP00000017965,10116.ENSRNOP00000021920,10116.ENSRNOP00000025525,10116.ENSRNOP00000065147,10116.ENSRNOP00000066885,10116.ENSRNOP00000068764,10116.ENSRNOP00000071528,10116.ENSRNOP00000072480","Dld,Got2,Ldha,Ldhb,LOC100911417,Cox5a,Atp5pb,C3,Aldoa,LOC100134871,Hadhb",1.56e-11,5.18e-09,"Heart ventricle"
"TISSUES","BTO:0000000",118,16039,10116,"10116.ENSRNOP00000000749,10116.ENSRNOP00000000772,10116.ENSRNOP00000001115,10116.ENSRNOP00000001417,10116.ENSRNOP00000001581,10116.ENSRNOP00000002410,10116.ENSRNOP00000003283,10116.ENSRNOP00000003787,10116.ENSRNOP00000004249,10116.ENSRNOP00000004385,10116.ENSRNOP00000004699,10116.ENSRNOP00000004799,10116.ENSRNOP00000006329,10116.ENSRNOP00000007794,10116.ENSRNOP00000008342,10116.ENSRNOP00000008980,10116.ENSRNOP00000008999,10116.ENSRNOP00000009183,10116.ENSRNOP00000009556,10116.ENSRNOP00000009813,10116.ENSRNOP00000011275,10116.ENSRNOP00000012114,10116.ENSRNOP00000012279,10116.ENSRNOP00000013005,10116.ENSRNOP00000013184,10116.ENSRNOP00000013299,10116.ENSRNOP00000015561,10116.ENSRNOP00000015786,10116.ENSRNOP00000015956,10116.ENSRNOP00000016220,10116.ENSRNOP00000016981,10116.ENSRNOP00000017375,10116.ENSRNOP00000017468,10116.ENSRNOP00000017805,10116.ENSRNOP00000017965,10116.ENSRNOP00000018072,10116.ENSRNOP00000018325,10116.ENSRNOP00000018711,10116.ENSRNOP00000018821,10116.ENSRNOP00000019174,10116.ENSRNOP00000019265,10116.ENSRNOP00000019508,10116.ENSRNOP00000020325,10116.ENSRNOP00000020411,10116.ENSRNOP00000020670,10116.ENSRNOP00000020720,10116.ENSRNOP00000020822,10116.ENSRNOP00000021629,10116.ENSRNOP00000021920,10116.ENSRNOP00000022363,10116.ENSRNOP00000022383,10116.ENSRNOP00000022485,10116.ENSRNOP00000023132,10116.ENSRNOP00000024083,10116.ENSRNOP00000024280,10116.ENSRNOP00000024430,10116.ENSRNOP00000025496,10116.ENSRNOP00000025525,10116.ENSRNOP00000025675,10116.ENSRNOP00000026633,10116.ENSRNOP00000027407,10116.ENSRNOP00000027497,10116.ENSRNOP00000028838,10116.ENSRNOP00000029070,10116.ENSRNOP00000031615,10116.ENSRNOP00000032429,10116.ENSRNOP00000033456,10116.ENSRNOP00000035271,10116.ENSRNOP00000040899,10116.ENSRNOP00000044986,10116.ENSRNOP00000052160,10116.ENSRNOP00000055224,10116.ENSRNOP00000058882,10116.ENSRNOP00000059012,10116.ENSRNOP00000059906,10116.ENSRNOP00000060967,10116.ENSRNOP00000062102,10116.ENSRNOP00000062228,10116.ENSRNOP00000062447,10116.ENSRNOP00000064265,10116.ENSRNOP00000064421,10116.ENSRNOP00000064431,10116.ENSRNOP00000064489,10116.ENSRNOP00000065147,10116.ENSRNOP00000065890,10116.ENSRNOP00000066885,10116.ENSRNOP00000067069,10116.ENSRNOP00000067217,10116.ENSRNOP00000067695,10116.ENSRNOP00000067788,10116.ENSRNOP00000068764,10116.ENSRNOP00000068875,10116.ENSRNOP00000069578,10116.ENSRNOP00000069754,10116.ENSRNOP00000069899,10116.ENSRNOP00000069937,10116.ENSRNOP00000070324,10116.ENSRNOP00000070473,10116.ENSRNOP00000070967,10116.ENSRNOP00000070988,10116.ENSRNOP00000071528,10116.ENSRNOP00000071535,10116.ENSRNOP00000071539,10116.ENSRNOP00000071611,10116.ENSRNOP00000071702,10116.ENSRNOP00000072480,10116.ENSRNOP00000073266,10116.ENSRNOP00000073983,10116.ENSRNOP00000074119,10116.ENSRNOP00000074461,10116.ENSRNOP00000074536,10116.ENSRNOP00000074608,10116.ENSRNOP00000074647,10116.ENSRNOP00000074688,10116.ENSRNOP00000074909,10116.ENSRNOP00000075066,10116.ENSRNOP00000075076,10116.ENSRNOP00000075715","Cisd1,Hint1,Ddx39b,Rac1,Gltp,Ehhadh,Plp1,Ptges3,Rab26,Qdpr,Prkca,Prdx2,Napb,Dstn,Slc6a11,Dld,Sh3gl2,Pygl,LOC103692716,Fgb,Bsg,Pdcd6ip,Dynll2,Enpp6,Dync1i1,Rab43,Slc25a18,Auh,Got2,Mapre1,Ywhab,Dbnl,Ldha,Nceh1,Ldhb,Add1,Gsta1,Cap1,Slc6a12,Gnaq,Arpc2,Rps2,Aldh7a1,Lgi1,Atp5f1d,Slc32a1,Rhoq,Rad23b,LOC100911417,Hras,Slc17a6,Ngef,Prdx1,Etfb,Dgkz,Vim,Bcan,Cox5a,Ap3m2,Cd9,Ctsd,Atp1a3,Itpa,Rab35,Ptk2b,Map1lc3a,Camk1,Negr1,Cadm2,H2aj,Hnrnpa1,Ndufs2,Camk2b,Srsf2,Sgip1,Cd59,Ube2v2,Prkacb,Ncald,Septin10,LOC103690002,H3c1,LOC100912380,Atp5pb,Glul,C3,Pnpo,H3c1-2,Gmfb,Rab1b,Aldoa,Hbb-b1,Kng1,Utrn,H3c1-3,LOC103694857,Hbb,Myo18a,Grpel1,Gpm6b,LOC100134871,Slc44a1,Kif5a,Psma7,Apoe,Hadhb,Gnal,Adk,Gria1,Epn2,Slc6a8,Nudt3,Gpd1,Ubc,H3c1-4,Itpr3,Sh3glb2,Hsp90aa1",4.74e-11,1.4e-08,"Tissues, cell types and enzyme sources"
"TISSUES","BTO:0001702",9,52,10116,"10116.ENSRNOP00000015956,10116.ENSRNOP00000017468,10116.ENSRNOP00000017965,10116.ENSRNOP00000066885,10116.ENSRNOP00000068764,10116.ENSRNOP00000068875,10116.ENSRNOP00000069937,10116.ENSRNOP00000070324,10116.ENSRNOP00000071528","Got2,Ldha,Ldhb,C3,Aldoa,Hbb-b1,LOC103694857,Hbb,LOC100134871",5.03e-11,1.4e-08,"Left atrium"
"TISSUES","BTO:0001703",9,63,10116,"10116.ENSRNOP00000015956,10116.ENSRNOP00000017468,10116.ENSRNOP00000017965,10116.ENSRNOP00000066885,10116.ENSRNOP00000068764,10116.ENSRNOP00000068875,10116.ENSRNOP00000069937,10116.ENSRNOP00000070324,10116.ENSRNOP00000071528","Got2,Ldha,Ldhb,C3,Aldoa,Hbb-b1,LOC103694857,Hbb,LOC100134871",2.34e-10,5.66e-08,"Right atrium"
"TISSUES","BTO:0001630",9,77,10116,"10116.ENSRNOP00000015956,10116.ENSRNOP00000017468,10116.ENSRNOP00000017965,10116.ENSRNOP00000025525,10116.ENSRNOP00000065147,10116.ENSRNOP00000066885,10116.ENSRNOP00000068764,10116.ENSRNOP00000071528,10116.ENSRNOP00000072480","Got2,Ldha,Ldhb,Cox5a,Atp5pb,C3,Aldoa,LOC100134871,Hadhb",1.19e-09,2.43e-07,"Right ventricle"
"TISSUES","BTO:0000042",115,15810,10116,"10116.ENSRNOP00000000749,10116.ENSRNOP00000000772,10116.ENSRNOP00000001115,10116.ENSRNOP00000001417,10116.ENSRNOP00000001581,10116.ENSRNOP00000002410,10116.ENSRNOP00000003283,10116.ENSRNOP00000003787,10116.ENSRNOP00000004249,10116.ENSRNOP00000004385,10116.ENSRNOP00000004699,10116.ENSRNOP00000004799,10116.ENSRNOP00000006329,10116.ENSRNOP00000007794,10116.ENSRNOP00000008342,10116.ENSRNOP00000008980,10116.ENSRNOP00000008999,10116.ENSRNOP00000009183,10116.ENSRNOP00000009556,10116.ENSRNOP00000009813,10116.ENSRNOP00000011275,10116.ENSRNOP00000012114,10116.ENSRNOP00000012279,10116.ENSRNOP00000013005,10116.ENSRNOP00000013184,10116.ENSRNOP00000013299,10116.ENSRNOP00000015561,10116.ENSRNOP00000015786,10116.ENSRNOP00000015956,10116.ENSRNOP00000016220,10116.ENSRNOP00000016981,10116.ENSRNOP00000017375,10116.ENSRNOP00000017468,10116.ENSRNOP00000017805,10116.ENSRNOP00000017965,10116.ENSRNOP00000018072,10116.ENSRNOP00000018325,10116.ENSRNOP00000018711,10116.ENSRNOP00000018821,10116.ENSRNOP00000019174,10116.ENSRNOP00000019265,10116.ENSRNOP00000019508,10116.ENSRNOP00000020325,10116.ENSRNOP00000020411,10116.ENSRNOP00000020670,10116.ENSRNOP00000020720,10116.ENSRNOP00000020822,10116.ENSRNOP00000021629,10116.ENSRNOP00000021920,10116.ENSRNOP00000022363,10116.ENSRNOP00000022383,10116.ENSRNOP00000022485,10116.ENSRNOP00000023132,10116.ENSRNOP00000024083,10116.ENSRNOP00000024280,10116.ENSRNOP00000024430,10116.ENSRNOP00000025496,10116.ENSRNOP00000025525,10116.ENSRNOP00000025675,10116.ENSRNOP00000026633,10116.ENSRNOP00000027407,10116.ENSRNOP00000027497,10116.ENSRNOP00000028838,10116.ENSRNOP00000029070,10116.ENSRNOP00000031615,10116.ENSRNOP00000032429,10116.ENSRNOP00000033456,10116.ENSRNOP00000035271,10116.ENSRNOP00000040899,10116.ENSRNOP00000044986,10116.ENSRNOP00000052160,10116.ENSRNOP00000055224,10116.ENSRNOP00000058882,10116.ENSRNOP00000059012,10116.ENSRNOP00000059906,10116.ENSRNOP00000060967,10116.ENSRNOP00000062102,10116.ENSRNOP00000062228,10116.ENSRNOP00000062447,10116.ENSRNOP00000064265,10116.ENSRNOP00000064421,10116.ENSRNOP00000064431,10116.ENSRNOP00000064489,10116.ENSRNOP00000065147,10116.ENSRNOP00000065890,10116.ENSRNOP00000066885,10116.ENSRNOP00000067069,10116.ENSRNOP00000067695,10116.ENSRNOP00000067788,10116.ENSRNOP00000068764,10116.ENSRNOP00000068875,10116.ENSRNOP00000069578,10116.ENSRNOP00000069754,10116.ENSRNOP00000069937,10116.ENSRNOP00000070324,10116.ENSRNOP00000070473,10116.ENSRNOP00000070967,10116.ENSRNOP00000070988,10116.ENSRNOP00000071528,10116.ENSRNOP00000071535,10116.ENSRNOP00000071539,10116.ENSRNOP00000071611,10116.ENSRNOP00000071702,10116.ENSRNOP00000072480,10116.ENSRNOP00000073266,10116.ENSRNOP00000073983,10116.ENSRNOP00000074119,10116.ENSRNOP00000074461,10116.ENSRNOP00000074536,10116.ENSRNOP00000074608,10116.ENSRNOP00000074647,10116.ENSRNOP00000074688,10116.ENSRNOP00000075066,10116.ENSRNOP00000075076,10116.ENSRNOP00000075715","Cisd1,Hint1,Ddx39b,Rac1,Gltp,Ehhadh,Plp1,Ptges3,Rab26,Qdpr,Prkca,Prdx2,Napb,Dstn,Slc6a11,Dld,Sh3gl2,Pygl,LOC103692716,Fgb,Bsg,Pdcd6ip,Dynll2,Enpp6,Dync1i1,Rab43,Slc25a18,Auh,Got2,Mapre1,Ywhab,Dbnl,Ldha,Nceh1,Ldhb,Add1,Gsta1,Cap1,Slc6a12,Gnaq,Arpc2,Rps2,Aldh7a1,Lgi1,Atp5f1d,Slc32a1,Rhoq,Rad23b,LOC100911417,Hras,Slc17a6,Ngef,Prdx1,Etfb,Dgkz,Vim,Bcan,Cox5a,Ap3m2,Cd9,Ctsd,Atp1a3,Itpa,Rab35,Ptk2b,Map1lc3a,Camk1,Negr1,Cadm2,H2aj,Hnrnpa1,Ndufs2,Camk2b,Srsf2,Sgip1,Cd59,Ube2v2,Prkacb,Ncald,Septin10,LOC103690002,H3c1,LOC100912380,Atp5pb,Glul,C3,Pnpo,Gmfb,Rab1b,Aldoa,Hbb-b1,Kng1,Utrn,LOC103694857,Hbb,Myo18a,Grpel1,Gpm6b,LOC100134871,Slc44a1,Kif5a,Psma7,Apoe,Hadhb,Gnal,Adk,Gria1,Epn2,Slc6a8,Nudt3,Gpd1,Ubc,Itpr3,Sh3glb2,Hsp90aa1",2.44e-09,4.63e-07,"Animal"
"TISSUES","BTO:0001629",8,82,10116,"10116.ENSRNOP00000008980,10116.ENSRNOP00000015956,10116.ENSRNOP00000017468,10116.ENSRNOP00000017965,10116.ENSRNOP00000066885,10116.ENSRNOP00000068764,10116.ENSRNOP00000071528,10116.ENSRNOP00000072480","Dld,Got2,Ldha,Ldhb,C3,Aldoa,LOC100134871,Hadhb",3.77e-08,6.68e-06,"Left ventricle"
"TISSUES","BTO:0000879",6,44,10116,"10116.ENSRNOP00000003283,10116.ENSRNOP00000011275,10116.ENSRNOP00000062228,10116.ENSRNOP00000065890,10116.ENSRNOP00000071702,10116.ENSRNOP00000074119","Plp1,Bsg,Prkacb,Glul,Apoe,Gria1",3.35e-07,5.56e-05,"Lateral ventricle"
"TISSUES","BTO:0001862",5,26,10116,"10116.ENSRNOP00000011275,10116.ENSRNOP00000062228,10116.ENSRNOP00000065890,10116.ENSRNOP00000071702,10116.ENSRNOP00000074119","Bsg,Prkacb,Glul,Apoe,Gria1",7.32e-07,0.00011,"Nucleus accumbens"
"TISSUES","BTO:0000146",16,661,10116,"10116.ENSRNOP00000000772,10116.ENSRNOP00000004799,10116.ENSRNOP00000011275,10116.ENSRNOP00000017965,10116.ENSRNOP00000018325,10116.ENSRNOP00000018821,10116.ENSRNOP00000022383,10116.ENSRNOP00000023132,10116.ENSRNOP00000059012,10116.ENSRNOP00000059906,10116.ENSRNOP00000060967,10116.ENSRNOP00000062228,10116.ENSRNOP00000065890,10116.ENSRNOP00000070324,10116.ENSRNOP00000071702,10116.ENSRNOP00000072480","Hint1,Prdx2,Bsg,Ldhb,Gsta1,Slc6a12,Slc17a6,Prdx1,Srsf2,Sgip1,Cd59,Prkacb,Glul,Hbb,Apoe,Hadhb",1.09e-06,0.00016,"Brain stem"
"TISSUES","BTO:0002807",5,29,10116,"10116.ENSRNOP00000011275,10116.ENSRNOP00000062228,10116.ENSRNOP00000065890,10116.ENSRNOP00000071702,10116.ENSRNOP00000074119","Bsg,Prkacb,Glul,Apoe,Gria1",1.18e-06,0.00017,"Prefrontal cortex"
"TISSUES","BTO:0004702",4,14,10116,"10116.ENSRNOP00000062228,10116.ENSRNOP00000065890,10116.ENSRNOP00000071702,10116.ENSRNOP00000074119","Prkacb,Glul,Apoe,Gria1",2.6e-06,0.00034,"Ventral striatum"
"TISSUES","BTO:0000484",7,107,10116,"10116.ENSRNOP00000003283,10116.ENSRNOP00000011275,10116.ENSRNOP00000059906,10116.ENSRNOP00000062228,10116.ENSRNOP00000065890,10116.ENSRNOP00000071702,10116.ENSRNOP00000074119","Plp1,Bsg,Sgip1,Prkacb,Glul,Apoe,Gria1",3.42e-06,0.00043,"Frontal lobe"
"TISSUES","BTO:0000478",17,826,10116,"10116.ENSRNOP00000000772,10116.ENSRNOP00000003283,10116.ENSRNOP00000006329,10116.ENSRNOP00000011275,10116.ENSRNOP00000018821,10116.ENSRNOP00000019174,10116.ENSRNOP00000022383,10116.ENSRNOP00000024430,10116.ENSRNOP00000025675,10116.ENSRNOP00000031615,10116.ENSRNOP00000032429,10116.ENSRNOP00000059906,10116.ENSRNOP00000062228,10116.ENSRNOP00000065890,10116.ENSRNOP00000070988,10116.ENSRNOP00000071702,10116.ENSRNOP00000074119","Hint1,Plp1,Napb,Bsg,Slc6a12,Gnaq,Slc17a6,Vim,Ap3m2,Ptk2b,Map1lc3a,Sgip1,Prkacb,Glul,Gpm6b,Apoe,Gria1",4.21e-06,0.00049,"Forebrain"
"TISSUES","BTO:0001476",4,17,10116,"10116.ENSRNOP00000064431,10116.ENSRNOP00000067217,10116.ENSRNOP00000069899,10116.ENSRNOP00000074909","H3c1,H3c1-2,H3c1-3,H3c1-4",5.01e-06,0.00055,"Mitotic cell"
"TISSUES","BTO:0000233",14,581,10116,"10116.ENSRNOP00000003283,10116.ENSRNOP00000006329,10116.ENSRNOP00000011275,10116.ENSRNOP00000018821,10116.ENSRNOP00000019174,10116.ENSRNOP00000025675,10116.ENSRNOP00000031615,10116.ENSRNOP00000032429,10116.ENSRNOP00000059906,10116.ENSRNOP00000062228,10116.ENSRNOP00000065890,10116.ENSRNOP00000070988,10116.ENSRNOP00000071702,10116.ENSRNOP00000074119","Plp1,Napb,Bsg,Slc6a12,Gnaq,Ap3m2,Ptk2b,Map1lc3a,Sgip1,Prkacb,Glul,Gpm6b,Apoe,Gria1",5.67e-06,6e-04,"Cerebral cortex"
"TISSUES","BTO:0001408",4,19,10116,"10116.ENSRNOP00000011275,10116.ENSRNOP00000062228,10116.ENSRNOP00000065890,10116.ENSRNOP00000071702","Bsg,Prkacb,Glul,Apoe",7.35e-06,0.00075,"Locus ceruleus"
"TISSUES","BTO:0001311",6,88,10116,"10116.ENSRNOP00000003283,10116.ENSRNOP00000018821,10116.ENSRNOP00000062228,10116.ENSRNOP00000065890,10116.ENSRNOP00000071702,10116.ENSRNOP00000074119","Plp1,Slc6a12,Prkacb,Glul,Apoe,Gria1",1.41e-05,0.0013,"Corpus striatum"
"TISSUES","BTO:0000418",5,55,10116,"10116.ENSRNOP00000003283,10116.ENSRNOP00000062228,10116.ENSRNOP00000065890,10116.ENSRNOP00000071702,10116.ENSRNOP00000074119","Plp1,Prkacb,Glul,Apoe,Gria1",2.07e-05,0.0018,"Neostriatum"
"TISSUES","BTO:0000938",7,145,10116,"10116.ENSRNOP00000004699,10116.ENSRNOP00000022383,10116.ENSRNOP00000032429,10116.ENSRNOP00000062228,10116.ENSRNOP00000065890,10116.ENSRNOP00000071702,10116.ENSRNOP00000074119","Prkca,Slc17a6,Map1lc3a,Prkacb,Glul,Apoe,Gria1",2.26e-05,0.0019,"Neuron"
"TISSUES","BTO:0000445",9,360,10116,"10116.ENSRNOP00000003283,10116.ENSRNOP00000006329,10116.ENSRNOP00000011275,10116.ENSRNOP00000031615,10116.ENSRNOP00000059906,10116.ENSRNOP00000062228,10116.ENSRNOP00000065890,10116.ENSRNOP00000071702,10116.ENSRNOP00000074119","Plp1,Napb,Bsg,Ptk2b,Sgip1,Prkacb,Glul,Apoe,Gria1",0.00022,0.0172,"Cerebral lobe"
"TISSUES","BTO:0000522",58,7041,10116,"10116.ENSRNOP00000000772,10116.ENSRNOP00000002410,10116.ENSRNOP00000003787,10116.ENSRNOP00000004249,10116.ENSRNOP00000004385,10116.ENSRNOP00000004799,10116.ENSRNOP00000007794,10116.ENSRNOP00000008980,10116.ENSRNOP00000009183,10116.ENSRNOP00000009556,10116.ENSRNOP00000009813,10116.ENSRNOP00000012114,10116.ENSRNOP00000012279,10116.ENSRNOP00000013005,10116.ENSRNOP00000015786,10116.ENSRNOP00000015956,10116.ENSRNOP00000017468,10116.ENSRNOP00000017965,10116.ENSRNOP00000018072,10116.ENSRNOP00000018325,10116.ENSRNOP00000018711,10116.ENSRNOP00000018821,10116.ENSRNOP00000019265,10116.ENSRNOP00000020325,10116.ENSRNOP00000020822,10116.ENSRNOP00000022363,10116.ENSRNOP00000023132,10116.ENSRNOP00000024083,10116.ENSRNOP00000024430,10116.ENSRNOP00000025525,10116.ENSRNOP00000025675,10116.ENSRNOP00000027407,10116.ENSRNOP00000027497,10116.ENSRNOP00000029070,10116.ENSRNOP00000031615,10116.ENSRNOP00000032429,10116.ENSRNOP00000055224,10116.ENSRNOP00000059012,10116.ENSRNOP00000060967,10116.ENSRNOP00000062102,10116.ENSRNOP00000062228,10116.ENSRNOP00000064265,10116.ENSRNOP00000067069,10116.ENSRNOP00000067788,10116.ENSRNOP00000068764,10116.ENSRNOP00000069578,10116.ENSRNOP00000070324,10116.ENSRNOP00000070967,10116.ENSRNOP00000070988,10116.ENSRNOP00000071535,10116.ENSRNOP00000071702,10116.ENSRNOP00000072480,10116.ENSRNOP00000073983,10116.ENSRNOP00000074461,10116.ENSRNOP00000074608,10116.ENSRNOP00000074688,10116.ENSRNOP00000075076,10116.ENSRNOP00000075715","Hint1,Ehhadh,Ptges3,Rab26,Qdpr,Prdx2,Dstn,Dld,Pygl,LOC103692716,Fgb,Pdcd6ip,Dynll2,Enpp6,Auh,Got2,Ldha,Ldhb,Add1,Gsta1,Cap1,Slc6a12,Arpc2,Aldh7a1,Rhoq,Hras,Prdx1,Etfb,Vim,Cox5a,Ap3m2,Ctsd,Atp1a3,Rab35,Ptk2b,Map1lc3a,Ndufs2,Srsf2,Cd59,Ube2v2,Prkacb,Septin10,Pnpo,Rab1b,Aldoa,Kng1,Hbb,Grpel1,Gpm6b,Slc44a1,Apoe,Hadhb,Adk,Epn2,Nudt3,Ubc,Sh3glb2,Hsp90aa1",0.00032,0.0246,"Gland"
"TISSUES","BTO:0000672",11,560,10116,"10116.ENSRNOP00000004799,10116.ENSRNOP00000017965,10116.ENSRNOP00000018325,10116.ENSRNOP00000018821,10116.ENSRNOP00000022383,10116.ENSRNOP00000023132,10116.ENSRNOP00000059012,10116.ENSRNOP00000059906,10116.ENSRNOP00000060967,10116.ENSRNOP00000070324,10116.ENSRNOP00000072480","Prdx2,Ldhb,Gsta1,Slc6a12,Slc17a6,Prdx1,Srsf2,Sgip1,Cd59,Hbb,Hadhb",0.00034,0.0253,"Hindbrain"
"TISSUES","BTO:0004102",3,24,10116,"10116.ENSRNOP00000032429,10116.ENSRNOP00000065890,10116.ENSRNOP00000071702","Map1lc3a,Glul,Apoe",0.00044,0.0317,"Cerebral cortical neuron"
"TISSUES","BTO:0000601",6,178,10116,"10116.ENSRNOP00000006329,10116.ENSRNOP00000031615,10116.ENSRNOP00000062228,10116.ENSRNOP00000065890,10116.ENSRNOP00000071702,10116.ENSRNOP00000074119","Napb,Ptk2b,Prkacb,Glul,Apoe,Gria1",0.00057,0.0391,"Hippocampus"
"TISSUES","BTO:0001073",8,326,10116,"10116.ENSRNOP00000004799,10116.ENSRNOP00000017965,10116.ENSRNOP00000018325,10116.ENSRNOP00000023132,10116.ENSRNOP00000059012,10116.ENSRNOP00000060967,10116.ENSRNOP00000070324,10116.ENSRNOP00000072480","Prdx2,Ldhb,Gsta1,Prdx1,Srsf2,Cd59,Hbb,Hadhb",0.00056,0.0391,"Hypophysis"
"TISSUES","BTO:0000232",10,517,10116,"10116.ENSRNOP00000004799,10116.ENSRNOP00000017965,10116.ENSRNOP00000018325,10116.ENSRNOP00000018821,10116.ENSRNOP00000023132,10116.ENSRNOP00000059012,10116.ENSRNOP00000059906,10116.ENSRNOP00000060967,10116.ENSRNOP00000070324,10116.ENSRNOP00000072480","Prdx2,Ldhb,Gsta1,Slc6a12,Prdx1,Srsf2,Sgip1,Cd59,Hbb,Hadhb",0.00072,0.0466,"Cerebellum"
"Keyword","KW-0597",84,3968,10116,"10116.ENSRNOP00000000617,10116.ENSRNOP00000000772,10116.ENSRNOP00000001115,10116.ENSRNOP00000002410,10116.ENSRNOP00000003283,10116.ENSRNOP00000003787,10116.ENSRNOP00000004385,10116.ENSRNOP00000004699,10116.ENSRNOP00000004799,10116.ENSRNOP00000007794,10116.ENSRNOP00000008342,10116.ENSRNOP00000008980,10116.ENSRNOP00000008999,10116.ENSRNOP00000009183,10116.ENSRNOP00000009556,10116.ENSRNOP00000011275,10116.ENSRNOP00000012114,10116.ENSRNOP00000013005,10116.ENSRNOP00000013184,10116.ENSRNOP00000013299,10116.ENSRNOP00000015561,10116.ENSRNOP00000015956,10116.ENSRNOP00000016220,10116.ENSRNOP00000016981,10116.ENSRNOP00000017375,10116.ENSRNOP00000017468,10116.ENSRNOP00000017965,10116.ENSRNOP00000018072,10116.ENSRNOP00000018711,10116.ENSRNOP00000018821,10116.ENSRNOP00000019508,10116.ENSRNOP00000020908,10116.ENSRNOP00000021629,10116.ENSRNOP00000022485,10116.ENSRNOP00000023132,10116.ENSRNOP00000024083,10116.ENSRNOP00000024280,10116.ENSRNOP00000024430,10116.ENSRNOP00000025496,10116.ENSRNOP00000025525,10116.ENSRNOP00000025980,10116.ENSRNOP00000027497,10116.ENSRNOP00000028603,10116.ENSRNOP00000028838,10116.ENSRNOP00000029070,10116.ENSRNOP00000031615,10116.ENSRNOP00000032429,10116.ENSRNOP00000033456,10116.ENSRNOP00000035271,10116.ENSRNOP00000040899,10116.ENSRNOP00000044986,10116.ENSRNOP00000050393,10116.ENSRNOP00000052160,10116.ENSRNOP00000058882,10116.ENSRNOP00000059012,10116.ENSRNOP00000059906,10116.ENSRNOP00000062228,10116.ENSRNOP00000064265,10116.ENSRNOP00000064431,10116.ENSRNOP00000064489,10116.ENSRNOP00000065890,10116.ENSRNOP00000066885,10116.ENSRNOP00000067069,10116.ENSRNOP00000067695,10116.ENSRNOP00000067788,10116.ENSRNOP00000068764,10116.ENSRNOP00000069578,10116.ENSRNOP00000069937,10116.ENSRNOP00000070324,10116.ENSRNOP00000070473,10116.ENSRNOP00000070988,10116.ENSRNOP00000071535,10116.ENSRNOP00000071539,10116.ENSRNOP00000071611,10116.ENSRNOP00000071702,10116.ENSRNOP00000073266,10116.ENSRNOP00000073983,10116.ENSRNOP00000074119,10116.ENSRNOP00000074461,10116.ENSRNOP00000074536,10116.ENSRNOP00000074647,10116.ENSRNOP00000074688,10116.ENSRNOP00000075066,10116.ENSRNOP00000075076","Mapk14,Hint1,Ddx39b,Ehhadh,Plp1,Ptges3,Qdpr,Prkca,Prdx2,Dstn,Slc6a11,Dld,Sh3gl2,Pygl,LOC103692716,Bsg,Pdcd6ip,Enpp6,Dync1i1,Rab43,Slc25a18,Got2,Mapre1,Ywhab,Dbnl,Ldha,Ldhb,Add1,Cap1,Slc6a12,Rps2,Nol3,Rad23b,Ngef,Prdx1,Etfb,Dgkz,Vim,Bcan,Cox5a,Hnrnpk,Atp1a3,Fxyd7,Itpa,Rab35,Ptk2b,Map1lc3a,Camk1,Negr1,Cadm2,H2aj,Nf1,Hnrnpa1,Camk2b,Srsf2,Sgip1,Prkacb,Septin10,H3c1,LOC100912380,Glul,C3,Pnpo,Gmfb,Rab1b,Aldoa,Kng1,LOC103694857,Hbb,Myo18a,Gpm6b,Slc44a1,Kif5a,Psma7,Apoe,Gnal,Adk,Gria1,Epn2,Slc6a8,Gpd1,Ubc,Itpr3,Sh3glb2",5.75e-34,2.95e-31,"Phosphoprotein"
"Keyword","KW-0007",56,1715,10116,"10116.ENSRNOP00000000617,10116.ENSRNOP00000000749,10116.ENSRNOP00000000772,10116.ENSRNOP00000001115,10116.ENSRNOP00000001581,10116.ENSRNOP00000002410,10116.ENSRNOP00000003787,10116.ENSRNOP00000004699,10116.ENSRNOP00000004799,10116.ENSRNOP00000007794,10116.ENSRNOP00000008980,10116.ENSRNOP00000009183,10116.ENSRNOP00000009556,10116.ENSRNOP00000012114,10116.ENSRNOP00000013184,10116.ENSRNOP00000015786,10116.ENSRNOP00000015956,10116.ENSRNOP00000016220,10116.ENSRNOP00000016981,10116.ENSRNOP00000017375,10116.ENSRNOP00000017468,10116.ENSRNOP00000017965,10116.ENSRNOP00000018072,10116.ENSRNOP00000018711,10116.ENSRNOP00000019265,10116.ENSRNOP00000019508,10116.ENSRNOP00000020325,10116.ENSRNOP00000020670,10116.ENSRNOP00000021920,10116.ENSRNOP00000022363,10116.ENSRNOP00000023132,10116.ENSRNOP00000024083,10116.ENSRNOP00000024430,10116.ENSRNOP00000025525,10116.ENSRNOP00000025980,10116.ENSRNOP00000028838,10116.ENSRNOP00000044986,10116.ENSRNOP00000050393,10116.ENSRNOP00000052160,10116.ENSRNOP00000055224,10116.ENSRNOP00000059012,10116.ENSRNOP00000062102,10116.ENSRNOP00000064431,10116.ENSRNOP00000064489,10116.ENSRNOP00000065890,10116.ENSRNOP00000067695,10116.ENSRNOP00000067788,10116.ENSRNOP00000068764,10116.ENSRNOP00000069937,10116.ENSRNOP00000070324,10116.ENSRNOP00000070967,10116.ENSRNOP00000071539,10116.ENSRNOP00000071611,10116.ENSRNOP00000072480,10116.ENSRNOP00000074608,10116.ENSRNOP00000075076","Mapk14,Cisd1,Hint1,Ddx39b,Gltp,Ehhadh,Ptges3,Prkca,Prdx2,Dstn,Dld,Pygl,LOC103692716,Pdcd6ip,Dync1i1,Auh,Got2,Mapre1,Ywhab,Dbnl,Ldha,Ldhb,Add1,Cap1,Arpc2,Rps2,Aldh7a1,Atp5f1d,LOC100911417,Hras,Prdx1,Etfb,Vim,Cox5a,Hnrnpk,Itpa,H2aj,Nf1,Hnrnpa1,Ndufs2,Srsf2,Ube2v2,H3c1,LOC100912380,Glul,Gmfb,Rab1b,Aldoa,LOC103694857,Hbb,Grpel1,Kif5a,Psma7,Hadhb,Nudt3,Sh3glb2",3.87e-29,9.9e-27,"Acetylation"
"Keyword","KW-0963",52,2610,10116,"10116.ENSRNOP00000000617,10116.ENSRNOP00000000772,10116.ENSRNOP00000001115,10116.ENSRNOP00000001417,10116.ENSRNOP00000001581,10116.ENSRNOP00000003787,10116.ENSRNOP00000004699,10116.ENSRNOP00000004799,10116.ENSRNOP00000008999,10116.ENSRNOP00000009556,10116.ENSRNOP00000012114,10116.ENSRNOP00000012279,10116.ENSRNOP00000013184,10116.ENSRNOP00000016220,10116.ENSRNOP00000016981,10116.ENSRNOP00000017375,10116.ENSRNOP00000017468,10116.ENSRNOP00000017965,10116.ENSRNOP00000018072,10116.ENSRNOP00000018325,10116.ENSRNOP00000019265,10116.ENSRNOP00000020325,10116.ENSRNOP00000020822,10116.ENSRNOP00000020908,10116.ENSRNOP00000021629,10116.ENSRNOP00000022485,10116.ENSRNOP00000023132,10116.ENSRNOP00000024280,10116.ENSRNOP00000024430,10116.ENSRNOP00000025980,10116.ENSRNOP00000028838,10116.ENSRNOP00000031615,10116.ENSRNOP00000032429,10116.ENSRNOP00000033456,10116.ENSRNOP00000052160,10116.ENSRNOP00000058882,10116.ENSRNOP00000062228,10116.ENSRNOP00000064092,10116.ENSRNOP00000064265,10116.ENSRNOP00000064489,10116.ENSRNOP00000065890,10116.ENSRNOP00000067788,10116.ENSRNOP00000068764,10116.ENSRNOP00000069754,10116.ENSRNOP00000070473,10116.ENSRNOP00000071539,10116.ENSRNOP00000071611,10116.ENSRNOP00000074461,10116.ENSRNOP00000074608,10116.ENSRNOP00000074647,10116.ENSRNOP00000074688,10116.ENSRNOP00000075076","Mapk14,Hint1,Ddx39b,Rac1,Gltp,Ptges3,Prkca,Prdx2,Sh3gl2,LOC103692716,Pdcd6ip,Dynll2,Dync1i1,Mapre1,Ywhab,Dbnl,Ldha,Ldhb,Add1,Gsta1,Arpc2,Aldh7a1,Rhoq,Nol3,Rad23b,Ngef,Prdx1,Dgkz,Vim,Hnrnpk,Itpa,Ptk2b,Map1lc3a,Camk1,Hnrnpa1,Camk2b,Prkacb,Pdxp,Septin10,LOC100912380,Glul,Rab1b,Aldoa,Utrn,Myo18a,Kif5a,Psma7,Epn2,Nudt3,Gpd1,Ubc,Sh3glb2",2.62e-17,4.47e-15,"Cytoplasm"
"Keyword","KW-0449",22,490,10116,"10116.ENSRNOP00000001417,10116.ENSRNOP00000003283,10116.ENSRNOP00000004249,10116.ENSRNOP00000013005,10116.ENSRNOP00000013299,10116.ENSRNOP00000019174,10116.ENSRNOP00000020822,10116.ENSRNOP00000020908,10116.ENSRNOP00000022363,10116.ENSRNOP00000025496,10116.ENSRNOP00000026633,10116.ENSRNOP00000029070,10116.ENSRNOP00000032429,10116.ENSRNOP00000035271,10116.ENSRNOP00000060967,10116.ENSRNOP00000062228,10116.ENSRNOP00000062447,10116.ENSRNOP00000065890,10116.ENSRNOP00000067788,10116.ENSRNOP00000071535,10116.ENSRNOP00000073266,10116.ENSRNOP00000074119","Rac1,Plp1,Rab26,Enpp6,Rab43,Gnaq,Rhoq,Nol3,Hras,Bcan,Cd9,Rab35,Map1lc3a,Negr1,Cd59,Prkacb,Ncald,Glul,Rab1b,Slc44a1,Gnal,Gria1",8.43e-14,1.08e-11,"Lipoprotein"
"Keyword","KW-0813",33,1372,10116,"10116.ENSRNOP00000001115,10116.ENSRNOP00000001581,10116.ENSRNOP00000004249,10116.ENSRNOP00000006329,10116.ENSRNOP00000008342,10116.ENSRNOP00000012114,10116.ENSRNOP00000012279,10116.ENSRNOP00000013184,10116.ENSRNOP00000015561,10116.ENSRNOP00000015956,10116.ENSRNOP00000017375,10116.ENSRNOP00000018821,10116.ENSRNOP00000020670,10116.ENSRNOP00000020720,10116.ENSRNOP00000021920,10116.ENSRNOP00000022383,10116.ENSRNOP00000024083,10116.ENSRNOP00000025675,10116.ENSRNOP00000027497,10116.ENSRNOP00000028603,10116.ENSRNOP00000029070,10116.ENSRNOP00000052160,10116.ENSRNOP00000055224,10116.ENSRNOP00000067788,10116.ENSRNOP00000068875,10116.ENSRNOP00000069937,10116.ENSRNOP00000070324,10116.ENSRNOP00000070988,10116.ENSRNOP00000071535,10116.ENSRNOP00000071702,10116.ENSRNOP00000074119,10116.ENSRNOP00000074536,10116.ENSRNOP00000075066","Ddx39b,Gltp,Rab26,Napb,Slc6a11,Pdcd6ip,Dynll2,Dync1i1,Slc25a18,Got2,Dbnl,Slc6a12,Atp5f1d,Slc32a1,LOC100911417,Slc17a6,Etfb,Ap3m2,Atp1a3,Fxyd7,Rab35,Hnrnpa1,Ndufs2,Rab1b,Hbb-b1,LOC103694857,Hbb,Gpm6b,Slc44a1,Apoe,Gria1,Slc6a8,Itpr3",7.34e-13,7.52e-11,"Transport"
"Keyword","KW-0488",17,478,10116,"10116.ENSRNOP00000001417,10116.ENSRNOP00000012114,10116.ENSRNOP00000013299,10116.ENSRNOP00000015956,10116.ENSRNOP00000018711,10116.ENSRNOP00000020822,10116.ENSRNOP00000022363,10116.ENSRNOP00000024083,10116.ENSRNOP00000025980,10116.ENSRNOP00000044986,10116.ENSRNOP00000052160,10116.ENSRNOP00000055224,10116.ENSRNOP00000064431,10116.ENSRNOP00000067788,10116.ENSRNOP00000069937,10116.ENSRNOP00000070324,10116.ENSRNOP00000074461","Rac1,Pdcd6ip,Rab43,Got2,Cap1,Rhoq,Hras,Etfb,Hnrnpk,H2aj,Hnrnpa1,Ndufs2,H3c1,Rab1b,LOC103694857,Hbb,Epn2",2.19e-09,1.84e-07,"Methylation"
"Keyword","KW-0547",28,1370,10116,"10116.ENSRNOP00000000617,10116.ENSRNOP00000000772,10116.ENSRNOP00000001115,10116.ENSRNOP00000001417,10116.ENSRNOP00000004249,10116.ENSRNOP00000004699,10116.ENSRNOP00000009183,10116.ENSRNOP00000009556,10116.ENSRNOP00000013299,10116.ENSRNOP00000019174,10116.ENSRNOP00000020822,10116.ENSRNOP00000022363,10116.ENSRNOP00000024083,10116.ENSRNOP00000024280,10116.ENSRNOP00000027497,10116.ENSRNOP00000028838,10116.ENSRNOP00000029070,10116.ENSRNOP00000031615,10116.ENSRNOP00000033456,10116.ENSRNOP00000058882,10116.ENSRNOP00000062228,10116.ENSRNOP00000064265,10116.ENSRNOP00000065890,10116.ENSRNOP00000067788,10116.ENSRNOP00000070473,10116.ENSRNOP00000071539,10116.ENSRNOP00000073266,10116.ENSRNOP00000073983","Mapk14,Hint1,Ddx39b,Rac1,Rab26,Prkca,Pygl,LOC103692716,Rab43,Gnaq,Rhoq,Hras,Etfb,Dgkz,Atp1a3,Itpa,Rab35,Ptk2b,Camk1,Camk2b,Prkacb,Septin10,Glul,Rab1b,Myo18a,Kif5a,Gnal,Adk",2.16e-09,1.84e-07,"Nucleotide-binding"
"Keyword","KW-0832",24,1038,10116,"10116.ENSRNOP00000000617,10116.ENSRNOP00000000749,10116.ENSRNOP00000001115,10116.ENSRNOP00000001417,10116.ENSRNOP00000003787,10116.ENSRNOP00000007794,10116.ENSRNOP00000009556,10116.ENSRNOP00000016981,10116.ENSRNOP00000017468,10116.ENSRNOP00000018711,10116.ENSRNOP00000019508,10116.ENSRNOP00000020908,10116.ENSRNOP00000022363,10116.ENSRNOP00000023132,10116.ENSRNOP00000024430,10116.ENSRNOP00000025980,10116.ENSRNOP00000033456,10116.ENSRNOP00000044986,10116.ENSRNOP00000052160,10116.ENSRNOP00000064431,10116.ENSRNOP00000065890,10116.ENSRNOP00000068764,10116.ENSRNOP00000074461,10116.ENSRNOP00000074688","Mapk14,Cisd1,Ddx39b,Rac1,Ptges3,Dstn,LOC103692716,Ywhab,Ldha,Cap1,Rps2,Nol3,Hras,Prdx1,Vim,Hnrnpk,Camk1,H2aj,Hnrnpa1,H3c1,Glul,Aldoa,Epn2,Ubc",3.7e-09,2.37e-07,"Ubl conjugation"
"Keyword","KW-1017",17,675,10116,"10116.ENSRNOP00000000749,10116.ENSRNOP00000001115,10116.ENSRNOP00000001417,10116.ENSRNOP00000003787,10116.ENSRNOP00000016981,10116.ENSRNOP00000017468,10116.ENSRNOP00000018711,10116.ENSRNOP00000019508,10116.ENSRNOP00000022363,10116.ENSRNOP00000023132,10116.ENSRNOP00000024430,10116.ENSRNOP00000025980,10116.ENSRNOP00000033456,10116.ENSRNOP00000044986,10116.ENSRNOP00000052160,10116.ENSRNOP00000068764,10116.ENSRNOP00000074688","Cisd1,Ddx39b,Rac1,Ptges3,Ywhab,Ldha,Cap1,Rps2,Hras,Prdx1,Vim,Hnrnpk,Camk1,H2aj,Hnrnpa1,Aldoa,Ubc",2.85e-07,1.62e-05,"Isopeptide bond"
"Keyword","KW-0636",7,83,10116,"10116.ENSRNOP00000001417,10116.ENSRNOP00000004249,10116.ENSRNOP00000013299,10116.ENSRNOP00000020822,10116.ENSRNOP00000022363,10116.ENSRNOP00000029070,10116.ENSRNOP00000067788","Rac1,Rab26,Rab43,Rhoq,Hras,Rab35,Rab1b",6.94e-07,3.55e-05,"Prenylation"
"Keyword","KW-0206",15,611,10116,"10116.ENSRNOP00000012114,10116.ENSRNOP00000012279,10116.ENSRNOP00000013184,10116.ENSRNOP00000016220,10116.ENSRNOP00000017375,10116.ENSRNOP00000018072,10116.ENSRNOP00000019265,10116.ENSRNOP00000024430,10116.ENSRNOP00000032429,10116.ENSRNOP00000058882,10116.ENSRNOP00000064092,10116.ENSRNOP00000064265,10116.ENSRNOP00000069754,10116.ENSRNOP00000070473,10116.ENSRNOP00000071539","Pdcd6ip,Dynll2,Dync1i1,Mapre1,Dbnl,Add1,Arpc2,Vim,Map1lc3a,Camk2b,Pdxp,Septin10,Utrn,Myo18a,Kif5a",2.05e-06,9.08e-05,"Cytoskeleton"
"Keyword","KW-0496",16,692,10116,"10116.ENSRNOP00000000749,10116.ENSRNOP00000004699,10116.ENSRNOP00000008980,10116.ENSRNOP00000015561,10116.ENSRNOP00000015786,10116.ENSRNOP00000015956,10116.ENSRNOP00000020325,10116.ENSRNOP00000020670,10116.ENSRNOP00000020908,10116.ENSRNOP00000021920,10116.ENSRNOP00000024083,10116.ENSRNOP00000025525,10116.ENSRNOP00000055224,10116.ENSRNOP00000065890,10116.ENSRNOP00000070967,10116.ENSRNOP00000072480","Cisd1,Prkca,Dld,Slc25a18,Auh,Got2,Aldh7a1,Atp5f1d,Nol3,LOC100911417,Etfb,Cox5a,Ndufs2,Glul,Grpel1,Hadhb",1.95e-06,9.08e-05,"Mitochondrion"
"Keyword","KW-0342",10,265,10116,"10116.ENSRNOP00000001417,10116.ENSRNOP00000004249,10116.ENSRNOP00000013299,10116.ENSRNOP00000019174,10116.ENSRNOP00000020822,10116.ENSRNOP00000022363,10116.ENSRNOP00000029070,10116.ENSRNOP00000064265,10116.ENSRNOP00000067788,10116.ENSRNOP00000073266","Rac1,Rab26,Rab43,Gnaq,Rhoq,Hras,Rab35,Septin10,Rab1b,Gnal",3.2e-06,0.00013,"GTP-binding"
"Keyword","KW-0809",10,321,10116,"10116.ENSRNOP00000008980,10116.ENSRNOP00000015786,10116.ENSRNOP00000015956,10116.ENSRNOP00000020325,10116.ENSRNOP00000020670,10116.ENSRNOP00000021920,10116.ENSRNOP00000025525,10116.ENSRNOP00000055224,10116.ENSRNOP00000070967,10116.ENSRNOP00000072480","Dld,Auh,Got2,Aldh7a1,Atp5f1d,LOC100911417,Cox5a,Ndufs2,Grpel1,Hadhb",1.62e-05,0.00059,"Transit peptide"
"Keyword","KW-0965",13,568,10116,"10116.ENSRNOP00000008999,10116.ENSRNOP00000012114,10116.ENSRNOP00000017375,10116.ENSRNOP00000019265,10116.ENSRNOP00000020411,10116.ENSRNOP00000022383,10116.ENSRNOP00000025980,10116.ENSRNOP00000031615,10116.ENSRNOP00000040899,10116.ENSRNOP00000058882,10116.ENSRNOP00000069754,10116.ENSRNOP00000070473,10116.ENSRNOP00000074119","Sh3gl2,Pdcd6ip,Dbnl,Arpc2,Lgi1,Slc17a6,Hnrnpk,Ptk2b,Cadm2,Camk2b,Utrn,Myo18a,Gria1",2.12e-05,0.00072,"Cell junction"
"Keyword","KW-0520",7,154,10116,"10116.ENSRNOP00000002410,10116.ENSRNOP00000008980,10116.ENSRNOP00000017468,10116.ENSRNOP00000017965,10116.ENSRNOP00000020325,10116.ENSRNOP00000055224,10116.ENSRNOP00000074647","Ehhadh,Dld,Ldha,Ldhb,Aldh7a1,Ndufs2,Gpd1",3.27e-05,0.001,"NAD"
"Keyword","KW-0532",4,33,10116,"10116.ENSRNOP00000008342,10116.ENSRNOP00000018821,10116.ENSRNOP00000020720,10116.ENSRNOP00000022383","Slc6a11,Slc6a12,Slc32a1,Slc17a6",5.16e-05,0.0016,"Neurotransmitter transport"
"Keyword","KW-0560",11,467,10116,"10116.ENSRNOP00000002410,10116.ENSRNOP00000004385,10116.ENSRNOP00000004799,10116.ENSRNOP00000008980,10116.ENSRNOP00000017468,10116.ENSRNOP00000017965,10116.ENSRNOP00000020325,10116.ENSRNOP00000023132,10116.ENSRNOP00000055224,10116.ENSRNOP00000067069,10116.ENSRNOP00000074647","Ehhadh,Qdpr,Prdx2,Dld,Ldha,Ldhb,Aldh7a1,Prdx1,Ndufs2,Pnpo,Gpd1",7.33e-05,0.0021,"Oxidoreductase"
"Keyword","KW-0009",7,181,10116,"10116.ENSRNOP00000007794,10116.ENSRNOP00000017375,10116.ENSRNOP00000018072,10116.ENSRNOP00000018711,10116.ENSRNOP00000019265,10116.ENSRNOP00000069754,10116.ENSRNOP00000070473","Dstn,Dbnl,Add1,Cap1,Arpc2,Utrn,Myo18a",8.73e-05,0.0024,"Actin-binding"
"Keyword","KW-0561",3,15,10116,"10116.ENSRNOP00000068875,10116.ENSRNOP00000069937,10116.ENSRNOP00000070324","Hbb-b1,LOC103694857,Hbb",0.00013,0.0033,"Oxygen transport"
"Keyword","KW-0769",5,88,10116,"10116.ENSRNOP00000008342,10116.ENSRNOP00000015561,10116.ENSRNOP00000018821,10116.ENSRNOP00000022383,10116.ENSRNOP00000074536","Slc6a11,Slc25a18,Slc6a12,Slc17a6,Slc6a8",0.00017,0.0041,"Symport"
"Keyword","KW-0325",25,2077,10116,"10116.ENSRNOP00000008342,10116.ENSRNOP00000009813,10116.ENSRNOP00000011275,10116.ENSRNOP00000013005,10116.ENSRNOP00000017805,10116.ENSRNOP00000018821,10116.ENSRNOP00000020411,10116.ENSRNOP00000020720,10116.ENSRNOP00000022383,10116.ENSRNOP00000024430,10116.ENSRNOP00000025496,10116.ENSRNOP00000025980,10116.ENSRNOP00000026633,10116.ENSRNOP00000027407,10116.ENSRNOP00000035271,10116.ENSRNOP00000040899,10116.ENSRNOP00000060967,10116.ENSRNOP00000066885,10116.ENSRNOP00000069578,10116.ENSRNOP00000070988,10116.ENSRNOP00000071535,10116.ENSRNOP00000071611,10116.ENSRNOP00000071702,10116.ENSRNOP00000074119,10116.ENSRNOP00000074536","Slc6a11,Fgb,Bsg,Enpp6,Nceh1,Slc6a12,Lgi1,Slc32a1,Slc17a6,Vim,Bcan,Hnrnpk,Cd9,Ctsd,Negr1,Cadm2,Cd59,C3,Kng1,Gpm6b,Slc44a1,Psma7,Apoe,Gria1,Slc6a8",2e-04,0.0046,"Glycoprotein"
"Keyword","KW-0663",4,49,10116,"10116.ENSRNOP00000009183,10116.ENSRNOP00000015956,10116.ENSRNOP00000064092,10116.ENSRNOP00000067069","Pygl,Got2,Pdxp,Pnpo",0.00021,0.0048,"Pyridoxal phosphate"
"Keyword","KW-0968",9,371,10116,"10116.ENSRNOP00000004249,10116.ENSRNOP00000008980,10116.ENSRNOP00000013299,10116.ENSRNOP00000017375,10116.ENSRNOP00000020720,10116.ENSRNOP00000022383,10116.ENSRNOP00000025675,10116.ENSRNOP00000029070,10116.ENSRNOP00000032429","Rab26,Dld,Rab43,Dbnl,Slc32a1,Slc17a6,Ap3m2,Rab35,Map1lc3a",0.00027,0.0058,"Cytoplasmic vesicle"
"Keyword","KW-0770",9,375,10116,"10116.ENSRNOP00000008999,10116.ENSRNOP00000017375,10116.ENSRNOP00000019265,10116.ENSRNOP00000022383,10116.ENSRNOP00000040899,10116.ENSRNOP00000058882,10116.ENSRNOP00000069754,10116.ENSRNOP00000070473,10116.ENSRNOP00000074119","Sh3gl2,Dbnl,Arpc2,Slc17a6,Cadm2,Camk2b,Utrn,Myo18a,Gria1",3e-04,0.0061,"Synapse"
"Keyword","KW-0564",7,235,10116,"10116.ENSRNOP00000003283,10116.ENSRNOP00000019174,10116.ENSRNOP00000022363,10116.ENSRNOP00000026633,10116.ENSRNOP00000065890,10116.ENSRNOP00000073266,10116.ENSRNOP00000074119","Plp1,Gnaq,Hras,Cd9,Glul,Gnal,Gria1",0.00041,0.0081,"Palmitate"
"Keyword","KW-0966",11,573,10116,"10116.ENSRNOP00000001417,10116.ENSRNOP00000008980,10116.ENSRNOP00000008999,10116.ENSRNOP00000017375,10116.ENSRNOP00000019265,10116.ENSRNOP00000022485,10116.ENSRNOP00000025980,10116.ENSRNOP00000031615,10116.ENSRNOP00000040899,10116.ENSRNOP00000064092,10116.ENSRNOP00000074119","Rac1,Dld,Sh3gl2,Dbnl,Arpc2,Ngef,Hnrnpk,Ptk2b,Cadm2,Pdxp,Gria1",0.00041,0.0081,"Cell projection"
"Keyword","KW-0336",4,68,10116,"10116.ENSRNOP00000013005,10116.ENSRNOP00000025496,10116.ENSRNOP00000035271,10116.ENSRNOP00000060967","Enpp6,Bcan,Negr1,Cd59",0.00069,0.0127,"GPI-anchor"
"Keyword","KW-0999",6,187,10116,"10116.ENSRNOP00000015561,10116.ENSRNOP00000020670,10116.ENSRNOP00000021920,10116.ENSRNOP00000025525,10116.ENSRNOP00000055224,10116.ENSRNOP00000072480","Slc25a18,Atp5f1d,LOC100911417,Cox5a,Ndufs2,Hadhb",0.00074,0.013,"Mitochondrion inner membrane"
"Keyword","KW-0254",4,74,10116,"10116.ENSRNOP00000008999,10116.ENSRNOP00000017375,10116.ENSRNOP00000059906,10116.ENSRNOP00000074461","Sh3gl2,Dbnl,Sgip1,Epn2",0.00094,0.015,"Endocytosis"
"Keyword","KW-0460",8,352,10116,"10116.ENSRNOP00000019174,10116.ENSRNOP00000027497,10116.ENSRNOP00000028838,10116.ENSRNOP00000064092,10116.ENSRNOP00000065890,10116.ENSRNOP00000073266,10116.ENSRNOP00000073983,10116.ENSRNOP00000074608","Gnaq,Atp1a3,Itpa,Pdxp,Glul,Gnal,Adk,Nudt3",0.00091,0.015,"Magnesium"
"Keyword","KW-0944",3,31,10116,"10116.ENSRNOP00000015956,10116.ENSRNOP00000016981,10116.ENSRNOP00000020720","Got2,Ywhab,Slc32a1",0.00088,0.015,"Nitration"
"Keyword","KW-0472",56,7069,10116,"10116.ENSRNOP00000000749,10116.ENSRNOP00000001417,10116.ENSRNOP00000003283,10116.ENSRNOP00000004249,10116.ENSRNOP00000004699,10116.ENSRNOP00000006329,10116.ENSRNOP00000008342,10116.ENSRNOP00000008999,10116.ENSRNOP00000009556,10116.ENSRNOP00000011275,10116.ENSRNOP00000013005,10116.ENSRNOP00000013299,10116.ENSRNOP00000015561,10116.ENSRNOP00000015956,10116.ENSRNOP00000017375,10116.ENSRNOP00000017805,10116.ENSRNOP00000018072,10116.ENSRNOP00000018711,10116.ENSRNOP00000018821,10116.ENSRNOP00000019174,10116.ENSRNOP00000020670,10116.ENSRNOP00000020720,10116.ENSRNOP00000020822,10116.ENSRNOP00000020908,10116.ENSRNOP00000021920,10116.ENSRNOP00000022363,10116.ENSRNOP00000022383,10116.ENSRNOP00000022485,10116.ENSRNOP00000024280,10116.ENSRNOP00000025496,10116.ENSRNOP00000025525,10116.ENSRNOP00000025675,10116.ENSRNOP00000026633,10116.ENSRNOP00000027497,10116.ENSRNOP00000028603,10116.ENSRNOP00000029070,10116.ENSRNOP00000031615,10116.ENSRNOP00000032429,10116.ENSRNOP00000035271,10116.ENSRNOP00000040899,10116.ENSRNOP00000055224,10116.ENSRNOP00000058882,10116.ENSRNOP00000059906,10116.ENSRNOP00000060967,10116.ENSRNOP00000062228,10116.ENSRNOP00000064092,10116.ENSRNOP00000064489,10116.ENSRNOP00000065890,10116.ENSRNOP00000067788,10116.ENSRNOP00000069754,10116.ENSRNOP00000070988,10116.ENSRNOP00000071535,10116.ENSRNOP00000072480,10116.ENSRNOP00000074119,10116.ENSRNOP00000074536,10116.ENSRNOP00000075066","Cisd1,Rac1,Plp1,Rab26,Prkca,Napb,Slc6a11,Sh3gl2,LOC103692716,Bsg,Enpp6,Rab43,Slc25a18,Got2,Dbnl,Nceh1,Add1,Cap1,Slc6a12,Gnaq,Atp5f1d,Slc32a1,Rhoq,Nol3,LOC100911417,Hras,Slc17a6,Ngef,Dgkz,Bcan,Cox5a,Ap3m2,Cd9,Atp1a3,Fxyd7,Rab35,Ptk2b,Map1lc3a,Negr1,Cadm2,Ndufs2,Camk2b,Sgip1,Cd59,Prkacb,Pdxp,LOC100912380,Glul,Rab1b,Utrn,Gpm6b,Slc44a1,Hadhb,Gria1,Slc6a8,Itpr3",0.0013,0.02,"Membrane"
"Keyword","KW-0676",3,38,10116,"10116.ENSRNOP00000004799,10116.ENSRNOP00000008980,10116.ENSRNOP00000023132","Prdx2,Dld,Prdx1",0.0015,0.0229,"Redox-active center"
"Keyword","KW-0025",13,924,10116,"10116.ENSRNOP00000000617,10116.ENSRNOP00000009813,10116.ENSRNOP00000011275,10116.ENSRNOP00000013184,10116.ENSRNOP00000017375,10116.ENSRNOP00000018072,10116.ENSRNOP00000025496,10116.ENSRNOP00000031615,10116.ENSRNOP00000040899,10116.ENSRNOP00000069578,10116.ENSRNOP00000071535,10116.ENSRNOP00000071611,10116.ENSRNOP00000074119","Mapk14,Fgb,Bsg,Dync1i1,Dbnl,Add1,Bcan,Ptk2b,Cadm2,Kng1,Slc44a1,Psma7,Gria1",0.0021,0.031,"Alternative splicing"
"Keyword","KW-0067",14,1051,10116,"10116.ENSRNOP00000000617,10116.ENSRNOP00000001115,10116.ENSRNOP00000004699,10116.ENSRNOP00000009556,10116.ENSRNOP00000024280,10116.ENSRNOP00000027497,10116.ENSRNOP00000031615,10116.ENSRNOP00000033456,10116.ENSRNOP00000058882,10116.ENSRNOP00000062228,10116.ENSRNOP00000065890,10116.ENSRNOP00000070473,10116.ENSRNOP00000071539,10116.ENSRNOP00000073983","Mapk14,Ddx39b,Prkca,LOC103692716,Dgkz,Atp1a3,Ptk2b,Camk1,Camk2b,Prkacb,Glul,Myo18a,Kif5a,Adk",0.0024,0.0335,"ATP-binding"
"Keyword","KW-0519",4,97,10116,"10116.ENSRNOP00000020908,10116.ENSRNOP00000062228,10116.ENSRNOP00000062447,10116.ENSRNOP00000071535","Nol3,Prkacb,Ncald,Slc44a1",0.0024,0.0336,"Myristate"
"Keyword","KW-0702",3,46,10116,"10116.ENSRNOP00000009556,10116.ENSRNOP00000022363,10116.ENSRNOP00000024430","LOC103692716,Hras,Vim",0.0025,0.0343,"S-nitrosylation"
"Keyword","KW-0507",5,172,10116,"10116.ENSRNOP00000001115,10116.ENSRNOP00000020908,10116.ENSRNOP00000025980,10116.ENSRNOP00000052160,10116.ENSRNOP00000059012","Ddx39b,Nol3,Hnrnpk,Hnrnpa1,Srsf2",0.0031,0.0407,"mRNA processing"
"Keyword","KW-0493",5,175,10116,"10116.ENSRNOP00000012279,10116.ENSRNOP00000013184,10116.ENSRNOP00000016220,10116.ENSRNOP00000032429,10116.ENSRNOP00000071539","Dynll2,Dync1i1,Mapre1,Map1lc3a,Kif5a",0.0033,0.0426,"Microtubule"
"Keyword","KW-0049",2,14,10116,"10116.ENSRNOP00000004799,10116.ENSRNOP00000023132","Prdx2,Prdx1",0.0035,0.0434,"Antioxidant"
"Keyword","KW-0445",3,53,10116,"10116.ENSRNOP00000001581,10116.ENSRNOP00000015956,10116.ENSRNOP00000071702","Gltp,Got2,Apoe",0.0037,0.0454,"Lipid transport"
"Keyword","KW-0276",4,112,10116,"10116.ENSRNOP00000002410,10116.ENSRNOP00000003787,10116.ENSRNOP00000066885,10116.ENSRNOP00000072480","Ehhadh,Ptges3,C3,Hadhb",0.004,0.0476,"Fatty acid metabolism"
"KEGG","rno05012",10,235,10116,"10116.ENSRNOP00000020670,10116.ENSRNOP00000021920,10116.ENSRNOP00000025525,10116.ENSRNOP00000055224,10116.ENSRNOP00000062228,10116.ENSRNOP00000071539,10116.ENSRNOP00000071611,10116.ENSRNOP00000073266,10116.ENSRNOP00000074688,10116.ENSRNOP00000075066","Atp5f1d,LOC100911417,Cox5a,Ndufs2,Prkacb,Kif5a,Psma7,Gnal,Ubc,Itpr3",1.14e-06,0.00038,"Parkinson disease"
"KEGG","rno05020",10,260,10116,"10116.ENSRNOP00000000617,10116.ENSRNOP00000001417,10116.ENSRNOP00000020670,10116.ENSRNOP00000021920,10116.ENSRNOP00000025525,10116.ENSRNOP00000055224,10116.ENSRNOP00000062228,10116.ENSRNOP00000071539,10116.ENSRNOP00000071611,10116.ENSRNOP00000075066","Mapk14,Rac1,Atp5f1d,LOC100911417,Cox5a,Ndufs2,Prkacb,Kif5a,Psma7,Itpr3",2.72e-06,0.00045,"Prion disease"
"KEGG","rno01100",23,1431,10116,"10116.ENSRNOP00000002410,10116.ENSRNOP00000003787,10116.ENSRNOP00000004385,10116.ENSRNOP00000008980,10116.ENSRNOP00000009183,10116.ENSRNOP00000015786,10116.ENSRNOP00000015956,10116.ENSRNOP00000017468,10116.ENSRNOP00000017965,10116.ENSRNOP00000018325,10116.ENSRNOP00000020325,10116.ENSRNOP00000020670,10116.ENSRNOP00000021920,10116.ENSRNOP00000024280,10116.ENSRNOP00000025525,10116.ENSRNOP00000028838,10116.ENSRNOP00000055224,10116.ENSRNOP00000064092,10116.ENSRNOP00000065890,10116.ENSRNOP00000067069,10116.ENSRNOP00000068764,10116.ENSRNOP00000072480,10116.ENSRNOP00000073983","Ehhadh,Ptges3,Qdpr,Dld,Pygl,Auh,Got2,Ldha,Ldhb,Gsta1,Aldh7a1,Atp5f1d,LOC100911417,Dgkz,Cox5a,Itpa,Ndufs2,Pdxp,Glul,Pnpo,Aldoa,Hadhb,Adk",4.52e-06,5e-04,"Metabolic pathways"
"KEGG","rno04912",6,81,10116,"10116.ENSRNOP00000000617,10116.ENSRNOP00000019174,10116.ENSRNOP00000022363,10116.ENSRNOP00000031615,10116.ENSRNOP00000062228,10116.ENSRNOP00000075066","Mapk14,Gnaq,Hras,Ptk2b,Prkacb,Itpr3",9.01e-06,0.00075,"GnRH signaling pathway"
"KEGG","rno00280",5,49,10116,"10116.ENSRNOP00000002410,10116.ENSRNOP00000008980,10116.ENSRNOP00000015786,10116.ENSRNOP00000020325,10116.ENSRNOP00000072480","Ehhadh,Dld,Auh,Aldh7a1,Hadhb",1.23e-05,0.00082,"Valine, leucine and isoleucine degradation"
"KEGG","rno04922",6,90,10116,"10116.ENSRNOP00000009183,10116.ENSRNOP00000017468,10116.ENSRNOP00000017965,10116.ENSRNOP00000019174,10116.ENSRNOP00000062228,10116.ENSRNOP00000075066","Pygl,Ldha,Ldhb,Gnaq,Prkacb,Itpr3",1.59e-05,0.00088,"Glucagon signaling pathway"
"KEGG","rno04723",7,143,10116,"10116.ENSRNOP00000000617,10116.ENSRNOP00000019174,10116.ENSRNOP00000020720,10116.ENSRNOP00000022383,10116.ENSRNOP00000055224,10116.ENSRNOP00000062228,10116.ENSRNOP00000075066","Mapk14,Gnaq,Slc32a1,Slc17a6,Ndufs2,Prkacb,Itpr3",2.08e-05,0.00098,"Retrograde endocannabinoid signaling"
"KEGG","rno00010",5,58,10116,"10116.ENSRNOP00000008980,10116.ENSRNOP00000017468,10116.ENSRNOP00000017965,10116.ENSRNOP00000020325,10116.ENSRNOP00000068764","Dld,Ldha,Ldhb,Aldh7a1,Aldoa",2.63e-05,0.0011,"Glycolysis / Gluconeogenesis"
"KEGG","rno05014",10,346,10116,"10116.ENSRNOP00000000617,10116.ENSRNOP00000001417,10116.ENSRNOP00000020670,10116.ENSRNOP00000021920,10116.ENSRNOP00000025525,10116.ENSRNOP00000052160,10116.ENSRNOP00000055224,10116.ENSRNOP00000071539,10116.ENSRNOP00000071611,10116.ENSRNOP00000075066","Mapk14,Rac1,Atp5f1d,LOC100911417,Cox5a,Hnrnpa1,Ndufs2,Kif5a,Psma7,Itpr3",3.02e-05,0.0011,"Amyotrophic lateral sclerosis"
"KEGG","rno00640",4,30,10116,"10116.ENSRNOP00000002410,10116.ENSRNOP00000008980,10116.ENSRNOP00000017468,10116.ENSRNOP00000017965","Ehhadh,Dld,Ldha,Ldhb",3.67e-05,0.0012,"Propanoate metabolism"
"KEGG","rno05010",10,352,10116,"10116.ENSRNOP00000019174,10116.ENSRNOP00000020670,10116.ENSRNOP00000021920,10116.ENSRNOP00000022363,10116.ENSRNOP00000025525,10116.ENSRNOP00000055224,10116.ENSRNOP00000071539,10116.ENSRNOP00000071611,10116.ENSRNOP00000071702,10116.ENSRNOP00000075066","Gnaq,Atp5f1d,LOC100911417,Hras,Cox5a,Ndufs2,Kif5a,Psma7,Apoe,Itpr3",3.48e-05,0.0012,"Alzheimer disease"
"KEGG","rno00620",4,35,10116,"10116.ENSRNOP00000008980,10116.ENSRNOP00000017468,10116.ENSRNOP00000017965,10116.ENSRNOP00000020325","Dld,Ldha,Ldhb,Aldh7a1",6.38e-05,0.0017,"Pyruvate metabolism"
"KEGG","rno04071",6,117,10116,"10116.ENSRNOP00000000617,10116.ENSRNOP00000001417,10116.ENSRNOP00000019174,10116.ENSRNOP00000022363,10116.ENSRNOP00000027407,10116.ENSRNOP00000069578","Mapk14,Rac1,Gnaq,Hras,Ctsd,Kng1",6.45e-05,0.0017,"Sphingolipid signaling pathway"
"KEGG","rno04144",8,234,10116,"10116.ENSRNOP00000008999,10116.ENSRNOP00000012114,10116.ENSRNOP00000019265,10116.ENSRNOP00000022363,10116.ENSRNOP00000029070,10116.ENSRNOP00000071539,10116.ENSRNOP00000074461,10116.ENSRNOP00000075076","Sh3gl2,Pdcd6ip,Arpc2,Hras,Rab35,Kif5a,Epn2,Sh3glb2",6.27e-05,0.0017,"Endocytosis"
"KEGG","rno04728",6,117,10116,"10116.ENSRNOP00000000617,10116.ENSRNOP00000019174,10116.ENSRNOP00000062228,10116.ENSRNOP00000071539,10116.ENSRNOP00000073266,10116.ENSRNOP00000075066","Mapk14,Gnaq,Prkacb,Kif5a,Gnal,Itpr3",6.45e-05,0.0017,"Dopaminergic synapse"
"KEGG","rno04915",6,122,10116,"10116.ENSRNOP00000009556,10116.ENSRNOP00000019174,10116.ENSRNOP00000022363,10116.ENSRNOP00000027407,10116.ENSRNOP00000062228,10116.ENSRNOP00000075066","LOC103692716,Gnaq,Hras,Ctsd,Prkacb,Itpr3",8.04e-05,0.0017,"Estrogen signaling pathway"
"KEGG","rno05143",4,37,10116,"10116.ENSRNOP00000019174,10116.ENSRNOP00000069578,10116.ENSRNOP00000069937,10116.ENSRNOP00000070324","Gnaq,Kng1,LOC103694857,Hbb",7.78e-05,0.0017,"African trypanosomiasis"
"KEGG","rno04727",5,85,10116,"10116.ENSRNOP00000008342,10116.ENSRNOP00000018821,10116.ENSRNOP00000020720,10116.ENSRNOP00000062228,10116.ENSRNOP00000065890","Slc6a11,Slc6a12,Slc32a1,Prkacb,Glul",0.00015,0.0027,"GABAergic synapse"
"KEGG","rno04925",5,85,10116,"10116.ENSRNOP00000019174,10116.ENSRNOP00000027497,10116.ENSRNOP00000033456,10116.ENSRNOP00000062228,10116.ENSRNOP00000075066","Gnaq,Atp1a3,Camk1,Prkacb,Itpr3",0.00015,0.0027,"Aldosterone synthesis and secretion"
"KEGG","rno05132",7,207,10116,"10116.ENSRNOP00000000617,10116.ENSRNOP00000001417,10116.ENSRNOP00000009556,10116.ENSRNOP00000012279,10116.ENSRNOP00000013184,10116.ENSRNOP00000019265,10116.ENSRNOP00000022363","Mapk14,Rac1,LOC103692716,Dynll2,Dync1i1,Arpc2,Hras",0.00019,0.0032,"Salmonella infection"
"KEGG","rno05163",7,215,10116,"10116.ENSRNOP00000000617,10116.ENSRNOP00000001417,10116.ENSRNOP00000019174,10116.ENSRNOP00000022363,10116.ENSRNOP00000031615,10116.ENSRNOP00000062228,10116.ENSRNOP00000075066","Mapk14,Rac1,Gnaq,Hras,Ptk2b,Prkacb,Itpr3",0.00024,0.0039,"Human cytomegalovirus infection"
"KEGG","rno04714",7,221,10116,"10116.ENSRNOP00000000617,10116.ENSRNOP00000020670,10116.ENSRNOP00000021920,10116.ENSRNOP00000022363,10116.ENSRNOP00000025525,10116.ENSRNOP00000055224,10116.ENSRNOP00000062228","Mapk14,Atp5f1d,LOC100911417,Hras,Cox5a,Ndufs2,Prkacb",0.00029,0.0043,"Thermogenesis"
"KEGG","rno04750",5,100,10116,"10116.ENSRNOP00000000617,10116.ENSRNOP00000019174,10116.ENSRNOP00000062228,10116.ENSRNOP00000069578,10116.ENSRNOP00000075066","Mapk14,Gnaq,Prkacb,Kng1,Itpr3",3e-04,0.0043,"Inflammatory mediator regulation of TRP channels"
"KEGG","rno05142",5,100,10116,"10116.ENSRNOP00000000617,10116.ENSRNOP00000019174,10116.ENSRNOP00000066885,10116.ENSRNOP00000069578,10116.ENSRNOP00000073266","Mapk14,Gnaq,C3,Kng1,Gnal",3e-04,0.0043,"Chagas disease"
"KEGG","rno04720",4,56,10116,"10116.ENSRNOP00000019174,10116.ENSRNOP00000022363,10116.ENSRNOP00000062228,10116.ENSRNOP00000075066","Gnaq,Hras,Prkacb,Itpr3",0.00035,0.0046,"Long-term potentiation"
"KEGG","rno04724",5,108,10116,"10116.ENSRNOP00000019174,10116.ENSRNOP00000022383,10116.ENSRNOP00000062228,10116.ENSRNOP00000065890,10116.ENSRNOP00000075066","Gnaq,Slc17a6,Prkacb,Glul,Itpr3",0.00042,0.0054,"Glutamatergic synapse"
"KEGG","rno04935",5,111,10116,"10116.ENSRNOP00000000617,10116.ENSRNOP00000019174,10116.ENSRNOP00000022363,10116.ENSRNOP00000062228,10116.ENSRNOP00000075066","Mapk14,Gnaq,Hras,Prkacb,Itpr3",0.00047,0.0058,"Growth hormone synthesis, secretion and action"
"KEGG","rno04927",4,62,10116,"10116.ENSRNOP00000017805,10116.ENSRNOP00000019174,10116.ENSRNOP00000062228,10116.ENSRNOP00000075066","Nceh1,Gnaq,Prkacb,Itpr3",5e-04,0.0059,"Cortisol synthesis and secretion"
"KEGG","rno04611",5,119,10116,"10116.ENSRNOP00000000617,10116.ENSRNOP00000009813,10116.ENSRNOP00000019174,10116.ENSRNOP00000062228,10116.ENSRNOP00000075066","Mapk14,Fgb,Gnaq,Prkacb,Itpr3",0.00064,0.0074,"Platelet activation"
"KEGG","rno04971",4,67,10116,"10116.ENSRNOP00000019174,10116.ENSRNOP00000027497,10116.ENSRNOP00000062228,10116.ENSRNOP00000075066","Gnaq,Atp1a3,Prkacb,Itpr3",0.00066,0.0074,"Gastric acid secretion"
"KEGG","rno04020",6,186,10116,"10116.ENSRNOP00000019174,10116.ENSRNOP00000031615,10116.ENSRNOP00000033456,10116.ENSRNOP00000062228,10116.ENSRNOP00000073266,10116.ENSRNOP00000075066","Gnaq,Ptk2b,Camk1,Prkacb,Gnal,Itpr3",0.00072,0.0075,"Calcium signaling pathway"
"KEGG","rno05203",6,185,10116,"10116.ENSRNOP00000001417,10116.ENSRNOP00000016981,10116.ENSRNOP00000022363,10116.ENSRNOP00000025980,10116.ENSRNOP00000062228,10116.ENSRNOP00000066885","Rac1,Ywhab,Hras,Hnrnpk,Prkacb,C3",7e-04,0.0075,"Viral carcinogenesis"
"KEGG","rno04970",4,70,10116,"10116.ENSRNOP00000019174,10116.ENSRNOP00000027497,10116.ENSRNOP00000062228,10116.ENSRNOP00000075066","Gnaq,Atp1a3,Prkacb,Itpr3",0.00077,0.0076,"Salivary secretion"
"KEGG","rno05167",6,188,10116,"10116.ENSRNOP00000000617,10116.ENSRNOP00000001417,10116.ENSRNOP00000022363,10116.ENSRNOP00000066885,10116.ENSRNOP00000074688,10116.ENSRNOP00000075066","Mapk14,Rac1,Hras,C3,Ubc,Itpr3",0.00076,0.0076,"Kaposi sarcoma-associated herpesvirus infection"
"KEGG","rno04918",4,71,10116,"10116.ENSRNOP00000019174,10116.ENSRNOP00000027497,10116.ENSRNOP00000062228,10116.ENSRNOP00000075066","Gnaq,Atp1a3,Prkacb,Itpr3",0.00081,0.0077,"Thyroid hormone synthesis"
"KEGG","rno04721",4,74,10116,"10116.ENSRNOP00000008342,10116.ENSRNOP00000018821,10116.ENSRNOP00000020720,10116.ENSRNOP00000022383","Slc6a11,Slc6a12,Slc32a1,Slc17a6",0.00094,0.0086,"Synaptic vesicle cycle"
"KEGG","rno05170",6,200,10116,"10116.ENSRNOP00000000617,10116.ENSRNOP00000001417,10116.ENSRNOP00000019174,10116.ENSRNOP00000022363,10116.ENSRNOP00000031615,10116.ENSRNOP00000075066","Mapk14,Rac1,Gnaq,Hras,Ptk2b,Itpr3",0.001,0.0092,"Human immunodeficiency virus 1 infection"
"KEGG","rno04610",4,78,10116,"10116.ENSRNOP00000009813,10116.ENSRNOP00000060967,10116.ENSRNOP00000066885,10116.ENSRNOP00000069578","Fgb,Cd59,C3,Kng1",0.0011,0.0099,"Complement and coagulation cascades"
"KEGG","rno04540",4,81,10116,"10116.ENSRNOP00000019174,10116.ENSRNOP00000022363,10116.ENSRNOP00000062228,10116.ENSRNOP00000075066","Gnaq,Hras,Prkacb,Itpr3",0.0013,0.0104,"Gap junction"
"KEGG","rno04911",4,80,10116,"10116.ENSRNOP00000019174,10116.ENSRNOP00000027497,10116.ENSRNOP00000062228,10116.ENSRNOP00000075066","Gnaq,Atp1a3,Prkacb,Itpr3",0.0012,0.0104,"Insulin secretion"
"KEGG","rno04921",5,138,10116,"10116.ENSRNOP00000019174,10116.ENSRNOP00000022363,10116.ENSRNOP00000033456,10116.ENSRNOP00000062228,10116.ENSRNOP00000075066","Gnaq,Hras,Camk1,Prkacb,Itpr3",0.0012,0.0104,"Oxytocin signaling pathway"
"KEGG","rno05016",7,289,10116,"10116.ENSRNOP00000019174,10116.ENSRNOP00000020670,10116.ENSRNOP00000021920,10116.ENSRNOP00000025525,10116.ENSRNOP00000055224,10116.ENSRNOP00000071539,10116.ENSRNOP00000071611","Gnaq,Atp5f1d,LOC100911417,Cox5a,Ndufs2,Kif5a,Psma7",0.0013,0.0106,"Huntington disease"
"KEGG","rno00750",2,9,10116,"10116.ENSRNOP00000064092,10116.ENSRNOP00000067069","Pdxp,Pnpo",0.0016,0.0125,"Vitamin B6 metabolism"
"KEGG","rno00071",3,40,10116,"10116.ENSRNOP00000002410,10116.ENSRNOP00000020325,10116.ENSRNOP00000072480","Ehhadh,Aldh7a1,Hadhb",0.0017,0.0132,"Fatty acid degradation"
"KEGG","rno04962",3,41,10116,"10116.ENSRNOP00000012279,10116.ENSRNOP00000013184,10116.ENSRNOP00000062228","Dynll2,Dync1i1,Prkacb",0.0019,0.0138,"Vasopressin-regulated water reabsorption"
"KEGG","rno05231",4,91,10116,"10116.ENSRNOP00000001417,10116.ENSRNOP00000022363,10116.ENSRNOP00000024280,10116.ENSRNOP00000071535","Rac1,Hras,Dgkz,Slc44a1",0.0019,0.014,"Choline metabolism in cancer"
"KEGG","rno05146",4,92,10116,"10116.ENSRNOP00000019174,10116.ENSRNOP00000023132,10116.ENSRNOP00000062228,10116.ENSRNOP00000073266","Gnaq,Prdx1,Prkacb,Gnal",0.002,0.0143,"Amoebiasis"
"KEGG","rno00270",3,46,10116,"10116.ENSRNOP00000015956,10116.ENSRNOP00000017468,10116.ENSRNOP00000017965","Got2,Ldha,Ldhb",0.0025,0.0176,"Cysteine and methionine metabolism"
"KEGG","rno00380",3,47,10116,"10116.ENSRNOP00000002410,10116.ENSRNOP00000008980,10116.ENSRNOP00000020325","Ehhadh,Dld,Aldh7a1",0.0027,0.0183,"Tryptophan metabolism"
"KEGG","rno04972",4,102,10116,"10116.ENSRNOP00000001417,10116.ENSRNOP00000019174,10116.ENSRNOP00000027497,10116.ENSRNOP00000075066","Rac1,Gnaq,Atp1a3,Itpr3",0.0029,0.0192,"Pancreatic secretion"
"KEGG","rno04062",5,174,10116,"10116.ENSRNOP00000001417,10116.ENSRNOP00000019174,10116.ENSRNOP00000022363,10116.ENSRNOP00000031615,10116.ENSRNOP00000062228","Rac1,Gnaq,Hras,Ptk2b,Prkacb",0.0033,0.0208,"Chemokine signaling pathway"
"KEGG","rno04725",4,105,10116,"10116.ENSRNOP00000019174,10116.ENSRNOP00000022363,10116.ENSRNOP00000062228,10116.ENSRNOP00000075066","Gnaq,Hras,Prkacb,Itpr3",0.0032,0.0208,"Cholinergic synapse"
"KEGG","rno04114",4,107,10116,"10116.ENSRNOP00000000617,10116.ENSRNOP00000016981,10116.ENSRNOP00000062228,10116.ENSRNOP00000075066","Mapk14,Ywhab,Prkacb,Itpr3",0.0034,0.0214,"Oocyte meiosis"
"KEGG","rno04726",4,110,10116,"10116.ENSRNOP00000019174,10116.ENSRNOP00000022363,10116.ENSRNOP00000062228,10116.ENSRNOP00000075066","Gnaq,Hras,Prkacb,Itpr3",0.0038,0.0231,"Serotonergic synapse"
"KEGG","rno01200",4,112,10116,"10116.ENSRNOP00000002410,10116.ENSRNOP00000008980,10116.ENSRNOP00000015956,10116.ENSRNOP00000068764","Ehhadh,Dld,Got2,Aldoa",0.004,0.0236,"Carbon metabolism"
"KEGG","rno04730",3,54,10116,"10116.ENSRNOP00000019174,10116.ENSRNOP00000022363,10116.ENSRNOP00000075066","Gnaq,Hras,Itpr3",0.0039,0.0236,"Long-term depression"
"KEGG","rno04961",3,54,10116,"10116.ENSRNOP00000019174,10116.ENSRNOP00000027497,10116.ENSRNOP00000062228","Gnaq,Atp1a3,Prkacb",0.0039,0.0236,"Endocrine and other factor-regulated calcium reabsorption"
"KEGG","rno04370",3,56,10116,"10116.ENSRNOP00000000617,10116.ENSRNOP00000001417,10116.ENSRNOP00000022363","Mapk14,Rac1,Hras",0.0043,0.0247,"VEGF signaling pathway"
"KEGG","rno05205",5,188,10116,"10116.ENSRNOP00000000617,10116.ENSRNOP00000001417,10116.ENSRNOP00000022363,10116.ENSRNOP00000062228,10116.ENSRNOP00000075066","Mapk14,Rac1,Hras,Prkacb,Itpr3",0.0045,0.0252,"Proteoglycans in cancer"
"KEGG","rno00310",3,58,10116,"10116.ENSRNOP00000002410,10116.ENSRNOP00000008980,10116.ENSRNOP00000020325","Ehhadh,Dld,Aldh7a1",0.0047,0.0262,"Lysine degradation"
"KEGG","rno04910",4,120,10116,"10116.ENSRNOP00000009183,10116.ENSRNOP00000020822,10116.ENSRNOP00000022363,10116.ENSRNOP00000062228","Pygl,Rhoq,Hras,Prkacb",0.0051,0.0276,"Insulin signaling pathway"
"KEGG","rno03040",4,121,10116,"10116.ENSRNOP00000001115,10116.ENSRNOP00000025980,10116.ENSRNOP00000052160,10116.ENSRNOP00000059012","Ddx39b,Hnrnpk,Hnrnpa1,Srsf2",0.0052,0.0278,"Spliceosome"
"KEGG","rno04929",3,60,10116,"10116.ENSRNOP00000019174,10116.ENSRNOP00000022363,10116.ENSRNOP00000075066","Gnaq,Hras,Itpr3",0.0052,0.0278,"GnRH secretion"
"KEGG","rno00220",2,18,10116,"10116.ENSRNOP00000015956,10116.ENSRNOP00000065890","Got2,Glul",0.0054,0.0282,"Arginine biosynthesis"
"KEGG","rno04371",4,124,10116,"10116.ENSRNOP00000019174,10116.ENSRNOP00000022363,10116.ENSRNOP00000062228,10116.ENSRNOP00000075066","Gnaq,Hras,Prkacb,Itpr3",0.0057,0.0289,"Apelin signaling pathway"
"KEGG","rno05135",4,125,10116,"10116.ENSRNOP00000000617,10116.ENSRNOP00000001417,10116.ENSRNOP00000019174,10116.ENSRNOP00000031615","Mapk14,Rac1,Gnaq,Ptk2b",0.0058,0.0289,"Yersinia infection"
"KEGG","rno05230",3,62,10116,"10116.ENSRNOP00000017468,10116.ENSRNOP00000017965,10116.ENSRNOP00000022363","Ldha,Ldhb,Hras",0.0057,0.0289,"Central carbon metabolism in cancer"
"KEGG","rno00190",4,128,10116,"10116.ENSRNOP00000020670,10116.ENSRNOP00000021920,10116.ENSRNOP00000025525,10116.ENSRNOP00000055224","Atp5f1d,LOC100911417,Cox5a,Ndufs2",0.0063,0.0308,"Oxidative phosphorylation"
"KEGG","rno04664",3,65,10116,"10116.ENSRNOP00000000617,10116.ENSRNOP00000001417,10116.ENSRNOP00000022363","Mapk14,Rac1,Hras",0.0064,0.0309,"Fc epsilon RI signaling pathway"
"KEGG","rno04261",4,133,10116,"10116.ENSRNOP00000000617,10116.ENSRNOP00000019174,10116.ENSRNOP00000027497,10116.ENSRNOP00000062228","Mapk14,Gnaq,Atp1a3,Prkacb",0.0072,0.034,"Adrenergic signaling in cardiomyocytes"
"KEGG","rno04924",3,68,10116,"10116.ENSRNOP00000019174,10116.ENSRNOP00000062228,10116.ENSRNOP00000075066","Gnaq,Prkacb,Itpr3",0.0072,0.034,"Renin secretion"
"KEGG","rno05034",4,134,10116,"10116.ENSRNOP00000022363,10116.ENSRNOP00000044986,10116.ENSRNOP00000062228,10116.ENSRNOP00000064431","Hras,H2aj,Prkacb,H3c1",0.0074,0.034,"Alcoholism"
"KEGG","rno05418",4,134,10116,"10116.ENSRNOP00000000617,10116.ENSRNOP00000001417,10116.ENSRNOP00000009556,10116.ENSRNOP00000018325","Mapk14,Rac1,LOC103692716,Gsta1",0.0074,0.034,"Fluid shear stress and atherosclerosis"
"KEGG","rno04217",4,136,10116,"10116.ENSRNOP00000009183,10116.ENSRNOP00000009556,10116.ENSRNOP00000044986,10116.ENSRNOP00000065890","Pygl,LOC103692716,H2aj,Glul",0.0077,0.0347,"Necroptosis"
"KEGG","rno01230",3,76,10116,"10116.ENSRNOP00000015956,10116.ENSRNOP00000065890,10116.ENSRNOP00000068764","Got2,Glul,Aldoa",0.0097,0.0424,"Biosynthesis of amino acids"
"KEGG","rno04934",4,145,10116,"10116.ENSRNOP00000017805,10116.ENSRNOP00000019174,10116.ENSRNOP00000062228,10116.ENSRNOP00000075066","Nceh1,Gnaq,Prkacb,Itpr3",0.0096,0.0424,"Cushing syndrome"
"KEGG","rno05161",4,147,10116,"10116.ENSRNOP00000000617,10116.ENSRNOP00000016981,10116.ENSRNOP00000022363,10116.ENSRNOP00000031615","Mapk14,Ywhab,Hras,Ptk2b",0.01,0.0432,"Hepatitis B"
"KEGG","rno00410",2,26,10116,"10116.ENSRNOP00000002410,10116.ENSRNOP00000020325","Ehhadh,Aldh7a1",0.0105,0.0441,"beta-Alanine metabolism"
"KEGG","rno04976",3,78,10116,"10116.ENSRNOP00000017805,10116.ENSRNOP00000027497,10116.ENSRNOP00000062228","Nceh1,Atp1a3,Prkacb",0.0104,0.0441,"Bile secretion"
"KEGG","rno00630",2,27,10116,"10116.ENSRNOP00000008980,10116.ENSRNOP00000065890","Dld,Glul",0.0112,0.0466,"Glyoxylate and dicarboxylate metabolism"
"SMART","SM00428",4,22,10116,"10116.ENSRNOP00000064431,10116.ENSRNOP00000067217,10116.ENSRNOP00000069899,10116.ENSRNOP00000074909","H3c1,H3c1-2,H3c1-3,H3c1-4",1.23e-05,0.0099,"Histone H3"
"SMART","SM00102",3,13,10116,"10116.ENSRNOP00000007794,10116.ENSRNOP00000017375,10116.ENSRNOP00000067695","Dstn,Dbnl,Gmfb",8.84e-05,0.0359,"Actin depolymerisation factor/cofilin -like domains"
"Pfam","PF00042",4,16,10116,"10116.ENSRNOP00000068875,10116.ENSRNOP00000069937,10116.ENSRNOP00000070324,10116.ENSRNOP00000071528","Hbb-b1,LOC103694857,Hbb,LOC100134871",4.07e-06,0.0095,"Globin"
"PMID","PMID:31201651",22,268,10116,"10116.ENSRNOP00000000617,10116.ENSRNOP00000003283,10116.ENSRNOP00000004385,10116.ENSRNOP00000004699,10116.ENSRNOP00000009556,10116.ENSRNOP00000013005,10116.ENSRNOP00000013184,10116.ENSRNOP00000020670,10116.ENSRNOP00000020720,10116.ENSRNOP00000021920,10116.ENSRNOP00000024430,10116.ENSRNOP00000025980,10116.ENSRNOP00000027497,10116.ENSRNOP00000058882,10116.ENSRNOP00000059012,10116.ENSRNOP00000059906,10116.ENSRNOP00000065890,10116.ENSRNOP00000067788,10116.ENSRNOP00000068764,10116.ENSRNOP00000074461,10116.ENSRNOP00000075066,10116.ENSRNOP00000075715","Mapk14,Plp1,Qdpr,Prkca,LOC103692716,Enpp6,Dync1i1,Atp5f1d,Slc32a1,LOC100911417,Vim,Hnrnpk,Atp1a3,Camk2b,Srsf2,Sgip1,Glul,Rab1b,Aldoa,Epn2,Itpr3,Hsp90aa1",5.83e-19,4.96e-13,"(2019) Altered Levels of Proteins and Phosphoproteins, in the Absence of Early Causative Transcriptional Changes, Shape the Molecular Pathogenesis in the Brain of Young Presymptomatic Ki91 SCA3MJD Mouse."
"PMID","PMID:36835504",13,148,10116,"10116.ENSRNOP00000000749,10116.ENSRNOP00000009813,10116.ENSRNOP00000015956,10116.ENSRNOP00000017468,10116.ENSRNOP00000017965,10116.ENSRNOP00000020670,10116.ENSRNOP00000023132,10116.ENSRNOP00000024083,10116.ENSRNOP00000024430,10116.ENSRNOP00000055224,10116.ENSRNOP00000068764,10116.ENSRNOP00000071611,10116.ENSRNOP00000072480","Cisd1,Fgb,Got2,Ldha,Ldhb,Atp5f1d,Prdx1,Etfb,Vim,Ndufs2,Aldoa,Psma7,Hadhb",5.9e-12,2.51e-06,"(2023) Space Omics and Tissue Response in Astronaut Skeletal Muscle after Short and Long Duration Missions."
"PMID","PMID:28402037",9,73,10116,"10116.ENSRNOP00000009813,10116.ENSRNOP00000015956,10116.ENSRNOP00000017468,10116.ENSRNOP00000017965,10116.ENSRNOP00000024083,10116.ENSRNOP00000066885,10116.ENSRNOP00000068764,10116.ENSRNOP00000069578,10116.ENSRNOP00000070324","Fgb,Got2,Ldha,Ldhb,Etfb,C3,Aldoa,Kng1,Hbb",7.71e-10,0.00022,"(2017) Atrial electrophysiological and molecular remodelling induced by obstructive sleep apnoea."
"PMID","PMID:29641463",9,80,10116,"10116.ENSRNOP00000009556,10116.ENSRNOP00000016981,10116.ENSRNOP00000017468,10116.ENSRNOP00000017965,10116.ENSRNOP00000024430,10116.ENSRNOP00000027407,10116.ENSRNOP00000068764,10116.ENSRNOP00000069578,10116.ENSRNOP00000075715","LOC103692716,Ywhab,Ldha,Ldhb,Vim,Ctsd,Aldoa,Kng1,Hsp90aa1",1.62e-09,0.00034,"(2018) iTRAQ Quantitative Proteomic Analysis of Vitreous from Patients with Retinal Detachment."
"PMID","PMID:33049715",8,58,10116,"10116.ENSRNOP00000029070,10116.ENSRNOP00000044986,10116.ENSRNOP00000064421,10116.ENSRNOP00000064431,10116.ENSRNOP00000067217,10116.ENSRNOP00000069899,10116.ENSRNOP00000070324,10116.ENSRNOP00000074909","Rab35,H2aj,LOC103690002,H3c1,H3c1-2,H3c1-3,Hbb,H3c1-4",3.12e-09,0.00045,"(2020) Identification of potential molecular pathways involved in prostate carcinogenesis in offspring exposed to maternal malnutrition."
"PMID","PMID:29453425",9,85,10116,"10116.ENSRNOP00000002410,10116.ENSRNOP00000008342,10116.ENSRNOP00000017468,10116.ENSRNOP00000025980,10116.ENSRNOP00000029070,10116.ENSRNOP00000064431,10116.ENSRNOP00000067788,10116.ENSRNOP00000070324,10116.ENSRNOP00000074688","Ehhadh,Slc6a11,Ldha,Hnrnpk,Rab35,H3c1,Rab1b,Hbb,Ubc",2.65e-09,0.00045,"(2018) Chronic treatment with fluoride affects the jejunum: insights from proteomics and enteric innervation analysis."
"PMID","PMID:29518953",8,57,10116,"10116.ENSRNOP00000004799,10116.ENSRNOP00000009813,10116.ENSRNOP00000017468,10116.ENSRNOP00000017965,10116.ENSRNOP00000023132,10116.ENSRNOP00000060967,10116.ENSRNOP00000071702,10116.ENSRNOP00000075715","Prdx2,Fgb,Ldha,Ldhb,Prdx1,Cd59,Apoe,Hsp90aa1",2.76e-09,0.00045,"(2018) A Neutrophil Proteomic Signature in Surgical Trauma Wounds."
"PMID","PMID:26909022",10,125,10116,"10116.ENSRNOP00000003283,10116.ENSRNOP00000004385,10116.ENSRNOP00000004799,10116.ENSRNOP00000016981,10116.ENSRNOP00000017468,10116.ENSRNOP00000017965,10116.ENSRNOP00000024430,10116.ENSRNOP00000065890,10116.ENSRNOP00000068764,10116.ENSRNOP00000071702","Plp1,Qdpr,Prdx2,Ywhab,Ldha,Ldhb,Vim,Glul,Aldoa,Apoe",4.18e-09,0.00045,"(2016) Proteomics Research in Schizophrenia."
"PMID","PMID:35420912",12,215,10116,"10116.ENSRNOP00000004799,10116.ENSRNOP00000008342,10116.ENSRNOP00000015956,10116.ENSRNOP00000016981,10116.ENSRNOP00000017468,10116.ENSRNOP00000017965,10116.ENSRNOP00000023132,10116.ENSRNOP00000052160,10116.ENSRNOP00000066885,10116.ENSRNOP00000071702,10116.ENSRNOP00000073983,10116.ENSRNOP00000075715","Prdx2,Slc6a11,Got2,Ywhab,Ldha,Ldhb,Prdx1,Hnrnpa1,C3,Apoe,Adk,Hsp90aa1",5.25e-09,0.00049,"(2022) Stroke Proteomics: From Discovery to Diagnostic and Therapeutic Applications."
"PMID","PMID:34659634",7,38,10116,"10116.ENSRNOP00000003283,10116.ENSRNOP00000004799,10116.ENSRNOP00000009556,10116.ENSRNOP00000025525,10116.ENSRNOP00000026633,10116.ENSRNOP00000071702,10116.ENSRNOP00000075715","Plp1,Prdx2,LOC103692716,Cox5a,Cd9,Apoe,Hsp90aa1",5.18e-09,0.00049,"(2021) Lead-Induced Motor Dysfunction Is Associated with Oxidative Stress, Proteome Modulation, and Neurodegeneration in Motor Cortex of Rats."
"PMID","PMID:28835749",5,9,10116,"10116.ENSRNOP00000004699,10116.ENSRNOP00000008342,10116.ENSRNOP00000018821,10116.ENSRNOP00000020720,10116.ENSRNOP00000065890","Prkca,Slc6a11,Slc6a12,Slc32a1,Glul",9.3e-09,0.00072,"(2017) Corrigendum: Protein Kinase C Phosphorylates the System N Glutamine Transporter SN1 (Slc38a3) and Regulates Its Membrane Trafficking and Degradation."
"PMID","PMID:34572572",10,140,10116,"10116.ENSRNOP00000008342,10116.ENSRNOP00000009183,10116.ENSRNOP00000015561,10116.ENSRNOP00000017965,10116.ENSRNOP00000018821,10116.ENSRNOP00000050393,10116.ENSRNOP00000065890,10116.ENSRNOP00000066885,10116.ENSRNOP00000071702,10116.ENSRNOP00000072480","Slc6a11,Pygl,Slc25a18,Ldhb,Slc6a12,Nf1,Glul,C3,Apoe,Hadhb",1.16e-08,0.00079,"(2021) Beyond the GFAP-Astrocyte Protein Markers in the Brain."
"PMID","PMID:31258482",7,43,10116,"10116.ENSRNOP00000009813,10116.ENSRNOP00000015956,10116.ENSRNOP00000023132,10116.ENSRNOP00000027407,10116.ENSRNOP00000066885,10116.ENSRNOP00000069578,10116.ENSRNOP00000072480","Fgb,Got2,Prdx1,Ctsd,C3,Kng1,Hadhb",1.11e-08,0.00079,"(2019) Ginkgo biloba Extract Modulates the Retroperitoneal Fat Depot Proteome and Reduces Oxidative Stress in Diet-Induced Obese Rats."
"PMID","PMID:31936810",9,105,10116,"10116.ENSRNOP00000017468,10116.ENSRNOP00000021920,10116.ENSRNOP00000024083,10116.ENSRNOP00000025525,10116.ENSRNOP00000027407,10116.ENSRNOP00000062102,10116.ENSRNOP00000065147,10116.ENSRNOP00000068764,10116.ENSRNOP00000071611","Ldha,LOC100911417,Etfb,Cox5a,Ctsd,Ube2v2,Atp5pb,Aldoa,Psma7",1.47e-08,0.00089,"(2020) Skeletal Muscle Myofibrillar Protein Abundance Is Higher in Resistance-Trained Men, and Aging in the Absence of Training May Have an Opposite Effect."
"PMID","PMID:32183190",8,72,10116,"10116.ENSRNOP00000003787,10116.ENSRNOP00000009556,10116.ENSRNOP00000009813,10116.ENSRNOP00000021920,10116.ENSRNOP00000024430,10116.ENSRNOP00000026633,10116.ENSRNOP00000069578,10116.ENSRNOP00000075715","Ptges3,LOC103692716,Fgb,LOC100911417,Vim,Cd9,Kng1,Hsp90aa1",1.48e-08,0.00089,"(2020) Heat Stress Impairs the Physiological Responses and Regulates Genes Coding for Extracellular Exosomal Proteins in Rat."
"PMID","PMID:32707433",7,45,10116,"10116.ENSRNOP00000004799,10116.ENSRNOP00000008342,10116.ENSRNOP00000020720,10116.ENSRNOP00000024430,10116.ENSRNOP00000065890,10116.ENSRNOP00000071535,10116.ENSRNOP00000074119","Prdx2,Slc6a11,Slc32a1,Vim,Glul,Slc44a1,Gria1",1.48e-08,0.00089,"(2020) Basic Fibroblast Growth Factor 2-Induced Proteome Changes Endorse Lewy Body Pathology in Hippocampal Neurons."
"PMID","PMID:36453423",7,48,10116,"10116.ENSRNOP00000004799,10116.ENSRNOP00000009556,10116.ENSRNOP00000023132,10116.ENSRNOP00000024430,10116.ENSRNOP00000071702,10116.ENSRNOP00000074688,10116.ENSRNOP00000075715","Prdx2,LOC103692716,Prdx1,Vim,Apoe,Ubc,Hsp90aa1",2.21e-08,0.0011,"(2023) Charcot-Marie-Tooth-1A and sciatic nerve crush rat models: insights from proteomics."
"PMID","PMID:34531720",7,50,10116,"10116.ENSRNOP00000003283,10116.ENSRNOP00000012114,10116.ENSRNOP00000019174,10116.ENSRNOP00000026633,10116.ENSRNOP00000029070,10116.ENSRNOP00000065890,10116.ENSRNOP00000066885","Plp1,Pdcd6ip,Gnaq,Cd9,Rab35,Glul,C3",2.86e-08,0.0013,"(2021) The Emerging Role of Neural Cell-Derived Exosomes in Intercellular Communication in Health and Neurodegenerative Diseases."
"PMID","PMID:33891876",6,28,10116,"10116.ENSRNOP00000011275,10116.ENSRNOP00000019265,10116.ENSRNOP00000027407,10116.ENSRNOP00000032429,10116.ENSRNOP00000071702,10116.ENSRNOP00000075715","Bsg,Arpc2,Ctsd,Map1lc3a,Apoe,Hsp90aa1",3.05e-08,0.0014,"(2021) Chaperone-mediated autophagy prevents collapse of the neuronal metastable proteome."
"PMID","PMID:34664012",7,52,10116,"10116.ENSRNOP00000009556,10116.ENSRNOP00000015956,10116.ENSRNOP00000058882,10116.ENSRNOP00000064431,10116.ENSRNOP00000068764,10116.ENSRNOP00000072480,10116.ENSRNOP00000075715","LOC103692716,Got2,Camk2b,H3c1,Aldoa,Hadhb,Hsp90aa1",3.65e-08,0.0016,"(2021) Acetylation Profiles in the Metabolic Process of Glioma-Associated Seizures."
"PMID","PMID:22977648",8,86,10116,"10116.ENSRNOP00000004799,10116.ENSRNOP00000018821,10116.ENSRNOP00000020325,10116.ENSRNOP00000026633,10116.ENSRNOP00000062228,10116.ENSRNOP00000071702,10116.ENSRNOP00000074536,10116.ENSRNOP00000075715","Prdx2,Slc6a12,Aldh7a1,Cd9,Prkacb,Apoe,Slc6a8,Hsp90aa1",5.32e-08,0.0022,"(2012) The role of hyperosmotic stress in inflammation and disease."
"PMID","PMID:32443589",6,32,10116,"10116.ENSRNOP00000003283,10116.ENSRNOP00000020670,10116.ENSRNOP00000021920,10116.ENSRNOP00000058882,10116.ENSRNOP00000065147,10116.ENSRNOP00000074119","Plp1,Atp5f1d,LOC100911417,Camk2b,Atp5pb,Gria1",6.15e-08,0.0024,"(2020) Long-Term Lead Exposure Since Adolescence Causes Proteomic and Morphological Alterations in the Cerebellum Associated with Motor Deficits in Adult Rats."
"PMID","PMID:34127774",8,90,10116,"10116.ENSRNOP00000009556,10116.ENSRNOP00000017468,10116.ENSRNOP00000020325,10116.ENSRNOP00000021920,10116.ENSRNOP00000023132,10116.ENSRNOP00000024083,10116.ENSRNOP00000069578,10116.ENSRNOP00000075715","LOC103692716,Ldha,Aldh7a1,LOC100911417,Prdx1,Etfb,Kng1,Hsp90aa1",7.38e-08,0.0027,"(2021) Jejunal mucosa proteomics unravel metabolic adaptive processes to mild chronic heat stress in dairy cows."
"PMID","PMID:34381445",6,33,10116,"10116.ENSRNOP00000018325,10116.ENSRNOP00000066885,10116.ENSRNOP00000069937,10116.ENSRNOP00000070324,10116.ENSRNOP00000071702,10116.ENSRNOP00000075715","Gsta1,C3,LOC103694857,Hbb,Apoe,Hsp90aa1",7.23e-08,0.0027,"(2021) Proteomics in Liver Transplantation: A Systematic Review."
"PMID","PMID:22087261",6,34,10116,"10116.ENSRNOP00000004799,10116.ENSRNOP00000009556,10116.ENSRNOP00000015956,10116.ENSRNOP00000024430,10116.ENSRNOP00000071702,10116.ENSRNOP00000075715","Prdx2,LOC103692716,Got2,Vim,Apoe,Hsp90aa1",8.47e-08,0.0027,"(2011) Mono-(2-ethylhexyl) phthalate directly alters the expression of Leydig cell genes and CYP17 lyase activity in cultured rat fetal testis."
"PMID","PMID:20574525",7,58,10116,"10116.ENSRNOP00000004799,10116.ENSRNOP00000017468,10116.ENSRNOP00000021920,10116.ENSRNOP00000025525,10116.ENSRNOP00000055224,10116.ENSRNOP00000066885,10116.ENSRNOP00000068764","Prdx2,Ldha,LOC100911417,Cox5a,Ndufs2,C3,Aldoa",7.25e-08,0.0027,"(2010) Proteomics-based systems biology modeling of bovine germinal vesicle stage oocyte and cumulus cell interaction."
"PMID","PMID:18990241",7,58,10116,"10116.ENSRNOP00000000617,10116.ENSRNOP00000002410,10116.ENSRNOP00000015956,10116.ENSRNOP00000020670,10116.ENSRNOP00000065890,10116.ENSRNOP00000068764,10116.ENSRNOP00000072480","Mapk14,Ehhadh,Got2,Atp5f1d,Glul,Aldoa,Hadhb",7.25e-08,0.0027,"(2008) The transcriptomic signature of fasting murine liver."
"PMID","PMID:25532418",8,93,10116,"10116.ENSRNOP00000009183,10116.ENSRNOP00000017468,10116.ENSRNOP00000017965,10116.ENSRNOP00000025525,10116.ENSRNOP00000055224,10116.ENSRNOP00000062228,10116.ENSRNOP00000074647,10116.ENSRNOP00000075715","Pygl,Ldha,Ldhb,Cox5a,Ndufs2,Prkacb,Gpd1,Hsp90aa1",9.35e-08,0.0028,"(2014) Proteomics of muscle chronological ageing in post-menopausal women."
"PMID","PMID:25046836",6,35,10116,"10116.ENSRNOP00000017468,10116.ENSRNOP00000025525,10116.ENSRNOP00000027407,10116.ENSRNOP00000032429,10116.ENSRNOP00000068764,10116.ENSRNOP00000075076","Ldha,Cox5a,Ctsd,Map1lc3a,Aldoa,Sh3glb2",9.88e-08,0.0029,"(2014) Proteomic analysis of the mitochondria from embryonic and postnatal rat brains reveals response to developmental changes in energy demands."
"PMID","PMID:38248867",9,136,10116,"10116.ENSRNOP00000004385,10116.ENSRNOP00000017965,10116.ENSRNOP00000018711,10116.ENSRNOP00000023132,10116.ENSRNOP00000024430,10116.ENSRNOP00000026633,10116.ENSRNOP00000066885,10116.ENSRNOP00000068764,10116.ENSRNOP00000075715","Qdpr,Ldhb,Cap1,Prdx1,Vim,Cd9,C3,Aldoa,Hsp90aa1",1.19e-07,0.0031,"(2023) Proteomic Approaches to Unravel the Molecular Dynamics of Early Pregnancy in Farm Animals: An In-Depth Review."
"PMID","PMID:35845604",6,36,10116,"10116.ENSRNOP00000008342,10116.ENSRNOP00000011275,10116.ENSRNOP00000018821,10116.ENSRNOP00000020720,10116.ENSRNOP00000062228,10116.ENSRNOP00000065890","Slc6a11,Bsg,Slc6a12,Slc32a1,Prkacb,Glul",1.15e-07,0.0031,"(2022) The Circadian Molecular Machinery in CNS Cells: A Fine Tuner of Neuronal and Glial Activity With SpaceTime Resolution."
"PMID","PMID:33912010",7,63,10116,"10116.ENSRNOP00000009556,10116.ENSRNOP00000009813,10116.ENSRNOP00000024430,10116.ENSRNOP00000025980,10116.ENSRNOP00000065890,10116.ENSRNOP00000070324,10116.ENSRNOP00000075715","LOC103692716,Fgb,Vim,Hnrnpk,Glul,Hbb,Hsp90aa1",1.22e-07,0.0031,"(2021) Daytime Restricted Feeding Affects Day-Night Variations in Mouse Cerebellar Proteome."
"PMID","PMID:33000549",7,62,10116,"10116.ENSRNOP00000004799,10116.ENSRNOP00000009183,10116.ENSRNOP00000017468,10116.ENSRNOP00000017965,10116.ENSRNOP00000023132,10116.ENSRNOP00000065890,10116.ENSRNOP00000071702","Prdx2,Pygl,Ldha,Ldhb,Prdx1,Glul,Apoe",1.1e-07,0.0031,"(2020) Dopamine-induced interactions of female mouse hypothalamic proteins with progestin receptor-A in the absence of hormone."
"PMID","PMID:20880499",5,17,10116,"10116.ENSRNOP00000008342,10116.ENSRNOP00000017468,10116.ENSRNOP00000017965,10116.ENSRNOP00000018821,10116.ENSRNOP00000065890","Slc6a11,Ldha,Ldhb,Slc6a12,Glul",1.18e-07,0.0031,"(2010) Functions of astrocytes and their potential as therapeutic targets."
"PMID","PMID:34769171",8,98,10116,"10116.ENSRNOP00000009556,10116.ENSRNOP00000009813,10116.ENSRNOP00000016220,10116.ENSRNOP00000018325,10116.ENSRNOP00000024430,10116.ENSRNOP00000071702,10116.ENSRNOP00000075076,10116.ENSRNOP00000075715","LOC103692716,Fgb,Mapre1,Gsta1,Vim,Apoe,Sh3glb2,Hsp90aa1",1.36e-07,0.0033,"(2021) Changes in Porcine Corpus Luteum Proteome Associated with Development, Maintenance, Regression, and Rescue during Estrous Cycle and Early Pregnancy."
"PMID","PMID:34575969",6,38,10116,"10116.ENSRNOP00000003283,10116.ENSRNOP00000008342,10116.ENSRNOP00000018821,10116.ENSRNOP00000020720,10116.ENSRNOP00000022383,10116.ENSRNOP00000074119","Plp1,Slc6a11,Slc6a12,Slc32a1,Slc17a6,Gria1",1.53e-07,0.0035,"(2021) Neuroplasticity and Multilevel System of Connections Determine the Integrative Role of Nucleus Accumbens in the Brain Reward System."
"PMID","PMID:28432311",8,99,10116,"10116.ENSRNOP00000000617,10116.ENSRNOP00000004249,10116.ENSRNOP00000009556,10116.ENSRNOP00000017375,10116.ENSRNOP00000018711,10116.ENSRNOP00000024430,10116.ENSRNOP00000067788,10116.ENSRNOP00000074647","Mapk14,Rab26,LOC103692716,Dbnl,Cap1,Vim,Rab1b,Gpd1",1.47e-07,0.0035,"(2017) Enteric innervation combined with proteomics for the evaluation of the effects of chronic fluoride exposure on the duodenum of rats."
"PMID","PMID:33382739",8,102,10116,"10116.ENSRNOP00000007794,10116.ENSRNOP00000017468,10116.ENSRNOP00000017965,10116.ENSRNOP00000020908,10116.ENSRNOP00000055224,10116.ENSRNOP00000067695,10116.ENSRNOP00000069578,10116.ENSRNOP00000070324","Dstn,Ldha,Ldhb,Nol3,Ndufs2,Gmfb,Kng1,Hbb",1.82e-07,0.0039,"(2020) Long-term transcriptomic and proteomic effects in Sprague Dawley rat thyroid and plasma after internal low dose 131I exposure."
"PMID","PMID:21954051",6,39,10116,"10116.ENSRNOP00000021920,10116.ENSRNOP00000025525,10116.ENSRNOP00000065890,10116.ENSRNOP00000068764,10116.ENSRNOP00000069937,10116.ENSRNOP00000070324","LOC100911417,Cox5a,Glul,Aldoa,LOC103694857,Hbb",1.76e-07,0.0039,"(2011) Proteomic analysis of brain proteins in APPPS-1 human double mutant knock-in mice with increasing amyloid beta-peptide deposition: insights into the effects of in vivo treatment with N-acetylcysteine as a potential therapeutic intervention in ..."
"PMID","PMID:18568127",6,39,10116,"10116.ENSRNOP00000011275,10116.ENSRNOP00000019174,10116.ENSRNOP00000031615,10116.ENSRNOP00000062228,10116.ENSRNOP00000071702,10116.ENSRNOP00000074119","Bsg,Gnaq,Ptk2b,Prkacb,Apoe,Gria1",1.76e-07,0.0039,"(2005) Candidate genes for antidepressant response to selective serotonin reuptake inhibitors."
"PMID","PMID:35571016",7,68,10116,"10116.ENSRNOP00000008999,10116.ENSRNOP00000024430,10116.ENSRNOP00000050393,10116.ENSRNOP00000064431,10116.ENSRNOP00000067217,10116.ENSRNOP00000069899,10116.ENSRNOP00000074909","Sh3gl2,Vim,Nf1,H3c1,H3c1-2,H3c1-3,H3c1-4",1.97e-07,0.004,"(2022) Gene Expression Profiling of Glioblastoma to Recognize Potential Biomarker Candidates."
"PMID","PMID:32560054",8,103,10116,"10116.ENSRNOP00000009556,10116.ENSRNOP00000016981,10116.ENSRNOP00000017965,10116.ENSRNOP00000023132,10116.ENSRNOP00000025980,10116.ENSRNOP00000029070,10116.ENSRNOP00000067788,10116.ENSRNOP00000075715","LOC103692716,Ywhab,Ldhb,Prdx1,Hnrnpk,Rab35,Rab1b,Hsp90aa1",1.95e-07,0.004,"(2020) The GABARAP Co-Secretome Identified by APEX2-GABARAP Proximity Labelling of Extracellular Vesicles."
"PMID","PMID:26064985",7,68,10116,"10116.ENSRNOP00000009813,10116.ENSRNOP00000020670,10116.ENSRNOP00000021920,10116.ENSRNOP00000024083,10116.ENSRNOP00000025525,10116.ENSRNOP00000068764,10116.ENSRNOP00000074688","Fgb,Atp5f1d,LOC100911417,Etfb,Cox5a,Aldoa,Ubc",1.97e-07,0.004,"(2015) Species-Related Differences in the Proteome of Rat and Human Pancreatic Beta Cells."
"PMID","PMID:26266409",6,40,10116,"10116.ENSRNOP00000002410,10116.ENSRNOP00000015956,10116.ENSRNOP00000016981,10116.ENSRNOP00000023132,10116.ENSRNOP00000065890,10116.ENSRNOP00000069937","Ehhadh,Got2,Ywhab,Prdx1,Glul,LOC103694857",2.01e-07,0.004,"(2015) Changes of the Cytoplasmic Proteome in Response to Alcoholic Hepatotoxicity in Rats."
"PMID","PMID:36697251",5,20,10116,"10116.ENSRNOP00000062228,10116.ENSRNOP00000068875,10116.ENSRNOP00000069937,10116.ENSRNOP00000070324,10116.ENSRNOP00000071528","Prkacb,Hbb-b1,LOC103694857,Hbb,LOC100134871",2.35e-07,0.0044,"(2023) Trojan-horse silk fibroin nanocarriers loaded with a re-call antigen to redirect immunity against cancer."
"PMID","PMID:36056172",8,108,10116,"10116.ENSRNOP00000006329,10116.ENSRNOP00000008342,10116.ENSRNOP00000020670,10116.ENSRNOP00000021920,10116.ENSRNOP00000025525,10116.ENSRNOP00000035271,10116.ENSRNOP00000071702,10116.ENSRNOP00000074909","Napb,Slc6a11,Atp5f1d,LOC100911417,Cox5a,Negr1,Apoe,H3c1-4",2.74e-07,0.0051,"(2022) Integrative multi-omics landscape of fluoxetine action across 27 brain regions reveals global increase in energy metabolism and region-specific chromatin remodelling."
"PMID","PMID:37997517",5,21,10116,"10116.ENSRNOP00000064431,10116.ENSRNOP00000067217,10116.ENSRNOP00000069578,10116.ENSRNOP00000069899,10116.ENSRNOP00000074909","H3c1,H3c1-2,Kng1,H3c1-3,H3c1-4",2.9e-07,0.0052,"(2023) Chemotherapy in pediatric brain tumor and the challenge of the blood-brain barrier."
"PMID","PMID:34525976",5,21,10116,"10116.ENSRNOP00000022363,10116.ENSRNOP00000064431,10116.ENSRNOP00000067217,10116.ENSRNOP00000069899,10116.ENSRNOP00000074909","Hras,H3c1,H3c1-2,H3c1-3,H3c1-4",2.9e-07,0.0052,"(2021) Infrequent RAS mutation is not associated with specific histological phenotype in gliomas."
"PMID","PMID:35079510",4,7,10116,"10116.ENSRNOP00000064431,10116.ENSRNOP00000067217,10116.ENSRNOP00000069899,10116.ENSRNOP00000074909","H3c1,H3c1-2,H3c1-3,H3c1-4",2.88e-07,0.0052,"(2021) Spinal Cord Diffuse Midline Glioma, H3K27M- mutant Effectively Treated with Bevacizumab: A Report of Two Cases."
"PMID","PMID:27774052",7,73,10116,"10116.ENSRNOP00000004699,10116.ENSRNOP00000019174,10116.ENSRNOP00000022383,10116.ENSRNOP00000058882,10116.ENSRNOP00000062228,10116.ENSRNOP00000073266,10116.ENSRNOP00000074119","Prkca,Gnaq,Slc17a6,Camk2b,Prkacb,Gnal,Gria1",3.09e-07,0.0053,"(2016) Altered Expression of Genes Encoding Neurotransmitter Receptors in GnRH Neurons of Proestrous Mice."
"PMID","PMID:33809142",7,74,10116,"10116.ENSRNOP00000003283,10116.ENSRNOP00000020822,10116.ENSRNOP00000024430,10116.ENSRNOP00000025980,10116.ENSRNOP00000065890,10116.ENSRNOP00000070988,10116.ENSRNOP00000071702","Plp1,Rhoq,Vim,Hnrnpk,Glul,Gpm6b,Apoe",3.36e-07,0.0056,"(2021) RNA Localization and Local Translation in Glia in Neurological and Neurodegenerative Diseases: Lessons from Neurons."
"PMID","PMID:31315638",5,22,10116,"10116.ENSRNOP00000021629,10116.ENSRNOP00000027497,10116.ENSRNOP00000052160,10116.ENSRNOP00000071702,10116.ENSRNOP00000074608","Rad23b,Atp1a3,Hnrnpa1,Apoe,Nudt3",3.54e-07,0.0058,"(2019) Proteomic analysis of cortical neuronal cultures treated with poly-arginine peptide-18 (R18) and exposed to glutamic acid excitotoxicity."
"PMID","PMID:34771120",10,207,10116,"10116.ENSRNOP00000004799,10116.ENSRNOP00000016220,10116.ENSRNOP00000017468,10116.ENSRNOP00000017965,10116.ENSRNOP00000022363,10116.ENSRNOP00000023132,10116.ENSRNOP00000025980,10116.ENSRNOP00000031615,10116.ENSRNOP00000068764,10116.ENSRNOP00000075715","Prdx2,Mapre1,Ldha,Ldhb,Hras,Prdx1,Hnrnpk,Ptk2b,Aldoa,Hsp90aa1",3.75e-07,0.0059,"(2021) Proteomic Research on the Antitumor Properties of Medicinal Mushrooms."
"PMID","PMID:35052759",7,75,10116,"10116.ENSRNOP00000004799,10116.ENSRNOP00000006329,10116.ENSRNOP00000008999,10116.ENSRNOP00000017468,10116.ENSRNOP00000017965,10116.ENSRNOP00000019174,10116.ENSRNOP00000068764","Prdx2,Napb,Sh3gl2,Ldha,Ldhb,Gnaq,Aldoa",3.66e-07,0.0059,"(2021) Alterations in the Proteome and Phosphoproteome Profiles of Rat Hippocampus after Six Months of Morphine Withdrawal: Comparison with the Forebrain Cortex."
"PMID","PMID:27512079",6,45,10116,"10116.ENSRNOP00000008980,10116.ENSRNOP00000009556,10116.ENSRNOP00000019174,10116.ENSRNOP00000052160,10116.ENSRNOP00000068764,10116.ENSRNOP00000075715","Dld,LOC103692716,Gnaq,Hnrnpa1,Aldoa,Hsp90aa1",3.78e-07,0.0059,"(2016) Quantitative Non-canonical Amino Acid Tagging (QuaNCAT) Proteomics Identifies Distinct Patterns of Protein Synthesis Rapidly Induced by Hypertrophic Agents in Cardiomyocytes, Revealing New Aspects of Metabolic Remodeling."
"PMID","PMID:37701193",4,8,10116,"10116.ENSRNOP00000068875,10116.ENSRNOP00000069937,10116.ENSRNOP00000070324,10116.ENSRNOP00000071528","Hbb-b1,LOC103694857,Hbb,LOC100134871",4.31e-07,0.0065,"(2023) Potential benefits of Rehmanniae Radix after ancient rice-steaming process in promotion of antioxidant activity in rats health."
"PMID","PMID:33368564",9,160,10116,"10116.ENSRNOP00000009556,10116.ENSRNOP00000015956,10116.ENSRNOP00000017468,10116.ENSRNOP00000017965,10116.ENSRNOP00000022363,10116.ENSRNOP00000027407,10116.ENSRNOP00000068764,10116.ENSRNOP00000072480,10116.ENSRNOP00000075715","LOC103692716,Got2,Ldha,Ldhb,Hras,Ctsd,Aldoa,Hadhb,Hsp90aa1",4.38e-07,0.0065,"(2021) Mass-spectrometry analysis of the human pineal proteome during night and day and in autism."
"PMID","PMID:27857688",5,23,10116,"10116.ENSRNOP00000004699,10116.ENSRNOP00000011275,10116.ENSRNOP00000024280,10116.ENSRNOP00000062228,10116.ENSRNOP00000074119","Prkca,Bsg,Dgkz,Prkacb,Gria1",4.29e-07,0.0065,"(2016) Modulation, Plasticity and Pathophysiology of the Parallel Fiber-Purkinje Cell Synapse."
"PMID","PMID:23332153",5,23,10116,"10116.ENSRNOP00000004699,10116.ENSRNOP00000018072,10116.ENSRNOP00000019174,10116.ENSRNOP00000062228,10116.ENSRNOP00000064489","Prkca,Add1,Gnaq,Prkacb,LOC100912380",4.29e-07,0.0065,"(2013) A host GPCR signaling network required for the cytolysis of infected cells facilitates release of apicomplexan parasites."
"PMID","PMID:36499675",6,47,10116,"10116.ENSRNOP00000008999,10116.ENSRNOP00000015956,10116.ENSRNOP00000068764,10116.ENSRNOP00000074119,10116.ENSRNOP00000075076,10116.ENSRNOP00000075715","Sh3gl2,Got2,Aldoa,Gria1,Sh3glb2,Hsp90aa1",4.78e-07,0.0068,"(2022) Fluoxetine Enhances Synaptic Vesicle Trafficking and Energy Metabolism in the Hippocampus of Socially Isolated Rats."
"PMID","PMID:28067771",6,47,10116,"10116.ENSRNOP00000019174,10116.ENSRNOP00000062228,10116.ENSRNOP00000064431,10116.ENSRNOP00000071702,10116.ENSRNOP00000074119,10116.ENSRNOP00000075715","Gnaq,Prkacb,H3c1,Apoe,Gria1,Hsp90aa1",4.78e-07,0.0068,"(2017) CK2-An Emerging Target for Neurological and Psychiatric Disorders."
"PMID","PMID:24914927",8,118,10116,"10116.ENSRNOP00000003283,10116.ENSRNOP00000012279,10116.ENSRNOP00000023132,10116.ENSRNOP00000024430,10116.ENSRNOP00000025496,10116.ENSRNOP00000066885,10116.ENSRNOP00000074688,10116.ENSRNOP00000075715","Plp1,Dynll2,Prdx1,Vim,Bcan,C3,Ubc,Hsp90aa1",5.18e-07,0.0071,"(2014) Age-dependent transcriptome and proteome following transection of neonatal spinal cord of Monodelphis domestica (South American grey short-tailed opossum)."
"PMID","PMID:35029059",8,120,10116,"10116.ENSRNOP00000003283,10116.ENSRNOP00000011275,10116.ENSRNOP00000012114,10116.ENSRNOP00000023132,10116.ENSRNOP00000026633,10116.ENSRNOP00000027497,10116.ENSRNOP00000060967,10116.ENSRNOP00000071702","Plp1,Bsg,Pdcd6ip,Prdx1,Cd9,Atp1a3,Cd59,Apoe",5.84e-07,0.0079,"(2022) Human neural cell type-specific extracellular vesicle proteome defines disease-related molecules associated with activated astrocytes in Alzheimers disease brain."
"PMID","PMID:35397475",4,9,10116,"10116.ENSRNOP00000064431,10116.ENSRNOP00000067217,10116.ENSRNOP00000069899,10116.ENSRNOP00000074909","H3c1,H3c1-2,H3c1-3,H3c1-4",6.2e-07,0.0082,"(2022) STAT3 is a biologically relevant therapeutic target in H3K27M-mutant diffuse midline glioma."
"PMID","PMID:25065561",4,9,10116,"10116.ENSRNOP00000000617,10116.ENSRNOP00000009813,10116.ENSRNOP00000017468,10116.ENSRNOP00000017965","Mapk14,Fgb,Ldha,Ldhb",6.2e-07,0.0082,"(2014) Label-free profiling of skeletal muscle using high-definition mass spectrometry."
"PMID","PMID:18975268",4,9,10116,"10116.ENSRNOP00000004699,10116.ENSRNOP00000008342,10116.ENSRNOP00000018821,10116.ENSRNOP00000020720","Prkca,Slc6a11,Slc6a12,Slc32a1",6.2e-07,0.0082,"(2009) Plasmalemmal and vesicular gamma-aminobutyric acid transporter expression in the developing mouse retina."
"PMID","PMID:7204209",4,9,10116,"10116.ENSRNOP00000015956,10116.ENSRNOP00000017468,10116.ENSRNOP00000017965,10116.ENSRNOP00000068764","Got2,Ldha,Ldhb,Aldoa",6.2e-07,0.0082,"(1981) Age and altitude tolerance in rats: temperature, plasma enzymes, and corticosterone."
"PMID","PMID:30991638",6,50,10116,"10116.ENSRNOP00000001115,10116.ENSRNOP00000009556,10116.ENSRNOP00000009813,10116.ENSRNOP00000055224,10116.ENSRNOP00000065890,10116.ENSRNOP00000075715","Ddx39b,LOC103692716,Fgb,Ndufs2,Glul,Hsp90aa1",6.66e-07,0.0083,"(2019) Circadian Analysis of the Mouse Cerebellum Proteome."
"PMID","PMID:36937320",5,26,10116,"10116.ENSRNOP00000050393,10116.ENSRNOP00000064431,10116.ENSRNOP00000067217,10116.ENSRNOP00000069899,10116.ENSRNOP00000074909","Nf1,H3c1,H3c1-2,H3c1-3,H3c1-4",7.32e-07,0.009,"(2023) Liquid biopsy and glioblastoma."
"PMID","PMID:37041202",5,26,10116,"10116.ENSRNOP00000020325,10116.ENSRNOP00000024083,10116.ENSRNOP00000069578,10116.ENSRNOP00000070324,10116.ENSRNOP00000074608","Aldh7a1,Etfb,Kng1,Hbb,Nudt3",7.32e-07,0.009,"(2023) Proteomics reveals specific biological changes induced by the normothermic machine perfusion of donor kidneys with a significant up-regulation of Latexin."
"PMID","PMID:35368255",5,26,10116,"10116.ENSRNOP00000003283,10116.ENSRNOP00000018325,10116.ENSRNOP00000024430,10116.ENSRNOP00000027407,10116.ENSRNOP00000071702","Plp1,Gsta1,Vim,Ctsd,Apoe",7.32e-07,0.009,"(2022) Impact of Non-pharmacological Chronic Hypertension on a Transgenic Rat Model of Cerebral Amyloid Angiopathy."
"PMID","PMID:36032235",5,26,10116,"10116.ENSRNOP00000008342,10116.ENSRNOP00000018821,10116.ENSRNOP00000062228,10116.ENSRNOP00000065890,10116.ENSRNOP00000074119","Slc6a11,Slc6a12,Prkacb,Glul,Gria1",7.32e-07,0.009,"(2022) Knowledge atlas of the involvement of glutamate and GABA in alcohol use disorder: A bibliometric and scientometric analysis."
"PMID","PMID:28781956",6,51,10116,"10116.ENSRNOP00000004799,10116.ENSRNOP00000017468,10116.ENSRNOP00000017965,10116.ENSRNOP00000023132,10116.ENSRNOP00000065890,10116.ENSRNOP00000068764","Prdx2,Ldha,Ldhb,Prdx1,Glul,Aldoa",7.41e-07,0.009,"(2017) The proteomic profile of a mouse model of proliferative vitreoretinopathy."
"PMID","PMID:24006891",5,26,10116,"10116.ENSRNOP00000004799,10116.ENSRNOP00000013299,10116.ENSRNOP00000028603,10116.ENSRNOP00000068764,10116.ENSRNOP00000071702","Prdx2,Rab43,Fxyd7,Aldoa,Apoe",7.32e-07,0.009,"(2013) Longitudinal study of differential protein expression in an Alzheimers mouse model lacking inducible nitric oxide synthase."
"PMID","PMID:19027885",5,26,10116,"10116.ENSRNOP00000004799,10116.ENSRNOP00000017468,10116.ENSRNOP00000017965,10116.ENSRNOP00000071611,10116.ENSRNOP00000075715","Prdx2,Ldha,Ldhb,Psma7,Hsp90aa1",7.32e-07,0.009,"(2009) Proteomic profiling of phosphoproteins and glycoproteins responsive to wild-type alpha-synuclein accumulation and aggregation."
"PMID","PMID:35153787",5,27,10116,"10116.ENSRNOP00000009556,10116.ENSRNOP00000011275,10116.ENSRNOP00000027497,10116.ENSRNOP00000052160,10116.ENSRNOP00000075715","LOC103692716,Bsg,Atp1a3,Hnrnpa1,Hsp90aa1",8.64e-07,0.0097,"(2022) Alteration of EIF2 Signaling, Glycolysis, and Dopamine Secretion in Form-Deprived Myopia in Response to 1% Atropine Treatment: Evidence From Interactive iTRAQ-MS and SWATH-MS Proteomics Using a Guinea Pig Model."
"PMID","PMID:29424434",4,10,10116,"10116.ENSRNOP00000019174,10116.ENSRNOP00000022383,10116.ENSRNOP00000062228,10116.ENSRNOP00000065890","Gnaq,Slc17a6,Prkacb,Glul",8.64e-07,0.0097,"(2018) Immunolocalization of muscarinic M1 receptor in the rat medial prefrontal cortex."
"PMID","PMID:26070271",4,10,10116,"10116.ENSRNOP00000008342,10116.ENSRNOP00000018821,10116.ENSRNOP00000020720,10116.ENSRNOP00000062228","Slc6a11,Slc6a12,Slc32a1,Prkacb",8.64e-07,0.0097,"(2015) Molecular aspects of age-related cognitive decline: the role of GABA signaling."
"PMID","PMID:33732142",6,54,10116,"10116.ENSRNOP00000027407,10116.ENSRNOP00000032429,10116.ENSRNOP00000064431,10116.ENSRNOP00000066885,10116.ENSRNOP00000074119,10116.ENSRNOP00000075715","Ctsd,Map1lc3a,H3c1,C3,Gria1,Hsp90aa1",1.01e-06,0.0109,"(2021) Cellular Senescence in Brain Aging."
"PMID","PMID:28883884",5,28,10116,"10116.ENSRNOP00000009813,10116.ENSRNOP00000018325,10116.ENSRNOP00000066885,10116.ENSRNOP00000069578,10116.ENSRNOP00000071702","Fgb,Gsta1,C3,Kng1,Apoe",1.01e-06,0.0109,"(2017) iTRAQ-Based Quantitative Proteomics Analysis of the Protective Effect of Yinchenwuling Powder on Hyperlipidemic Rats."
"PMID","PMID:25653499",5,28,10116,"10116.ENSRNOP00000008342,10116.ENSRNOP00000011275,10116.ENSRNOP00000018821,10116.ENSRNOP00000062228,10116.ENSRNOP00000065890","Slc6a11,Bsg,Slc6a12,Prkacb,Glul",1.01e-06,0.0109,"(2015) Altered gamma-aminobutyric acid neurotransmission in major depressive disorder: a critical review of the supporting evidence and the influence of serotonergic antidepressants."
"PMID","PMID:36465110",7,89,10116,"10116.ENSRNOP00000004799,10116.ENSRNOP00000008342,10116.ENSRNOP00000017965,10116.ENSRNOP00000018325,10116.ENSRNOP00000024430,10116.ENSRNOP00000065890,10116.ENSRNOP00000071702","Prdx2,Slc6a11,Ldhb,Gsta1,Vim,Glul,Apoe",1.08e-06,0.0112,"(2022) Astrocyte heterogeneity within white matter tracts and a unique subpopulation of optic nerve head astrocytes."
"PMID","PMID:24019887",7,89,10116,"10116.ENSRNOP00000004799,10116.ENSRNOP00000007794,10116.ENSRNOP00000022363,10116.ENSRNOP00000024430,10116.ENSRNOP00000029070,10116.ENSRNOP00000059012,10116.ENSRNOP00000074688","Prdx2,Dstn,Hras,Vim,Rab35,Srsf2,Ubc",1.08e-06,0.0112,"(2013) Integrated analysis of global mRNA and protein expression data in HEK293 cells overexpressing PRL-1."
"PMID","PMID:37245848",5,29,10116,"10116.ENSRNOP00000003283,10116.ENSRNOP00000020720,10116.ENSRNOP00000022383,10116.ENSRNOP00000024430,10116.ENSRNOP00000065890","Plp1,Slc32a1,Slc17a6,Vim,Glul",1.18e-06,0.0119,"(2023) GIP receptor agonism blocks chemotherapy-induced nausea and vomiting."
"PMID","PMID:33203874",5,29,10116,"10116.ENSRNOP00000017468,10116.ENSRNOP00000017965,10116.ENSRNOP00000027407,10116.ENSRNOP00000032429,10116.ENSRNOP00000071702","Ldha,Ldhb,Ctsd,Map1lc3a,Apoe",1.18e-06,0.0119,"(2020) PDK4 promotes vascular calcification by interfering with autophagic activity and metabolic reprogramming."
"PMID","PMID:25756354",4,11,10116,"10116.ENSRNOP00000017468,10116.ENSRNOP00000017965,10116.ENSRNOP00000069578,10116.ENSRNOP00000074119","Ldha,Ldhb,Kng1,Gria1",1.17e-06,0.0119,"(2015) The excitatory synaptic transmission of the nucleus of solitary tract was potentiated by chronic myocardial infarction in rats."
"PMID","PMID:19684579",4,11,10116,"10116.ENSRNOP00000002410,10116.ENSRNOP00000050393,10116.ENSRNOP00000065890,10116.ENSRNOP00000075715","Ehhadh,Nf1,Glul,Hsp90aa1",1.17e-06,0.0119,"(2009) Ultradian hormone stimulation induces glucocorticoid receptor-mediated pulses of gene transcription."
"PMID","PMID:36670425",7,91,10116,"10116.ENSRNOP00000001417,10116.ENSRNOP00000009556,10116.ENSRNOP00000011275,10116.ENSRNOP00000027407,10116.ENSRNOP00000032429,10116.ENSRNOP00000062228,10116.ENSRNOP00000075715","Rac1,LOC103692716,Bsg,Ctsd,Map1lc3a,Prkacb,Hsp90aa1",1.24e-06,0.012,"(2023) The neuroprotective and neural circuit mechanisms of acupoint stimulation for cognitive impairment."
"PMID","PMID:32726626",6,57,10116,"10116.ENSRNOP00000000617,10116.ENSRNOP00000003283,10116.ENSRNOP00000004699,10116.ENSRNOP00000009556,10116.ENSRNOP00000062228,10116.ENSRNOP00000075715","Mapk14,Plp1,Prkca,LOC103692716,Prkacb,Hsp90aa1",1.35e-06,0.0129,"(2020) In Vivo Chimeric Alzheimers Disease Modeling of Apolipoprotein E4 Toxicity in Human Neurons."
"PMID","PMID:37834084",6,58,10116,"10116.ENSRNOP00000009813,10116.ENSRNOP00000015956,10116.ENSRNOP00000018711,10116.ENSRNOP00000023132,10116.ENSRNOP00000065890,10116.ENSRNOP00000073266","Fgb,Got2,Cap1,Prdx1,Glul,Gnal",1.48e-06,0.014,"(2023) Nicotine Exposure in a Phencyclidine-Induced Mice Model of Schizophrenia: Sex-Selective Medial Prefrontal Cortex Protein Markers of the Combined Insults in Adolescent Mice."
"PMID","PMID:35865627",6,58,10116,"10116.ENSRNOP00000011275,10116.ENSRNOP00000019174,10116.ENSRNOP00000020720,10116.ENSRNOP00000062228,10116.ENSRNOP00000064431,10116.ENSRNOP00000074119","Bsg,Gnaq,Slc32a1,Prkacb,H3c1,Gria1",1.48e-06,0.014,"(2022) Epigenetic Mechanism of Early Life Stress-Induced Depression: Focus on the Neurotransmitter Systems."
"PMID","PMID:37953959",5,31,10116,"10116.ENSRNOP00000062228,10116.ENSRNOP00000068875,10116.ENSRNOP00000069937,10116.ENSRNOP00000071528,10116.ENSRNOP00000074119","Prkacb,Hbb-b1,LOC103694857,LOC100134871,Gria1",1.59e-06,0.0144,"(2023) AKAP150 from nucleus accumbens dopamine D1 and D2 receptor-expressing medium spiny neurons regulates morphine withdrawal."
"PMID","PMID:33273998",4,12,10116,"10116.ENSRNOP00000017468,10116.ENSRNOP00000017965,10116.ENSRNOP00000020822,10116.ENSRNOP00000032429","Ldha,Ldhb,Rhoq,Map1lc3a",1.56e-06,0.0144,"(2020) Cardioprotective Effects of Taurisolo(R) in Cardiomyoblast H9c2 Cells under High-Glucose and Trimethylamine N-Oxide Treatment via De Novo Sphingolipid Synthesis."
"PMID","PMID:31086659",6,59,10116,"10116.ENSRNOP00000004799,10116.ENSRNOP00000009556,10116.ENSRNOP00000017965,10116.ENSRNOP00000024430,10116.ENSRNOP00000068764,10116.ENSRNOP00000075715","Prdx2,LOC103692716,Ldhb,Vim,Aldoa,Hsp90aa1",1.63e-06,0.0144,"(2019) Characterization of the molecular changes associated with the overexpression of a novel epithelial cadherin splice variant mRNA in a breast cancer model using proteomics and bioinformatics approaches: identification of changes in cell ..."
"PMID","PMID:29251727",4,12,10116,"10116.ENSRNOP00000003283,10116.ENSRNOP00000013005,10116.ENSRNOP00000024430,10116.ENSRNOP00000065890","Plp1,Enpp6,Vim,Glul",1.56e-06,0.0144,"(2018) Labeling and identifying cell-specific proteomes in the mouse brain."
"PMID","PMID:29986939",6,59,10116,"10116.ENSRNOP00000009556,10116.ENSRNOP00000012114,10116.ENSRNOP00000017468,10116.ENSRNOP00000026633,10116.ENSRNOP00000068764,10116.ENSRNOP00000075715","LOC103692716,Pdcd6ip,Ldha,Cd9,Aldoa,Hsp90aa1",1.63e-06,0.0144,"(2018) MSC exosome works through a protein-based mechanism of action."
"PMID","PMID:20180948",4,12,10116,"10116.ENSRNOP00000019174,10116.ENSRNOP00000062228,10116.ENSRNOP00000074119,10116.ENSRNOP00000075715","Gnaq,Prkacb,Gria1,Hsp90aa1",1.56e-06,0.0144,"(2010) Corticosteroids: way upstream."
"PMID","PMID:20235161",4,12,10116,"10116.ENSRNOP00000004699,10116.ENSRNOP00000008342,10116.ENSRNOP00000018821,10116.ENSRNOP00000020720","Prkca,Slc6a11,Slc6a12,Slc32a1",1.56e-06,0.0144,"(2010) Guinea pig horizontal cells express GABA, the GABA-synthesizing enzyme GAD 65, and the GABA vesicular transporter."
"PMID","PMID:20384812",4,12,10116,"10116.ENSRNOP00000004699,10116.ENSRNOP00000008342,10116.ENSRNOP00000018821,10116.ENSRNOP00000020720","Prkca,Slc6a11,Slc6a12,Slc32a1",1.56e-06,0.0144,"(2010) Immunocytochemical evidence that monkey rod bipolar cells use GABA."
"PMID","PMID:35216423",6,60,10116,"10116.ENSRNOP00000015956,10116.ENSRNOP00000027407,10116.ENSRNOP00000071702,10116.ENSRNOP00000072480,10116.ENSRNOP00000073983,10116.ENSRNOP00000075715","Got2,Ctsd,Apoe,Hadhb,Adk,Hsp90aa1",1.78e-06,0.0152,"(2022) Secretome of Adipose Tissue as the Key to Understanding the Endocrine Function of Adipose Tissue."
"RCTM","RNO-1430728",37,1691,10116,"10116.ENSRNOP00000001581,10116.ENSRNOP00000002410,10116.ENSRNOP00000003787,10116.ENSRNOP00000004385,10116.ENSRNOP00000004699,10116.ENSRNOP00000008342,10116.ENSRNOP00000008980,10116.ENSRNOP00000009183,10116.ENSRNOP00000009556,10116.ENSRNOP00000013005,10116.ENSRNOP00000015786,10116.ENSRNOP00000015956,10116.ENSRNOP00000017468,10116.ENSRNOP00000017965,10116.ENSRNOP00000018821,10116.ENSRNOP00000019174,10116.ENSRNOP00000020325,10116.ENSRNOP00000020670,10116.ENSRNOP00000021920,10116.ENSRNOP00000024083,10116.ENSRNOP00000025496,10116.ENSRNOP00000025525,10116.ENSRNOP00000028838,10116.ENSRNOP00000055224,10116.ENSRNOP00000062228,10116.ENSRNOP00000065890,10116.ENSRNOP00000067069,10116.ENSRNOP00000068764,10116.ENSRNOP00000071535,10116.ENSRNOP00000071611,10116.ENSRNOP00000071702,10116.ENSRNOP00000072480,10116.ENSRNOP00000073983,10116.ENSRNOP00000074536,10116.ENSRNOP00000074608,10116.ENSRNOP00000074647,10116.ENSRNOP00000075066","Gltp,Ehhadh,Ptges3,Qdpr,Prkca,Slc6a11,Dld,Pygl,LOC103692716,Enpp6,Auh,Got2,Ldha,Ldhb,Slc6a12,Gnaq,Aldh7a1,Atp5f1d,LOC100911417,Etfb,Bcan,Cox5a,Itpa,Ndufs2,Prkacb,Glul,Pnpo,Aldoa,Slc44a1,Psma7,Apoe,Hadhb,Adk,Slc6a8,Nudt3,Gpd1,Itpr3",3.35e-13,5.56e-10,"Metabolism"
"RCTM","RNO-162582",35,2126,10116,"10116.ENSRNOP00000000617,10116.ENSRNOP00000001115,10116.ENSRNOP00000001417,10116.ENSRNOP00000003787,10116.ENSRNOP00000004699,10116.ENSRNOP00000008980,10116.ENSRNOP00000008999,10116.ENSRNOP00000009556,10116.ENSRNOP00000009813,10116.ENSRNOP00000012279,10116.ENSRNOP00000013184,10116.ENSRNOP00000016220,10116.ENSRNOP00000016981,10116.ENSRNOP00000019174,10116.ENSRNOP00000019265,10116.ENSRNOP00000020822,10116.ENSRNOP00000022363,10116.ENSRNOP00000022485,10116.ENSRNOP00000024280,10116.ENSRNOP00000024430,10116.ENSRNOP00000027407,10116.ENSRNOP00000031615,10116.ENSRNOP00000044986,10116.ENSRNOP00000050393,10116.ENSRNOP00000052160,10116.ENSRNOP00000058882,10116.ENSRNOP00000062228,10116.ENSRNOP00000064431,10116.ENSRNOP00000066885,10116.ENSRNOP00000069578,10116.ENSRNOP00000071539,10116.ENSRNOP00000071611,10116.ENSRNOP00000073266,10116.ENSRNOP00000074688,10116.ENSRNOP00000075066","Mapk14,Ddx39b,Rac1,Ptges3,Prkca,Dld,Sh3gl2,LOC103692716,Fgb,Dynll2,Dync1i1,Mapre1,Ywhab,Gnaq,Arpc2,Rhoq,Hras,Ngef,Dgkz,Vim,Ctsd,Ptk2b,H2aj,Nf1,Hnrnpa1,Camk2b,Prkacb,H3c1,C3,Kng1,Kif5a,Psma7,Gnal,Ubc,Itpr3",3.73e-09,3.09e-06,"Signal Transduction"
"RCTM","RNO-112315",11,203,10116,"10116.ENSRNOP00000004699,10116.ENSRNOP00000008342,10116.ENSRNOP00000018821,10116.ENSRNOP00000020720,10116.ENSRNOP00000033456,10116.ENSRNOP00000058882,10116.ENSRNOP00000062228,10116.ENSRNOP00000062447,10116.ENSRNOP00000065890,10116.ENSRNOP00000073266,10116.ENSRNOP00000074119","Prkca,Slc6a11,Slc6a12,Slc32a1,Camk1,Camk2b,Prkacb,Ncald,Glul,Gnal,Gria1",3.13e-08,1.73e-05,"Transmission across Chemical Synapses"
"RCTM","RNO-194315",17,601,10116,"10116.ENSRNOP00000000617,10116.ENSRNOP00000001115,10116.ENSRNOP00000001417,10116.ENSRNOP00000004699,10116.ENSRNOP00000009556,10116.ENSRNOP00000012279,10116.ENSRNOP00000013184,10116.ENSRNOP00000016220,10116.ENSRNOP00000016981,10116.ENSRNOP00000019265,10116.ENSRNOP00000020822,10116.ENSRNOP00000022485,10116.ENSRNOP00000024430,10116.ENSRNOP00000031615,10116.ENSRNOP00000044986,10116.ENSRNOP00000064431,10116.ENSRNOP00000071539","Mapk14,Ddx39b,Rac1,Prkca,LOC103692716,Dynll2,Dync1i1,Mapre1,Ywhab,Arpc2,Rhoq,Ngef,Vim,Ptk2b,H2aj,H3c1,Kif5a",5.72e-08,2.37e-05,"Signaling by Rho GTPases"
"RCTM","RNO-71291",11,246,10116,"10116.ENSRNOP00000004385,10116.ENSRNOP00000008342,10116.ENSRNOP00000008980,10116.ENSRNOP00000015786,10116.ENSRNOP00000015956,10116.ENSRNOP00000018821,10116.ENSRNOP00000020325,10116.ENSRNOP00000065890,10116.ENSRNOP00000071535,10116.ENSRNOP00000071611,10116.ENSRNOP00000074536","Qdpr,Slc6a11,Dld,Auh,Got2,Slc6a12,Aldh7a1,Glul,Slc44a1,Psma7,Slc6a8",2.01e-07,5.55e-05,"Metabolism of amino acids and derivatives"
"RCTM","RNO-195258",11,250,10116,"10116.ENSRNOP00000000617,10116.ENSRNOP00000001417,10116.ENSRNOP00000004699,10116.ENSRNOP00000012279,10116.ENSRNOP00000013184,10116.ENSRNOP00000016220,10116.ENSRNOP00000016981,10116.ENSRNOP00000019265,10116.ENSRNOP00000044986,10116.ENSRNOP00000064431,10116.ENSRNOP00000071539","Mapk14,Rac1,Prkca,Dynll2,Dync1i1,Mapre1,Ywhab,Arpc2,H2aj,H3c1,Kif5a",2.35e-07,5.56e-05,"RHO GTPase Effectors"
"RCTM","RNO-112316",12,326,10116,"10116.ENSRNOP00000004699,10116.ENSRNOP00000008342,10116.ENSRNOP00000018821,10116.ENSRNOP00000020720,10116.ENSRNOP00000033456,10116.ENSRNOP00000058882,10116.ENSRNOP00000062228,10116.ENSRNOP00000062447,10116.ENSRNOP00000065890,10116.ENSRNOP00000073266,10116.ENSRNOP00000074119,10116.ENSRNOP00000075076","Prkca,Slc6a11,Slc6a12,Slc32a1,Camk1,Camk2b,Prkacb,Ncald,Glul,Gnal,Gria1,Sh3glb2",4.1e-07,8.5e-05,"Neuronal System"
"RCTM","RNO-2262752",14,474,10116,"10116.ENSRNOP00000000617,10116.ENSRNOP00000003787,10116.ENSRNOP00000004799,10116.ENSRNOP00000009556,10116.ENSRNOP00000012279,10116.ENSRNOP00000013184,10116.ENSRNOP00000023132,10116.ENSRNOP00000025525,10116.ENSRNOP00000044986,10116.ENSRNOP00000058882,10116.ENSRNOP00000064431,10116.ENSRNOP00000070324,10116.ENSRNOP00000071611,10116.ENSRNOP00000074688","Mapk14,Ptges3,Prdx2,LOC103692716,Dynll2,Dync1i1,Prdx1,Cox5a,H2aj,Camk2b,H3c1,Hbb,Psma7,Ubc",5.61e-07,1e-04,"Cellular responses to stress"
"RCTM","RNO-168256",26,1619,10116,"10116.ENSRNOP00000000617,10116.ENSRNOP00000001417,10116.ENSRNOP00000008999,10116.ENSRNOP00000009183,10116.ENSRNOP00000009556,10116.ENSRNOP00000012279,10116.ENSRNOP00000013184,10116.ENSRNOP00000016981,10116.ENSRNOP00000018711,10116.ENSRNOP00000019265,10116.ENSRNOP00000022363,10116.ENSRNOP00000027407,10116.ENSRNOP00000031615,10116.ENSRNOP00000058882,10116.ENSRNOP00000060967,10116.ENSRNOP00000062102,10116.ENSRNOP00000062228,10116.ENSRNOP00000064431,10116.ENSRNOP00000066885,10116.ENSRNOP00000068764,10116.ENSRNOP00000070324,10116.ENSRNOP00000071539,10116.ENSRNOP00000071611,10116.ENSRNOP00000074688,10116.ENSRNOP00000075066,10116.ENSRNOP00000075076","Mapk14,Rac1,Sh3gl2,Pygl,LOC103692716,Dynll2,Dync1i1,Ywhab,Cap1,Arpc2,Hras,Ctsd,Ptk2b,Camk2b,Cd59,Ube2v2,Prkacb,H3c1,C3,Aldoa,Hbb,Kif5a,Psma7,Ubc,Itpr3,Sh3glb2",9.65e-07,0.00013,"Immune System"
"RCTM","RNO-382551",16,651,10116,"10116.ENSRNOP00000008342,10116.ENSRNOP00000015561,10116.ENSRNOP00000017805,10116.ENSRNOP00000018072,10116.ENSRNOP00000018821,10116.ENSRNOP00000020720,10116.ENSRNOP00000022383,10116.ENSRNOP00000027497,10116.ENSRNOP00000028603,10116.ENSRNOP00000058882,10116.ENSRNOP00000062228,10116.ENSRNOP00000070324,10116.ENSRNOP00000071535,10116.ENSRNOP00000071611,10116.ENSRNOP00000071702,10116.ENSRNOP00000074688","Slc6a11,Slc25a18,Nceh1,Add1,Slc6a12,Slc32a1,Slc17a6,Atp1a3,Fxyd7,Camk2b,Prkacb,Hbb,Slc44a1,Psma7,Apoe,Ubc",8.99e-07,0.00013,"Transport of small molecules"
"RCTM","RNO-4420097",7,88,10116,"10116.ENSRNOP00000000617,10116.ENSRNOP00000001417,10116.ENSRNOP00000004699,10116.ENSRNOP00000009556,10116.ENSRNOP00000022363,10116.ENSRNOP00000031615,10116.ENSRNOP00000062228","Mapk14,Rac1,Prkca,LOC103692716,Hras,Ptk2b,Prkacb",1e-06,0.00013,"VEGFA-VEGFR2 Pathway"
"RCTM","RNO-5357801",8,127,10116,"10116.ENSRNOP00000009556,10116.ENSRNOP00000012114,10116.ENSRNOP00000012279,10116.ENSRNOP00000016981,10116.ENSRNOP00000018072,10116.ENSRNOP00000024430,10116.ENSRNOP00000074688,10116.ENSRNOP00000075076","LOC103692716,Pdcd6ip,Dynll2,Ywhab,Add1,Vim,Ubc,Sh3glb2",8.76e-07,0.00013,"Programmed Cell Death"
"RCTM","RNO-76002",10,244,10116,"10116.ENSRNOP00000000617,10116.ENSRNOP00000001417,10116.ENSRNOP00000004699,10116.ENSRNOP00000009813,10116.ENSRNOP00000019174,10116.ENSRNOP00000024280,10116.ENSRNOP00000026633,10116.ENSRNOP00000068764,10116.ENSRNOP00000069578,10116.ENSRNOP00000075066","Mapk14,Rac1,Prkca,Fgb,Gnaq,Dgkz,Cd9,Aldoa,Kng1,Itpr3",1.57e-06,0.00017,"Platelet activation, signaling and aggregation"
"RCTM","RNO-9006934",12,393,10116,"10116.ENSRNOP00000000617,10116.ENSRNOP00000001417,10116.ENSRNOP00000004699,10116.ENSRNOP00000008999,10116.ENSRNOP00000009556,10116.ENSRNOP00000016981,10116.ENSRNOP00000022363,10116.ENSRNOP00000027407,10116.ENSRNOP00000031615,10116.ENSRNOP00000052160,10116.ENSRNOP00000062228,10116.ENSRNOP00000074688","Mapk14,Rac1,Prkca,Sh3gl2,LOC103692716,Ywhab,Hras,Ctsd,Ptk2b,Hnrnpa1,Prkacb,Ubc",2.72e-06,0.00027,"Signaling by Receptor Tyrosine Kinases"
"RCTM","RNO-109582",14,565,10116,"10116.ENSRNOP00000000617,10116.ENSRNOP00000001417,10116.ENSRNOP00000004699,10116.ENSRNOP00000009813,10116.ENSRNOP00000019174,10116.ENSRNOP00000022363,10116.ENSRNOP00000024280,10116.ENSRNOP00000026633,10116.ENSRNOP00000062228,10116.ENSRNOP00000064431,10116.ENSRNOP00000068764,10116.ENSRNOP00000069578,10116.ENSRNOP00000071539,10116.ENSRNOP00000075066","Mapk14,Rac1,Prkca,Fgb,Gnaq,Hras,Dgkz,Cd9,Prkacb,H3c1,Aldoa,Kng1,Kif5a,Itpr3",4.15e-06,0.00038,"Hemostasis"
"RCTM","RNO-5653656",15,648,10116,"10116.ENSRNOP00000006329,10116.ENSRNOP00000008999,10116.ENSRNOP00000012279,10116.ENSRNOP00000013184,10116.ENSRNOP00000013299,10116.ENSRNOP00000019265,10116.ENSRNOP00000029070,10116.ENSRNOP00000060967,10116.ENSRNOP00000067788,10116.ENSRNOP00000070324,10116.ENSRNOP00000071539,10116.ENSRNOP00000071702,10116.ENSRNOP00000074119,10116.ENSRNOP00000074461,10116.ENSRNOP00000074688","Napb,Sh3gl2,Dynll2,Dync1i1,Rab43,Arpc2,Rab35,Cd59,Rab1b,Hbb,Kif5a,Apoe,Gria1,Epn2,Ubc",4.13e-06,0.00038,"Vesicle-mediated transport"
"RCTM","RNO-1428517",8,165,10116,"10116.ENSRNOP00000008980,10116.ENSRNOP00000017468,10116.ENSRNOP00000017965,10116.ENSRNOP00000020670,10116.ENSRNOP00000021920,10116.ENSRNOP00000024083,10116.ENSRNOP00000025525,10116.ENSRNOP00000055224","Dld,Ldha,Ldhb,Atp5f1d,LOC100911417,Etfb,Cox5a,Ndufs2",5.61e-06,0.00046,"The citric acid (TCA) cycle and respiratory electron transport"
"RCTM","RNO-422475",9,241,10116,"10116.ENSRNOP00000000617,10116.ENSRNOP00000001417,10116.ENSRNOP00000004699,10116.ENSRNOP00000008999,10116.ENSRNOP00000009556,10116.ENSRNOP00000019265,10116.ENSRNOP00000022363,10116.ENSRNOP00000022485,10116.ENSRNOP00000062228","Mapk14,Rac1,Prkca,Sh3gl2,LOC103692716,Arpc2,Hras,Ngef,Prkacb",1.1e-05,0.00087,"Axon guidance"
"RCTM","RNO-199991",13,545,10116,"10116.ENSRNOP00000006329,10116.ENSRNOP00000008999,10116.ENSRNOP00000012279,10116.ENSRNOP00000013184,10116.ENSRNOP00000013299,10116.ENSRNOP00000019265,10116.ENSRNOP00000029070,10116.ENSRNOP00000060967,10116.ENSRNOP00000067788,10116.ENSRNOP00000071539,10116.ENSRNOP00000074119,10116.ENSRNOP00000074461,10116.ENSRNOP00000074688","Napb,Sh3gl2,Dynll2,Dync1i1,Rab43,Arpc2,Rab35,Cd59,Rab1b,Kif5a,Gria1,Epn2,Ubc",1.39e-05,0.001,"Membrane Trafficking"
"RCTM","RNO-112314",7,137,10116,"10116.ENSRNOP00000004699,10116.ENSRNOP00000033456,10116.ENSRNOP00000058882,10116.ENSRNOP00000062228,10116.ENSRNOP00000062447,10116.ENSRNOP00000073266,10116.ENSRNOP00000074119","Prkca,Camk1,Camk2b,Prkacb,Ncald,Gnal,Gria1",1.59e-05,0.0011,"Neurotransmitter receptors and postsynaptic signal transmission"
"RCTM","RNO-68886",10,347,10116,"10116.ENSRNOP00000004699,10116.ENSRNOP00000009556,10116.ENSRNOP00000012279,10116.ENSRNOP00000013184,10116.ENSRNOP00000016220,10116.ENSRNOP00000044986,10116.ENSRNOP00000064431,10116.ENSRNOP00000067788,10116.ENSRNOP00000071611,10116.ENSRNOP00000074688","Prkca,LOC103692716,Dynll2,Dync1i1,Mapre1,H2aj,H3c1,Rab1b,Psma7,Ubc",3.09e-05,0.002,"M Phase"
"RCTM","RNO-9663891",5,61,10116,"10116.ENSRNOP00000012279,10116.ENSRNOP00000013184,10116.ENSRNOP00000024430,10116.ENSRNOP00000032429,10116.ENSRNOP00000074688","Dynll2,Dync1i1,Vim,Map1lc3a,Ubc",3.3e-05,0.0021,"Selective autophagy"
"RCTM","RNO-71288",3,9,10116,"10116.ENSRNOP00000008342,10116.ENSRNOP00000018821,10116.ENSRNOP00000074536","Slc6a11,Slc6a12,Slc6a8",3.53e-05,0.0022,"Creatine metabolism"
"RCTM","RNO-5683057",9,292,10116,"10116.ENSRNOP00000001417,10116.ENSRNOP00000009813,10116.ENSRNOP00000016981,10116.ENSRNOP00000022363,10116.ENSRNOP00000050393,10116.ENSRNOP00000058882,10116.ENSRNOP00000062228,10116.ENSRNOP00000071611,10116.ENSRNOP00000074688","Rac1,Fgb,Ywhab,Hras,Nf1,Camk2b,Prkacb,Psma7,Ubc",4.72e-05,0.0028,"MAPK family signaling cascades"
"RCTM","RNO-597592",19,1211,10116,"10116.ENSRNOP00000004249,10116.ENSRNOP00000006329,10116.ENSRNOP00000012279,10116.ENSRNOP00000013184,10116.ENSRNOP00000013299,10116.ENSRNOP00000021629,10116.ENSRNOP00000024083,10116.ENSRNOP00000025980,10116.ENSRNOP00000029070,10116.ENSRNOP00000035271,10116.ENSRNOP00000060967,10116.ENSRNOP00000062102,10116.ENSRNOP00000066885,10116.ENSRNOP00000067788,10116.ENSRNOP00000069578,10116.ENSRNOP00000071611,10116.ENSRNOP00000071702,10116.ENSRNOP00000074119,10116.ENSRNOP00000074688","Rab26,Napb,Dynll2,Dync1i1,Rab43,Rad23b,Etfb,Hnrnpk,Rab35,Negr1,Cd59,Ube2v2,C3,Rab1b,Kng1,Psma7,Apoe,Gria1,Ubc",4.72e-05,0.0028,"Post-translational protein modification"
"RCTM","RNO-9646399",4,33,10116,"10116.ENSRNOP00000012279,10116.ENSRNOP00000013184,10116.ENSRNOP00000024430,10116.ENSRNOP00000074688","Dynll2,Dync1i1,Vim,Ubc",5.16e-05,0.0029,"Aggrephagy"
"RCTM","RNO-442755",4,34,10116,"10116.ENSRNOP00000033456,10116.ENSRNOP00000058882,10116.ENSRNOP00000062228,10116.ENSRNOP00000074119","Camk1,Camk2b,Prkacb,Gria1",5.75e-05,0.0031,"Activation of NMDA receptors and postsynaptic events"
"RCTM","RNO-264870",3,12,10116,"10116.ENSRNOP00000018072,10116.ENSRNOP00000024430,10116.ENSRNOP00000075076","Add1,Vim,Sh3glb2",7.21e-05,0.0037,"Caspase-mediated cleavage of cytoskeletal proteins"
"RCTM","RNO-1640170",12,555,10116,"10116.ENSRNOP00000004699,10116.ENSRNOP00000009556,10116.ENSRNOP00000012279,10116.ENSRNOP00000013184,10116.ENSRNOP00000016220,10116.ENSRNOP00000016981,10116.ENSRNOP00000044986,10116.ENSRNOP00000062102,10116.ENSRNOP00000064431,10116.ENSRNOP00000067788,10116.ENSRNOP00000071611,10116.ENSRNOP00000074688","Prkca,LOC103692716,Dynll2,Dync1i1,Mapre1,Ywhab,H2aj,Ube2v2,H3c1,Rab1b,Psma7,Ubc",7.6e-05,0.0038,"Cell Cycle"
"RCTM","RNO-112040",4,39,10116,"10116.ENSRNOP00000004699,10116.ENSRNOP00000019174,10116.ENSRNOP00000062228,10116.ENSRNOP00000073266","Prkca,Gnaq,Prkacb,Gnal",9.4e-05,0.0046,"G-protein mediated events"
"RCTM","RNO-1280218",14,758,10116,"10116.ENSRNOP00000001417,10116.ENSRNOP00000008999,10116.ENSRNOP00000012279,10116.ENSRNOP00000013184,10116.ENSRNOP00000016981,10116.ENSRNOP00000022363,10116.ENSRNOP00000027407,10116.ENSRNOP00000062102,10116.ENSRNOP00000062228,10116.ENSRNOP00000066885,10116.ENSRNOP00000071539,10116.ENSRNOP00000071611,10116.ENSRNOP00000074688,10116.ENSRNOP00000075066","Rac1,Sh3gl2,Dynll2,Dync1i1,Ywhab,Hras,Ctsd,Ube2v2,Prkacb,C3,Kif5a,Psma7,Ubc,Itpr3",9.87e-05,0.0046,"Adaptive Immune System"
"RCTM","RNO-166520",5,78,10116,"10116.ENSRNOP00000000617,10116.ENSRNOP00000001417,10116.ENSRNOP00000008999,10116.ENSRNOP00000016981,10116.ENSRNOP00000022363","Mapk14,Rac1,Sh3gl2,Ywhab,Hras",9.94e-05,0.0046,"Signaling by NTRKs"
"RCTM","RNO-446203",8,250,10116,"10116.ENSRNOP00000006329,10116.ENSRNOP00000012279,10116.ENSRNOP00000013184,10116.ENSRNOP00000021629,10116.ENSRNOP00000060967,10116.ENSRNOP00000067788,10116.ENSRNOP00000074119,10116.ENSRNOP00000074688","Napb,Dynll2,Dync1i1,Rad23b,Cd59,Rab1b,Gria1,Ubc",9.8e-05,0.0046,"Asparagine N-linked glycosylation"
"RCTM","RNO-6798695",11,485,10116,"10116.ENSRNOP00000000617,10116.ENSRNOP00000001417,10116.ENSRNOP00000009183,10116.ENSRNOP00000009556,10116.ENSRNOP00000018711,10116.ENSRNOP00000027407,10116.ENSRNOP00000060967,10116.ENSRNOP00000066885,10116.ENSRNOP00000068764,10116.ENSRNOP00000070324,10116.ENSRNOP00000075076","Mapk14,Rac1,Pygl,LOC103692716,Cap1,Ctsd,Cd59,C3,Aldoa,Hbb,Sh3glb2",1e-04,0.0046,"Neutrophil degranulation"
"RCTM","RNO-1266738",10,408,10116,"10116.ENSRNOP00000000617,10116.ENSRNOP00000001417,10116.ENSRNOP00000004699,10116.ENSRNOP00000008999,10116.ENSRNOP00000009556,10116.ENSRNOP00000019265,10116.ENSRNOP00000020411,10116.ENSRNOP00000022363,10116.ENSRNOP00000022485,10116.ENSRNOP00000062228","Mapk14,Rac1,Prkca,Sh3gl2,LOC103692716,Arpc2,Lgi1,Hras,Ngef,Prkacb",0.00011,0.0049,"Developmental Biology"
"RCTM","RNO-1227986",4,46,10116,"10116.ENSRNOP00000004699,10116.ENSRNOP00000009556,10116.ENSRNOP00000022363,10116.ENSRNOP00000074688","Prkca,LOC103692716,Hras,Ubc",0.00017,0.0071,"Signaling by ERBB2"
"RCTM","RNO-5625740",4,46,10116,"10116.ENSRNOP00000001417,10116.ENSRNOP00000016981,10116.ENSRNOP00000044986,10116.ENSRNOP00000064431","Rac1,Ywhab,H2aj,H3c1",0.00017,0.0071,"RHO GTPases activate PKNs"
"RCTM","RNO-199977",6,143,10116,"10116.ENSRNOP00000006329,10116.ENSRNOP00000012279,10116.ENSRNOP00000013184,10116.ENSRNOP00000060967,10116.ENSRNOP00000067788,10116.ENSRNOP00000074119","Napb,Dynll2,Dync1i1,Cd59,Rab1b,Gria1",0.00019,0.0073,"ER to Golgi Anterograde Transport"
"RCTM","RNO-5578775",4,47,10116,"10116.ENSRNOP00000027497,10116.ENSRNOP00000028603,10116.ENSRNOP00000058882,10116.ENSRNOP00000075066","Atp1a3,Fxyd7,Camk2b,Itpr3",0.00018,0.0073,"Ion homeostasis"
"RCTM","RNO-6807878",5,91,10116,"10116.ENSRNOP00000006329,10116.ENSRNOP00000012279,10116.ENSRNOP00000013184,10116.ENSRNOP00000060967,10116.ENSRNOP00000067788","Napb,Dynll2,Dync1i1,Cd59,Rab1b",2e-04,0.0074,"COPI-mediated anterograde transport"
"RCTM","RNO-888590",3,18,10116,"10116.ENSRNOP00000008342,10116.ENSRNOP00000018821,10116.ENSRNOP00000020720","Slc6a11,Slc6a12,Slc32a1",0.00021,0.0076,"GABA synthesis, release, reuptake and degradation"
"RCTM","RNO-3371497",4,50,10116,"10116.ENSRNOP00000003787,10116.ENSRNOP00000009556,10116.ENSRNOP00000012279,10116.ENSRNOP00000013184","Ptges3,LOC103692716,Dynll2,Dync1i1",0.00023,0.0083,"HSP90 chaperone cycle for steroid hormone receptors (SHR) in the presence of ligand"
"RCTM","RNO-168249",15,942,10116,"10116.ENSRNOP00000000617,10116.ENSRNOP00000001417,10116.ENSRNOP00000009183,10116.ENSRNOP00000009556,10116.ENSRNOP00000018711,10116.ENSRNOP00000019265,10116.ENSRNOP00000022363,10116.ENSRNOP00000027407,10116.ENSRNOP00000060967,10116.ENSRNOP00000066885,10116.ENSRNOP00000068764,10116.ENSRNOP00000070324,10116.ENSRNOP00000071611,10116.ENSRNOP00000074688,10116.ENSRNOP00000075076","Mapk14,Rac1,Pygl,LOC103692716,Cap1,Arpc2,Hras,Ctsd,Cd59,C3,Aldoa,Hbb,Psma7,Ubc,Sh3glb2",0.00027,0.0096,"Innate Immune System"
"RCTM","RNO-9711123",6,155,10116,"10116.ENSRNOP00000004799,10116.ENSRNOP00000023132,10116.ENSRNOP00000025525,10116.ENSRNOP00000070324,10116.ENSRNOP00000071611,10116.ENSRNOP00000074688","Prdx2,Prdx1,Cox5a,Hbb,Psma7,Ubc",0.00028,0.0097,"Cellular response to chemical stress"
"RCTM","RNO-109581",5,100,10116,"10116.ENSRNOP00000012279,10116.ENSRNOP00000016981,10116.ENSRNOP00000018072,10116.ENSRNOP00000024430,10116.ENSRNOP00000075076","Dynll2,Ywhab,Add1,Vim,Sh3glb2",3e-04,0.0101,"Apoptosis"
"RCTM","RNO-3371571",3,21,10116,"10116.ENSRNOP00000003787,10116.ENSRNOP00000009556,10116.ENSRNOP00000058882","Ptges3,LOC103692716,Camk2b",0.00031,0.0103,"HSF1-dependent transactivation"
"RCTM","RNO-8873719",4,57,10116,"10116.ENSRNOP00000004249,10116.ENSRNOP00000013299,10116.ENSRNOP00000029070,10116.ENSRNOP00000067788","Rab26,Rab43,Rab35,Rab1b",0.00037,0.0117,"RAB geranylgeranylation"
"RCTM","RNO-392499",20,1549,10116,"10116.ENSRNOP00000004249,10116.ENSRNOP00000006329,10116.ENSRNOP00000012279,10116.ENSRNOP00000013184,10116.ENSRNOP00000013299,10116.ENSRNOP00000021629,10116.ENSRNOP00000024083,10116.ENSRNOP00000025980,10116.ENSRNOP00000027407,10116.ENSRNOP00000029070,10116.ENSRNOP00000035271,10116.ENSRNOP00000060967,10116.ENSRNOP00000062102,10116.ENSRNOP00000066885,10116.ENSRNOP00000067788,10116.ENSRNOP00000069578,10116.ENSRNOP00000071611,10116.ENSRNOP00000071702,10116.ENSRNOP00000074119,10116.ENSRNOP00000074688","Rab26,Napb,Dynll2,Dync1i1,Rab43,Rad23b,Etfb,Hnrnpk,Ctsd,Rab35,Negr1,Cd59,Ube2v2,C3,Rab1b,Kng1,Psma7,Apoe,Gria1,Ubc",0.00039,0.0123,"Metabolism of proteins"
"RCTM","RNO-5668599",3,23,10116,"10116.ENSRNOP00000000617,10116.ENSRNOP00000001417,10116.ENSRNOP00000004699","Mapk14,Rac1,Prkca",0.00039,0.0123,"RHO GTPases Activate NADPH Oxidases"
"RCTM","RNO-70268",3,24,10116,"10116.ENSRNOP00000008980,10116.ENSRNOP00000017468,10116.ENSRNOP00000017965","Dld,Ldha,Ldhb",0.00044,0.0132,"Pyruvate metabolism"
"RCTM","RNO-888593",2,4,10116,"10116.ENSRNOP00000008342,10116.ENSRNOP00000018821","Slc6a11,Slc6a12",0.00045,0.0132,"Reuptake of GABA"
"RCTM","RNO-9006931",6,169,10116,"10116.ENSRNOP00000003787,10116.ENSRNOP00000008980,10116.ENSRNOP00000009556,10116.ENSRNOP00000022363,10116.ENSRNOP00000044986,10116.ENSRNOP00000064431","Ptges3,Dld,LOC103692716,Hras,H2aj,H3c1",0.00044,0.0132,"Signaling by Nuclear Receptors"
"RCTM","RNO-388396",10,488,10116,"10116.ENSRNOP00000004699,10116.ENSRNOP00000019174,10116.ENSRNOP00000022363,10116.ENSRNOP00000022485,10116.ENSRNOP00000024280,10116.ENSRNOP00000062228,10116.ENSRNOP00000066885,10116.ENSRNOP00000069578,10116.ENSRNOP00000073266,10116.ENSRNOP00000075066","Prkca,Gnaq,Hras,Ngef,Dgkz,Prkacb,C3,Kng1,Gnal,Itpr3",0.00046,0.0133,"GPCR downstream signalling"
"RCTM","RNO-422356",4,61,10116,"10116.ENSRNOP00000004699,10116.ENSRNOP00000019174,10116.ENSRNOP00000062228,10116.ENSRNOP00000075066","Prkca,Gnaq,Prkacb,Itpr3",0.00047,0.0133,"Regulation of insulin secretion"
"RCTM","RNO-174824",4,63,10116,"10116.ENSRNOP00000017805,10116.ENSRNOP00000062228,10116.ENSRNOP00000071702,10116.ENSRNOP00000074688","Nceh1,Prkacb,Apoe,Ubc",0.00053,0.0143,"Plasma lipoprotein assembly, remodeling, and clearance"
"RCTM","RNO-163200",5,117,10116,"10116.ENSRNOP00000020670,10116.ENSRNOP00000021920,10116.ENSRNOP00000024083,10116.ENSRNOP00000025525,10116.ENSRNOP00000055224","Atp5f1d,LOC100911417,Etfb,Cox5a,Ndufs2",6e-04,0.0158,"Respiratory electron transport, ATP synthesis by chemiosmotic coupling, and heat production by uncoupling proteins."
"RCTM","RNO-187037",4,65,10116,"10116.ENSRNOP00000000617,10116.ENSRNOP00000008999,10116.ENSRNOP00000016981,10116.ENSRNOP00000022363","Mapk14,Sh3gl2,Ywhab,Hras",0.00059,0.0158,"Signaling by NTRK1 (TRKA)"
"RCTM","RNO-187687",3,27,10116,"10116.ENSRNOP00000000617,10116.ENSRNOP00000016981,10116.ENSRNOP00000022363","Mapk14,Ywhab,Hras",0.00061,0.0158,"Signalling to ERKs"
"RCTM","RNO-204005",4,66,10116,"10116.ENSRNOP00000006329,10116.ENSRNOP00000060967,10116.ENSRNOP00000067788,10116.ENSRNOP00000074119","Napb,Cd59,Rab1b,Gria1",0.00062,0.0158,"COPII-mediated vesicle transport"
"RCTM","RNO-5658442",4,66,10116,"10116.ENSRNOP00000022363,10116.ENSRNOP00000050393,10116.ENSRNOP00000071611,10116.ENSRNOP00000074688","Hras,Nf1,Psma7,Ubc",0.00062,0.0158,"Regulation of RAS by GAPs"
"RCTM","RNO-5675482",3,27,10116,"10116.ENSRNOP00000009556,10116.ENSRNOP00000012114,10116.ENSRNOP00000074688","LOC103692716,Pdcd6ip,Ubc",0.00061,0.0158,"Regulation of necroptotic cell death"
"RCTM","RNO-6811442",6,182,10116,"10116.ENSRNOP00000006329,10116.ENSRNOP00000012279,10116.ENSRNOP00000013184,10116.ENSRNOP00000013299,10116.ENSRNOP00000067788,10116.ENSRNOP00000071539","Napb,Dynll2,Dync1i1,Rab43,Rab1b,Kif5a",0.00064,0.0158,"Intra-Golgi and retrograde Golgi-to-ER traffic"
"RCTM","RNO-69620",7,257,10116,"10116.ENSRNOP00000012279,10116.ENSRNOP00000013184,10116.ENSRNOP00000016220,10116.ENSRNOP00000016981,10116.ENSRNOP00000062102,10116.ENSRNOP00000071611,10116.ENSRNOP00000074688","Dynll2,Dync1i1,Mapre1,Ywhab,Ube2v2,Psma7,Ubc",0.00069,0.0158,"Cell Cycle Checkpoints"
"RCTM","RNO-76005",5,121,10116,"10116.ENSRNOP00000004699,10116.ENSRNOP00000009813,10116.ENSRNOP00000026633,10116.ENSRNOP00000068764,10116.ENSRNOP00000069578","Prkca,Fgb,Cd9,Aldoa,Kng1",0.00069,0.0158,"Response to elevated platelet cytosolic Ca2+"
"RCTM","RNO-8939211",5,120,10116,"10116.ENSRNOP00000003787,10116.ENSRNOP00000009556,10116.ENSRNOP00000022363,10116.ENSRNOP00000044986,10116.ENSRNOP00000064431","Ptges3,LOC103692716,Hras,H2aj,H3c1",0.00067,0.0158,"ESR-mediated signaling"
"RCTM","RNO-9018519",4,67,10116,"10116.ENSRNOP00000003787,10116.ENSRNOP00000009556,10116.ENSRNOP00000044986,10116.ENSRNOP00000064431","Ptges3,LOC103692716,H2aj,H3c1",0.00066,0.0158,"Estrogen-dependent gene expression"
"RCTM","RNO-2682334",4,69,10116,"10116.ENSRNOP00000001417,10116.ENSRNOP00000019265,10116.ENSRNOP00000022363,10116.ENSRNOP00000022485","Rac1,Arpc2,Hras,Ngef",0.00073,0.0159,"EPH-Ephrin signaling"
"RCTM","RNO-5673001",7,260,10116,"10116.ENSRNOP00000009813,10116.ENSRNOP00000016981,10116.ENSRNOP00000022363,10116.ENSRNOP00000050393,10116.ENSRNOP00000058882,10116.ENSRNOP00000071611,10116.ENSRNOP00000074688","Fgb,Ywhab,Hras,Nf1,Camk2b,Psma7,Ubc",0.00073,0.0159,"RAF/MAP kinase cascade"
"RCTM","RNO-6806834",4,69,10116,"10116.ENSRNOP00000001417,10116.ENSRNOP00000008999,10116.ENSRNOP00000022363,10116.ENSRNOP00000074688","Rac1,Sh3gl2,Hras,Ubc",0.00073,0.0159,"Signaling by MET"
"RCTM","RNO-2559580",4,70,10116,"10116.ENSRNOP00000000617,10116.ENSRNOP00000044986,10116.ENSRNOP00000064431,10116.ENSRNOP00000074688","Mapk14,H2aj,H3c1,Ubc",0.00077,0.0161,"Oxidative Stress Induced Senescence"
"RCTM","RNO-399719",3,30,10116,"10116.ENSRNOP00000004699,10116.ENSRNOP00000058882,10116.ENSRNOP00000074119","Prkca,Camk2b,Gria1",8e-04,0.0163,"Trafficking of AMPA receptors"
"RCTM","RNO-6798163",2,6,10116,"10116.ENSRNOP00000020325,10116.ENSRNOP00000071535","Aldh7a1,Slc44a1",0.00084,0.0163,"Choline catabolism"
"RCTM","RNO-8852276",4,71,10116,"10116.ENSRNOP00000009556,10116.ENSRNOP00000016220,10116.ENSRNOP00000071611,10116.ENSRNOP00000074688","LOC103692716,Mapre1,Psma7,Ubc",0.00081,0.0163,"The role of GTSE1 in G2/M progression after G2 checkpoint"
"RCTM","RNO-8856688",5,125,10116,"10116.ENSRNOP00000006329,10116.ENSRNOP00000012279,10116.ENSRNOP00000013184,10116.ENSRNOP00000067788,10116.ENSRNOP00000071539","Napb,Dynll2,Dync1i1,Rab1b,Kif5a",8e-04,0.0163,"Golgi-to-ER retrograde transport"
"RCTM","RNO-2132295",5,127,10116,"10116.ENSRNOP00000008999,10116.ENSRNOP00000012279,10116.ENSRNOP00000013184,10116.ENSRNOP00000027407,10116.ENSRNOP00000071539","Sh3gl2,Dynll2,Dync1i1,Ctsd,Kif5a",0.00085,0.0164,"MHC class II antigen presentation"
"RCTM","RNO-5628897",4,74,10116,"10116.ENSRNOP00000004799,10116.ENSRNOP00000016981,10116.ENSRNOP00000023132,10116.ENSRNOP00000025525","Prdx2,Ywhab,Prdx1,Cox5a",0.00094,0.0176,"TP53 Regulates Metabolic Genes"
"RCTM","RNO-5673000",3,32,10116,"10116.ENSRNOP00000016981,10116.ENSRNOP00000022363,10116.ENSRNOP00000058882","Ywhab,Hras,Camk2b",0.00096,0.0176,"RAF activation"
"RCTM","RNO-5687128",4,74,10116,"10116.ENSRNOP00000001417,10116.ENSRNOP00000062228,10116.ENSRNOP00000071611,10116.ENSRNOP00000074688","Rac1,Prkacb,Psma7,Ubc",0.00094,0.0176,"MAPK6/MAPK4 signaling"
"RCTM","RNO-8964043",3,33,10116,"10116.ENSRNOP00000017805,10116.ENSRNOP00000071702,10116.ENSRNOP00000074688","Nceh1,Apoe,Ubc",0.001,0.0189,"Plasma lipoprotein clearance"
"RCTM","RNO-3371511",2,7,10116,"10116.ENSRNOP00000003787,10116.ENSRNOP00000009556","Ptges3,LOC103692716",0.0011,0.0193,"HSF1 activation"
"RCTM","RNO-112043",3,34,10116,"10116.ENSRNOP00000004699,10116.ENSRNOP00000019174,10116.ENSRNOP00000062228","Prkca,Gnaq,Prkacb",0.0011,0.0201,"PLC beta mediated events"
"RCTM","RNO-9706574",3,34,10116,"10116.ENSRNOP00000001115,10116.ENSRNOP00000009556,10116.ENSRNOP00000024430","Ddx39b,LOC103692716,Vim",0.0011,0.0201,"RHOBTB GTPase Cycle"
"RCTM","RNO-416476",6,206,10116,"10116.ENSRNOP00000004699,10116.ENSRNOP00000019174,10116.ENSRNOP00000022363,10116.ENSRNOP00000024280,10116.ENSRNOP00000069578,10116.ENSRNOP00000075066","Prkca,Gnaq,Hras,Dgkz,Kng1,Itpr3",0.0012,0.0206,"G alpha (q) signalling events"
"RCTM","RNO-171007",2,8,10116,"10116.ENSRNOP00000000617,10116.ENSRNOP00000022363","Mapk14,Hras",0.0013,0.0228,"p38MAPK events"
"RCTM","RNO-418592",2,8,10116,"10116.ENSRNOP00000000617,10116.ENSRNOP00000019174","Mapk14,Gnaq",0.0013,0.0228,"ADP signalling through P2Y purinoceptor 1"
"RCTM","RNO-450531",4,83,10116,"10116.ENSRNOP00000004699,10116.ENSRNOP00000016981,10116.ENSRNOP00000071611,10116.ENSRNOP00000074688","Prkca,Ywhab,Psma7,Ubc",0.0014,0.0235,"Regulation of mRNA stability by proteins that bind AU-rich elements"
"RCTM","RNO-3928662",3,38,10116,"10116.ENSRNOP00000001417,10116.ENSRNOP00000019265,10116.ENSRNOP00000022363","Rac1,Arpc2,Hras",0.0015,0.0252,"EPHB-mediated forward signaling"
"RCTM","RNO-1433557",3,39,10116,"10116.ENSRNOP00000001417,10116.ENSRNOP00000004699,10116.ENSRNOP00000022363","Rac1,Prkca,Hras",0.0016,0.0264,"Signaling by SCF-KIT"
"RCTM","RNO-2179392",2,9,10116,"10116.ENSRNOP00000004699,10116.ENSRNOP00000022363","Prkca,Hras",0.0016,0.0264,"EGFR Transactivation by Gastrin"
"RCTM","RNO-376172",2,9,10116,"10116.ENSRNOP00000000617,10116.ENSRNOP00000001417","Mapk14,Rac1",0.0016,0.0264,"DSCAM interactions"
"RCTM","RNO-397014",5,149,10116,"10116.ENSRNOP00000024430,10116.ENSRNOP00000027497,10116.ENSRNOP00000028603,10116.ENSRNOP00000058882,10116.ENSRNOP00000075066","Vim,Atp1a3,Fxyd7,Camk2b,Itpr3",0.0017,0.0264,"Muscle contraction"
"RCTM","RNO-399997",2,9,10116,"10116.ENSRNOP00000004699,10116.ENSRNOP00000019174","Prkca,Gnaq",0.0016,0.0264,"Acetylcholine regulates insulin secretion"
"RCTM","RNO-4086400",4,88,10116,"10116.ENSRNOP00000001417,10116.ENSRNOP00000004699,10116.ENSRNOP00000071611,10116.ENSRNOP00000074688","Rac1,Prkca,Psma7,Ubc",0.0017,0.0264,"PCP/CE pathway"
"RCTM","RNO-428643",2,9,10116,"10116.ENSRNOP00000015561,10116.ENSRNOP00000022383","Slc25a18,Slc17a6",0.0016,0.0264,"Organic anion transporters"
"RCTM","RNO-5674135",3,39,10116,"10116.ENSRNOP00000009813,10116.ENSRNOP00000016981,10116.ENSRNOP00000022363","Fgb,Ywhab,Hras",0.0016,0.0264,"MAP2K and MAPK activation"
"RCTM","RNO-68875",4,88,10116,"10116.ENSRNOP00000004699,10116.ENSRNOP00000044986,10116.ENSRNOP00000064431,10116.ENSRNOP00000067788","Prkca,H2aj,H3c1,Rab1b",0.0017,0.0264,"Mitotic Prophase"
"RCTM","RNO-425407",6,224,10116,"10116.ENSRNOP00000008342,10116.ENSRNOP00000015561,10116.ENSRNOP00000018821,10116.ENSRNOP00000020720,10116.ENSRNOP00000022383,10116.ENSRNOP00000071535","Slc6a11,Slc25a18,Slc6a12,Slc32a1,Slc17a6,Slc44a1",0.0018,0.027,"SLC-mediated transmembrane transport"
"RCTM","RNO-5689877",2,10,10116,"10116.ENSRNOP00000021629,10116.ENSRNOP00000074688","Rad23b,Ubc",0.0019,0.0287,"Josephin domain DUBs"
"RCTM","RNO-5675221",3,42,10116,"10116.ENSRNOP00000016981,10116.ENSRNOP00000022363,10116.ENSRNOP00000074688","Ywhab,Hras,Ubc",0.002,0.029,"Negative regulation of MAPK pathway"
"RCTM","RNO-5696395",3,42,10116,"10116.ENSRNOP00000021629,10116.ENSRNOP00000062102,10116.ENSRNOP00000074688","Rad23b,Ube2v2,Ubc",0.002,0.029,"Formation of Incision Complex in GG-NER"
"RCTM","RNO-5625970",2,11,10116,"10116.ENSRNOP00000001417,10116.ENSRNOP00000071539","Rac1,Kif5a",0.0023,0.0324,"RHO GTPases activate KTN1"
"RCTM","RNO-9755088",2,11,10116,"10116.ENSRNOP00000028838,10116.ENSRNOP00000073983","Itpa,Adk",0.0023,0.0324,"Ribavirin ADME"
"RCTM","RNO-177929",3,47,10116,"10116.ENSRNOP00000008999,10116.ENSRNOP00000022363,10116.ENSRNOP00000074688","Sh3gl2,Hras,Ubc",0.0027,0.037,"Signaling by EGFR"
"RCTM","RNO-3371568",2,12,10116,"10116.ENSRNOP00000003787,10116.ENSRNOP00000009556","Ptges3,LOC103692716",0.0027,0.037,"Attenuation phase"
"RCTM","RNO-71064",2,12,10116,"10116.ENSRNOP00000008980,10116.ENSRNOP00000020325","Dld,Aldh7a1",0.0027,0.037,"Lysine catabolism"
"RCTM","RNO-425393",4,101,10116,"10116.ENSRNOP00000015561,10116.ENSRNOP00000018821,10116.ENSRNOP00000020720,10116.ENSRNOP00000022383","Slc25a18,Slc6a12,Slc32a1,Slc17a6",0.0028,0.038,"Transport of inorganic cations/anions and amino acids/oligopeptides"
"RCTM","RNO-936837",3,48,10116,"10116.ENSRNOP00000027497,10116.ENSRNOP00000028603,10116.ENSRNOP00000058882","Atp1a3,Fxyd7,Camk2b",0.0029,0.0385,"Ion transport by P-type ATPases"
"RCTM","RNO-195721",6,250,10116,"10116.ENSRNOP00000001417,10116.ENSRNOP00000004699,10116.ENSRNOP00000044986,10116.ENSRNOP00000064431,10116.ENSRNOP00000071611,10116.ENSRNOP00000074688","Rac1,Prkca,H2aj,H3c1,Psma7,Ubc",0.0031,0.04,"Signaling by WNT"
"RCTM","RNO-68867",4,104,10116,"10116.ENSRNOP00000044986,10116.ENSRNOP00000064431,10116.ENSRNOP00000071611,10116.ENSRNOP00000074688","H2aj,H3c1,Psma7,Ubc",0.0031,0.04,"Assembly of the pre-replicative complex"
"RCTM","RNO-8848021",3,49,10116,"10116.ENSRNOP00000001417,10116.ENSRNOP00000022363,10116.ENSRNOP00000074688","Rac1,Hras,Ubc",0.003,0.04,"Signaling by PTK6"
"RCTM","RNO-8964539",2,13,10116,"10116.ENSRNOP00000015956,10116.ENSRNOP00000065890","Got2,Glul",0.0031,0.04,"Glutamate and glutamine metabolism"
"RCTM","RNO-2467813",5,178,10116,"10116.ENSRNOP00000012279,10116.ENSRNOP00000013184,10116.ENSRNOP00000016220,10116.ENSRNOP00000071611,10116.ENSRNOP00000074688","Dynll2,Dync1i1,Mapre1,Psma7,Ubc",0.0036,0.0434,"Separation of Sister Chromatids"
"RCTM","RNO-392517",2,14,10116,"10116.ENSRNOP00000016981,10116.ENSRNOP00000062228","Ywhab,Prkacb",0.0035,0.0434,"Rap1 signalling"
"RCTM","RNO-438064",2,14,10116,"10116.ENSRNOP00000033456,10116.ENSRNOP00000062228","Camk1,Prkacb",0.0035,0.0434,"Post NMDA receptor activation events"
"RCTM","RNO-5218921",2,14,10116,"10116.ENSRNOP00000004699,10116.ENSRNOP00000022363","Prkca,Hras",0.0035,0.0434,"VEGFR2 mediated cell proliferation"
"RCTM","RNO-532668",2,14,10116,"10116.ENSRNOP00000021629,10116.ENSRNOP00000074688","Rad23b,Ubc",0.0035,0.0434,"N-glycan trimming in the ER and Calnexin/Calreticulin cycle"
"RCTM","RNO-8849471",2,14,10116,"10116.ENSRNOP00000001417,10116.ENSRNOP00000022363","Rac1,Hras",0.0035,0.0434,"PTK6 Regulates RHO GTPases, RAS GTPase and MAP kinases"
"RCTM","RNO-399954",2,15,10116,"10116.ENSRNOP00000001417,10116.ENSRNOP00000009556","Rac1,LOC103692716",0.0039,0.0464,"Sema3A PAK dependent Axon repulsion"
"RCTM","RNO-418594",6,263,10116,"10116.ENSRNOP00000004699,10116.ENSRNOP00000019174,10116.ENSRNOP00000062228,10116.ENSRNOP00000066885,10116.ENSRNOP00000069578,10116.ENSRNOP00000073266","Prkca,Gnaq,Prkacb,C3,Kng1,Gnal",0.0039,0.0464,"G alpha (i) signalling events"
"RCTM","RNO-9759194",3,54,10116,"10116.ENSRNOP00000023132,10116.ENSRNOP00000071611,10116.ENSRNOP00000074688","Prdx1,Psma7,Ubc",0.0039,0.0464,"Nuclear events mediated by NFE2L2"
"RCTM","RNO-983231",4,113,10116,"10116.ENSRNOP00000001417,10116.ENSRNOP00000062228,10116.ENSRNOP00000064431,10116.ENSRNOP00000071539","Rac1,Prkacb,H3c1,Kif5a",0.0041,0.0478,"Factors involved in megakaryocyte development and platelet production"
"WikiPathways","WP3916",5,50,10116,"10116.ENSRNOP00000008980,10116.ENSRNOP00000015956,10116.ENSRNOP00000017468,10116.ENSRNOP00000017965,10116.ENSRNOP00000068764","Dld,Got2,Ldha,Ldhb,Aldoa",1.35e-05,0.0017,"Hexoses metabolism in proximal tubules"
"WikiPathways","WP140",6,121,10116,"10116.ENSRNOP00000016981,10116.ENSRNOP00000019174,10116.ENSRNOP00000024280,10116.ENSRNOP00000058882,10116.ENSRNOP00000062228,10116.ENSRNOP00000075066","Ywhab,Gnaq,Dgkz,Camk2b,Prkacb,Itpr3",7.7e-05,0.0049,"Myometrial relaxation and contraction pathways"
"WikiPathways","WP44",4,56,10116,"10116.ENSRNOP00000000617,10116.ENSRNOP00000001417,10116.ENSRNOP00000022363,10116.ENSRNOP00000031615","Mapk14,Rac1,Hras,Ptk2b",0.00035,0.0145,"IL-5 signaling pathway"
"WikiPathways","WP2376",5,120,10116,"10116.ENSRNOP00000000617,10116.ENSRNOP00000017965,10116.ENSRNOP00000022363,10116.ENSRNOP00000023132,10116.ENSRNOP00000068764","Mapk14,Ldhb,Hras,Prdx1,Aldoa",0.00067,0.021,"Nuclear factor, erythroid-derived 2, like 2 signaling pathway"
"WikiPathways","WP294",3,28,10116,"10116.ENSRNOP00000000617,10116.ENSRNOP00000001417,10116.ENSRNOP00000022363","Mapk14,Rac1,Hras",0.00067,0.021,"p38 Mapk signaling pathway"
"WikiPathways","WP319",4,81,10116,"10116.ENSRNOP00000000617,10116.ENSRNOP00000001417,10116.ENSRNOP00000016981,10116.ENSRNOP00000022363","Mapk14,Rac1,Ywhab,Hras",0.0013,0.0248,"IL-3 signaling pathway"
"WikiPathways","WP73",4,79,10116,"10116.ENSRNOP00000019174,10116.ENSRNOP00000022363,10116.ENSRNOP00000062228,10116.ENSRNOP00000073266","Gnaq,Hras,Prkacb,Gnal",0.0012,0.0248,"G protein signaling pathways"
"NetworkNeighborAL","CL:22576",7,47,10116,"10116.ENSRNOP00000004699,10116.ENSRNOP00000018072,10116.ENSRNOP00000068875,10116.ENSRNOP00000069937,10116.ENSRNOP00000070324,10116.ENSRNOP00000071528,10116.ENSRNOP00000075066","Prkca,Add1,Hbb-b1,LOC103694857,Hbb,LOC100134871,Itpr3",1.94e-08,9.52e-05,"Mixed, incl. Hemoglobin complex, and Actin filament capping"
"NetworkNeighborAL","CL:22640",4,15,10116,"10116.ENSRNOP00000068875,10116.ENSRNOP00000069937,10116.ENSRNOP00000070324,10116.ENSRNOP00000071528","Hbb-b1,LOC103694857,Hbb,LOC100134871",3.27e-06,0.0054,"Hemoglobin complex"
"NetworkNeighborAL","CL:21609",4,21,10116,"10116.ENSRNOP00000008342,10116.ENSRNOP00000018821,10116.ENSRNOP00000020720,10116.ENSRNOP00000022383","Slc6a11,Slc6a12,Slc32a1,Slc17a6",1.04e-05,0.0118,"Mixed, incl. Neurotransmitter loading into synaptic vesicle, and Reuptake of GABA"
"NetworkNeighborAL","CL:5757",6,82,10116,"10116.ENSRNOP00000044986,10116.ENSRNOP00000064421,10116.ENSRNOP00000064431,10116.ENSRNOP00000067217,10116.ENSRNOP00000069899,10116.ENSRNOP00000074909","H2aj,LOC103690002,H3c1,H3c1-2,H3c1-3,H3c1-4",9.62e-06,0.0118,"Structural constituent of chromatin, and Histone H2B"
