protein_id,mean_intensity,mean_treatment,mean_control,log2FoldChange,pvalue,padj,-log10(pvalue),s0_corrected_-log10(pvalue),regulation
Q78P75,26.52478805394427,26.7128843542318,25.762884373330706,0.9499999809010937,6.818236773195705e-05,0.052642040831173784,4.16632792133727,1.7643522074836968,upregulated
D3ZW55,23.77343728438548,24.03157668301948,23.279148682787067,0.7524280002324133,9.597455028472886e-05,0.052642040831173784,4.0178439142125715,1.932161097410788,upregulated
Q6QLM7,28.624307530180086,28.64134441734397,27.895979422564395,0.7453649947795746,0.0005923212087871026,0.05414803050328763,3.2274427166342523,1.9404322715368307,upregulated
Q6RUV5,28.296164623840063,28.52660129663924,27.564353755531965,0.9622475411072742,0.0005129077046731122,0.05414803050328763,3.289960777105263,1.7568330630292002,upregulated
P08932,23.36834112825749,23.462958165654083,22.16524333975023,1.297714825903853,0.00039707622787000477,0.05414803050328763,3.401126112467508,1.6164747496616931,upregulated
P97576,26.14548007375569,26.235187600881087,25.52329158215672,0.7118960187243673,0.00035215377795181534,0.05414803050328763,3.453267648078621,1.982760485578563,upregulated
P63159,27.080873673385454,27.125125970962824,26.666775865883505,0.45835010507931884,0.0005771433680382192,0.05414803050328763,3.238716290459947,2.6689440895254775,upregulated
Q6LED0,28.225874149634784,28.319980130658916,27.601923613302343,0.7180565173565725,0.0004975471285313847,0.05414803050328763,3.303165775839414,1.97455456547068,upregulated
P55068,27.806318653179922,27.84496150588791,27.36663875436636,0.47832275152154935,0.0002505009788572034,0.05414803050328763,3.601190572745033,2.568067659135016,upregulated
Q6XVN8,26.44902813794571,26.54229068516113,25.87589418329993,0.6663965018612004,0.0004643530766975966,0.05414803050328763,3.3331516725702133,2.0501544363939597,upregulated
P28570,23.246502427257738,23.502451421149985,21.87017396577569,1.6322774553742931,0.00032895886162208565,0.05414803050328763,3.482858409915116,1.5422918987953924,upregulated
Q6PDU1,26.914148896520608,27.180042141896205,26.23622713715828,0.9438150047379246,0.0005043415255507526,0.05414803050328763,3.2972752722233944,1.7682441529946764,upregulated
Q3B8Q0,26.362347473434344,26.501477095314545,26.027841008744048,0.4736360865704974,0.0008054294508179408,0.05917575992403216,3.0939724943041087,2.5903590349998815,upregulated
P0C5X8,26.498133216386897,26.702573920820583,26.131395387793063,0.5711785330275205,0.0007086474628561359,0.05917575992403216,3.1495697634250694,2.24547003000196,upregulated
Q9WU34,29.23469756616308,29.292667338446638,28.775497772655257,0.5171695657913808,0.0008091489506476594,0.05917575992403216,3.0919715247536557,2.409491174573711,upregulated
O35077,27.567736693234338,27.625451328982777,27.109358916873088,0.516092412109689,0.0009226167435058989,0.0632569104766232,3.0349786681471786,2.413347018821553,upregulated
P35434,24.859896172567314,24.93876594344482,23.815518426109236,1.1232475173355851,0.0010901118256655738,0.06517137207320221,2.9625289490516225,1.6766549778199342,upregulated
P32551,28.22376605996147,28.258922525578402,27.91631438310866,0.3426081424697429,0.0010997601936821133,0.06517137207320221,2.958702003854964,3.8976993088516223,non significant
P62703,26.940728646950802,27.05592216938256,26.572568393129412,0.48335377625314635,0.001128765787958835,0.06517137207320221,2.9473961621929887,2.5449913626721945,upregulated
P68182,27.656758648551353,27.715271955601626,27.260688063575742,0.4545838920258838,0.001220936173734816,0.06696834912935465,2.913307038855522,2.6898270114239673,upregulated
Q8VD52,27.789909209097953,28.117594978473875,27.114574644155564,1.003020334318311,0.0014858580201406453,0.07761839276639466,2.828022687221036,1.7334658161411205,upregulated
Q68FU3,26.871973411490146,26.687845267457618,27.141174339828535,-0.45332907237091646,0.002251727567909977,0.09693138080230705,2.647484155077573,2.696929873688469,non significant
P62986,24.62973968029779,24.90300291900634,24.077724641540783,0.8252782774655572,0.002408484683640923,0.09693138080230705,2.6182561111645275,1.8578408671892044,upregulated
P05065,28.703689658208923,28.778238397889368,27.817432004554536,0.9608063933348312,0.002040574271671095,0.09693138080230705,2.690247593397499,1.7577051672107369,upregulated
B0BNM9,27.02582615404584,27.00523694447973,26.206263961661914,0.7989729828178156,0.0023775041699061247,0.09693138080230705,2.6238787126805034,1.8825738717960854,upregulated
Q641Y2,27.820012805865463,27.92840860749676,27.271202562384786,0.6572060451119732,0.002474091761590335,0.09693138080230705,2.6065841968599712,2.0654145151302847,upregulated
Q8K4Y5,26.93110200137699,26.981408493153108,26.454029820698935,0.5273786724541729,0.002179039489355032,0.09693138080230705,2.6617348992381022,2.3742389550291083,upregulated
Q63100,28.001530877402498,28.032076919566084,27.41151689848739,0.6205600210786955,0.0020542249149769153,0.09693138080230705,2.6873520076784816,2.132981326103373,upregulated
P00507,29.699972449431108,29.73163198664427,29.25802343476283,0.4736085518814406,0.002812654841602745,0.09953168907220036,2.550883559546331,2.5904923500662442,non significant
Q505J6,25.214847850810216,25.295241503064762,24.635000603076236,0.6602408999885263,0.002785675124540744,0.09953168907220036,2.5550695339444482,2.0603071753803994,upregulated
Q9Z0W5,28.719385711699953,28.777411553848935,28.423754401290264,0.3536571525586716,0.0027689499754353386,0.09953168907220036,2.5576848902597122,3.6837462465008803,non significant
Q7M0E3,26.440798632009315,26.445032456138588,25.925911948658296,0.5191205074802916,0.0029229805340611355,0.1002034264332833,2.5341740768690375,2.4025755435621634,upregulated
P82995,29.65687201354371,29.69192230234997,29.178120363200435,0.5138019391495341,0.0030312057517696655,0.10076462756640374,2.518384583650371,2.421636593604177,upregulated
P11517,26.449636227010114,26.883593938718104,25.460284731021815,1.4233092076962883,0.004782334384771478,0.10145226085853341,2.3203600609295782,1.5838396776150123,upregulated
P47728,27.625246968634013,27.708672958056912,27.171147083587908,0.5375258744690043,0.003612618655822737,0.10145226085853341,2.442177879675457,2.3413654207764183,upregulated
P10536,24.33376160577649,24.349503239858638,24.68452816655841,-0.3350249266997736,0.0038448758829140745,0.10145226085853341,2.415117675169585,4.07199688113558,non significant
Q9JID2,25.941145570496456,25.993850215818238,25.500700762045074,0.49314945377316377,0.004332543054541661,0.10145226085853341,2.363257112801707,2.5024157289899738,non significant
Q561S0,26.98682812949684,27.16687969429606,26.684542354575992,0.4823373397200683,0.004056636360063405,0.10145226085853341,2.391833921035134,2.549584692590333,non significant
P35435,27.736859987847726,27.76686632536915,27.037163027395582,0.7297032979735683,0.0043332821806379455,0.10145226085853341,2.363183029058471,1.959567353649087,upregulated
Q4KMA2,27.155043916328776,27.396165036952983,26.36496468159135,1.0312003553616336,0.003518231214739572,0.10145226085853341,2.4536756225289666,1.7186646638046388,upregulated
P67779,27.751692325085514,27.848598199771974,27.383002910727694,0.4655952890442805,0.0034874550114648876,0.10145226085853341,2.4574913861265384,2.630517021076297,non significant
P24268,25.619839024918107,25.270652459880736,25.95372401977168,-0.6830715598909443,0.00488455200690108,0.10145226085853341,2.311175262007178,2.023965591164819,downregulated
P0DJJ3,26.960620712842765,27.11425531351044,26.511288010385567,0.6029673031248741,0.004117887197901843,0.10145226085853341,2.3853255542696528,2.1698466082161625,upregulated
Q6P6R2,28.248885754887386,28.306080752456854,27.838267521445403,0.46781323101145134,0.004864939254144102,0.10145226085853341,2.312922578161245,2.619188410680314,non significant
P19511,27.621740923314064,27.65667234393534,27.03356058850952,0.6231117554258212,0.0043077439484258346,0.10145226085853341,2.365750118997683,2.127892328271182,upregulated
Q64640,25.53563482810521,25.774854387026526,24.889953318489308,0.8849010685372178,0.0032909320811263603,0.10145226085853341,2.4826810806641246,1.808868027624195,upregulated
P52287,26.530479989386993,26.41762406565621,25.896576410697804,0.5210476549584051,0.004901522174569071,0.10145226085853341,2.3096690282660184,2.395828995489221,non significant
Q9JJW1,25.54921188075797,25.542351594517182,25.10081984463562,0.4415317498815625,0.004376632253812626,0.10145226085853341,2.358859943414198,2.7675249531197097,non significant
P62839,25.63432154258288,25.58669446192501,24.945481702285335,0.6412127596396751,0.0031535441429961474,0.10145226085853341,2.5012010854173035,2.093504645395619,upregulated
P52555,25.674581691569035,25.84100949220642,25.12795770393296,0.7130517882734608,0.004654479585178226,0.10145226085853341,2.3321288701971685,1.981205807611898,upregulated
B2GV54,25.663151240501286,25.80298504010182,24.87900002131619,0.9239850187856291,0.0036798181208148335,0.10145226085853341,2.434173646293472,1.7811741312220333,upregulated
P02770,28.57628958949872,28.771831369302344,27.90920918658104,0.862622182721303,0.004126961464830488,0.10145226085853341,2.384369586293316,1.8261279622382198,upregulated
P83868,26.011970399134658,26.123653557392775,25.00113368061004,1.1225198767827358,0.004900881882344771,0.10145226085853341,2.309725764425556,1.6769539737151233,upregulated
O88767,27.38044717775855,27.279912936888497,26.72512499394041,0.5547879429480886,0.005411469223466522,0.10414704803759253,2.266684807163852,2.2898570151939235,non significant
Q01062,27.49381853537299,27.488893698528827,27.073392793598156,0.4155009049306706,0.005225060547405333,0.10414704803759253,2.2819086726328557,2.952639455712476,non significant
P02650,28.425365034127438,28.66586227104474,27.82556489537806,0.8402973756666796,0.005350563227895065,0.10414704803759253,2.2716004994942587,1.8446381633437912,upregulated
Q63716,27.829505928299646,27.8441635252842,27.08395380322152,0.7602097220626796,0.005221680718828005,0.10414704803759253,2.2821896867624716,1.923291923434956,upregulated
P55260,27.196874592463885,27.38041973618302,27.00442976949108,0.3759899666919395,0.005609102807891863,0.10608941000443749,2.2511065998387716,3.3507620385265415,non significant
P62909,29.13297525304946,29.044409562174362,28.763650834579227,0.28075872759513487,0.006295414415696403,0.10962015260347545,2.200975675798183,8.815788882566396,non significant
Q9JJL4,27.543393381787347,27.82032725060718,26.961255210714253,0.8590720398929257,0.006157401469175659,0.10962015260347545,2.2106025290196234,1.8289869827095253,upregulated
P31647,26.74983284319058,26.87732354456902,25.69940893391551,1.1779146106535094,0.006211127822414715,0.10962015260347545,2.206829533063553,1.6554724533505942,upregulated
P62959,25.034947059166647,25.169874516895202,23.95020463336435,1.2196698835308517,0.006019462810827951,0.10962015260347545,2.2204422643406567,1.6408328489004156,upregulated
Q5PPJ9,27.540805878516537,27.69056097415333,26.772541572927224,0.918019401226104,0.006123412967564071,0.10962015260347545,2.2130064504309317,1.7852047763693326,upregulated
B0BND0,27.861345449059552,27.918675109484422,27.30973819171794,0.6089369177664814,0.0068065967351621,0.11487440951496652,2.167069978921155,2.1569766337027505,upregulated
P70600,30.300230139394433,30.29603856682684,29.585230469730515,0.7108080970963258,0.006776790182937562,0.11487440951496652,2.168975960398493,1.9842303906515684,upregulated
P08461,28.66578672772103,28.637998339426435,28.135751741945185,0.5022465974812498,0.0069434592465820524,0.115408708992432,2.158424109169425,2.4654304697189526,non significant
P26453,28.948654455830443,29.221379011413443,28.518763410982245,0.7026156004311979,0.007052151024570619,0.11546581602916373,2.1516783956870467,1.9955058480758656,upregulated
Q08163,26.881195551556445,26.806910521465536,26.242398264288024,0.5645122571775119,0.0072280106082490865,0.11660481819484189,2.1409812187147774,2.2630319844196314,non significant
Q9ERQ6,25.266927057471342,25.375791511882316,24.79399400564729,0.5817975062350271,0.008523269903631047,0.12635171735517917,2.069393758676768,2.2187837951652307,non significant
P11240,27.10304056456938,27.181439575759963,26.324120107072716,0.8573194686872476,0.008508671397768274,0.12635171735517917,2.070138248336595,1.8304098495730239,upregulated
Q6AYE4,27.267348821536448,27.30461930552438,26.624189487448657,0.6804298180757229,0.008228132336753138,0.12635171735517917,2.084698731967657,2.027992029661133,upregulated
P09606,31.374536121397973,31.636886660532966,30.7509808116216,0.8859058489113671,0.007971195827505108,0.12635171735517917,2.0984765214734726,1.8081162307687322,upregulated
Q9Z1B2,27.2546619759918,27.18220255082923,26.650611131310466,0.5315914195187652,0.00837316099618359,0.12635171735517917,2.07711055825045,2.360340874571182,non significant
Q01986,27.03633599049097,27.01383085229898,26.55564611982825,0.45818473247073044,0.008159012745165489,0.12635171735517917,2.0883623884601255,2.6698476113039473,non significant
Q6AYN4,26.183902522764466,26.154757330358947,25.68815915758874,0.4665981727702082,0.008894925948062024,0.12839123375031633,2.0508576631485673,2.6253701680427186,non significant
P97546,27.196283278450558,27.2726196897806,26.46402972398717,0.8085899657934306,0.008887438363683404,0.12839123375031633,2.0512233981783523,1.87328167416532,upregulated
P40241,26.502960173905674,26.684787029231885,25.568738844129268,1.116048185102617,0.009369074310699516,0.13347888985503079,2.028303316435051,1.6796343107323544,upregulated
Q8VII6,29.75846085952894,29.998080170962023,29.252721487988904,0.7453586829731194,0.009556412573872292,0.1344023665838193,2.0197051089547813,1.94043975971778,upregulated
O35458,27.254801914734777,27.458746540253127,26.424684155889583,1.0340623843635441,0.009951181807534931,0.1344219260851256,2.002125339152484,1.7172177664925556,upregulated
P07632,29.508962410589405,29.588098680511845,29.142063701842034,0.446034978669811,0.010047947072908204,0.1344219260851256,1.9979226612267487,2.7397325618611346,non significant
F1LU71,28.711668690968825,28.79558145089203,28.2494185259546,0.5461629249374305,0.010027966636610512,0.1344219260851256,1.998787119624078,2.3149371507116765,non significant
P02625,27.053664420402065,27.079325623959917,26.731778894006748,0.3475467299531694,0.009989743140023748,0.1344219260851256,2.000445678371059,3.7969372611653625,non significant
P11980,31.099188557717913,31.117975894195823,30.607747632022896,0.5102282621729266,0.010329926292480557,0.13490391836727586,1.985902777307405,2.4348217970404025,non significant
P85969,26.790030211178035,26.911151782020866,26.068456409922973,0.8426953720978929,0.01029758415386064,0.13490391836727586,1.987264650218064,1.842587764006055,upregulated
P51156,24.147244894782677,23.934907518563296,24.67609541078146,-0.7411878922181643,0.010862274987309108,0.14018724307150696,1.9640792068868593,1.9454264383030757,downregulated
P70618,25.31597976495528,25.45521886890222,24.382064242250788,1.0731546266514336,0.011719904236261153,0.1428526105242054,1.9310759369385138,1.6984108179508612,upregulated
Q566C7,28.207735979460477,28.451310240847235,27.552888283363558,0.8984219574836771,0.011228298623542148,0.1428526105242054,1.9496860455538163,1.798934106877269,upregulated
P02091,31.000064469048887,31.158128810325397,30.19582044769771,0.962308362627688,0.011698862477024643,0.1428526105242054,1.931856364234021,1.7567963302089373,upregulated
F1LZW6,28.477833207686622,28.425906329686068,28.171195662031653,0.25471066765441464,0.011495516851926384,0.1428526105242054,1.9394714975662213,,non significant
P32736,26.500190978865266,26.49127759640343,25.972225531400827,0.5190520650026045,0.011708814468207943,0.1428526105242054,1.9314870755493394,2.4028166857268096,non significant
P62425,26.201529030859895,26.258810859599837,25.88286883500766,0.3759420245921774,0.011895629472744028,0.14332544866240227,1.9246125717598739,3.3513696849344563,non significant
P35332,26.62426377500409,26.60753954740785,26.32181282018726,0.2857267272205881,0.012338288539969927,0.14332544866240227,1.9087450776767787,7.189787079384654,non significant
Q6AYK6,28.11568529912956,28.126721842176753,27.74386587145554,0.3828559707212129,0.012303269970686355,0.14332544866240227,1.909979446163301,3.267539467585604,non significant
P21396,28.17355302018716,28.226834188040133,27.880002403404642,0.3468317846354907,0.012411957723726724,0.14332544866240227,1.906159712332431,3.810976038234076,non significant
P35213,28.92822434579629,29.072621247223264,28.416335117230577,0.6562861299926865,0.012373285389934699,0.14332544866240227,1.90751496995251,2.066976212157531,non significant
P04642,29.141212290853094,29.118790336815067,28.490791285447923,0.6279990513671443,0.012559757886801349,0.1435214000189696,1.901018732369494,2.118317147391857,non significant
P49432,27.886043393177697,27.93560039448735,27.53769514788564,0.39790524660170945,0.0130936699150382,0.1476824668138292,1.8829386116257525,3.1079810864297324,non significant
P35171,23.245157326379623,23.38659909109747,22.653952665472342,0.732646425625127,0.013193146533961041,0.1476824668138292,1.8796516139026653,1.9558848318086437,non significant
A9UMV8,29.363891573388198,29.400867303957934,28.731878663230997,0.668988640726937,0.013563058260233598,0.15028964557046723,1.8676423727263483,2.0459597491719226,non significant
Q6Q629,27.494967825509345,27.415855516611444,26.96790258455171,0.4479529320597351,0.014023867096211395,0.15308099002521436,1.853132212691181,2.7282199816190804,non significant
P04785,27.69168701802306,27.634870702057615,27.2589605735298,0.37591012852781347,0.014094056510981449,0.15308099002521436,1.8509639915049767,3.3517741684883746,non significant
P50137,28.453401435259654,28.453724314687292,28.177000792594754,0.2767235220925386,0.015288335925838744,0.16442455402593237,1.8156397832309559,,non significant
Q9QXQ0,27.78456373076073,27.881506100290025,27.372206802144095,0.5092992981459297,0.015878054686833287,0.16575502204792164,1.7992027066019218,2.4383005954369152,non significant
P11662,25.146022280693373,24.98103896547323,25.59226797750125,-0.6112290120280228,0.015887582956833637,0.16575502204792164,1.7989421687683194,2.1521358052297064,non significant
O88989,29.55139566573536,29.489026210097137,29.00182067149115,0.4872055386059877,0.01601643786424767,0.16575502204792164,1.795434066773648,2.527891090778221,non significant
Q9WV97,26.247054659004615,26.341950338272422,25.680152194269215,0.6617981440032068,0.015760539115739342,0.16575502204792164,1.8024289308194223,2.0577128628638834,non significant
P41498,25.41905252460424,25.527481710252953,24.80648676275372,0.7209949474992321,0.01670255021020286,0.16729384784891557,1.7772172140223228,1.9707095391389053,non significant
Q66HF1,28.89649296724118,29.053776681893357,28.68917984432481,0.36459683756854844,0.016651298858613776,0.16729384784891557,1.7785518843722081,3.5069979414966244,non significant
P13383,31.67237162791316,31.874480512566763,31.189323587383523,0.6851569251832395,0.016660359844275968,0.16729384784891557,1.7783156225753494,2.020818463359495,non significant
P21533,29.544538346786315,29.556413775232972,29.12026732350002,0.4361464517329523,0.01677513515349199,0.16729384784891557,1.7753339721318866,2.8022410540773315,non significant
Q63450,27.69859563390649,27.561839858865483,28.30788942881524,-0.7460495699497578,0.01734171805595053,0.17019405513125993,1.7609078788749593,1.9396211445304037,non significant
Q60587,26.737256016797726,26.731267350507817,26.042785429873504,0.6884819206343131,0.017376238992434925,0.17019405513125993,1.7600442187727665,2.0158567210636993,non significant
P07722,28.477474935515424,28.404673173143788,27.721018825273987,0.6836543478698012,0.01820899423234385,0.17177060627691293,1.7397140416518757,2.023083315039743,non significant
P35704,27.454091107772186,27.444641321782466,26.69083301691394,0.753808304868528,0.018278657237070773,0.17177060627691293,1.7380557110064332,1.9305695524045414,non significant
P10888,29.74976021612026,29.7449171689899,29.387491438785176,0.35742573020472435,0.01832011024101988,0.17177060627691293,1.7370719172990328,3.6194307621043587,non significant
Q4KM73,25.725912094154143,25.7580062217408,25.35710976016669,0.40089646157410996,0.01809242442032815,0.17177060627691293,1.7425032329289636,3.0794511006105263,non significant
Q7TQ16,24.521145782396168,24.545842092691657,24.073005925132815,0.4728361675588424,0.018188455572024947,0.17177060627691293,1.740204176418838,2.594243442675577,non significant
P97685,28.316531640180035,28.327059705818613,27.898610295227183,0.4284494105914298,0.01873138456231045,0.17413838021063188,1.7274301198192428,2.8548971633596203,non significant
Q812E9,29.120318308480023,29.171811335762232,28.762388262974962,0.40942307278726986,0.019527867946924828,0.17851725948147115,1.7093451704054814,3.003056827141203,non significant
Q9JKE3,24.258526551216278,24.39271463350538,23.562767049669848,0.8299475838355335,0.019462361575618845,0.17851725948147115,1.710804463295175,1.8536682728247322,non significant
P52303,29.30551627383703,29.64955223912935,28.835829100121444,0.8137231390079052,0.020006630763021775,0.1813824293143379,1.6988260430094781,1.8684420536134296,non significant
Q9ESW0,27.869272381341954,27.9326748579111,27.49683237322071,0.4358424846903901,0.021120819017655713,0.18639997535504443,1.6752892448526266,2.804250917616446,non significant
Q6PEC4,27.60221352165323,27.72303764114311,27.22681531345823,0.49622232768488317,0.021418514234257734,0.18639997535504443,1.6692106587255935,2.4896601684312785,non significant
P11507,28.388993212306605,28.42887499689462,28.17591772198605,0.2529572749085709,0.020936660984069183,0.18639997535504443,1.6790925791911377,,non significant
B0K020,24.95687533485358,25.201416740470194,23.66425500021575,1.5371617402544437,0.021116599742985628,0.18639997535504443,1.675376011883696,1.559583307153986,upregulated
P05708,29.966734356404867,29.9710841696367,29.520182858684276,0.4509013109524247,0.021326087416568586,0.18639997535504443,1.671088814933015,2.7108847186238916,non significant
Q6DGG0,26.30242233906208,26.22788731503918,25.844851788998596,0.3830355260405831,0.02157957782141353,0.18639997535504443,1.6659570560212258,3.2654595060448885,non significant
Q7TP17,22.35331697041331,21.80380865794795,22.73786751558289,-0.9340588576349411,0.021761883413295473,0.18650614144050887,1.6623035207107713,1.7745176125556317,non significant
Q62881,24.496468198756798,25.465101711941298,21.27424324372933,4.190858468211967,0.02257441448456735,0.18908188297142453,1.6463835052190707,1.387168571332316,upregulated
Q4FZU2,26.378963211650152,26.226647365909773,26.53652984851227,-0.3098824826024966,0.022874863200018372,0.18908188297142453,1.6406414944923249,4.9311764224668515,non significant
P97710,27.955279181121455,27.959913404115323,27.739273926560866,0.22063947755445668,0.022526806856989087,0.18908188297142453,1.6473003645420754,,non significant
P42123,29.139503517763707,29.09523656693271,28.383253566231037,0.7119830007016716,0.022924239229899238,0.18908188297142453,1.6397050680347807,1.9826432354878485,non significant
Q6JE36,25.9550333467081,26.31326825012051,25.475626402963467,0.8376418471570446,0.02272892339052656,0.18908188297142453,1.643421135178108,1.8469269061068712,non significant
Q920J4,28.849085459566147,28.90042170393067,28.356075393820884,0.5443463101097876,0.0232963814973383,0.18930467038948232,1.6327115303807809,2.3203832144153447,non significant
Q68A21,27.045657749979554,27.096535097978215,26.854022364092383,0.24251273388583172,0.023288715401747557,0.18930467038948232,1.6328544663523457,,non significant
P13221,29.413445967367874,29.382524313413654,28.94524103365759,0.4372832797560626,0.023769511873825696,0.18993786056057727,1.623979736769113,2.794772857334456,non significant
P09811,27.833882858181962,27.667404931152607,28.280729574573773,-0.6133246434211657,0.024008742104422668,0.18993786056057727,1.6196305934381385,2.1477575612470567,non significant
Q91XU8,25.03222708411503,25.015661060280348,24.445351391322408,0.5703096689579397,0.024227340441101784,0.18993786056057727,1.6156942579693176,2.2477225096378812,non significant
P12839,29.99394121065759,29.91931025256939,29.328012427338958,0.5912978252304306,0.024264784750380648,0.18993786056057727,1.6150235568991407,2.1961568741756037,non significant
P19490,28.622270857834586,28.54512361087568,28.788535921826384,-0.2434123109507027,0.024413161658196347,0.18993786056057727,1.6123759730698024,,non significant
O35095,28.01155488449391,28.04010391679131,27.37187907564672,0.668224841144589,0.02438799168350607,0.18993786056057727,1.6128239617478721,2.047190874216644,non significant
P19627,25.024743193919697,24.88651703015229,24.429248009744555,0.4572690204077361,0.024884062502333732,0.1922381448243669,1.6040787164925028,2.674872737894876,non significant
P14604,27.009049880054057,27.10402128652746,26.366872610591383,0.7371486759360764,0.025640804320143644,0.19398594716687984,1.5910683556617509,1.9503303143406745,non significant
Q00981,28.654676194775632,28.61353617778181,28.094710051098712,0.5188261266830985,0.02548321998235409,0.19398594716687984,1.5937456967364363,2.4036134851235174,non significant
P21571,26.476668920862508,26.486025266053826,26.202072232204813,0.2839530338490128,0.02532211688191208,0.19398594716687984,1.5964999909254485,7.609265675563151,non significant
P48768,26.869572388557785,26.89869542918515,26.12409829939129,0.774597129793861,0.025819272243970147,0.1939982304906524,1.5880560031572135,1.907532191604805,non significant
Q64057,28.191536626386284,28.181500990628393,27.569068768800893,0.6124322218275005,0.02701510242657031,0.1943542781906732,1.568393381513275,2.1496165124535738,non significant
P27274,23.388655318963927,23.523979371312702,22.127620043112586,1.3963593282001163,0.027191566722553247,0.1943542781906732,1.5655657685303006,1.5902614848200127,non significant
D3ZAA9,27.820942821888572,27.810098367362688,27.60642590578658,0.20367246157610808,0.026782393729718412,0.1943542781906732,1.572150609656009,,non significant
P01830,28.10412400312005,28.15603634579919,27.507003931903196,0.6490324138959949,0.026929850168504965,0.1943542781906732,1.5697660628964185,2.0795173801686815,non significant
P60203,32.8461443203684,32.890901515396884,31.771423823120532,1.1194776922763516,0.026436737225073875,0.1943542781906732,1.5777921457289328,1.678209202999597,non significant
P06687,30.315555681126625,30.379211677572822,29.70292652121768,0.6762851563551422,0.02642972503758401,0.1943542781906732,1.5779073550401082,2.0344001637020703,non significant
P19804,27.438190145985725,27.418492133212,26.708736752399787,0.7097553808122115,0.027262350524076998,0.1943542781906732,1.5644367025868884,1.9856587622856594,non significant
Q6AY09,28.0707776439148,28.14784475757737,27.430193984367914,0.7176507732094564,0.02728400988273808,0.1943542781906732,1.5640918018319232,1.9750889579610118,non significant
P11167,26.574322838722814,26.504478891739726,25.897345364652193,0.6071335270875338,0.029038231779200046,0.1990933766361403,1.5370298325971647,2.1608242129166975,non significant
P50279,25.70027406459595,25.96413296708633,24.7185552899696,1.245577677116728,0.028824858506710595,0.1990933766361403,1.5402328158599983,1.6323410647751384,non significant
P06686,31.277304950848603,31.30755580630073,30.79371550211809,0.51384030418264,0.02856523087652662,0.1990933766361403,1.5441622614337733,2.421496720126339,non significant
P17105,27.462512320228235,27.461540242784455,27.27045849550368,0.19108174728077643,0.028955215973890336,0.1990933766361403,1.5382731913619663,,non significant
P04256,26.217947028628615,26.156808019998383,26.875581502703366,-0.7187734827049823,0.028749015155467697,0.1990933766361403,1.5413770281872838,1.9736123373200984,non significant
Q4V7C7,27.223880018035015,27.204569584801543,26.553018369963052,0.6515512148384914,0.02830373819794504,0.1990933766361403,1.548156201524292,2.075116332943409,non significant
Q6IFW6,27.5677359397882,27.40931903250555,26.659097217955516,0.7502218145500343,0.02926644907346863,0.19941176791052848,1.533629967738725,1.9347216491839418,non significant
Q62910,29.672376263495966,29.663897972399074,29.304991407642916,0.35890656475615756,0.02979208447215719,0.20075600294122778,1.5258991093030838,3.59519260077275,non significant
P10824,25.035165823418044,25.043475261967057,24.637173769822965,0.4063014921440917,0.029829743372306407,0.20075600294122778,1.5253504828924007,3.030217595859212,non significant
Q63028,28.915052491405717,28.672085916375053,29.112938575783804,-0.4408526594087512,0.03008102796652859,0.2012127297517187,1.5217073265723267,2.7718117627853753,non significant
P11951,27.483078421670108,27.860595156785376,27.189672279429384,0.6709228773559914,0.03026973582518504,0.20124788000138175,1.5189913692702204,2.042860127320536,non significant
O88600,27.74479095760064,27.678900549793244,27.343669306214576,0.3352312435786686,0.030819836374496166,0.20367084640254393,1.511169671323052,4.066896130278565,non significant
M0RC99,29.451699112316973,29.75073583334381,29.046423779420106,0.7043120539237044,0.03145284103653786,0.2055592318490239,1.5023401199877153,1.9931406114528303,non significant
P26772,28.853941471981987,28.785208126989236,28.548136592834066,0.23707153415517013,0.031480356381618974,0.2055592318490239,1.5019603597407212,,non significant
P07323,30.88571379029136,30.78548891790634,30.424898983002702,0.36058993490363633,0.03205612865065309,0.2077271522723988,1.4940889276206333,3.568306343432356,non significant
Q4FZY0,27.87108250840863,28.055634919998983,27.637768869569687,0.41786605042929637,0.03219108102671631,0.2077271522723988,1.4922644387833335,2.933846966970065,non significant
P11348,27.9362983703334,27.62209561195365,28.23420351065728,-0.6121078987036306,0.032523680298852754,0.20864606601076885,1.4878003166127673,2.150294114345693,non significant
P61227,25.471279347574686,25.681029273195985,25.04023032346207,0.6407989497339166,0.03384861232760129,0.21008116948594574,1.4704591311389168,2.094258839989103,non significant
P62632,27.90883599459138,27.911387615669998,27.373634316376265,0.5377532992937333,0.03327522264635972,0.21008116948594574,1.477879029955107,2.3406518062865285,non significant
P62914,27.98417420437419,27.997974102612094,27.80484759932722,0.1931265032848728,0.03332767297886899,0.21008116948594574,1.477195008803238,,non significant
Q6P6V0,29.098613645264187,29.06386524282981,28.744652602605886,0.3192126402239239,0.0338164988891555,0.21008116948594574,1.470871358057879,4.543425862163057,non significant
P62744,24.889801881079084,24.893215241617067,23.824298579066237,1.06891666255083,0.03364883251369624,0.21008116948594574,1.47302999954269,1.700367314222745,non significant
Q9QZA2,28.57700285708561,28.409004095340332,28.843354147038387,-0.4343500516980541,0.03389641476664758,0.21008116948594574,1.4698462348176566,2.8141997608877793,non significant
P47198,25.841982843897185,26.174911102856157,25.207502330538023,0.9674087723181337,0.03436441112622231,0.21060200561712775,1.463891093827478,1.7537368351180518,non significant
Q8VHF5,28.47952893158244,28.459491388837108,27.972918557929848,0.4865728309072601,0.0342913371543457,0.21060200561712775,1.4648155797018716,2.5306673366431984,non significant
Q6IMF3,28.377280489580365,28.41543808900009,28.11869509332331,0.2967429956767802,0.03540389617804428,0.21546215749911318,1.4509489414907364,5.762885527784918,non significant
P01048,26.40865307926259,26.356126659813185,25.677327318968292,0.6787993408448934,0.0355502739355875,0.21546215749911318,1.4491570484291323,2.0304995560706414,non significant
P01946,30.632203427155396,30.67073969992593,29.70621749561555,0.9645222043103807,0.03586615607749284,0.21618227042312993,1.4453151659442853,1.7554633001197635,non significant
P07896,28.711815305701958,28.593539082087332,28.918843950644344,-0.32530486855701213,0.036212018928063826,0.21707423368353015,1.4411472612952596,4.3403575503656535,non significant
P61150,27.81681728029457,27.69405014720394,28.120986482353686,-0.4269363351497475,0.03664321168192448,0.21731564624755573,1.436006468557417,2.8656987641979557,non significant
P38406,26.918391702116153,26.74629728666113,27.137980009229448,-0.39168272256831926,0.036739557316560485,0.21731564624755573,1.434866080913533,3.170526913092636,non significant
P56932,26.076188049058285,25.97803047168829,25.433174651059446,0.5448558206288432,0.036846590886094224,0.21731564624755573,1.4336026876651027,2.318849826719209,non significant
P29994,29.999186162503594,30.00233149004035,29.665376831540367,0.33695465849998385,0.03927114824146277,0.22071626684000045,1.405926400292078,4.025122936249659,non significant
P61265,28.200977205052435,28.166705130933195,27.47273055821419,0.6939745727190036,0.03995820792007271,0.22071626684000045,1.3983939976201296,2.0078081345415675,non significant
P19527,29.654486405593392,29.574024191284497,28.8979995619797,0.6760246293047985,0.04003877584426626,0.22071626684000045,1.3975192092198763,2.0348067380396215,non significant
P04218,28.162730650164914,28.560127809047145,27.84991732454709,0.7102104845000561,0.03881633389521118,0.22071626684000045,1.4109854850286883,1.9850405270808724,non significant
P0DN35,25.70965770754457,25.71512642345353,25.483971987305637,0.231154436147893,0.03971894970864007,0.22071626684000045,1.4010022441084986,,non significant
P13596,28.817508814960853,28.776266084515544,28.37476603245351,0.4015000520620333,0.037937777167602174,0.22071626684000045,1.4209281186799627,3.0738080914599126,non significant
P11505,28.495674285114415,28.4618171537109,28.07624388135834,0.3855732723525591,0.03820092928820452,0.22071626684000045,1.4179260721712648,3.23655448647985,non significant
Q63797,27.476761917393624,27.461881057603176,26.943804233304675,0.5180768242985003,0.03950219538819935,0.22071626684000045,1.4033787671966886,2.4062643151958722,non significant
P33124,27.730424841512633,27.729254188564983,27.38427228564821,0.3449819029167749,0.03981481505024978,0.22071626684000045,1.3999552973392713,3.8481412018490637,non significant
Q5BKC9,30.44729804411791,30.25332719826787,30.78222682291154,-0.528899624643671,0.03985354502020028,0.22071626684000045,1.3995330415392533,2.3691791643209235,non significant
B3GNI6,27.95894775021242,27.91378128957632,27.41186805189285,0.5019132376834712,0.03882703035203848,0.22071626684000045,1.4108658247782486,2.4667451659518362,non significant
Q1WIM1,26.156701031893746,26.4722385834924,25.733222575038436,0.7390160084539623,0.03966745198525231,0.22071626684000045,1.4015656952728748,1.9480540283003356,non significant
P04636,30.105341553927335,30.07412703597001,29.518728157419243,0.5553988785507684,0.03971102534246073,0.22071626684000045,1.4010888992664152,2.2881276336427163,non significant
Q4V8B0,28.818663916232083,28.46715306962959,28.9506106700488,-0.4834576004192108,0.04119959637819239,0.22154880993567183,1.385107038616925,2.5445241007992143,non significant
Q63429,25.503087726945825,25.315008586091277,25.754938267359957,-0.43992968126867993,0.04104402698165293,0.22154880993567183,1.3867500355640652,2.77767946580019,non significant
P28480,26.69896548473118,26.764081416114887,26.516463434605296,0.2476179815095918,0.04114798251594486,0.22154880993567183,1.3856514533720445,,non significant
P05696,27.91123345762981,27.69888725746757,28.094796842515425,-0.39590958504785334,0.040975661245512496,0.22154880993567183,1.3874740292654535,3.127556078551897,non significant
P17220,26.589873670099237,26.605443903948117,25.86930065932471,0.7361432446234062,0.04040498359513588,0.22154880993567183,1.3935650652263867,1.951562568523963,non significant
O88656,26.75031149439484,26.830678048497173,26.651756102794128,0.17892194570304554,0.04212430252035928,0.2233826429157566,1.3754672769589893,,non significant
Q02874,25.152352664561356,25.09014392996724,24.6596985690381,0.43044536092914143,0.04215151055930867,0.2233826429157566,1.3751868572001555,2.8408810760508136,non significant
P69682,26.52856621619734,26.579155781102653,26.222221558532393,0.35693422257025986,0.04177079181590171,0.2233826429157566,1.379127292079446,3.6276009733162002,non significant
P20171,25.324362204610587,24.888680567108654,25.484191044234823,-0.5955104771261688,0.042555178234898225,0.22419695540114226,1.3710475861784117,2.1864770513385112,non significant
P35565,27.96848054943007,28.071440541441678,27.66813844731836,0.40330209412331897,0.04271391401899611,0.22419695540114226,1.3694306308918642,3.05718132496539,non significant
P31399,26.112663657982917,26.151161615433576,24.996751963494344,1.1544096519392326,0.04345415263391487,0.22699621637811718,1.3619687145014132,1.6642808137075449,non significant
P07340,29.59218296606225,29.580501375236125,28.998858703439115,0.5816426717970096,0.04427446892138343,0.2290994924847058,1.3538466395313589,2.2191620516862236,non significant
Q5EB77,23.77125175352323,23.961220989957948,23.163701032490266,0.7975199574676815,0.04420321235058876,0.2290994924847058,1.354546168310623,1.884004057723004,non significant
Q5U316,27.760028340040922,27.619462492309196,28.262478285732442,-0.6430157934232454,0.04640287487277107,0.23401306863989574,1.3334551120592701,2.090235153150116,non significant
Q63228,28.093441709730783,27.961593558249564,28.437091303906794,-0.47549774565722913,0.04693060629058985,0.23401306863989574,1.328543835155569,2.581409804784174,non significant
Q3KRE8,26.170087084814806,26.318233309445347,25.771226084936583,0.5470072245087643,0.046608764687959194,0.23401306863989574,1.3315324073937864,2.312425840046837,non significant
Q9Z1Z3,28.654458242316437,28.536149484699354,29.15255477643009,-0.6164052917307359,0.04686236975375654,0.23401306863989574,1.3291757536187456,2.1414025404911667,non significant
Q9JJW3,26.10441141646952,26.263212724061162,25.69530260024179,0.5679101238193738,0.04598889253108857,0.23401306863989574,1.3373470486435795,2.2539994769095144,non significant
B0BNA5,26.298947865768515,26.286549665724095,25.665611299868015,0.6209383658560803,0.04599511505454957,0.23401306863989574,1.337288290438155,2.1322228325424053,non significant
P13638,26.901249595736925,26.90172101553044,26.429008343871658,0.4727126716587833,0.046811745724321965,0.23401306863989574,1.3296451626686914,2.5948452558644877,non significant
Q62636,27.52631554224972,27.487745507536758,27.099019878661323,0.3887256288754344,0.045779603362821976,0.23401306863989574,1.3393279743981286,3.201880546500176,non significant
Q9JHL4,28.964195263780294,28.81649367109526,29.296638158375714,-0.4801444872804552,0.047270823011468316,0.23464295404335175,1.3254068363214209,2.5596122441383775,non significant
Q66HR2,26.373784330132263,26.306803807588626,26.839938577668075,-0.5331347700794495,0.04848621255592368,0.23851737746120308,1.3143817389676802,2.35533939670429,non significant
P48679,29.797872996523758,29.820454388951816,29.599389011884387,0.22106537706742913,0.04831970263937504,0.23851737746120308,1.3158757470375027,,non significant
Q1WIM2,27.18989489104653,27.033577457588134,27.337816060876424,-0.3042386032882902,0.04988523474051087,0.24430402906401974,1.302027979819948,5.232386066122729,non significant
Q8CFD0,24.864338495857844,24.84755936754145,24.412072039604606,0.4354873279368441,0.05055893381410146,0.2454121698852624,1.2962020930234297,2.8066062628028803,non significant
Q7M767,26.95112141065692,26.96495261791453,27.452461214441286,-0.48750859652675516,0.05034481604686055,0.2454121698852624,1.298045241657516,2.5265657951262512,non significant
G3V7W1,23.58795467254636,23.969332483938217,22.788145915665442,1.181186568272775,0.05100367803517473,0.24648032953562413,1.2923985044357054,1.6542799902355492,non significant
G3V7P1,25.00699296303822,25.13102945799288,24.725336465204506,0.40569299278837434,0.05141018437382111,0.24735514148281473,1.2889508386073965,3.0356177521944225,non significant
P15384,23.848759325556344,23.868353973739485,24.436192671380656,-0.5678386976411716,0.05175843742257456,0.24794325699809736,1.2860188434096225,2.2541875990339597,non significant
P15791,23.892723100267215,23.721966284713748,24.51727198185854,-0.7953056971447907,0.05224155272235222,0.24916949276704517,1.2819839234495205,1.8861970540494049,non significant
P06302,22.221279270100798,22.71443093333583,21.43068749300869,1.2837434403271395,0.05512648385984872,0.25275846819522907,1.2586397073024103,1.6205758027213197,non significant
P27952,28.2606969277284,28.057873055748853,28.337145679259237,-0.2792726235103835,0.05515479578068586,0.25275846819522907,1.2584167191161675,9.933192886615965,non significant
Q63604,26.79085687240585,26.78927733823289,26.515899681434508,0.273377656798381,0.05427615836635864,0.25275846819522907,1.2653908990250995,,non significant
P36972,27.503044595410067,27.457305245317603,27.140082129818428,0.3172231154991749,0.055143216396263815,0.25275846819522907,1.2585079059413433,4.617246615711202,non significant
P20717,28.461194837008044,28.564749693386787,28.30734172462367,0.25740796876311833,0.053941315529346306,0.25275846819522907,1.2680784661113624,,non significant
Q05962,30.249194515808703,30.26655626189093,29.737781541201787,0.5287747206891424,0.05373240087730713,0.25275846819522907,1.2697637538018418,2.369592877025598,non significant
Q64537,26.690535138869784,26.649752154068334,27.558816591402913,-0.9090644373345782,0.05509863091388416,0.25275846819522907,1.2588591923266617,1.7913834536005682,non significant
Q07205,26.929975146430397,26.947023499873065,26.615531075441538,0.33149242443152716,0.054947706010922914,0.25275846819522907,1.2600504340429255,4.162870292066007,non significant
Q5PQN0,25.329387555357407,25.15043774547597,25.63187793549149,-0.4814401900155225,0.05529811519312213,0.25275846819522907,1.2572896711397226,2.553667588564977,non significant
Q9Z0J8,26.55127977246507,26.470210759847095,27.004799442356404,-0.5345886825093089,0.05322652476694466,0.25275846819522907,1.2738718885860183,2.3506709761241726,non significant
O35264,25.976448059653382,25.900039232559703,25.307657187199624,0.592382045360079,0.056830260507491445,0.25342599909235003,1.2454203531633161,2.1936453744564326,non significant
Q6PCU2,27.1361416592312,27.039372329079285,26.616957905033725,0.4224144240455594,0.056650416325496174,0.25342599909235003,1.2467968941465455,2.8989233727167187,non significant
Q568Z9,25.23225197026833,25.20218345942875,24.868630715511912,0.33355274391683665,0.05667077745634545,0.25342599909235003,1.2466408293086593,4.109039154899596,non significant
P54921,27.705940106419394,27.6208986330894,27.375220450549154,0.24567818254024587,0.05649118686650094,0.25342599909235003,1.2480193007432738,,non significant
P62994,25.710441955327767,25.804046697419256,25.275207787255766,0.5288389101634898,0.056711260651949924,0.25342599909235003,1.246330698541894,2.369380225420908,non significant
P97690,30.09391456358734,30.097749472096,29.89809526806755,0.1996542040284517,0.056095297709910556,0.25342599909235003,1.251073542740816,,non significant
Q62813,26.985617918966554,27.013302481680437,26.807689434962302,0.20561304671813474,0.05762750739729426,0.25403173327798784,1.2393701648540407,,non significant
Q5BK63,27.23920608864834,27.208527271709684,26.932612110658486,0.2759151610511985,0.05850865421447288,0.25403173327798784,1.2327798911894015,,non significant
O35179,29.22943645776738,29.10304025439451,29.323029490269793,-0.21998923587528196,0.05773291665839004,0.25403173327798784,1.2385765014542982,,non significant
P08009,28.219477038008723,28.00936782819052,27.660779037157408,0.34858879103311224,0.05796367684723536,0.25403173327798784,1.236844073445557,3.776788126995034,non significant
P07895,26.806706440074812,26.753197849363005,26.069948023624608,0.6832498257383968,0.057739522694279545,0.25403173327798784,1.2385268105505072,2.023695488157611,non significant
O35244,27.350271351179067,27.268103514056197,26.71357897369849,0.5545245403577077,0.058587081603765655,0.25403173327798784,1.2321981349494318,2.2906045079581543,non significant
P29348,24.486140275393097,24.487620555881552,24.975649061705756,-0.48802850582420376,0.058394568890335674,0.25403173327798784,1.2336275434807922,2.5242989242272875,non significant
P53042,28.339653653394677,28.395992601489255,27.855245315107386,0.540747286381869,0.05950030902907439,0.2569757441137583,1.225480778653413,2.331348110452838,non significant
Q9Z0V6,25.662532712118836,25.64922945707305,25.053448139266752,0.5957813178062992,0.060296029223257615,0.258377906476225,1.219711287249726,2.185861875585735,non significant
P48004,26.224700698039737,26.18956715109552,26.516043324624906,-0.32647617352938596,0.060228002881443525,0.258377906476225,1.22020153749269,4.304761257689846,non significant
P11030,26.197848859128623,26.22601822237206,25.745950367334313,0.4800678550377455,0.06071183999295614,0.2591474259621513,1.2167266047703005,2.5599656215933413,non significant
P09117,28.61564046379618,28.612892375203042,28.171214184985356,0.4416781902176865,0.06208595206874127,0.26130264342669457,1.2070066547218559,2.76660388989743,non significant
Q9JJK1,28.175797932910005,28.01876659877834,28.48224709645355,-0.46348049767521005,0.06216954415165659,0.26130264342669457,1.206422317015726,2.641504659898711,non significant
P84082,25.506788077260616,25.563359372121525,24.882283651134586,0.6810757209869394,0.06210166940804321,0.26130264342669457,1.2068967250254126,2.0270034411606948,non significant
Q63862,30.81485027802363,31.019329566709207,30.345195880055922,0.6741336866532848,0.06174929672012656,0.26130264342669457,1.209367984340484,2.0377712527105887,non significant
P14480,27.739869267043574,27.68042141557179,28.11729519066405,-0.4368737750922591,0.06276312219602236,0.26279062995815466,1.202295460260739,2.7974542267873304,non significant
P19332,28.05891052516854,28.03432428262157,27.764665671612402,0.26965861100916655,0.06440854333047563,0.26865464651532994,1.1910565227768644,,non significant
P04764,29.582457664852704,29.43502565007354,28.869978064700145,0.5650475853733958,0.06481596622156365,0.2693299808524823,1.1883180004902874,2.2615975575641936,non significant
P63319,26.180603610133677,26.10459612577875,25.732959050840204,0.3716370749385476,0.06526962668700367,0.27019162443638883,1.1852888712666092,3.4075582678562224,non significant
P48056,21.721134489039887,22.597168714558663,20.458996637787084,2.1381720767715784,0.06590406737942325,0.27179233802717034,1.1810877813706517,1.4789694707439567,non significant
Q9WU82,28.079907399476326,28.10504540846669,27.638636201512423,0.4664092069542676,0.06632069671526476,0.2724861584144024,1.1783509200632472,2.6263368522148482,non significant
P10860,28.198903075844825,28.17783507179898,27.677820148919974,0.5000149228790072,0.06886995637505867,0.28190426172925137,1.1619701921138128,2.474289161762864,non significant
P47858,30.371074402421524,30.23237251674176,29.70919554215857,0.5231769745831869,0.07035703012550476,0.282716710797358,1.1526925010412823,2.3884707222706756,non significant
P04903,27.541433864637785,27.530339772263176,27.277217618758275,0.25312215350490064,0.06980678513846256,0.282716710797358,1.1561023624058024,,non significant
P18445,26.967236581781474,26.84791034792818,27.142455585594263,-0.29454523766608176,0.07031572068297937,0.282716710797358,1.152947567688545,5.962027141283144,non significant
P62828,25.31767881251157,25.382001974933615,24.901450847958742,0.48055112697487345,0.06986063475808252,0.282716710797358,1.1557674726537086,2.5577404465127853,non significant
O35567,27.1298539847716,27.145117744617888,26.88118977662863,0.26392796798925744,0.07021855039518254,0.282716710797358,1.153548140434203,,non significant
P62260,28.914844587130045,28.80917482241502,28.392981182764117,0.4161936396509027,0.0711386421588445,0.2833564224223412,1.1478944285591366,2.9470889990331495,non significant
P30009,26.31349031202142,26.446154274255992,25.885109778460176,0.5610444957958158,0.07099735807943328,0.2833564224223412,1.1487578117438997,2.2724289652181286,non significant
O35509,27.387777592777468,27.40964820348135,27.11563218551862,0.29401601796272914,0.0712911327151925,0.2833564224223412,1.1469644849075797,6.014098032381825,non significant
Q6AYH5,28.31355574405518,28.296813527265257,27.83450691820724,0.4623066090580181,0.07188677349118434,0.28469238454811996,1.1433510084794427,2.647683822902819,non significant
A0JPJ7,27.66432860684893,27.74866575259423,27.349673377324525,0.39899237526970666,0.07264551601804983,0.28666234198489443,1.138791186991789,3.09750176814343,non significant
P14669,25.189254770967533,25.07191454635654,24.647859441724748,0.4240551046317904,0.07443154359047194,0.2898951171984781,1.128242974345855,2.8867014938174527,non significant
P80254,25.989888472928314,26.206809208243612,25.55232575206529,0.6544834561783226,0.07525067533270235,0.2898951171984781,1.123489598166677,2.070055079305857,non significant
P81155,27.850505448537383,27.810439701568157,27.258517162409245,0.5519225391589124,0.07430240860201469,0.2898951171984781,1.128997107832836,2.29804991976763,non significant
P09495,27.575454781938593,27.51154791191058,28.148873157762154,-0.6373252458515744,0.07549461273254579,0.2898951171984781,1.1220840383576272,2.1006468809881746,non significant
P50399,28.390166848086846,28.31502325267707,28.043945665991455,0.2710775866856139,0.07485715268829898,0.2898951171984781,1.1257666959936676,,non significant
Q63170,30.480262574327188,30.554747724533346,30.274230835731448,0.2805168888018983,0.07584311635001204,0.2898951171984781,1.1200838303929854,8.954713996177992,non significant
F1LX07,28.302020324852133,28.265501909351077,27.995605414931465,0.26989649441961205,0.07560413692954722,0.2898951171984781,1.1214544399945767,,non significant
P61980,30.6025317469845,30.39597211322703,30.83695388288912,-0.4409817696620877,0.07566382783010424,0.2898951171984781,1.1211116915465695,2.7709947692248242,non significant
Q63633,27.77151548041954,27.788230875163876,27.607899136078874,0.18033173908500189,0.07497886277507264,0.2898951171984781,1.125061150927753,,non significant
O08560,28.27678235702679,28.141143893327335,28.679305207361992,-0.5381613140346566,0.07634489234584721,0.2907998156367861,1.1172200129653158,2.339373997540925,non significant
Q62717,29.45925348733879,29.37876738422027,29.079434966040086,0.2993324181801853,0.07766256496696493,0.2922297123300088,1.109788270078876,5.557518648390595,non significant
Q3KRE0,30.658584719319638,30.786364197081568,30.261785603585377,0.5245785934961908,0.0776816930948896,0.2922297123300088,1.1096813174234967,2.383681222417179,non significant
Q05546,28.36160474065004,28.27771275595751,27.974930461880476,0.3027822940770335,0.07824212791016279,0.2922297123300088,1.106559346780336,5.321603514390053,non significant
O08839,29.187722542693784,29.15354395155924,28.950324698618758,0.2032192529404817,0.07728229158751972,0.2922297123300088,1.1119200086285466,,non significant
Q00715,28.563053790486393,28.442926684410708,28.027882346023276,0.4150443383874318,0.07858501835674804,0.2922297123300088,1.104660241049106,2.956318911821352,non significant
P10760,28.038768817458845,27.917019242300324,26.49124781146035,1.4257714308399727,0.07835312027164969,0.2922297123300088,1.1059437038568256,1.5832671269740044,non significant
Q66HD0,29.213160399702723,29.179411225752393,28.61134589552007,0.5680653302323222,0.0783812943246563,0.2922297123300088,1.1057875692144508,2.253590950966153,non significant
Q63564,27.753228640697383,27.725664036838555,27.12695645610557,0.5987075807329845,0.08012853565437292,0.2949698107813661,1.096212793899879,2.179269415802473,non significant
Q7TPB1,28.026065820062854,27.98872544822106,27.658987945347018,0.3297375028740426,0.08003405700844222,0.2949698107813661,1.0967251677152936,4.210677842499047,non significant
Q68FS4,28.60009415851386,28.647314911869262,28.264681897223994,0.38263301464526833,0.0799468041788003,0.2949698107813661,1.0971988922085851,3.270128713497487,non significant
P15999,31.176325737849087,31.099482734858658,30.675700194570563,0.42378254028809437,0.08290967038783144,0.3006158683957778,1.0813948114143055,2.8887185153065786,non significant
Q6IG01,26.732481494525288,26.711544264123372,26.381364687897687,0.33017957622568517,0.08213454050797502,0.3006158683957778,1.0854741681254139,4.198457997726342,non significant
P19629,28.505369304412042,28.432699761061368,27.884628803787773,0.5480709572735947,0.08253578457245417,0.3006158683957778,1.0833577160216352,2.309279558199418,non significant
Q5PQK1,29.352310437120693,29.234948080240457,29.62332410360756,-0.3883760233671012,0.08303245954778549,0.3006158683957778,1.080752097422881,3.2056610372909855,non significant
P46462,29.632432246165543,29.64625423331772,29.22381414039638,0.4224400929213381,0.08225703917539103,0.3006158683957778,1.084826926882905,2.898730660085381,non significant
Q53B90,27.014095926435516,26.937691524668832,27.227468126925444,-0.2897766022566124,0.08422457994743845,0.3029323416470163,1.0745611462947733,6.508973702901385,non significant
Q06647,28.039330888760272,28.03954661793,27.818394061463376,0.2211525564666239,0.0841033482736816,0.3029323416470163,1.0751867139780948,,non significant
P59649,25.540898737169098,25.447096872078557,25.792655177240317,-0.34555830516175945,0.08512525666317716,0.30517126326635735,1.0699415656256077,3.8364282951967126,non significant
Q5XII0,28.6629733959265,28.336363211384413,29.16235002680243,-0.8259868154180161,0.08571895372365906,0.30530419556770777,1.0669231385496505,1.8572036630518276,non significant
P63102,30.850449338642346,30.73496907161182,30.20775902421372,0.5272100473980998,0.08556414315827936,0.30530419556770777,1.0677081943294262,2.374802893890857,non significant
Q6P7B0,26.950761770236735,26.912088155079307,26.496908481672346,0.4151796734069606,0.08888990357210076,0.3155735411605001,1.051147564923329,2.9552264792837306,non significant
P10960,27.9012236867986,27.874811795345554,27.542467023584774,0.3323447717607806,0.09153068984239615,0.31813896799812724,1.0384332644639216,4.140309577587906,non significant
P24329,25.07303576270796,25.06040468835781,24.729982727845435,0.3304219605123748,0.09170177087647723,0.31813896799812724,1.0376222774765855,4.191809243636721,non significant
Q03343,27.242217449422437,27.192731239322224,26.766775849294476,0.42595539002774885,0.09206822352344136,0.31813896799812724,1.0358902365749174,2.8727846603830196,non significant
P21670,26.865882045015073,26.878956515748623,26.570291955165626,0.3086645605829972,0.0917974324653727,0.31813896799812724,1.0371694656583932,4.990966097960786,non significant
D3Z987,31.667009462843005,31.78835175501456,31.122877298326085,0.6654744566884752,0.091361354412076,0.31813896799812724,1.039237470729896,2.0516579153014036,non significant
P62804,29.19092862794294,29.04474377169642,28.525657341133655,0.5190864305627656,0.09222259965670417,0.31813896799812724,1.0351626396459062,2.4026955928789837,non significant
P45592,29.17913078507127,29.10658674445429,28.705082789297254,0.4015039551570361,0.09158991182406753,0.31813896799812724,1.0381523590877937,3.073771723106325,non significant
P63018,30.638225987170777,30.520836644491435,30.232553253294885,0.28828339119655055,0.09024406683628035,0.31813896799812724,1.0445813414994976,6.728011203929337,non significant
O88794,24.47413367159891,24.335647300823513,25.023757681105508,-0.6881103802819943,0.09102055531779409,0.31813896799812724,1.0408605191842955,2.0164077635095956,non significant
P14668,27.480144294051627,27.44795558855097,27.20332904235815,0.2446265461928192,0.09256700527216871,0.31832603380429175,1.0335437863388814,,non significant
P15865,27.844120130351584,27.724801110655918,27.556163421222163,0.1686376894337549,0.09312290240631624,0.31923694981165285,1.0309434966181141,,non significant
Q00729,31.686816851572836,31.788881208685904,31.108576289073266,0.6803049196126381,0.09385195438384572,0.3207339375672235,1.0275566791504438,2.028183503491395,non significant
P62142,27.051052780214967,27.129382518170683,26.73848489758863,0.39089762058205224,0.09562948506868868,0.32491490765609604,1.0194081827412864,3.1787442939646082,non significant
G3V7L1,31.09166669263126,30.930389156050534,31.232282491727045,-0.30189333567651033,0.09566774400448406,0.32491490765609604,1.0192344672619618,5.378875731243469,non significant
Q52KK3,26.369944031524867,26.45647629896249,26.04021347356326,0.41626282539922954,0.09667656015364683,0.3269578279587081,1.0146788106109614,2.9465367792162427,non significant
Q9EQT5,27.117986383760584,27.032004547371667,27.67856787101647,-0.6465633236448021,0.09686535468238844,0.3269578279587081,1.0138315269812428,2.0838803487810305,non significant
D4A055,27.32576352120968,27.499902534392465,27.11833931219252,0.38156322219994365,0.09813509310266243,0.3298667789333394,1.0081756611677546,3.2826541542568397,non significant
Q9ES40,23.872173399503783,24.0407805890225,24.452655817978172,-0.4118752289556724,0.0983285658260729,0.3298667789333394,1.00732029520546,2.9823352959872387,non significant
D3ZAF6,28.307033377514923,28.131937357461954,27.865858182011454,0.26607917545049986,0.09922377570211978,0.3318551278817848,1.0033842510410445,,non significant
P80432,23.699493073097265,23.8489872816406,23.051752177005586,0.7972351046350141,0.09959654688412124,0.3320893979692432,1.0017557187567105,1.884285255895043,non significant
Q04666,28.04200043563668,27.962174416170104,27.191342073830842,0.7708323423392613,0.10065626147643929,0.33277945267607567,0.9971592039836275,1.9115786567834194,non significant
P68136,30.597186645512487,30.511874841944806,30.079051949203787,0.4328228927410187,0.10054830647190106,0.33277945267607567,0.997625239797246,2.824521121977203,non significant
Q5I0P2,22.518963851321462,22.42502359978508,21.765557472353137,0.6594661274319442,0.10071356270597732,0.33277945267607567,0.9969120407498374,2.061604546619132,non significant
P85970,26.788896268685804,26.596561552187012,26.930320124605114,-0.3337585724181018,0.10127721660268389,0.3328631673427803,0.9944882428589681,4.1037908890324495,non significant
P21575,30.25546443037999,30.224550647351887,29.941627342030987,0.2829233053208995,0.10195262007946598,0.3328631673427803,0.9916016088124441,7.9124716219843245,non significant
Q9Z269,26.345505959797183,26.266431872677572,26.60401226540111,-0.3375803927235381,0.10177824265561183,0.3328631673427803,0.9923450521025301,4.010314072692231,non significant
D3ZHV2,32.51856346389515,32.55776287042509,32.177612605614854,0.38015026481023284,0.10181706269869475,0.3328631673427803,0.9921794359978451,3.2994601659156824,non significant
P15385,25.0883727457344,25.28381625032195,24.73167587493623,0.5521403753857221,0.10324769134189624,0.33609114956100944,0.9861196505547059,2.2974222916561966,non significant
P62870,22.409726550429728,22.46359479945299,21.823458191057835,0.6401366083951565,0.10404115835400281,0.3376720435335535,0.9827948211825179,2.095468987683692,non significant
P48037,30.680582886363982,30.588604468349043,30.36123536757944,0.2273691007696037,0.10468248221079358,0.3387512772425975,0.9801259880032143,,non significant
P25113,28.306534948668414,28.200699892266584,27.80250427808346,0.3981956141831233,0.10511695999374954,0.33915677974453895,0.9783272074972932,3.105169569886404,non significant
P18298,26.83650521016512,26.742668543368996,26.32815384647547,0.4145146968935265,0.1055435057345407,0.3395343864832585,0.9765684843878156,2.9606086387236616,non significant
Q63768,27.035363813431797,26.985290123876172,26.768416308633473,0.21687381524269966,0.10600304120704836,0.34001560293605865,0.9746816747305808,,non significant
D4ACE5,28.60522293303664,28.541823249817597,28.723743611663295,-0.18192036184569815,0.10840753304613884,0.3447045326133748,0.9649405384000309,,non significant
P62494,23.990858820474042,23.876075579046873,24.37560843698765,-0.4995328579407783,0.10823327619806941,0.3447045326133748,0.9656391953533136,2.4762206257531867,non significant
P62898,26.899307881563175,26.750443665132007,26.149080262460526,0.6013634026714811,0.10818489157937657,0.3447045326133748,0.9658333858269987,2.173370714369134,non significant
P62775,22.513829211295025,22.54537360481271,21.72985427124834,0.8155193335643709,0.10907265052136236,0.34518292187698596,0.9622841331575271,1.866767801811862,non significant
Q9JI12,26.63766553786214,26.423736111258652,26.6973118245035,-0.2735757132448491,0.10918730527922892,0.34518292187698596,0.9618278521776926,,non significant
Q63754,27.207833179432455,27.20328258230046,26.69140153545511,0.5118810468453496,0.11035632848273615,0.3452646691577173,0.957202756781219,2.4286851502940783,non significant
Q9QYJ4,29.13929881204365,29.29209632980661,28.789293137603195,0.502803192203416,0.11037499873197136,0.3452646691577173,0.9571292884037099,2.463242039533014,non significant
P13264,27.44619036587527,27.387850210606853,26.962256526251725,0.42559368435512823,0.10986171447018878,0.3452646691577173,0.9591536277875121,2.8754141835278153,non significant
Q711G3,27.360790505434814,27.279544333244733,27.04676121263866,0.2327831206060722,0.1104721047168266,0.3452646691577173,0.9567473717252329,,non significant
P97544,22.769405861551764,22.755411443380495,22.28966144186306,0.46575000151743495,0.11528788406235746,0.346792779039629,0.9382163315721259,2.6297203776995675,non significant
P39052,28.10376753748968,28.00663171822842,28.545490671983984,-0.5388589537555646,0.11358639704424196,0.346792779039629,0.94467367604012,2.3371964429709973,non significant
P10719,30.36160108752478,30.255651647500034,29.832820961779998,0.42283068572003657,0.11528878122027811,0.346792779039629,0.938212951952303,2.895804142862805,non significant
P52759,24.656493601189105,24.620283536712567,23.252221869549277,1.368061667163289,0.11432670798062419,0.346792779039629,0.9418523017686716,1.5973254341604408,non significant
Q9JJ79,31.185899847631298,31.15442396904906,30.63248073325531,0.5219432357937492,0.11345347220811788,0.346792779039629,0.9451822081285379,2.392721970745819,non significant
P55063,25.852324827432447,25.87914129517677,25.64921169199533,0.2299296031814393,0.11519266409742107,0.346792779039629,0.9385751775400121,,non significant
F1LTE0,29.05792999715336,29.103750150228976,28.793856140215027,0.3098940100139487,0.11490829795635903,0.346792779039629,0.9396486081564989,4.930622578067807,non significant
P24050,27.1491644762386,27.086481092548073,27.339226162841744,-0.25274507029367044,0.1155932990532778,0.346792779039629,0.9370673412488382,,non significant
Q9EQX9,26.753413461671602,26.733159940268234,26.300268948749874,0.4328909915183594,0.11303419627509394,0.346792779039629,0.9467901493761299,2.8240577923542585,non significant
Q8R491,27.843302016771087,27.791368478320603,27.438304660749253,0.35306381757134986,0.11355576691896413,0.346792779039629,0.9447908052796825,3.694234855266006,non significant
P12928,27.10717442664459,27.01098098438383,27.264072870424485,-0.2530918860406537,0.11565910745691384,0.346792779039629,0.9368201634765954,,non significant
Q6P730,28.085847187661702,28.006528021546586,27.81539798835652,0.19113003319006694,0.11364639495181213,0.346792779039629,0.9444443362466852,,non significant
O35353,28.135780061269717,28.026384569939236,27.78415975123879,0.24222481870044632,0.11570296912352254,0.346792779039629,0.9366554962131873,,non significant
P31000,28.979463549720794,28.878017156387454,29.058240296935306,-0.18022314054785227,0.1142321609277594,0.346792779039629,0.94221160758671,,non significant
P84076,27.432096951107255,27.374095849285556,26.974674410765683,0.3994214385198731,0.11491906684627184,0.346792779039629,0.9396079091781783,3.0934008239901303,non significant
P30904,27.46600425509929,27.36905623651809,26.883146762439267,0.4859094740788237,0.11609124609159904,0.34700843858987507,0.9352005271817293,2.5335917488709523,non significant
P40112,26.20949189155251,26.2310333115765,25.922852490706205,0.3081808208702945,0.11766602414041706,0.34886386076226356,0.9293489208307057,5.015439869915014,non significant
Q63413,26.39359281780683,26.28185015014203,26.598810875554722,-0.3169607254126916,0.11728538322055773,0.34886386076226356,0.9307561087898404,4.6272970582827355,non significant
P16036,28.73178598413906,28.741424548509467,28.313711344559163,0.42771320395030443,0.11766369644742061,0.34886386076226356,0.9293575122166253,2.8601335675438455,non significant
Q5HZY2,25.54174976782305,25.421769131666867,24.98523726926746,0.43653186239940567,0.11806090021007147,0.3490911254189984,0.9278939096225652,2.799700593326697,non significant
Q6IG02,25.199187580467758,25.47345780488297,24.91507984940613,0.5583779554768391,0.12013454792540024,0.3542677394466776,0.9203320815583151,2.2797809029530685,non significant
P27139,26.64908755141206,26.423845150531946,25.815644849862707,0.6082003006692389,0.12056115627918416,0.35457262315888743,0.9187925954374432,2.1585440571653476,non significant
P05370,27.20117454525585,27.19541273397118,27.063465394132468,0.13194733983871387,0.12151414883006988,0.3564198429587878,0.9153731508634467,,non significant
Q9WVC0,27.640641594680062,27.555611006620694,27.211013977588262,0.34459702903243183,0.12220238262851528,0.35748270331595,0.9129203263984649,3.856030508364795,non significant
Q4V882,26.29513548328445,26.255289015839395,26.585084858685963,-0.3297958428465684,0.12354718245807968,0.36045547648008885,0.90816715440485,4.209058228266843,non significant
P51635,26.04272926157289,26.28314951636221,25.75651245361557,0.5266370627466408,0.12441321265689255,0.3620193482350428,0.9051334952137534,2.3767236080689456,non significant
P62716,27.826385939225943,27.685640016545836,27.853819045251033,-0.16817902870519674,0.12651931910333844,0.3671737911543976,0.8978431540188707,,non significant
P05712,27.29094560161436,27.19159139504099,26.898363301689,0.29322809335199196,0.127531959702596,0.36725865042674716,0.8943809667345703,6.095018232774961,non significant
P62168,25.720178240599864,25.57676389380931,25.982050908799906,-0.40528701499059494,0.12766167210914012,0.36725865042674716,0.8939394714915427,3.0392402363359827,non significant
Q9QXU9,26.525983994151733,26.446083652807378,25.865630674097773,0.5804529787096051,0.12788769777850265,0.36725865042674716,0.8931712306885021,2.2220788885762706,non significant
P84092,28.99055001538155,28.912122354708952,29.337155754437656,-0.42503339972870435,0.12774597480351482,0.36725865042674716,0.8936527753275972,2.879505295719334,non significant
P47942,30.859903139092623,30.742775978320154,30.291982931122536,0.45079304719761737,0.12898139449988769,0.3689323601011725,0.8894729319394404,2.7115136578550776,non significant
Q09073,29.170167648438575,29.128755414495576,28.871878402250484,0.2568770122450914,0.12914314154863285,0.3689323601011725,0.8889286531118349,,non significant
P82471,26.890431112894216,26.77893176068535,26.971982974007318,-0.19305121332196862,0.1297213460127985,0.3695831530063932,0.8869885536554157,,non significant
Q64541,30.746287638654728,30.647398669826174,30.53451735654227,0.1128813132839035,0.13004475575247748,0.3695831530063932,0.8859071566836632,,non significant
Q05683,28.029140552477017,27.959089182302943,28.536374885616052,-0.5772857033131089,0.13149882081368977,0.3727498874227847,0.881078141595545,2.2299355107610785,non significant
P63326,28.005435960956913,28.004788944175033,27.738786463113744,0.2660024810612889,0.1330214559884483,0.37564815104857313,0.8760783028987391,,non significant
Q9R1Z0,27.262036287116377,27.1250490687259,26.704181951857226,0.4208671168686742,0.1332061356042798,0.37564815104857313,0.8754757706783866,2.910629387325722,non significant
Q07310,32.16506514539787,32.121243384374075,31.62633591386341,0.49490747051066464,0.13577239852444306,0.38190338764439496,0.8671885097822727,2.4950845274531885,non significant
P36877,25.599688044925873,25.617047469580978,25.23948050532685,0.37756696425412883,0.13867892873940726,0.3862708639679101,0.8579895218206672,3.3309871056431857,non significant
P05197,29.12418396625555,29.03831455567656,28.88221975961747,0.15609479605909016,0.13908568028014995,0.3862708639679101,0.8567175809744743,,non significant
P49803,28.668784434884213,28.561247581447816,28.314983427500735,0.2462641539470809,0.13875438868253892,0.3862708639679101,0.8577532716253445,,non significant
O35764,28.86796234355443,28.84127617916367,28.625819899800835,0.2154562793628365,0.13872655238884476,0.3862708639679101,0.8578404066101251,,non significant
Q6GQP4,25.143063197325706,24.998745948237882,25.436590357484704,-0.43784440924682144,0.13785519654077263,0.3862708639679101,0.8605768582383257,2.7911146406581397,non significant
P10111,30.04721435926622,29.913020271492964,29.57193320730954,0.34108706418342294,0.1427188756088649,0.3943927959750773,0.845518584484131,3.9306270921319117,non significant
P52296,25.99586193669945,25.849560572450788,25.564154472626573,0.2854060998242147,0.14272920692990493,0.3943927959750773,0.845487147343755,7.258133204683195,non significant
Q9ESM2,26.268887756417822,26.33323819172121,25.720787101167314,0.6124510905538969,0.1438305121659236,0.39562719343798125,0.8421489730655686,2.14957712367115,non significant
P13233,31.626878978291074,31.429193268858153,30.804153526302233,0.62503974255592,0.14389721985574705,0.39562719343798125,0.8419475967025302,2.1240883642800283,non significant
Q63269,30.333921946484644,30.198999532262985,30.49600027930502,-0.29700074704203416,0.14595939721700413,0.39582546383870515,0.835767938852672,5.741145214903962,non significant
P38718,26.72337262620407,26.772172375468404,26.528948808080486,0.2432235673879184,0.14649511241432478,0.39582546383870515,0.8341768646402314,,non significant
P54290,27.571066690053026,27.58322110381205,27.388770664009986,0.19445043980206478,0.14450598912581858,0.39582546383870515,0.8401141529739187,,non significant
Q641Z6,28.104282808849902,27.99489461512377,28.22641737414317,-0.231522759019402,0.14648883037616464,0.39582546383870515,0.8341954885585424,,non significant
P53678,26.00279384327149,25.86677900740985,26.07684416281776,-0.2100651554079107,0.145219708230427,0.39582546383870515,0.8379744401448802,,non significant
P07825,27.533687194147152,27.48101620117521,27.09007034714857,0.39094585402663995,0.14646881167544212,0.39582546383870515,0.8342548419258845,3.1782372541269837,non significant
P20788,26.831048786605308,26.74590111964641,26.465155261283428,0.28074585836298027,0.1462077514129034,0.39582546383870515,0.8350296020251339,8.822902470926527,non significant
P31016,28.121185332068332,27.998794598734516,28.190360979540603,-0.191566380806087,0.14765702462991645,0.3970092059289665,0.8307458870975438,,non significant
Q5HZV9,30.909729505172304,30.771240097088107,30.184171667792146,0.5870684292959609,0.14732867631421945,0.3970092059289665,0.831712713083253,2.206090588183316,non significant
Q6AY84,25.88709794485315,25.736533684479294,25.31154157929394,0.42499210518535335,0.1488844830384702,0.3983567753492727,0.8271505627040144,2.8798076900861656,non significant
Q9Z2L0,29.426087204817936,29.35345940887241,29.018868339191826,0.3345910696805845,0.1486367511497407,0.3983567753492727,0.8278737959039866,4.082794750935841,non significant
Q62745,24.116722536965156,23.654830502815397,23.178443206046182,0.47638729676921443,0.14932904814088163,0.3985741260597255,0.8258557031911914,2.5771779449953947,non significant
Q9EPC6,26.371330070992016,26.40083018619063,26.12092298249813,0.279907203692499,0.1497753109342386,0.3987949419778149,0.8245597701393074,9.365383235627812,non significant
Q63416,29.674855791930085,29.46239316629912,29.87016230105364,-0.4077691347545205,0.1504052970913162,0.39950268985272125,0.822736868152502,3.017336036257016,non significant
Q9JK11,26.864538517147327,26.909505609571127,26.680953568617355,0.22855204095377246,0.1511574640105241,0.400530768163152,0.8205704029119057,,non significant
Q4QQT4,28.047339428645284,27.875491862702106,28.16177662029682,-0.2862847575947143,0.1523019757834807,0.4025910058662128,0.8172944626107908,7.077235407065083,non significant
Q99NA5,27.69781626648803,27.55275408184302,27.006547200266272,0.5462068815767473,0.15512538583779453,0.40906862563476104,0.809317125286821,2.3148060959147867,non significant
Q5BJS7,27.261653308012413,27.098567442904297,27.482649745365972,-0.38408230246167463,0.15621838212962372,0.4109629860820077,0.8062678642631355,3.2534262161210417,non significant
P61314,28.922943103587144,28.877113929622592,28.642508081104296,0.2346058485182958,0.1568465176448092,0.41162830109176,0.8045251192004236,,non significant
P08413,27.08558275490242,26.913602599065637,27.259353880279903,-0.345751281214266,0.158132178398934,0.4140119324668988,0.8009797462656586,3.8325340095368117,non significant
P29995,28.67563157059552,28.69740202745918,28.523007672529573,0.17439435492960698,0.1597033799013239,0.4171300184565532,0.7966858925217456,,non significant
P60868,28.620887648468038,28.498102690828514,28.74491432434233,-0.24681163351381485,0.161679776106471,0.4210732845727829,0.7913443009016559,,non significant
P46101,26.711402969589635,26.580807238044457,26.327394898900042,0.25341233914441474,0.16212207312575116,0.4210732845727829,0.7901578513816311,,non significant
A2RUW1,26.522689034944374,26.42604626001533,26.61435239501638,-0.1883061350010493,0.16236463024091813,0.4210732845727829,0.7895085721650038,,non significant
P57790,27.633189173028214,27.584335511359125,27.911261270973025,-0.3269257596138999,0.16351736732431624,0.42167588584159205,0.7864361137526111,4.291361540133867,non significant
Q64542,29.361762388340903,29.321464317415217,29.905380486859883,-0.5839161694446666,0.16413455173597064,0.42167588584159205,0.784799986596179,2.2136391255384003,non significant
P97829,26.1452079465593,25.856010754869843,25.607154191829903,0.24885656303993997,0.16331495423590625,0.42167588584159205,0.7869740464649013,,non significant
P62882,27.612633513819627,27.509284516694635,27.307171607683344,0.20211290901129075,0.1639084226785292,0.42167588584159205,0.7853987289870203,,non significant
Q9JLT0,30.690275615196622,30.685571767876976,30.545251862485472,0.14031990539150385,0.16491438821301715,0.42268944829364447,0.7827414520030244,,non significant
P37397,26.291091765547215,26.43755688069504,26.15789686242573,0.2796600182693112,0.16674892037094777,0.4250569280571432,0.7779369692762277,9.56480831016319,non significant
P00762,28.76115220087866,27.923823824751107,27.264202229782068,0.6596215949690389,0.16700048859856764,0.4250569280571432,0.7772822582215702,2.0613438584018855,non significant
P62982,28.324636066548468,28.1951532662687,27.666101572436133,0.5290516938325673,0.16630367395509352,0.4250569280571432,0.7790981563078463,2.3686759081884627,non significant
Q63610,27.582275899598176,27.61141436450104,27.34914381226382,0.2622705522372222,0.16814105446592686,0.4269692980303745,0.7743262333117582,,non significant
P68511,27.277041275812724,27.25646379723311,26.925714500702863,0.33074929653024654,0.1694703848843847,0.4291115388734773,0.7709061842161963,4.182887083965247,non significant
P70580,26.271154164233316,26.442093521472472,26.14152871666309,0.3005648048093832,0.1697670080866811,0.4291115388734773,0.77014670512892,5.468857835897049,non significant
D4A3K5,28.56543271908698,28.43960077504713,28.558815564945423,-0.11921478989829382,0.17104433479358738,0.4293721630859619,0.7668913056275808,,non significant
Q9Z2A6,28.801865799329164,28.715816520375615,28.470180362377963,0.2456361579976516,0.17069320777736016,0.4293721630859619,0.7677837599836921,,non significant
Q1WIM3,26.0219684902437,25.984690482572688,25.324901932644153,0.6597885499285354,0.17070596751046138,0.4293721630859619,0.7677512966265423,2.0610641066736006,non significant
Q6IG03,28.789313668805665,28.8087148962552,28.496097771324827,0.3126171249303731,0.17596394566879325,0.44040372199470856,0.7545763083286583,4.805629725793815,non significant
P85108,31.519385862232074,31.45997490088404,30.99525762818401,0.46471727270002816,0.17624178118110945,0.44040372199470856,0.7538911266538268,2.6350565471425513,non significant
P51650,28.01892263644305,27.84390327167635,27.71376510273842,0.13013816893792907,0.17680268762817583,0.44080124620024747,0.7525111374382484,,non significant
P34058,28.305530723769742,28.16890417250214,27.81258969313743,0.35631447936470906,0.17749812540408977,0.4415316180686768,0.7508062292621754,3.63799382822455,non significant
P63036,26.638089901349577,26.510106001962242,27.06108434978114,-0.5509783478188979,0.17869647263037147,0.44250571213435097,0.7478840201428437,2.3007795119672783,non significant
P11762,24.56234084526603,24.509355209979418,23.662286867295943,0.8470683426834746,0.17865239053088539,0.44250571213435097,0.7479911681689226,1.838888108981094,non significant
P11506,29.654057675614514,29.642432368966336,29.406591368879432,0.23584100008690356,0.17978175410621305,0.4435908741118056,0.7452543865353819,,non significant
P56574,26.67178145467965,26.52592578162653,26.10701224615531,0.41891353547121923,0.18030431972132133,0.4435908741118056,0.7439938683488121,2.925664813814542,non significant
Q62871,26.944816355877567,27.01801759409139,26.734108110334375,0.2839094837570144,0.18034779385037858,0.4435908741118056,0.7438891659293,7.621030701927061,non significant
Q6AXX6,26.48798927971508,26.60752624741572,26.26251343659339,0.34501281082232893,0.18195230294701673,0.4445471633248939,0.740042443233272,3.847510027499496,non significant
P16617,29.63674100584667,29.496796182373853,29.223299053435284,0.27349712893856903,0.18114994778050286,0.4445471633248939,0.7419617868220623,,non significant
P35467,23.706033491735386,23.58552556148857,23.153161438302362,0.43236412318620765,0.1817008087346354,0.4445471633248939,0.7406431396803651,2.827650060148546,non significant
Q5I0D1,27.417680858410286,27.444816706335974,27.247036456939938,0.1977802493960361,0.18308380221850756,0.44631762451933954,0.7373500768795966,,non significant
Q62950,28.281757996954816,28.211401568540143,27.995558558969773,0.21584300957037073,0.1842474280080602,0.44815837810386266,0.7345985659367713,,non significant
P62824,27.699315783930995,27.61719239433593,27.388466550272444,0.2287258440634865,0.18534387791731227,0.4498279514940079,0.7320217545528943,,non significant
Q5FVI3,26.992198671802278,26.989068335346577,27.699670211660035,-0.7106018763134578,0.18594737416206883,0.45029640056465675,0.7306099501093957,1.9845097315185933,non significant
P04692,26.682035535163873,26.58035498125922,26.36553577600454,0.21481920525468112,0.18739905308629107,0.45035625307198723,0.7272326079009492,,non significant
O70127,28.190387425846627,28.09976319375532,27.904583144630553,0.19518004912476528,0.1868415157887726,0.45035625307198723,0.7285266180700322,,non significant
P12369,27.569456911495614,27.42020843723355,27.023570678044393,0.3966377591891579,0.1869811543813555,0.45035625307198723,0.7282021633064271,3.120362168255398,non significant
P62747,26.9973550113402,26.992394312704846,26.746565641072817,0.24582867163202948,0.1876142275787586,0.45035625307198723,0.7267342303244836,,non significant
P70566,27.647568845188417,27.13833576203518,28.04038622258257,-0.9020504605473896,0.1886295980391467,0.45180495425533607,0.7243901607156751,1.7963338305032461,non significant
Q5XI73,27.15660343105169,27.025916203944025,26.687937094787532,0.33797910915649254,0.1894474499196547,0.4527752779125516,0.7225112362231187,4.0009742833469675,non significant
Q68FY0,28.166022928903736,28.21072104957373,27.97460836586014,0.23611268371359273,0.19142556113614098,0.4556189592560882,0.7180000711611628,,non significant
P61589,26.490919994617897,26.428891107983265,26.07287992859281,0.3560111793904568,0.1914679491495503,0.4556189592560882,0.7179039145019185,3.6431175130197446,non significant
P50398,29.084881536018905,28.968873077183265,28.766814090355684,0.2020589868275806,0.1923514039631283,0.45574403919557616,0.7159046394522309,,non significant
P20786,27.38607850058366,27.420035943844127,27.18514932178967,0.2348866220544572,0.19221539888072098,0.45574403919557616,0.7162118228015271,,non significant
Q66HA6,27.512240645198453,27.538522271390278,27.251919400583805,0.2866028708064725,0.1946617715556821,0.4602240590443605,0.7107193285648931,7.016380024725766,non significant
P62859,25.42369820980063,25.081188916951643,25.459129826902995,-0.3779409099513522,0.1967890556348704,0.4642528903902211,0.7059990583922371,3.3263577184636213,non significant
P35571,28.14945586417027,28.06050759102749,28.271556880425436,-0.21104928939794476,0.1976772648872364,0.4653475527495672,0.7040432765729855,,non significant
Q02563,28.215128311384884,28.17593306239601,28.47314120186606,-0.297208139470051,0.19870742724082452,0.4667709800496456,0.701785899626863,5.723875883260814,non significant
P25809,28.833870276966667,28.73980308099919,28.396897692775184,0.3429053882240076,0.19943511631259894,0.46747932178401935,0.7001983692037315,3.8913738493519054,non significant
P97526,30.155129287894102,30.02019409881402,30.15935912901655,-0.13916503020253046,0.20081463893458243,0.46970929405381007,0.6972046312841059,,non significant
Q03114,27.09607988559402,27.05184177039342,27.19872458906462,-0.14688281867120168,0.2016980486530616,0.4707718284519331,0.695298303390145,,non significant
Q8CFN2,26.84852432578628,26.78681933603886,26.389605194762797,0.3972141412760628,0.20223804932134107,0.47103002145543765,0.6941371323467952,3.1147099313918893,non significant
Q71UE8,25.773645858009534,25.71830681752014,25.465119280730914,0.2531875367892269,0.20371514700711282,0.47346507683644656,0.6909766783290414,,non significant
Q4FZT9,28.117306281461417,28.581853910527872,28.015469669444,0.566384241083874,0.20438683766235935,0.4740219046841611,0.68954707583021,2.258034597094214,non significant
Q62951,29.70507322421755,29.557022182681536,29.061639785208726,0.49538239747280954,0.2048477129560275,0.4740884833602577,0.6885688804104813,2.4931194878043974,non significant
Q91Y81,27.701512423277546,27.356124888881386,27.157298612485942,0.1988262763954438,0.20572580817935235,0.4751183401531569,0.6867112229051258,,non significant
Q05982,25.946649731259303,25.7992586014482,25.390441258064286,0.40881734338391595,0.20727077152968515,0.4776807486724046,0.6834619360071582,3.008257571258842,non significant
P06349,27.911765599226115,28.0382822926302,27.651629127878127,0.38665316475207234,0.20948612008907244,0.4797625756528444,0.6788447467712808,3.2245263311838945,non significant
P62815,28.81424616685958,28.706102104971333,28.420480323625636,0.2856217813456965,0.2086984084122376,0.4797625756528444,0.6804808629633834,7.211845987399035,non significant
O35180,28.801220341396746,28.743918811780066,28.838037944001215,-0.09411913222114876,0.20905242075585692,0.4797625756528444,0.6797447991022117,,non significant
P84083,27.260303715650437,27.175940039475723,26.902156861843224,0.2737831776324988,0.21112996231432402,0.48251993470586135,0.6754501298169002,,non significant
Q9QUL6,32.15736887244777,32.15084445359101,31.815260757101168,0.3355836964898451,0.21254872335169678,0.4847524937979446,0.672541499226515,4.058232694984246,non significant
P16446,29.30766753802459,28.6010599883584,28.357856807657857,0.2432031807005437,0.21467223913094463,0.48656083951786416,0.6682241137927266,,non significant
P53812,30.90377898242456,30.770124964042996,31.070177637633876,-0.30005267359087995,0.21423924792737162,0.48656083951786416,0.6691009648912792,5.505061944069229,non significant
P61107,28.57385394860196,28.347106549218804,27.438345116370815,0.9087614328479887,0.21422685542526526,0.48656083951786416,0.6691260870432588,1.791595270026325,non significant
P27605,26.74715994298594,26.639257354608358,26.337507091176942,0.30175026343141553,0.21631938228703315,0.4875541309509559,0.6649045658906212,5.38830610914862,non significant
Q3ZB98,28.580920321132318,28.388756290076582,28.569886671477935,-0.18113038140135274,0.21759933574977885,0.4875541309509559,0.6623424347121204,,non significant
Q5PPN5,26.007361936598212,25.91307792881582,25.58085545091083,0.3322224779049918,0.21822158459153995,0.4875541309509559,0.6611022949695663,4.14352091617108,non significant
Q9Z1Y3,25.721225832616575,25.509901117124986,25.824612253481103,-0.3147111363561166,0.21656474626252695,0.4875541309509559,0.6644122390761289,4.716713684000387,non significant
Q5FVH2,26.513225917949438,26.56384218839916,26.10013950811691,0.4637026802822497,0.21795236635629003,0.4875541309509559,0.6616384113909635,2.640341610804299,non significant
Q62812,30.58261718676312,30.502780989104874,30.654289711626905,-0.1515087225220313,0.21578055932758622,0.4875541309509559,0.6659876854968332,,non significant
P70550,28.109192849733798,27.97888171387608,27.620243210691935,0.3586385031841459,0.2169697374520896,0.4875541309509559,0.6636008365390016,3.599538817089778,non significant
Q5FVI6,28.117268247324592,27.98290798593804,27.79261011783206,0.19029786810598281,0.2205649578942841,0.4917881276626619,0.6564634846519679,,non significant
Q05695,27.85602598757994,27.73246541103366,27.48651874773373,0.2459466632999323,0.22157097343408858,0.49302912344258654,0.6544871343005023,,non significant
P62856,24.77569631670021,24.449982455495288,24.969344487012723,-0.519362031517435,0.2249562088656324,0.4960871043459176,0.6479020156619135,2.4017254344667465,non significant
Q9QYU4,25.27531705648096,25.476912539616777,24.9830633761369,0.49384916347987584,0.22514472162702726,0.4960871043459176,0.6475382303360776,2.4994869631814565,non significant
P07335,31.19416840146095,31.044739320019076,30.79637447962139,0.24836484039768436,0.22363166355389286,0.4960871043459176,0.6504667055567354,,non significant
Q63041,28.204509693882233,28.089606072173044,28.23756026527235,-0.1479541930993058,0.22420963445834646,0.4960871043459176,0.6493457293762118,,non significant
P04644,25.376203658841415,25.488625420242712,25.155232277595285,0.33339314264742725,0.22520636095192975,0.4960871043459176,0.6474193470031576,4.113124526917511,non significant
Q6IE52,29.377280499792434,29.21075886275804,29.4706539228291,-0.25989506007105945,0.22619253692434232,0.4972609479078227,0.6455217284381751,,non significant
P63331,23.19916468913242,23.190692205176806,22.87550471706687,0.3151874881099346,0.22693549074640915,0.49789646669762166,0.6440975789057324,4.697276286230971,non significant
Q08877,27.51014508872659,27.025494758969984,27.304412608646516,-0.27891784967653166,0.2284530780032766,0.5002256019353183,0.641202986214829,10.357942101443003,non significant
Q64428,28.492134515795474,28.444529798508388,28.03820092529512,0.40632887321326905,0.23158839965748285,0.5011965230809657,0.6352831983596186,3.0299754256121276,non significant
P68403,28.106277102835822,28.136821770565145,27.65144125286159,0.48538051770355395,0.2309432586996292,0.5011965230809657,0.6364947104136753,2.5359337602945264,non significant
P35427,28.411298907857127,28.39132508242449,28.308736901492793,0.08258818093169751,0.23099800954496544,0.5011965230809657,0.6363917623042294,,non significant
O55012,28.81931682821651,28.706029525043803,28.37886877832763,0.32716074671617434,0.23171757008119243,0.5011965230809657,0.6350410344016306,4.28441449697825,non significant
Q8K3E7,22.88670712365306,22.785529925022328,22.02269740436776,0.7628325206545661,0.2320946524385876,0.5011965230809657,0.6343348657619521,1.9203583605477865,non significant
Q8R431,23.336873500477274,23.619483685766454,24.0729748335601,-0.4534911477936454,0.22970262234341385,0.5011965230809657,0.6388340467606838,2.6960082869731665,non significant
P61751,27.805091829482198,27.765126319603866,27.549175500836977,0.21595081876688837,0.23121350320665573,0.5011965230809657,0.6359868060781028,,non significant
Q64361,26.801589331755295,26.49240773932245,26.733650349208393,-0.24124260988594415,0.23346266554779146,0.5012434954008068,0.6317825602497403,,non significant
Q10758,29.131063380256894,29.072466819905994,29.254997605874536,-0.18253078596854166,0.2333376272665255,0.5012434954008068,0.6320152226439811,,non significant
Q9Z270,27.357062521025966,27.382508632816137,27.91439622449053,-0.5318875916743941,0.23348717060146973,0.5012434954008068,0.6317369775820656,2.3593773863667917,non significant
P54287,26.407777281762556,26.21038850114476,26.556030705071155,-0.34564220392639555,0.2341061281494765,0.5015906691015151,0.6305872177144484,3.8347335447461397,non significant
D3ZQD3,28.489135497180502,28.485878213800834,28.3547713217268,0.13110689207403325,0.2347440140055018,0.5019769656219015,0.629405473470904,,non significant
P14841,26.783263860183297,26.80435744610503,26.602690011192454,0.20166743491257577,0.23600404739512795,0.5036895719697576,0.6270805489523614,,non significant
Q5XIA3,28.20580560773177,27.876244474585913,27.658094805883206,0.2181496687027078,0.23751299416712934,0.504143576456506,0.6243126254466597,,non significant
O88339,28.80924074001414,28.674991541039443,28.399734933403398,0.2752566076360452,0.23851459998261312,0.504143576456506,0.622485031727359,,non significant
P23565,31.002621067586198,30.807798767111876,30.504690877448578,0.3031078896632984,0.2378457993004916,0.504143576456506,0.6237045144426364,5.301175941750582,non significant
P49187,22.705953777776422,22.3954088236777,23.013152814576134,-0.6177439908984361,0.23764880052738624,0.504143576456506,0.6240643733559762,2.138670585813321,non significant
P50503,28.505973231811208,28.500690437984648,28.274861202880725,0.22582923510392305,0.23807674407282606,0.504143576456506,0.6232830254860054,,non significant
Q91XV6,22.79606364028509,22.499900892612043,21.85151479211982,0.6483861004922247,0.24168062678936958,0.5079112127603398,0.6167581614073532,2.080654738863317,non significant
P50554,29.368953730236456,29.29682106751663,29.112482404074246,0.18433866344238226,0.24122244032169085,0.5079112127603398,0.6175822933206137,,non significant
P04906,27.54212469228803,27.517608776696505,27.342050081526466,0.1755586951700394,0.2416861012405628,0.5079112127603398,0.6167483240569238,,non significant
P55053,26.024970164123722,26.06088002644711,25.930154680467965,0.13072534597914398,0.24355179597079935,0.5102274209345211,0.6134086635574875,,non significant
Q62645,27.17468961127013,26.544613544913318,26.9603102548198,-0.4156967099064808,0.24371847636252422,0.5102274209345211,0.6131115455870256,2.9510666606305733,non significant
P27881,29.686951255032103,29.62970900356031,29.759307291810597,-0.12959828825028552,0.24518234172486383,0.5107766067267809,0.610510811346141,,non significant
P60905,25.52878016593832,25.403708907825315,25.0588621783842,0.34484672944111594,0.2453776406062111,0.5107766067267809,0.6101650137514453,3.850905759492959,non significant
Q63345,29.403201136382503,29.31616210677592,29.092154369097457,0.2240077376784626,0.24448502496574315,0.5107766067267809,0.6117477368426771,,non significant
P12368,26.311787267241318,26.062288799332478,25.760384052475235,0.3019047468572431,0.2474522417281459,0.5141195249541213,0.6065086074589928,5.378126183246496,non significant
P05508,25.28621181303704,25.347440116487558,25.160023802202513,0.1874163142850449,0.24802652759819435,0.5143385647924749,0.605501866861724,,non significant
Q99MZ8,25.555419053558815,25.765870867402025,25.540566387366795,0.22530448003523063,0.25004022258259817,0.517536083345491,0.6019901231656865,,non significant
Q63198,31.61412867579755,31.548726608866,31.200896991939313,0.34782961692668835,0.25055921005668347,0.5176336222828282,0.6010896288293832,3.7914310548158836,non significant
P62138,22.322988905690973,22.37186268241822,21.640374049705247,0.7314886327129742,0.2518604065950317,0.519343733148026,0.5988400998651325,1.9573285812330001,non significant
P54690,26.477022483147273,26.407304538506818,26.024227526146333,0.3830770123604843,0.2524958437250485,0.5196771868037114,0.597745766306242,3.264979595639134,non significant
P35281,25.736402956895635,25.75589769891623,25.517818407471452,0.2380792914447767,0.2537958154247579,0.521374549664718,0.59551554281231,,non significant
Q2TA68,27.915527936631175,27.801240138027477,27.604217668868277,0.19702246915920085,0.2548459098367863,0.5218451780572654,0.593722332252116,,non significant
P20059,25.04600772738995,24.84056119784449,24.7451200075358,0.0954411903086907,0.255317086770546,0.5218451780572654,0.5929201196186011,,non significant
Q8VI04,27.519487172260256,27.39125834578333,27.15362654712312,0.23763179866021034,0.255452015147449,0.5218451780572654,0.592690667011996,,non significant
P62243,26.372799277869127,26.264809502332543,26.083186839369024,0.1816226629635196,0.25646219499371614,0.5220283558710137,0.5909766450382513,,non significant
P02688,31.12387323189445,30.90452326936178,30.251389086953477,0.6531341824083015,0.256493421891045,0.5220283558710137,0.5909237684588076,2.0723757864236774,non significant
Q75Q41,26.45891607726769,26.12328936075915,26.43857584984305,-0.31528648908390267,0.25942373562861953,0.52415460149926,0.5859902912397965,4.693271539819747,non significant
P29117,25.655010511375465,25.660393785751477,25.14322675825342,0.5171670274980578,0.2589749322727572,0.52415460149926,0.5867422718357225,2.4095002291666483,non significant
P56571,25.892345541018283,26.125020046527123,25.629501383459996,0.4955186630671271,0.25944936063272395,0.52415460149926,0.5859473952100331,2.492556885863528,non significant
P17764,27.04221150058595,27.566058931368946,26.82587238085374,0.7401865505152081,0.2584788691098559,0.52415460149926,0.5875749551003769,1.9466352325166514,non significant
Q9Z252,25.658951954108332,25.46475075521145,25.930123827356685,-0.4653730721452334,0.261295651276239,0.5259473934863013,0.5828678181427424,2.631662957664607,non significant
B0BN85,28.426403387523738,28.422415802508283,28.809459769329067,-0.3870439668207837,0.2610295672917706,0.5259473934863013,0.5833102965529962,3.220212412498838,non significant
P63259,30.01170101518602,29.84782340763243,29.525954647947856,0.3218687596845733,0.262960127091946,0.527623042492485,0.5801100990263807,4.450935998098618,non significant
P85834,26.84492759000579,27.10269283403397,26.551070110163167,0.5516227238708034,0.2630900676785682,0.527623042492485,0.5798955473297782,2.29891504357071,non significant
P63086,28.58627711847586,28.70504730620053,29.163831244443163,-0.4587839382426324,0.26366225320003056,0.5278056418986012,0.5789520408563031,2.666579582648324,non significant
P50408,27.95091817143544,28.018666576232505,27.710933709252277,0.3077328669802277,0.2643341370018483,0.5281867910583381,0.5778467469924593,5.03848885209616,non significant
P68255,28.906739760083443,28.776381427441525,28.60390780656807,0.17247362087345408,0.2656414005563013,0.5298338480186592,0.5757042386715997,,non significant
B0BNF1,28.244045355417104,28.15192346656404,28.449293971870034,-0.2973705053059952,0.2689048931374603,0.534415559033858,0.5704012950497973,5.710491927168478,non significant
Q80ZA5,28.69043605634393,28.607674523784315,28.979455687299104,-0.3717811635147896,0.26891284283198685,0.534415559033858,0.5703884560962447,3.405623989579645,non significant
P00406,25.295289582616842,25.264073733956547,25.08742277360572,0.17665096035082684,0.2719313240454895,0.5387477182907047,0.56554076270836,,non significant
Q5XI72,28.57277370316232,28.482481151082094,28.209914455165556,0.27256669591653804,0.27207496438746614,0.5387477182907047,0.5653114190015857,,non significant
Q6JEL3,27.920666796216054,27.671370522753588,27.97811754198158,-0.3067470192279913,0.2736875291912089,0.5409643595004616,0.562744991142428,5.090578029880604,non significant
P55161,28.99915064807156,29.06748274382441,28.952206391753176,0.1152763520712341,0.27821814409125917,0.5489304030002002,0.5556145507574773,,non significant
P12346,28.08463864733159,28.039228336420937,27.909936006036418,0.12929233038451926,0.27911765079506784,0.5493065860696141,0.5542126988015347,,non significant
O35964,25.25131616380937,25.30349970799962,25.046310591004403,0.2571891169952174,0.27941027805546464,0.5493065860696141,0.5537576224857104,,non significant
P63329,28.188732332859463,28.296334320403957,27.918005044680807,0.37832927572315,0.28162959382572417,0.551886561091545,0.5503217111779527,3.3215736591070115,non significant
Q63666,23.6640457184558,23.79370728073627,23.029364828870666,0.7643424518656055,0.28182962526873473,0.551886561091545,0.5500133568104592,1.918682002327445,non significant
O35331,27.463217172163304,27.303084285253917,27.40003674704145,-0.09695246178753436,0.2822318694369706,0.551886561091545,0.5493939475655627,,non significant
P04904,24.793206855331956,24.524422499444455,24.782714275687535,-0.2582917762430803,0.28363732366516575,0.5530151349740572,0.5472366211783842,,non significant
P11730,25.29185596626197,24.99906711277176,25.354965855546123,-0.3558987427743645,0.28381724794019525,0.5530151349740572,0.546961215440782,3.6450232311132544,non significant
Q6P9T8,27.233309073243614,27.015776957199915,26.3545043530372,0.6612726041627148,0.284561901767701,0.5534829897857589,0.5458232453607266,2.058586412215227,non significant
Q62847,26.85250595030366,26.65643548650802,26.52965708809494,0.12677839841308014,0.28625456744743777,0.5557898415749367,0.5432475750402012,,non significant
O08557,27.406271493089324,27.31566004057756,27.52074850986679,-0.2050884692892332,0.28780452434020953,0.5571609235743376,0.5409023831563875,,non significant
B2RZ27,26.88653626157343,26.668244032730843,26.271525506619316,0.3967185261115276,0.28797652111818545,0.5571609235743376,0.5406429190618638,3.1195679067494884,non significant
Q07647,27.07499548459507,26.836009116513917,27.14246073255433,-0.3064516160404125,0.28850016015649094,0.5571913304430819,0.539853941416184,5.106565884531754,non significant
Q6RJR6,29.365012954850034,29.26542242805355,29.10239844982217,0.16302397823137937,0.28905470549383877,0.5572812160399668,0.5390199563930859,,non significant
Q9R0I8,27.505445331303292,27.367327417337396,27.574909751444412,-0.2075823341070162,0.28958653456235595,0.5573270673945693,0.53822163619459,,non significant
P08934,31.43524525708481,31.352130371973242,31.000353390480825,0.3517769814924172,0.29041208520826856,0.5579370533686,0.5369853148656911,3.7173394652293466,non significant
B2GV06,27.564452466787408,27.71123657484253,27.46628179761005,0.24495477723247916,0.2927601171658981,0.5595084469181014,0.5334880877042739,,non significant
P35465,26.378898616805664,26.30530179206396,26.045859259220464,0.2594425328434973,0.29270108655209287,0.5595084469181014,0.5335756653943516,,non significant
P18163,27.63226437767077,27.385372957555763,27.160299189330804,0.22507376822495928,0.2919744767620017,0.5595084469181014,0.5346551111745083,,non significant
P21818,26.83719297230464,26.690313278098404,26.80355962664817,-0.11324634854976523,0.29605705906504187,0.5615949185649125,0.5286245793161611,,non significant
P48500,29.477408256275208,29.287465328288288,28.94803789312002,0.33942743516826823,0.2975416115663173,0.5615949185649125,0.5264522890618082,3.96766160036583,non significant
Q9Z0V5,23.898066895150237,23.89714381404299,24.249090868130263,-0.35194705408727245,0.2951811291900816,0.5615949185649125,0.5299114102317134,3.714257434611937,non significant
Q6P7S1,31.44284179454801,31.357567950114184,31.01318376654891,0.3443841835652748,0.29640622001020844,0.5615949185649125,0.5281126870362739,3.8604173064846123,non significant
P04631,26.46334093481139,26.108230010384855,25.356169902813644,0.7520601075712108,0.2979245871525284,0.5615949185649125,0.525893653803968,1.9325866475769056,non significant
Q63598,28.140660897929468,28.138946869497744,27.813023376061455,0.3259234934362887,0.2960629345281039,0.5615949185649125,0.5286159605185722,4.3214320777719015,non significant
P19132,27.089658859772566,27.02046469606365,27.172778009612397,-0.15231331354874555,0.29771616107054666,0.5615949185649125,0.5261975896957077,,non significant
Q2PQA9,29.904852768902817,29.765013168399026,29.88729733432714,-0.12228416592811442,0.29794734968530456,0.5615949185649125,0.5258604733778647,,non significant
Q9WTT6,29.361329847181704,29.21251509660782,28.922119102556632,0.2903959940511882,0.3007842543094451,0.5621129931472936,0.5217449022742321,6.426248588545309,non significant
P47875,25.899129186196845,25.745714667429727,25.2515160979375,0.4941985694922266,0.29950913245106725,0.5621129931472936,0.5235899308284693,2.498029852639797,non significant
Q6NYB7,30.20490753734342,30.089407597609043,30.307319179021835,-0.21791158141279254,0.30055031984678504,0.5621129931472936,0.5220828055172912,,non significant
P36876,26.452938538951436,26.284900504380317,26.404997347006518,-0.12009684262620013,0.3002887266636674,0.5621129931472936,0.5224609716293963,,non significant
Q9EPH8,28.510742410336352,28.49201407511383,28.3813693387645,0.11064473634932881,0.2998903988032849,0.5621129931472936,0.5230374382534805,,non significant
P29419,25.783305685482006,25.63894402570321,25.315468977488212,0.3234750482149984,0.30501794240640157,0.5680894445158278,0.5156746129191139,4.3980505846898375,non significant
P54311,28.693625551666887,28.62662289251662,28.414019986832752,0.21260290568386964,0.30452098523235027,0.5680894445158278,0.5163827737812581,,non significant
P55051,25.77246230795994,25.65262692095995,25.41310878837791,0.23951813258203813,0.30742788621882,0.5716074426814332,0.5122567409948213,,non significant
P23978,28.873622200346514,28.83994159494679,29.14967886924447,-0.3097372742976816,0.3087229751002501,0.5720761886570512,0.5104310492092822,4.93817200229895,non significant
P46844,27.35964658014415,27.33078460193695,27.54173090089208,-0.21094629895512895,0.3083984587086768,0.5720761886570512,0.5108878011009422,,non significant
Q03555,29.721755105931276,29.53722089445226,29.288745020675872,0.24847587377638902,0.31035285936328033,0.5731600786557551,0.508144248989801,,non significant
Q3MIE4,29.185018227695302,29.09171740352306,28.73614967870599,0.355567724817071,0.31029415142240674,0.5731600786557551,0.5082264101358254,3.650653696216318,non significant
P41565,27.707747611948783,27.64865403042471,27.88067206453908,-0.23201803411437183,0.31193852326345584,0.5736524994913588,0.505930988155241,,non significant
P63039,28.887430222433917,28.84696261374538,28.648570794076733,0.19839181966864672,0.3121882791215507,0.5736524994913588,0.5055834062332054,,non significant
P0C0A9,23.93126611547448,24.007966573281198,24.427321072226874,-0.4193544989456761,0.31164590107066814,0.5736524994913588,0.5063385808018147,2.9222456691504415,non significant
P09527,28.04252131096035,28.76910955612097,29.969892816187386,-1.200783260066416,0.31521490807343755,0.5753989095432558,0.5013932507607758,1.6473022688076762,non significant
Q6AXY0,27.148350956873593,26.977055015685583,26.622013871583874,0.3550411441017083,0.31414354748169715,0.5753989095432558,0.5028718562786888,3.659672514021647,non significant
Q71LX6,31.785453086482157,31.8259720335478,31.589673268597185,0.23629876495061453,0.31515494842732966,0.5753989095432558,0.5014758693798341,,non significant
Q6AY30,27.424745189385213,27.450590589952327,27.68277497768914,-0.23218438773681171,0.31523677724293225,0.5753989095432558,0.5013631210621474,,non significant
P04094,26.066604636604673,26.467851658703037,27.430605259245294,-0.962753600542257,0.31639752340999444,0.5756154075293339,0.49976692458517913,1.7565276109575532,non significant
P24135,30.59673120743953,30.516538257671822,30.593777327450766,-0.07723906977894401,0.31640482291721816,0.5756154075293339,0.499756905230079,,non significant
P13832,23.238003242126148,23.506135840294338,22.796580250822263,0.7095555894720746,0.31876936522495836,0.5779999895070733,0.49652342238583125,1.9859305209866147,non significant
P63045,26.31979837309065,26.188092361506772,26.54632352082699,-0.3582311593202192,0.31876824338806325,0.5779999895070733,0.4965249507900118,3.606178071185275,non significant
Q5M7A7,26.182853366000845,26.00455207304962,26.28212902579645,-0.2775769527468306,0.3194460187992656,0.5782710934369544,0.4956025200354708,,non significant
P97888,26.839089829967712,26.759715937818473,26.579869185890946,0.17984675192752775,0.32091414862233086,0.5790177977610147,0.4936111350916314,,non significant
Q8VGC3,30.217782703903865,30.17285293778775,30.28264182315605,-0.10978888536830311,0.3209096736762381,0.5790177977610147,0.49361719109743046,,non significant
O35923,29.885975935421854,29.801725530899436,29.68808049624865,0.11364503465078712,0.3216855972664111,0.5794566505767701,0.49256838320044594,,non significant
P29314,30.324724689752102,30.21060965757404,29.97756815401138,0.23304150356266007,0.3226213453649423,0.5801895342054781,0.491306902081794,,non significant
Q5BJU7,25.81520612809994,25.688231331958846,25.886460876809636,-0.1982295448507898,0.32433063009185836,0.5823088399521582,0.4890120342079859,,non significant
P00787,24.120078470529695,23.945398951080193,24.179376852992366,-0.23397790191217283,0.3249144273874409,0.5824038020327168,0.48823100396544794,,non significant
P83732,28.098988261172185,28.001537127640187,28.18278060517983,-0.18124347753964187,0.32719337749078803,0.585532031170301,0.48519549518504757,,non significant
Q5BJ92,26.173197842822667,26.310976349500823,26.13538572257882,0.175590626922002,0.3285198133065956,0.5869482657937057,0.48343843264838354,,non significant
P52481,26.94689238958927,26.919498011859073,27.273779777433912,-0.35428176557483937,0.3306969036500344,0.5889196482209216,0.4805698714122708,3.6728143365999983,non significant
O55096,29.14736922442974,29.189684609024965,28.99379588498334,0.19588872404162672,0.33068089000475254,0.5889196482209216,0.4805909021691216,,non significant
P25409,26.85494927292608,27.07948794311424,26.866216176892262,0.21327176622197896,0.33262955267985017,0.589490499660413,0.478039168238508,,non significant
P29066,27.348123678874284,27.33269653612209,27.442833331946186,-0.11013679582409708,0.3318475719775845,0.589490499660413,0.4790613556039622,,non significant
P19944,23.900979641720884,23.603385311658272,23.942457905970304,-0.3390725943120323,0.332549241393684,0.589490499660413,0.4781440385347253,3.9757356809106925,non significant
O88377,27.182581534339608,27.168636103121695,27.016712092164607,0.15192401095708874,0.3340054115070337,0.5909740910051872,0.47624649675548725,,non significant
Q5XHZ0,27.55852090043415,26.99014125938795,26.717706992744834,0.272434266643117,0.3358103381655292,0.5922571398192694,0.4739059379206305,,non significant
Q64559,27.4371173689375,27.46530729726777,27.27725055497572,0.18805674229205138,0.33559403069839683,0.5922571398192694,0.47418577268780426,,non significant
P00502,26.343036786675018,26.18042872014563,26.431011648678474,-0.25058292853284314,0.3382326450204729,0.5955717681981681,0.47078447814558827,,non significant
P00564,29.21466602098781,29.114756192326258,28.96067663823642,0.15407955408983653,0.33890305238113705,0.5957959109969669,0.46992451960666215,,non significant
P20070,27.073380943302187,27.089379606996573,26.87257730453675,0.21680230245982202,0.3424183224047185,0.5966463307181746,0.46544300478236333,,non significant
P22831,24.04381393743301,24.003009809244272,23.79652499496306,0.20648481428121102,0.34251875504873386,0.5966463307181746,0.4653156431754444,,non significant
P22062,27.30681458189212,27.167887346111105,27.295972453601085,-0.12808510748998003,0.3426748651246172,0.5966463307181746,0.46511774948903917,,non significant
Q05140,28.94089475170955,28.762506472148885,28.54890168894977,0.21360478319911635,0.34319401520799286,0.5966463307181746,0.46446029420563595,,non significant
P84079,26.12264924873337,25.959446876628494,25.702055370488186,0.2573915061403085,0.3419289390800696,0.5966463307181746,0.4660641412305416,,non significant
Q499N5,28.008833291377265,27.615207790535354,27.814153469984472,-0.19894567944911756,0.3406789249897955,0.5966463307181746,0.46765473183786116,,non significant
Q99MC0,26.75938130716357,26.572668374335986,26.36730634418822,0.20536203014776788,0.3409291199741865,0.5966463307181746,0.467335902543507,,non significant
P04182,28.470326187838157,28.30774475128194,28.18282509174198,0.12491965953996242,0.3447883353838549,0.597524176802668,0.46244743531866134,,non significant
P10818,25.109834155847704,25.31525126986998,24.940670179763003,0.37458109010697527,0.3443431130820317,0.597524176802668,0.4630085985516987,3.3687816918447893,non significant
Q9Z2L9,28.020331205453314,28.14794502724799,28.338494620688294,-0.19054959344030564,0.3460546771750026,0.5987728404747285,0.46085527658485675,,non significant
P31643,23.977616796771063,24.068161942168302,23.699346026364072,0.36881591580423034,0.34929606203311914,0.6031897678386775,0.4568063105745687,3.446219074891936,non significant
Q9Z1N4,26.43393948138107,26.435112389377476,26.6089197748575,-0.17380738548002483,0.3497071033230619,0.6031897678386775,0.4562955461217595,,non significant
Q00728,23.45544259547931,23.3295020681861,22.490103181123512,0.8393988870625861,0.35573986245312106,0.6116718324624981,0.4488674671913962,1.8454104060891912,non significant
O35987,24.831635198310007,24.992509134722578,24.827391585672913,0.1651175490496648,0.35531063615175595,0.6116718324624981,0.4493917917989415,,non significant
P25093,25.439055910988177,25.279646256879342,25.474907827611133,-0.19526157073179107,0.3572498998783412,0.6123486565102192,0.4470278842508901,,non significant
O89046,27.936094293632507,27.994804926831364,28.117016035082177,-0.12221110825081283,0.3569914358920482,0.6123486565102192,0.44734220234561767,,non significant
Q8VBU2,27.751495057400525,27.566703749321054,27.277453533776782,0.2892502155442713,0.35798988702877255,0.6126597598604734,0.4461292417070607,6.582818183941732,non significant
B5DFN2,27.980240218995164,27.90179941978606,27.617905380136165,0.2838940396498941,0.35962247917131895,0.6135394395815503,0.4441531693444344,7.625223014687916,non significant
Q9JHZ4,29.442048231382,29.307778563141138,29.484497043864952,-0.1767184807238138,0.3592640517630022,0.6135394395815503,0.4445862364608575,,non significant
Q4QRB4,28.07056711963248,27.85158947819423,27.460334844984065,0.39125463321016696,0.3623530873651527,0.6169453035451798,0.4408680340009057,3.1749981389832715,non significant
P68035,22.700924500056534,22.383890726217896,21.588608254543974,0.7952824716739215,0.36330598549697923,0.6169453035451798,0.4397274470398557,1.8862201436790496,non significant
P31596,28.826839424847932,28.768063180718602,28.42985029850225,0.3382128822163537,0.36317177737628936,0.6169453035451798,0.439887908515441,3.9955326263786968,non significant
P28023,28.994905685167275,28.949729576426403,28.817077980335828,0.1326515960905752,0.3652075689772266,0.6182603443950889,0.4374602302314422,,non significant
P62755,27.815724985514333,27.780777037846956,28.0512699205273,-0.2704928826803439,0.36508899047251575,0.6182603443950889,0.43760126332287463,,non significant
P62738,24.31244579249854,23.812181671430864,24.853741408548856,-1.0415597371179928,0.3714724908259836,0.6278972610725794,0.43007334213175896,1.7134744707506349,non significant
Q9ER34,30.46243409184513,30.397453210446827,30.25597545178651,0.1414777586603151,0.37375194532812017,0.6307782831153044,0.4274165382178299,,non significant
Q64568,29.362509473170157,29.272953998741272,29.45634455327489,-0.18339055453361652,0.3754261521330793,0.6326305512903041,0.4254754777682465,,non significant
Q8VHV7,24.420828024042084,24.174857497649935,24.4003265554194,-0.22546905776946602,0.3771020457178965,0.6344799756940682,0.42354111161033275,,non significant
P04166,27.706835791194134,27.421331582974158,27.136937664143385,0.2843939188307729,0.3784552712216961,0.6357816730937222,0.4219854414201311,7.494635045166914,non significant
P47727,25.865942520494105,25.60702848201892,25.453851439320108,0.15317704269881105,0.38042396668669587,0.6371375442065731,0.4197321303468633,,non significant
P04041,20.995203516101242,20.49111256661202,21.217992733769332,-0.7268801671573115,0.38037757629767516,0.6371375442065731,0.41978509314688855,1.9631387640150482,non significant
P37805,28.427480184721635,28.32556599734448,28.208010328254385,0.11755566909009474,0.3814841298402618,0.6379391622481208,0.41852352446182245,,non significant
P05942,23.40398631625779,23.011047151567798,23.365065015380228,-0.3540178638124303,0.38237411075164107,0.6384541849232119,0.417511520000346,3.677419519855947,non significant
P14659,26.950239183817008,26.88667886741618,26.98136096817761,-0.0946821007614318,0.38325223874456715,0.6389478813112313,0.41651529956146155,,non significant
P62749,25.3937513275154,25.287483267965992,25.007575570414673,0.2799076975513195,0.3848805487568201,0.6406888649259964,0.41467403689459803,9.36500718551332,non significant
Q9JKS6,31.474391702761135,31.523777438079396,31.408955632326222,0.11482180575317358,0.38569248452680793,0.6410676598877398,0.41375882356677096,,non significant
Q9Z250,27.182865849047385,27.21854017092764,27.00512365461712,0.21341651631052017,0.3866975262369126,0.6417657886261621,0.41262860616612446,,non significant
P11530,30.389796603107598,30.276283685376857,30.103823185454473,0.17246049992238355,0.3881716476534107,0.6424465010152363,0.4109761889820375,,non significant
P31646,23.49070890929445,23.205391304872123,22.77431426199134,0.4310770428807835,0.3882789700757535,0.6424465010152363,0.41085613102847157,2.836499278100496,non significant
P21588,27.395697431258036,27.28484838931755,27.39906492406436,-0.11421653474680937,0.38892933773888305,0.6425534390053534,0.41012929589201513,,non significant
P09951,29.714405929693005,29.547025784576036,29.33767063152462,0.2093551530514155,0.3935805443070225,0.6457305717657035,0.4049663779971455,,non significant
Q9Z327,29.255542673139402,29.16698269390416,29.377125349864155,-0.21014265595999504,0.39562356796869014,0.6457305717657035,0.4027178446434262,,non significant
Q6P6Q2,28.818507898342467,28.699139231201855,28.82408471455319,-0.12494548335133615,0.39759279934285774,0.6457305717657035,0.4005614895513355,,non significant
Q68FX0,28.77992122018945,28.754402170046507,28.64356871246122,0.11083345758528651,0.3956146508412761,0.6457305717657035,0.40272763350129087,,non significant
P05426,27.146742892493812,27.048000002597945,26.90150065366832,0.14649934892962335,0.39274294909788365,0.6457305717657035,0.4058916030935114,,non significant
Q9WTP0,28.414260587231777,28.390087837824066,28.607287209765,-0.21719937194093575,0.39791601323027853,0.6457305717657035,0.40020858330243725,,non significant
P97612,24.78223679735839,24.743533421486887,24.51276735316112,0.2307660683257673,0.39160525592082274,0.6457305717657035,0.40715148795650824,,non significant
P01026,30.33831569248841,30.16226967302313,30.316915099194535,-0.1546454261714061,0.3968263799229492,0.6457305717657035,0.40139946485919453,,non significant
P28572,23.78937002917125,23.87054030672739,24.161678170323427,-0.2911378635960382,0.39668217400756584,0.6457305717657035,0.4015573152911478,6.332526692755171,non significant
Q9JLZ1,27.02738290172163,27.017476844586003,26.867882962575976,0.1495938820100271,0.3958288362472314,0.6457305717657035,0.40249257049629056,,non significant
P11275,29.83771138536363,29.64181900982909,29.899436304233657,-0.25761729440456804,0.3957389370898578,0.6457305717657035,0.4025912170290527,,non significant
P15429,27.612959208078262,27.49323296037149,27.270241655431096,0.22299130494039332,0.39755965318453934,0.6457305717657035,0.40059769693173547,,non significant
Q5PPN4,22.70564845382012,22.864403295805214,22.48720909170463,0.3771942041005829,0.39909676702324376,0.6466900346004407,0.39892179030580965,3.3356244157058854,non significant
P62271,25.58282558323211,25.602614105081418,25.341774189997277,0.2608399150841407,0.4001607980531604,0.6468804533221253,0.3977654594856783,,non significant
P50878,29.07646411611234,28.986055796769268,29.053409072565334,-0.06735327579606576,0.4003936443078606,0.6468804533221253,0.3975128249587834,,non significant
P62853,25.3048257660397,25.240391259233032,25.403273148883788,-0.16288188965075534,0.4029132670028077,0.6483184676424327,0.394788432062482,,non significant
Q62826,29.691108131959712,29.665653552891566,29.614767440791468,0.0508861121000983,0.4032551360096609,0.6483184676424327,0.3944200925652869,,non significant
P09330,27.98410593609435,27.888199207493653,28.14995681256207,-0.26175760506841783,0.403647687693511,0.6483184676424327,0.39399753104090113,,non significant
P25286,28.83103502966996,28.827263845337015,28.62313236973793,0.20413147559908396,0.40313073590719706,0.6483184676424327,0.3945540886591133,,non significant
P97700,28.547249684384518,28.32517993521456,28.127733682153664,0.19744625306089603,0.40530518639547863,0.6500289319822222,0.3922178388723559,,non significant
D3ZFD0,31.579578128973555,31.354095650401334,31.45221810120646,-0.09812245080512483,0.4059838916059144,0.6501669037834863,0.39149119776627694,,non significant
Q5M7U6,25.080423918694695,25.162518741470137,24.972613802962428,0.18990493850770918,0.4072230393166908,0.6512006911522008,0.39016765904789,,non significant
P13086,29.5425206890605,28.860655715299156,28.703673020890648,0.15698269440850865,0.40793488313048365,0.6513894713160706,0.38940915591523795,,non significant
P0DMW0,28.105586132041232,27.93178915309636,27.673179688371803,0.25860946472455737,0.40886584311976926,0.6515734039246474,0.38841916913314833,,non significant
P63012,26.431726910103922,26.348589964497336,26.110710863196896,0.23787910130043954,0.40940913599654893,0.6515734039246474,0.3878424702504119,,non significant
P06761,27.92020138679527,27.760823022087774,27.552264058188296,0.2085589638994776,0.409831949597089,0.6515734039246474,0.38739418797277475,,non significant
Q6J4I0,25.179610108225187,24.96555577953617,25.11193118185548,-0.14637540231930757,0.41260445409700675,0.6539119551823533,0.3844660880950269,,non significant
P62250,25.049300854914375,24.967562428634754,25.11409362746518,-0.1465311988304272,0.4139782858631532,0.6539119551823533,0.3830224380509103,,non significant
Q80Z30,27.78684325573261,27.84505581430383,27.63815423959582,0.2069015747080094,0.4146176610022666,0.6539119551823533,0.38235220269447306,,non significant
Q7TMA5,31.465148460684386,31.336454315812333,31.49328983422677,-0.15683551841443588,0.4131427133776199,0.6539119551823533,0.3838999025173586,,non significant
Q9ESV6,25.795092143582306,25.5654846080531,25.422824129381993,0.14266047867110743,0.41491031893251074,0.6539119551823533,0.3820457640147952,,non significant
O35796,25.057579284876063,24.89785856429391,24.633016256744526,0.2648423075493831,0.4121189781594041,0.6539119551823533,0.38497738566922973,,non significant
Q9QZR6,29.845358643227662,29.777178453432537,29.695482804100788,0.08169564933174911,0.41547550844311787,0.6539119551823533,0.3814545720278941,,non significant
Q6VBQ5,24.81819289095551,24.49638906584209,24.081204449536,0.4151846163060924,0.41716959989618685,0.6556376090058982,0.3796873471256012,2.9551866082045897,non significant
Q4KLF8,23.58608009832837,23.358514990918156,22.999083960551957,0.35943103036619917,0.4211409363332633,0.6599880102251284,0.37557254162519693,3.586741192010045,non significant
P28492,27.3581233512824,27.58569536561322,27.345319295809094,0.24037606980412463,0.4209638155560693,0.6599880102251284,0.37575523285720225,,non significant
Q9WV63,28.234914813966927,28.166422215262283,28.321725521354832,-0.1553033060925486,0.42376245493101616,0.6631489487294219,0.3728775241202557,,non significant
P06685,29.792161572610915,29.612974311648827,29.40300459551055,0.20996971613827853,0.4250981003760578,0.6642914759437826,0.371510835748095,,non significant
P13601,26.92195539586436,26.66959701044581,26.91899690668164,-0.24939989623583259,0.4259299232603395,0.6646445601942994,0.37066184795080515,,non significant
P17077,26.781762563266014,26.736342509441712,26.945445238273972,-0.20910272883226,0.4287767482491204,0.6681364954961435,0.36776877364387145,,non significant
P62198,27.44949217684915,27.43113622319314,27.22791037004882,0.20322585314431763,0.43121406455827394,0.6709813174757823,0.36530708256056804,,non significant
Q63377,27.558564442864416,27.425302252926524,27.339100427560865,0.08620182536565935,0.43958382459664436,0.6830360560658907,0.35695829672549434,,non significant
Q07266,27.74865657920651,27.702545454329638,27.519105750704245,0.18343970362539253,0.44081370239195594,0.6839782624101495,0.35574491419999876,,non significant
P21707,29.19218180369336,29.140019226526828,29.004149536449415,0.13586969007741345,0.4426485816745469,0.6858552176510988,0.3539409229995488,,non significant
P27791,27.603143100289444,27.45544808498673,27.342974084407512,0.11247400057921908,0.44391333136750144,0.6868447454303936,0.3527018122794226,,non significant
Q9QYF3,30.627969448651605,30.484190461139722,30.394457699540396,0.08973276159932553,0.4470591466776499,0.6907378646554675,0.3496350151758272,,non significant
Q9ERH3,29.541286287305354,29.504390850097693,29.673652598572033,-0.16926174847434083,0.44852296763893607,0.6920248881855314,0.3482153130135149,,non significant
O35763,29.36193845116292,29.24306447606095,29.389701047454135,-0.1466365713931843,0.44924036310480786,0.6921582560758065,0.34752123040217014,,non significant
P29266,27.38707197600233,27.32273668011401,27.475120908105414,-0.15238422799140494,0.45079909885185343,0.6926143017373715,0.34601696078045324,,non significant
P18420,25.794281524607463,25.729620176253828,25.563699556962714,0.16592061929111424,0.4504372185761708,0.6926143017373715,0.34636573193458003,,non significant
P09812,29.34700581916659,29.169209159264174,29.014563018917404,0.15464614034677027,0.4522548403980464,0.693254397096243,0.3446167762715489,,non significant
P84087,27.229848987656002,26.951614159658842,27.164205902350385,-0.21259174269154357,0.45247962472279857,0.693254397096243,0.3444009724138858,,non significant
O35814,27.844246433581738,27.736737835177404,27.68473090044517,0.05200693473223339,0.4543844269448123,0.6942335882429792,0.34257656155723065,,non significant
Q6URK4,28.60392964765735,28.54007776100463,28.665025761852224,-0.12494800084759561,0.4541753984995339,0.6942335882429792,0.3427763940820784,,non significant
Q9JHU0,27.820982010917998,27.57960972864214,27.365684366950784,0.21392536169135568,0.4554040199279691,0.6948236576647874,0.34160314011343373,,non significant
Q6Q0N1,27.545720142239876,27.476885752609693,27.3807343037378,0.09615144887189331,0.4573389818069803,0.6968067542253574,0.3397617794587243,,non significant
Q3KR86,28.45537015859919,28.471010260214495,28.355617122540167,0.11539313767432802,0.4592641021587136,0.6970780760003503,0.33793749937559553,,non significant
Q6AYZ1,32.94612660174396,32.8140532540523,32.56369829599025,0.2503549580620472,0.45846890705017507,0.6970780760003503,0.3386901124572583,,non significant
B2RYG6,26.42775265902515,26.494545353211493,26.43080805237986,0.06373730083163309,0.45942338099202673,0.6970780760003503,0.3377869064474155,,non significant
P19234,28.872036762660944,28.853598300473113,29.044602840186332,-0.1910045397132194,0.4607512653544451,0.6981272625605335,0.33653346341068224,,non significant
Q5FVM4,29.02361705367467,28.817010659343982,28.988689894532516,-0.17167923518853456,0.4625886632082954,0.6999445014337932,0.3348050148131516,,non significant
P85971,25.05195043473634,24.918074332414196,24.731739805298414,0.18633452711578258,0.4702764383656808,0.7001347947373917,0.3276467795871175,,non significant
Q5RJL0,26.031904514282058,26.226777924246942,25.97998673509461,0.2467911891523329,0.46876942434271784,0.7001347947373917,0.3290407230827289,,non significant
Q9JHY2,26.820477664140416,26.829518573227443,26.921190677649246,-0.09167210442180362,0.46815948913362704,0.7001347947373917,0.3296061694666249,,non significant
P11442,31.319050766662908,31.206977064427207,31.098511827053485,0.10846523737372138,0.46385329684782617,0.7001347947373917,0.3336193522976601,,non significant
P15146,29.246857989098444,29.061873393279257,29.19695719448922,-0.13508380120996222,0.4671442510302084,0.7001347947373917,0.3305489914833979,,non significant
P19491,28.897003506071645,28.675276112396997,28.498503376832264,0.1767727355647324,0.4699399693114268,0.7001347947373917,0.32795761581298744,,non significant
Q9QX69,26.362913651518383,26.0425953433508,26.214829763365362,-0.17223442001456135,0.46437828749964327,0.7001347947373917,0.3331280943588207,,non significant
P31044,29.304453255934792,29.121855492643235,28.887737228234826,0.23411826440840855,0.46866936721541064,0.7001347947373917,0.3291334315535559,,non significant
Q62952,30.146462251947774,30.140725140030288,30.021376595610647,0.11934854441964049,0.46835307012320126,0.7001347947373917,0.32942662856044097,,non significant
P18596,28.580271969839387,28.47538892373287,28.57503622715404,-0.09964730342117178,0.46713028002893375,0.7001347947373917,0.3305619802325481,,non significant
Q9Z2S9,28.141829398243353,27.98404200172217,28.085778266612408,-0.10173626489023846,0.4703731483331428,0.7001347947373917,0.32755747830860593,,non significant
P16086,31.93739872067158,31.956334534042444,32.13189677918468,-0.17556224514223473,0.46706356372600466,0.7001347947373917,0.33062401130341856,,non significant
P24942,28.14477454728166,28.016060390736097,27.89294408854533,0.12311630219076619,0.4721893214474525,0.7018857528832729,0.3258838387077063,,non significant
G3V9T7,26.97630570349371,26.901775370360387,26.68748453882832,0.21429083153206818,0.4729180501230509,0.7020177279905099,0.3252141097121319,,non significant
A7VJC2,26.969472993328647,26.83579663522475,26.970790296080455,-0.13499366085570585,0.4743604930052442,0.703207379495612,0.32389148824473246,,non significant
Q6MG60,26.903062750303455,26.566544178648048,26.059723665342307,0.5068205133057404,0.4766364088819658,0.7056277200317362,0.3218127862182842,2.4476893647058002,non significant
P19493,28.28213083386766,28.307285743478662,28.5316359439969,-0.22435020051823784,0.47807546217608754,0.7058530040473324,0.3205035464422595,,non significant
O88778,30.186955022984076,30.17294027736438,30.088814625985034,0.08412565137934536,0.4777040535867805,0.7058530040473324,0.3208410734687888,,non significant
P62083,26.24802811193809,26.277077881348344,26.428389111583652,-0.1513112302353079,0.48355068899674813,0.7123500048580392,0.3155579935608839,,non significant
P61765,29.83622791855364,29.688775217872944,29.506906166305708,0.18186905156723654,0.4837746158789783,0.7123500048580392,0.31535692322694486,,non significant
Q6PTT0,25.03159454642774,24.61354015964871,24.83002768075782,-0.21648752110910863,0.48496304137420043,0.7131427029323028,0.3142913573541111,,non significant
P51583,27.828153658751113,27.67957792508766,27.60433075106086,0.07524717402679926,0.4870045288468967,0.7151860350000611,0.312467000091174,,non significant
Q6IG05,27.346927912416707,27.241278887511708,27.3497455318591,-0.1084666443473914,0.48778873661864486,0.71538000544205,0.3117682320683013,,non significant
P62762,28.14635110256702,28.073311277634122,27.927757511977635,0.14555376565648714,0.4894320416415143,0.7168317085190137,0.31030760210194996,,non significant
P12785,28.435372344703072,28.312663770769195,28.235177782451043,0.07748598831815201,0.49486001973160476,0.7228775508717947,0.3055176318856033,,non significant
Q5RJQ4,29.463156980396715,29.327682899517338,29.407447334837602,-0.07976443532026423,0.49487788578369907,0.7228775508717947,0.3055019527289386,,non significant
P08050,27.58475393214983,27.328233234645968,27.073515753752712,0.2547174808932553,0.49762143975955775,0.7230340654519668,0.30310091656345367,,non significant
P97697,28.693955332115873,28.642514849388846,28.548168477705897,0.09434637168294913,0.496337593698679,0.7230340654519668,0.30422282913964294,,non significant
B0LPN4,30.955318028396757,30.89211164233497,30.97639526183907,-0.0842836195040988,0.4975442008441555,0.7230340654519668,0.3031683313403432,,non significant
P09626,27.983932834984124,27.81312370430984,27.89575709893724,-0.08263339462739694,0.4975141063589197,0.7230340654519668,0.3031946008941634,,non significant
Q6AYS7,27.41971353512181,27.165518130397363,26.81940209798601,0.34611603241135214,0.4995706686769007,0.7249061157917461,0.30140306830774555,3.8252100184486455,non significant
P20651,27.368271079198472,27.37422148485632,27.28972581812258,0.08449566673374065,0.5024922046912677,0.7257753842077763,0.2988706711927011,,non significant
P29457,28.531700540663213,28.413867792029592,28.531679631236866,-0.117811839207274,0.5024409669288448,0.7257753842077763,0.2989149572768568,,non significant
P30427,31.864047170644955,31.815012198666583,31.731995462301825,0.08301673636475826,0.5028161276188787,0.7257753842077763,0.2985908009471843,,non significant
O70441,27.141568938180683,27.051302710997657,26.922723486031984,0.12857922496567298,0.50218379608489,0.7257753842077763,0.2991373047343105,,non significant
P04797,29.553528918944856,29.322301277539168,29.188235283138216,0.13406599440095235,0.5058730697466759,0.7292283278739861,0.29595843972904834,,non significant
Q05175,26.673423543761142,26.54083325131177,26.356379234230076,0.18445401708169484,0.5080236722355198,0.7310905161027241,0.29411605054731516,,non significant
P84245,22.206109750384673,21.56729684186614,20.603411987347826,0.9638848545183123,0.5084977792036267,0.7310905161027241,0.293710939460443,1.7558462724587967,non significant
P35286,26.288118756037807,26.04762298923639,25.681846990233613,0.36577599900277846,0.5102023957529982,0.7325811886662814,0.2922575064085803,3.4896373712908684,non significant
P41562,26.495284378218148,26.34526783302076,26.464826908200067,-0.11955907517930697,0.5117495741580007,0.7331160357760085,0.29094251005462607,,non significant
Q8K4B7,27.664508856385908,27.51815031275976,27.396875796278152,0.12127451648160914,0.5125797624796704,0.7331160357760085,0.29023854449767306,,non significant
P26769,28.683392277514994,28.769957331647316,28.331348359320145,0.4386089723271702,0.5121747688174669,0.7331160357760085,0.2905818199192229,2.7861596387189964,non significant
Q6AXV4,28.394280668311225,28.123975251850336,27.72058786407821,0.40338738777212413,0.5162631539199355,0.7374227602215745,0.28712886976253366,3.0564024284638043,non significant
Q8K586,26.92910661390033,26.87576382459578,26.798350955448225,0.07741286914755463,0.5179791415221159,0.7378399792554536,0.2856877284868831,,non significant
P53534,29.379331588093123,29.250334699893838,29.084573139090384,0.16576156080345328,0.5185730392032404,0.7378399792554536,0.28519006610432784,,non significant
P62630,27.663091211007785,27.544848576287645,27.434525616424935,0.11032295986271023,0.5176368718526914,0.7378399792554536,0.2859747959563821,,non significant
P85968,26.817418246934896,26.56869371767529,26.73397572149669,-0.16528200382139957,0.5228001656052366,0.7428909088975966,0.2816642835218127,,non significant
P58775,26.760888558046794,26.68068868345,26.877128870660414,-0.19644018721041334,0.5249488491289528,0.7449791558789925,0.2798830120669852,,non significant
Q5U206,27.09030947596252,27.10967167903463,27.261244762767713,-0.15157308373308354,0.5273273314270015,0.7473877035858149,0.27791971855984016,,non significant
P84817,23.92037178552395,23.732830883265738,23.52342347968718,0.20940740357855603,0.5308973817743092,0.7495423781292371,0.2749894164628998,,non significant
Q9R1N3,28.535956550794555,28.52220307961306,28.440322476020103,0.0818806035929569,0.5301733525631251,0.7495423781292371,0.27558210445208076,,non significant
P07483,26.960151091050236,26.888340304621916,27.036911558672823,-0.148571254050907,0.5305684091633132,0.7495423781292371,0.2752586121269467,,non significant
P17475,26.2452549486593,26.149251170253024,26.330451086822066,-0.18119991656904233,0.5346042242141467,0.7499499155536047,0.2719676139564993,,non significant
Q9ERB4,30.324366743678997,30.22742740471104,30.05220586072993,0.17522154398110956,0.5328126988699153,0.7499499155536047,0.27342543289292004,,non significant
Q9Z2G8,26.545555268759927,26.495813945246017,26.569722395232578,-0.07390844998656121,0.5333406116403097,0.7499499155536047,0.27299534536313275,,non significant
P46418,24.28704683890324,24.271831836604306,24.56407318290914,-0.29224134630483434,0.5346005226993464,0.7499499155536047,0.27197062095297414,6.20267330476272,non significant
Q66HA8,28.5664422951895,28.44283886076309,28.35490906483392,0.0879297959291705,0.5328333886330247,0.7499499155536047,0.2734085690390444,,non significant
A0A0G2K5L2,25.09944161259696,24.926376765308433,25.2167272632509,-0.29035049794246603,0.5353820547883422,0.7500818826344974,0.27133618981141616,6.432180649443545,non significant
O08651,26.952451838727814,26.94121196875436,26.841483563258077,0.09972840549628259,0.5377044631681651,0.7515498886340704,0.26945635868512474,,non significant
Q5FVJ0,28.559884034522838,28.445238119030424,28.333715105192653,0.11152301383777186,0.537800057044435,0.7515498886340704,0.2693791560471128,,non significant
Q63941,25.472753068788517,25.384453820761838,25.19109299313823,0.19336082762360718,0.5415120157368783,0.7548140803854582,0.26639190226982234,,non significant
P54283,25.31260770745175,25.331325619925384,25.22006387404515,0.11126174588023474,0.5413699416329636,0.7548140803854582,0.26650586113539515,,non significant
P02454,30.19584762865834,30.083610515214346,29.994256587363378,0.08935392785096852,0.5425760954701009,0.7553375339222089,0.2655393440689269,,non significant
P11950,26.405652986674138,26.49849844792097,26.40599185354668,0.09250659437428865,0.5439341223092155,0.7562683550991246,0.2644536959820852,,non significant
Q63538,24.72279843543556,24.529594774056363,24.351889683147515,0.177705090908848,0.5465136936773117,0.7569766691464785,0.26239895171247335,,non significant
P60522,25.424834282819933,25.161847089891808,25.251119768198787,-0.08927267830697971,0.5455695255944293,0.7569766691464785,0.2631498964817244,,non significant
Q63965,26.823740776613587,27.326916473195396,27.01631832710225,0.3105981460931453,0.5458975399791759,0.7569766691464785,0.26288886278485485,4.897203315762506,non significant
Q04970,27.372984242796306,27.345648658839725,27.014471788334884,0.3311768705048408,0.5479174085751795,0.757963930904126,0.2612849008282384,4.1713299367275205,non significant
P60881,27.256774995114807,26.90179955851684,26.996835663810558,-0.09503610529371898,0.5517790499916385,0.7623446068524276,0.25823479288501555,,non significant
P86252,25.99003038493128,25.918722635542803,25.815337207202486,0.10338542834031728,0.5543806776898996,0.7640145771681155,0.2561919149743375,,non significant
P15800,27.976071704997707,28.096372351264545,28.30426233435358,-0.20788998308903572,0.5538989497146738,0.7640145771681155,0.256569458347727,,non significant
Q9Z0W7,27.0785345848697,26.781183471361786,26.964297533698243,-0.18311406233645755,0.5594414115831039,0.7700216166959409,0.25224538895418336,,non significant
P47863,23.73563091832443,23.513961953116866,23.380908527645914,0.13305342547095123,0.5615308368455401,0.7716394539423288,0.2506263891725541,,non significant
P29147,27.94815389864885,28.10599306662989,27.85514259158499,0.2508504750448992,0.5620236314493352,0.7716394539423288,0.2502454232347149,,non significant
B1WC61,28.206990188660686,28.131519441651815,28.023195675989957,0.10832376566185786,0.5639319197585853,0.772728052519951,0.2487733227149203,,non significant
Q63560,29.903284967921106,29.56477946856396,29.701734697045925,-0.13695522848196617,0.5642253145565003,0.772728052519951,0.24854743266918816,,non significant
P85845,30.633409276177833,30.306326706521727,30.482730973181564,-0.1764042666598371,0.5676205021547331,0.7759619659684308,0.24594192644243115,,non significant
Q6IFV4,26.310258671014655,26.258348697015464,26.374242261574235,-0.11589356455877109,0.5694160278984383,0.7759619659684308,0.2445703125141765,,non significant
Q64598,25.06535880654021,25.027844299009516,25.18897821128687,-0.16113391227735363,0.5687840434536673,0.7759619659684308,0.2450525957122313,,non significant
P07171,27.756008128312843,27.656530561531074,27.728818276514204,-0.0722877149831298,0.569413886162935,0.7759619659684308,0.24457194602221713,,non significant
P20760,27.253853034871778,27.051693691655718,26.941605175047986,0.11008851660773189,0.5714559543314937,0.7777756599276037,0.2430172377585553,,non significant
Q6Q7Y5,26.49547533522882,26.352322632194305,26.437773493067695,-0.08545086087339016,0.5734478578725544,0.7795195787932988,0.24150606523912233,,non significant
Q63092,26.844361890728795,26.668025230661566,27.010279388905996,-0.3422541582444296,0.5791495387836614,0.784725200460314,0.2372092851784939,3.9052781803550087,non significant
P0C1X8,28.50085302532253,28.348191599469704,28.487022332890433,-0.13883073342072905,0.5782720233569303,0.784725200460314,0.23786781823697586,,non significant
P18484,30.818179241160113,30.739581489731588,30.650266293654113,0.08931519607747518,0.580128823703581,0.784725200460314,0.23647555607277487,,non significant
P19024,26.983310919246584,26.787670088206415,26.986475456551663,-0.19880536834524776,0.5801386851169688,0.784725200460314,0.23646817371071507,,non significant
Q6P7Q4,26.446133429928764,26.175739668195376,26.34999353526207,-0.17425386706669244,0.5813574537334125,0.7854053285043763,0.23555675496140102,,non significant
P69897,29.709578663932408,29.464638512197336,29.274129002969747,0.19050950922758858,0.5821427742532319,0.7854989217168455,0.2349704887761917,,non significant
Q920Q0,28.825685350639358,28.693156765327476,28.612261675749252,0.08089508957822389,0.5868519569481583,0.7908803400149013,0.2314714428570902,,non significant
P70627,27.9345307339834,27.707447625366346,27.643530139924014,0.06391748544233167,0.5895290354883786,0.7915495361345116,0.22949480016712043,,non significant
P51647,27.687870981869523,27.636991805170567,27.579153118096983,0.05783868707358408,0.5899504247272163,0.7915495361345116,0.22918448186973614,,non significant
P47860,28.176711384674256,28.07057201994398,27.997446057708586,0.07312596223539458,0.590234749825005,0.7915495361345116,0.2289752251766548,,non significant
P20759,22.17083763035271,22.522232832146482,21.987206713406795,0.5350261187396868,0.5890414861904338,0.7915495361345116,0.22985411677641415,2.349274514197733,non significant
Q9JJM9,25.492972295358907,25.342306426124168,25.11343709083268,0.22886933529148834,0.5909771058503237,0.7915773933062333,0.22842934313813437,,non significant
P70569,28.845196126463158,28.767753272660915,28.706639066491842,0.061114206169072816,0.5929434883961753,0.7932426911836639,0.22698669592277054,,non significant
Q63537,28.51222092706086,28.38683343068634,28.28750588580448,0.09932754488185935,0.5944337638816932,0.7942677697664038,0.22589653058823467,,non significant
Q9QWN8,31.345597537356547,31.25242426531261,31.33888316382756,-0.0864588985149517,0.5963636918552133,0.79440439778774,0.22448880537150837,,non significant
P63322,24.866390822848633,24.679072577690008,24.527936946424713,0.15113563126529428,0.5968013619317478,0.79440439778774,0.22417019445166123,,non significant
P35289,26.77498536548391,26.531496062588232,26.346140461720235,0.18535560086799663,0.5978585904721478,0.79440439778774,0.22340152611194766,,non significant
Q6DGG1,25.2715291667103,24.554753803469833,24.436173693002868,0.11858011046696504,0.5981568209413612,0.79440439778774,0.223184940525235,,non significant
P17074,27.73750041134901,27.864451060897732,27.726533068485722,0.1379179924120102,0.5953119978171564,0.79440439778774,0.22525536466262777,,non significant
Q9JIX5,30.32226445269073,30.24767902456645,30.184517640149735,0.06316138441671626,0.5993146882962266,0.7949797014038218,0.2223450782724309,,non significant
P60901,27.839362290129035,27.917726485423298,27.774859813723882,0.1428666716994158,0.6002083021067659,0.7952035113660896,0.22169800168987266,,non significant
Q5M823,22.065390037894122,21.978814933973805,22.545675008378666,-0.5668600744048611,0.6020002172966132,0.7966154865794749,0.22040335198021027,2.25677261058332,non significant
Q920L2,27.987760003679977,27.86711748934233,27.943564613721396,-0.0764471243790652,0.6068529483709408,0.8008143935473134,0.2169165337156916,,non significant
P13234,26.592865523577768,26.485021576108565,26.53854404577414,-0.05352246966557672,0.6075755954220305,0.8008143935473134,0.2163996788290072,,non significant
Q6IG00,28.572102698489193,28.531299781251253,28.64863508598083,-0.11733530472957554,0.6080933362123173,0.8008143935473134,0.21602975577508796,,non significant
P29418,29.503799510930968,29.493111358200505,29.54848978987363,-0.05537843167312673,0.6063898508633982,0.8008143935473134,0.2172480760945186,,non significant
Q62656,29.011558005155152,28.923584550378155,28.871879052460255,0.0517054979179008,0.6110788181007006,0.8018582098761586,0.21390277002164992,,non significant
Q01728,26.866064098447218,27.00822347892563,26.8606067140975,0.14761676482812902,0.6104385868422975,0.8018582098761586,0.21435802170615686,,non significant
Q5XIM9,29.49480423669493,29.361992365887318,29.441003274315047,-0.07901090842772973,0.609682734268796,0.8018582098761586,0.2148961036790172,,non significant
P37199,28.66938716412715,28.337295717422922,28.478748579773875,-0.14145286235095256,0.6148562048893371,0.8058509638752722,0.21122643987494605,,non significant
Q07009,26.62585724554816,26.539217295273286,26.472071616457498,0.06714567881578759,0.6187706259107815,0.808718040048654,0.20847031117766696,,non significant
Q62876,24.984514588812797,24.774570762786215,24.639938127730797,0.1346326350554179,0.6183852228654168,0.808718040048654,0.20874089700804668,,non significant
P62278,27.93238925706116,27.766736192571305,27.92004656885635,-0.15331037628504518,0.6192553816233995,0.808718040048654,0.20813021050039696,,non significant
P38983,25.757783603874632,25.598336587180682,25.43804414618715,0.16029244099353335,0.6240014669221517,0.812980533507839,0.20481438936333393,,non significant
Q3SWU3,27.36969472476322,27.077770070464013,27.225606540911368,-0.1478364704473556,0.6237467088591828,0.812980533507839,0.20499173287647657,,non significant
P26770,27.754776309245962,27.22734217858213,27.563677349598326,-0.33633517101619503,0.6268989332330799,0.8138557748599866,0.20280246918063127,4.039969457364926,non significant
G3V9R8,27.765051549090042,27.39154658602372,27.534748146585912,-0.14320156056219346,0.6260295022206381,0.8138557748599866,0.20340519977724084,,non significant
P63088,23.58738342094549,23.669189758505055,23.511656302271458,0.1575334562335975,0.6264791950503836,0.8138557748599866,0.20309334705585513,,non significant
P13803,26.817818095845585,26.645634804911428,26.547358665228405,0.09827613968302273,0.6320109732806083,0.8195225031782829,0.1992753812210253,,non significant
P63245,30.145929868977007,30.24216730929848,30.146084637718314,0.09608267158016659,0.6355033998523029,0.821306027224494,0.19688212169039035,,non significant
Q3T1K5,25.9648698713518,25.84323284734388,25.729934687950195,0.11329815939368615,0.6356324677425664,0.821306027224494,0.19679392738456677,,non significant
Q62703,24.16222195338729,24.148320310202084,24.517289965008114,-0.3689696548060297,0.6348754300267179,0.821306027224494,0.19731147999808912,3.4440727484072915,non significant
P16290,29.61473961513511,29.515852519664037,29.407726354197777,0.10812616546625975,0.6395868710365793,0.8219989106982336,0.19410045970830422,,non significant
P14408,27.307858689167357,27.127321063071747,27.218963775522855,-0.09164271245110811,0.6387492233303627,0.8219989106982336,0.19466961492539966,,non significant
P62963,26.57612893065432,26.443454456245323,26.34814459206361,0.09530986418171494,0.6377175061564356,0.8219989106982336,0.19537166091334907,,non significant
Q99PD4,27.899261439546528,27.81095648078112,27.737069217231895,0.07388726354922426,0.6384559678818967,0.8219989106982336,0.19486904916849734,,non significant
Q5U216,26.127460394890754,26.15194603775903,25.968325724454957,0.1836203133040719,0.6399152869063732,0.8219989106982336,0.19387751486640964,,non significant
Q99ML5,27.863059608353012,27.780461324037702,27.949363621683712,-0.16890229764601017,0.6422390172928638,0.8240189496728323,0.19230331371772852,,non significant
Q3T1J1,26.096769887919063,25.937038685796498,26.099739589434247,-0.1627009036377487,0.6497019215060802,0.8264325007987703,0.1872858487983476,,non significant
Q794F9,28.143009958422976,27.91598114235507,27.824049335009477,0.09193180734559192,0.647636117531524,0.8264325007987703,0.18866893940097976,,non significant
Q05030,28.941139151754648,28.858779548850748,28.92257715720515,-0.06379760835440251,0.6483480430810187,0.8264325007987703,0.18819179565467675,,non significant
O08838,27.144747149460034,27.0004540904231,26.912013711052776,0.08844037937032567,0.6494367420721476,0.8264325007987703,0.18746314467860933,,non significant
Q641Y8,28.120807824887258,28.125645714657296,28.068668546406247,0.05697716825104848,0.6505467326626404,0.8264325007987703,0.1867215000116804,,non significant
Q8CFG6,28.999289851838615,28.831511567160884,28.750373455736078,0.08113811142480643,0.646149666671822,0.8264325007987703,0.18966687537758112,,non significant
P08081,27.56811050323968,27.3244733224204,27.2543852419531,0.07008808046730053,0.6509003470283843,0.8264325007987703,0.1864854969133755,,non significant
Q6P799,28.451037025156914,28.3642001172778,28.41322463253452,-0.04902451525671836,0.6484311589542837,0.8264325007987703,0.18813612424182505,,non significant
P11884,26.262795537136437,26.14124790966845,26.03617960085975,0.10506830880870055,0.6459187661123873,0.8264325007987703,0.189822097558317,,non significant
B2RZ37,28.276734966007275,28.069064941709353,28.225769294893414,-0.15670435318406106,0.653984386549105,0.8265217419865992,0.1844326200496021,,non significant
P56536,29.857331823091272,29.639315077287957,29.730150065495376,-0.09083498820741909,0.6521565121093563,0.8265217419865992,0.18564816471532725,,non significant
Q6GMN2,27.833390623144187,27.644833765610542,27.73408854283157,-0.08925477722102926,0.6537710632952483,0.8265217419865992,0.18457430573379383,,non significant
P08082,26.622720413961268,26.52474146600694,26.60465243821453,-0.07991097220758903,0.6531596484700476,0.8265217419865992,0.1849806533721494,,non significant
Q5M7W5,28.347480848059913,28.24934677001055,28.323974754905446,-0.07462798489489586,0.6570615840227243,0.8266015569643675,0.18239392367032756,,non significant
Q9WVK7,25.454832439837944,25.347772939857546,25.14560114870856,0.20217179114898443,0.6566705103212307,0.8266015569643675,0.1826524865178429,,non significant
Q5XI32,27.629155257396135,27.33070914745434,27.22990562327217,0.10080352418216876,0.6553592893887599,0.8266015569643675,0.1835205402849735,,non significant
O54874,30.574836242674085,30.472920332498195,30.380731494112453,0.09218883838574143,0.6568294921295278,0.8266015569643675,0.18254735530767957,,non significant
A0A096MJN4,27.299219150604408,27.287566805689128,27.042858953019948,0.24470785266917972,0.6579475650235156,0.8267680169883124,0.1818087160035752,,non significant
P60892,26.68970517237896,26.502559701880738,26.603983448082047,-0.10142374620130923,0.663758171460483,0.8331152335150456,0.17799011932162,,non significant
Q9Z339,26.317413898839458,26.234055124090887,26.294122369268802,-0.060067245177915396,0.6654977398176777,0.8343440235199913,0.17685341515005365,,non significant
Q66HL2,29.412387124097904,29.305991863080067,29.35738397957621,-0.05139211649614239,0.6696457437369099,0.8382348101377886,0.1741548871922594,,non significant
P61983,28.421562893276963,28.295222506436485,28.22490228657352,0.070320219862964,0.6704652592243255,0.8382348101377886,0.17362372059844933,,non significant
P34926,29.75085560496704,29.600166543297338,29.56345381397823,0.036712729319106074,0.6708934943491143,0.8382348101377886,0.17334641945514814,,non significant
P02401,26.245917516310417,26.15152397830022,26.4373785797688,-0.2858546014685821,0.6742128236239344,0.8393957767431817,0.17120299139358647,7.163303756347221,non significant
Q794E4,28.0851401850345,27.790719309942407,27.93389946523614,-0.1431801552937344,0.6760255630300778,0.8393957767431817,0.17003688146517,,non significant
Q5GFD9,27.189289035822853,27.049784876166736,26.89359524240638,0.15618963376035566,0.676027552874655,0.8393957767431817,0.17003560314479993,,non significant
Q05764,27.745964987268092,27.491636857186197,27.54469612539144,-0.053059268205242205,0.6756264263846579,0.8393957767431817,0.1702933718177566,,non significant
P23977,26.744388195109266,26.66485676073276,26.779350253701736,-0.11449349296897537,0.6777023956880874,0.8393957767431817,0.16896097911978308,,non significant
Q03626,27.45260001354469,26.771856190203362,26.827046250798926,-0.05519006059556375,0.6787092561268935,0.8393957767431817,0.16831622793035111,,non significant
P0C2B9,26.488717756998994,26.25336053883055,26.368035056261586,-0.11467451743103751,0.6782136798948979,0.8393957767431817,0.16863345454178783,,non significant
Q68FP1,28.0859970992388,27.982741545885105,27.90749724916698,0.07524429671812527,0.6772851168267612,0.8393957767431817,0.16922846780280631,,non significant
Q62658,27.441391987896235,27.33765199354043,27.240640715262003,0.09701127827842626,0.6745360297189071,0.8393957767431817,0.17099484793396003,,non significant
P18265,25.69399835955847,25.645613714759516,25.562965113164406,0.08264860159511045,0.681104167903441,0.8404626233859109,0.16678646211655848,,non significant
Q920H8,26.967395995210953,26.867969803605373,26.919194780805043,-0.05122497719967001,0.6810846791691869,0.8404626233859109,0.16679888895409217,,non significant
Q63357,28.755460139767045,28.64853844174524,28.690437006859202,-0.04189856511396073,0.6819716464435726,0.8405875237624709,0.1662336811339514,,non significant
Q63362,25.829103844465543,25.715958863244797,25.65336464821594,0.06259421502885587,0.6851014014202879,0.8433673655707794,0.16424514410158386,,non significant
Q63210,27.675535336499912,27.557757306949444,27.66495580312918,-0.10719849617973409,0.685764530619084,0.8433673655707794,0.16382498138901186,,non significant
P10362,29.42167223253709,29.481933117913716,29.62902879197004,-0.14709567405632384,0.6890656777306112,0.8446675707879319,0.1617393816967293,,non significant
Q9EPB1,24.733686940747848,25.146955317086736,25.280114093556907,-0.1331587764701716,0.6891317008707375,0.8446675707879319,0.1616977715675825,,non significant
P08010,26.40627078934413,25.923124478195728,26.074096188290216,-0.1509717100944883,0.6883650486562115,0.8446675707879319,0.16218118883996388,,non significant
Q4QQS8,28.37749594715827,28.36161446930792,28.435818655216305,-0.07420418590838551,0.6926530698264464,0.847090766554751,0.15948423665341735,,non significant
P23928,25.75451622438699,25.875297849287467,26.13673473297942,-0.26143688369195317,0.6922437482468029,0.847090766554751,0.15974095774082187,,non significant
Q5U300,29.257271485695718,29.204454889509094,29.238756837921354,-0.034301948412259975,0.6945935211329992,0.8475740741745275,0.15826927191686324,,non significant
O70352,23.580862123999523,23.31207084304771,23.407754358438456,-0.09568351539074627,0.693827672941054,0.8475740741745275,0.1587483825482617,,non significant
P13668,28.16508417967617,28.073010535546345,28.03314043924151,0.039870096304834846,0.6958120647368897,0.8481175944626311,0.15750804525897996,,non significant
P38650,31.530258956044122,31.461707159044114,31.5012607168069,-0.039553557762786795,0.6984036477814558,0.8486674326127819,0.15589350096454246,,non significant
Q6PST4,27.779050003015595,27.848296960328224,27.936250743986232,-0.08795378365800843,0.7000646224680661,0.8486674326127819,0.1548618687201578,,non significant
Q5U318,26.804765497265702,26.53849063746847,26.368839255757734,0.1696513817107359,0.70013129126214,0.8486674326127819,0.1548205118084294,,non significant
O70511,29.399220886982203,29.38868035550671,29.320910345031205,0.06777001047550613,0.6975422553695063,0.8486674326127819,0.1564294787813054,,non significant
Q9R063,29.738501368108878,29.59628645476629,29.53118752885537,0.06509892591092026,0.7001073884582764,0.8486674326127819,0.1548353390746253,,non significant
P85973,28.945386671531853,28.863985026566112,28.80490564418177,0.059079382384343404,0.7012546842412748,0.8490909366585855,0.15412422472566734,,non significant
P62628,26.491904241385043,26.420701204913183,26.535599216388437,-0.11489801147525469,0.7039876030371663,0.851460199042747,0.15243498855668788,,non significant
M0R8U1,31.103930940421062,31.142496390540003,31.079347322923464,0.06314906761653916,0.7096989346825232,0.8545990464837848,0.1489258466829757,,non significant
P37377,26.811013014381402,26.523389257150644,26.651739655551655,-0.12835039840101103,0.7077121398578812,0.8545990464837848,0.15014335458822917,,non significant
Q9WTY9,23.960223139963443,23.867484429664007,23.961866435870387,-0.09438200620638071,0.709623523812341,0.8545990464837848,0.14897199620260104,,non significant
Q9QUH6,29.685013861096852,29.672420330105993,29.576669912536588,0.0957504175694055,0.7083299355263712,0.8545990464837848,0.1497644036072429,,non significant
Q5U4E6,30.854363583980216,30.775765679237526,30.81022543985891,-0.03445976062138456,0.7152184996956966,0.8567731075724405,0.14556126069445133,,non significant
P63100,26.077052094041356,25.58856215625774,25.451979896757624,0.13658225950011627,0.714444107668033,0.8567731075724405,0.14603174123385,,non significant
P01041,24.75131532946431,24.845284618409465,24.64991026662406,0.19537435178540363,0.7154094498964043,0.8567731075724405,0.1454453275211874,,non significant
P35280,25.69671654950458,25.62575237531442,25.701057299527758,-0.0753049242133379,0.7142237553635575,0.8567731075724405,0.14616570909740106,,non significant
P19492,27.363595675438628,27.41797983300515,27.47602110880827,-0.05804127580312013,0.712956291932832,0.8567731075724405,0.14693709392685617,,non significant
P10499,27.94912840065015,27.960962155419228,28.025999304226502,-0.06503714880727429,0.7175677621807321,0.8584207580286403,0.1441370808635092,,non significant
P04550,23.294927029496538,22.487955388828198,22.271211343510274,0.2167440453179239,0.7215979854434291,0.8613634276729508,0.14170468792734459,,non significant
Q80W89,25.221150080643135,25.11992268779785,25.013241787972266,0.10668089982558371,0.720948078189996,0.8613634276729508,0.14209601151849657,,non significant
Q63569,27.17926567735586,27.07959990365758,27.0061978708511,0.07340203280648083,0.7236399922588261,0.8628620342477524,0.1404774396875944,,non significant
P63029,26.710023887873326,26.66962570801719,26.616071442728142,0.05355426528904772,0.7268888064206787,0.8657948106878224,0.13853201892266653,,non significant
P29101,27.387663536534255,27.391059055020488,27.465433358049797,-0.07437430302930892,0.7282669945977716,0.8660170702255222,0.13770937202962244,,non significant
Q6IMY8,27.830604405818935,27.673575023327118,27.612262493127755,0.06131253019936267,0.7286542897157311,0.8660170702255222,0.1374784739867825,,non significant
P18418,27.990515956888828,27.7304442243412,27.646825536938195,0.08361868740300338,0.7307816804477603,0.8676055232155769,0.1362123482655467,,non significant
P26284,28.609503834062405,28.56242247858017,28.527315115228532,0.035107363351638554,0.7328454890657221,0.8691151367622671,0.13498758104724395,,non significant
Q8VIL3,27.39339954653834,27.358058723356265,27.39276697633061,-0.03470825297434388,0.7351244396447179,0.8708763610045955,0.13363913863469384,,non significant
Q6AYR6,26.979874423221645,26.91005552809621,26.97428097419846,-0.06422544610225245,0.7375142269822377,0.8712323605093142,0.13222959753246433,,non significant
Q6AYP5,26.581120834484903,26.32880588034595,26.165579983769145,0.16322589657680453,0.7386017276879326,0.8712323605093142,0.13158968081114616,,non significant
P16409,24.846723226868168,24.8903917300719,24.7146145455135,0.1757771845584024,0.7382388016051344,0.8712323605093142,0.13180313215561368,,non significant
Q64548,26.95450433127546,27.146709434750434,26.960105425925434,0.18660400882500028,0.7369680727064787,0.8712323605093142,0.13255132645267934,,non significant
Q4KM74,25.898271273135514,25.777029932147247,25.885124365871388,-0.10809443372414052,0.7432374100243333,0.8757587956999932,0.1288724387369086,,non significant
Q5M9I5,25.92250273912764,25.911259540050875,25.96750225892548,-0.05624271887460708,0.7446978639388082,0.87653815100952,0.12801989186754653,,non significant
Q6IG12,28.726276937159774,28.451383522122768,28.527938408926115,-0.07655488680334699,0.7466224472507923,0.8778615483752616,0.1268989571225409,,non significant
Q9Z214,27.064258832557353,26.980003417057873,27.107241876919414,-0.12723845986154103,0.7534877942303247,0.8812112049793883,0.12292377844072538,,non significant
Q9JMB5,25.97563025898809,25.984827027916396,25.898744747375375,0.08608228054102085,0.7506704305064373,0.8812112049793883,0.12455069099495612,,non significant
P45479,24.58199388816557,24.54744892791379,24.496809521796212,0.050639406117579,0.7511806084952628,0.8812112049793883,0.1242556317805545,,non significant
F1LMY4,30.554125347124593,30.52581349944747,30.489892595044378,0.035920904403091924,0.7529539130777114,0.8812112049793883,0.1232316053511919,,non significant
Q68FW9,26.498399096329692,26.396644796410897,26.334883717593087,0.06176107881780979,0.7524883024412873,0.8812112049793883,0.12350024686327071,,non significant
Q68FR2,28.26939041950491,28.21307176040099,28.26500751921465,-0.051935758813659305,0.7546542631750355,0.8816354916965005,0.12225197020551336,,non significant
P16638,28.619482123425186,28.620637651002042,28.66353403931571,-0.042896388313668155,0.7556961123906146,0.8819134418005364,0.12165281196463379,,non significant
P49186,20.506554065402636,20.257827480908546,20.700886756252984,-0.4430592753444387,0.7576761174648771,0.8823468161984821,0.1205164018315845,2.7579752210349873,non significant
Q6QIX3,26.90071757715643,26.778659460663878,26.891815966106027,-0.11315650544214861,0.7570410470600079,0.8823468161984821,0.12088057224580462,,non significant
Q5XI78,29.074515282700578,28.993640165886372,29.029296807320573,-0.03565664143420122,0.7593124000863628,0.8829694026210985,0.11957950774079854,,non significant
P11598,28.937585067587168,28.77162779410686,28.73469625333627,0.036931540770588356,0.7598205251361139,0.8829694026210985,0.11928897896640432,,non significant
P63142,24.93450745217201,24.713730153721837,24.57959285341111,0.13413730031072646,0.76216896108497,0.8847612172594838,0.11794874160951085,,non significant
Q812D1,28.589226454375353,28.54965067748871,28.517694649983948,0.03195602750476212,0.7664692315094069,0.8888126289279276,0.11550527440893496,,non significant
Q5XI22,26.199318955921022,26.07742300858422,26.178371721191656,-0.10094871260743687,0.7691688414924126,0.8900614125708614,0.11397831705185113,,non significant
Q62718,25.156891046945297,25.070768041298976,24.95105652233134,0.11971151896763743,0.7689911712032712,0.8900614125708614,0.11407864631002784,,non significant
P51146,26.301274475827654,26.11362182236286,26.171019520765423,-0.057397698402564146,0.7711679750409456,0.8911612436669472,0.11285101405308189,,non significant
Q792I0,25.41734108510519,25.157600101229814,25.242911588364255,-0.08531148713444026,0.7717440122913398,0.8911612436669472,0.11252673138123245,,non significant
Q03346,27.738855720244867,27.531582477371902,27.60582574994804,-0.07424327257613683,0.7743651273548562,0.893247681081259,0.11105421321305246,,non significant
P19643,24.24484894721733,24.140579525887574,24.189754231869628,-0.04917470598205398,0.7751996006341411,0.8932709683777865,0.11058645969624036,,non significant
P18666,25.558769911516276,25.77995885986017,25.710715009948597,0.0692438499115724,0.7761641941195498,0.8934439884041409,0.11004639593634857,,non significant
D3ZFB6,24.7435137979063,24.61869751818024,24.65981058271062,-0.04111306453037855,0.7770259972920599,0.8934984476199054,0.10956445057925471,,non significant
P43244,28.668237245293955,28.562733237921606,28.598317050774508,-0.03558381285290224,0.7802544988607998,0.8962713981678506,0.10776371856165258,,non significant
Q63421,29.534384245546654,29.448459676573407,29.400047088881603,0.048412587691803566,0.7851931118475344,0.900460996546031,0.1050235189290459,,non significant
P07943,27.494568352826562,27.270237499670134,27.23420407129504,0.036033428375095156,0.7855434582448055,0.900460996546031,0.10482978369360309,,non significant
O70351,29.012628443195897,28.97206011835219,28.900815128454397,0.07124498989779227,0.788508149735909,0.9019743902609928,0.1031938136007178,,non significant
Q63081,27.560500352937662,27.878450149849783,28.043556248968315,-0.1651060991185318,0.7879647003911646,0.9019743902609928,0.10349323780069238,,non significant
F1M0Z1,29.635223604554945,29.54374391375301,29.570949759209142,-0.027205845456133915,0.7897759360219649,0.9024835435584329,0.10249610307869356,,non significant
P00159,25.84536874729483,25.60103139853548,25.53685292831457,0.06417847022090939,0.7927724061305442,0.9032735003641105,0.10085147466026415,,non significant
P14046,25.050050389396457,25.03611045076791,25.117992943681795,-0.08188249291388416,0.7921967556979398,0.9032735003641105,0.10116694050452,,non significant
P39069,27.40299867171702,27.328872246768924,27.277567507362516,0.05130473940640812,0.7929374483597433,0.9032735003641105,0.10076107107290164,,non significant
B0BNN3,24.07819614700491,24.234020592060418,24.09075330806829,0.1432672839921274,0.7955706422230342,0.9053329818658387,0.09932125138442974,,non significant
P62944,29.236456984688495,29.102615691977846,29.07759371924,0.025021972737846454,0.8017672068964771,0.9058070298305204,0.09595171081330207,,non significant
Q9ERC1,28.670369021181635,28.705684258486993,28.668071669406753,0.0376125890802399,0.8010414783898514,0.9058070298305204,0.0963449953147146,,non significant
Q62634,27.243156718087594,27.0873353571719,27.034699703715756,0.05263565345614296,0.796887958699217,0.9058070298305204,0.09860273549121763,,non significant
P21807,27.39243577853209,27.18106377927607,27.237907544251318,-0.056843764975248234,0.7993888814184891,0.9058070298305204,0.0972418965715078,,non significant
Q5XIT1,27.306542666404713,27.11421467810136,27.176600739538117,-0.062386061436757956,0.7994739997531901,0.9058070298305204,0.09719565567925906,,non significant
Q64578,29.454226748626514,29.44086929703823,29.486343284515556,-0.045473987477326006,0.7981941231129503,0.9058070298305204,0.09789147413281785,,non significant
Q9WVB1,26.703643049057387,26.534935945742745,26.46128211525492,0.07365383048782448,0.8004940480125264,0.9058070298305204,0.09664189288262778,,non significant
P48721,29.324712088434918,29.120473637168043,29.061607348398343,0.05886628876969979,0.8037907161789114,0.9059339721126052,0.09485701423698475,,non significant
Q9JLJ3,28.54533441409875,28.523832967844523,28.568433395507487,-0.04460042766296368,0.8047763909285084,0.9059339721126052,0.0943247726458347,,non significant
P97536,29.32441104885539,29.0639012210174,29.000836243652902,0.06306497736449757,0.8029099813791412,0.9059339721126052,0.09533314311705954,,non significant
Q8CGU9,28.527000132502028,28.49152679916838,28.45829808741308,0.0332287117552994,0.8051828831447494,0.9059339721126052,0.09410546606703558,,non significant
P23505,26.834829408080957,26.25310168002692,26.437197903974788,-0.1840962239478685,0.8064765354500565,0.9064597944556475,0.09340826395115949,,non significant
P04905,26.44237535764756,26.323456694153688,26.395428726690156,-0.07197203253646833,0.8075473071251874,0.9067342844588849,0.0928320267409716,,non significant
P19945,27.381604448816198,27.283713661814314,27.257254154051253,0.02645950776306094,0.8085184658286662,0.9068235857338042,0.09231005675212241,,non significant
E9PT87,28.062261279269553,27.804138440650515,27.877788477663533,-0.07365003701301731,0.80954624852171,0.9068235857338042,0.09175833541705238,,non significant
P59215,28.959058594244635,28.768619239580584,28.705932367016587,0.0626868725639973,0.8101067584495243,0.9068235857338042,0.09145774463943294,,non significant
Q29RW1,31.361843969044724,31.32013736435383,31.34773482145016,-0.027597457096330658,0.8174128405508052,0.9124674589183762,0.08755854433844729,,non significant
Q68FR8,29.56716260449279,29.437159742176018,29.377561217790273,0.05959852438574487,0.8169166749976338,0.9124674589183762,0.08782223898071238,,non significant
Q5XIH7,28.058265248923252,27.92815091828774,27.862084999821676,0.06606591846606591,0.8176440402158284,0.9124674589183762,0.08743572446522115,,non significant
P34064,26.967198461658533,26.088194061152183,26.21825486677442,-0.13006080562223588,0.820942542682394,0.914288293728514,0.08568723784913186,,non significant
Q68FR9,25.81373997020007,25.399786405912877,25.48944098678656,-0.08965458087368106,0.8208664064777187,0.914288293728514,0.08572751724169352,,non significant
B2RYW9,26.70692373464886,26.624656436369733,26.67042653791339,-0.04577010154365624,0.8240992091582345,0.9159441058222728,0.08402050262761886,,non significant
O35303,29.88732661175741,29.83696729262031,29.863853694371997,-0.02688640175168544,0.8239504697495866,0.9159441058222728,0.08409889432347542,,non significant
D3ZQL7,27.955056291572046,27.802206746843343,27.840778347743413,-0.03857160090007028,0.828121891731125,0.9190460089937794,0.08190573445893694,,non significant
P63004,28.100789469556467,28.02859991853936,27.99163026132398,0.036969657215379925,0.8294034174146232,0.9190460089937794,0.08123417953233898,,non significant
Q5U211,26.044357746905625,26.078435376400858,26.046834858986497,0.03160051741436121,0.8292585381824408,0.9190460089937794,0.08131004821797068,,non significant
P38652,27.138189238513828,27.05016744405579,27.095787153110503,-0.04561970905471213,0.8306447791278155,0.9194927575209018,0.08058466026693827,,non significant
P09215,28.363623009037305,28.281267127150063,28.306947770153624,-0.025680643003560988,0.8325069664284541,0.9199097096468709,0.07961212362491275,,non significant
P43425,27.438244333388518,27.34886750345497,27.314344208862384,0.034523294592585074,0.8326985794706863,0.9199097096468709,0.07951217621905125,,non significant
Q5U1Z2,26.95290946518961,26.690512863087836,26.622603835687844,0.06790902739999183,0.8343345812834857,0.9202184442508433,0.07865975551799989,,non significant
P97874,29.66348118098009,29.662873447390094,29.706748544103345,-0.04387509671325063,0.8346557447854048,0.9202184442508433,0.07849261310115636,,non significant
P04897,29.0641407646711,29.085854452999882,29.128032987395333,-0.042178534395450384,0.8370804880990739,0.9213840944795927,0.07723278112658867,,non significant
Q9Z1P2,29.1090381938741,29.049303102951427,29.02246104839576,0.026842054555668682,0.8380525623002486,0.9213840944795927,0.07672874175030456,,non significant
Q6IFW2,28.30693073555435,28.310888925532662,28.354603528823592,-0.04371460329092969,0.838232749581252,0.9213840944795927,0.07663537537455017,,non significant
P0C0S7,23.00429165019524,22.669872297345197,22.56020061632118,0.10967168102401814,0.8418924603425052,0.9217126037881519,0.07474337983358487,,non significant
Q924S5,28.129315969028987,28.07879159530137,28.055218699344454,0.02357289595691725,0.8398328445885774,0.9217126037881519,0.07580714476756015,,non significant
Q9JJ54,26.591382434587025,26.481585990959527,26.527364056107203,-0.04577806514767602,0.8414311398141507,0.9217126037881519,0.07498141958405251,,non significant
Q01066,27.719596913586084,27.327144107389547,27.387375096435775,-0.0602309890462287,0.8418278196061558,0.9217126037881519,0.07477672636441995,,non significant
Q5XIF3,25.947946914461962,25.79936681722565,25.84793389504824,-0.04856707782258951,0.8479953195694179,0.9230524125183832,0.07160654478430545,,non significant
P07936,27.870428453869692,27.746771740260574,27.775489599597723,-0.02871785933714932,0.8469268154052438,0.9230524125183832,0.07215411627952636,,non significant
P0CC09,21.47653027264105,21.91866594455966,21.664032645598557,0.2546332989611031,0.8481648421317505,0.9230524125183832,0.07151973374453849,,non significant
P47861,28.156673447798376,28.080360003374466,28.108280814354845,-0.027920810980379684,0.8481621570619428,0.9230524125183832,0.07152110861035336,,non significant
P03994,26.541384720824126,26.6876863259213,26.639820949538716,0.04786537638258537,0.8477472942431601,0.9230524125183832,0.07173358768628449,,non significant
P54708,28.726974598067894,28.772849682903082,28.797830621309316,-0.024980938406233832,0.8462345601918901,0.9230524125183832,0.07250924207003075,,non significant
P16884,31.437588367521908,31.32004609959807,31.279175995850903,0.04087010374716726,0.8508334406790496,0.9250389340187488,0.07015544916778689,,non significant
Q63692,28.28399365363371,28.31290852935406,28.34241742556419,-0.0295088962101282,0.8518910041199023,0.925271714375775,0.06961596783586865,,non significant
P24368,27.52278136536768,27.42667075366323,27.377558811307626,0.04911194235560501,0.8534387397195063,0.9259163446006509,0.06882764731622577,,non significant
Q02253,27.667188356997503,27.44227022345242,27.386251970763777,0.05601825268864502,0.8541725986653225,0.9259163446006509,0.06845436458716424,,non significant
Q62698,28.377103367089635,28.21243993556851,28.160314687047688,0.052125248520823675,0.855654553527428,0.9266071522404625,0.06770153412780562,,non significant
P03889,24.669532969678066,24.50908774576202,24.48669344488432,0.02239430087769989,0.8588181891699814,0.9282005453393789,0.06609876608429817,,non significant
Q01205,28.52180362952435,28.33623744866118,28.394345620191984,-0.0581081715308045,0.8587280614308446,0.9282005453393789,0.06614434503717445,,non significant
O88480,28.804878457724985,28.764567147988753,28.74257227216654,0.02199487582221238,0.859881784503268,0.9284353519685876,0.06556125092718564,,non significant
P31977,29.941740433029384,29.902572150625115,29.884847697525828,0.017724453099287274,0.8615124942708045,0.9292543657252174,0.06473841972086469,,non significant
Q5FVI4,23.094668719369,23.126096867598438,23.17592682230718,-0.0498299547087413,0.8623344980020705,0.9292543657252174,0.06432423944471442,,non significant
P09216,27.099681157084422,26.869013846036847,26.886065132283193,-0.01705128624634611,0.8686409970266783,0.9322675728634983,0.06115967720463206,,non significant
Q63150,26.675609009975144,26.63690977579384,26.586459882678597,0.05044989311524262,0.8707113624933549,0.9322675728634983,0.06012578810513176,,non significant
P05714,26.24635843710877,26.21855284538923,26.25206368556172,-0.03351084017248951,0.8704847573924632,0.9322675728634983,0.060238829185708546,,non significant
P47709,29.37133594822756,29.3133622592042,29.299585161311303,0.013777097892898382,0.870257987267949,0.9322675728634983,0.06035198205059482,,non significant
Q5XIF6,30.865935397533292,30.60974549541382,30.55313453682005,0.056610958593768856,0.8709404813531825,0.9322675728634983,0.06001152295225559,,non significant
P56603,26.27353296644435,26.29840499792705,26.32819714444255,-0.02979214651550066,0.8710795462033598,0.9322675728634983,0.05994218379859301,,non significant
Q6AY56,24.779829962840644,24.303726152435214,24.228577424425897,0.07514872800931727,0.8681811055458788,0.9322675728634983,0.06138967005969484,,non significant
Q62625,23.33661230400933,22.939453017829504,22.840609172051185,0.09884384577831895,0.8763626092900609,0.9342449307420057,0.05731616023663127,,non significant
Q9EQS0,29.13012421194309,28.976971744920462,28.947185587774154,0.029786157146308057,0.8739306350127565,0.9342449307420057,0.05852303650368464,,non significant
O35952,26.208705527957147,25.82072283752608,25.772528870272463,0.04819396725361713,0.8767937455287234,0.9342449307420057,0.057102556820530344,,non significant
P01835,23.00879364531713,23.040857053544343,22.974655870345,0.0662011831993432,0.8749748229726507,0.9342449307420057,0.058004443436385174,,non significant
Q63803,29.736998616338315,29.67805112070721,29.66067660430723,0.017374516399979,0.8771853041606799,0.9342449307420057,0.05690865284424817,,non significant
P27653,29.3627033922316,29.306182643473306,29.28127660327668,0.024906040196626122,0.8792730607071795,0.9355601819551658,0.055876232614042724,,non significant
Q75Q39,27.740189129992345,27.698189737807496,27.727785190913703,-0.02959545310620726,0.8873925454022333,0.9423448230526132,0.051884223922679155,,non significant
Q7TP54,28.228208426253957,28.283575361226273,28.30691248810324,-0.023337126876967318,0.888226569768826,0.9423448230526132,0.05147623979621065,,non significant
Q63942,22.974552889008617,22.965999290284984,23.026270045366417,-0.06027075508143298,0.8872180455012808,0.9423448230526132,0.05196963347078967,,non significant
P85972,29.32112764790093,29.339972113186317,29.33175223802965,0.008219875156665779,0.8903007589534635,0.9436327850936709,0.05046325640127995,,non significant
H1UBN0,24.817000029920926,24.72883689981775,24.74868506072397,-0.019848160906221324,0.8959707556879628,0.9478109151298892,0.04770616539436568,,non significant
Q5BK56,25.898390641261933,25.91639918850549,25.89929133394261,0.01710785456288022,0.8955315030760366,0.9478109151298892,0.04791913190156448,,non significant
Q5XIN6,29.420943628438565,29.259724278237556,29.23708351857145,0.022640759666106902,0.9005085288799076,0.9516935030647964,0.04551216954301556,,non significant
P36860,27.575803076325617,27.452399931114986,27.415410897756633,0.036989033358352685,0.9048846313072028,0.9548401211210542,0.04340678784512399,,non significant
P32851,29.053557839560806,28.991484066409487,28.967225437373155,0.024258629036332024,0.9052267328768426,0.9548401211210542,0.04324262907715672,,non significant
Q4FZT2,28.911375692688047,28.87085800008104,28.902879985237632,-0.03202198515659305,0.9079415841393723,0.9549491062328777,0.0419420925604525,,non significant
P49911,28.170891196377145,28.037371360733584,28.05751832851101,-0.020146967777424862,0.9071140855966044,0.9549491062328777,0.04233808931338792,,non significant
Q5RKI1,28.901526069422072,28.79665702431716,28.80777817099262,-0.01112114667546038,0.9074789390164573,0.9549491062328777,0.042163445382840795,,non significant
Q5I0G4,28.689609972231782,28.59054073623931,28.572632420040634,0.017908316198674612,0.9108410466811905,0.956876169761857,0.040557406311762086,,non significant
P0DP31,30.616641969696314,30.45011425826364,30.426494943329192,0.023619314934446578,0.9115183203292074,0.956876169761857,0.040234598168715156,,non significant
P11232,26.40070280989224,26.317688704128866,26.298261377393278,0.019427326735588224,0.9147135739139531,0.9583961705669595,0.038714876143788844,,non significant
P63025,27.74413260025619,27.61982728851159,27.637761184700363,-0.01793389618877228,0.914253832829085,0.9583961705669595,0.03893321029204273,,non significant
Q91ZN1,28.331572162221093,28.21640134580551,28.23694524286444,-0.02054389705892845,0.9212134526556337,0.9642854556901052,0.035639728576402324,,non significant
P24587,26.923782927142714,27.030561203189155,27.013159673865754,0.017401529323400666,0.922572859234513,0.9647878232414306,0.03499932585832164,,non significant
Q6MGD0,22.89736664872952,22.8646820276584,22.843767198937254,0.02091482872114625,0.927543465289984,0.9653844226025735,0.03266572991421095,,non significant
P20689,28.155162796423852,28.092526582581957,28.105623694125615,-0.013097111543658002,0.9264904041885643,0.9653844226025735,0.03315907438020191,,non significant
Q4KLH4,28.685948039215273,28.679101347310105,28.663725232747556,0.015376114562549503,0.9264171470054968,0.9653844226025735,0.03319341520887635,,non significant
P13437,25.865535985253352,25.687112316346838,25.728283883882398,-0.04117156753556017,0.9270997486291478,0.9653844226025735,0.03287353667678411,,non significant
P21708,28.011459319660744,27.9950063837189,28.007222999088157,-0.012216615369258221,0.9267495985720886,0.9653844226025735,0.0330375934159758,,non significant
Q64232,28.69225759774805,28.719559849734726,28.74461475465937,-0.02505490492464446,0.9329340664324008,0.9700745695510368,0.030149048211064424,,non significant
Q76EQ0,26.216387380606736,26.087394758022523,26.035695991337178,0.051698766685344566,0.9373770992482031,0.9714134366715798,0.028085660791939998,,non significant
Q5U1X1,27.478971249839415,27.326786410318704,27.338799118774052,-0.012012708455348076,0.9430444311517839,0.9714134366715798,0.02546784517415534,,non significant
P62483,26.399160604366237,26.263257696065846,26.2560946473601,0.007163048705745467,0.9435205467981705,0.9714134366715798,0.025248637879648983,,non significant
Q4V8B7,25.453231023762452,25.343151240074278,25.353859252065163,-0.01070801199088578,0.9406352824312002,0.9714134366715798,0.02657873526695497,,non significant
A1L108,24.17670251324254,23.938632019407155,23.960308955351323,-0.021676935944167752,0.9380578421498205,0.9714134366715798,0.027770381501546874,,non significant
B2GUZ5,24.842248766581253,24.33038604982437,24.40798065043944,-0.07759460061507184,0.94158648730805,0.9714134366715798,0.026139782672755386,,non significant
P06866,26.591886763763434,26.685053945169656,26.674323650179645,0.010730294990011657,0.9439623732834129,0.9714134366715798,0.02504531650814127,,non significant
Q68FQ0,28.389547653301133,28.272432308722674,28.255414829653514,0.0170174790691604,0.9360055586063377,0.9714134366715798,0.028721572132737325,,non significant
P85515,27.073771408764728,27.048689540990978,27.057741970261173,-0.009052429270195006,0.937017473182027,0.9714134366715798,0.028252310461441336,,non significant
P00884,27.013147915050137,27.041592406088725,27.02419760085328,0.01739480523544401,0.9405436555399389,0.9714134366715798,0.02662104177219696,,non significant
A8WCF8,25.423450908543355,25.415924470215447,25.390195194328744,0.025729275886703817,0.9408539319413959,0.9714134366715798,0.026477795781943928,,non significant
P04177,27.519007085263258,27.557314293440914,27.544279463588456,0.013034829852458074,0.9460810578887515,0.9726812750740023,0.024071652725370395,,non significant
P21913,29.138608544607333,28.900346142574463,28.88974289405228,0.010603248522183861,0.9526400202517726,0.9785075863447515,0.021071177800885837,,non significant
P54313,25.349440574218363,25.081885023850745,25.066877120870007,0.015007902980737953,0.9549840995224554,0.9799977148513879,0.02000385935567259,,non significant
P30839,26.432928451354346,26.459210004737656,26.466981605068195,-0.00777160033053903,0.9626778952393209,0.9801127720458395,0.01651900022783959,,non significant
P47819,29.2114160721428,29.022497394094074,29.005204589077078,0.017292805016996482,0.9581677522524912,0.9801127720458395,0.018558449690008867,,non significant
P15205,32.59081961174505,32.77605269317293,32.76147162939335,0.014581063779580461,0.961186770582545,0.9801127720458395,0.017192215294831788,,non significant
P09605,26.537071625070705,26.183631684807953,26.16595288028618,0.01767880452177195,0.958916109047488,0.9801127720458395,0.018219385500245124,,non significant
Q9Z2F5,28.363042675160916,28.24691981056185,28.235929682566013,0.010990127995835763,0.9625543740245506,0.9801127720458395,0.01657472813444367,,non significant
Q5PPG6,23.787532806394086,24.039974767831662,24.024149866308182,0.01582490152348015,0.963137254571937,0.9801127720458395,0.01631181811363827,,non significant
Q9JI66,27.306516363569,27.21848354020665,27.21087858495215,0.007604955254496559,0.9601141290518018,0.9801127720458395,0.017677139177758865,,non significant
P97846,30.745649501251403,30.67322932503366,30.66443565301203,0.008793672021628396,0.961449883546325,0.9801127720458395,0.01707334883220109,,non significant
P49185,25.434440457550114,25.284920182292854,25.298290562277234,-0.013370379984380065,0.9621059552188884,0.9801127720458395,0.016777097158676667,,non significant
Q63372,28.82169757805765,28.624043690653494,28.63528731218867,-0.011243621535175663,0.9644843352231903,0.9805739719553659,0.015704821603689474,,non significant
P55067,27.405734255827717,27.338564365492662,27.344932882708093,-0.006368517215431524,0.9665424758384547,0.9812084784324026,0.014779055637589428,,non significant
P10687,28.629830473984352,28.476719602907696,28.46994387376604,0.006775729141654807,0.9668973246904531,0.9812084784324026,0.014619641416344155,,non significant
Q64119,25.526123937364158,25.349996158975316,25.338524971324947,0.011471187650368364,0.9745580832392138,0.9880685927111067,0.011192272012177838,,non significant
P30835,27.96023549679046,27.906631233609886,27.901227667173643,0.005403566436243068,0.9771207144937504,0.9897520072018875,0.01005177978170837,,non significant
P17659,29.78830737742663,29.84696698719982,29.854626134952785,-0.007659147752963946,0.9785165710151834,0.9902515483428562,0.009431815238973504,,non significant
P48675,27.071502464135733,26.855610221128014,26.859169808225904,-0.003559587097889505,0.9827981145935386,0.9929348544825707,0.0075356853445897294,,non significant
P52873,28.81539562998337,28.754504368555427,28.7605498333625,-0.006045464807073131,0.9829783518396278,0.9929348544825707,0.0074560465423495715,,non significant
O54889,28.86598827551925,28.78299857306543,28.784917325216796,-0.0019187521513650552,0.9871765919578249,0.9962582533373817,0.005605151228252818,,non significant
Q6P502,28.837029707886504,28.672887722487598,28.671009585203482,0.0018781372841161215,0.9935938619281108,0.9963185251692299,0.0027911000771014545,,non significant
Q68FR6,28.070580323510608,27.96068786038133,27.958455993740316,0.0022318666410150456,0.9905907654779909,0.9963185251692299,0.004105724930834038,,non significant
P49621,29.91070943622575,29.956960928762072,29.95438411268241,0.0025768160796637574,0.9922384129809869,0.9963185251692299,0.0033839639328181285,,non significant
P50475,27.402418575694227,27.35250171430134,27.35073247709457,0.0017692372067692475,0.9912470148843822,0.9963185251692299,0.00381810753935137,,non significant
Q04400,28.28380112669444,28.218326803245557,28.21694313397752,0.0013836692680371243,0.9934548722572294,0.9963185251692299,0.0028518559570809674,,non significant
Q8R523,28.22706840677129,27.901656186231676,27.90597389327931,-0.004317707047633235,0.9923558306687896,0.9963185251692299,0.003332574230249732,,non significant
P07153,27.34787968138156,27.352649928014372,27.35041410849476,0.002235819519611937,0.9886642502635388,0.9963185251692299,0.0049511694890257444,,non significant
P12711,27.72568175925518,27.733891630923797,27.73311243807541,0.0007791928483875665,0.9957931339595376,0.99687878946959,0.0018308725311009992,,non significant
Q6P7P5,27.743145784543255,27.679436703893497,27.678743910019833,0.000692793873664499,0.995970057665151,0.99687878946959,0.0017537177874136357,,non significant
Q5RKI0,27.40609096504883,27.164719145208153,27.164698606722016,2.053848613670084e-05,0.9999452258837218,0.9999452258837217,2.3788747960515748e-05,,non significant
