"ID","Description","setSize","enrichmentScore","NES","pvalue","p.adjust","qvalue","rank","leading_edge","core_enrichment"
"GO:0006753","nucleoside phosphate metabolic process",91,0.454667787132483,1.99878934707374,9.03828158469988e-06,0.0077367690365031,0.00739236293822295,221,"tags=43%, list=23%, signal=36%","245965/690660/25368/24189/294292/60666/171375/298942/85428/311422/24534/24533/81654/117287/641434/289950/24551/25650/170851/83782/81743/170587/81829/24212/24333/298410/117243/301458/25045/64524/116643/25275/114096/84509/24642/25289/58942/171374/29384"
"GO:0009117","nucleotide metabolic process",91,0.454667787132483,1.99878934707374,9.03828158469988e-06,0.0077367690365031,0.00739236293822295,221,"tags=43%, list=23%, signal=36%","245965/690660/25368/24189/294292/60666/171375/298942/85428/311422/24534/24533/81654/117287/641434/289950/24551/25650/170851/83782/81743/170587/81829/24212/24333/298410/117243/301458/25045/64524/116643/25275/114096/84509/24642/25289/58942/171374/29384"
"GO:0055086","nucleobase-containing small molecule metabolic process",94,0.446437390470733,1.9705729394979,2.45820407548967e-05,0.0104659546479182,0.0100000575029912,221,"tags=43%, list=23%, signal=36%","245965/690660/25368/24189/294292/60666/171375/298942/85428/311422/24534/24533/81654/117287/641434/289950/24551/25650/170851/83782/81743/170587/81829/24212/24333/298410/117243/301458/29443/25045/64524/116643/25275/114096/84509/24642/25289/58942/171374/29384"
"GO:0006163","purine nucleotide metabolic process",86,0.448103798092132,1.95069313771925,3.05664563315368e-05,0.0104659546479182,0.0100000575029912,293,"tags=53%, list=31%, signal=41%","245965/690660/25368/24189/294292/60666/171375/298942/85428/311422/24534/24533/81654/641434/289950/24551/25650/170851/83782/81743/170587/81829/24212/24333/117243/301458/25045/64524/116643/114096/84509/24642/25289/58942/171374/29384/361596/296488/65262/117596/191575/292072/690441/94271/117273/25014"
"GO:0072521","purine-containing compound metabolic process",88,0.44048542139926,1.93178473722161,3.01636035298032e-05,0.0104659546479182,0.0100000575029912,221,"tags=42%, list=23%, signal=36%","245965/690660/25368/24189/294292/60666/171375/298942/85428/311422/24534/24533/81654/641434/289950/24551/25650/170851/83782/81743/170587/81829/24212/24333/117243/301458/29443/25045/64524/116643/114096/84509/24642/25289/58942/171374/29384"
"GO:0009259","ribonucleotide metabolic process",68,0.469250250014419,1.94604059468238,5.8736268263393e-05,0.0167594152111548,0.016013361558125,293,"tags=54%, list=31%, signal=41%","245965/690660/25368/24189/294292/171375/298942/85428/311422/81654/641434/289950/25650/170851/83782/81743/170587/24212/24333/298410/117243/301458/25045/116643/84509/25289/58942/171374/296488/65262/117596/191575/292072/690441/94271/117273/25014"
"GO:0009150","purine ribonucleotide metabolic process",66,0.468375547273205,1.93581761957467,0.000111513536738059,0.0272730249850796,0.0260589527956307,293,"tags=55%, list=31%, signal=41%","245965/690660/25368/24189/294292/171375/298942/85428/311422/81654/641434/289950/25650/170851/83782/81743/170587/24212/24333/117243/301458/25045/116643/84509/25289/58942/171374/296488/65262/117596/191575/292072/690441/94271/117273/25014"
"GO:0008584","male gonad development",13,-0.720920919513041,-2.05088321059077,0.000218217724985147,0.0322642506758007,0.0308279916073501,138,"tags=46%, list=14%, signal=40%","24629/85274/303533/362361/29578/117282"
"GO:0046546","development of primary male sexual characteristics",13,-0.720920919513041,-2.05088321059077,0.000218217724985147,0.0322642506758007,0.0308279916073501,138,"tags=46%, list=14%, signal=40%","24629/85274/303533/362361/29578/117282"
"GO:0030901","midbrain development",29,0.585379496894769,1.99474745503892,0.000253375279036948,0.0322642506758007,0.0308279916073501,319,"tags=69%, list=33%, signal=47%","363875/171375/24943/24533/29409/29545/29577/497902/24399/29753/25275/84353/64465/24547/29511/295214/94271/117273/25576/294962"
"GO:0009141","nucleoside triphosphate metabolic process",34,0.552785107528723,1.9581109411592,0.00032038099386017,0.0322642506758007,0.0308279916073501,291,"tags=68%, list=30%, signal=49%","245965/25368/24189/171375/85428/311422/641434/25650/170851/83782/24212/24333/301458/116643/84509/171374/296488/65262/117596/191575/690441/94271/117273"
"GO:0009144","purine nucleoside triphosphate metabolic process",34,0.552785107528723,1.9581109411592,0.00032038099386017,0.0322642506758007,0.0308279916073501,291,"tags=68%, list=30%, signal=49%","245965/25368/24189/171375/85428/311422/641434/25650/170851/83782/24212/24333/301458/116643/84509/171374/296488/65262/117596/191575/690441/94271/117273"
"GO:0009199","ribonucleoside triphosphate metabolic process",33,0.540607239860231,1.90053412632417,0.000313959601628762,0.0322642506758007,0.0308279916073501,291,"tags=67%, list=30%, signal=48%","245965/24189/171375/85428/311422/641434/25650/170851/83782/24212/24333/301458/116643/84509/171374/296488/65262/117596/191575/690441/94271/117273"
"GO:0009205","purine ribonucleoside triphosphate metabolic process",33,0.540607239860231,1.90053412632417,0.000313959601628762,0.0322642506758007,0.0308279916073501,291,"tags=67%, list=30%, signal=48%","245965/24189/171375/85428/311422/641434/25650/170851/83782/24212/24333/301458/116643/84509/171374/296488/65262/117596/191575/690441/94271/117273"
"GO:0015980","energy derivation by oxidation of organic compounds",75,0.43792227326554,1.85994049317174,0.000206498618841024,0.0322642506758007,0.0308279916073501,201,"tags=41%, list=21%, signal=35%","245965/294362/60666/362809/171375/289218/298942/252934/681896/24533/316632/81654/117287/641434/289950/100188937/24551/25459/24787/81743/170587/81829/29445/54322/497902/301458/116643/25309/29507/114096/65152"
"GO:0019693","ribose phosphate metabolic process",70,0.437110548966387,1.82923298863254,0.00025853065499954,0.0322642506758007,0.0308279916073501,293,"tags=53%, list=31%, signal=40%","245965/690660/25368/24189/294292/171375/298942/85428/311422/81654/641434/289950/25650/170851/83782/81743/170587/24212/24333/298410/117243/301458/25045/116643/84509/25289/58942/171374/296488/65262/117596/191575/292072/690441/94271/117273/25014"
"GO:0006091","generation of precursor metabolites and energy",107,0.400497111881135,1.8119916839479,0.000188824537403128,0.0322642506758007,0.0308279916073501,203,"tags=37%, list=21%, signal=33%","245965/24189/294362/60666/362809/171375/289218/298942/252934/681896/24533/316632/81654/117287/641434/289950/100188937/24551/25459/24787/81743/170587/81829/29445/25630/54322/24333/25058/292804/497902/301458/24191/64524/116643/25309/29507/114096/81683/65152/24642"
"GO:0045333","cellular respiration",65,0.445278700137754,1.83790524275252,0.000350855556471768,0.0333702618155371,0.0318847681144519,183,"tags=40%, list=19%, signal=35%","245965/294362/60666/171375/289218/298942/252934/681896/316632/81654/117287/641434/289950/100188937/24551/24787/81743/170587/81829/29445/54322/497902/301458/116643/25309/29507"
"GO:0043467","regulation of generation of precursor metabolites and energy",18,0.652823637555304,1.98016506273923,0.00072186635893624,0.0529624324711573,0.0506047836080783,258,"tags=72%, list=27%, signal=54%","294362/60666/117287/25459/81743/116643/25309/29507/81683/24642/29384/282819/25594"
"GO:0035902","response to immobilization stress",10,0.753048220139879,1.89920372839546,0.000680222292958258,0.0529624324711573,0.0506047836080783,149,"tags=60%, list=16%, signal=51%","288707/50646/25344/24787/24401/292804"
"GO:0038061","non-canonical NF-kappaB signal transduction",10,0.749734599154548,1.8908467053503,0.000742464006605009,0.0529624324711573,0.0506047836080783,84,"tags=50%, list=9%, signal=46%","85383/117254/25344/25459/63836"
"GO:1901222","regulation of non-canonical NF-kappaB signal transduction",10,0.749734599154548,1.8908467053503,0.000742464006605009,0.0529624324711573,0.0506047836080783,84,"tags=50%, list=9%, signal=46%","85383/117254/25344/25459/63836"
"GO:0007600","sensory perception",43,-0.483804158939376,-1.88531043340491,0.000623930935051111,0.0529624324711573,0.0506047836080783,317,"tags=63%, list=33%, signal=44%","29393/81742/25017/25085/29411/306934/24424/25152/29254/25473/24520/499529/24423/24898/116590/29237/24412/295645/59073/24404/116600/25297/25387/286924/140908/25679/24611"
"GO:0019637","organophosphate metabolic process",129,0.364295316854362,1.69183978027217,0.000707416104997444,0.0529624324711573,0.0506047836080783,226,"tags=38%, list=24%, signal=34%","245965/690660/25368/24189/294292/60666/171375/298942/85428/311422/50646/24534/24533/81654/117287/641434/289950/24551/60449/25650/170851/83782/81743/170587/81829/24212/24333/298410/25058/94167/117243/114101/292804/301458/85238/24191/25045/64524/116643/25275/114096/84509/65152/24642/25289/58942/171374/29384/78959"
"GO:0006090","pyruvate metabolic process",32,0.531010400447074,1.84937540372468,0.00113134078123856,0.0774742166992168,0.0740254136439885,203,"tags=47%, list=21%, signal=38%","24189/60666/298942/24534/24533/81654/289950/25630/24333/25058/292804/24191/81683/65152/24642"
"GO:0019318","hexose metabolic process",35,0.521888037468951,1.86465207240621,0.00129921239373103,0.0838854645717797,0.0801512616481466,203,"tags=46%, list=21%, signal=37%","24189/60666/24533/81654/289950/25459/60449/81829/25630/24401/24333/25058/292804/24191/65152/24642"
"GO:0009060","aerobic respiration",55,0.450970412944146,1.79035337940225,0.00132296001369045,0.0838854645717797,0.0801512616481466,291,"tags=58%, list=30%, signal=43%","245965/171375/289218/298942/252934/316632/81654/117287/641434/289950/100188937/24551/81743/170587/81829/29445/54322/497902/301458/116643/25309/29507/114096/171374/29384/361596/65262/282819/313241/690441/94271/117273"
"GO:0006006","glucose metabolic process",31,0.545089811918133,1.88543283857112,0.00137691429074468,0.0841884737769602,0.0804407822487679,203,"tags=48%, list=21%, signal=39%","60666/24533/81654/289950/25459/60449/81829/25630/24401/24333/25058/292804/24191/65152/24642"
"GO:0015718","monocarboxylic acid transport",18,0.635725143054475,1.92830137477173,0.00153987093311383,0.088959656642069,0.0849995735500339,144,"tags=39%, list=15%, signal=34%","50690/79213/50676/25728/25721/24778/117243"
"GO:0006793","phosphorus metabolic process",213,0.298059746384295,1.48879638602374,0.00161083490414961,0.088959656642069,0.0849995735500339,226,"tags=32%, list=24%, signal=32%","363875/245965/690660/25368/24189/294292/60666/362809/171375/299331/56011/298942/24440/293508/85428/311422/50646/24534/24533/56064/81654/117287/641434/289950/24551/25459/60449/25650/170851/65179/24832/83782/81743/170587/81829/25630/365216/117030/24212/24333/298410/25058/94167/117243/114101/292804/29577/301458/85238/24191/25045/64524/116643/170923/29753/25275/114096/84509/81683/301618/65152/24642/25289/266759/58942/171374/29384/24679/78959"
"GO:0006796","phosphate-containing compound metabolic process",213,0.298059746384295,1.48879638602374,0.00161083490414961,0.088959656642069,0.0849995735500339,226,"tags=32%, list=24%, signal=32%","363875/245965/690660/25368/24189/294292/60666/362809/171375/299331/56011/298942/24440/293508/85428/311422/50646/24534/24533/56064/81654/117287/641434/289950/24551/25459/60449/25650/170851/65179/24832/83782/81743/170587/81829/25630/365216/117030/24212/24333/298410/25058/94167/117243/114101/292804/29577/301458/85238/24191/25045/64524/116643/170923/29753/25275/114096/84509/81683/301618/65152/24642/25289/266759/58942/171374/29384/24679/78959"
"GO:0046661","male sex differentiation",14,-0.662147232196575,-1.92990975922698,0.00213059042021557,0.113986587481533,0.108912418191283,138,"tags=43%, list=14%, signal=37%","24629/85274/303533/362361/29578/117282"
"GO:0044770","cell cycle phase transition",28,-0.519886318678648,-1.83947396249965,0.00225515089650746,0.116994494994569,0.111786427214437,224,"tags=54%, list=23%, signal=42%","24654/29304/60460/25400/257644/29337/29600/64307/81830/171140/140908/24246/114612/24245/81821"
"GO:0010595","positive regulation of endothelial cell migration",11,0.705261721577777,1.83374565341429,0.00279563876931281,0.124028323246611,0.118507141124713,255,"tags=82%, list=27%, signal=61%","363875/50646/25246/25459/308061/292804/171374/65262/25291"
"GO:1990089","response to nerve growth factor",22,-0.551049069048383,-1.81288126962519,0.00279973629191731,0.124028323246611,0.118507141124713,141,"tags=41%, list=15%, signal=36%","29257/84510/294568/293692/29489/50592/24592/288700/116743"
"GO:0051494","negative regulation of cytoskeleton organization",27,-0.517321944664149,-1.80220278911556,0.00261872406629662,0.124028323246611,0.118507141124713,265,"tags=48%, list=28%, signal=36%","25152/29219/155151/170538/24171/29474/58814/25595/84510/64159/81661/114764/24170"
"GO:0098869","cellular oxidant detoxification",21,0.571252523035613,1.79986960284915,0.00282541156928612,0.124028323246611,0.118507141124713,143,"tags=52%, list=15%, signal=46%","689064/117254/25728/24440/29338/117287/25632/24786/24787/64371/94167"
"GO:0006119","oxidative phosphorylation",41,0.462995703473136,1.72422983597872,0.0026811178132444,0.124028323246611,0.118507141124713,291,"tags=61%, list=30%, signal=44%","245965/171375/289218/298942/252934/316632/117287/641434/100188937/81743/29445/54322/497902/301458/116643/25309/29507/171374/29384/65262/282819/313241/690441/94271/117273"
"GO:1901135","carbohydrate derivative metabolic process",101,0.363284203088815,1.62264826564225,0.00253676931684816,0.124028323246611,0.118507141124713,215,"tags=37%, list=22%, signal=32%","245965/690660/25368/24189/294292/60666/171375/298942/85428/311422/81654/641434/289950/25650/170851/83782/81743/170587/24212/24333/298410/25058/117243/292804/301458/29443/24191/25045/64524/116643/84353/84509/65152/24642/25289/58942/171374"
"GO:0048259","regulation of receptor-mediated endocytosis",22,-0.549357178041358,-1.80731516364814,0.00295858398630529,0.124446605907542,0.118906803726218,159,"tags=45%, list=17%, signal=39%","81921/29337/291145/25387/29495/116563/25751/24232/116743/117282"
"GO:0044281","small molecule metabolic process",211,0.29857958479323,1.49067656559511,0.00298032175362689,0.124446605907542,0.118906803726218,226,"tags=31%, list=24%, signal=31%","245965/690660/25368/24189/294292/294930/60666/362809/25728/171375/298942/24943/85428/25721/24957/311422/171155/50646/24534/24533/140547/81654/117287/641434/289950/24551/25459/60449/25650/170851/24786/83782/81743/170587/81829/25630/24401/24212/24333/298410/25058/117243/292804/24399/301458/29443/24191/25045/64524/116643/25275/114096/84509/81683/65152/54231/24642/25289/81869/24398/171133/58942/171374/29384/24679/78959"
"GO:0031102","neuron projection regeneration",16,0.625709949375373,1.82761544131073,0.00317266934145148,0.12932404553726,0.123567121719689,127,"tags=50%, list=13%, signal=44%","25728/24588/29409/83613/50568/170851/24832/24586"
"GO:0021762","substantia nigra development",25,0.552522395032483,1.81879590695639,0.00348095629751874,0.138590632124467,0.132421201624091,337,"tags=68%, list=35%, signal=45%","171375/24943/24533/29409/29545/24399/29753/25275/64465/24547/29511/295214/94271/117273/25576/294962/171114"
"GO:1990090","cellular response to nerve growth factor stimulus",21,-0.552693342238384,-1.8099075002082,0.00365054583440639,0.138882988188972,0.132700543313861,141,"tags=43%, list=15%, signal=37%","29257/84510/294568/293692/29489/50592/24592/288700/116743"
"GO:0005996","monosaccharide metabolic process",37,0.478328891743344,1.73930811492581,0.00357244722406537,0.138882988188972,0.132700543313861,203,"tags=43%, list=21%, signal=35%","24189/60666/24533/81654/289950/25459/60449/81829/25630/24401/24333/25058/292804/24191/65152/24642"
"GO:0006950","response to stress",299,0.276963593728739,1.43078483136604,0.00411178793267735,0.153030020450948,0.146217813441204,218,"tags=30%, list=23%, signal=34%","363875/24189/288001/85383/298012/288707/24936/362245/117254/50676/25728/171375/299331/289218/24943/24440/25407/24957/29338/50646/313413/24533/24588/29409/24186/25344/299923/117287/83613/25459/63836/50568/25650/170851/64352/65179/29545/24786/24832/83782/25506/24787/81743/81732/140447/24778/65171/25630/64371/365216/24586/24401/362862/117030/24212/24333/25058/308061/94167/117243/292804/29443/25130/24191/25262/25045/29144/81504/116643/64521/25309/361422/29271/170923/29753/29318/246333/361967/64647/298682/84353/81683/54231/24829/56646/81869/266759/171374/94197/25578"
"GO:0048857","neural nucleus development",26,0.53974012869862,1.79813160172412,0.00424363547209336,0.154576679323911,0.147695622029856,337,"tags=65%, list=35%, signal=44%","171375/24943/24533/29409/29545/24399/29753/25275/64465/24547/29511/295214/94271/117273/25576/294962/171114"
"GO:0048678","response to axon injury",24,0.533529147414762,1.73478243477112,0.00461207281556864,0.164497263755282,0.157174586741089,127,"tags=42%, list=13%, signal=37%","25728/24588/29409/83613/50568/170851/24786/24832/24787/24586"
"GO:0034660","ncRNA metabolic process",21,-0.53630866268887,-1.75625251264299,0.00508556036729589,0.177683252016542,0.169773594216495,237,"tags=52%, list=25%, signal=40%","292023/83581/29304/117021/140655/266975/29258/691531/122799/362361/293621"
"GO:0090068","positive regulation of cell cycle process",21,-0.533217054047341,-1.74612840721167,0.00570668610393435,0.191334550127016,0.182817198043152,176,"tags=48%, list=18%, signal=40%","24654/60460/29340/29337/24629/81830/24246/29489/114612/24245"
"GO:0009166","nucleotide catabolic process",10,0.681891447863302,1.71974482577279,0.00581156343843739,0.191334550127016,0.182817198043152,187,"tags=60%, list=20%, signal=49%","690660/294292/311422/81743/116643/25275"
"GO:1901292","nucleoside phosphate catabolic process",10,0.681891447863302,1.71974482577279,0.00581156343843739,0.191334550127016,0.182817198043152,187,"tags=60%, list=20%, signal=49%","690660/294292/311422/81743/116643/25275"
"GO:0009145","purine nucleoside triphosphate biosynthetic process",19,0.565300736750762,1.75617991740755,0.00617252326103093,0.199384147601603,0.190508463706893,285,"tags=74%, list=30%, signal=53%","245965/25368/24189/171375/641434/170851/83782/24333/116643/171374/65262/191575/690441/94271"
"GO:0044772","mitotic cell cycle phase transition",23,-0.509919178506523,-1.69536924693921,0.00676603768318095,0.210608300247378,0.201232967649056,224,"tags=52%, list=23%, signal=41%","24654/29304/60460/25400/257644/64307/81830/171140/140908/24246/24245/81821"
"GO:1990748","cellular detoxification",28,0.497674945019769,1.67262685591506,0.00667904274787308,0.210608300247378,0.201232967649056,143,"tags=43%, list=15%, signal=38%","689064/117254/25728/24440/29338/117287/25632/64352/24786/24787/64371/94167"
"GO:0097237","cellular response to toxic substance",29,0.496273491073036,1.69110856900951,0.00717378219774351,0.219312770045302,0.209549953670929,143,"tags=41%, list=15%, signal=36%","689064/117254/25728/24440/29338/117287/25632/64352/24786/24787/64371/94167"
"GO:0010564","regulation of cell cycle process",40,-0.436480017357582,-1.66696495789358,0.00748490740570154,0.224809850501071,0.214802328872764,176,"tags=32%, list=18%, signal=28%","60460/29340/257644/29337/24629/29600/81830/24246/29489/114612/24245/81821/501083"
"GO:0043457","regulation of cellular respiration",10,0.672953794364975,1.69720387236083,0.00776289548996315,0.229139259979602,0.218939012548144,291,"tags=90%, list=30%, signal=63%","294362/117287/81743/116643/25309/29507/29384/282819/117273"
"GO:0062012","regulation of small molecule metabolic process",28,0.493209410621465,1.65761872091578,0.00802608638680507,0.229882028455987,0.21964871631862,221,"tags=50%, list=23%, signal=40%","60666/25728/50646/117287/25459/60449/170851/24786/24333/25045/116643/81683/24642/29384"
"GO:0010639","negative regulation of organelle organization",47,-0.406892231957829,-1.60995957162731,0.00805661314682196,0.229882028455987,0.21964871631862,265,"tags=43%, list=28%, signal=32%","25152/29219/155151/114114/170538/367171/361651/24171/29474/257644/24404/58814/25595/84510/64159/25751/81661/29578/114764/24170"
"GO:0009260","ribonucleotide biosynthetic process",41,0.431745832130897,1.60785303132461,0.00820507568537973,0.230280156940494,0.220029121916827,144,"tags=32%, list=15%, signal=28%","245965/25368/24189/171375/298942/81654/641434/289950/170851/83782/24333/298410/117243"
"GO:0062013","positive regulation of small molecule metabolic process",13,0.630543404047841,1.74582293844138,0.0084883795235547,0.234388802327833,0.223954868923667,199,"tags=62%, list=21%, signal=49%","60666/25728/117287/25459/170851/24333/116643/81683"
"GO:0098754","detoxification",29,0.485450859428538,1.6542292163089,0.00902044424597996,0.245126992843138,0.234215043579831,143,"tags=41%, list=15%, signal=36%","689064/117254/25728/24440/29338/117287/25632/64352/24786/24787/64371/94167"
"GO:0009142","nucleoside triphosphate biosynthetic process",20,0.550721893556737,1.71728633608956,0.00970604593761459,0.251687180979593,0.240483201698406,285,"tags=70%, list=30%, signal=50%","245965/25368/24189/171375/641434/170851/83782/24333/116643/171374/65262/191575/690441/94271"
"GO:0044843","cell cycle G1/S phase transition",19,-0.538445344359717,-1.70940506098233,0.00956137632383692,0.251687180979593,0.240483201698406,224,"tags=53%, list=23%, signal=41%","24654/29304/25400/29337/29600/171140/140908/24246/24245/81821"
"GO:0009165","nucleotide biosynthetic process",45,0.411536069942843,1.5664875981157,0.00984990719955181,0.251687180979593,0.240483201698406,293,"tags=51%, list=31%, signal=37%","245965/25368/24189/171375/298942/81654/641434/289950/170851/83782/24333/298410/117243/116643/25289/171374/361596/65262/191575/292072/690441/94271/25014"
"GO:1901293","nucleoside phosphate biosynthetic process",45,0.411536069942843,1.5664875981157,0.00984990719955181,0.251687180979593,0.240483201698406,293,"tags=51%, list=31%, signal=37%","245965/25368/24189/171375/298942/81654/641434/289950/170851/83782/24333/298410/117243/116643/25289/171374/361596/65262/191575/292072/690441/94271/25014"
"GO:0034614","cellular response to reactive oxygen species",33,0.448763779321016,1.57765345036501,0.0104318320071846,0.258830382555073,0.247308420124559,252,"tags=42%, list=26%, signal=32%","85383/362245/117254/29338/117287/65179/24786/24787/64371/29271/81683/140654/282819/25524"
"GO:0009611","response to wounding",65,0.370923341026755,1.53100059113865,0.0103237424785907,0.258830382555073,0.247308420124559,127,"tags=26%, list=13%, signal=24%","288001/85383/24936/25728/24440/29338/24588/29409/83613/25459/50568/170851/24786/24832/24787/365216/24586"
"GO:0006396","RNA processing",41,-0.418485317704946,-1.6147155166291,0.010694891755426,0.261566495504133,0.249922733653113,250,"tags=49%, list=26%, signal=38%","64200/116655/292023/29304/117021/140655/140931/266975/161477/29258/27139/691531/362152/317259/122799/362361/361542/114612/29578/117282"
"GO:0031103","axon regeneration",14,0.619136143968942,1.75839053896673,0.0110513469348143,0.263908457555648,0.252160442106171,127,"tags=50%, list=13%, signal=44%","25728/24588/29409/83613/50568/170851/24586"
"GO:0000302","response to reactive oxygen species",50,0.392438024713083,1.53186707627107,0.0110989538224338,0.263908457555648,0.252160442106171,143,"tags=26%, list=15%, signal=23%","85383/362245/117254/24440/29338/50646/24533/117287/65179/24786/24787/64371/94167"
"GO:0019233","sensory perception of pain",11,-0.644886543572408,-1.72050330372177,0.0126915141143541,0.293619894105057,0.280549259369933,259,"tags=73%, list=27%, signal=54%","29254/24520/116590/29237/24412/59073/25297/140908"
"GO:0032388","positive regulation of intracellular transport",32,-0.436569760444766,-1.5904792983171,0.012678688131809,0.293619894105057,0.280549259369933,231,"tags=47%, list=24%, signal=37%","54319/170538/116590/24803/116601/25595/25297/25050/293692/81521/140908/117550/29489/293621/171503"
"GO:0046034","ATP metabolic process",26,0.50440200320137,1.68040346400809,0.0131813763161292,0.300886883376175,0.287492755021259,285,"tags=62%, list=30%, signal=44%","245965/24189/171375/641434/25650/170851/24212/24333/301458/116643/171374/296488/65262/117596/690441/94271"
"GO:0042743","hydrogen peroxide metabolic process",16,0.566164214012848,1.65369027754853,0.0133955863829441,0.301753209047373,0.288320515776942,174,"tags=62%, list=18%, signal=52%","117254/24440/29338/117287/25632/24786/24787/64371/94167/25309"
"GO:1905475","regulation of protein localization to membrane",35,-0.447823569479938,-1.66229916799008,0.0140939096157889,0.305427509648489,0.291831253070433,136,"tags=37%, list=14%, signal=33%","83501/116493/29600/25297/81830/171140/29495/140908/117550/24246/116563/24245/293621"
"GO:0009201","ribonucleoside triphosphate biosynthetic process",18,0.547459263123224,1.66057054883791,0.0139477138286479,0.305427509648489,0.291831253070433,285,"tags=72%, list=30%, signal=52%","245965/24189/171375/641434/170851/83782/24333/116643/171374/65262/191575/690441/94271"
"GO:0009206","purine ribonucleoside triphosphate biosynthetic process",18,0.547459263123224,1.66057054883791,0.0139477138286479,0.305427509648489,0.291831253070433,285,"tags=72%, list=30%, signal=52%","245965/24189/171375/641434/170851/83782/24333/116643/171374/65262/191575/690441/94271"
"GO:0048260","positive regulation of receptor-mediated endocytosis",12,-0.608112839394601,-1.69357323389266,0.0150863030340316,0.311177720412796,0.297325490359988,148,"tags=58%, list=15%, signal=50%","29337/291145/25387/116563/25751/24232/117282"
"GO:0022900","electron transport chain",35,0.446334101080916,1.5947056587125,0.0150675132140371,0.311177720412796,0.297325490359988,183,"tags=43%, list=19%, signal=36%","60666/289218/298942/252934/681896/316632/117287/100188937/24787/29445/54322/497902/301458/25309/29507"
"GO:0022904","respiratory electron transport chain",33,0.437789878049184,1.53907410416273,0.0147444232467183,0.311177720412796,0.297325490359988,183,"tags=42%, list=19%, signal=36%","60666/289218/298942/252934/681896/316632/117287/100188937/24787/29445/497902/301458/25309/29507"
"GO:0140694","non-membrane-bounded organelle assembly",49,-0.383705422572985,-1.53189465194384,0.0150419285296889,0.311177720412796,0.297325490359988,287,"tags=43%, list=30%, signal=32%","81634/306934/298848/64205/54241/683788/54319/29304/366988/290408/24629/691531/58814/64307/122799/81830/81521/29489/83527/114764/83789"
"GO:0034470","ncRNA processing",17,-0.570894595051769,-1.7694028284782,0.0156921656994245,0.319821281873986,0.305584279409846,237,"tags=53%, list=25%, signal=41%","292023/29304/117021/140655/266975/29258/691531/122799/362361"
"GO:1901136","carbohydrate derivative catabolic process",14,0.602234913119296,1.71038984523821,0.0161932469599135,0.32346969022476,0.309070277059319,159,"tags=43%, list=17%, signal=36%","690660/294292/60666/311422/81743/29443"
"GO:0010594","regulation of endothelial cell migration",17,0.544643778087374,1.62900189196134,0.0162490615416643,0.32346969022476,0.309070277059319,149,"tags=47%, list=16%, signal=40%","363875/25728/24957/50646/25246/25459/308061/292804"
"GO:0071229","cellular response to acid chemical",15,-0.559290475889136,-1.67401900188634,0.0175560805050693,0.330285822249217,0.315582985597198,47,"tags=60%, list=5%, signal=58%","25132/29154/29393/79256/117542/29489/24245/50592/117282"
"GO:0071230","cellular response to amino acid stimulus",15,-0.559290475889136,-1.67401900188634,0.0175560805050693,0.330285822249217,0.315582985597198,47,"tags=60%, list=5%, signal=58%","25132/29154/29393/79256/117542/29489/24245/50592/117282"
"GO:0051168","nuclear export",16,-0.531220140349283,-1.60197298068229,0.0173214649858091,0.330285822249217,0.315582985597198,212,"tags=56%, list=22%, signal=45%","116484/117021/287830/25050/362361/140908/114612/29578/171503"
"GO:0006164","purine nucleotide biosynthetic process",43,0.416679940532067,1.56584845348372,0.0170188939220775,0.330285822249217,0.315582985597198,293,"tags=51%, list=31%, signal=37%","245965/25368/24189/171375/298942/81654/641434/289950/170851/83782/24333/117243/116643/25289/171374/361596/65262/191575/292072/690441/94271/25014"
"GO:0072522","purine-containing compound biosynthetic process",43,0.416679940532067,1.56584845348372,0.0170188939220775,0.330285822249217,0.315582985597198,293,"tags=51%, list=31%, signal=37%","245965/25368/24189/171375/298942/81654/641434/289950/170851/83782/24333/117243/116643/25289/171374/361596/65262/191575/292072/690441/94271/25014"
"GO:0048871","multicellular organismal-level homeostasis",58,0.37434470972977,1.50191660009175,0.0178296108482544,0.331785801871864,0.317016192885438,204,"tags=38%, list=21%, signal=32%","363875/117254/25728/24440/29338/50646/313413/25246/24186/25459/25632/24786/24787/89791/24778/292804/261737/246333/84353/81683/54231/25289"
"GO:0033043","regulation of organelle organization",135,-0.29571779209362,-1.43582997565242,0.0180260577187856,0.331834524887751,0.317062746972187,252,"tags=37%, list=26%, signal=32%","298848/79256/361466/25152/54241/29219/155151/296710/683788/54319/114114/24654/170538/29423/116590/367171/361651/24171/29474/60324/60465/29340/117542/116657/257644/299809/24629/83501/116723/24404/58814/25595/81830/84510/362361/294568/81521/64159/117550/25751/29489/24245/293621/83527/501083/81661/29578/192179/114764/24170"
"GO:0071260","cellular response to mechanical stimulus",15,0.573681107979452,1.64002106528048,0.0182627012505703,0.332338413553885,0.317544204785254,133,"tags=40%, list=14%, signal=35%","363875/29409/81743/24778/24401/24212"
"GO:0002694","regulation of leukocyte activation",22,0.493018441240763,1.58326493189399,0.0184924216604571,0.332338413553885,0.317544204785254,296,"tags=64%, list=31%, signal=45%","25368/25407/29338/25459/24832/29577/84353/81683/56646/266759/140654/24674/117273/25528"
"GO:0009152","purine ribonucleotide biosynthetic process",40,0.419540626925177,1.56412783442483,0.018635798890872,0.332338413553885,0.317544204785254,293,"tags=52%, list=31%, signal=38%","245965/25368/24189/171375/298942/81654/641434/289950/170851/83782/24333/117243/116643/25289/171374/65262/191575/292072/690441/94271/25014"
"GO:0061951","establishment of protein localization to plasma membrane",13,-0.568661259852129,-1.61773337238139,0.0191216831089816,0.33748785033584,0.32246441184327,275,"tags=62%, list=29%, signal=44%","29528/117103/29448/24803/116493/81830/246324/171111"
"GO:0048608","reproductive structure development",23,-0.463464059590416,-1.54091618203598,0.0196600389079948,0.339979662732193,0.324845299978989,138,"tags=39%, list=14%, signal=34%","24629/24479/85274/303533/362361/25387/24232/29578/117282"
"GO:0061458","reproductive system development",23,-0.463464059590416,-1.54091618203598,0.0196600389079948,0.339979662732193,0.324845299978989,138,"tags=39%, list=14%, signal=34%","24629/24479/85274/303533/362361/25387/24232/29578/117282"
"GO:0030029","actin filament-based process",111,-0.311360237017956,-1.46049788190552,0.0202518791409524,0.346712170893105,0.331278107210947,205,"tags=35%, list=21%, signal=31%","117558/155151/296710/683788/54319/170538/24171/117021/29474/60324/81633/116601/60465/500450/29340/117542/116653/24629/59317/58814/689560/116600/25485/294568/25387/291180/64159/140908/24246/24852/24245/293621/83527/24592/501083/81661/116743/192179/24170"
"GO:0051130","positive regulation of cellular component organization",164,-0.261126840097521,-1.29885733388101,0.0219794782956496,0.372563038041111,0.355978210228656,96,"tags=16%, list=10%, signal=18%","84510/246324/362361/294568/293692/171574/25387/81521/29495/117550/116563/25751/29489/24245/287927/24232/293621/83527/24592/501083/59318/29578/116743/114764/24170/171503/117282"
"GO:0019646","aerobic electron transport chain",23,0.47333319783472,1.52756342494927,0.0233936581832876,0.39264649813518,0.375167645168513,183,"tags=48%, list=19%, signal=40%","289218/298942/252934/316632/117287/100188937/29445/497902/301458/25309/29507"
"GO:0051249","regulation of lymphocyte activation",19,0.517693050886654,1.60828047841273,0.0240893119199796,0.39277049530481,0.37528612254284,296,"tags=68%, list=31%, signal=48%","25368/25407/29338/25459/24832/29577/84353/81683/56646/140654/24674/117273/25528"
"GO:0048568","embryonic organ development",23,0.471666224520281,1.5221836893272,0.023953978706946,0.39277049530481,0.37528612254284,195,"tags=39%, list=20%, signal=32%","363875/50690/298012/170851/24786/29577/291081/81504/84353"
"GO:0036293","response to decreased oxygen levels",68,0.348066364885737,1.44347557766961,0.0238011561253874,0.39277049530481,0.37528612254284,164,"tags=32%, list=17%, signal=29%","24189/85383/362245/171375/50646/24533/299923/117287/63836/25650/170851/25506/24787/24778/25630/362862/24333/25058/117243/29443/24191/25262"
"GO:0006970","response to osmotic stress",12,0.616802153220192,1.65465602023252,0.0253694493584556,0.396891821326238,0.379223985699074,117,"tags=42%, list=12%, signal=37%","363875/50676/299331/50646/24778"
"GO:0098900","regulation of action potential",10,-0.624259831447759,-1.62821246424584,0.0273821005785003,0.396891821326238,0.379223985699074,152,"tags=60%, list=16%, signal=51%","29738/689560/25297/24246/170630/29578"
"GO:0046578","regulation of Ras protein signal transduction",19,-0.495933835075529,-1.5744435651098,0.0268403801260311,0.396891821326238,0.379223985699074,138,"tags=47%, list=14%, signal=41%","24629/83501/25387/24673/24246/25751/81821/293621/24592"
"GO:0007601","visual perception",13,-0.55149193587428,-1.56888990379797,0.0258523906735391,0.396891821326238,0.379223985699074,317,"tags=77%, list=33%, signal=52%","29393/25017/25085/29411/25473/499529/295645/116600/25387/286924"
"GO:0050953","sensory perception of light stimulus",13,-0.55149193587428,-1.56888990379797,0.0258523906735391,0.396891821326238,0.379223985699074,317,"tags=77%, list=33%, signal=52%","29393/25017/25085/29411/25473/499529/295645/116600/25387/286924"
"GO:0002696","positive regulation of leukocyte activation",16,0.532881555491969,1.55647606399582,0.0269234713673868,0.396891821326238,0.379223985699074,296,"tags=69%, list=31%, signal=48%","25368/25407/25459/24832/29577/81683/56646/140654/24674/117273/25528"
"GO:0032944","regulation of mononuclear cell proliferation",10,0.616224356058058,1.55413101479234,0.0258094376548376,0.396891821326238,0.379223985699074,257,"tags=80%, list=27%, signal=59%","25368/25407/25459/29577/84353/81683/140654/24674"
"GO:0050670","regulation of lymphocyte proliferation",10,0.616224356058058,1.55413101479234,0.0258094376548376,0.396891821326238,0.379223985699074,257,"tags=80%, list=27%, signal=59%","25368/25407/25459/29577/84353/81683/140654/24674"
"GO:0043242","negative regulation of protein-containing complex disassembly",16,-0.510534756105139,-1.53959314201058,0.0271316424527289,0.396891821326238,0.379223985699074,116,"tags=44%, list=12%, signal=39%","25152/24171/58814/25595/84510/64159/24170"
"GO:1901880","negative regulation of protein depolymerization",16,-0.510534756105139,-1.53959314201058,0.0271316424527289,0.396891821326238,0.379223985699074,116,"tags=44%, list=12%, signal=39%","25152/24171/58814/25595/84510/64159/24170"
"GO:0000082","G1/S transition of mitotic cell cycle",16,-0.508978169522507,-1.53489902471708,0.0280513495213054,0.396891821326238,0.379223985699074,224,"tags=75%, list=23%, signal=58%","24183/192253/140946/25470/24654/29304/25400/171140/140908/24246/24245/81821"
"GO:0042773","ATP synthesis coupled electron transport",24,0.468574030798137,1.52357936198486,0.0278762260531612,0.396891821326238,0.379223985699074,183,"tags=46%, list=19%, signal=38%","289218/298942/252934/316632/117287/100188937/29445/497902/301458/25309/29507"
"GO:1902904","negative regulation of supramolecular fiber organization",30,-0.422407899674595,-1.51735260365686,0.0279118035585567,0.396891821326238,0.379223985699074,265,"tags=43%, list=28%, signal=32%","25152/29219/155151/170538/24171/29474/58814/25595/84510/64159/81661/114764/24170"
"GO:0046649","lymphocyte activation",36,0.414480553117176,1.48712030757294,0.027188988321784,0.396891821326238,0.379223985699074,257,"tags=47%, list=27%, signal=36%","25368/117254/25407/29338/50646/25344/25459/81768/24832/29577/84353/81683/56646/140654/25023/25524/24674"
"GO:1902600","proton transmembrane transport",37,0.406631846356079,1.47860202961331,0.0268763121836942,0.396891821326238,0.379223985699074,285,"tags=49%, list=30%, signal=36%","245965/83612/171375/252934/681896/24213/641434/362802/54322/24212/297566/85333/171374/65262/117596/690441/116664/94271"
"GO:0070925","organelle assembly",88,-0.313195431393576,-1.41709596447514,0.0259446405633616,0.396891821326238,0.379223985699074,287,"tags=39%, list=30%, signal=30%","81634/306934/298848/64205/54241/155151/683788/54319/117103/29304/29423/367171/366988/29448/60324/64670/290408/24629/691531/116723/58814/64307/122799/81830/293692/81521/25751/81754/29489/500249/83527/501083/114764/83789"
"GO:0006754","ATP biosynthetic process",16,0.528595609001428,1.54395738502234,0.0289609041097044,0.399847321256564,0.38204792008897,285,"tags=69%, list=30%, signal=49%","245965/24189/171375/641434/170851/24333/116643/171374/65262/690441/94271"
"GO:0032272","negative regulation of protein polymerization",22,-0.4666281198391,-1.53514709642391,0.0285350032692493,0.399847321256564,0.38204792008897,248,"tags=41%, list=26%, signal=31%","29219/170538/24171/58814/25595/84510/64159/114764/24170"
"GO:0032970","regulation of actin filament-based process",61,-0.339217693147989,-1.45954879842917,0.028874547696409,0.399847321256564,0.38204792008897,253,"tags=39%, list=26%, signal=31%","117558/155151/296710/683788/170538/24171/29474/60324/81633/116601/60465/29340/117542/24629/58814/689560/294568/64159/24246/293621/83527/81661/192179/24170"
"GO:0010468","regulation of gene expression",200,0.270645606260633,1.33665031040979,0.0294547179150369,0.403411816564346,0.385453740126041,150,"tags=22%, list=16%, signal=23%","363875/291159/690660/25368/85383/362809/25728/299331/56011/24943/24440/293508/85428/494445/50646/25246/56064/25344/117287/24923/25459/63836/60449/25650/170851/100362640/24786/83782/24787/81743/81732/308650/140447/65151/65171/25630/117030/24333/25058/94167/29598/292804/29577"
"GO:0006979","response to oxidative stress",76,0.330914496403034,1.41375212389301,0.0301708145294645,0.409939956146374,0.391691276347433,199,"tags=30%, list=21%, signal=26%","85383/362245/117254/25728/289218/24440/29338/50646/24533/24588/117287/170851/65179/24786/83782/24787/64371/94167/25130/25309/29271/361967/81683"
"GO:0046390","ribose phosphate biosynthetic process",43,0.39395262373646,1.48044109307469,0.0304936850372605,0.411064478612519,0.392765740140097,144,"tags=30%, list=15%, signal=27%","245965/25368/24189/171375/298942/81654/641434/289950/170851/83782/24333/298410/117243"
"GO:1903047","mitotic cell cycle process",53,-0.355544700025511,-1.46964749632574,0.031168162799182,0.416874177439059,0.398316817351388,224,"tags=34%, list=23%, signal=28%","24654/29304/367171/60460/25400/257644/24629/64307/81830/171140/140908/24246/29489/24245/81821/501083/288700/114764"
"GO:0051056","regulation of small GTPase mediated signal transduction",20,-0.484235811924201,-1.56583689807898,0.0323776468737467,0.429694042231429,0.410565999525112,138,"tags=45%, list=14%, signal=39%","24629/83501/25387/24673/24246/25751/81821/293621/24592"
"GO:0031099","regeneration",36,0.406240876513074,1.45755706193056,0.0339843658126656,0.444131559322775,0.424360823406046,164,"tags=36%, list=17%, signal=31%","24936/25728/24588/29409/25344/83613/50568/170851/24832/25630/24586/24191/25262"
"GO:1902074","response to salt",86,-0.29966376430717,-1.35808195493797,0.033967887261531,0.444131559322775,0.424360823406046,254,"tags=42%, list=27%, signal=34%","29546/29628/304017/79256/83718/29219/54309/317675/24648/24654/24898/81664/116484/24464/29237/29340/79212/117542/29337/360616/29600/689560/24651/29495/140908/297516/25751/29489/117104/81666/50592/24366/25679/29578/24170/117282"
"GO:1901987","regulation of cell cycle phase transition",17,-0.533823996861025,-1.65450802677469,0.0346012888199488,0.445394033531972,0.425567097951724,224,"tags=59%, list=23%, signal=46%","25470/24654/60460/257644/29337/29600/81830/24246/114612/81821"
"GO:0098876","vesicle-mediated transport to the plasma membrane",26,-0.441135958526501,-1.51169796605358,0.0345735443543759,0.445394033531972,0.425567097951724,188,"tags=54%, list=20%, signal=44%","29528/684097/117103/29448/24803/25012/116493/25272/81830/246324/293692/25751/171111/288700"
"GO:0050657","nucleic acid transport",10,-0.605751382195984,-1.57993819406621,0.0384322173709695,0.468819577236273,0.447949841997767,204,"tags=60%, list=21%, signal=48%","117021/287830/362152/362361/114612/29578"
"GO:0050658","RNA transport",10,-0.605751382195984,-1.57993819406621,0.0384322173709695,0.468819577236273,0.447949841997767,204,"tags=60%, list=21%, signal=48%","117021/287830/362152/362361/114612/29578"
"GO:0051236","establishment of RNA localization",10,-0.605751382195984,-1.57993819406621,0.0384322173709695,0.468819577236273,0.447949841997767,204,"tags=60%, list=21%, signal=48%","117021/287830/362152/362361/114612/29578"
"GO:0042274","ribosomal small subunit biogenesis",15,-0.522149358006874,-1.56285147844986,0.0371264897906863,0.468819577236273,0.447949841997767,222,"tags=47%, list=23%, signal=36%","29304/140655/161477/29258/691531/122799/83789"
"GO:0051251","positive regulation of lymphocyte activation",15,0.536251254088053,1.53301780510957,0.0384676103485744,0.468819577236273,0.447949841997767,296,"tags=73%, list=31%, signal=51%","25368/25407/25459/24832/29577/81683/56646/140654/24674/117273/25528"
"GO:0051726","regulation of cell cycle",53,-0.348685949620847,-1.44129678441971,0.0369095946485905,0.468819577236273,0.447949841997767,176,"tags=28%, list=18%, signal=24%","60460/29340/257644/29337/24629/29600/81830/140908/24246/29489/114612/24245/81821/293621/501083"
"GO:0007265","Ras protein signal transduction",42,-0.369283305390418,-1.43660297510253,0.0372451364181232,0.468819577236273,0.447949841997767,83,"tags=31%, list=9%, signal=30%","24629/83501/294568/25387/24673/24246/25751/81754/81821/293621/83527/24592/288700"
"GO:1990778","protein localization to cell periphery",69,-0.324148765804377,-1.42952555734955,0.0386118927513519,0.468819577236273,0.447949841997767,188,"tags=36%, list=20%, signal=31%","29448/24803/25400/25012/83501/83764/116493/29600/60377/116600/25297/25272/81830/246324/171140/293692/29495/140908/117550/24246/66028/116563/24245/171111/293621"
"GO:0042542","response to hydrogen peroxide",35,0.411127081786706,1.46891461393481,0.0399315642538332,0.481428436637763,0.459997411789895,123,"tags=29%, list=13%, signal=26%","85383/362245/24440/50646/24533/117287/65179/24786/24787/64371"
"GO:0001666","response to hypoxia",66,0.334770135342651,1.38362032406805,0.0409305766424619,0.490022008474788,0.468208436528419,164,"tags=32%, list=17%, signal=28%","24189/85383/171375/50646/24533/299923/117287/63836/25650/170851/25506/24787/24778/25630/362862/24333/25058/117243/29443/24191/25262"
"GO:0050803","regulation of synapse structure or activity",55,-0.34120795717418,-1.42790217036532,0.0430030927914194,0.511258992075764,0.488500045306037,81,"tags=29%, list=8%, signal=28%","29629/25012/117542/83501/116493/171574/29495/140908/24245/287927/83527/24592/59318/84487/171503/117282"
"GO:0008406","gonad development",20,-0.470509480899911,-1.52145109458445,0.0439178667517514,0.511478829108832,0.488710096184903,138,"tags=40%, list=14%, signal=35%","24629/24479/85274/303533/362361/25387/29578/117282"
"GO:0045137","development of primary sexual characteristics",20,-0.470509480899911,-1.52145109458445,0.0439178667517514,0.511478829108832,0.488710096184903,138,"tags=40%, list=14%, signal=35%","24629/24479/85274/303533/362361/25387/29578/117282"
"GO:0009628","response to abiotic stimulus",161,0.270174653022253,1.29159296086509,0.0435510887772194,0.511478829108832,0.488710096184903,202,"tags=29%, list=21%, signal=27%","363875/24189/85383/362245/50676/171375/299331/289218/50646/24213/24533/29409/56064/299923/117287/63836/25650/170851/24786/81662/25506/24787/81743/24778/25630/24799/24401/362862/24212/24333/25058/308061/117243/292804/29443/24191/25262/81504/116643/25309/29753/246333/361967/84353/81683/54231"
"GO:0015812","gamma-aminobutyric acid transport",12,0.588099185584931,1.57765638923534,0.0445794264981852,0.515329215813062,0.49238908102158,29,"tags=33%, list=3%, signal=33%","50690/79213/83612/50676"
"GO:0006139","nucleobase-containing compound metabolic process",241,0.251751153380453,1.26766478351685,0.0448504983388704,0.515329215813062,0.49238908102158,272,"tags=34%, list=28%, signal=33%","363875/245965/690660/25368/24189/294292/85383/298012/60666/362809/25728/171375/299331/56011/298942/85428/494445/311422/50646/24534/24533/81654/25344/117287/641434/289950/24551/25459/63836/25650/170851/83782/24787/81743/81732/308650/170587/65151/81829/25630/24212/24333/298410/289144/94167/117243/29577/301458/29443/25045/64524/116643/25275/361967/84353/29374/114096/84509/65152/24642/25289/58942/171374/25578/29384/296596/361596/301252/64465/296488/116725/65262/140654/25023/25291/117596/24674/24438/295214/24681/29222/191575"
"GO:0072659","protein localization to plasma membrane",55,-0.340431125984275,-1.42465125279804,0.0456291863244965,0.518912858949943,0.495813196512673,136,"tags=36%, list=14%, signal=33%","29448/24803/25400/83501/83764/116493/29600/116600/25297/81830/246324/171140/293692/140908/117550/24246/66028/116563/24245/171111"
"GO:0070482","response to oxygen levels",75,0.334464234577527,1.42053421665361,0.0457685991246737,0.518912858949943,0.495813196512673,164,"tags=31%, list=17%, signal=28%","24189/85383/362245/171375/289218/50646/24533/299923/117287/63836/25650/170851/25506/24787/24778/25630/362862/24333/25058/117243/29443/24191/25262"
"GO:0007409","axonogenesis",67,0.325977461460727,1.35242098372358,0.0464285714285714,0.522932330827068,0.499653739612188,127,"tags=24%, list=13%, signal=22%","363875/314906/252892/25728/299331/25246/24588/29409/56064/116690/83613/170851/29545/24832/81732/24586"
"GO:0005975","carbohydrate metabolic process",59,0.3477071044512,1.39657414789462,0.0471014492753623,0.527043667708629,0.503582058300055,203,"tags=34%, list=21%, signal=28%","24189/60666/362809/50646/24533/81654/289950/25459/60449/170587/81829/25630/24401/24333/25058/292804/24191/81683/65152/24642"
"GO:0071868","cellular response to monoamine stimulus",14,-0.529135870664089,-1.54223174408516,0.0485493175447454,0.534332084893883,0.510546027991327,128,"tags=43%, list=13%, signal=38%","29600/689560/24651/25751/81666/24611"
"GO:0071870","cellular response to catecholamine stimulus",14,-0.529135870664089,-1.54223174408516,0.0485493175447454,0.534332084893883,0.510546027991327,128,"tags=43%, list=13%, signal=38%","29600/689560/24651/25751/81666/24611"
"GO:0042775","mitochondrial ATP synthesis coupled electron transport",23,0.469458900246844,1.51506010737155,0.048689138576779,0.534332084893883,0.510546027991327,183,"tags=48%, list=19%, signal=40%","289218/298942/252934/316632/117287/100188937/29445/497902/301458/25309/29507"
"GO:1900024","regulation of substrate adhesion-dependent cell spreading",11,0.58865839504396,1.530566228439,0.049618320610687,0.541060922837555,0.516975328387581,106,"tags=36%, list=11%, signal=33%","363875/63836/50568/25506"
"GO:0061564","axon development",74,0.323534811557738,1.36911595355549,0.0499427871974436,0.541152225835592,0.517062566987524,110,"tags=23%, list=11%, signal=22%","363875/314906/252892/25728/299331/24943/25246/24588/29409/56064/116690/83613/50568/170851/29545/24832/81732"
"GO:0006364","rRNA processing",10,-0.585813300643269,-1.52793511576147,0.0507302963842104,0.543045112781955,0.518871191135734,222,"tags=50%, list=23%, signal=39%","29304/140655/29258/691531/122799"
"GO:0010632","regulation of epithelial cell migration",25,0.44176116652411,1.45419155630623,0.0507518796992481,0.543045112781955,0.518871191135734,149,"tags=36%, list=16%, signal=31%","363875/25728/24957/50646/25246/25459/679221/308061/292804"
"GO:0071496","cellular response to external stimulus",39,0.39119969582805,1.44187996297047,0.0521739130434783,0.549693589033317,0.525223707180137,165,"tags=31%, list=17%, signal=27%","363875/362245/24957/24533/29409/24186/81743/24778/24401/24212/29598/25045"
"GO:0048167","regulation of synaptic plasticity",57,-0.327201644490951,-1.37159502663166,0.0523678031943321,0.549693589033317,0.525223707180137,265,"tags=49%, list=28%, signal=38%","25152/29254/117558/29219/117103/83839/116590/361651/29237/60324/24803/25400/25012/24412/117542/116657/295645/81830/171140/29495/140908/24245/293621/50592/24592/25679/24611/117282"
"GO:0051493","regulation of cytoskeleton organization",75,-0.309287130066172,-1.37133603206798,0.0526575634354346,0.549693589033317,0.525223707180137,283,"tags=40%, list=30%, signal=31%","306934/298848/361466/25152/54241/29219/155151/296710/683788/170538/116590/24171/29474/60324/60465/29340/117542/24629/58814/25595/84510/294568/64159/29489/293621/83527/81661/192179/114764/24170"
"GO:0033554","cellular response to stress",161,0.265719223486313,1.27029340014806,0.0519262981574539,0.549693589033317,0.525223707180137,179,"tags=27%, list=19%, signal=26%","85383/298012/362245/117254/50676/25728/171375/299331/24440/24957/29338/50646/24588/29409/24186/299923/117287/83613/25459/50568/170851/64352/65179/24786/24832/83782/25506/24787/24778/65171/64371/24586/362862/117030/24333/308061/25130/25262/29144/81504/116643/29271/29753"
"GO:0050863","regulation of T cell activation",18,0.508146440524999,1.5413256665322,0.054368932038835,0.555192903171814,0.530478216631209,296,"tags=67%, list=31%, signal=47%","25368/25407/29338/25459/24832/29577/84353/56646/140654/24674/117273/25528"
"GO:0034655","nucleobase-containing compound catabolic process",18,0.506546840134637,1.53647370862945,0.054368932038835,0.555192903171814,0.530478216631209,187,"tags=44%, list=20%, signal=36%","690660/294292/311422/81743/65151/29443/116643/25275"
"GO:1903076","regulation of protein localization to plasma membrane",22,-0.453139875526238,-1.49077249015311,0.0538793103448276,0.555192903171814,0.530478216631209,130,"tags=45%, list=14%, signal=40%","25400/116493/29600/81830/171140/140908/117550/24246/116563/24245"
"GO:0062197","cellular response to chemical stress",49,0.365599394915664,1.42324785749898,0.054481546572935,0.555192903171814,0.530478216631209,123,"tags=27%, list=13%, signal=24%","85383/362245/117254/50676/29338/24588/117287/65179/24786/83782/24787/24778/64371"
"GO:1904375","regulation of protein localization to cell periphery",26,-0.417045372500781,-1.42914362154318,0.0548523206751055,0.555663745537163,0.530928099215907,130,"tags=54%, list=14%, signal=48%","54241/29219/54319/25400/116493/29600/81830/171140/140908/117550/24246/116563/24245/293621"
"GO:0006403","RNA localization",16,-0.49202572937152,-1.48377643162289,0.055327868852459,0.55718418514947,0.532380855707253,204,"tags=44%, list=21%, signal=35%","117021/287830/299809/362152/362361/114612/29578"
"GO:0070252","actin-mediated cell contraction",17,-0.500691300077287,-1.55181816438609,0.0584848681459669,0.557427757427757,0.532613585245164,273,"tags=53%, list=29%, signal=39%","25470/117558/117021/81633/116601/689560/116600/291180/24246"
"GO:0048771","tissue remodeling",14,0.533833749215888,1.51612569084554,0.0632183908045977,0.557427757427757,0.532613585245164,202,"tags=50%, list=21%, signal=40%","363875/85383/50646/81732/89791/84353/54231"
"GO:0046434","organophosphate catabolic process",16,0.51811616161122,1.51334831466016,0.056420233463035,0.557427757427757,0.532613585245164,187,"tags=50%, list=20%, signal=41%","690660/294292/60666/311422/81743/94167/116643/25275"
"GO:0006094","gluconeogenesis",16,0.514978211570293,1.50418278044645,0.0603112840466926,0.557427757427757,0.532613585245164,297,"tags=62%, list=31%, signal=44%","60666/81829/24401/24333/292804/24191/24642/24334/24644/24849"
"GO:1901990","regulation of mitotic cell cycle phase transition",12,-0.540010891629293,-1.50391166380297,0.0596707818930041,0.557427757427757,0.532613585245164,273,"tags=75%, list=29%, signal=54%","24183/192253/25470/24654/60460/257644/81830/24246/81821"
"GO:1903037","regulation of leukocyte cell-cell adhesion",16,0.512835774204331,1.49792500619181,0.0622568093385214,0.557427757427757,0.532613585245164,296,"tags=69%, list=31%, signal=48%","25368/25407/29338/25459/24832/29577/56646/140654/24674/117273/25528"
"GO:0002090","regulation of receptor internalization",12,-0.537573551465501,-1.49712375571111,0.0596707818930041,0.557427757427757,0.532613585245164,148,"tags=42%, list=15%, signal=36%","29337/25387/29495/116563/116743"
"GO:0043542","endothelial cell migration",20,0.475495551506837,1.48271209666361,0.0581613508442777,0.557427757427757,0.532613585245164,149,"tags=40%, list=16%, signal=34%","363875/25728/24957/50646/25246/25459/308061/292804"
"GO:0071867","response to monoamine",15,-0.492457588682055,-1.47398068913353,0.0571428571428571,0.557427757427757,0.532613585245164,128,"tags=40%, list=13%, signal=35%","29600/689560/24651/25751/81666/24611"
"GO:0071869","response to catecholamine",15,-0.492457588682055,-1.47398068913353,0.0571428571428571,0.557427757427757,0.532613585245164,128,"tags=40%, list=13%, signal=35%","29600/689560/24651/25751/81666/24611"
"GO:0007411","axon guidance",20,0.472447787371606,1.473208418371,0.0600375234521576,0.557427757427757,0.532613585245164,158,"tags=40%, list=17%, signal=34%","363875/314906/252892/25246/56064/116690/24586/291081"
"GO:0097485","neuron projection guidance",20,0.472447787371606,1.473208418371,0.0600375234521576,0.557427757427757,0.532613585245164,158,"tags=40%, list=17%, signal=34%","363875/314906/252892/25246/56064/116690/24586/291081"
"GO:1905477","positive regulation of protein localization to membrane",21,-0.446968123648173,-1.46368862716623,0.0628930817610063,0.557427757427757,0.532613585245164,128,"tags=43%, list=13%, signal=38%","54319/140670/29600/25297/81830/29495/140908/117550/293621"
"GO:0007548","sex differentiation",21,-0.446589050860552,-1.46244727571687,0.0628930817610063,0.557427757427757,0.532613585245164,138,"tags=38%, list=14%, signal=33%","24629/24479/85274/303533/362361/25387/29578/117282"
"GO:0035150","regulation of tube size",22,0.452070836830869,1.45176699858323,0.0631970260223048,0.557427757427757,0.532613585245164,148,"tags=36%, list=15%, signal=31%","288001/25728/24186/170851/24786/24787/24212/29598"
"GO:0035296","regulation of tube diameter",22,0.452070836830869,1.45176699858323,0.0631970260223048,0.557427757427757,0.532613585245164,148,"tags=36%, list=15%, signal=31%","288001/25728/24186/170851/24786/24787/24212/29598"
"GO:0097746","blood vessel diameter maintenance",22,0.452070836830869,1.45176699858323,0.0631970260223048,0.557427757427757,0.532613585245164,148,"tags=36%, list=15%, signal=31%","288001/25728/24186/170851/24786/24787/24212/29598"
"GO:0006096","glycolytic process",24,0.443902740838074,1.44336008873007,0.0599250936329588,0.557427757427757,0.532613585245164,203,"tags=42%, list=21%, signal=34%","24189/60666/25630/24333/25058/292804/24191/81683/65152/24642"
"GO:0016051","carbohydrate biosynthetic process",26,0.431159492595566,1.43639775476528,0.0625,0.557427757427757,0.532613585245164,297,"tags=54%, list=31%, signal=38%","60666/362809/50646/81829/24401/24333/292804/24191/24642/78959/25594/24334/24644/24849"
"GO:0001101","response to acid chemical",25,-0.417411905379683,-1.4271419139708,0.0617021276595745,0.557427757427757,0.532613585245164,337,"tags=56%, list=35%, signal=37%","25132/29154/29393/304017/79256/24423/170538/116484/117542/29600/29489/24245/50592/117282"
"GO:0030155","regulation of cell adhesion",50,0.359334515168465,1.40264877124698,0.0625,0.557427757427757,0.532613585245164,106,"tags=26%, list=11%, signal=24%","363875/25368/24936/25407/29338/50646/56064/25459/63836/50568/170851/24832/25506"
"GO:0045321","leukocyte activation",46,0.361609071124709,1.39014615759145,0.0634920634920635,0.557427757427757,0.532613585245164,257,"tags=46%, list=27%, signal=35%","25368/117254/25407/29338/50646/25344/299923/25459/81768/24832/29577/84353/81683/56646/266759/25578/140654/25023/25524/25291/24674"
"GO:0032386","regulation of intracellular transport",51,-0.339667697492533,-1.38286869425863,0.0556792873051225,0.557427757427757,0.532613585245164,231,"tags=45%, list=24%, signal=36%","304017/684097/117558/54319/170538/116590/116484/24803/116601/499157/116493/25595/25297/25050/81830/293692/81521/140908/117550/29489/293621/24592/171503"
"GO:0034330","cell junction organization",119,-0.277780874069538,-1.31987177260796,0.0608272506082725,0.557427757427757,0.532613585245164,260,"tags=35%, list=27%, signal=29%","79011/25473/84008/29219/171039/116655/683788/54319/114114/29304/29423/24171/60324/60465/25012/79212/117542/116653/83501/116493/60377/116600/25297/294568/171574/29495/140908/24245/81821/287927/24232/83527/50592/24592/501083/59318/25600/116743/192179/24170/171503/117282"
"GO:0008283","cell population proliferation",257,0.241997417012234,1.23238326965528,0.0609555189456343,0.557427757427757,0.532613585245164,165,"tags=22%, list=17%, signal=25%","363875/314906/25368/85383/24936/252892/25393/362809/117254/25728/299331/289218/24943/25407/85428/24957/29338/50646/24213/25246/24588/292597/29409/56064/25344/116690/299923/117287/24923/83613/25459/64633/50568/170851/29545/100362640/24786/24832/83782/24787/81732/65151/89791/64371/365216/24586/306439/308061/94167/117243/171337/29704/29577/291081/25130/25262/25045"
"GO:0001508","action potential",25,-0.416802289969127,-1.42505762338735,0.0638297872340425,0.557533651758576,0.532714765637498,152,"tags=52%, list=16%, signal=45%","25470/84008/24520/117021/29738/689560/116600/25297/24246/170630/81666/50592/29578"
"GO:0050870","positive regulation of T cell activation",14,0.525573949575597,1.49266727433613,0.0670498084291188,0.579743798134603,0.553936216368158,296,"tags=71%, list=31%, signal=50%","25368/25407/25459/24832/29577/56646/140654/24674/117273/25528"
"GO:1903039","positive regulation of leukocyte cell-cell adhesion",14,0.525573949575597,1.49266727433613,0.0670498084291188,0.579743798134603,0.553936216368158,296,"tags=71%, list=31%, signal=50%","25368/25407/25459/24832/29577/56646/140654/24674/117273/25528"
"GO:0045787","positive regulation of cell cycle",25,-0.420866778486622,-1.43895421293693,0.0675082713517202,0.580774676151483,0.554921204340509,176,"tags=36%, list=18%, signal=30%","60460/29340/29337/24629/81830/24246/29489/114612/24245"
"GO:0016072","rRNA metabolic process",12,-0.526343392597144,-1.46584815151445,0.0679012345679012,0.581234567901235,0.555360623781676,225,"tags=50%, list=24%, signal=39%","83581/29304/140655/29258/691531/122799"
"GO:0002687","positive regulation of leukocyte migration",14,0.522174301539529,1.48301203291521,0.0689655172413793,0.585150719971774,0.559102446406872,103,"tags=29%, list=11%, signal=26%","363875/50646/25459/24832"
"GO:0050807","regulation of synapse organization",52,-0.32608075767303,-1.33860312216832,0.0690423162583519,0.585150719971774,0.559102446406872,168,"tags=27%, list=18%, signal=23%","25012/117542/83501/116493/171574/29495/140908/24245/287927/83527/24592/59318/171503/117282"
"GO:0019674","NAD metabolic process",13,0.546054331161845,1.51189302886639,0.0701754385964912,0.588923288613691,0.56270707729075,221,"tags=62%, list=23%, signal=48%","60666/24534/24533/24551/81829/116643/114096/29384"
"GO:0034599","cellular response to oxidative stress",44,0.362924490816385,1.37505843316111,0.0700525394045534,0.588923288613691,0.56270707729075,123,"tags=25%, list=13%, signal=23%","85383/362245/117254/29338/24588/117287/65179/24786/83782/24787/64371"
"GO:0030522","intracellular receptor signaling pathway",23,0.449371233644201,1.4502322336134,0.0711610486891386,0.590019299696719,0.563754298898611,95,"tags=26%, list=10%, signal=24%","362809/25344/117287/25459/63836/65179"
"GO:0043010","camera-type eye development",33,-0.384503541109381,-1.40437782341063,0.0712694877505568,0.590019299696719,0.563754298898611,138,"tags=30%, list=14%, signal=27%","24629/29600/64307/29599/25062/24232/81818/24592/84487/117282"
"GO:1901137","carbohydrate derivative biosynthetic process",53,0.342570808504793,1.35634124725093,0.0716845878136201,0.590019299696719,0.563754298898611,297,"tags=49%, list=31%, signal=36%","245965/25368/24189/171375/298942/81654/641434/289950/170851/83782/24333/298410/117243/64524/116643/84353/25289/171374/78959/65262/191575/292072/690441/94271/25014/24849"
"GO:0060627","regulation of vesicle-mediated transport",109,-0.283192812031322,-1.31822814795845,0.0716049382716049,0.590019299696719,0.563754298898611,262,"tags=36%, list=27%, signal=29%","684097/25532/29219/155151/54309/50866/171039/54319/114114/117103/81664/116590/361651/140670/29448/24803/81921/116657/29337/116493/291145/81830/65153/246324/293692/25387/81521/29495/140908/117550/116563/25751/24232/171111/501083/24366/116743/24170/117282"
"GO:0010634","positive regulation of epithelial cell migration",17,0.50340857468805,1.50566949185792,0.0724070450097847,0.591722111811976,0.565381309490784,255,"tags=59%, list=27%, signal=44%","363875/50646/25246/25459/679221/308061/292804/171374/65262/25291"
"GO:0051938","L-glutamate import",11,-0.551472296327262,-1.47128191338288,0.0732217573221757,0.591722111811976,0.565381309490784,57,"tags=27%, list=6%, signal=26%","66028/24592/84487"
"GO:0048169","regulation of long-term neuronal synaptic plasticity",13,-0.513191992192845,-1.45993383200596,0.0736196319018405,0.591722111811976,0.565381309490784,97,"tags=69%, list=10%, signal=63%","29219/117103/60324/81830/171140/29495/24245/293621/24592"
"GO:0051606","detection of stimulus",13,-0.507740489494029,-1.44442534133122,0.0736196319018405,0.591722111811976,0.565381309490784,122,"tags=38%, list=13%, signal=34%","59073/689560/25297/25387/286924"
"GO:0060996","dendritic spine development",28,-0.392311040045657,-1.38808412038865,0.0732217573221757,0.591722111811976,0.565381309490784,81,"tags=25%, list=8%, signal=24%","171574/29495/140908/24245/83527/171503/117282"
"GO:0050673","epithelial cell proliferation",25,0.431630425838352,1.42084313484974,0.075187969924812,0.59429213743171,0.56783692914958,195,"tags=44%, list=20%, signal=36%","25368/25728/24957/25459/170851/83782/65151/308061/29577/25262/84353"
"GO:0007596","blood coagulation",21,0.445350297408908,1.40318410965889,0.0761904761904762,0.59429213743171,0.56783692914958,47,"tags=24%, list=5%, signal=23%","288001/24936/25728/24440/29338"
"GO:0007599","hemostasis",21,0.445350297408908,1.40318410965889,0.0761904761904762,0.59429213743171,0.56783692914958,47,"tags=24%, list=5%, signal=23%","288001/24936/25728/24440/29338"
"GO:0050817","coagulation",21,0.445350297408908,1.40318410965889,0.0761904761904762,0.59429213743171,0.56783692914958,47,"tags=24%, list=5%, signal=23%","288001/24936/25728/24440/29338"
"GO:0010631","epithelial cell migration",30,0.404377815619368,1.38947858604893,0.0787992495309568,0.59429213743171,0.56783692914958,149,"tags=33%, list=16%, signal=29%","363875/25728/24957/50646/25246/25459/63836/679221/308061/292804"
"GO:0090132","epithelium migration",30,0.404377815619368,1.38947858604893,0.0787992495309568,0.59429213743171,0.56783692914958,149,"tags=33%, list=16%, signal=29%","363875/25728/24957/50646/25246/25459/63836/679221/308061/292804"
"GO:0045596","negative regulation of cell differentiation",37,0.376573645595917,1.36930385966235,0.0761061946902655,0.59429213743171,0.56783692914958,272,"tags=49%, list=28%, signal=36%","29338/50646/29409/25459/24832/83782/24787/81732/29577/64627/29271/84353/25742/361596/24547/25567/24674/191575"
"GO:0042063","gliogenesis",54,0.336993935783933,1.33716624091823,0.0769230769230769,0.59429213743171,0.56783692914958,235,"tags=39%, list=25%, signal=31%","24936/25393/25728/289218/24943/50646/29409/299923/50568/170851/24786/81732/29577/85238/25045/64521/25275/84353/64057/25742/361596"
"GO:0030335","positive regulation of cell migration",55,0.336346350590678,1.33529563835093,0.0772058823529412,0.59429213743171,0.56783692914958,149,"tags=25%, list=16%, signal=23%","363875/24943/50646/25246/25459/63836/64633/170851/24832/679221/24787/81732/308061/292804"
"GO:0010976","positive regulation of neuron projection development",38,-0.351507849262936,-1.33307394329544,0.0776255707762557,0.59429213743171,0.56783692914958,96,"tags=24%, list=10%, signal=22%","84510/293692/24245/287927/83527/24592/59318/171503/117282"
"GO:0019220","regulation of phosphate metabolic process",79,0.304659521223766,1.29590203101498,0.0787671232876712,0.59429213743171,0.56783692914958,225,"tags=33%, list=24%, signal=27%","363875/362809/299331/56011/24440/50646/56064/117287/25459/60449/170851/65179/24832/365216/117030/24333/29577/116643/170923/29753/81683/301618/24642/266759/29384/24679"
"GO:0051174","regulation of phosphorus metabolic process",79,0.304659521223766,1.29590203101498,0.0787671232876712,0.59429213743171,0.56783692914958,225,"tags=33%, list=24%, signal=27%","363875/362809/299331/56011/24440/50646/56064/117287/25459/60449/170851/65179/24832/365216/117030/24333/29577/116643/170923/29753/81683/301618/24642/266759/29384/24679"
"GO:0007155","cell adhesion",101,0.284873410491559,1.27241796238718,0.0760135135135135,0.59429213743171,0.56783692914958,258,"tags=39%, list=27%, signal=32%","363875/25368/24936/25393/24440/25407/29338/50646/25246/292597/29409/56064/116690/25459/63836/50568/25650/170851/24832/25506/365216/24586/29577/29271/170923/116597/84353/56646/64057/171374/360882/25742/64465/24547/25567/140654/116508/24674/25594"
"GO:0016192","vesicle-mediated transport",201,-0.235013254141439,-1.20593153098168,0.078239608801956,0.59429213743171,0.56783692914958,99,"tags=19%, list=10%, signal=22%","83501/116493/291145/360605/116723/60377/25272/81830/65153/246324/114561/117559/25485/294568/293692/171574/25387/81521/29495/140908/117550/60431/116563/25751/81754/500249/24232/171111/293621/83527/50592/501083/24366/288700/84487/116743/140667/24170/117282"
"GO:1902117","positive regulation of organelle assembly",13,-0.501850679688397,-1.42766995011286,0.0797546012269939,0.596244005679535,0.56970190901746,121,"tags=54%, list=13%, signal=48%","116554/83788/683788/116723/81521/29489/501083"
"GO:1901575","organic substance catabolic process",189,0.252192937063331,1.23617048870008,0.0796610169491525,0.596244005679535,0.56970190901746,172,"tags=23%, list=18%, signal=24%","50690/690660/24189/294292/294930/298012/60666/117254/25728/299331/298942/24440/25721/29338/311422/171155/50646/24533/64156/140547/25344/117287/25459/25632/29545/81743/64189/65151/25630/64371/287280/24401/362862/24333/25058/94167/292804/24399/29669/29443/24191/25045/29144/116643"
"GO:0050808","synapse organization",101,-0.281407873315909,-1.30670278976625,0.0804878048780488,0.597974152986378,0.571355037961652,260,"tags=36%, list=27%, signal=29%","79011/25473/84008/29219/171039/116655/54319/114114/29423/24171/60324/60465/25012/79212/117542/116653/83501/116493/116600/25297/294568/171574/29495/140908/24245/81821/287927/24232/83527/50592/24592/59318/25600/116743/171503/117282"
"GO:0022402","cell cycle process",84,-0.286425553448195,-1.29112123384641,0.0806845965770171,0.597974152986378,0.571355037961652,176,"tags=25%, list=18%, signal=22%","60460/25400/29340/257644/29337/290408/24629/29600/64307/81830/171140/140908/24246/29489/114612/24245/81821/501083/288700/114764/309891"
"GO:0032956","regulation of actin cytoskeleton organization",53,-0.31878754599324,-1.31771144048884,0.0810810810810811,0.598322460391426,0.571687840290381,247,"tags=36%, list=26%, signal=28%","155151/296710/683788/170538/24171/29474/60324/60465/29340/117542/24629/58814/294568/64159/293621/83527/81661/192179/24170"
"GO:0007264","small GTPase mediated signal transduction",48,-0.333373535352405,-1.32859792241031,0.0816326530612245,0.599807304896207,0.573106586208009,83,"tags=23%, list=9%, signal=22%","294568/25387/24673/24246/25751/81754/81821/293621/83527/24592/288700"
"GO:0015931","nucleobase-containing compound transport",17,-0.457177055046738,-1.41695223834039,0.0835030549898167,0.608583825605102,0.581492415758933,204,"tags=41%, list=21%, signal=33%","117021/116601/287830/362152/362361/114612/29578"
"GO:0030036","actin cytoskeleton organization",99,-0.281239827339191,-1.30009729074467,0.0835380835380835,0.608583825605102,0.581492415758933,247,"tags=31%, list=26%, signal=26%","155151/296710/683788/54319/170538/24171/29474/60324/60465/500450/29340/117542/116653/24629/59317/58814/25485/294568/25387/64159/140908/24852/24245/293621/83527/24592/501083/81661/116743/192179/24170"
"GO:0015908","fatty acid transport",12,0.553219855163881,1.48408782148381,0.0891472868217054,0.608898464484799,0.58179304833336,199,"tags=42%, list=21%, signal=33%","25728/25721/24778/117243/81683"
"GO:0098659","inorganic cation import across plasma membrane",10,0.58066890683237,1.46445941086549,0.0935672514619883,0.608898464484799,0.58179304833336,133,"tags=40%, list=14%, signal=35%","24213/25650/140447/24212"
"GO:0099587","inorganic ion import across plasma membrane",10,0.58066890683237,1.46445941086549,0.0935672514619883,0.608898464484799,0.58179304833336,133,"tags=40%, list=14%, signal=35%","24213/25650/140447/24212"
"GO:0007369","gastrulation",13,0.528244295095899,1.46258132518542,0.0955165692007797,0.608898464484799,0.58179304833336,246,"tags=54%, list=26%, signal=41%","298942/170851/292804/81504/84353/29384/24547"
"GO:0019319","hexose biosynthetic process",17,0.487496132357788,1.45807618462736,0.0880626223091976,0.608898464484799,0.58179304833336,297,"tags=59%, list=31%, signal=41%","60666/81829/24401/24333/292804/24191/24642/24334/24644/24849"
"GO:0002931","response to ischemia",14,0.510714371240702,1.45046501848071,0.0862068965517241,0.608898464484799,0.58179304833336,174,"tags=43%, list=18%, signal=36%","85383/50646/29545/140447/25058/25309"
"GO:0051881","regulation of mitochondrial membrane potential",12,0.540469970170881,1.44988451358225,0.10077519379845,0.608898464484799,0.58179304833336,188,"tags=67%, list=20%, signal=54%","117287/24786/24787/64371/24401/301458/116643/361967"
"GO:0006084","acetyl-CoA metabolic process",10,0.570794901434939,1.43955695792362,0.101364522417154,0.608898464484799,0.58179304833336,112,"tags=40%, list=12%, signal=36%","298942/81654/289950/170587"
"GO:0002028","regulation of sodium ion transport",14,-0.493109218973154,-1.43722762519765,0.0875,0.608898464484799,0.58179304833336,59,"tags=21%, list=6%, signal=20%","24246/170630/63848"
"GO:0046847","filopodium assembly",19,0.462426104095,1.43658655384825,0.0941619585687382,0.608898464484799,0.58179304833336,140,"tags=32%, list=15%, signal=28%","363875/85428/292597/64633/81732/306439"
"GO:0009913","epidermal cell differentiation",15,0.50059515097338,1.43108528650208,0.091796875,0.608898464484799,0.58179304833336,257,"tags=53%, list=27%, signal=40%","363875/170851/24786/83782/29577/29384/25524/24674"
"GO:0031338","regulation of vesicle fusion",10,-0.548275586827806,-1.43002816991188,0.0858895705521472,0.608898464484799,0.58179304833336,248,"tags=60%, list=26%, signal=45%","24805/29219/155151/361651/116657/117550"
"GO:0006637","acyl-CoA metabolic process",17,0.473338379436756,1.41573106434476,0.0958904109589041,0.608898464484799,0.58179304833336,165,"tags=35%, list=17%, signal=30%","298942/81654/289950/170587/117243/25045"
"GO:0033865","nucleoside bisphosphate metabolic process",17,0.473338379436756,1.41573106434476,0.0958904109589041,0.608898464484799,0.58179304833336,165,"tags=35%, list=17%, signal=30%","298942/81654/289950/170587/117243/25045"
"GO:0033875","ribonucleoside bisphosphate metabolic process",17,0.473338379436756,1.41573106434476,0.0958904109589041,0.608898464484799,0.58179304833336,165,"tags=35%, list=17%, signal=30%","298942/81654/289950/170587/117243/25045"
"GO:0034032","purine nucleoside bisphosphate metabolic process",17,0.473338379436756,1.41573106434476,0.0958904109589041,0.608898464484799,0.58179304833336,165,"tags=35%, list=17%, signal=30%","298942/81654/289950/170587/117243/25045"
"GO:0035383","thioester metabolic process",17,0.473338379436756,1.41573106434476,0.0958904109589041,0.608898464484799,0.58179304833336,165,"tags=35%, list=17%, signal=30%","298942/81654/289950/170587/117243/25045"
"GO:0016601","Rac protein signal transduction",10,-0.542480857125183,-1.41491418907659,0.0899795501022495,0.608898464484799,0.58179304833336,83,"tags=50%, list=9%, signal=46%","294568/24246/25751/83527/24592"
"GO:0000041","transition metal ion transport",10,-0.54085771552389,-1.41068066442335,0.0920245398773006,0.608898464484799,0.58179304833336,352,"tags=80%, list=37%, signal=51%","58917/366568/684097/54241/117240/25319/689560/25751"
"GO:0044270","cellular nitrogen compound catabolic process",20,0.450929642291701,1.40610954876722,0.099437148217636,0.608898464484799,0.58179304833336,187,"tags=40%, list=20%, signal=33%","690660/294292/311422/81743/65151/29443/116643/25275"
"GO:0010721","negative regulation of cell development",22,0.435341344762538,1.39804239945155,0.0910780669144981,0.608898464484799,0.58179304833336,272,"tags=64%, list=28%, signal=47%","29338/29409/25459/24832/83782/81732/29577/29271/84353/361596/24547/25567/24674/191575"
"GO:0022407","regulation of cell-cell adhesion",25,0.423357349393062,1.39360978157408,0.0864661654135338,0.608898464484799,0.58179304833336,296,"tags=60%, list=31%, signal=43%","25368/24936/25407/29338/25459/170851/24832/29577/56646/24547/25567/140654/24674/117273/25528"
"GO:0008360","regulation of cell shape",22,0.432779792828715,1.38981630685785,0.0947955390334572,0.608898464484799,0.58179304833336,52,"tags=18%, list=5%, signal=18%","363875/24189/85428/50646"
"GO:0034612","response to tumor necrosis factor",22,0.432695243633974,1.38954478805884,0.0947955390334572,0.608898464484799,0.58179304833336,176,"tags=36%, list=18%, signal=30%","85383/60666/25728/50646/63836/81732/29577/29271"
"GO:0030198","extracellular matrix organization",12,-0.496113489370259,-1.38165891614296,0.0925925925925926,0.608898464484799,0.58179304833336,120,"tags=58%, list=13%, signal=52%","29393/25473/683788/29345/85274/24592/192179"
"GO:0043062","extracellular structure organization",12,-0.496113489370259,-1.38165891614296,0.0925925925925926,0.608898464484799,0.58179304833336,120,"tags=58%, list=13%, signal=52%","29393/25473/683788/29345/85274/24592/192179"
"GO:0045229","external encapsulating structure organization",12,-0.496113489370259,-1.38165891614296,0.0925925925925926,0.608898464484799,0.58179304833336,120,"tags=58%, list=13%, signal=52%","29393/25473/683788/29345/85274/24592/192179"
"GO:0008654","phospholipid biosynthetic process",16,-0.456899213086904,-1.37784722126492,0.0901639344262295,0.608898464484799,0.58179304833336,192,"tags=44%, list=20%, signal=36%","79131/58857/29337/116723/24479/64473/81821"
"GO:0060997","dendritic spine morphogenesis",18,-0.436524539447736,-1.37477660948386,0.100616016427105,0.608898464484799,0.58179304833336,81,"tags=33%, list=8%, signal=31%","117542/171574/29495/140908/24245/83527"
"GO:0000375","RNA splicing, via transesterification reactions",15,-0.45818616762827,-1.37140248954149,0.1,0.608898464484799,0.58179304833336,123,"tags=40%, list=13%, signal=35%","362152/362361/361542/114612/29578/117282"
"GO:0000377","RNA splicing, via transesterification reactions with bulged adenosine as nucleophile",15,-0.45818616762827,-1.37140248954149,0.1,0.608898464484799,0.58179304833336,123,"tags=40%, list=13%, signal=35%","362152/362361/361542/114612/29578/117282"
"GO:0000398","mRNA splicing, via spliceosome",15,-0.45818616762827,-1.37140248954149,0.1,0.608898464484799,0.58179304833336,123,"tags=40%, list=13%, signal=35%","362152/362361/361542/114612/29578/117282"
"GO:0050865","regulation of cell activation",29,0.393081594054133,1.33947040086216,0.0973282442748092,0.608898464484799,0.58179304833336,212,"tags=41%, list=22%, signal=33%","25368/24936/25728/25407/29338/25459/24832/29577/84353/81683/56646/266759"
"GO:0071453","cellular response to oxygen levels",29,0.391000076594171,1.33237739251816,0.101145038167939,0.608898464484799,0.58179304833336,164,"tags=34%, list=17%, signal=29%","85383/362245/171375/289218/299923/117287/170851/25506/24333/25262"
"GO:0001667","ameboidal-type cell migration",44,0.348508790766039,1.32043982674091,0.0963222416812609,0.608898464484799,0.58179304833336,149,"tags=27%, list=16%, signal=24%","363875/25728/24957/50646/64185/25246/25459/63836/679221/81732/308061/292804"
"GO:0009636","response to toxic substance",53,0.331058837025753,1.31076187689433,0.0931899641577061,0.608898464484799,0.58179304833336,143,"tags=26%, list=15%, signal=24%","689064/117254/25728/24440/29338/64156/117287/83613/25632/64352/24786/24787/64371/94167"
"GO:1902075","cellular response to salt",37,-0.347183536742653,-1.30998651720827,0.100686498855835,0.608898464484799,0.58179304833336,254,"tags=41%, list=27%, signal=31%","83718/54309/317675/24654/81664/117542/29337/360616/29600/29495/297516/29489/81666/29578/24170"
"GO:2000147","positive regulation of cell motility",57,0.325124500516623,1.30216782171597,0.0969479353680431,0.608898464484799,0.58179304833336,149,"tags=25%, list=16%, signal=22%","363875/24943/50646/25246/25459/63836/64633/170851/24832/679221/24787/81732/308061/292804"
"GO:0009314","response to radiation",40,-0.340283294891951,-1.29957914631575,0.0957943925233645,0.608898464484799,0.58179304833336,220,"tags=38%, list=23%, signal=30%","170538/116484/24464/170714/60324/83578/360616/295645/24404/25272/25387/140908/25751/293621/24592"
"GO:0071363","cellular response to growth factor stimulus",62,-0.298477875770765,-1.28350113319303,0.0993071593533487,0.608898464484799,0.58179304833336,203,"tags=31%, list=21%, signal=26%","29237/29474/81633/29340/117542/29257/24629/29600/84510/294568/293692/25751/29489/81818/50592/24592/288700/29578/116743"
"GO:0002682","regulation of immune system process",80,0.300208756419114,1.27996854461743,0.0904436860068259,0.608898464484799,0.58179304833336,260,"tags=39%, list=27%, signal=31%","363875/25368/24936/25728/299331/25407/29338/50646/25344/117287/25459/24832/83782/25058/292804/29577/81504/64627/29318/84353/81683/54231/56646/266759/58942/25578/116725/140654/25023/24674/29511"
"GO:0022411","cellular component disassembly",57,-0.304366210485092,-1.2758712787815,0.101123595505618,0.608898464484799,0.58179304833336,232,"tags=33%, list=24%, signal=27%","683788/114114/367171/24171/287444/60465/60460/81921/64670/58814/25595/25059/84510/64159/140908/117550/24232/116743/24170"
"GO:0051668","localization within membrane",97,-0.275366769204323,-1.27184390905548,0.0990338164251208,0.608898464484799,0.58179304833336,136,"tags=25%, list=14%, signal=24%","83501/83764/116493/29600/60377/116600/25297/25272/81830/246324/171140/293692/29495/300075/140908/117550/24246/66028/116563/25751/24245/171111/293621/288700"
"GO:0048589","developmental growth",77,-0.282802076136794,-1.26211495757534,0.0939759036144578,0.608898464484799,0.58179304833336,144,"tags=23%, list=15%, signal=22%","64302/24629/295645/24404/25595/25062/294568/140908/297516/24246/25751/114612/24232/81818/83527/116743/24170/117282"
"GO:0042592","homeostatic process",173,0.253181224548116,1.23098764666788,0.0906040268456376,0.608898464484799,0.58179304833336,215,"tags=31%, list=22%, signal=30%","363875/24189/85383/117254/50676/25728/24440/24957/29338/50646/24213/313413/25246/56064/24186/117287/25459/25632/60449/25650/170851/117059/24786/24832/83782/24787/140447/89791/24778/64371/117556/24401/24212/25058/94167/29598/292804/25262/25045/261737/29753/297566/246333/84353/81683/65152/54231/25289/56646/287276/81869/24398/58942/171374"
"GO:0010556","regulation of macromolecule biosynthetic process",213,0.24445311823902,1.22103344514442,0.0915032679738562,0.608898464484799,0.58179304833336,150,"tags=20%, list=16%, signal=22%","363875/291159/690660/25368/85383/362809/25728/299331/56011/24943/24440/293508/85428/494445/50646/25246/56064/25344/117287/24923/25459/63836/60449/25650/170851/100362640/24786/83782/24787/81743/81732/308650/140447/65151/65171/25630/117030/24333/25058/94167/29598/292804/29577"
"GO:0009605","response to external stimulus",225,0.237916481187113,1.19607429144294,0.0988467874794069,0.608898464484799,0.58179304833336,218,"tags=27%, list=23%, signal=27%","363875/24189/24936/362245/117254/25728/299331/25407/494445/24957/29338/171155/50646/313413/25246/24533/29409/24186/25344/117287/25459/25632/25650/170851/24786/24787/81743/81732/140447/24778/29445/25630/64371/24586/24401/24212/24333/25058/306439/117243/29598/292804/29669/291081/29443/25045/25309/361422/29271/29318/246333/25275/64647/298682/84353/81683/56646/266759/58942/94197/25578"
"GO:0042221","response to chemical",416,0.22452742742493,1.18245329924078,0.0907692307692308,0.608898464484799,0.58179304833336,168,"tags=21%, list=18%, signal=30%","363875/245965/689064/314906/24189/79213/85383/294930/298012/24936/60666/362245/362809/117254/50676/25728/171375/299331/289218/24440/85428/494445/25721/24957/29338/171155/50646/24213/25246/24533/24588/64156/24186/25344/299923/117287/641434/83613/25459/63836/25632/293448/170851/64352/65179/29545/100362640/24786/81662/83782/25506/24787/81743/81732/140447/65151/24778/29445/25630/24799/64371/24586/24401/362862/24212/25740/24333/25058/289144/308061/94167/117243/171337/29598/292804/29577/24399/85238/291081/29443/25130/24191/25262/25045/29144/81504"
"GO:0032879","regulation of localization",288,-0.219818103514566,-1.17054046070247,0.0989583333333333,0.608898464484799,0.58179304833336,276,"tags=33%, list=29%, signal=33%","304017/29528/24424/25470/305679/308100/25152/684097/25750/25532/83718/117558/54241/29219/155151/54309/50866/24520/171039/116655/309111/54319/114114/117103/83581/24654/170538/81664/116590/116484/361651/140670/79131/29448/24803/116601/25400/25012/24412/29340/499157/79212/81921/116657/29738/299809/29337/24629/83501/116493/29600/291145/689560/116600/25595/25059/25297/25050/81830/65153/246324/117559/171140/293692/171574/25387/81521/29495/54225/140908/117550/24246/66028/29731/116563/25751/65028/170630/29489/24245/81666/24232/171111/293621/24592/501083/24366/25679/63848/116743/192179/24170/171503/117282"
"GO:0051049","regulation of transport",255,-0.220834790111661,-1.16708172130659,0.0989847715736041,0.608898464484799,0.58179304833336,276,"tags=33%, list=29%, signal=32%","304017/29528/24424/25470/308100/684097/25750/25532/83718/117558/29219/155151/54309/50866/24520/171039/116655/309111/54319/114114/117103/24654/170538/81664/116590/116484/361651/140670/79131/29448/24803/116601/25400/25012/24412/29340/499157/79212/81921/116657/29738/29337/24629/83501/116493/291145/689560/116600/25595/25059/25297/25050/81830/65153/246324/117559/293692/171574/25387/81521/29495/140908/117550/24246/66028/29731/116563/25751/65028/170630/29489/81666/24232/171111/293621/24592/501083/24366/63848/116743/192179/24170/171503/117282"
"GO:0051050","positive regulation of transport",142,-0.248175594343756,-1.21150092716866,0.101941747572816,0.610224726729581,0.583060271358687,231,"tags=31%, list=24%, signal=28%","54319/114114/117103/24654/170538/116590/361651/140670/79131/29448/24803/116601/25400/25012/29340/79212/29337/24629/83501/291145/116600/25595/25297/25050/65153/246324/293692/171574/25387/81521/140908/117550/116563/25751/170630/29489/81666/24232/293621/501083/24366/24170/171503/117282"
"GO:0030835","negative regulation of actin filament depolymerization",12,-0.490030099944532,-1.36471688690869,0.102880658436214,0.611568358481939,0.584344090679373,205,"tags=33%, list=21%, signal=27%","24171/58814/64159/24170"
"GO:0051693","actin filament capping",12,-0.490030099944532,-1.36471688690869,0.102880658436214,0.611568358481939,0.584344090679373,205,"tags=33%, list=21%, signal=27%","24171/58814/64159/24170"
"GO:0035088","establishment or maintenance of apical/basal cell polarity",11,-0.526723062935123,-1.40525303087609,0.104602510460251,0.617515510027413,0.590026501833866,232,"tags=64%, list=24%, signal=49%","60442/683788/54319/60377/81521/29495/501083"
"GO:0061245","establishment or maintenance of bipolar cell polarity",11,-0.526723062935123,-1.40525303087609,0.104602510460251,0.617515510027413,0.590026501833866,232,"tags=64%, list=24%, signal=49%","60442/683788/54319/60377/81521/29495/501083"
"GO:0061615","glycolytic process through fructose-6-phosphate",13,0.51845024653731,1.43546396177471,0.107212475633528,0.622776540460282,0.595053334896261,297,"tags=54%, list=31%, signal=38%","25630/24333/25058/65152/24334/24644/24849"
"GO:0048469","cell maturation",20,0.440175332931497,1.37257496673148,0.106941838649156,0.622776540460282,0.595053334896261,72,"tags=25%, list=8%, signal=24%","363875/298942/24943/50646/116690"
"GO:0042110","T cell activation",26,0.405947822931038,1.35240566756339,0.107954545454545,0.622776540460282,0.595053334896261,296,"tags=54%, list=31%, signal=38%","25368/25407/29338/25459/81768/24832/29577/84353/56646/140654/25524/24674/117273/25528"
"GO:0045017","glycerolipid biosynthetic process",15,-0.450907215579986,-1.34961577124761,0.108163265306122,0.622776540460282,0.595053334896261,192,"tags=40%, list=20%, signal=32%","79131/29337/116723/64473/81821/24232"
"GO:0090130","tissue migration",33,0.377251943691502,1.32624970652112,0.106690777576854,0.622776540460282,0.595053334896261,149,"tags=30%, list=16%, signal=26%","363875/25728/24957/50646/25246/25459/63836/679221/308061/292804"
"GO:0001654","eye development",36,-0.342444083938661,-1.28842973032835,0.10913140311804,0.622776540460282,0.595053334896261,138,"tags=28%, list=14%, signal=25%","24629/29600/64307/29599/25062/24232/81818/24592/84487/117282"
"GO:0048880","sensory system development",36,-0.342444083938661,-1.28842973032835,0.10913140311804,0.622776540460282,0.595053334896261,138,"tags=28%, list=14%, signal=25%","24629/29600/64307/29599/25062/24232/81818/24592/84487/117282"
"GO:0150063","visual system development",36,-0.342444083938661,-1.28842973032835,0.10913140311804,0.622776540460282,0.595053334896261,138,"tags=28%, list=14%, signal=25%","24629/29600/64307/29599/25062/24232/81818/24592/84487/117282"
"GO:0051604","protein maturation",52,0.325381118742982,1.28044609601701,0.108499095840868,0.622776540460282,0.595053334896261,213,"tags=33%, list=22%, signal=27%","85383/294362/362809/299331/293508/79563/25506/362862/117030/24333/29144/246333/361967/29374/24829/266759/171133"
"GO:0099536","synaptic signaling",164,-0.241283455878993,-1.2001553961115,0.108641975308642,0.622776540460282,0.595053334896261,229,"tags=30%, list=24%, signal=28%","114114/117103/24654/83839/24898/81664/116590/361651/29237/116561/116509/60324/29629/24803/25400/25012/24412/29340/310192/79212/117542/116657/83501/295645/58814/60377/116600/25297/25050/81830/65153/117559/171140/24380/29495/140908/117550/170630/24245/81821/81666/293621/50592/24592/25679/25600/84487/140667/24611/117282"
"GO:0070665","positive regulation of leukocyte proliferation",10,0.554601137309616,1.39871593821062,0.111111111111111,0.625730994152047,0.597876269621422,257,"tags=70%, list=27%, signal=52%","25368/25407/25459/29577/81683/140654/24674"
"GO:0046700","heterocycle catabolic process",21,0.431016258540008,1.35802124419075,0.11047619047619,0.625730994152047,0.597876269621422,187,"tags=38%, list=20%, signal=31%","690660/294292/311422/81743/65151/29443/116643/25275"
"GO:0043200","response to amino acid",24,-0.401809738771531,-1.35231471952567,0.111111111111111,0.625730994152047,0.597876269621422,337,"tags=54%, list=35%, signal=36%","25132/29154/29393/304017/79256/24423/170538/116484/117542/29489/24245/50592/117282"
"GO:0044283","small molecule biosynthetic process",77,0.291427557155059,1.2423740320664,0.110732538330494,0.625730994152047,0.597876269621422,161,"tags=23%, list=17%, signal=21%","25368/24189/60666/362809/25728/24943/25721/24957/50646/117287/24786/81829/25630/24401/24333/292804/24399/24191"
"GO:0046474","glycerophospholipid biosynthetic process",12,-0.482979384182118,-1.34508088726939,0.113168724279835,0.634867658647383,0.606606210980099,192,"tags=58%, list=20%, signal=47%","29154/54248/79131/29337/116723/64473/81821"
"GO:0072593","reactive oxygen species metabolic process",38,0.35679284052552,1.30238853946776,0.113475177304965,0.634867658647383,0.606606210980099,174,"tags=34%, list=18%, signal=29%","117254/24440/29338/50646/117287/25632/24786/24787/64371/94167/301458/81504/25309"
"GO:0042744","hydrogen peroxide catabolic process",11,0.543066074721315,1.41202198215028,0.116412213740458,0.638606117488509,0.61017825047783,143,"tags=55%, list=15%, signal=47%","117254/24440/29338/25632/64371/94167"
"GO:0006735","NADH regeneration",12,0.525141141467795,1.40876283694047,0.12015503875969,0.638606117488509,0.61017825047783,297,"tags=58%, list=31%, signal=41%","25630/24333/25058/65152/24334/24644/24849"
"GO:0061620","glycolytic process through glucose-6-phosphate",12,0.525141141467795,1.40876283694047,0.12015503875969,0.638606117488509,0.61017825047783,297,"tags=58%, list=31%, signal=41%","25630/24333/25058/65152/24334/24644/24849"
"GO:0061621","canonical glycolysis",12,0.525141141467795,1.40876283694047,0.12015503875969,0.638606117488509,0.61017825047783,297,"tags=58%, list=31%, signal=41%","25630/24333/25058/65152/24334/24644/24849"
"GO:0061718","glucose catabolic process to pyruvate",12,0.525141141467795,1.40876283694047,0.12015503875969,0.638606117488509,0.61017825047783,297,"tags=58%, list=31%, signal=41%","25630/24333/25058/65152/24334/24644/24849"
"GO:1903706","regulation of hemopoiesis",14,0.493238608706693,1.40083261404049,0.118773946360153,0.638606117488509,0.61017825047783,313,"tags=79%, list=33%, signal=54%","29338/50646/25459/83782/64627/84353/54231/24674/191575/117273/361118"
"GO:0033866","nucleoside bisphosphate biosynthetic process",10,0.546025879517944,1.37708895452706,0.120857699805068,0.638606117488509,0.61017825047783,144,"tags=40%, list=15%, signal=34%","298942/81654/289950/117243"
"GO:0034030","ribonucleoside bisphosphate biosynthetic process",10,0.546025879517944,1.37708895452706,0.120857699805068,0.638606117488509,0.61017825047783,144,"tags=40%, list=15%, signal=34%","298942/81654/289950/117243"
"GO:0034033","purine nucleoside bisphosphate biosynthetic process",10,0.546025879517944,1.37708895452706,0.120857699805068,0.638606117488509,0.61017825047783,144,"tags=40%, list=15%, signal=34%","298942/81654/289950/117243"
"GO:0045862","positive regulation of proteolysis",17,0.456103798234398,1.36418330686483,0.119373776908023,0.638606117488509,0.61017825047783,176,"tags=35%, list=18%, signal=29%","25728/50646/24333/116643/25309/29271"
"GO:0042255","ribosome assembly",13,-0.473940594170529,-1.3482710531667,0.116564417177914,0.638606117488509,0.61017825047783,125,"tags=46%, list=13%, signal=41%","64205/29304/691531/64307/122799/83789"
"GO:0016071","mRNA metabolic process",26,-0.385433806546382,-1.32081615688432,0.120253164556962,0.638606117488509,0.61017825047783,123,"tags=50%, list=13%, signal=45%","79256/65027/64200/116655/140931/362152/317259/362361/361542/114612/81818/29578/117282"
"GO:0030837","negative regulation of actin filament polymerization",16,-0.43493144163073,-1.31160015409714,0.118852459016393,0.638606117488509,0.61017825047783,220,"tags=31%, list=23%, signal=24%","170538/24171/58814/64159/24170"
"GO:0015849","organic acid transport",47,0.328664407310558,1.26783036063921,0.119005328596803,0.638606117488509,0.61017825047783,53,"tags=15%, list=6%, signal=15%","50690/79213/83612/50676/25728/25721/681896"
"GO:0046942","carboxylic acid transport",47,0.328664407310558,1.26783036063921,0.119005328596803,0.638606117488509,0.61017825047783,53,"tags=15%, list=6%, signal=15%","50690/79213/83612/50676/25728/25721/681896"
"GO:0098609","cell-cell adhesion",57,0.314138851834339,1.25816880536372,0.120287253141831,0.638606117488509,0.61017825047783,127,"tags=25%, list=13%, signal=23%","25368/24936/24440/25407/29338/292597/29409/56064/116690/25459/170851/24832/365216/24586"
"GO:0060341","regulation of cellular localization",140,-0.248243877613338,-1.20888443733702,0.116788321167883,0.638606117488509,0.61017825047783,267,"tags=36%, list=28%, signal=31%","305679/25152/684097/117558/54241/29219/116655/309111/54319/114114/117103/83581/24654/170538/116590/116484/140670/24803/116601/25400/25012/29340/499157/29738/299809/83501/116493/29600/25595/25297/25050/81830/171140/293692/25387/81521/29495/140908/117550/24246/116563/65028/29489/24245/81666/293621/24592/24366/192179/171503/117282"
"GO:0050877","nervous system process",128,-0.24890975844631,-1.19933019237359,0.116666666666667,0.638606117488509,0.61017825047783,303,"tags=42%, list=32%, signal=33%","25017/25085/29411/56768/29546/306934/24424/65027/361466/25152/29254/25473/117558/84008/29219/24520/292023/499529/29651/24423/24654/83839/24898/116590/361651/29237/60324/116601/25012/24412/79212/117542/29738/360616/295645/59073/24404/58814/116600/25297/25050/25387/286924/29495/140908/66028/170630/24245/50592/24592/25679/81661/24611/117282"
"GO:0002181","cytoplasmic translation",24,-0.393340856062595,-1.32381218800355,0.121794871794872,0.641577909270217,0.61301775147929,272,"tags=50%, list=28%, signal=37%","79256/64205/292023/303831/29304/266975/29257/27139/140661/691531/64307/83789"
"GO:0006725","cellular aromatic compound metabolic process",270,0.22631534952812,1.15832857938303,0.123152709359606,0.646740608661489,0.617950630755013,257,"tags=31%, list=27%, signal=31%","363875/245965/690660/25368/24189/294292/85383/298012/60666/362809/25728/171375/299331/56011/298942/85428/494445/25721/311422/50646/24534/24533/81654/25344/117287/641434/289950/24551/25459/63836/25650/170851/64352/83782/24787/81743/81732/308650/170587/65151/81829/25630/24212/24333/298410/289144/94167/117243/29577/301458/29443/25045/64524/116643/29318/113893/25275/361967/84353/29374/114096/84509/65152/24642/25289/81869/58942/171374/25578/29384/296596/78959/361596/301252/64465/296488/116725/65262/140654/25023/25291/117596/24674"
"GO:0140115","export across plasma membrane",16,0.470914902637899,1.37547972261513,0.124513618677043,0.651887813991123,0.622868705694912,179,"tags=38%, list=19%, signal=31%","24213/25650/140447/24212/29598/29753"
"GO:0061001","regulation of dendritic spine morphogenesis",14,-0.457292423020252,-1.33283515673646,0.125,0.652439024390244,0.623395378690629,157,"tags=43%, list=16%, signal=36%","114114/117542/171574/140908/24245/83527"
"GO:1902175","regulation of oxidative stress-induced intrinsic apoptotic signaling pathway",12,0.520366853080361,1.39595515625818,0.125968992248062,0.655498221059824,0.626318393708169,108,"tags=42%, list=11%, signal=37%","85383/117287/24786/25506/24787"
"GO:0090150","establishment of protein localization to membrane",36,-0.335916188855892,-1.26386883266481,0.126948775055679,0.658594857258554,0.629277181615712,188,"tags=33%, list=20%, signal=28%","29448/24803/25012/116493/25297/25272/81830/246324/300075/140908/171111/293621"
"GO:0006109","regulation of carbohydrate metabolic process",14,0.485242407473866,1.37812283569457,0.134099616858238,0.664802733768251,0.635208711433757,203,"tags=43%, list=21%, signal=34%","60666/50646/25459/60449/81683/24642"
"GO:1900026","positive regulation of substrate adhesion-dependent cell spreading",10,0.540251339438706,1.36252544085695,0.130604288499025,0.664802733768251,0.635208711433757,106,"tags=30%, list=11%, signal=27%","363875/50568/25506"
"GO:0051489","regulation of filopodium assembly",17,0.449945927623873,1.3457654284669,0.131115459882583,0.664802733768251,0.635208711433757,140,"tags=29%, list=15%, signal=26%","363875/85428/64633/81732/306439"
"GO:0098760","response to interleukin-7",10,0.531382028986549,1.34015685007016,0.134502923976608,0.664802733768251,0.635208711433757,137,"tags=40%, list=14%, signal=35%","298012/25459/25506/24333"
"GO:0098761","cellular response to interleukin-7",10,0.531382028986549,1.34015685007016,0.134502923976608,0.664802733768251,0.635208711433757,137,"tags=40%, list=14%, signal=35%","298012/25459/25506/24333"
"GO:0007162","negative regulation of cell adhesion",17,0.447522672596339,1.33851759569367,0.131115459882583,0.664802733768251,0.635208711433757,248,"tags=59%, list=26%, signal=44%","24936/29338/25459/63836/170851/29271/56646/171374/24547/25567"
"GO:0010770","positive regulation of cell morphogenesis",13,-0.466645106430131,-1.32751677497214,0.128834355828221,0.664802733768251,0.635208711433757,229,"tags=54%, list=24%, signal=42%","25132/83572/114114/117542/29495/24245/83527"
"GO:1903311","regulation of mRNA metabolic process",13,-0.464954390711788,-1.3227070095918,0.134969325153374,0.664802733768251,0.635208711433757,85,"tags=31%, list=9%, signal=28%","362361/81818/29578/117282"
"GO:1901879","regulation of protein depolymerization",18,-0.418888538811389,-1.3192343456048,0.13347022587269,0.664802733768251,0.635208711433757,116,"tags=28%, list=12%, signal=25%","58814/25595/84510/64159/24170"
"GO:0035249","synaptic transmission, glutamatergic",24,-0.39055508279178,-1.31443650136415,0.134615384615385,0.664802733768251,0.635208711433757,185,"tags=33%, list=19%, signal=28%","29629/24412/83501/140908/81821/50592/24592/84487"
"GO:0050775","positive regulation of dendrite morphogenesis",12,-0.470248983552396,-1.30962716163404,0.133744855967078,0.664802733768251,0.635208711433757,229,"tags=58%, list=24%, signal=45%","25132/83572/114114/117542/29495/24245/83527"
"GO:1902115","regulation of organelle assembly",27,-0.371229587426571,-1.29325849166659,0.130705394190871,0.664802733768251,0.635208711433757,327,"tags=52%, list=34%, signal=35%","116554/83788/310710/306934/683788/54319/29423/367171/116723/81830/81521/25751/29489/501083"
"GO:0001816","cytokine production",41,0.339944552066168,1.26597835542316,0.132275132275132,0.664802733768251,0.635208711433757,148,"tags=27%, list=15%, signal=24%","363875/299331/25246/56064/25344/117287/25459/24786/65171/25058/29598"
"GO:0001817","regulation of cytokine production",41,0.339944552066168,1.26597835542316,0.132275132275132,0.664802733768251,0.635208711433757,148,"tags=27%, list=15%, signal=24%","363875/299331/25246/56064/25344/117287/25459/24786/65171/25058/29598"
"GO:0015711","organic anion transport",56,0.317810652074436,1.26167353477438,0.133699633699634,0.664802733768251,0.635208711433757,53,"tags=14%, list=6%, signal=14%","50690/79213/83612/288707/50676/25728/25721/681896"
"GO:0010562","positive regulation of phosphorus metabolic process",49,0.323821699220707,1.26061078337907,0.133567662565905,0.664802733768251,0.635208711433757,200,"tags=33%, list=21%, signal=27%","363875/362809/299331/50646/56064/117287/25459/170851/24832/117030/24333/29577/116643/170923/81683/301618"
"GO:0045937","positive regulation of phosphate metabolic process",49,0.323821699220707,1.26061078337907,0.133567662565905,0.664802733768251,0.635208711433757,200,"tags=33%, list=21%, signal=27%","363875/362809/299331/50646/56064/117287/25459/170851/24832/117030/24333/29577/116643/170923/81683/301618"
"GO:0007420","brain development",111,0.263488827468584,1.19584745163577,0.135135135135135,0.664802733768251,0.635208711433757,198,"tags=26%, list=21%, signal=23%","363875/314906/83612/25393/171375/24943/24213/24533/24588/29409/116690/83613/170851/29545/140447/24778/24586/24212/307039/29577/497902/24399/291081/25045/29271/29753/25275/84353/84509"
"GO:1901607","alpha-amino acid biosynthetic process",14,0.483801012707647,1.37402917237912,0.136015325670498,0.667215580366455,0.637514148972867,211,"tags=43%, list=22%, signal=34%","25721/24957/117287/24401/24399/24398"
"GO:0051241","negative regulation of multicellular organismal process",72,0.293016359836011,1.23659694800531,0.136986301369863,0.670058708414873,0.640230713770728,150,"tags=22%, list=16%, signal=20%","363875/85383/24936/25728/29338/50646/29409/56064/25459/24786/24832/83782/81732/24212/29598/29577"
"GO:0048661","positive regulation of smooth muscle cell proliferation",11,-0.49873117024507,-1.33057300486116,0.140167364016736,0.671293915151268,0.641410934668637,138,"tags=55%, list=14%, signal=47%","81664/24629/24246/114612/81666/24592"
"GO:0046364","monosaccharide biosynthetic process",20,0.424757928194175,1.32449970623588,0.140712945590994,0.671293915151268,0.641410934668637,297,"tags=55%, list=31%, signal=39%","60666/81829/24401/24333/292804/24191/24642/78959/24334/24644/24849"
"GO:0007528","neuromuscular junction development",13,-0.463238095461668,-1.31782447529766,0.139059304703476,0.671293915151268,0.641410934668637,255,"tags=38%, list=27%, signal=29%","25473/84008/116600/25297/25600"
"GO:0048872","homeostasis of number of cells",25,0.392322665381769,1.29144965781999,0.139097744360902,0.671293915151268,0.641410934668637,100,"tags=28%, list=10%, signal=26%","363875/117254/24440/29338/25459/25632/24786"
"GO:0006913","nucleocytoplasmic transport",32,-0.349410439699092,-1.27294678035217,0.140659340659341,0.671293915151268,0.641410934668637,220,"tags=38%, list=23%, signal=30%","170538/116590/116484/117021/287830/25050/362361/140908/114612/24592/29578/171503"
"GO:0045785","positive regulation of cell adhesion",32,0.365374884086956,1.27250864239244,0.140767824497258,0.671293915151268,0.641410934668637,106,"tags=25%, list=11%, signal=23%","363875/25368/25407/50646/25459/50568/24832/25506"
"GO:0070848","response to growth factor",64,-0.287304379211417,-1.25018177079786,0.138888888888889,0.671293915151268,0.641410934668637,215,"tags=31%, list=22%, signal=26%","116590/29237/29474/81633/29340/117542/29257/24629/29600/84510/294568/293692/25751/29489/81818/50592/24592/288700/29578/116743"
"GO:0040017","positive regulation of locomotion",59,0.310076839188014,1.2454312607571,0.139492753623188,0.671293915151268,0.641410934668637,149,"tags=24%, list=16%, signal=21%","363875/24943/50646/25246/25459/63836/64633/170851/24832/679221/24787/81732/308061/292804"
"GO:0033036","macromolecule localization",294,-0.213429308880801,-1.13607466193061,0.138666666666667,0.671293915151268,0.641410934668637,268,"tags=32%, list=28%, signal=34%","751812/305679/308100/25152/64198/684097/25532/54241/84008/29219/50866/24520/171039/116655/309111/54319/114114/117103/83581/24654/170538/116590/116484/140670/117021/29474/116561/79131/29448/361677/24803/60465/287830/25400/25012/29340/58857/499157/117542/29738/299809/64670/83501/83764/116493/29600/362152/116723/689560/60377/116600/25595/294288/25059/25297/25272/25050/81830/246324/114561/171140/25485/362361/293692/25387/81521/29495/54225/300075/140908/117550/24246/60431/66028/116563/25751/65028/81754/114612/500249/24245/81666/24232/171111/293621/24592/501083/24366/288700/29578/140667/192179/114764/171503/117282"
"GO:0048588","developmental cell growth",44,-0.319264319356459,-1.24936026301532,0.1415313225058,0.673060067027584,0.643098465421093,108,"tags=23%, list=11%, signal=21%","25595/294568/140908/297516/24246/25751/114612/83527/116743/117282"
"GO:0090066","regulation of anatomical structure size",87,0.278871406876585,1.21845754940873,0.142620232172471,0.676359660607397,0.646251175961568,110,"tags=20%, list=11%, signal=19%","363875/288001/50676/25728/299331/50646/502674/24588/29409/24186/83613/64633/60449/170851/24786/24787/81732"
"GO:2000300","regulation of synaptic vesicle exocytosis",17,0.438764819381668,1.31232330131227,0.144814090019569,0.681103632179953,0.650783967294421,268,"tags=53%, list=28%, signal=39%","64633/50568/117556/171337/58942/24804/25023/24681/29693"
"GO:0045807","positive regulation of endocytosis",33,-0.34408806286628,-1.25676253434623,0.144766146993318,0.681103632179953,0.650783967294421,148,"tags=27%, list=15%, signal=24%","29337/291145/246324/25387/116563/25751/24232/24170/117282"
"GO:0051169","nuclear transport",33,-0.343812030100492,-1.25575434000375,0.144766146993318,0.681103632179953,0.650783967294421,220,"tags=36%, list=23%, signal=29%","170538/116590/116484/117021/287830/25050/362361/140908/114612/24592/29578/171503"
"GO:0033555","multicellular organismal response to stress",12,0.509192058689527,1.36597724402632,0.145348837209302,0.681745778910481,0.651397528545799,287,"tags=67%, list=30%, signal=47%","25728/24586/24212/25045/83532/24674/24681/83529"
"GO:0006397","mRNA processing",22,-0.396703445526227,-1.30510382175626,0.146551724137931,0.682114461714777,0.651749799252806,123,"tags=50%, list=13%, signal=45%","65027/64200/116655/140931/362152/317259/362361/361542/114612/29578/117282"
"GO:0043648","dicarboxylic acid metabolic process",25,0.388801614416982,1.27985904513078,0.146616541353383,0.682114461714777,0.651749799252806,235,"tags=44%, list=25%, signal=34%","298942/25721/24957/24551/170587/81829/24401/24399/114096/24398/361596"
"GO:0046483","heterocycle metabolic process",257,0.22362016955355,1.1387962694715,0.14662273476112,0.682114461714777,0.651749799252806,257,"tags=30%, list=27%, signal=30%","363875/245965/690660/25368/24189/294292/85383/298012/60666/362809/25728/171375/299331/56011/298942/85428/494445/311422/50646/24534/24533/81654/25344/117287/641434/289950/24551/25459/63836/25650/170851/83782/24787/81743/81732/308650/170587/65151/81829/25630/24212/24333/298410/289144/94167/117243/29577/301458/29443/25045/64524/116643/25275/361967/84353/29374/114096/84509/65152/24642/25289/58942/171374/25578/29384/296596/78959/361596/301252/64465/296488/116725/65262/140654/25023/25291/117596/24674"
"GO:0036294","cellular response to decreased oxygen levels",26,0.390766705035885,1.301830128734,0.147727272727273,0.685390490268539,0.654879993776014,164,"tags=35%, list=17%, signal=29%","85383/362245/171375/299923/117287/170851/25506/24333/25262"
"GO:0043244","regulation of protein-containing complex disassembly",19,-0.409574815907871,-1.30027916574591,0.148619957537155,0.687668560280025,0.65705665437479,205,"tags=37%, list=21%, signal=30%","24171/287444/58814/25595/84510/64159/24170"
"GO:0051491","positive regulation of filopodium assembly",11,0.514605528922637,1.33802193287018,0.152671755725191,0.690215830516712,0.659490531617665,140,"tags=36%, list=15%, signal=31%","363875/85428/81732/306439"
"GO:0050867","positive regulation of cell activation",18,0.428523398025088,1.29981056524426,0.153398058252427,0.690215830516712,0.659490531617665,296,"tags=61%, list=31%, signal=43%","25368/25407/25459/24832/29577/81683/56646/140654/24674/117273/25528"
"GO:0008380","RNA splicing",24,-0.385305133632228,-1.29676748331862,0.151709401709402,0.690215830516712,0.659490531617665,250,"tags=50%, list=26%, signal=38%","64200/116655/140931/161477/27139/362152/317259/362361/361542/114612/29578/117282"
"GO:0030048","actin filament-based movement",22,-0.39282331690148,-1.29233869265499,0.150862068965517,0.690215830516712,0.659490531617665,303,"tags=50%, list=32%, signal=35%","25017/25470/117558/117021/81633/116601/689560/116600/25485/291180/24246"
"GO:0007416","synapse assembly",26,-0.372187038606728,-1.27542173422594,0.154008438818565,0.690215830516712,0.659490531617665,81,"tags=42%, list=8%, signal=40%","29423/24171/25012/83501/171574/29495/140908/287927/83527/50592/59318"
"GO:0003018","vascular process in circulatory system",29,0.369404010646812,1.25878633267431,0.150763358778626,0.690215830516712,0.659490531617665,148,"tags=34%, list=15%, signal=30%","288001/25728/24186/170851/24786/24787/81743/24778/24212/29598"
"GO:0071214","cellular response to abiotic stimulus",36,0.349565290212358,1.25420996953375,0.151898734177215,0.690215830516712,0.659490531617665,239,"tags=36%, list=25%, signal=28%","363875/50676/29409/81662/81743/24778/24401/24212/81504/361967/84353/79434/29177"
"GO:0104004","cellular response to environmental stimulus",36,0.349565290212358,1.25420996953375,0.151898734177215,0.690215830516712,0.659490531617665,239,"tags=36%, list=25%, signal=28%","363875/50676/29409/81662/81743/24778/24401/24212/81504/361967/84353/79434/29177"
"GO:0006898","receptor-mediated endocytosis",47,-0.309023761655666,-1.22272121181556,0.152619589977221,0.690215830516712,0.659490531617665,206,"tags=38%, list=22%, signal=32%","140670/116561/60465/25012/81921/29337/291145/246324/294568/171574/25387/29495/116563/25751/24232/50592/116743/117282"
"GO:0072657","protein localization to membrane",90,-0.261023790811055,-1.18578104150774,0.152882205513784,0.690215830516712,0.659490531617665,136,"tags=24%, list=14%, signal=23%","83501/83764/116493/29600/60377/116600/25297/25272/81830/246324/171140/293692/29495/300075/140908/117550/24246/66028/116563/24245/171111/293621"
"GO:0098660","inorganic ion transmembrane transport",117,0.257754444638099,1.17583048597659,0.153976311336717,0.690215830516712,0.659490531617665,182,"tags=24%, list=19%, signal=22%","245965/50690/79213/83612/85383/50676/171375/24943/252934/50646/681896/24213/292597/641434/25650/362802/24832/140447/24799/363972/54322/24212/306439/29598/25262/25045/29753/297566"
"GO:0051128","regulation of cellular component organization",275,-0.214533157024512,-1.14626870047873,0.15,0.690215830516712,0.659490531617665,277,"tags=32%, list=29%, signal=32%","298848/304017/79256/361466/305679/25152/684097/79011/29254/25532/54241/84008/29219/155151/296710/50866/116655/683788/54319/114114/24654/29304/170538/29423/116590/367171/361651/140670/24171/29474/287444/60324/60465/60460/25012/29340/499157/81921/117542/116657/257644/299809/29337/64302/24629/83501/116493/291145/116723/24404/58814/25595/81830/84510/65153/246324/171140/362361/294568/293692/171574/25387/81521/29495/64159/140908/297516/117550/116563/25751/29489/114612/24245/287927/24232/293621/81818/83527/24592/501083/59318/81661/29578/116743/192179/114764/24170/171503/117282"
"GO:0009889","regulation of biosynthetic process",228,0.227358624738635,1.14169200522486,0.155887230514096,0.696811850235333,0.665792926257813,150,"tags=19%, list=16%, signal=21%","363875/291159/690660/25368/85383/362809/25728/299331/56011/24943/24440/293508/85428/494445/50646/25246/56064/25344/117287/24923/25459/63836/60449/25650/170851/100362640/24786/83782/24787/81743/81732/308650/140447/65151/65171/25630/24401/117030/24333/25058/94167/29598/292804/29577"
"GO:0030518","intracellular steroid hormone receptor signaling pathway",13,0.476670123472087,1.31978485586397,0.159844054580897,0.701241147876724,0.670025051525104,95,"tags=31%, list=10%, signal=28%","362809/25344/117287/65179"
"GO:0043401","steroid hormone mediated signaling pathway",13,0.476670123472087,1.31978485586397,0.159844054580897,0.701241147876724,0.670025051525104,95,"tags=31%, list=10%, signal=28%","362809/25344/117287/65179"
"GO:0006809","nitric oxide biosynthetic process",13,0.473745027780452,1.31168596985103,0.161793372319688,0.701241147876724,0.670025051525104,108,"tags=31%, list=11%, signal=28%","363875/299331/50646/24787"
"GO:0046209","nitric oxide metabolic process",13,0.473745027780452,1.31168596985103,0.161793372319688,0.701241147876724,0.670025051525104,108,"tags=31%, list=11%, signal=28%","363875/299331/50646/24787"
"GO:1903350","response to dopamine",11,-0.486589040124316,-1.29817881832526,0.161087866108787,0.701241147876724,0.670025051525104,52,"tags=27%, list=5%, signal=26%","25751/81666/24611"
"GO:1903351","cellular response to dopamine",11,-0.486589040124316,-1.29817881832526,0.161087866108787,0.701241147876724,0.670025051525104,52,"tags=27%, list=5%, signal=26%","25751/81666/24611"
"GO:0007565","female pregnancy",22,0.399834376131986,1.28401636397682,0.159851301115242,0.701241147876724,0.670025051525104,123,"tags=27%, list=13%, signal=24%","25721/25246/117287/24786/24778/64371"
"GO:0097529","myeloid leukocyte migration",24,0.390432424577145,1.26950011148124,0.161048689138577,0.701241147876724,0.670025051525104,83,"tags=21%, list=9%, signal=20%","363875/24936/50646/25246/25459"
"GO:0060999","positive regulation of dendritic spine development",17,-0.408448813695072,-1.26592630672058,0.160896130346232,0.701241147876724,0.670025051525104,40,"tags=24%, list=4%, signal=23%","24245/83527/171503/117282"
"GO:0006954","inflammatory response",46,0.317383300147745,1.22012750900245,0.160493827160494,0.701241147876724,0.670025051525104,218,"tags=37%, list=23%, signal=30%","288001/25728/24943/29338/117287/25459/24786/81743/25058/29443/64521/29318/81683/24829/56646/266759/25578"
"GO:0010975","regulation of neuron projection development",82,-0.264415857399156,-1.18574376810154,0.160975609756098,0.701241147876724,0.670025051525104,108,"tags=20%, list=11%, signal=19%","25595/84510/65153/171140/293692/171574/29495/140908/24245/287927/81818/83527/24592/59318/171503/117282"
"GO:0099537","trans-synaptic signaling",160,-0.232754818256864,-1.15372550115597,0.159313725490196,0.701241147876724,0.670025051525104,229,"tags=34%, list=24%, signal=31%","25152/79011/29254/117558/29219/54309/171039/114114/117103/24654/83839/24898/81664/116590/361651/29237/116561/116509/60324/29629/24803/25400/25012/24412/29340/310192/79212/117542/116657/83501/295645/58814/60377/116600/25297/25050/81830/65153/117559/171140/24380/29495/140908/117550/170630/24245/81821/293621/50592/24592/25679/84487/140667/24611/117282"
"GO:0006900","vesicle budding from membrane",14,-0.443559620540403,-1.29280921048358,0.1625,0.702525252525253,0.671251993620415,198,"tags=50%, list=21%, signal=40%","684097/116561/58857/171574/60431/116563/81754"
"GO:0009416","response to light stimulus",29,-0.34821766447306,-1.24418299102672,0.163179916317992,0.703687699587914,0.672362693777433,220,"tags=38%, list=23%, signal=30%","170538/170714/60324/360616/295645/24404/25272/25387/140908/25751/24592"
"GO:0071495","cellular response to endogenous stimulus",169,-0.228918127120186,-1.14466456634536,0.164251207729469,0.705617865261159,0.67420693717157,231,"tags=29%, list=24%, signal=27%","54319/117103/24654/170538/81664/116590/170916/29237/29474/287444/140931/81633/24803/25400/29340/117542/64302/360616/29257/24629/140661/29600/116723/317259/689560/84510/246324/294568/293692/24651/89825/54225/140908/25751/65028/29489/24245/81666/293621/81818/50592/24592/24366/25679/288700/29578/116743/24611/117282"
"GO:0010467","gene expression",275,0.220622384982523,1.128694398514,0.164451827242525,0.705617865261159,0.67420693717157,150,"tags=19%, list=16%, signal=22%","363875/291159/690660/25368/85383/294362/362809/25728/299331/56011/24943/24440/293508/85428/494445/171155/79563/50646/25246/64156/56064/25344/117287/24923/25459/63836/60449/25650/170851/117042/100362640/24786/81768/83782/25506/24787/81743/81732/308650/140447/65151/65171/25630/24799/362862/117030/24333/25058/94167/29598/292804/29577"
"GO:0030001","metal ion transport",114,-0.245425989699605,-1.15794736770899,0.16504854368932,0.706407766990291,0.674961676034747,181,"tags=27%, list=19%, signal=25%","116601/117240/25400/25012/24412/29340/79212/29738/29337/25319/24629/295645/29600/689560/116600/29599/25391/25297/65153/171140/140908/117550/24246/29731/25751/170630/24245/81666/25679/63848/84487"
"GO:0001889","liver development",27,-0.358482842956231,-1.24885245269311,0.16597510373444,0.706839247744679,0.675373949210054,43,"tags=48%, list=4%, signal=47%","81659/79256/308100/64040/683788/24464/140655/25391/114612/293621/24592/64192/117282"
"GO:0061008","hepaticobiliary system development",27,-0.358482842956231,-1.24885245269311,0.16597510373444,0.706839247744679,0.675373949210054,43,"tags=48%, list=4%, signal=47%","81659/79256/308100/64040/683788/24464/140655/25391/114612/293621/24592/64192/117282"
"GO:0002688","regulation of leukocyte chemotaxis",12,0.490522821998701,1.31589446671702,0.170542635658915,0.707805707805708,0.676297386823703,199,"tags=42%, list=21%, signal=33%","363875/50646/25459/29318/81683"
"GO:0006626","protein targeting to mitochondrion",16,0.445159077355456,1.30025038666341,0.167315175097276,0.707805707805708,0.676297386823703,105,"tags=25%, list=11%, signal=23%","85383/299331/79563/171139"
"GO:0071356","cellular response to tumor necrosis factor",20,0.411049377683826,1.28175307358074,0.168855534709193,0.707805707805708,0.676297386823703,176,"tags=35%, list=18%, signal=29%","85383/60666/50646/63836/81732/29577/29271"
"GO:1902806","regulation of cell cycle G1/S phase transition",10,-0.491086013946458,-1.28086467948778,0.171779141104294,0.707805707805708,0.676297386823703,360,"tags=70%, list=38%, signal=44%","24183/192253/25470/24654/29337/29600/81821"
"GO:0031331","positive regulation of cellular catabolic process",22,0.396478827535316,1.27324045383641,0.171003717472119,0.707805707805708,0.676297386823703,199,"tags=36%, list=21%, signal=29%","60666/25728/25459/170851/64189/65151/85333/81683"
"GO:0008544","epidermis development",22,0.395802201036039,1.27106755538337,0.171003717472119,0.707805707805708,0.676297386823703,257,"tags=50%, list=27%, signal=37%","363875/170851/24786/83782/29577/25045/84353/81683/29384/25524/24674"
"GO:0032943","mononuclear cell proliferation",18,0.414335404235751,1.25677509900837,0.170873786407767,0.707805707805708,0.676297386823703,257,"tags=50%, list=27%, signal=37%","25368/25407/29338/25459/29577/84353/81683/140654/24674"
"GO:0046651","lymphocyte proliferation",18,0.414335404235751,1.25677509900837,0.170873786407767,0.707805707805708,0.676297386823703,257,"tags=50%, list=27%, signal=37%","25368/25407/29338/25459/29577/84353/81683/140654/24674"
"GO:0099175","regulation of postsynapse organization",26,-0.365753568673814,-1.25337532602848,0.168776371308017,0.707805707805708,0.676297386823703,157,"tags=31%, list=16%, signal=26%","117542/83501/171574/140908/24245/83527/24592/117282"
"GO:0046683","response to organophosphorus",30,0.360882761181465,1.24002566255477,0.168855534709193,0.707805707805708,0.676297386823703,164,"tags=33%, list=17%, signal=29%","60666/50646/25246/24533/24786/81743/81732/362862/171337/25262"
"GO:0009612","response to mechanical stimulus",37,0.339395123560418,1.23411464949022,0.168141592920354,0.707805707805708,0.676297386823703,199,"tags=30%, list=21%, signal=24%","363875/50646/29409/81743/24778/24401/24212/292804/25309/84353/81683"
"GO:0043524","negative regulation of neuron apoptotic process",29,0.36114695966925,1.23064948894987,0.17175572519084,0.707805707805708,0.676297386823703,195,"tags=41%, list=20%, signal=34%","25728/29338/50646/29409/117287/83613/24786/24787/64371/292804/113893/84353"
"GO:0007268","chemical synaptic transmission",158,-0.234433022162978,-1.15875950847776,0.171990171990172,0.707805707805708,0.676297386823703,229,"tags=35%, list=24%, signal=32%","25152/79011/29254/117558/29219/54309/171039/114114/117103/24654/83839/24898/81664/116590/361651/29237/116561/116509/60324/29629/24803/25400/25012/24412/29340/310192/79212/117542/116657/83501/295645/58814/60377/116600/25297/25050/81830/65153/117559/171140/24380/29495/140908/117550/170630/24245/81821/293621/50592/24592/25679/84487/140667/24611/117282"
"GO:0098916","anterograde trans-synaptic signaling",158,-0.234433022162978,-1.15875950847776,0.171990171990172,0.707805707805708,0.676297386823703,229,"tags=35%, list=24%, signal=32%","25152/79011/29254/117558/29219/54309/171039/114114/117103/24654/83839/24898/81664/116590/361651/29237/116561/116509/60324/29629/24803/25400/25012/24412/29340/310192/79212/117542/116657/83501/295645/58814/60377/116600/25297/25050/81830/65153/117559/171140/24380/29495/140908/117550/170630/24245/81821/293621/50592/24592/25679/84487/140667/24611/117282"
"GO:0050709","negative regulation of protein secretion",10,0.511131237727368,1.28908392109458,0.173489278752437,0.710558959866439,0.678928076507899,257,"tags=50%, list=27%, signal=37%","25728/117030/25740/361596/24674"
"GO:0050678","regulation of epithelial cell proliferation",21,0.404850536240882,1.27557979088648,0.173333333333333,0.710558959866439,0.678928076507899,272,"tags=57%, list=28%, signal=42%","25728/24957/25459/83782/65151/308061/29577/25262/84353/64465/65262/191575"
"GO:0042098","T cell proliferation",14,0.464228392694782,1.31844154405429,0.174329501915709,0.712296198758218,0.680587981351618,257,"tags=57%, list=27%, signal=42%","25368/25407/29338/25459/29577/84353/140654/24674"
"GO:0040029","epigenetic regulation of gene expression",10,0.510562714230023,1.28765009266638,0.175438596491228,0.713422511147227,0.681664155387845,260,"tags=60%, list=27%, signal=44%","291159/25344/25459/29384/286897/29511"
"GO:0030595","leukocyte chemotaxis",19,0.407338969474224,1.26545123906944,0.175141242937853,0.713422511147227,0.681664155387845,83,"tags=21%, list=9%, signal=20%","363875/50646/25246/25459"
"GO:0003008","system process",205,-0.216697320029376,-1.11820258272134,0.176039119804401,0.714168182713589,0.682376633015812,303,"tags=40%, list=32%, signal=34%","25017/25085/100145871/29411/56768/29546/306934/81663/304017/24424/25470/65027/361466/308100/25152/29254/25473/117558/84008/29219/24520/292023/499529/54319/114114/29651/24423/24654/83839/24898/81664/116590/303634/361651/117021/29237/60324/81633/116601/60465/500450/25012/24412/79212/117542/29738/360616/360543/295645/25551/29600/59073/24404/58814/689560/116600/25297/25050/171140/25387/286924/29495/140908/24246/66028/24852/170630/64157/114612/24245/81666/50592/24592/24366/25679/553106/81661/25600/116743/24611/117282"
"GO:0045471","response to ethanol",44,0.320139620343382,1.21295392259675,0.176882661996497,0.715893894416084,0.684025523808777,108,"tags=18%, list=11%, signal=17%","314906/25728/25721/50646/25344/100362640/24786/24787"
"GO:0009755","hormone-mediated signaling pathway",14,0.462969702201325,1.31486677382526,0.17816091954023,0.717674104124408,0.6857264866019,95,"tags=29%, list=10%, signal=26%","362809/25344/117287/65179"
"GO:0010001","glial cell differentiation",42,0.323902624076978,1.20537053551099,0.177935943060498,0.717674104124408,0.6857264866019,209,"tags=36%, list=22%, signal=29%","24936/25393/25728/24943/29409/299923/50568/170851/24786/81732/29577/64521/25275/84353/64057"
"GO:2001057","reactive nitrogen species metabolic process",14,0.461745625874053,1.31139031028195,0.18007662835249,0.719610307982401,0.687576499388005,108,"tags=29%, list=11%, signal=26%","363875/299331/50646/24787"
"GO:2000241","regulation of reproductive process",15,0.454183215232461,1.29840434017697,0.1796875,0.719610307982401,0.687576499388005,100,"tags=27%, list=10%, signal=24%","363875/293508/117287/24786"
"GO:0002831","regulation of response to biotic stimulus",28,0.36290514663099,1.21968144162989,0.179389312977099,0.719610307982401,0.687576499388005,83,"tags=18%, list=9%, signal=17%","25728/299331/29338/25344/25459"
"GO:0098655","monoatomic cation transmembrane transport",113,0.254176855338522,1.1568550474641,0.180743243243243,0.719610307982401,0.687576499388005,182,"tags=24%, list=19%, signal=22%","245965/50690/79213/83612/85383/50676/171375/24943/252934/50646/681896/24213/641434/25650/362802/24832/140447/24799/363972/54322/24212/306439/29598/25262/25045/29753/297566"
"GO:0098662","inorganic cation transmembrane transport",113,0.254176855338522,1.1568550474641,0.180743243243243,0.719610307982401,0.687576499388005,182,"tags=24%, list=19%, signal=22%","245965/50690/79213/83612/85383/50676/171375/24943/252934/50646/681896/24213/641434/25650/362802/24832/140447/24799/363972/54322/24212/306439/29598/25262/25045/29753/297566"
"GO:0031326","regulation of cellular biosynthetic process",224,0.225946823082036,1.13711721775856,0.181372549019608,0.720440380328465,0.688369620653244,150,"tags=19%, list=16%, signal=21%","363875/291159/690660/25368/85383/362809/25728/299331/56011/24943/24440/293508/85428/494445/50646/25246/56064/25344/117287/24923/25459/63836/60449/25650/170851/100362640/24786/83782/24787/81743/81732/308650/140447/65151/65171/25630/117030/24333/25058/94167/29598/292804/29577"
"GO:0003006","developmental process involved in reproduction",69,-0.267904212338295,-1.18148195785611,0.181818181818182,0.72053872053872,0.688463583200425,138,"tags=23%, list=14%, signal=21%","24629/29600/291145/24479/85274/303533/362361/25387/54225/25751/65028/29489/24232/81818/29578/117282"
"GO:1901360","organic cyclic compound metabolic process",286,0.218640143615206,1.12061807019258,0.183168316831683,0.724212836988087,0.691974144539773,204,"tags=23%, list=21%, signal=26%","363875/245965/690660/25368/24189/294292/85383/298012/60666/362809/25728/171375/299331/56011/298942/85428/494445/25721/311422/50646/24534/24533/81654/25344/117287/641434/289950/24551/25459/63836/60449/25650/170851/64352/24786/83782/24787/81743/81732/308650/170587/65151/81829/25630/24212/24333/298410/289144/94167/117243/29577/301458/29443/25045/64524/116643/29318/113893/25275/361967/84353/29374/114096/84509/65152/24642/25289"
"GO:0034394","protein localization to cell surface",10,-0.483760409357725,-1.26175782670206,0.184049079754601,0.726018489723219,0.693699417750789,267,"tags=60%, list=28%, signal=44%","305679/25152/29738/81830/192179/117282"
"GO:0045428","regulation of nitric oxide biosynthetic process",11,0.489379390692543,1.2724316421787,0.185114503816794,0.726871629665943,0.694514579747218,108,"tags=36%, list=11%, signal=33%","363875/299331/50646/24787"
"GO:0080164","regulation of nitric oxide metabolic process",11,0.489379390692543,1.2724316421787,0.185114503816794,0.726871629665943,0.694514579747218,108,"tags=36%, list=11%, signal=33%","363875/299331/50646/24787"
"GO:0070301","cellular response to hydrogen peroxide",17,0.419624876099316,1.25507670257488,0.187866927592955,0.727665565699409,0.695273173325678,251,"tags=47%, list=26%, signal=35%","85383/362245/117287/65179/29271/81683/140654/282819"
"GO:0006835","dicarboxylic acid transport",19,-0.392560877116658,-1.2462649312807,0.186836518046709,0.727665565699409,0.695273173325678,57,"tags=32%, list=6%, signal=30%","29219/309111/170538/66028/24592/84487"
"GO:0045921","positive regulation of exocytosis",18,-0.392166697665357,-1.23507742233908,0.186858316221766,0.727665565699409,0.695273173325678,248,"tags=39%, list=26%, signal=29%","29219/114114/29448/65153/140908/501083/24366"
"GO:0051261","protein depolymerization",26,-0.358631314646579,-1.22896857178734,0.187763713080169,0.727665565699409,0.695273173325678,159,"tags=31%, list=17%, signal=26%","24171/81921/58814/25595/84510/64159/116743/24170"
"GO:0050878","regulation of body fluid levels",38,0.330983008873518,1.20817580554729,0.186170212765957,0.727665565699409,0.695273173325678,47,"tags=16%, list=5%, signal=16%","288001/24936/25728/24440/25721/29338"
"GO:0000278","mitotic cell cycle",67,-0.269203142565687,-1.17831233302437,0.187782805429864,0.727665565699409,0.695273173325678,176,"tags=24%, list=18%, signal=21%","60460/25400/257644/24629/64307/81830/171140/140908/24673/24246/29489/24245/81821/501083/288700/114764"
"GO:0010811","positive regulation of cell-substrate adhesion",16,0.435533778313697,1.27213616988691,0.190661478599222,0.72795747911921,0.695552092075291,106,"tags=31%, list=11%, signal=28%","363875/50646/50568/24832/25506"
"GO:0060998","regulation of dendritic spine development",19,-0.390998019163127,-1.24130331851286,0.191082802547771,0.72795747911921,0.695552092075291,81,"tags=26%, list=8%, signal=25%","171574/24245/83527/171503/117282"
"GO:0002250","adaptive immune response",18,-0.390556016613965,-1.23000479426278,0.190965092402464,0.72795747911921,0.695552092075291,98,"tags=28%, list=10%, signal=25%","25050/24232/293621/83527/24366"
"GO:0099173","postsynapse organization",47,-0.301932273078556,-1.19466216075708,0.191343963553531,0.72795747911921,0.695552092075291,81,"tags=38%, list=8%, signal=37%","84008/171039/116655/54319/114114/29423/60465/117542/83501/171574/29495/140908/24245/81821/83527/24592/116743/117282"
"GO:0010638","positive regulation of organelle organization",75,-0.260413603061247,-1.15463762440465,0.188405797101449,0.72795747911921,0.695552092075291,232,"tags=29%, list=24%, signal=24%","683788/114114/24654/116590/361651/60324/60465/29340/117542/299809/24629/116723/84510/362361/294568/81521/117550/29489/24245/501083/29578/114764"
"GO:0060322","head development",115,0.252247865619585,1.15090294384166,0.190878378378378,0.72795747911921,0.695552092075291,198,"tags=25%, list=21%, signal=23%","363875/314906/83612/25393/171375/24943/24213/24533/24588/29409/116690/83613/170851/29545/140447/24778/24586/24212/307039/29577/497902/24399/291081/25045/29271/29753/25275/84353/84509"
"GO:0097435","supramolecular fiber organization",116,-0.239885038150973,-1.12912389621558,0.190594059405941,0.72795747911921,0.695552092075291,248,"tags=30%, list=26%, signal=25%","29219/155151/296710/64362/683788/54319/170538/367171/24171/29474/60324/60465/500450/29340/117542/116653/24629/29345/58814/25595/81830/84510/25485/294568/25387/64159/24852/29489/81818/83527/24592/81661/29578/114764/24170"
"GO:0048519","negative regulation of biological process",354,-0.202475911201297,-1.1006741837529,0.189119170984456,0.72795747911921,0.695552092075291,225,"tags=26%, list=24%, signal=31%","83581/24654/29304/170538/24898/81664/116590/303634/367171/116484/24464/361651/170916/24171/117021/29237/29474/287444/266975/161477/29448/294320/29629/116601/60465/60460/29340/310192/499157/79212/81921/29258/257644/29337/64670/83578/25319/27139/24629/83501/83764/25551/116493/117520/29600/291145/116723/29345/24404/317259/58814/689560/25595/25059/25297/25272/84510/85274/362361/171574/25387/25604/29495/64159/140908/24673/24246/60431/66028/116563/25751/65028/64157/114612/81821/287927/81666/293621/81818/50592/24592/24366/25679/81661/29578/116743/192179/114764/24170/24611/117282"
"GO:0010591","regulation of lamellipodium assembly",10,0.506246694252275,1.27676499790838,0.192982456140351,0.730942400248409,0.698404137964847,176,"tags=40%, list=18%, signal=33%","363875/299331/81732/29271"
"GO:0032368","regulation of lipid transport",11,0.487695849443306,1.2680542793449,0.192748091603053,0.730942400248409,0.698404137964847,208,"tags=45%, list=22%, signal=36%","25728/117243/25045/81683/287276"
"GO:0045010","actin nucleation",13,-0.44221614001063,-1.25802100126691,0.194274028629857,0.73098271871278,0.698442661632846,247,"tags=38%, list=26%, signal=29%","155151/296710/29474/294568/81661"
"GO:0033157","regulation of intracellular protein transport",34,-0.323072983691232,-1.19999344389108,0.194260485651214,0.73098271871278,0.698442661632846,220,"tags=38%, list=23%, signal=31%","170538/116590/116484/24803/499157/116493/25297/25050/140908/117550/293621/24592/171503"
"GO:0010038","response to metal ion",92,-0.252247504446404,-1.15132871456796,0.193548387096774,0.73098271871278,0.698442661632846,78,"tags=15%, list=8%, signal=15%","24651/29495/297516/24673/24245/24232/81818/50592/24366/25679/29578/64192/24170/117282"
"GO:0051952","regulation of amine transport",18,-0.387012581276644,-1.21884521082876,0.195071868583162,0.732375085557837,0.699773046579488,362,"tags=44%, list=38%, signal=28%","116470/24805/25017/29219/54309/79212/117559/66028"
"GO:0043069","negative regulation of programmed cell death",96,0.262900800809683,1.15831321309193,0.196581196581197,0.736426714544876,0.703644315299273,199,"tags=31%, list=21%, signal=28%","85383/25728/25407/29338/50646/29409/24186/25344/117287/83613/170851/65179/24786/24832/83782/24787/64371/24586/362862/24333/25058/292804/25262/113893/361967/85333/298682/83531/84353/81683"
"GO:0006007","glucose catabolic process",14,0.448123418180494,1.27270227476421,0.197318007662835,0.736466702746208,0.703682523406055,297,"tags=57%, list=31%, signal=40%","24533/25630/24333/25058/65152/24334/24644/24849"
"GO:2001235","positive regulation of apoptotic signaling pathway",19,-0.387425271913576,-1.22996090039379,0.197452229299363,0.736466702746208,0.703682523406055,229,"tags=37%, list=24%, signal=29%","114114/170538/287444/29258/315648/24245/24592"
"GO:0031667","response to nutrient levels",69,0.282087610252844,1.17481727414203,0.199288256227758,0.73987152159741,0.706935775062946,199,"tags=29%, list=21%, signal=25%","362245/25728/494445/24957/313413/24533/24186/24786/24787/140447/24778/29445/25630/117243/29598/29443/25045/246333/84353/81683"
"GO:0019725","cellular homeostasis",119,0.247791983518087,1.13663190692768,0.199661590524535,0.73987152159741,0.706935775062946,215,"tags=30%, list=22%, signal=27%","363875/24189/85383/117254/50676/25728/24957/29338/50646/24213/56064/60449/25650/117059/24786/24832/83782/24787/140447/64371/117556/24212/25058/94167/29598/25262/25045/29753/297566/65152/54231/56646/81869/24398/58942/171374"
"GO:0032880","regulation of protein localization",132,-0.233316248440029,-1.12990331653911,0.199513381995134,0.73987152159741,0.706935775062946,267,"tags=36%, list=28%, signal=30%","305679/25152/684097/54241/29219/116655/309111/54319/114114/117103/83581/24654/170538/116590/116484/140670/24803/25400/25012/29340/499157/29738/299809/83501/116493/29600/25595/25297/25050/81830/171140/25387/81521/29495/140908/117550/24246/116563/65028/24245/81666/293621/24592/24366/192179/171503/117282"
"GO:0048639","positive regulation of developmental growth",29,-0.334411005817209,-1.19485174906196,0.200836820083682,0.741018612032896,0.708031802200639,62,"tags=34%, list=6%, signal=33%","54319/24654/24898/116590/64302/297516/114612/24232/83527/117282"
"GO:0050905","neuromuscular process",33,-0.323548984473552,-1.18174469153309,0.200445434298441,0.741018612032896,0.708031802200639,330,"tags=58%, list=34%, signal=39%","83572/64532/25017/29546/65027/25152/117558/84008/24520/292023/24898/361651/29237/116601/24412/29738/29495/170630/24245"
"GO:1902531","regulation of intracellular signal transduction",127,0.244092361801118,1.12929371453105,0.201376936316695,0.74141358058964,0.70840918853683,252,"tags=35%, list=26%, signal=30%","363875/690660/85383/117254/25728/299331/293508/29338/50646/56064/25344/117287/25459/63836/170851/65179/24786/25506/679221/24787/81743/140447/365216/24586/117030/24333/308061/171337/25262/81504/29318/25686/83531/84353/81683/56646/25578/25742/301252/64465/116725/140654/25023/282819/25524"
"GO:0035418","protein localization to synapse",22,-0.370119875163183,-1.21764726026683,0.202586206896552,0.743648129986392,0.710544265862551,182,"tags=68%, list=19%, signal=57%","56768/29546/25152/117103/24803/25400/25012/117542/116493/25272/81830/29495/140908/117550/293621"
"GO:0034641","cellular nitrogen compound metabolic process",300,0.214034183940431,1.10537772882165,0.202852614896989,0.743648129986392,0.710544265862551,155,"tags=19%, list=16%, signal=23%","363875/245965/690660/25368/24189/294292/85383/298012/60666/362809/25728/171375/299331/56011/298942/24440/85428/291450/494445/311422/50646/24534/24533/64156/81654/25344/117287/641434/289950/24551/25459/63836/25650/170851/117042/100362640/81768/83782/24787/81743/81732/308650/170587/65151/81829/25630/24799/24212/24333/298410/289144/94167/117243/29577/24399/301458"
"GO:1903034","regulation of response to wounding",17,0.415296576334166,1.24213097769914,0.203522504892368,0.744509676016525,0.711367459745254,126,"tags=35%, list=13%, signal=31%","24936/25728/29338/25459/170851/365216"
"GO:0006892","post-Golgi vesicle-mediated transport",13,-0.43551366208995,-1.23895372347705,0.204498977505112,0.744898403167559,0.711738882514994,303,"tags=54%, list=32%, signal=37%","25017/81659/29528/24803/246324/25751/171111"
"GO:0009725","response to hormone",139,0.237688351506285,1.11360986856888,0.204152249134948,0.744898403167559,0.711738882514994,150,"tags=22%, list=16%, signal=21%","363875/24189/362809/25728/299331/85428/25721/50646/24213/25246/24533/25344/117287/83613/25459/170851/64352/65179/83782/24778/25630/24401/24212/25058/289144/117243/171337/29598/292804/29577"
"GO:0032233","positive regulation of actin filament bundle assembly",10,0.498377893300547,1.25691971349518,0.206627680311891,0.751054328437276,0.717620773728189,2,"tags=10%, list=0%, signal=10%","363875"
"GO:0045637","regulation of myeloid cell differentiation",11,0.476711084929875,1.2394928764444,0.208015267175573,0.753101714696113,0.719577019575602,272,"tags=73%, list=28%, signal=53%","50646/25459/83782/64627/84353/54231/24674/191575"
"GO:0090316","positive regulation of intracellular protein transport",25,-0.351223821110662,-1.20084317153357,0.208510638297872,0.753101714696113,0.719577019575602,100,"tags=36%, list=10%, signal=33%","170538/116590/24803/25297/25050/140908/117550/293621/171503"
"GO:0006897","endocytosis",105,-0.242567297354592,-1.12945334541261,0.208333333333333,0.753101714696113,0.719577019575602,262,"tags=37%, list=27%, signal=30%","684097/25532/54241/29219/155151/54309/50866/54319/114114/116590/140670/366988/116561/29448/24803/60465/25012/81921/29337/291145/360605/246324/294568/293692/171574/25387/29495/140908/116563/25751/81754/24232/293621/83527/50592/116743/140667/24170/117282"
"GO:0043066","negative regulation of apoptotic process",94,0.260075984799092,1.14797440536504,0.21105527638191,0.759089565474431,0.725298318216469,199,"tags=31%, list=21%, signal=27%","85383/25728/25407/29338/50646/29409/24186/25344/117287/83613/170851/65179/24786/24832/83782/24787/64371/362862/24333/25058/292804/25262/113893/361967/85333/298682/83531/84353/81683"
"GO:0034654","nucleobase-containing compound biosynthetic process",154,0.23470664988964,1.11839574072713,0.21079258010118,0.759089565474431,0.725298318216469,150,"tags=19%, list=16%, signal=19%","245965/690660/25368/24189/362809/25728/171375/299331/56011/298942/85428/50646/81654/25344/117287/641434/289950/25459/63836/170851/83782/24787/81743/81732/25630/24333/298410/117243/29577"
"GO:0006612","protein targeting to membrane",14,-0.41657672102374,-1.21416422251512,0.2125,0.762683438155136,0.728732207878186,100,"tags=21%, list=10%, signal=19%","25297/140908/293621"
"GO:0031346","positive regulation of cell projection organization",70,-0.260729282234091,-1.1470049918047,0.213114754098361,0.763289663214212,0.729311446529074,96,"tags=19%, list=10%, signal=18%","84510/293692/171574/29495/25751/24245/287927/293621/83527/24592/59318/171503/117282"
"GO:0001819","positive regulation of cytokine production",26,0.362792620055088,1.2086351195829,0.215909090909091,0.768474768474768,0.734265734265734,249,"tags=46%, list=26%, signal=35%","299331/25246/25344/117287/25459/24786/65171/25058/29318/81683/24547/140654"
"GO:0001775","cell activation",65,0.28185573838287,1.16337057917547,0.215547703180212,0.768474768474768,0.734265734265734,103,"tags=20%, list=11%, signal=19%","25368/24936/117254/25728/24440/25407/29338/50646/25344/299923/25459/81768/24832"
"GO:0033993","response to lipid",129,0.240941229497433,1.11896567952425,0.215254237288136,0.768474768474768,0.734265734265734,204,"tags=28%, list=21%, signal=25%","24189/362809/25728/29338/171155/50646/24213/24588/25344/117287/83613/25459/170851/65179/83782/24787/81743/81732/140447/65151/64371/24401/24212/25058/117243/29598/292804/29577/85238/25686/25275/84353/84509/81683/54231/25289"
"GO:0046849","bone remodeling",10,0.49344927496579,1.2444896325696,0.216374269005848,0.768532673315377,0.734321061443738,202,"tags=50%, list=21%, signal=40%","363875/50646/89791/84353/54231"
"GO:0008631","intrinsic apoptotic signaling pathway in response to oxidative stress",14,0.439136795130669,1.24717962824776,0.220306513409962,0.769133887293225,0.734895512084156,108,"tags=36%, list=11%, signal=32%","85383/117287/24786/25506/24787"
"GO:1902105","regulation of leukocyte differentiation",11,0.468885569356097,1.21914581275145,0.217557251908397,0.769133887293225,0.734895512084156,313,"tags=82%, list=33%, signal=56%","29338/25459/83782/84353/54231/24674/191575/117273/361118"
"GO:0035036","sperm-egg recognition",11,0.468657073759335,1.21855170308328,0.219465648854962,0.769133887293225,0.734895512084156,20,"tags=18%, list=2%, signal=18%","24189/24936"
"GO:0034767","positive regulation of monoatomic ion transmembrane transport",11,0.464194036627068,1.20694739408432,0.223282442748092,0.769133887293225,0.734895512084156,165,"tags=36%, list=17%, signal=30%","24943/25650/24832/25045"
"GO:1904064","positive regulation of cation transmembrane transport",11,0.464194036627068,1.20694739408432,0.223282442748092,0.769133887293225,0.734895512084156,165,"tags=36%, list=17%, signal=30%","24943/25650/24832/25045"
"GO:0062237","protein localization to postsynapse",14,-0.413908991799399,-1.20638879672658,0.220833333333333,0.769133887293225,0.734895512084156,226,"tags=64%, list=24%, signal=50%","117103/24803/25400/25012/116493/25272/81830/29495/293621"
"GO:1903539","protein localization to postsynaptic membrane",14,-0.413908991799399,-1.20638879672658,0.220833333333333,0.769133887293225,0.734895512084156,226,"tags=64%, list=24%, signal=50%","117103/24803/25400/25012/116493/25272/81830/29495/293621"
"GO:0008347","glial cell migration",11,-0.450941277689976,-1.20307357283694,0.219665271966527,0.769133887293225,0.734895512084156,63,"tags=27%, list=7%, signal=26%","140908/81818/24592"
"GO:0042180","cellular ketone metabolic process",22,0.373922181454124,1.20080270357373,0.221189591078067,0.769133887293225,0.734895512084156,75,"tags=18%, list=8%, signal=17%","24189/60666/25721/117287"
"GO:0031333","negative regulation of protein-containing complex assembly",31,-0.325835554032573,-1.1781256106064,0.218884120171674,0.769133887293225,0.734895512084156,220,"tags=35%, list=23%, signal=28%","29219/170538/361651/24171/499157/58814/25595/84510/64159/114764/24170"
"GO:0031623","receptor internalization",30,-0.327310257420292,-1.17574759298506,0.221748400852878,0.769133887293225,0.734895512084156,92,"tags=47%, list=10%, signal=44%","54241/29219/54319/140670/25012/29337/246324/171574/25387/29495/116563/25751/50592/116743"
"GO:0071396","cellular response to lipid",68,0.279338526863561,1.15845247374628,0.218181818181818,0.769133887293225,0.734895512084156,150,"tags=25%, list=16%, signal=23%","362809/25728/29338/171155/50646/24213/24588/25344/117287/25459/65179/83782/81743/81732/24212/29598/29577"
"GO:0032101","regulation of response to external stimulus",69,0.275624815450236,1.14790151216818,0.222419928825623,0.769133887293225,0.734895512084156,109,"tags=17%, list=11%, signal=17%","363875/24936/25728/299331/29338/50646/25344/117287/25459/170851/24786/81743"
"GO:0007049","cell cycle",102,-0.240618245282346,-1.11806997813037,0.220873786407767,0.769133887293225,0.734895512084156,176,"tags=23%, list=18%, signal=21%","60460/25400/29340/257644/29337/290408/24629/29600/64307/81830/171140/140908/24673/24246/29489/114612/24245/81821/293621/501083/288700/114764/309891"
"GO:0009056","catabolic process",227,0.220745026319931,1.10866425391109,0.223140495867769,0.769133887293225,0.734895512084156,167,"tags=21%, list=17%, signal=22%","50690/690660/24189/294292/294930/298012/294362/60666/362245/117254/25728/299331/298942/24440/25721/29338/311422/171155/50646/24533/64156/140547/25344/117287/25459/25632/170851/64352/29545/81743/64189/65151/25630/64371/287280/24401/362862/24333/25058/94167/292804/24399/29669/29443/24191/25045/29144"
"GO:0003013","circulatory system process",67,0.279033920514992,1.15766080140666,0.225,0.773493975903614,0.739061509194673,148,"tags=24%, list=15%, signal=22%","363875/288001/25728/299331/24213/24186/25632/25650/170851/24786/81662/24787/81743/24778/24212/29598"
"GO:0010288","response to lead ion",14,-0.410212611620812,-1.19561524088643,0.227083333333333,0.779091516366065,0.744409872376332,233,"tags=50%, list=24%, signal=38%","24648/24423/24464/79212/24673/64192/117282"
"GO:0030334","regulation of cell migration",85,0.259216223208896,1.12491731247691,0.229480737018425,0.784173696158771,0.749265816423223,110,"tags=19%, list=11%, signal=18%","363875/24936/25728/24943/24957/50646/25246/117287/25459/63836/64633/170851/24832/679221/24787/81732"
"GO:0099177","regulation of trans-synaptic signaling",122,-0.229613415185926,-1.09549879776352,0.229468599033816,0.784173696158771,0.749265816423223,229,"tags=31%, list=24%, signal=27%","114114/117103/24654/83839/81664/116590/361651/29237/116509/60324/29629/24803/25400/25012/24412/29340/310192/79212/117542/116657/83501/295645/25297/25050/81830/65153/171140/29495/140908/117550/24245/81821/293621/50592/24592/25679/24611/117282"
"GO:2001243","negative regulation of intrinsic apoptotic signaling pathway",19,0.384648479467171,1.19496029455809,0.23728813559322,0.788083006499843,0.753001101881921,199,"tags=42%, list=21%, signal=34%","85383/117287/170851/24787/24333/83531/84353/81683"
"GO:0007160","cell-matrix adhesion",20,-0.369218827835297,-1.19391513360535,0.236673773987207,0.788083006499843,0.753001101881921,69,"tags=30%, list=7%, signal=28%","291180/140908/24592/24366/25600/192179"
"GO:0001894","tissue homeostasis",25,0.362187422518099,1.19225031880975,0.234962406015038,0.788083006499843,0.753001101881921,117,"tags=32%, list=12%, signal=29%","363875/117254/50646/25246/24186/24786/89791/24778"
"GO:0060249","anatomical structure homeostasis",25,0.362187422518099,1.19225031880975,0.234962406015038,0.788083006499843,0.753001101881921,117,"tags=32%, list=12%, signal=29%","363875/117254/50646/25246/24186/24786/89791/24778"
"GO:0086003","cardiac muscle cell contraction",11,-0.446560567119739,-1.19138620382007,0.234309623430962,0.788083006499843,0.753001101881921,273,"tags=55%, list=29%, signal=39%","25470/117021/116601/689560/116600/24246"
"GO:0007189","adenylate cyclase-activating G protein-coupled receptor signaling pathway",10,-0.455171759209516,-1.18719208634468,0.235173824130879,0.788083006499843,0.753001101881921,217,"tags=50%, list=23%, signal=39%","81664/303634/29600/81666/24611"
"GO:0061003","positive regulation of dendritic spine morphogenesis",10,-0.454322738083742,-1.1849776450019,0.235173824130879,0.788083006499843,0.753001101881921,229,"tags=40%, list=24%, signal=31%","114114/117542/24245/83527"
"GO:0003341","cilium movement",10,-0.453946273737312,-1.18399573985548,0.235173824130879,0.788083006499843,0.753001101881921,128,"tags=30%, list=13%, signal=26%","29600/54225/65028"
"GO:0032456","endocytic recycling",14,-0.405530559418978,-1.18196882238891,0.235416666666667,0.788083006499843,0.753001101881921,262,"tags=50%, list=27%, signal=37%","684097/117103/29448/116493/81830/293692/288700"
"GO:2000573","positive regulation of DNA biosynthetic process",14,-0.405343123027674,-1.18142251591321,0.2375,0.788083006499843,0.753001101881921,149,"tags=43%, list=16%, signal=37%","116590/299809/24629/24246/114612/29578"
"GO:0061640","cytoskeleton-dependent cytokinesis",18,-0.37255820006904,-1.17332303877878,0.236139630390144,0.788083006499843,0.753001101881921,27,"tags=17%, list=3%, signal=17%","501083/288700/309891"
"GO:0007005","mitochondrion organization",71,0.271384533072119,1.1424548286853,0.232478632478632,0.788083006499843,0.753001101881921,194,"tags=27%, list=20%, signal=23%","245965/85383/362245/299331/289218/79563/316632/25344/117287/171139/24787/81743/64371/301458/29507/25275/85333/298682/83531"
"GO:0000902","cell morphogenesis",136,0.236131233564048,1.10513194756705,0.235093696763203,0.788083006499843,0.753001101881921,110,"tags=17%, list=11%, signal=17%","363875/314906/24189/252892/25393/25728/299331/85428/50646/64185/25246/24588/29409/56064/116690/83613/25459/50568/170851/29545/24786/24832/81732"
"GO:0050804","modulation of chemical synaptic transmission",121,-0.231090830546372,-1.09919472405022,0.236009732360097,0.788083006499843,0.753001101881921,229,"tags=31%, list=24%, signal=27%","114114/117103/24654/83839/81664/116590/361651/29237/116509/60324/29629/24803/25400/25012/24412/29340/310192/79212/117542/116657/83501/295645/25297/25050/81830/65153/171140/29495/140908/117550/24245/81821/293621/50592/24592/25679/24611/117282"
"GO:0044087","regulation of cellular component biogenesis",127,-0.227891697764424,-1.09795885473073,0.237529691211401,0.788083006499843,0.753001101881921,248,"tags=31%, list=26%, signal=26%","29219/155151/296710/683788/54319/29304/170538/29423/367171/361651/24171/29448/60324/60465/60460/25012/29340/499157/117542/29337/116723/58814/25595/81830/84510/171574/81521/29495/64159/25751/29489/287927/293621/83527/501083/59318/192179/114764/24170"
"GO:0050921","positive regulation of chemotaxis",14,0.428615487418577,1.21729836849784,0.258620689655172,0.788395118581626,0.753299320140092,83,"tags=21%, list=9%, signal=20%","363875/50646/25459"
"GO:0030838","positive regulation of actin filament polymerization",12,0.452310850877716,1.21338563510839,0.244186046511628,0.788395118581626,0.753299320140092,168,"tags=33%, list=18%, signal=28%","363875/50646/81732/81504"
"GO:0071621","granulocyte chemotaxis",10,0.478165415902103,1.2059434128964,0.249512670565302,0.788395118581626,0.753299320140092,58,"tags=20%, list=6%, signal=19%","363875/25246"
"GO:0030038","contractile actin filament bundle assembly",14,0.424492428319517,1.20558858837596,0.270114942528736,0.788395118581626,0.753299320140092,52,"tags=14%, list=5%, signal=14%","363875/50646"
"GO:0043149","stress fiber assembly",14,0.424492428319517,1.20558858837596,0.270114942528736,0.788395118581626,0.753299320140092,52,"tags=14%, list=5%, signal=14%","363875/50646"
"GO:0015986","proton motive force-driven ATP synthesis",12,0.449320403480935,1.20536335152453,0.25,0.788395118581626,0.753299320140092,77,"tags=25%, list=8%, signal=23%","245965/171375/641434"
"GO:0042776","proton motive force-driven mitochondrial ATP synthesis",12,0.449320403480935,1.20536335152453,0.25,0.788395118581626,0.753299320140092,77,"tags=25%, list=8%, signal=23%","245965/171375/641434"
"GO:0001818","negative regulation of cytokine production",13,0.433880749753691,1.20131137778212,0.249512670565302,0.788395118581626,0.753299320140092,148,"tags=31%, list=15%, signal=26%","363875/56064/25459/29598"
"GO:0006734","NADH metabolic process",10,0.475069381972567,1.19813514906288,0.253411306042885,0.788395118581626,0.753299320140092,197,"tags=50%, list=21%, signal=40%","60666/24551/81829/116643/114096"
"GO:0016055","Wnt signaling pathway",16,0.409803745250642,1.19698216957348,0.245136186770428,0.788395118581626,0.753299320140092,195,"tags=38%, list=20%, signal=30%","363875/25728/64633/362802/116643/84353"
"GO:0198738","cell-cell signaling by wnt",16,0.409803745250642,1.19698216957348,0.245136186770428,0.788395118581626,0.753299320140092,195,"tags=38%, list=20%, signal=30%","363875/25728/64633/362802/116643/84353"
"GO:0043627","response to estrogen",15,0.418465963564124,1.19629701205472,0.26171875,0.788395118581626,0.753299320140092,202,"tags=40%, list=21%, signal=32%","24189/299331/24533/64352/84353/54231"
"GO:0061041","regulation of wound healing",13,0.432013733083573,1.19614205794113,0.255360623781676,0.788395118581626,0.753299320140092,126,"tags=38%, list=13%, signal=34%","24936/25728/29338/25459/365216"
"GO:0034446","substrate adhesion-dependent cell spreading",15,0.417999259286415,1.19496281290461,0.263671875,0.788395118581626,0.753299320140092,106,"tags=27%, list=11%, signal=24%","363875/63836/50568/25506"
"GO:0051492","regulation of stress fiber assembly",12,0.444594216887191,1.19268471047366,0.253875968992248,0.788395118581626,0.753299320140092,2,"tags=8%, list=0%, signal=8%","363875"
"GO:0071695","anatomical structure maturation",24,0.36563558821921,1.18887262119307,0.241573033707865,0.788395118581626,0.753299320140092,72,"tags=21%, list=8%, signal=20%","363875/298942/24943/50646/116690"
"GO:0006937","regulation of muscle contraction",23,0.368082720343858,1.18789407446009,0.243445692883895,0.788395118581626,0.753299320140092,148,"tags=30%, list=15%, signal=26%","299331/25650/170851/24786/24212/24333/29598"
"GO:1902743","regulation of lamellipodium organization",11,0.455395543647751,1.18407049921851,0.25763358778626,0.788395118581626,0.753299320140092,176,"tags=36%, list=18%, signal=30%","363875/299331/81732/29271"
"GO:0016485","protein processing",13,0.426423752411777,1.1806647467527,0.276803118908382,0.788395118581626,0.753299320140092,205,"tags=46%, list=21%, signal=37%","85383/293508/25506/24333/246333/24829"
"GO:0007338","single fertilization",18,0.388201566324579,1.17750512499091,0.262135922330097,0.788395118581626,0.753299320140092,196,"tags=33%, list=20%, signal=27%","24189/24936/117287/25130/83531/29374"
"GO:0071456","cellular response to hypoxia",24,0.362019626917897,1.1771152389006,0.250936329588015,0.788395118581626,0.753299320140092,164,"tags=33%, list=17%, signal=28%","85383/171375/299923/117287/170851/25506/24333/25262"
"GO:0098927","vesicle-mediated transport between endosomal compartments",11,-0.440354945451309,-1.17483012478788,0.253138075313808,0.788395118581626,0.753299320140092,262,"tags=73%, list=27%, signal=53%","684097/155151/54319/116590/29448/81830/25485/81521"
"GO:0034314","Arp2/3 complex-mediated actin nucleation",11,-0.440249754535052,-1.17454948423065,0.253138075313808,0.788395118581626,0.753299320140092,244,"tags=36%, list=25%, signal=27%","296710/29474/294568/81661"
"GO:0016197","endosomal transport",23,-0.352601843978292,-1.17232366989156,0.25,0.788395118581626,0.753299320140092,275,"tags=48%, list=29%, signal=35%","29528/684097/54241/114114/117103/29448/25012/116493/81830/293692/288700"
"GO:1902745","positive regulation of lamellipodium organization",10,0.464649274490914,1.17185541497658,0.274853801169591,0.788395118581626,0.753299320140092,176,"tags=40%, list=18%, signal=33%","363875/299331/81732/29271"
"GO:0050852","T cell receptor signaling pathway",11,-0.438901818442568,-1.17095330359478,0.257322175732218,0.788395118581626,0.753299320140092,231,"tags=55%, list=24%, signal=42%","54319/116590/29337/25297/81821/293621"
"GO:0002685","regulation of leukocyte migration",22,0.363861732158843,1.16849487239356,0.25092936802974,0.788395118581626,0.753299320140092,103,"tags=23%, list=11%, signal=21%","363875/24936/50646/25459/24832"
"GO:0071216","cellular response to biotic stimulus",22,0.363650011830669,1.16781495995434,0.254646840148699,0.788395118581626,0.753299320140092,127,"tags=27%, list=13%, signal=24%","29338/171155/117287/25459/81743/24586"
"GO:0000281","mitotic cytokinesis",11,-0.437420875520728,-1.16700227187448,0.265690376569038,0.788395118581626,0.753299320140092,27,"tags=18%, list=3%, signal=18%","501083/288700"
"GO:0061448","connective tissue development",11,-0.437384192982429,-1.16690440593363,0.265690376569038,0.788395118581626,0.753299320140092,184,"tags=55%, list=19%, signal=45%","50689/29393/81633/24629/29345/293621"
"GO:0014015","positive regulation of gliogenesis",11,0.448618690008028,1.16645005346701,0.269083969465649,0.788395118581626,0.753299320140092,157,"tags=36%, list=16%, signal=31%","29409/81732/29577/85238"
"GO:0007517","muscle organ development",27,-0.334191610566265,-1.16422869525195,0.240663900414938,0.788395118581626,0.753299320140092,288,"tags=48%, list=30%, signal=35%","24675/24183/25420/29546/81634/306934/117558/84008/64362/24404/689560/140908/24592"
"GO:0002697","regulation of immune effector process",22,0.362456941002676,1.16398356736287,0.262081784386617,0.788395118581626,0.753299320140092,199,"tags=27%, list=21%, signal=22%","25407/25344/25459/25058/292804/81683"
"GO:0071219","cellular response to molecule of bacterial origin",21,0.369424306099011,1.1639608619458,0.259047619047619,0.788395118581626,0.753299320140092,127,"tags=29%, list=13%, signal=25%","29338/171155/117287/25459/81743/24586"
"GO:0008277","regulation of G protein-coupled receptor signaling pathway",18,-0.369343392493167,-1.16319842524642,0.248459958932238,0.788395118581626,0.753299320140092,259,"tags=56%, list=27%, signal=41%","29254/29219/24654/81664/25400/29600/58814/25387/25751/24232"
"GO:0007584","response to nutrient",35,0.325224387362836,1.16199315629884,0.242424242424242,0.788395118581626,0.753299320140092,165,"tags=31%, list=17%, signal=27%","494445/24533/24186/24787/140447/29445/25630/117243/29598/29443/25045"
"GO:0034764","positive regulation of transmembrane transport",22,0.361601290581425,1.16123575674849,0.263940520446097,0.788395118581626,0.753299320140092,202,"tags=36%, list=21%, signal=29%","24943/85428/25650/24832/117243/25045/81683/54231"
"GO:0030162","regulation of proteolysis",36,0.323563927210109,1.16091933224229,0.242314647377939,0.788395118581626,0.753299320140092,176,"tags=28%, list=18%, signal=24%","85383/298012/25728/293508/50646/117287/24333/116643/25309/29271"
"GO:2000278","regulation of DNA biosynthetic process",16,-0.38447489967775,-1.15944098171676,0.270491803278689,0.788395118581626,0.753299320140092,149,"tags=38%, list=16%, signal=32%","116590/299809/24629/24246/114612/29578"
"GO:0044703","multi-organism reproductive process",23,0.359038705487442,1.15870679925405,0.275280898876405,0.788395118581626,0.753299320140092,123,"tags=26%, list=13%, signal=23%","25721/25246/117287/24786/24778/64371"
"GO:0044706","multi-multicellular organism process",23,0.359038705487442,1.15870679925405,0.275280898876405,0.788395118581626,0.753299320140092,123,"tags=26%, list=13%, signal=23%","25721/25246/117287/24786/24778/64371"
"GO:0071346","cellular response to type II interferon",18,-0.366517317450503,-1.15429807368722,0.256673511293634,0.788395118581626,0.753299320140092,60,"tags=56%, list=6%, signal=53%","296654/25293/58917/24242/29528/114562/25400/117550/500249/81818"
"GO:0006865","amino acid transport",31,0.333665517357156,1.15412893392784,0.257462686567164,0.788395118581626,0.753299320140092,53,"tags=16%, list=6%, signal=16%","50690/79213/83612/50676/681896"
"GO:0055006","cardiac cell development",14,-0.395885832606733,-1.15385807677984,0.258333333333333,0.788395118581626,0.753299320140092,138,"tags=64%, list=14%, signal=56%","24377/79433/117280/50686/291926/304017/24629/24246/114612"
"GO:0055013","cardiac muscle cell development",14,-0.395885832606733,-1.15385807677984,0.258333333333333,0.788395118581626,0.753299320140092,138,"tags=64%, list=14%, signal=56%","24377/79433/117280/50686/291926/304017/24629/24246/114612"
"GO:1901361","organic cyclic compound catabolic process",27,0.345686247372278,1.15219351057742,0.261538461538462,0.788395118581626,0.753299320140092,187,"tags=33%, list=20%, signal=28%","690660/294292/25728/311422/81743/65151/29443/116643/25275"
"GO:1903169","regulation of calcium ion transmembrane transport",25,0.349553180793051,1.15066086045727,0.276315789473684,0.788395118581626,0.753299320140092,214,"tags=40%, list=22%, signal=32%","85383/24943/50646/25650/24832/24212/25045/29753/81869/58942"
"GO:0016052","carbohydrate catabolic process",34,0.324697071409072,1.15016283801643,0.256830601092896,0.788395118581626,0.753299320140092,203,"tags=35%, list=21%, signal=29%","24189/60666/24533/25459/25630/24333/25058/292804/24191/81683/65152/24642"
"GO:0048598","embryonic morphogenesis",34,0.323369788602421,1.14546125154039,0.260473588342441,0.788395118581626,0.753299320140092,195,"tags=29%, list=20%, signal=24%","363875/298942/293508/170851/24786/292804/29577/81504/29271/84353"
"GO:0002237","response to molecule of bacterial origin",39,0.310123496205908,1.14305010968668,0.250434782608696,0.788395118581626,0.753299320140092,127,"tags=23%, list=13%, signal=21%","24189/29338/171155/117287/25459/24787/81743/64371/24586"
"GO:0016053","organic acid biosynthetic process",39,0.308954900790277,1.13874291228191,0.255652173913043,0.788395118581626,0.753299320140092,226,"tags=31%, list=24%, signal=25%","362809/24943/25721/24957/117287/25630/24401/24399/81683/81869/24398/78959"
"GO:0046394","carboxylic acid biosynthetic process",39,0.308954900790277,1.13874291228191,0.255652173913043,0.788395118581626,0.753299320140092,226,"tags=31%, list=24%, signal=25%","362809/24943/25721/24957/117287/25630/24401/24399/81683/81869/24398/78959"
"GO:0099563","modification of synaptic structure",18,-0.361506543187805,-1.13851729934524,0.277207392197125,0.788395118581626,0.753299320140092,186,"tags=33%, list=19%, signal=27%","60324/60465/117542/116493/294568/24592"
"GO:0051402","neuron apoptotic process",46,0.295620791837448,1.13646515171419,0.255731922398589,0.788395118581626,0.753299320140092,123,"tags=26%, list=13%, signal=24%","362809/25728/29338/50646/29409/25344/117287/83613/25459/24786/24787/64371"
"GO:0048193","Golgi vesicle transport",31,-0.313514651218244,-1.13357684675388,0.259656652360515,0.788395118581626,0.753299320140092,305,"tags=45%, list=32%, signal=32%","310710/25017/81659/29528/684097/117103/24803/58857/246324/114561/60431/25751/81754/171111"
"GO:0048284","organelle fusion",29,-0.317223430868248,-1.1334404807943,0.257322175732218,0.788395118581626,0.753299320140092,275,"tags=45%, list=29%, signal=33%","310710/29528/29219/155151/114114/117103/361651/29448/24803/25012/116657/116723/117550"
"GO:0015807","L-amino acid transport",14,-0.388255471314484,-1.13161844787512,0.275,0.788395118581626,0.753299320140092,57,"tags=36%, list=6%, signal=34%","309111/116509/66028/24592/84487"
"GO:0043484","regulation of RNA splicing",14,-0.388135536764217,-1.13126888383894,0.275,0.788395118581626,0.753299320140092,195,"tags=50%, list=20%, signal=40%","64200/140931/161477/27139/362361/29578/117282"
"GO:1904705","regulation of vascular associated smooth muscle cell proliferation",14,-0.387443321351207,-1.12925133665895,0.275,0.788395118581626,0.753299320140092,59,"tags=43%, list=6%, signal=41%","81663/81664/303634/24246/114612/24592"
"GO:1990874","vascular associated smooth muscle cell proliferation",14,-0.387443321351207,-1.12925133665895,0.275,0.788395118581626,0.753299320140092,59,"tags=43%, list=6%, signal=41%","81663/81664/303634/24246/114612/24592"
"GO:0009991","response to extracellular stimulus",72,0.267289946026762,1.12802551937435,0.261986301369863,0.788395118581626,0.753299320140092,199,"tags=28%, list=21%, signal=24%","362245/25728/494445/24957/313413/24533/24186/24786/24787/140447/24778/29445/25630/117243/29598/29443/25045/246333/84353/81683"
"GO:0042327","positive regulation of phosphorylation",40,0.302010437176475,1.12595277014443,0.270034843205575,0.788395118581626,0.753299320140092,150,"tags=25%, list=16%, signal=22%","363875/362809/299331/50646/56064/117287/25459/24832/117030/29577"
"GO:0051924","regulation of calcium ion transport",38,0.308451737667165,1.12593068718793,0.267730496453901,0.788395118581626,0.753299320140092,214,"tags=37%, list=22%, signal=30%","85383/24943/50646/25650/24832/24212/29598/29577/25262/25045/29753/84353/81869/58942"
"GO:0021537","telencephalon development",54,0.283751527663337,1.12590442530592,0.268336314847943,0.788395118581626,0.753299320140092,198,"tags=33%, list=21%, signal=28%","363875/314906/83612/25393/24213/24588/83613/140447/24778/24212/29577/497902/291081/25045/29271/29753/84353/84509"
"GO:0016482","cytosolic transport",25,-0.328204423354239,-1.12213926551375,0.265957446808511,0.788395118581626,0.753299320140092,284,"tags=56%, list=30%, signal=40%","81659/29528/684097/54241/155151/54319/116590/29448/116723/25595/81830/25485/81521/117550"
"GO:0019953","sexual reproduction",69,0.269178717366204,1.12105528743273,0.249110320284698,0.788395118581626,0.753299320140092,205,"tags=28%, list=21%, signal=23%","24189/298012/24936/298942/293508/50646/25246/117287/29545/24786/81732/64189/25130/83531/84353/29374/84509/81683/24829"
"GO:2000145","regulation of cell motility",89,0.255544798659919,1.12007151033907,0.246231155778894,0.788395118581626,0.753299320140092,180,"tags=25%, list=19%, signal=22%","363875/24936/25728/24943/24957/50646/25246/117287/25459/63836/64633/170851/24832/679221/24787/81732/365216/308061/292804/29271/170923/29318"
"GO:0006906","vesicle fusion",25,-0.326321243547981,-1.11570062589084,0.274468085106383,0.788395118581626,0.753299320140092,305,"tags=48%, list=32%, signal=34%","310710/29528/29219/155151/117103/361651/29448/24803/25012/116657/116723/117550"
"GO:0090174","organelle membrane fusion",25,-0.326321243547981,-1.11570062589084,0.274468085106383,0.788395118581626,0.753299320140092,305,"tags=48%, list=32%, signal=34%","310710/29528/29219/155151/117103/361651/29448/24803/25012/116657/116723/117550"
"GO:0048285","organelle fission",30,-0.309868397812253,-1.11309381423408,0.275053304904051,0.788395118581626,0.753299320140092,252,"tags=37%, list=26%, signal=28%","306934/54241/114114/24654/60460/257644/24629/64307/81830/24245/114764"
"GO:0051592","response to calcium ion",33,-0.304326626899083,-1.11153609836028,0.265033407572383,0.788395118581626,0.753299320140092,367,"tags=55%, list=38%, signal=35%","26192/60391/24805/24242/81742/29546/79256/83718/54309/317675/29237/79212/29337/689560/297516/24366/25679/24170"
"GO:0048667","cell morphogenesis involved in neuron differentiation",89,0.2527600979266,1.10786596370863,0.266331658291457,0.788395118581626,0.753299320140092,110,"tags=18%, list=11%, signal=18%","363875/314906/252892/25728/299331/25246/24588/29409/56064/116690/83613/170851/29545/24786/24832/81732"
"GO:0040012","regulation of locomotion",94,0.250876162990297,1.10736642697528,0.276381909547739,0.788395118581626,0.753299320140092,180,"tags=24%, list=19%, signal=22%","363875/24936/25728/24943/24957/50646/25246/117287/25459/63836/64633/170851/24832/679221/24787/81732/365216/308061/292804/291081/29271/170923/29318"
"GO:0016050","vesicle organization",54,-0.26739302197071,-1.10723376947661,0.27313769751693,0.788395118581626,0.753299320140092,275,"tags=39%, list=29%, signal=29%","29528/684097/29219/155151/117103/361651/116561/29448/24803/25012/58857/116657/116723/81830/171574/29495/117550/60431/116563/81754/501083"
"GO:0006412","translation",61,-0.256978548903069,-1.10569920098453,0.2686230248307,0.788395118581626,0.753299320140092,237,"tags=43%, list=25%, signal=34%","140662/300033/363232/293725/79256/64205/292023/303831/29304/116590/140655/287444/266975/161477/29258/64302/29257/27139/140661/691531/64307/122772/293418/114612/81818/83789"
"GO:0051094","positive regulation of developmental process",113,-0.233699657563193,-1.1009157340419,0.253658536585366,0.788395118581626,0.753299320140092,68,"tags=14%, list=7%, signal=15%","293692/29495/89825/54225/297516/64157/114612/24245/287927/24232/81818/83527/192179/24170/171503/117282"
"GO:0006082","organic acid metabolic process",129,0.236532377169226,1.09849033600731,0.254237288135593,0.788395118581626,0.753299320140092,226,"tags=29%, list=24%, signal=25%","24189/60666/362809/298942/24943/25721/24957/171155/24534/24533/140547/81654/117287/289950/24551/170587/81829/25630/24401/24333/298410/25058/117243/292804/24399/29443/24191/25045/114096/81683/65152/24642/81869/24398/171133/24679/78959"
"GO:0019752","carboxylic acid metabolic process",129,0.236532377169226,1.09849033600731,0.254237288135593,0.788395118581626,0.753299320140092,226,"tags=29%, list=24%, signal=25%","24189/60666/362809/298942/24943/25721/24957/171155/24534/24533/140547/81654/117287/289950/24551/170587/81829/25630/24401/24333/298410/25058/117243/292804/24399/29443/24191/25045/114096/81683/65152/24642/81869/24398/171133/24679/78959"
"GO:0043436","oxoacid metabolic process",129,0.236532377169226,1.09849033600731,0.254237288135593,0.788395118581626,0.753299320140092,226,"tags=29%, list=24%, signal=25%","24189/60666/362809/298942/24943/25721/24957/171155/24534/24533/140547/81654/117287/289950/24551/170587/81829/25630/24401/24333/298410/25058/117243/292804/24399/29443/24191/25045/114096/81683/65152/24642/81869/24398/171133/24679/78959"
"GO:0007417","central nervous system development",140,0.232983292430381,1.09538091287631,0.262267343485618,0.788395118581626,0.753299320140092,198,"tags=24%, list=21%, signal=23%","363875/314906/83612/24936/25393/25728/171375/299331/24943/24213/24533/24588/29409/116690/83613/170851/29545/81732/140447/24778/24586/24212/307039/29577/497902/24399/291081/25045/64521/29271/29753/25275/84353/84509"
"GO:0034220","monoatomic ion transmembrane transport",128,0.236273057795694,1.09467196113764,0.271477663230241,0.788395118581626,0.753299320140092,194,"tags=24%, list=20%, signal=22%","245965/50690/79213/83612/85383/50676/171375/24943/252934/50646/681896/24213/292597/641434/25650/362802/24832/140447/24799/363972/54322/24212/306439/29598/25262/25045/261737/29753/297566/85333/83531"
"GO:0098657","import into cell",137,-0.223243191156028,-1.09108983974552,0.267139479905437,0.788395118581626,0.753299320140092,262,"tags=35%, list=27%, signal=30%","684097/25532/54241/29219/155151/54309/50866/54319/114114/170538/24898/116590/140670/366988/116561/79131/116509/29448/24803/60465/25012/79212/81921/29337/25551/291145/360605/246324/294568/293692/171574/25387/29495/140908/66028/116563/25751/81754/24232/293621/83527/50592/84487/116743/140667/192179/24170/117282"
"GO:0031323","regulation of cellular metabolic process",291,0.20917824964946,1.07850368729672,0.274322169059011,0.788395118581626,0.753299320140092,203,"tags=23%, list=21%, signal=26%","363875/291159/690660/25368/85383/294362/60666/362809/25728/299331/56011/24943/24440/293508/85428/494445/29338/50646/25246/56064/25344/117287/24923/25459/63836/60449/25650/170851/65179/100362640/24786/24832/83782/24787/81743/81732/308650/140447/64189/65151/65171/25630/365216/117030/24333/25058/289144/94167/29598/292804/29577/25045/81504/116643/25309/170923/29753/29318/29507/361967/85333/84353/29374/81683/301618/65152/24642"
"GO:0007267","cell-cell signaling",204,-0.208586170086605,-1.07234683633445,0.277227722772277,0.788395118581626,0.753299320140092,265,"tags=32%, list=28%, signal=29%","25152/684097/25750/79011/29254/117558/29219/54309/171039/309111/114114/117103/24654/83839/24898/81664/116590/361651/117021/29237/116561/116509/60324/29629/24803/25400/25012/24412/29340/310192/79212/117542/116657/83501/295645/58814/689560/60377/116600/25297/25050/81830/65153/117559/171140/25387/24380/29495/140908/117550/170630/81754/24245/81821/81666/293621/50592/24592/24366/25679/25600/84487/140667/24611/117282"
"GO:0008104","protein localization",268,-0.201499467561261,-1.06862161064425,0.255050505050505,0.788395118581626,0.753299320140092,291,"tags=35%, list=30%, signal=34%","60442/56768/29546/81659/306934/298848/304017/29528/751812/305679/25152/64198/684097/25532/54241/84008/29219/50866/24520/171039/116655/309111/54319/114114/117103/83581/24654/170538/116590/116484/140670/117021/29474/116561/29448/361677/24803/60465/287830/25400/25012/29340/58857/499157/117542/29738/299809/64670/83501/83764/116493/29600/689560/60377/116600/25595/294288/25059/25297/25272/25050/81830/246324/171140/25485/293692/25387/81521/29495/54225/300075/140908/117550/24246/66028/116563/25751/65028/81754/500249/24245/81666/171111/293621/24592/501083/24366/288700/140667/192179/114764/171503/117282"
"GO:0070727","cellular macromolecule localization",268,-0.201499467561261,-1.06862161064425,0.255050505050505,0.788395118581626,0.753299320140092,291,"tags=35%, list=30%, signal=34%","60442/56768/29546/81659/306934/298848/304017/29528/751812/305679/25152/64198/684097/25532/54241/84008/29219/50866/24520/171039/116655/309111/54319/114114/117103/83581/24654/170538/116590/116484/140670/117021/29474/116561/29448/361677/24803/60465/287830/25400/25012/29340/58857/499157/117542/29738/299809/64670/83501/83764/116493/29600/689560/60377/116600/25595/294288/25059/25297/25272/25050/81830/246324/171140/25485/293692/25387/81521/29495/54225/300075/140908/117550/24246/66028/116563/25751/65028/81754/500249/24245/81666/171111/293621/24592/501083/24366/288700/140667/192179/114764/171503/117282"
"GO:0050727","regulation of inflammatory response",17,0.387498518681078,1.15898839839941,0.285714285714286,0.790576897336367,0.755383975935019,212,"tags=47%, list=22%, signal=37%","25728/117287/24786/81743/29318/81683/56646/266759"
"GO:0022409","positive regulation of cell-cell adhesion",17,0.387387946442705,1.15865768244753,0.285714285714286,0.790576897336367,0.755383975935019,296,"tags=59%, list=31%, signal=41%","25368/25407/25459/24832/29577/56646/140654/24674/117273/25528"
"GO:0098884","postsynaptic neurotransmitter receptor internalization",11,0.444641558474106,1.1561091439291,0.280534351145038,0.790576897336367,0.755383975935019,157,"tags=45%, list=16%, signal=38%","311848/65046/64633/29704/85238"
"GO:0140239","postsynaptic endocytosis",11,0.444641558474106,1.1561091439291,0.280534351145038,0.790576897336367,0.755383975935019,157,"tags=45%, list=16%, signal=38%","311848/65046/64633/29704/85238"
"GO:0150115","cell-substrate junction organization",12,0.43000509042995,1.15354738613655,0.282945736434109,0.790576897336367,0.755383975935019,107,"tags=33%, list=11%, signal=30%","363875/50646/24832/679221"
"GO:0014075","response to amine",16,-0.380486904015964,-1.14741459037351,0.284836065573771,0.790576897336367,0.755383975935019,145,"tags=25%, list=15%, signal=22%","83578/360616/50592/24611"
"GO:1903115","regulation of actin filament-based movement",10,-0.43964011562199,-1.14668200639802,0.286298568507157,0.790576897336367,0.755383975935019,253,"tags=50%, list=26%, signal=37%","117558/81633/116601/689560/24246"
"GO:0089718","amino acid import across plasma membrane",10,-0.439628661545801,-1.14665213154676,0.286298568507157,0.790576897336367,0.755383975935019,220,"tags=50%, list=23%, signal=39%","50567/24387/170538/116509/66028"
"GO:0007159","leukocyte cell-cell adhesion",20,0.366375141715259,1.14244781642347,0.285178236397749,0.790576897336367,0.755383975935019,296,"tags=55%, list=31%, signal=39%","25368/25407/29338/25459/24832/29577/56646/140654/24674/117273/25528"
"GO:0048489","synaptic vesicle transport",17,-0.366351701521101,-1.13545257304539,0.283095723014257,0.790576897336367,0.755383975935019,108,"tags=47%, list=11%, signal=43%","117558/29219/116561/25595/171574/140908/117550/140667"
"GO:0010212","response to ionizing radiation",12,-0.4072527548453,-1.13418484260534,0.286008230452675,0.790576897336367,0.755383975935019,211,"tags=58%, list=22%, signal=46%","25420/300033/24464/83578/24404/25751/293621"
"GO:0000045","autophagosome assembly",13,-0.398480647097034,-1.13360182338539,0.286298568507157,0.790576897336367,0.755383975935019,188,"tags=38%, list=20%, signal=31%","29448/64670/116723/81754/500249"
"GO:1905037","autophagosome organization",13,-0.398480647097034,-1.13360182338539,0.286298568507157,0.790576897336367,0.755383975935019,188,"tags=38%, list=20%, signal=31%","29448/64670/116723/81754/500249"
"GO:0046822","regulation of nucleocytoplasmic transport",14,-0.385727259306669,-1.12424966221835,0.279166666666667,0.790576897336367,0.755383975935019,220,"tags=50%, list=23%, signal=39%","170538/116590/116484/25050/140908/24592/171503"
"GO:0007167","enzyme-linked receptor protein signaling pathway",53,0.28065958678343,1.11121603049678,0.279569892473118,0.790576897336367,0.755383975935019,168,"tags=23%, list=18%, signal=20%","363875/294930/362245/85428/50646/56064/170851/365216/24401/308061/29577/81504"
"GO:1902414","protein localization to cell junction",27,-0.317634709100113,-1.10654915099681,0.286307053941909,0.790576897336367,0.755383975935019,290,"tags=59%, list=30%, signal=43%","56768/29546/305679/25152/117103/24803/25400/25012/117542/116493/25272/81830/29495/140908/117550/293621"
"GO:0051960","regulation of nervous system development",60,-0.25657285955121,-1.1032455285059,0.279379157427938,0.790576897336367,0.755383975935019,68,"tags=22%, list=7%, signal=21%","117542/64302/83501/25595/29495/89825/140908/24245/287927/81818/83527/24592/117282"
"GO:0055085","transmembrane transport",168,0.221759675927844,1.07059032610298,0.281879194630872,0.790576897336367,0.755383975935019,215,"tags=26%, list=22%, signal=24%","245965/50690/79213/83612/85383/50676/171375/24943/252934/85428/85254/79563/50646/681896/24213/292597/641434/25650/362802/24832/140447/24778/24799/363972/117556/54322/24212/306439/117243/29598/25262/25045/63886/261737/29753/297566/85333/83531/81683/54231/81869/58942/171374"
"GO:0030098","lymphocyte differentiation",14,0.416350434220212,1.1824647479541,0.289272030651341,0.792034069671252,0.756776281523073,322,"tags=64%, list=34%, signal=43%","29338/50646/25459/81768/84353/56646/25524/117273/25176"
"GO:0097530","granulocyte migration",13,0.422456486236297,1.16968034148005,0.288499025341131,0.792034069671252,0.756776281523073,58,"tags=15%, list=6%, signal=15%","363875/25246"
"GO:0046686","response to cadmium ion",15,0.407378237705531,1.16459977865933,0.29296875,0.792034069671252,0.756776281523073,195,"tags=40%, list=20%, signal=32%","65179/24786/24787/24401/292804/84353"
"GO:0002262","myeloid cell homeostasis",16,0.392293632968659,1.14583746328011,0.293774319066148,0.792034069671252,0.756776281523073,149,"tags=38%, list=16%, signal=32%","117254/24440/25459/25632/24786/292804"
"GO:0098974","postsynaptic actin cytoskeleton organization",10,-0.439251989155485,-1.14566968377428,0.288343558282209,0.792034069671252,0.756776281523073,40,"tags=30%, list=4%, signal=29%","24245/83527/116743"
"GO:0043588","skin development",16,0.392001681136846,1.14498471085629,0.293774319066148,0.792034069671252,0.756776281523073,257,"tags=56%, list=27%, signal=42%","362809/170851/83782/25045/84353/81683/29384/25524/24674"
"GO:0030217","T cell differentiation",10,0.453447299077444,1.14360379323222,0.290448343079922,0.792034069671252,0.756776281523073,291,"tags=60%, list=30%, signal=42%","29338/25459/81768/84353/25524/117273"
"GO:0044782","cilium organization",19,-0.356187118425308,-1.13078898215187,0.292993630573248,0.792034069671252,0.756776281523073,97,"tags=32%, list=10%, signal=29%","117103/367171/81830/293692/25751/114764"
"GO:0060271","cilium assembly",19,-0.356187118425308,-1.13078898215187,0.292993630573248,0.792034069671252,0.756776281523073,97,"tags=32%, list=10%, signal=29%","117103/367171/81830/293692/25751/114764"
"GO:1990138","neuron projection extension",37,-0.296078943852462,-1.11715960991401,0.292906178489703,0.792034069671252,0.756776281523073,108,"tags=22%, list=11%, signal=20%","25595/294568/140908/297516/25751/83527/116743/117282"
"GO:2000146","negative regulation of cell motility",31,0.321342576638158,1.11150462396761,0.289179104477612,0.792034069671252,0.756776281523073,199,"tags=29%, list=21%, signal=24%","363875/25728/117287/25459/24832/29271/170923/29318/81683"
"GO:0030100","regulation of endocytosis",53,-0.265883177356997,-1.0990307150966,0.292792792792793,0.792034069671252,0.756776281523073,159,"tags=23%, list=17%, signal=20%","81921/29337/291145/246324/25387/29495/116563/25751/24232/116743/24170/117282"
"GO:0009896","positive regulation of catabolic process",41,0.293586218104671,1.09333653183156,0.292768959435626,0.792034069671252,0.756776281523073,115,"tags=20%, list=12%, signal=18%","60666/25728/299331/50646/25459/170851/64189/65151"
"GO:0045184","establishment of protein localization",200,-0.206697465553027,-1.06390296291898,0.291566265060241,0.792034069671252,0.756776281523073,114,"tags=16%, list=12%, signal=18%","689560/60377/25059/25297/25272/25050/81830/246324/25485/293692/25387/29495/54225/300075/140908/117550/66028/116563/25751/65028/81754/500249/81666/171111/293621/24592/501083/24366/288700/140667/192179/171503"
"GO:0051641","cellular localization",375,-0.193496540779725,-1.05305254843286,0.289893617021277,0.792034069671252,0.756776281523073,277,"tags=32%, list=29%, signal=37%","298848/304017/29528/24424/79256/751812/305679/25152/64198/684097/25532/117558/54241/84008/29219/155151/54309/50866/24520/171039/116655/309111/54319/114114/117103/83581/24654/170538/24898/116590/367171/116484/361651/170714/140670/117021/29474/116561/79131/116509/29448/361677/24803/116601/60465/287830/25400/25012/29340/58857/499157/79212/81921/117542/116657/29738/257644/299809/29337/64670/25319/83501/83764/116493/29600/116723/689560/60377/116600/25595/294288/25391/25059/25297/25272/25050/81830/65153/246324/117559/171140/25485/362361/294568/293692/171574/25387/81521/29495/54225/300075/140908/117550/24246/60431/66028/116563/25751/65028/81754/29489/114612/500249/24245/81666/171111/293621/24592/501083/24366/25679/288700/29578/84487/116743/140667/192179/114764/171503/117282"
"GO:0035725","sodium ion transmembrane transport",26,0.34014093083605,1.13317154729785,0.295454545454545,0.795311606632361,0.75990791730613,133,"tags=27%, list=14%, signal=24%","50690/79213/50676/24213/25650/140447/24212"
"GO:0070663","regulation of leukocyte proliferation",14,0.413299382048616,1.17379954349998,0.296934865900383,0.796069678544858,0.760632243272693,257,"tags=57%, list=27%, signal=42%","25368/25407/25459/29577/84353/81683/140654/24674"
"GO:0008652","amino acid biosynthetic process",18,0.376498170014447,1.14200601748999,0.297087378640777,0.796069678544858,0.760632243272693,153,"tags=28%, list=16%, signal=24%","25721/24957/117287/24401/24399"
"GO:0048814","regulation of dendrite morphogenesis",16,-0.375523003126649,-1.13244521233328,0.297131147540984,0.796069678544858,0.760632243272693,68,"tags=50%, list=7%, signal=47%","25613/25132/83572/114114/117542/29495/24245/83527"
"GO:0110020","regulation of actomyosin structure organization",13,0.414563064187114,1.14782535546672,0.306042884990253,0.801070403799005,0.765410358770078,2,"tags=8%, list=0%, signal=8%","363875"
"GO:0051262","protein tetramerization",11,0.435920262207854,1.13343296765145,0.305343511450382,0.801070403799005,0.765410358770078,121,"tags=27%, list=13%, signal=24%","24189/24787/25630"
"GO:0002440","production of molecular mediator of immune response",10,0.447201154759378,1.12785088357822,0.300194931773879,0.801070403799005,0.765410358770078,199,"tags=40%, list=21%, signal=32%","25344/25058/292804/81683"
"GO:1903131","mononuclear cell differentiation",18,0.371263934483137,1.12612937066994,0.304854368932039,0.801070403799005,0.765410358770078,206,"tags=39%, list=22%, signal=31%","29338/50646/25459/81768/81743/84353/56646"
"GO:0006839","mitochondrial transport",26,0.33731753534739,1.12376547133206,0.303030303030303,0.801070403799005,0.765410358770078,218,"tags=35%, list=23%, signal=27%","85383/299331/79563/171139/25275/85333/83531/266759/25578"
"GO:2001237","negative regulation of extrinsic apoptotic signaling pathway",10,0.442411148790878,1.115770386007,0.306042884990253,0.801070403799005,0.765410358770078,75,"tags=30%, list=8%, signal=28%","85383/29338/117287"
"GO:0060538","skeletal muscle organ development",18,-0.353691091695871,-1.11390356304244,0.303901437371663,0.801070403799005,0.765410358770078,288,"tags=44%, list=30%, signal=32%","29546/81634/117558/84008/64362/24404/140908/24592"
"GO:0006066","alcohol metabolic process",33,0.316196006020026,1.11160424008348,0.307414104882459,0.801070403799005,0.765410358770078,130,"tags=24%, list=14%, signal=22%","294292/60666/25728/50646/117287/60449/24786/24401"
"GO:0050821","protein stabilization",30,0.322329108019266,1.10755183878483,0.307692307692308,0.801070403799005,0.765410358770078,89,"tags=17%, list=9%, signal=16%","362809/299331/25344/117287/25650"
"GO:0021700","developmental maturation",43,0.293136939745326,1.10158416355021,0.306878306878307,0.801070403799005,0.765410358770078,78,"tags=16%, list=8%, signal=16%","363875/25393/298942/24943/50646/116690/83613"
"GO:0016358","dendrite development",45,-0.278634280088911,-1.09872382291628,0.30751708428246,0.801070403799005,0.765410358770078,108,"tags=18%, list=11%, signal=17%","25595/171574/29495/140908/24245/83527/171503/117282"
"GO:0090407","organophosphate biosynthetic process",70,0.261018248356234,1.09231678726889,0.302608695652174,0.801070403799005,0.765410358770078,172,"tags=24%, list=18%, signal=21%","245965/25368/24189/171375/298942/50646/81654/641434/289950/170851/83782/24333/298410/117243/114101/64524/116643"
"GO:0010628","positive regulation of gene expression",82,0.254249417442049,1.09169011447372,0.307432432432432,0.801070403799005,0.765410358770078,150,"tags=24%, list=16%, signal=22%","362809/299331/24943/50646/25246/25344/117287/25459/170851/100362640/24786/81743/65171/25630/117030/24333/25058/94167/292804/29577"
"GO:0060284","regulation of cell development",73,0.257686211088168,1.08495122046178,0.306896551724138,0.801070403799005,0.765410358770078,209,"tags=27%, list=22%, signal=23%","363875/25393/25728/29338/50646/29409/56064/83613/25459/170851/24832/83782/81732/29577/85238/64627/29271/84353/54231/64057"
"GO:0043043","peptide biosynthetic process",63,-0.248876387768364,-1.08073503436755,0.299771167048055,0.801070403799005,0.765410358770078,237,"tags=41%, list=25%, signal=33%","140662/300033/363232/293725/79256/64205/292023/303831/29304/116590/140655/287444/266975/161477/29258/64302/29257/27139/140661/691531/64307/122772/293418/114612/81818/83789"
"GO:0061061","muscle structure development",73,-0.241984486563715,-1.07030592858778,0.303317535545024,0.801070403799005,0.765410358770078,152,"tags=21%, list=16%, signal=19%","29738/24629/360543/83501/83764/24404/58814/689560/293692/140908/24246/114612/24232/24592/171503"
"GO:0007166","cell surface receptor signaling pathway",145,0.22645452609172,1.06922853738928,0.302364864864865,0.801070403799005,0.765410358770078,130,"tags=18%, list=14%, signal=18%","363875/85383/294930/362245/25728/24943/293508/85428/29338/50646/24213/56064/25344/117287/24923/25459/63836/64633/170851/362802/24832/83782/140447/365216/24586/24401"
"GO:0015031","protein transport",185,-0.209008628427253,-1.05904777504354,0.30050505050505,0.801070403799005,0.765410358770078,100,"tags=15%, list=10%, signal=17%","25297/25272/25050/81830/246324/25485/293692/25387/54225/300075/140908/117550/66028/116563/25751/65028/81754/500249/81666/171111/293621/24592/501083/24366/288700/140667/192179/171503"
"GO:0051649","establishment of localization in cell",276,-0.196406354325534,-1.04744606731899,0.307888040712468,0.801070403799005,0.765410358770078,220,"tags=25%, list=23%, signal=27%","170538/24898/116590/367171/116484/361651/170714/140670/117021/116561/79131/116509/29448/24803/116601/60465/287830/25400/25012/29340/58857/499157/79212/81921/116657/257644/83501/83764/116493/116723/689560/60377/25595/25391/25059/25297/25050/81830/65153/246324/117559/25485/362361/294568/293692/171574/25387/81521/54225/300075/140908/117550/60431/116563/25751/81754/29489/114612/500249/293621/24592/501083/288700/29578/84487/116743/140667/192179/114764/171503"
"GO:0097306","cellular response to alcohol",16,0.386666189516148,1.12940045031719,0.313229571984436,0.812735232247427,0.776555921613688,204,"tags=44%, list=21%, signal=35%","314906/25728/24787/29598/25686/84353/25289"
"GO:0120034","positive regulation of plasma membrane bounded cell projection assembly",20,0.35772487740846,1.1154741644379,0.313320825515947,0.812735232247427,0.776555921613688,176,"tags=30%, list=18%, signal=25%","363875/299331/85428/81732/306439/29271"
"GO:0040013","negative regulation of locomotion",32,0.318783889774095,1.11024395069387,0.314442413162706,0.813676221354358,0.777455022125352,199,"tags=28%, list=21%, signal=23%","363875/25728/117287/25459/24832/29271/170923/29318/81683"
"GO:0071417","cellular response to organonitrogen compound",113,-0.227606847768538,-1.07221363735335,0.314634146341463,0.813676221354358,0.777455022125352,231,"tags=29%, list=24%, signal=25%","54319/117103/24654/170538/81664/116590/170916/29237/140931/24803/25400/117542/64302/360616/140661/29600/116723/317259/689560/246324/24651/89825/140908/25751/29489/24245/81666/293621/81818/50592/25679/24611/117282"
"GO:0030032","lamellipodium assembly",12,0.417664314112366,1.12044156813376,0.315891472868217,0.814418211132928,0.778163981862131,176,"tags=33%, list=18%, signal=28%","363875/299331/81732/29271"
"GO:0051480","regulation of cytosolic calcium ion concentration",19,-0.350129096353739,-1.11155654993352,0.316348195329087,0.814418211132928,0.778163981862131,128,"tags=47%, list=13%, signal=42%","83839/60324/29600/689560/116600/29599/65153/140908/50592"
"GO:1901700","response to oxygen-containing compound",280,0.206272185031799,1.05969228468033,0.315960912052117,0.814418211132928,0.778163981862131,150,"tags=19%, list=16%, signal=23%","363875/245965/314906/24189/85383/60666/362245/117254/25728/299331/24440/85428/494445/25721/24957/29338/171155/50646/24213/25246/24533/24588/25344/117287/641434/83613/25459/65179/100362640/24786/81662/83782/24787/81743/81732/140447/24778/25630/64371/24586/24401/362862/24212/25740/25058/289144/308061/94167/117243/171337/29598/292804/29577"
"GO:0003007","heart morphogenesis",15,0.394919336420999,1.12898267314082,0.3203125,0.817014213092644,0.780644421511294,242,"tags=27%, list=25%, signal=20%","363875/29577/84353/64465"
"GO:0007029","endoplasmic reticulum organization",12,-0.398594275368734,-1.11007127660611,0.318930041152263,0.817014213092644,0.780644421511294,303,"tags=50%, list=32%, signal=35%","25017/364838/81659/362750/58857/60431"
"GO:0045088","regulation of innate immune response",25,0.336468936197084,1.10759008046588,0.323308270676692,0.817014213092644,0.780644421511294,83,"tags=16%, list=9%, signal=15%","25728/299331/25344/25459"
"GO:0098739","import across plasma membrane",24,0.337419667121831,1.09712789733346,0.322097378277154,0.817014213092644,0.780644421511294,144,"tags=25%, list=15%, signal=22%","24213/25650/140447/24778/24212/117243"
"GO:0140014","mitotic nuclear division",18,-0.347882071346403,-1.0956088176644,0.324435318275154,0.817014213092644,0.780644421511294,150,"tags=28%, list=16%, signal=24%","257644/24629/64307/81830/114764"
"GO:0019362","pyridine nucleotide metabolic process",24,0.336295025277325,1.09347109821253,0.323970037453184,0.817014213092644,0.780644421511294,235,"tags=46%, list=25%, signal=35%","60666/24534/24533/24551/81829/64524/116643/114096/24642/29384/361596"
"GO:0046496","nicotinamide nucleotide metabolic process",24,0.336295025277325,1.09347109821253,0.323970037453184,0.817014213092644,0.780644421511294,235,"tags=46%, list=25%, signal=35%","60666/24534/24533/24551/81829/64524/116643/114096/24642/29384/361596"
"GO:0042325","regulation of phosphorylation",61,0.269615399976149,1.09200675688924,0.320214669051878,0.817014213092644,0.780644421511294,150,"tags=21%, list=16%, signal=19%","363875/362809/299331/24440/50646/56064/117287/25459/65179/24832/365216/117030/29577"
"GO:0097061","dendritic spine organization",23,-0.327928127162845,-1.09028898192569,0.318376068376068,0.817014213092644,0.780644421511294,240,"tags=39%, list=25%, signal=30%","171039/114114/60465/117542/171574/29495/140908/24245/83527"
"GO:0031589","cell-substrate adhesion",39,-0.285402135166318,-1.08586748231528,0.323185011709602,0.817014213092644,0.780644421511294,69,"tags=21%, list=7%, signal=20%","291180/140908/25751/81754/24592/24366/25600/192179"
"GO:0071241","cellular response to inorganic substance",42,-0.277596344047129,-1.07991812225053,0.320454545454545,0.817014213092644,0.780644421511294,68,"tags=14%, list=7%, signal=14%","29495/297516/25751/29578/24170/117282"
"GO:0032103","positive regulation of response to external stimulus",41,0.288598339541581,1.07476130754286,0.324514991181658,0.817014213092644,0.780644421511294,109,"tags=17%, list=11%, signal=16%","363875/299331/50646/25344/117287/25459/81743"
"GO:0051656","establishment of organelle localization",60,-0.249135286704681,-1.07126448031466,0.323725055432373,0.817014213092644,0.780644421511294,108,"tags=20%, list=11%, signal=19%","25595/81830/25485/294568/171574/140908/117550/81754/29489/501083/140667/114764"
"GO:1901564","organonitrogen compound metabolic process",400,0.200287363888229,1.05098846838017,0.322981366459627,0.817014213092644,0.780644421511294,215,"tags=24%, list=22%, signal=32%","363875/245965/50690/690660/25368/24189/294292/85383/298012/294362/60666/362809/25728/171375/299331/56011/298942/24440/293508/85428/291450/25721/24957/311422/79563/50646/24534/24533/64156/56064/81654/25344/117287/641434/289950/24551/25459/25650/293448/170851/117042/65179/29545/100362640/81768/24832/83782/25506/81743/170587/65151/81829/25630/24799/287280/363972/365216/24401/362862/117030/24212/24333/298410/308061/117243/29577/24399/29669/301458/29443/25045/63886/29144/64524/116643/25309/29271/170923/29753/113893/246333/361967/289668/84353/29374/114096/84509/81683/301618/24642/25289/24829/24398/266759/171133/58942/171374"
"GO:0048518","positive regulation of biological process",440,-0.189398824948071,-1.0361447643277,0.32258064516129,0.817014213092644,0.780644421511294,192,"tags=22%, list=20%, signal=32%","79131/116509/29448/60324/29629/81633/361677/24803/116601/60465/29150/60460/287830/25400/25012/24412/29340/58857/499157/79212/81921/117542/29258/299809/29337/24615/64302/24629/83501/83764/140661/29600/291145/116723/24404/317259/58814/689560/116600/25595/25059/25297/25050/81830/84510/65153/246324/362361/294568/293692/171574/25387/122772/315648/81521/29495/89825/54225/300075/140908/297516/117550/24246/60431/66028/116563/25751/65028/170630/81754/29489/64157/114612/24245/81821/287927/81666/24232/293621/81818/83527/50592/24592/501083/24366/25679/59318/29578/25600/116743/192179/114764/24170/171503/117282"
"GO:0002684","positive regulation of immune system process",58,0.269774956834501,1.08237000664777,0.326164874551971,0.819962210327423,0.783461187191844,257,"tags=36%, list=27%, signal=28%","363875/25368/299331/25407/50646/25344/117287/25459/24832/25058/292804/29577/81504/81683/54231/56646/58942/116725/140654/25023/24674"
"GO:0006099","tricarboxylic acid cycle",16,0.38270081137565,1.11781810880665,0.330739299610895,0.821037921615956,0.784489012660598,119,"tags=31%, list=12%, signal=28%","81654/289950/24551/170587/81829"
"GO:0001764","neuron migration",18,0.363897867515579,1.10378638610281,0.328155339805825,0.821037921615956,0.784489012660598,195,"tags=33%, list=20%, signal=27%","363875/299331/306439/291081/29753/84353"
"GO:0021782","glial cell development",21,0.34989867175947,1.10244061598289,0.329523809523809,0.821037921615956,0.784489012660598,100,"tags=29%, list=10%, signal=26%","24936/24943/29409/299923/50568/24786"
"GO:0051653","spindle localization",12,-0.395604153254241,-1.10174388989246,0.329218106995885,0.821037921615956,0.784489012660598,47,"tags=25%, list=5%, signal=24%","367171/29489/114764"
"GO:0030705","cytoskeleton-dependent intracellular transport",29,0.317827258435208,1.08303266217675,0.330152671755725,0.821037921615956,0.784489012660598,100,"tags=28%, list=10%, signal=25%","314906/29564/24588/83613/63836/170851/29545/24786"
"GO:0043523","regulation of neuron apoptotic process",38,0.295896794003401,1.0801018114816,0.329787234042553,0.821037921615956,0.784489012660598,149,"tags=29%, list=16%, signal=25%","25728/29338/50646/29409/25344/117287/83613/24786/24787/64371/292804"
"GO:0000280","nuclear division",26,-0.314477216038618,-1.07765997912231,0.331223628691983,0.821037921615956,0.784489012660598,176,"tags=38%, list=18%, signal=32%","306934/54241/24654/60460/257644/24629/64307/81830/24245/114764"
"GO:0043434","response to peptide hormone",72,0.255168274998984,1.07686925831759,0.328767123287671,0.821037921615956,0.784489012660598,204,"tags=31%, list=21%, signal=26%","363875/25728/85428/25721/25246/25344/83613/25459/83782/24778/25630/24401/289144/117243/171337/29598/81504/29271/84353/81683/54231/25289"
"GO:0043279","response to alkaloid",32,-0.292707422363816,-1.06637045877645,0.331868131868132,0.821037921615956,0.784489012660598,166,"tags=28%, list=17%, signal=24%","29340/79212/360616/689560/140908/25751/117104/50592/24611"
"GO:0007010","cytoskeleton organization",157,-0.212983260688447,-1.05124141783283,0.331707317073171,0.821037921615956,0.784489012660598,252,"tags=28%, list=26%, signal=25%","54241/84008/29219/155151/296710/64362/683788/54319/170538/116590/367171/24171/29474/60324/60465/500450/29340/117542/116653/290408/24629/59317/58814/25595/81830/84510/25485/294568/25387/64159/140908/24852/29489/24245/293621/81818/83527/24592/501083/81661/116743/192179/114764/24170"
"GO:0071702","organic substance transport",307,-0.195463750790477,-1.04533572358689,0.32987012987013,0.821037921615956,0.784489012660598,268,"tags=32%, list=28%, signal=34%","751812/308100/25152/64198/684097/25750/25532/117558/54241/29219/155151/54309/50866/171039/116655/309111/54319/114114/117103/24654/170538/24898/81664/116590/116484/140670/117021/116561/79131/116509/29448/24803/116601/60465/287830/25400/25012/24412/29340/58857/499157/79212/29337/64670/24629/295645/25551/116493/29600/362152/116723/689560/60377/116600/29599/25391/25059/25297/25272/25050/81830/65153/246324/114561/117559/171140/25485/362361/293692/65042/25387/54225/300075/140908/117550/24246/60431/66028/116563/25751/65028/81754/114612/500249/24245/81666/24232/171111/293621/24592/501083/24366/25679/288700/29578/84487/140667/192179/171503"
"GO:0097479","synaptic vesicle localization",24,-0.321650200271261,-1.08253299607686,0.335470085470085,0.828751495418162,0.791859212911844,136,"tags=38%, list=14%, signal=33%","117558/29219/116561/83501/25595/171574/140908/117550/140667"
"GO:0071222","cellular response to lipopolysaccharide",20,0.351013155091298,1.09454536323763,0.337711069418386,0.833085519948527,0.796000306197744,109,"tags=25%, list=11%, signal=23%","29338/171155/117287/25459/81743"
"GO:0009410","response to xenobiotic stimulus",94,0.239462977787091,1.05698867100103,0.338358458961474,0.833481556463372,0.796378712951353,109,"tags=16%, list=11%, signal=16%","79213/294930/299331/50646/24213/24533/25344/117287/25459/293448/64352/29545/24786/24787/81743"
"GO:0050770","regulation of axonogenesis",28,0.321790843194017,1.08150111171959,0.33969465648855,0.835570764236202,0.79837491860739,110,"tags=25%, list=11%, signal=23%","25728/24588/29409/83613/170851/24832/81732"
"GO:1901699","cellular response to nitrogen compound",115,-0.222424644204561,-1.05029550081165,0.341463414634146,0.838716450292193,0.801380572893549,231,"tags=29%, list=24%, signal=25%","54319/117103/24654/170538/81664/116590/170916/29237/140931/24803/25400/117542/64302/360616/140661/29600/116723/317259/689560/246324/24651/89825/140908/25751/29489/24245/81666/293621/81818/50592/25679/24611/117282"
"GO:0051147","regulation of muscle cell differentiation",10,-0.418779491658967,-1.09227272641957,0.343558282208589,0.840245398773006,0.802841459476913,43,"tags=60%, list=4%, signal=58%","50686/291926/304017/287444/114612/171503"
"GO:0043065","positive regulation of apoptotic process",54,-0.255806638339541,-1.05925631992317,0.343115124153499,0.840245398773006,0.802841459476913,79,"tags=30%, list=8%, signal=29%","114114/29304/170538/287444/25400/29258/24629/25387/315648/300075/140908/24246/66028/65028/24245/24592"
"GO:0043068","positive regulation of programmed cell death",54,-0.255806638339541,-1.05925631992317,0.343115124153499,0.840245398773006,0.802841459476913,79,"tags=30%, list=8%, signal=29%","114114/29304/170538/287444/25400/29258/24629/25387/315648/300075/140908/24246/66028/65028/24245/24592"
"GO:0046165","alcohol biosynthetic process",16,0.378019147558922,1.1041435922179,0.344357976653696,0.840999794623578,0.803562273023267,130,"tags=31%, list=14%, signal=27%","25728/50646/117287/24786/24401"
"GO:0048638","regulation of developmental growth",44,-0.273199237272765,-1.06909620098698,0.345707656612529,0.842514369357149,0.805009425713852,63,"tags=32%, list=7%, signal=31%","54319/24654/24898/116590/60465/64302/25595/140908/297516/25751/114612/24232/83527/117282"
"GO:2001242","regulation of intrinsic apoptotic signaling pathway",29,0.312475671384612,1.06479651843372,0.347328244274809,0.842514369357149,0.805009425713852,199,"tags=38%, list=21%, signal=31%","85383/117287/170851/24786/25506/24787/117030/24333/83531/84353/81683"
"GO:0048732","gland development",51,-0.260875469291957,-1.06208662833417,0.347438752783964,0.842514369357149,0.805009425713852,284,"tags=39%, list=30%, signal=29%","81659/79256/308100/64205/64040/683788/24898/116590/24464/140655/24629/24404/25391/25059/81521/114612/293621/24592/64192/117282"
"GO:0032869","cellular response to insulin stimulus",32,-0.288600914919359,-1.05140992859191,0.347252747252747,0.842514369357149,0.805009425713852,226,"tags=34%, list=24%, signal=27%","117103/170538/81664/116590/170916/24803/116723/246324/24651/293621/117282"
"GO:0010033","response to organic substance",345,0.200430410031994,1.04009092761019,0.347266881028939,0.842514369357149,0.805009425713852,150,"tags=18%, list=16%, signal=24%","363875/245965/314906/24189/85383/298012/24936/60666/362245/362809/50676/25728/299331/24440/85428/494445/25721/24957/29338/171155/50646/24213/25246/24533/24588/24186/25344/117287/641434/83613/25459/63836/25632/170851/64352/65179/100362640/24786/81662/83782/25506/24787/81743/81732/140447/65151/24778/25630/64371/24586/24401/362862/24212/25740/24333/25058/289144/308061/117243/171337/29598/292804/29577"
"GO:0019439","aromatic compound catabolic process",22,0.336919558808446,1.0819735687536,0.349442379182156,0.843787522087237,0.806225903420786,187,"tags=36%, list=20%, signal=30%","690660/294292/311422/81743/65151/29443/116643/25275"
"GO:0002521","leukocyte differentiation",28,0.319630085360529,1.07423905921406,0.349236641221374,0.843787522087237,0.806225903420786,322,"tags=57%, list=34%, signal=39%","29338/50646/25459/81768/83782/81743/64521/84353/54231/56646/25524/24674/191575/117273/361118/25176"
"GO:0032535","regulation of cellular component size",69,0.254695746708792,1.06073769995,0.348754448398576,0.843787522087237,0.806225903420786,87,"tags=16%, list=9%, signal=16%","363875/50676/25728/299331/50646/502674/24588/29409/83613/64633/60449"
"GO:0007018","microtubule-based movement",40,-0.280812859875721,-1.07245504610402,0.350467289719626,0.845070422535211,0.807451694921125,134,"tags=28%, list=14%, signal=25%","83764/29600/100360180/25595/294568/54225/117550/65028/81754/29489/140667"
"GO:0032231","regulation of actin filament bundle assembly",14,0.387524244374866,1.10059632532643,0.354406130268199,0.84813069643591,0.810375739216309,2,"tags=7%, list=0%, signal=7%","363875"
"GO:0001885","endothelial cell development",12,-0.39107360473594,-1.08912646890019,0.353909465020576,0.84813069643591,0.810375739216309,267,"tags=58%, list=28%, signal=43%","305679/83718/54319/24654/24404/81521/24170"
"GO:0045786","negative regulation of cell cycle",12,-0.389044762144054,-1.08347621242341,0.362139917695473,0.84813069643591,0.810375739216309,150,"tags=33%, list=16%, signal=28%","257644/140908/114612/81821"
"GO:0003333","amino acid transmembrane transport",17,-0.34722192886642,-1.0761626898748,0.354378818737271,0.84813069643591,0.810375739216309,234,"tags=41%, list=24%, signal=32%","309111/170538/116509/79212/65042/66028/84487"
"GO:0010563","negative regulation of phosphorus metabolic process",24,0.329177883617802,1.07032954653434,0.361423220973783,0.84813069643591,0.810375739216309,225,"tags=33%, list=24%, signal=26%","56011/117287/65179/24832/365216/29753/266759/24679"
"GO:0045936","negative regulation of phosphate metabolic process",24,0.329177883617802,1.07032954653434,0.361423220973783,0.84813069643591,0.810375739216309,225,"tags=33%, list=24%, signal=26%","56011/117287/65179/24832/365216/29753/266759/24679"
"GO:0006939","smooth muscle contraction",10,0.423905824124182,1.06909956113521,0.360623781676413,0.84813069643591,0.810375739216309,148,"tags=40%, list=15%, signal=34%","170851/24786/24212/29598"
"GO:0050920","regulation of chemotaxis",20,0.342418977634798,1.06774660384809,0.356472795497186,0.84813069643591,0.810375739216309,199,"tags=30%, list=21%, signal=24%","363875/50646/25459/291081/29318/81683"
"GO:0002753","cytosolic pattern recognition receptor signaling pathway",10,0.423177868880178,1.06726364242969,0.360623781676413,0.84813069643591,0.810375739216309,83,"tags=20%, list=9%, signal=18%","25344/25459"
"GO:0048145","regulation of fibroblast proliferation",13,-0.374985996226831,-1.0667640001177,0.357873210633947,0.84813069643591,0.810375739216309,142,"tags=31%, list=15%, signal=27%","25319/24629/293621/24592"
"GO:0009063","amino acid catabolic process",25,-0.311591257324303,-1.06533842859581,0.361702127659574,0.84813069643591,0.810375739216309,128,"tags=24%, list=13%, signal=21%","29600/29383/24380/64157/64192/292845"
"GO:0007009","plasma membrane organization",18,0.350882767753996,1.06430857869304,0.359223300970874,0.84813069643591,0.810375739216309,160,"tags=33%, list=17%, signal=28%","24936/313413/299923/24786/29704/25130"
"GO:0006814","sodium ion transport",31,0.307369699652906,1.06317328380808,0.358208955223881,0.84813069643591,0.810375739216309,133,"tags=23%, list=14%, signal=20%","50690/79213/50676/24213/25650/140447/24212"
"GO:0007204","positive regulation of cytosolic calcium ion concentration",18,-0.337201828206616,-1.06197279694777,0.361396303901437,0.84813069643591,0.810375739216309,214,"tags=44%, list=22%, signal=35%","303634/287444/29337/689560/25297/29495/140908/25679"
"GO:0045664","regulation of neuron differentiation",18,0.349997807648665,1.06162429004036,0.361165048543689,0.84813069643591,0.810375739216309,150,"tags=22%, list=16%, signal=19%","363875/29409/81732/29577"
"GO:0032355","response to estradiol",39,-0.278592258457789,-1.05995799263309,0.355971896955504,0.84813069643591,0.810375739216309,333,"tags=41%, list=35%, signal=28%","25420/29456/29393/24188/25085/79256/24648/29237/79212/24629/24404/25595/54225/24232/81818/50592"
"GO:0044248","cellular catabolic process",142,0.22325454385025,1.05080146156266,0.359322033898305,0.84813069643591,0.810375739216309,130,"tags=18%, list=14%, signal=19%","690660/294292/294362/60666/362245/117254/25728/299331/298942/24440/25721/29338/311422/171155/24533/140547/117287/25459/25632/170851/64352/81743/64189/65151/64371/24401"
"GO:0030097","hemopoiesis",50,0.268836338046677,1.04939253901319,0.360714285714286,0.84813069643591,0.810375739216309,206,"tags=32%, list=22%, signal=26%","24440/29338/50646/25459/25632/81768/83782/24787/81743/64371/29577/64627/64521/84353/54231/56646"
"GO:0065009","regulation of molecular function",26,-0.306121195406526,-1.04902531638471,0.358649789029536,0.84813069643591,0.810375739216309,138,"tags=27%, list=14%, signal=24%","24629/29345/116600/25297/364208/170630/63848"
"GO:0060255","regulation of macromolecule metabolic process",275,0.203266458088684,1.03990224141876,0.362126245847176,0.84813069643591,0.810375739216309,150,"tags=18%, list=16%, signal=21%","363875/291159/690660/25368/85383/298012/362809/25728/299331/56011/24943/24440/293508/85428/494445/50646/25246/56064/25344/117287/24923/25459/63836/60449/25650/170851/65179/100362640/24786/24832/83782/24787/81743/81732/308650/140447/65151/65171/25630/365216/117030/24333/25058/289144/308061/94167/29598/292804/29577"
"GO:0009059","macromolecule biosynthetic process",286,0.201970858661199,1.03518132638251,0.361386138613861,0.84813069643591,0.810375739216309,150,"tags=18%, list=16%, signal=22%","363875/291159/690660/25368/85383/294362/362809/25728/299331/56011/24943/24440/293508/85428/494445/171155/79563/50646/25246/64156/56064/25344/117287/24923/25459/63836/60449/25650/170851/117042/100362640/24786/81768/83782/25506/24787/81743/81732/308650/140447/65151/65171/25630/24799/362862/117030/24333/25058/94167/29598/292804/29577"
"GO:0060560","developmental growth involved in morphogenesis",40,-0.276962898691107,-1.05775162297172,0.364485981308411,0.851296043656207,0.813400179440326,108,"tags=20%, list=11%, signal=19%","25595/294568/140908/297516/25751/83527/116743/117282"
"GO:0048523","negative regulation of cellular process",330,-0.192336388503061,-1.03501193950641,0.364116094986807,0.851296043656207,0.813400179440326,225,"tags=25%, list=24%, signal=30%","83581/24654/29304/170538/81664/116590/303634/367171/116484/24464/361651/170916/24171/117021/29237/29474/287444/266975/161477/29448/294320/29629/60465/60460/29340/310192/499157/79212/81921/257644/29337/83578/25319/27139/24629/83501/83764/25551/116493/117520/29600/291145/116723/24404/317259/58814/689560/25595/25059/25272/84510/85274/362361/171574/25387/25604/29495/64159/140908/24673/24246/66028/116563/25751/65028/64157/114612/81821/287927/81666/293621/81818/50592/24592/24366/25679/81661/29578/116743/192179/114764/24170/24611/117282"
"GO:0071383","cellular response to steroid hormone stimulus",24,0.327413212057893,1.06459167590421,0.367041198501873,0.856096092418537,0.817986551659128,148,"tags=25%, list=15%, signal=22%","362809/25344/117287/65179/24212/29598"
"GO:0009988","cell-cell recognition",12,0.401642750897261,1.07746153654826,0.368217054263566,0.856894331462449,0.818749256697396,20,"tags=17%, list=2%, signal=17%","24189/24936"
"GO:0072384","organelle transport along microtubule",13,0.387626214977249,1.07324370266055,0.374269005847953,0.856894331462449,0.818749256697396,96,"tags=38%, list=10%, signal=35%","314906/29564/83613/170851/29545"
"GO:0034101","erythrocyte homeostasis",12,0.399960099075725,1.07294759321664,0.372093023255814,0.856894331462449,0.818749256697396,149,"tags=33%, list=16%, signal=29%","117254/24440/25632/292804"
"GO:0099590","neurotransmitter receptor internalization",12,0.398567782169342,1.0692125129495,0.374031007751938,0.856894331462449,0.818749256697396,157,"tags=42%, list=16%, signal=35%","311848/65046/64633/29704/85238"
"GO:0034249","negative regulation of amide metabolic process",15,0.373066997103418,1.06651190966612,0.380859375,0.856894331462449,0.818749256697396,115,"tags=13%, list=12%, signal=12%","25728/65151"
"GO:1902475","L-alpha-amino acid transmembrane transport",10,-0.407770304631575,-1.06355824787041,0.372188139059305,0.856894331462449,0.818749256697396,234,"tags=40%, list=24%, signal=31%","309111/116509/66028/84487"
"GO:0001890","placenta development",13,0.383612834586413,1.06213161822348,0.378167641325536,0.856894331462449,0.818749256697396,168,"tags=38%, list=18%, signal=32%","25246/170851/64371/29577/81504"
"GO:0032526","response to retinoic acid",10,0.420983025256801,1.06172819983613,0.372319688109162,0.856894331462449,0.818749256697396,55,"tags=30%, list=6%, signal=29%","25728/50646/24213"
"GO:0032496","response to lipopolysaccharide",38,0.290766211664708,1.06137382459468,0.370567375886525,0.856894331462449,0.818749256697396,123,"tags=21%, list=13%, signal=19%","24189/29338/171155/117287/25459/24787/81743/64371"
"GO:0050805","negative regulation of synaptic transmission",13,-0.37304044463817,-1.06122927504519,0.370143149284254,0.856894331462449,0.818749256697396,259,"tags=54%, list=27%, signal=40%","25017/29254/81664/29237/79212/50592/24611"
"GO:2000379","positive regulation of reactive oxygen species metabolic process",13,0.383155735677138,1.0608660213497,0.378167641325536,0.856894331462449,0.818749256697396,168,"tags=38%, list=18%, signal=32%","50646/117287/24786/24787/81504"
"GO:0050900","leukocyte migration",35,0.296684225537528,1.06002210489773,0.372549019607843,0.856894331462449,0.818749256697396,103,"tags=17%, list=11%, signal=16%","363875/24936/50646/25246/25459/24832"
"GO:0030042","actin filament depolymerization",14,-0.363351546620709,-1.05903288839142,0.375,0.856894331462449,0.818749256697396,116,"tags=29%, list=12%, signal=25%","24171/58814/64159/24170"
"GO:0030834","regulation of actin filament depolymerization",14,-0.363351546620709,-1.05903288839142,0.375,0.856894331462449,0.818749256697396,116,"tags=29%, list=12%, signal=25%","24171/58814/64159/24170"
"GO:0071277","cellular response to calcium ion",14,-0.36262849324114,-1.05692546015519,0.379166666666667,0.856894331462449,0.818749256697396,254,"tags=50%, list=27%, signal=37%","60391/24805/83718/54309/29337/297516/24170"
"GO:0071478","cellular response to radiation",12,-0.379480676081221,-1.05684056339027,0.380658436213992,0.856894331462449,0.818749256697396,52,"tags=42%, list=5%, signal=40%","25420/300033/170538/25751/293621"
"GO:0043113","receptor clustering",10,-0.405044343837355,-1.05644831844903,0.378323108384458,0.856894331462449,0.818749256697396,136,"tags=40%, list=14%, signal=35%","83501/116493/29495/140908"
"GO:0007422","peripheral nervous system development",12,-0.377863601270205,-1.05233706594749,0.382716049382716,0.856894331462449,0.818749256697396,63,"tags=50%, list=7%, signal=47%","65183/25473/84008/140908/24592/117282"
"GO:0051225","spindle assembly",14,-0.360741752891757,-1.05142632274836,0.38125,0.856894331462449,0.818749256697396,97,"tags=43%, list=10%, signal=39%","306934/298848/54241/81830/29489/114764"
"GO:0051899","membrane depolarization",10,-0.402648721934371,-1.05019998843393,0.38241308793456,0.856894331462449,0.818749256697396,110,"tags=30%, list=11%, signal=27%","116600/24246/170630"
"GO:0099111","microtubule-based transport",27,0.314641470511329,1.04871936108953,0.382692307692308,0.856894331462449,0.818749256697396,100,"tags=26%, list=10%, signal=24%","314906/29564/24588/83613/170851/29545/24786"
"GO:0072655","establishment of protein localization to mitochondrion",22,0.326519235515497,1.04857427620656,0.382899628252788,0.856894331462449,0.818749256697396,139,"tags=23%, list=15%, signal=20%","85383/299331/79563/171139/25058"
"GO:0051052","regulation of DNA metabolic process",36,-0.277958438930941,-1.04580552946106,0.376391982182628,0.856894331462449,0.818749256697396,149,"tags=25%, list=16%, signal=22%","299809/24629/291145/362361/24246/114612/287927/293621/29578"
"GO:0032984","protein-containing complex disassembly",36,-0.277830265411504,-1.04532328263354,0.376391982182628,0.856894331462449,0.818749256697396,205,"tags=28%, list=21%, signal=23%","24171/287444/81921/58814/25595/84510/64159/117550/116743/24170"
"GO:0040011","locomotion",108,0.231051307113589,1.04486004175983,0.37123745819398,0.856894331462449,0.818749256697396,180,"tags=23%, list=19%, signal=21%","363875/24936/25728/24943/24957/50646/25246/117287/83613/25459/63836/64633/170851/24832/679221/24787/81732/365216/24212/308061/292804/291081/29271/170923/29318"
"GO:0006816","calcium ion transport",60,-0.242737627304957,-1.04375498793111,0.379157427937916,0.856894331462449,0.818749256697396,181,"tags=38%, list=19%, signal=33%","29219/155151/114114/24654/81664/116601/25400/24412/29340/29337/24629/29600/689560/116600/29599/25391/25297/65153/171140/140908/24246/24245/25679"
"GO:1902903","regulation of supramolecular fiber organization",61,-0.241822981710023,-1.04048948364685,0.37020316027088,0.856894331462449,0.818749256697396,248,"tags=31%, list=26%, signal=25%","29219/155151/296710/170538/24171/29474/60324/60465/29340/117542/58814/25595/84510/294568/64159/83527/81661/114764/24170"
"GO:0044282","small molecule catabolic process",64,0.25276816169917,1.03976954270887,0.380701754385965,0.856894331462449,0.818749256697396,165,"tags=23%, list=17%, signal=21%","294292/25728/298942/25721/171155/24533/140547/117287/25630/24401/24333/25058/24399/29443/25045"
"GO:0008284","positive regulation of cell population proliferation",119,0.226277463507064,1.0379439285695,0.373942470389171,0.856894331462449,0.818749256697396,164,"tags=23%, list=17%, signal=21%","363875/25368/25393/25728/299331/25407/85428/24957/50646/56064/25344/83613/25459/64633/170851/100362640/83782/81732/64371/24586/306439/308061/117243/29704/29577/291081/25262"
"GO:0120035","regulation of plasma membrane bounded cell projection organization",110,-0.220039131136849,-1.03104945861803,0.377450980392157,0.856894331462449,0.818749256697396,108,"tags=17%, list=11%, signal=17%","25595/81830/84510/65153/171140/293692/171574/29495/140908/25751/24245/287927/293621/81818/83527/24592/59318/171503/117282"
"GO:2000026","regulation of multicellular organismal development",106,-0.219209119598176,-1.02543664879301,0.376811594202899,0.856894331462449,0.818749256697396,68,"tags=13%, list=7%, signal=14%","29495/89825/140908/64157/114612/24245/287927/24232/81818/83527/24592/192179/24170/117282"
"GO:0042113","B cell activation",10,0.415424390932351,1.04770920510055,0.38401559454191,0.858269840542755,0.820063534311019,250,"tags=50%, list=26%, signal=37%","50646/25344/81683/56646/25023"
"GO:0048659","smooth muscle cell proliferation",22,0.32563025326774,1.04571942474419,0.384758364312268,0.858808761020342,0.820578464477134,108,"tags=27%, list=11%, signal=25%","85383/25728/25344/117287/64633/24787"
"GO:1902176","negative regulation of oxidative stress-induced intrinsic apoptotic signaling pathway",10,0.414699526521564,1.04588108154255,0.387914230019493,0.86472547108512,0.826231789268493,108,"tags=30%, list=11%, signal=27%","85383/117287/24787"
"GO:0032204","regulation of telomere maintenance",13,-0.367799007129043,-1.04631837997214,0.388548057259714,0.865012059855175,0.826505620397776,381,"tags=69%, list=40%, signal=42%","117280/295230/294864/50689/79256/116590/299809/362361/29578"
"GO:0048545","response to steroid hormone",55,0.262398467033165,1.04172240288629,0.389705882352941,0.865339131761654,0.826818132536652,261,"tags=38%, list=27%, signal=29%","362809/25344/117287/83613/25459/170851/65179/24401/24212/117243/29598/292804/84509/81683/54231/25742/24547/65262/25291/29511/29437"
"GO:0006952","defense response",103,0.229759220299878,1.03359867978564,0.389544688026981,0.865339131761654,0.826818132536652,218,"tags=29%, list=23%, signal=25%","288001/117254/25728/299331/24943/25407/29338/50646/25344/117287/25459/25650/24786/81743/81732/24212/25058/29443/25045/64521/361422/29318/64647/298682/81683/24829/56646/266759/94197/25578"
"GO:0032273","positive regulation of protein polymerization",22,0.324292631509355,1.04142382554336,0.390334572490706,0.86561241982395,0.827079255045756,110,"tags=18%, list=11%, signal=16%","363875/299331/50646/81732"
"GO:2001234","negative regulation of apoptotic signaling pathway",29,0.306046917160584,1.04288980459172,0.391221374045802,0.866456652479188,0.827885906267006,199,"tags=34%, list=21%, signal=28%","85383/29338/117287/170851/24787/24333/85333/83531/84353/81683"
"GO:0010970","transport along microtubule",25,0.322246911520882,1.06077395047319,0.396616541353383,0.867383986270399,0.828771959336079,100,"tags=28%, list=10%, signal=26%","314906/29564/24588/83613/170851/29545/24786"
"GO:0019320","hexose catabolic process",16,0.362354528595365,1.05838932615801,0.408560311284047,0.867383986270399,0.828771959336079,297,"tags=50%, list=31%, signal=35%","24533/25630/24333/25058/65152/24334/24644/24849"
"GO:0046365","monosaccharide catabolic process",16,0.362354528595365,1.05838932615801,0.408560311284047,0.867383986270399,0.828771959336079,297,"tags=50%, list=31%, signal=35%","24533/25630/24333/25058/65152/24334/24644/24849"
"GO:0008202","steroid metabolic process",18,0.34522469153894,1.04714632506306,0.392233009708738,0.867383986270399,0.828771959336079,165,"tags=22%, list=17%, signal=19%","25728/60449/24786/25045"
"GO:0051650","establishment of vesicle localization",38,-0.275026044570097,-1.04302095817427,0.397260273972603,0.867383986270399,0.828771959336079,108,"tags=24%, list=11%, signal=22%","25595/81830/25485/171574/140908/117550/81754/501083/140667"
"GO:0003231","cardiac ventricle development",12,-0.373956035001609,-1.04145462898275,0.397119341563786,0.867383986270399,0.828771959336079,206,"tags=33%, list=22%, signal=26%","140670/29150/689560/25751"
"GO:0060537","muscle tissue development",43,-0.266661668695167,-1.03913952968552,0.404597701149425,0.867383986270399,0.828771959336079,288,"tags=35%, list=30%, signal=26%","291926/29546/81634/304017/117558/84008/116590/81728/24629/24404/689560/140908/24246/114612/24592"
"GO:0034109","homotypic cell-cell adhesion",19,0.334317892767127,1.03860181163447,0.395480225988701,0.867383986270399,0.828771959336079,206,"tags=32%, list=22%, signal=25%","24936/24440/170851/24586/170923/56646"
"GO:0030336","negative regulation of cell migration",29,0.304647477427994,1.03812105396093,0.395038167938931,0.867383986270399,0.828771959336079,199,"tags=28%, list=21%, signal=23%","363875/25728/117287/25459/24832/170923/29318/81683"
"GO:0060078","regulation of postsynaptic membrane potential",25,-0.303475225444232,-1.03758950931035,0.4,0.867383986270399,0.828771959336079,290,"tags=44%, list=30%, signal=31%","56768/29628/29219/24520/29629/24412/117542/25297/29495/140908/50592"
"GO:0001934","positive regulation of protein phosphorylation",37,0.285152288970764,1.03687587924887,0.408849557522124,0.867383986270399,0.828771959336079,199,"tags=30%, list=21%, signal=24%","363875/299331/50646/56064/117287/25459/24832/117030/29577/170923/81683"
"GO:0035148","tube formation",11,0.397807449204036,1.03433613161618,0.396946564885496,0.867383986270399,0.828771959336079,218,"tags=36%, list=23%, signal=28%","293508/29271/84353/25578"
"GO:0007178","transmembrane receptor protein serine/threonine kinase signaling pathway",14,0.36411460329029,1.03411128515441,0.404214559386973,0.867383986270399,0.828771959336079,150,"tags=29%, list=16%, signal=24%","294930/362245/24401/29577"
"GO:0048709","oligodendrocyte differentiation",21,0.327834064920991,1.03292072145996,0.417142857142857,0.867383986270399,0.828771959336079,195,"tags=38%, list=20%, signal=31%","24936/25728/24943/29409/29577/64521/25275/84353"
"GO:0021761","limbic system development",27,0.309856276648695,1.03277001581677,0.417307692307692,0.867383986270399,0.828771959336079,198,"tags=41%, list=21%, signal=33%","314906/83612/25393/24588/83613/24212/497902/29271/29753/84353/84509"
"GO:0007044","cell-substrate junction assembly",10,0.409481927955067,1.03272218628758,0.39766081871345,0.867383986270399,0.828771959336079,176,"tags=40%, list=18%, signal=33%","363875/50646/24832/29271"
"GO:0048041","focal adhesion assembly",10,0.409481927955067,1.03272218628758,0.39766081871345,0.867383986270399,0.828771959336079,176,"tags=40%, list=18%, signal=33%","363875/50646/24832/29271"
"GO:0050764","regulation of phagocytosis",13,-0.363016345705384,-1.03271261580268,0.404907975460123,0.867383986270399,0.828771959336079,148,"tags=31%, list=15%, signal=26%","29337/246324/25751/24232"
"GO:0006694","steroid biosynthetic process",11,0.397143658275899,1.03261021385827,0.400763358778626,0.867383986270399,0.828771959336079,165,"tags=27%, list=17%, signal=23%","25728/24786/25045"
"GO:0099188","postsynaptic cytoskeleton organization",11,-0.386866672769337,-1.03212789169443,0.410041841004184,0.867383986270399,0.828771959336079,40,"tags=27%, list=4%, signal=26%","24245/83527/116743"
"GO:0050679","positive regulation of epithelial cell proliferation",14,0.363312082027384,1.03183206787763,0.406130268199234,0.867383986270399,0.828771959336079,272,"tags=57%, list=28%, signal=42%","24957/25459/83782/308061/25262/84353/64465/191575"
"GO:1902533","positive regulation of intracellular signal transduction",73,0.24495795610123,1.03136070925782,0.401724137931035,0.867383986270399,0.828771959336079,252,"tags=37%, list=26%, signal=29%","690660/25728/299331/29338/50646/56064/25344/117287/25459/63836/170851/65179/24786/679221/24586/171337/29318/84353/81683/56646/25742/301252/64465/116725/140654/25023/25524"
"GO:0048813","dendrite morphogenesis",28,-0.291337190539193,-1.03081607853562,0.403765690376569,0.867383986270399,0.828771959336079,173,"tags=29%, list=18%, signal=24%","25400/117542/25595/171574/29495/140908/24245/83527"
"GO:0030168","platelet activation",17,0.344325116245218,1.02985894336846,0.444227005870841,0.867383986270399,0.828771959336079,37,"tags=18%, list=4%, signal=17%","24936/25728/24440"
"GO:0031348","negative regulation of defense response",10,0.407536181232929,1.02781497141027,0.407407407407407,0.867383986270399,0.828771959336079,100,"tags=20%, list=10%, signal=18%","25728/24786"
"GO:0050806","positive regulation of synaptic transmission",39,-0.270136551889766,-1.02778662574102,0.416861826697892,0.867383986270399,0.828771959336079,229,"tags=38%, list=24%, signal=31%","114114/83839/116590/29629/24803/25012/24412/29340/29495/117550/24245/50592/24592/25679/117282"
"GO:0009790","embryo development",70,0.24550406605712,1.02739258418044,0.422608695652174,0.867383986270399,0.828771959336079,176,"tags=23%, list=18%, signal=20%","363875/50690/298012/298942/293508/25632/25650/170851/24786/24333/308061/292804/29577/291081/81504/29271"
"GO:0045185","maintenance of protein location",14,0.361578619159171,1.02690891044803,0.413793103448276,0.867383986270399,0.828771959336079,204,"tags=36%, list=21%, signal=29%","56011/117287/287280/25058/25289"
"GO:0071248","cellular response to metal ion",37,-0.272092778488031,-1.02665545317393,0.409610983981693,0.867383986270399,0.828771959336079,68,"tags=32%, list=7%, signal=31%","83718/29219/54309/317675/24520/116590/29337/29495/297516/29578/24170/117282"
"GO:0007519","skeletal muscle tissue development",17,-0.331218841848571,-1.02656350347649,0.415478615071283,0.867383986270399,0.828771959336079,288,"tags=41%, list=30%, signal=29%","29546/81634/117558/84008/24404/140908/24592"
"GO:0015800","acidic amino acid transport",20,-0.317431667253468,-1.0264548902922,0.417910447761194,0.867383986270399,0.828771959336079,57,"tags=30%, list=6%, signal=29%","29219/309111/79212/66028/24592/84487"
"GO:0008361","regulation of cell size",35,0.287279691474792,1.02642067571928,0.413547237076649,0.867383986270399,0.828771959336079,110,"tags=20%, list=11%, signal=18%","363875/50676/25728/299331/29409/60449/81732"
"GO:0002252","immune effector process",38,0.280845003383828,1.02515878187225,0.439716312056738,0.867383986270399,0.828771959336079,218,"tags=29%, list=23%, signal=23%","117254/25407/29338/50646/25344/25459/25058/292804/81683/56646/25578"
"GO:0099565","chemical synaptic transmission, postsynaptic",20,-0.316816835747221,-1.02446675592692,0.420042643923241,0.867383986270399,0.828771959336079,167,"tags=30%, list=17%, signal=25%","24412/117542/25297/29495/140908/50592"
"GO:0006941","striated muscle contraction",25,0.311135435927255,1.02419714107754,0.426691729323308,0.867383986270399,0.828771959336079,133,"tags=20%, list=14%, signal=18%","24189/299331/24213/25650/24212"
"GO:1903829","positive regulation of protein localization",77,-0.229484963505109,-1.02416647336892,0.392771084337349,0.867383986270399,0.828771959336079,248,"tags=34%, list=26%, signal=27%","29219/116655/54319/114114/24654/170538/116590/140670/24803/25012/29340/299809/29600/25297/25050/81830/25387/81521/29495/140908/117550/81666/293621/24366/171503/117282"
"GO:1904358","positive regulation of telomere maintenance via telomere lengthening",11,-0.383871477393784,-1.0241369612117,0.422594142259414,0.867383986270399,0.828771959336079,215,"tags=64%, list=22%, signal=50%","295230/294864/50689/116590/299809/362361/29578"
"GO:0097120","receptor localization to synapse",19,-0.322592781925564,-1.02413687821122,0.40552016985138,0.867383986270399,0.828771959336079,182,"tags=47%, list=19%, signal=39%","24803/25400/25012/116493/25272/81830/29495/117550/293621"
"GO:0021543","pallium development",42,0.274735487821572,1.02240005934826,0.407473309608541,0.867383986270399,0.828771959336079,198,"tags=33%, list=21%, signal=28%","363875/314906/83612/25393/24213/24588/83613/24778/497902/291081/29271/29753/84353/84509"
"GO:0051224","negative regulation of protein transport",19,0.329093358013606,1.0223711181019,0.427495291902072,0.867383986270399,0.828771959336079,136,"tags=26%, list=14%, signal=23%","85383/25728/117287/117030/25740"
"GO:0071407","cellular response to organic cyclic compound",84,-0.226749935381645,-1.02212129057645,0.422982885085575,0.867383986270399,0.828771959336079,78,"tags=14%, list=8%, signal=14%","24651/81521/66028/25751/65028/29489/81666/50592/24592/25679/24611/117282"
"GO:0090287","regulation of cellular response to growth factor stimulus",16,0.349832542872225,1.02181427331391,0.439688715953307,0.867383986270399,0.828771959336079,250,"tags=50%, list=26%, signal=38%","56064/365216/24401/308061/29577/84353/301252/25023"
"GO:0015748","organophosphate ester transport",12,0.380829847035589,1.02162807926631,0.39922480620155,0.867383986270399,0.828771959336079,192,"tags=33%, list=20%, signal=27%","288707/25728/25045/85333"
"GO:0072583","clathrin-dependent endocytosis",14,-0.350142123895111,-1.02053239697153,0.416666666666667,0.867383986270399,0.828771959336079,284,"tags=57%, list=30%, signal=41%","81659/54241/140670/116561/81921/116563/25751/116743"
"GO:0006739","NADP metabolic process",13,-0.358648341462423,-1.02028647262497,0.423312883435583,0.867383986270399,0.828771959336079,158,"tags=38%, list=17%, signal=33%","29562/29738/24689/100360180/24479"
"GO:0045766","positive regulation of angiogenesis",15,-0.340356078384725,-1.01872384241438,0.424489795918367,0.867383986270399,0.828771959336079,101,"tags=27%, list=11%, signal=24%","25059/64157/24232/24170"
"GO:1904018","positive regulation of vasculature development",15,-0.340356078384725,-1.01872384241438,0.424489795918367,0.867383986270399,0.828771959336079,101,"tags=27%, list=11%, signal=24%","25059/64157/24232/24170"
"GO:0030900","forebrain development",67,0.245436121875798,1.01826966778977,0.417857142857143,0.867383986270399,0.828771959336079,198,"tags=30%, list=21%, signal=25%","363875/314906/83612/25393/24213/24588/83613/140447/24778/24586/24212/29577/497902/291081/25045/29271/29753/25275/84353/84509"
"GO:0006457","protein folding",36,0.283805037492251,1.0182678812603,0.419529837251356,0.867383986270399,0.828771959336079,251,"tags=33%, list=26%, signal=26%","362809/299331/79563/25506/362862/117030/29144/361967/29374/266759/301252/282819"
"GO:2000377","regulation of reactive oxygen species metabolic process",25,0.309289542085495,1.01812081875241,0.43796992481203,0.867383986270399,0.828771959336079,174,"tags=28%, list=18%, signal=24%","29338/50646/117287/24786/24787/81504/25309"
"GO:1901565","organonitrogen compound catabolic process",112,0.223666514860777,1.01782939263472,0.410684474123539,0.867383986270399,0.828771959336079,172,"tags=21%, list=18%, signal=20%","50690/690660/294292/298012/25728/299331/298942/25721/311422/50646/64156/25344/117287/29545/81743/65151/287280/24401/362862/24399/29669/29443/29144/116643"
"GO:0031334","positive regulation of protein-containing complex assembly",36,0.283546126839121,1.0173389322729,0.421338155515371,0.867383986270399,0.828771959336079,172,"tags=22%, list=18%, signal=19%","363875/299331/50646/117287/81732/171337/81504/116643"
"GO:0002064","epithelial cell development",24,-0.301877587549086,-1.01598708479699,0.408119658119658,0.867383986270399,0.828771959336079,284,"tags=50%, list=30%, signal=36%","81659/305679/25473/83718/54319/24654/81633/83501/24404/81521/81818/24170"
"GO:0030099","myeloid cell differentiation",31,0.293701159109753,1.01589462507712,0.438432835820896,0.867383986270399,0.828771959336079,202,"tags=35%, list=21%, signal=29%","24440/50646/25459/25632/83782/81743/64371/64627/64521/84353/54231"
"GO:0001952","regulation of cell-matrix adhesion",10,-0.389429400853417,-1.01572097461854,0.419222903885481,0.867383986270399,0.828771959336079,28,"tags=30%, list=3%, signal=29%","24592/25600/192179"
"GO:0001505","regulation of neurotransmitter levels",65,-0.232813940076632,-1.01487664340393,0.403669724770642,0.867383986270399,0.828771959336079,248,"tags=32%, list=26%, signal=26%","29219/54309/171039/114114/24898/361651/116561/116509/24803/25400/25012/79212/116657/60377/65153/117559/66028/24592/84487/140667/192179"
"GO:0051301","cell division",46,-0.257993244300613,-1.0146867076814,0.432183908045977,0.867383986270399,0.828771959336079,63,"tags=15%, list=7%, signal=15%","81830/140908/29489/501083/288700/114764/309891"
"GO:0002683","negative regulation of immune system process",25,0.308100674865855,1.01420729985718,0.43984962406015,0.867383986270399,0.828771959336079,218,"tags=36%, list=23%, signal=29%","25407/29338/25459/24832/83782/29318/84353/81683/25578"
"GO:0001763","morphogenesis of a branching structure",12,-0.364126237735592,-1.01407898343498,0.44238683127572,0.867383986270399,0.828771959336079,3,"tags=25%, list=0%, signal=25%","83718/303634/117282"
"GO:0110053","regulation of actin filament organization",46,-0.257718737653702,-1.01360707380748,0.432183908045977,0.867383986270399,0.828771959336079,247,"tags=33%, list=26%, signal=25%","155151/296710/170538/24171/29474/60324/60465/29340/117542/58814/294568/64159/83527/81661/24170"
"GO:0003205","cardiac chamber development",13,-0.356226413167476,-1.01339654622262,0.43558282208589,0.867383986270399,0.828771959336079,206,"tags=31%, list=22%, signal=24%","140670/29150/689560/25751"
"GO:0048562","embryonic organ morphogenesis",14,0.356183149878811,1.01158539521105,0.431034482758621,0.867383986270399,0.828771959336079,195,"tags=29%, list=20%, signal=23%","363875/24786/29577/84353"
"GO:0006508","proteolysis",87,0.231518702917808,1.01156197603422,0.431177446102819,0.867383986270399,0.828771959336079,245,"tags=33%, list=26%, signal=27%","85383/298012/25728/298942/293508/50646/64156/117287/293448/29545/25506/287280/363972/362862/24333/29669/29144/116643/25309/29271/246333/289668/84353/24829/100912032/502776/301252/24691/116725"
"GO:0046907","intracellular transport",182,-0.198999237096106,-1.01111804954816,0.439613526570048,0.867383986270399,0.828771959336079,276,"tags=34%, list=29%, signal=29%","304017/29528/79256/751812/25152/64198/684097/117558/54241/155151/171039/54319/114114/117103/170538/116590/116484/170714/140670/117021/116561/79131/29448/24803/116601/60465/287830/25400/25012/58857/499157/83764/116493/116723/25595/25391/25059/25297/25050/81830/246324/25485/362361/294568/293692/81521/300075/140908/117550/60431/116563/81754/29489/114612/500249/293621/24592/288700/29578/140667/171503"
"GO:0031344","regulation of cell projection organization",113,-0.2145900307077,-1.01089382688017,0.429268292682927,0.867383986270399,0.828771959336079,108,"tags=17%, list=11%, signal=17%","25595/81830/84510/65153/171140/293692/171574/29495/140908/25751/24245/287927/293621/81818/83527/24592/59318/171503/117282"
"GO:0014009","glial cell proliferation",12,-0.362723218253041,-1.0101716226816,0.450617283950617,0.867383986270399,0.828771959336079,67,"tags=25%, list=7%, signal=24%","89825/81818/24592"
"GO:0051591","response to cAMP",25,0.306865017803122,1.01013975792892,0.447368421052632,0.867383986270399,0.828771959336079,164,"tags=28%, list=17%, signal=24%","60666/50646/25246/24533/81743/171337/25262"
"GO:1901652","response to peptide",85,0.232719344716881,1.00992914941644,0.455611390284757,0.867383986270399,0.828771959336079,204,"tags=28%, list=21%, signal=24%","363875/25728/85428/25721/24213/25246/25344/641434/83613/25459/83782/24778/25630/24401/289144/117243/171337/29598/81504/29271/84353/81683/54231/25289"
"GO:0071826","protein-RNA complex organization",20,-0.312118320156355,-1.00927351970356,0.44136460554371,0.867383986270399,0.828771959336079,125,"tags=30%, list=13%, signal=27%","691531/64307/122799/117550/114612/83789"
"GO:0003300","cardiac muscle hypertrophy",15,-0.337111854644112,-1.00901351759699,0.442857142857143,0.867383986270399,0.828771959336079,128,"tags=27%, list=13%, signal=23%","29600/689560/24246/114612"
"GO:0014896","muscle hypertrophy",15,-0.337111854644112,-1.00901351759699,0.442857142857143,0.867383986270399,0.828771959336079,128,"tags=27%, list=13%, signal=23%","29600/689560/24246/114612"
"GO:0014897","striated muscle hypertrophy",15,-0.337111854644112,-1.00901351759699,0.442857142857143,0.867383986270399,0.828771959336079,128,"tags=27%, list=13%, signal=23%","29600/689560/24246/114612"
"GO:0051054","positive regulation of DNA metabolic process",30,-0.280887459547993,-1.00898993226225,0.432835820895522,0.867383986270399,0.828771959336079,149,"tags=27%, list=16%, signal=23%","299809/24629/362361/24246/114612/287927/293621/29578"
"GO:0021766","hippocampus development",22,0.314064685532752,1.00857810044369,0.440520446096654,0.867383986270399,0.828771959336079,198,"tags=41%, list=21%, signal=33%","314906/83612/25393/24588/83613/497902/29271/29753/84509"
"GO:0032206","positive regulation of telomere maintenance",12,-0.362099634622411,-1.00843496382897,0.452674897119342,0.867383986270399,0.828771959336079,378,"tags=67%, list=39%, signal=41%","295230/294864/50689/79256/116590/299809/362361/29578"
"GO:1904356","regulation of telomere maintenance via telomere lengthening",12,-0.362034893296133,-1.00825466147354,0.452674897119342,0.867383986270399,0.828771959336079,215,"tags=67%, list=22%, signal=52%","117280/295230/294864/50689/116590/299809/362361/29578"
"GO:0035264","multicellular organism growth",14,-0.345859112683396,-1.00804903264643,0.4375,0.867383986270399,0.828771959336079,254,"tags=43%, list=27%, signal=32%","83718/54319/24898/295645/25062/24170"
"GO:0060326","cell chemotaxis",28,0.299866457813046,1.00781583550745,0.454198473282443,0.867383986270399,0.828771959336079,83,"tags=14%, list=9%, signal=13%","363875/50646/25246/25459"
"GO:1901655","cellular response to ketone",17,-0.325107988885349,-1.00762382422351,0.435845213849287,0.867383986270399,0.828771959336079,70,"tags=18%, list=7%, signal=17%","81521/24592/117282"
"GO:0042127","regulation of cell population proliferation",177,0.206699600340542,1.0076152775758,0.442016806722689,0.867383986270399,0.828771959336079,150,"tags=20%, list=16%, signal=20%","363875/25368/24936/25393/25728/299331/25407/85428/24957/50646/24588/29409/56064/25344/299923/117287/24923/83613/25459/64633/170851/100362640/24832/83782/24787/81732/65151/64371/365216/24586/306439/308061/117243/29704/29577"
"GO:0016032","viral process",26,0.302323501938951,1.00718366835362,0.450757575757576,0.867383986270399,0.828771959336079,206,"tags=35%, list=22%, signal=28%","29564/25728/25246/25344/25506/116643/29271/361967/56646"
"GO:0031347","regulation of defense response",42,0.270262520669518,1.0057543689135,0.425266903914591,0.867383986270399,0.828771959336079,218,"tags=29%, list=23%, signal=23%","25728/299331/25344/117287/25459/24786/81743/29318/81683/56646/266759/25578"
"GO:0032872","regulation of stress-activated MAPK cascade",20,0.322537271400452,1.00575055311205,0.446529080675422,0.867383986270399,0.828771959336079,91,"tags=20%, list=10%, signal=18%","117254/50646/25459/170851"
"GO:0070302","regulation of stress-activated protein kinase signaling cascade",20,0.322537271400452,1.00575055311205,0.446529080675422,0.867383986270399,0.828771959336079,91,"tags=20%, list=10%, signal=18%","117254/50646/25459/170851"
"GO:0006325","chromatin organization",26,0.301728681325092,1.00520203740519,0.452651515151515,0.867383986270399,0.828771959336079,270,"tags=46%, list=28%, signal=34%","291159/25344/25459/287280/64627/24829/29384/25023/286897/29511/24438/29222"
"GO:0006915","apoptotic process",160,0.210497567469554,1.00500395173819,0.429292929292929,0.867383986270399,0.828771959336079,199,"tags=26%, list=21%, signal=24%","690660/85383/362809/25728/299331/25407/29338/50646/24533/29409/24186/25344/117287/83613/25459/63836/170851/65179/24786/24832/83782/25506/24787/24799/64371/362862/117030/24333/25058/308061/292804/301458/25262/25309/113893/361967/85333/298682/83531/84353/81683"
"GO:0008219","cell death",167,0.207950089638108,1.00462283611855,0.429519071310116,0.867383986270399,0.828771959336079,199,"tags=26%, list=21%, signal=25%","690660/85383/362809/25728/299331/25407/29338/50646/24533/29409/24186/25344/117287/83613/25459/63836/170851/65179/24786/24832/83782/25506/24787/25630/24799/64371/24586/362862/117030/24333/25058/308061/292804/301458/25262/25309/113893/361967/85333/298682/83531/84353/81683"
"GO:0012501","programmed cell death",167,0.207950089638108,1.00462283611855,0.429519071310116,0.867383986270399,0.828771959336079,199,"tags=26%, list=21%, signal=25%","690660/85383/362809/25728/299331/25407/29338/50646/24533/29409/24186/25344/117287/83613/25459/63836/170851/65179/24786/24832/83782/25506/24787/25630/24799/64371/24586/362862/117030/24333/25058/308061/292804/301458/25262/25309/113893/361967/85333/298682/83531/84353/81683"
"GO:0008015","blood circulation",62,0.247020498062692,1.0045531037585,0.45518453427065,0.867383986270399,0.828771959336079,148,"tags=23%, list=15%, signal=20%","288001/25728/299331/24213/24186/25632/25650/170851/24786/81662/24787/81743/24212/29598"
"GO:0043603","amide metabolic process",105,0.222659553850693,1.00433169303806,0.437710437710438,0.867383986270399,0.828771959336079,166,"tags=21%, list=17%, signal=19%","25728/298942/24440/25721/24957/50646/64156/81654/289950/117042/100362640/81768/25506/170587/65151/25630/24799/24401/117243/24399/25045/63886"
"GO:0051403","stress-activated MAPK cascade",25,0.30493459121611,1.00378517030187,0.453007518796992,0.867383986270399,0.828771959336079,91,"tags=20%, list=10%, signal=19%","362245/117254/50646/25459/170851"
"GO:0019932","second-messenger-mediated signaling",33,0.285439716712555,1.0034788338402,0.448462929475588,0.867383986270399,0.828771959336079,185,"tags=30%, list=19%, signal=25%","690660/25728/64185/25650/81743/140447/24586/24212/25262/25686"
"GO:0018130","heterocycle biosynthetic process",165,0.207707567568301,1.00321214334625,0.440931780366057,0.867383986270399,0.828771959336079,150,"tags=18%, list=16%, signal=18%","245965/690660/25368/24189/362809/25728/171375/299331/56011/298942/85428/50646/81654/25344/117287/641434/289950/25459/63836/170851/83782/24787/81743/81732/25630/24333/298410/117243/29577"
"GO:1903305","regulation of regulated secretory pathway",30,0.291918573801927,1.0030585049441,0.455909943714822,0.867383986270399,0.828771959336079,268,"tags=40%, list=28%, signal=30%","64633/50568/65171/117556/171337/26989/58942/24804/25023/24674/24681/29693"
"GO:1901874","negative regulation of post-translational protein modification",11,-0.375945883804993,-1.00299214110438,0.449790794979079,0.867383986270399,0.828771959336079,166,"tags=36%, list=17%, signal=30%","29340/25387/140908/65028"
"GO:1903321","negative regulation of protein modification by small protein conjugation or removal",11,-0.375945883804993,-1.00299214110438,0.449790794979079,0.867383986270399,0.828771959336079,166,"tags=36%, list=17%, signal=30%","29340/25387/140908/65028"
"GO:0032787","monocarboxylic acid metabolic process",91,0.2280719349463,1.00263921667345,0.449251247920133,0.867383986270399,0.828771959336079,165,"tags=21%, list=17%, signal=19%","24189/60666/362809/298942/24943/171155/24534/24533/140547/81654/117287/289950/25630/24333/25058/117243/292804/24191/25045"
"GO:0006874","intracellular calcium ion homeostasis",47,-0.253367295755535,-1.00250403153734,0.44874715261959,0.867383986270399,0.828771959336079,186,"tags=43%, list=19%, signal=36%","29219/155151/24654/83839/60324/116601/29340/29337/29600/689560/116600/29599/25391/65153/117559/140908/24246/60431/50592/25679"
"GO:0055074","calcium ion homeostasis",47,-0.253367295755535,-1.00250403153734,0.44874715261959,0.867383986270399,0.828771959336079,186,"tags=43%, list=19%, signal=36%","29219/155151/24654/83839/60324/116601/29340/29337/29600/689560/116600/29599/25391/65153/117559/140908/24246/60431/50592/25679"
"GO:0042254","ribosome biogenesis",25,-0.293110823747874,-1.00215335647554,0.434042553191489,0.867383986270399,0.828771959336079,268,"tags=40%, list=28%, signal=30%","751812/64205/29304/140655/161477/29258/691531/64307/122799/83789"
"GO:0051240","positive regulation of multicellular organismal process",149,0.211428866406636,1.00192005891439,0.456081081081081,0.867383986270399,0.828771959336079,212,"tags=27%, list=22%, signal=25%","25368/25393/25728/299331/25407/29338/50646/313413/25246/29409/56064/24186/25344/117287/83613/25459/170851/24786/24832/83782/81732/65171/25630/24586/24333/25058/308061/29598/29577/85238/261737/29271/29318/85333/84353/81683/54231/56646/64057/266759"
"GO:0008585","female gonad development",10,0.397256046747283,1.00188825221569,0.43859649122807,0.867383986270399,0.828771959336079,100,"tags=30%, list=10%, signal=27%","363875/25344/24786"
"GO:0046545","development of primary female sexual characteristics",10,0.397256046747283,1.00188825221569,0.43859649122807,0.867383986270399,0.828771959336079,100,"tags=30%, list=10%, signal=27%","363875/25344/24786"
"GO:0046660","female sex differentiation",10,0.397256046747283,1.00188825221569,0.43859649122807,0.867383986270399,0.828771959336079,100,"tags=30%, list=10%, signal=27%","363875/25344/24786"
"GO:0048666","neuron development",170,-0.200406674262296,-1.00178908863826,0.454545454545455,0.867383986270399,0.828771959336079,112,"tags=16%, list=12%, signal=17%","64307/25595/81830/84510/65153/171140/294568/293692/171574/29495/140908/297516/117550/25751/24245/287927/81666/24232/81818/83527/24592/288700/59318/116743/192179/171503/117282"
"GO:0097190","apoptotic signaling pathway",56,-0.238170081738015,-1.0017581491348,0.447368421052632,0.867383986270399,0.828771959336079,229,"tags=32%, list=24%, signal=26%","114114/170538/81664/287444/116601/60465/29258/24404/317259/25391/315648/66028/65028/24245/293621/24592/24366/117282"
"GO:0045806","negative regulation of endocytosis",12,0.373343435162894,1.00154475690691,0.420542635658915,0.867383986270399,0.828771959336079,146,"tags=33%, list=15%, signal=29%","24923/25459/65171/29704"
"GO:0048168","regulation of neuronal synaptic plasticity",23,-0.301225422147882,-1.0015083539347,0.446581196581197,0.867383986270399,0.828771959336079,253,"tags=57%, list=26%, signal=43%","117558/29219/117103/60324/25400/24412/295645/81830/171140/29495/24245/293621/24592"
"GO:0050851","antigen receptor-mediated signaling pathway",13,-0.351911116471561,-1.00112034601421,0.445807770961145,0.867383986270399,0.828771959336079,231,"tags=46%, list=24%, signal=35%","54319/116590/29337/25297/81821/293621"
"GO:1901606","alpha-amino acid catabolic process",20,-0.309586657903995,-1.00108707402853,0.449893390191898,0.867383986270399,0.828771959336079,128,"tags=25%, list=13%, signal=22%","29600/29383/24380/64157/64192"
"GO:0045597","positive regulation of cell differentiation",70,-0.226980680300767,-0.998537529491832,0.444964871194379,0.867383986270399,0.828771959336079,68,"tags=13%, list=7%, signal=13%","29495/89825/54225/114612/24245/81818/83527/24170/171503"
"GO:0009306","protein secretion",52,0.253683295526782,0.998299430024943,0.45750452079566,0.867383986270399,0.828771959336079,280,"tags=37%, list=29%, signal=27%","363875/25728/24957/25246/117287/81662/117030/25740/24399/25262/361967/65152/79434/361596/25023/25524/24674/266688/25518"
"GO:0035592","establishment of protein localization to extracellular region",52,0.253683295526782,0.998299430024943,0.45750452079566,0.867383986270399,0.828771959336079,280,"tags=37%, list=29%, signal=27%","363875/25728/24957/25246/117287/81662/117030/25740/24399/25262/361967/65152/79434/361596/25023/25524/24674/266688/25518"
"GO:0071692","protein localization to extracellular region",52,0.253683295526782,0.998299430024943,0.45750452079566,0.867383986270399,0.828771959336079,280,"tags=37%, list=29%, signal=27%","363875/25728/24957/25246/117287/81662/117030/25740/24399/25262/361967/65152/79434/361596/25023/25524/24674/266688/25518"
"GO:1901653","cellular response to peptide",61,-0.231975598941297,-0.998119241828426,0.44920993227991,0.867383986270399,0.828771959336079,226,"tags=31%, list=24%, signal=25%","117103/24654/170538/81664/116590/170916/140931/24803/25400/116723/317259/246324/24651/89825/140908/293621/81818/50592/117282"
"GO:0060074","synapse maturation",10,-0.382457685187477,-0.997537145109386,0.437627811860941,0.867383986270399,0.828771959336079,40,"tags=20%, list=4%, signal=19%","24245/117282"
"GO:0045765","regulation of angiogenesis",23,-0.299752399342488,-0.996610876707778,0.448717948717949,0.867383986270399,0.828771959336079,128,"tags=26%, list=13%, signal=23%","29600/25059/64157/24232/24592/24170"
"GO:1901342","regulation of vasculature development",23,-0.299752399342488,-0.996610876707778,0.448717948717949,0.867383986270399,0.828771959336079,128,"tags=26%, list=13%, signal=23%","29600/25059/64157/24232/24592/24170"
"GO:0006334","nucleosome assembly",12,0.37128536800642,0.996023710664244,0.424418604651163,0.867383986270399,0.828771959336079,265,"tags=50%, list=28%, signal=37%","291159/25459/64627/24829/29384/24438"
"GO:0034728","nucleosome organization",12,0.37128536800642,0.996023710664244,0.424418604651163,0.867383986270399,0.828771959336079,265,"tags=50%, list=28%, signal=37%","291159/25459/64627/24829/29384/24438"
"GO:0010927","cellular component assembly involved in morphogenesis",19,0.320057130543158,0.994298907717147,0.455743879472693,0.867383986270399,0.828771959336079,72,"tags=16%, list=8%, signal=15%","24936/29409/116690"
"GO:0008286","insulin receptor signaling pathway",14,-0.340378899490854,-0.992076275518314,0.45625,0.867383986270399,0.828771959336079,220,"tags=43%, list=23%, signal=33%","170538/81664/116590/170916/116723/293621"
"GO:0006644","phospholipid metabolic process",27,-0.284020319952501,-0.989446162227273,0.448132780082988,0.867383986270399,0.828771959336079,248,"tags=41%, list=26%, signal=31%","29219/24654/170538/79131/58857/29337/24629/116723/24479/64473/81821"
"GO:0006281","DNA repair",15,0.345919340422122,0.988903063547512,0.44921875,0.867383986270399,0.828771959336079,267,"tags=53%, list=28%, signal=39%","298012/117287/25459/116643/29384/116725/140654/24681"
"GO:0030307","positive regulation of cell growth",28,-0.27884633977751,-0.986620657498226,0.449790794979079,0.867383986270399,0.828771959336079,62,"tags=14%, list=6%, signal=14%","297516/114612/83527/117282"
"GO:0040007","growth",92,-0.215999041565231,-0.985880512154082,0.451612903225806,0.867383986270399,0.828771959336079,144,"tags=20%, list=15%, signal=18%","64302/24629/295645/24404/25595/25062/294568/140908/297516/24246/25751/114612/24232/81818/83527/116743/24170/117282"
"GO:0051896","regulation of phosphatidylinositol 3-kinase/protein kinase B signal transduction",13,0.355656606776091,0.984727551397579,0.43859649122807,0.867383986270399,0.828771959336079,142,"tags=23%, list=15%, signal=20%","299331/25344/308061"
"GO:1902652","secondary alcohol metabolic process",12,0.366562875165119,0.983354978608805,0.445736434108527,0.867383986270399,0.828771959336079,235,"tags=42%, list=25%, signal=32%","25728/60449/24786/114096/361596"
"GO:0030865","cortical cytoskeleton organization",12,0.365520714688259,0.980559240789015,0.449612403100775,0.867383986270399,0.828771959336079,42,"tags=17%, list=4%, signal=16%","363875/85428"
"GO:0048708","astrocyte differentiation",15,0.341181831345621,0.975359625260369,0.45703125,0.867383986270399,0.828771959336079,173,"tags=40%, list=18%, signal=33%","24943/29409/170851/81732/29577/64521"
"GO:0050708","regulation of protein secretion",38,0.276657622200336,1.00987372947117,0.460992907801418,0.868653030284506,0.829984511228555,201,"tags=29%, list=21%, signal=24%","363875/25728/24957/25246/81662/117030/25740/24399/25262/361967/65152"
"GO:0006605","protein targeting",38,0.275691043441507,1.00634546052906,0.462765957446808,0.868653030284506,0.829984511228555,110,"tags=16%, list=11%, signal=15%","85383/299331/56011/79563/171139/81732"
"GO:0043067","regulation of programmed cell death",143,0.212383736564162,1.00128642399461,0.466216216216216,0.868653030284506,0.829984511228555,199,"tags=26%, list=21%, signal=24%","85383/25728/299331/25407/29338/50646/24533/29409/24186/25344/117287/83613/25459/63836/170851/65179/24786/24832/83782/25506/24787/24799/64371/24586/362862/117030/24333/25058/292804/25262/113893/361967/85333/298682/83531/84353/81683"
"GO:0010810","regulation of cell-substrate adhesion",26,0.299864240537209,0.998990696572857,0.465909090909091,0.868653030284506,0.829984511228555,106,"tags=23%, list=11%, signal=21%","363875/50646/63836/50568/24832/25506"
"GO:1903050","regulation of proteolysis involved in protein catabolic process",23,0.30934173790135,0.998322380069673,0.462546816479401,0.868653030284506,0.829984511228555,75,"tags=17%, list=8%, signal=16%","298012/25728/50646/117287"
"GO:0051258","protein polymerization",51,-0.245141349850061,-0.998029252938907,0.463251670378619,0.868653030284506,0.829984511228555,277,"tags=37%, list=29%, signal=28%","298848/361466/29219/155151/296710/170538/367171/24171/60465/29340/117542/58814/25595/84510/64159/83527/24366/114764/24170"
"GO:0031503","protein-containing complex localization",37,0.274028984354134,0.996429119041719,0.460176991150442,0.868653030284506,0.829984511228555,91,"tags=22%, list=10%, signal=20%","314906/252892/311848/56064/24923/65046/64633/170851"
"GO:0097193","intrinsic apoptotic signaling pathway",37,0.273920103029886,0.996033202813164,0.460176991150442,0.868653030284506,0.829984511228555,199,"tags=35%, list=21%, signal=29%","690660/85383/117287/170851/24786/25506/24787/117030/24333/25262/83531/84353/81683"
"GO:0000910","cytokinesis",22,-0.302518359045892,-0.995246880244514,0.461206896551724,0.868653030284506,0.829984511228555,27,"tags=18%, list=3%, signal=18%","81830/501083/288700/309891"
"GO:0070585","protein localization to mitochondrion",23,0.307484087934335,0.992327283678904,0.466292134831461,0.868653030284506,0.829984511228555,139,"tags=22%, list=15%, signal=19%","85383/299331/79563/171139/25058"
"GO:0090257","regulation of muscle system process",39,0.268515560778937,0.989691993531371,0.462608695652174,0.868653030284506,0.829984511228555,148,"tags=23%, list=15%, signal=20%","25368/85383/299331/25650/170851/24786/24212/24333/29598"
"GO:0044242","cellular lipid catabolic process",24,-0.293990942755396,-0.989444109818876,0.465811965811966,0.868653030284506,0.829984511228555,266,"tags=42%, list=28%, signal=31%","308100/29254/24654/170538/79131/29337/24479/54225/171142/292845"
"GO:0099010","modification of postsynaptic structure",16,-0.327705158496169,-0.988243422389619,0.465163934426229,0.868653030284506,0.829984511228555,186,"tags=31%, list=19%, signal=26%","60324/60465/117542/294568/24592"
"GO:0001932","regulation of protein phosphorylation",58,0.24620702127491,0.98781257675276,0.458781362007168,0.868653030284506,0.829984511228555,150,"tags=21%, list=16%, signal=19%","363875/299331/24440/50646/56064/117287/25459/65179/24832/365216/117030/29577"
"GO:0030258","lipid modification",19,-0.310465132805648,-0.985635171398153,0.464968152866242,0.868653030284506,0.829984511228555,42,"tags=16%, list=4%, signal=15%","171142/81821/292845"
"GO:0048839","inner ear development",14,0.34662176376016,0.984430380834621,0.46360153256705,0.868653030284506,0.829984511228555,288,"tags=43%, list=30%, signal=30%","363875/24786/29577/29177/25524/25269"
"GO:1903825","organic acid transmembrane transport",23,0.306642607566372,0.989611618184081,0.468164794007491,0.869559817059917,0.830850931942395,144,"tags=22%, list=15%, signal=19%","50690/79213/681896/24778/117243"
"GO:1905039","carboxylic acid transmembrane transport",23,0.306642607566372,0.989611618184081,0.468164794007491,0.869559817059917,0.830850931942395,144,"tags=22%, list=15%, signal=19%","50690/79213/681896/24778/117243"
"GO:0060840","artery development",10,-0.376309220514715,-0.981500542541268,0.468302658486708,0.869559817059917,0.830850931942395,206,"tags=50%, list=22%, signal=40%","140670/24629/54225/25751/24592"
"GO:0006414","translational elongation",12,-0.359483373992317,-1.00114876842415,0.469135802469136,0.870163048566804,0.83142731030055,311,"tags=58%, list=32%, signal=40%","140662/300033/293725/292023/287444/266975/140661"
"GO:0042981","regulation of apoptotic process",139,0.213035299439384,0.998106176873172,0.472318339100346,0.870544883012937,0.831792147197555,199,"tags=26%, list=21%, signal=24%","85383/25728/299331/25407/29338/50646/24533/29409/24186/25344/117287/83613/25459/63836/170851/65179/24786/24832/83782/25506/24787/24799/64371/362862/117030/24333/25058/292804/25262/113893/361967/85333/298682/83531/84353/81683"
"GO:0006338","chromatin remodeling",24,0.304749752773582,0.99090091080153,0.470037453183521,0.870544883012937,0.831792147197555,265,"tags=46%, list=28%, signal=34%","291159/25344/25459/287280/64627/24829/29384/25023/286897/29511/24438"
"GO:0007272","ensheathment of neurons",23,0.306175212651055,0.988103219067114,0.471910112359551,0.870544883012937,0.831792147197555,100,"tags=26%, list=10%, signal=24%","24936/24943/29409/116690/299923/24786"
"GO:0008366","axon ensheathment",23,0.306175212651055,0.988103219067114,0.471910112359551,0.870544883012937,0.831792147197555,100,"tags=26%, list=10%, signal=24%","24936/24943/29409/116690/299923/24786"
"GO:0042552","myelination",23,0.306175212651055,0.988103219067114,0.471910112359551,0.870544883012937,0.831792147197555,100,"tags=26%, list=10%, signal=24%","24936/24943/29409/116690/299923/24786"
"GO:0045446","endothelial cell differentiation",13,-0.34713671265687,-0.987538073175263,0.47239263803681,0.870544883012937,0.831792147197555,267,"tags=54%, list=28%, signal=39%","305679/83718/54319/24654/24404/81521/24170"
"GO:0042060","wound healing",36,0.27481846845923,0.986024850305283,0.47377938517179,0.871224819993668,0.832441816447467,83,"tags=17%, list=9%, signal=16%","288001/24936/25728/24440/29338/25459"
"GO:0034605","cellular response to heat",11,0.373019105432311,0.969884146975576,0.473282442748092,0.871224819993668,0.832441816447467,268,"tags=55%, list=28%, signal=40%","299331/308061/116643/29753/301252/29693"
"GO:0051963","regulation of synapse assembly",11,-0.369007432381181,-0.984480933642595,0.47489539748954,0.871405059487773,0.832614032491391,68,"tags=36%, list=7%, signal=34%","25012/29495/287927/59318"
"GO:0098742","cell-cell adhesion via plasma-membrane adhesion molecules",12,0.357872104536841,0.960040799393535,0.474806201550388,0.871405059487773,0.832614032491391,127,"tags=33%, list=13%, signal=29%","29409/56064/365216/24586"
"GO:0007051","spindle organization",23,-0.293417612617238,-0.975549102503947,0.476495726495726,0.872593582887701,0.833749648184633,283,"tags=43%, list=30%, signal=31%","306934/298848/361466/54241/54319/367171/290408/81830/29489/114764"
"GO:0016311","dephosphorylation",15,0.337187712305514,0.963941366454385,0.4765625,0.872593582887701,0.833749648184633,280,"tags=40%, list=29%, signal=29%","56011/85238/29753/301618/24674/25518"
"GO:0051928","positive regulation of calcium ion transport",13,0.348133951415242,0.963899129115072,0.477582846003899,0.873527598673797,0.834642085796287,165,"tags=38%, list=17%, signal=32%","24943/24832/29598/25262/25045"
"GO:0099518","vesicle cytoskeletal trafficking",13,-0.346074257976989,-0.984515591227515,0.478527607361963,0.874321519534345,0.835400664877258,108,"tags=38%, list=11%, signal=35%","25595/25485/117550/81754/140667"
"GO:0009893","positive regulation of metabolic process",201,0.200543758208315,0.991543066354471,0.494097807757167,0.874361593462717,0.835438954894898,201,"tags=24%, list=21%, signal=24%","363875/60666/362809/25728/299331/24943/85428/50646/25246/56064/25344/117287/25459/63836/170851/100362640/24786/24832/83782/24787/81743/81732/64189/65151/65171/25630/117030/24333/25058/289144/308061/94167/292804/29577/25045/81504/261737/116643/25309/29271/170923/29318/85333/84353/29374/81683/301618/65152"
"GO:1901576","organic substance biosynthetic process",398,0.188919377220941,0.991509920497548,0.492260061919505,0.874361593462717,0.835438954894898,150,"tags=17%, list=16%, signal=25%","363875/291159/245965/690660/25368/24189/85383/294362/60666/362809/25728/171375/299331/56011/298942/24943/24440/293508/85428/291450/494445/25721/24957/171155/79563/50646/25246/64156/56064/81654/25344/117287/24923/641434/289950/25459/63836/60449/25650/170851/117042/100362640/24786/81768/83782/25506/24787/81743/81732/308650/140447/65151/65171/81829/25630/24799/24401/362862/117030/24333/298410/25058/94167/117243/114101/29598/292804/29577"
"GO:0019222","regulation of metabolic process",326,0.191040897058382,0.98989300009029,0.49438202247191,0.874361593462717,0.835438954894898,203,"tags=22%, list=21%, signal=26%","363875/291159/690660/25368/85383/298012/294362/60666/362809/25728/299331/56011/24943/24440/293508/85428/494445/29338/50646/25246/56064/25344/117287/24923/25459/63836/60449/25650/170851/65179/100362640/24786/24832/83782/24787/81743/81732/308650/140447/64189/65151/65171/25630/365216/24401/117030/24333/25058/289144/308061/94167/29598/292804/29577/25045/81504/261737/116643/25309/29271/170923/29753/29318/29507/361967/85333/84353/29374/81683/301618/65152/24642"
"GO:0033002","muscle cell proliferation",26,0.297047723694644,0.989607536655481,0.482954545454545,0.874361593462717,0.835438954894898,127,"tags=27%, list=13%, signal=24%","85383/25728/25344/117287/64633/24787/24586"
"GO:0080134","regulation of response to stress",95,0.224323081978938,0.989118916120339,0.485617597292724,0.874361593462717,0.835438954894898,137,"tags=19%, list=14%, signal=18%","85383/24936/117254/25728/299331/24440/29338/50646/25344/117287/25459/170851/24786/24832/81743/365216/117030/24333"
"GO:0019438","aromatic compound biosynthetic process",165,0.204462371180703,0.987538085526896,0.489184692179701,0.874361593462717,0.835438954894898,110,"tags=15%, list=11%, signal=16%","245965/690660/25368/24189/362809/25728/171375/299331/56011/298942/85428/50646/81654/25344/117287/641434/289950/25459/63836/170851/83782/24787/81743/81732"
"GO:0043408","regulation of MAPK cascade",54,0.248693697288058,0.986797627586818,0.486583184257603,0.874361593462717,0.835438954894898,100,"tags=19%, list=10%, signal=18%","363875/117254/25728/29338/50646/56064/25344/25459/170851/24786"
"GO:1901566","organonitrogen compound biosynthetic process",157,0.206403147885571,0.984564010251597,0.491554054054054,0.874361593462717,0.835438954894898,144,"tags=18%, list=15%, signal=18%","245965/25368/24189/25728/171375/298942/24440/291450/25721/24957/50646/64156/81654/117287/641434/289950/170851/117042/100362640/81768/83782/65151/25630/24799/24401/24333/298410/117243"
"GO:0051093","negative regulation of developmental process",53,0.248159195339402,0.982537169446885,0.489247311827957,0.874361593462717,0.835438954894898,257,"tags=36%, list=27%, signal=28%","25728/29338/50646/29409/25459/24786/24832/83782/24787/81732/29577/64627/29271/84353/25742/361596/24547/25567/24674"
"GO:0051648","vesicle localization",44,-0.250965899171816,-0.982091648791796,0.48491879350348,0.874361593462717,0.835438954894898,108,"tags=23%, list=11%, signal=21%","83501/25595/81830/25485/171574/140908/117550/81754/501083/140667"
"GO:0019722","calcium-mediated signaling",25,-0.287076500925654,-0.981521853370263,0.480851063829787,0.874361593462717,0.835438954894898,167,"tags=32%, list=17%, signal=27%","24412/29337/24629/29600/689560/65153/24246/553106"
"GO:0050768","negative regulation of neurogenesis",17,0.328017154098075,0.98108265644378,0.487279843444227,0.874361593462717,0.835438954894898,257,"tags=53%, list=27%, signal=39%","29409/24832/81732/29577/84353/361596/24547/25567/24674"
"GO:0009065","glutamine family amino acid catabolic process",11,-0.367233862897582,-0.979749198756318,0.48326359832636,0.874361593462717,0.835438954894898,128,"tags=36%, list=13%, signal=32%","29600/29383/24380/64157"
"GO:0097305","response to alcohol",55,0.2466708704604,0.979283815196914,0.492647058823529,0.874361593462717,0.835438954894898,108,"tags=16%, list=11%, signal=15%","314906/25728/25721/50646/25344/83613/100362640/24786/24787"
"GO:0050790","regulation of catalytic activity",16,0.3341442969528,0.975990996062131,0.48443579766537,0.874361593462717,0.835438954894898,225,"tags=31%, list=24%, signal=24%","85383/25728/24832/25309/24679"
"GO:0034341","response to type II interferon",20,-0.301585100398247,-0.975213039774821,0.486140724946695,0.874361593462717,0.835438954894898,60,"tags=35%, list=6%, signal=34%","29528/114562/29219/25400/117550/500249/81818"
"GO:0007423","sensory organ development",44,-0.249078268275111,-0.974704882120418,0.491879350348028,0.874361593462717,0.835438954894898,138,"tags=23%, list=14%, signal=20%","24629/29600/64307/29599/25062/24232/81818/24592/84487/117282"
"GO:0032570","response to progesterone",10,-0.373289809899039,-0.973625228847422,0.482617586912065,0.874361593462717,0.835438954894898,145,"tags=30%, list=15%, signal=26%","83578/25595/24232"
"GO:0070661","leukocyte proliferation",22,0.303067284616,0.973261370364283,0.488847583643123,0.874361593462717,0.835438954894898,257,"tags=41%, list=27%, signal=31%","25368/25407/29338/25459/29577/84353/81683/140654/24674"
"GO:0006650","glycerophospholipid metabolic process",19,-0.306080361684976,-0.971714817134825,0.490445859872611,0.874361593462717,0.835438954894898,224,"tags=37%, list=23%, signal=29%","24654/79131/29337/24629/116723/64473/81821"
"GO:2001236","regulation of extrinsic apoptotic signaling pathway",14,-0.333083911770238,-0.970814134243849,0.48125,0.874361593462717,0.835438954894898,119,"tags=36%, list=12%, signal=32%","60465/24404/315648/24592/24366"
"GO:0033044","regulation of chromosome organization",16,-0.320894434938296,-0.967704677169162,0.489754098360656,0.874361593462717,0.835438954894898,381,"tags=62%, list=40%, signal=38%","117280/295230/294864/50689/79256/116590/257644/299809/362361/29578"
"GO:0055007","cardiac muscle cell differentiation",16,-0.320596545055997,-0.966806346126315,0.491803278688525,0.874361593462717,0.835438954894898,138,"tags=62%, list=14%, signal=54%","64202/24377/79433/117280/50686/291926/304017/24629/24246/114612"
"GO:0016567","protein ubiquitination",31,-0.267058917796834,-0.965606566574461,0.487124463519313,0.874361593462717,0.835438954894898,90,"tags=19%, list=9%, signal=18%","303533/25387/140908/65028/287927/50522"
"GO:0090596","sensory organ morphogenesis",14,0.339778078160866,0.964993828588909,0.486590038314176,0.874361593462717,0.835438954894898,103,"tags=21%, list=11%, signal=19%","363875/24786/24832"
"GO:0070372","regulation of ERK1 and ERK2 cascade",29,-0.269653482938639,-0.963472882546208,0.49163179916318,0.874361593462717,0.835438954894898,79,"tags=21%, list=8%, signal=20%","25387/24246/24232/293621/24592/24366"
"GO:0032890","regulation of organic acid transport",16,-0.31913703880396,-0.962404988942524,0.493852459016393,0.874361593462717,0.835438954894898,248,"tags=31%, list=26%, signal=24%","29219/79131/79212/117559/66028"
"GO:0007030","Golgi organization",16,-0.319089508728678,-0.962261654963657,0.493852459016393,0.874361593462717,0.835438954894898,52,"tags=56%, list=5%, signal=54%","50689/310710/81659/54241/117103/116590/25751/81754/500249"
"GO:1900182","positive regulation of protein localization to nucleus",14,0.33840562935674,0.961095976693329,0.486590038314176,0.874361593462717,0.835438954894898,237,"tags=43%, list=25%, signal=33%","299331/117287/29374/84509/58942/301252"
"GO:0003014","renal system process",11,0.367451014168184,0.95540659510935,0.488549618320611,0.874361593462717,0.835438954894898,291,"tags=45%, list=30%, signal=32%","24440/25289/25524/24674/117273"
"GO:0019221","cytokine-mediated signaling pathway",15,0.333990076041241,0.954800066942215,0.494140625,0.874361593462717,0.835438954894898,84,"tags=20%, list=9%, signal=19%","85383/50646/63836"
"GO:0048513","animal organ development",262,0.193862337178998,0.986023586562504,0.496655518394649,0.874492168276003,0.835563717105821,168,"tags=19%, list=18%, signal=22%","363875/50690/314906/83612/298012/25393/362809/171375/24943/25721/29338/50646/24213/25246/24533/24588/29409/25344/116690/83613/25459/63836/170851/29545/24786/81662/24832/83782/24787/81743/170587/140447/65151/24778/25630/64371/24586/24212/307039/306439/289144/308061/29598/29577/497902/24399/291081/24191/25262/25045/81504"
"GO:0008285","negative regulation of cell population proliferation",70,0.234970900445544,0.983313085168148,0.497391304347826,0.874492168276003,0.835563717105821,257,"tags=36%, list=27%, signal=28%","24936/25728/50646/29409/25344/299923/117287/24923/170851/24832/24787/81732/65151/29577/29271/84353/25289/56646/58942/29662/361596/24547/65262/25567/24674"
"GO:0048858","cell projection morphogenesis",104,0.217676464662323,0.980942892261641,0.495826377295493,0.874492168276003,0.835563717105821,146,"tags=19%, list=15%, signal=18%","363875/314906/252892/25393/25728/299331/25246/24588/29409/56064/116690/83613/50568/170851/29545/24832/81732/24586/306439/29704"
"GO:0031325","positive regulation of cellular metabolic process",184,0.199772675401742,0.980314142991303,0.497512437810945,0.874492168276003,0.835563717105821,201,"tags=24%, list=21%, signal=23%","363875/60666/362809/25728/299331/24943/85428/50646/25246/56064/25344/117287/25459/63836/170851/100362640/24786/24832/83782/24787/81743/81732/64189/65151/65171/25630/117030/24333/25058/289144/94167/292804/29577/81504/116643/25309/170923/29318/85333/84353/29374/81683/301618/65152"
"GO:0044271","cellular nitrogen compound biosynthetic process",227,0.19500408284528,0.979383588484314,0.497520661157025,0.874492168276003,0.835563717105821,122,"tags=15%, list=13%, signal=17%","363875/245965/690660/25368/24189/362809/25728/171375/299331/56011/298942/24440/85428/291450/50646/64156/81654/25344/117287/641434/289950/25459/63836/170851/117042/100362640/81768/83782/24787/81743/81732/65151/25630/24799"
"GO:0045216","cell-cell junction organization",20,0.310762246975326,0.969033130418371,0.49718574108818,0.874492168276003,0.835563717105821,84,"tags=20%, list=9%, signal=19%","363875/24936/116690/63836"
"GO:0033365","protein localization to organelle",96,-0.210411412541026,-0.970815824443143,0.498800959232614,0.875346172210727,0.836379704633221,284,"tags=36%, list=30%, signal=28%","81659/298848/304017/751812/25152/64198/116655/54319/114114/117103/83581/170538/116590/116484/117021/29448/361677/287830/25400/58857/299809/64670/689560/25059/81830/293692/81521/29495/300075/140908/65028/293621/24592/288700/114764"
"GO:0051961","negative regulation of nervous system development",18,0.319073352566105,0.967823266278336,0.499029126213592,0.875346172210727,0.836379704633221,308,"tags=61%, list=32%, signal=42%","29409/24832/81732/29577/84353/361596/24547/25567/24674/117273/25576"
"GO:1901698","response to nitrogen compound",186,0.200297156032073,0.980303026789319,0.500837520938023,0.876788032538917,0.837757379836127,176,"tags=22%, list=18%, signal=22%","363875/24936/60666/25728/299331/85428/25721/50646/24213/25246/24533/24588/25344/641434/83613/25459/64352/65179/24786/81662/83782/81743/81732/24778/25630/24586/24401/362862/25740/25058/289144/117243/171337/29598/29577/24191/25262/29144/81504/116643/29271"
"GO:0008037","cell recognition",21,0.309181340225881,0.974150789012847,0.500952380952381,0.876788032538917,0.837757379836127,218,"tags=29%, list=23%, signal=23%","24189/24936/24586/83531/29374/25578"
"GO:0042594","response to starvation",26,0.292313452203142,0.973835422025915,0.501893939393939,0.876788032538917,0.837757379836127,117,"tags=19%, list=12%, signal=17%","362245/24957/313413/24186/24778"
"GO:0097191","extrinsic apoptotic signaling pathway",16,-0.315211559750418,-0.95056712568705,0.502049180327869,0.876788032538917,0.837757379836127,119,"tags=31%, list=12%, signal=28%","60465/24404/315648/24592/24366"
"GO:0007339","binding of sperm to zona pellucida",10,0.375938399307932,0.948124689120206,0.502923976608187,0.876788032538917,0.837757379836127,265,"tags=40%, list=28%, signal=29%","24189/83531/29374/24438"
"GO:0003407","neural retina development",13,0.3407644519862,0.943494758749036,0.502923976608187,0.876788032538917,0.837757379836127,150,"tags=38%, list=16%, signal=33%","25246/24832/306439/29598/29577"
"GO:0051716","cellular response to stimulus",469,0.185817743169084,0.98586089039537,0.506024096385542,0.877363808742889,0.838307525077749,150,"tags=17%, list=16%, signal=29%","363875/689064/314906/690660/85383/294930/298012/24936/60666/362245/362809/117254/50676/25728/171375/299331/56011/289218/24943/24440/293508/85428/24957/29338/171155/50646/24213/64185/25246/24533/24588/29409/56064/24186/25344/299923/117287/24923/641434/83613/25459/63836/25632/64633/60449/50568/25650/170851/64352/65179/29545/362802/24786/81662/24832/83782/25506/679221/24787/81743/81732/140447/24778/65171/25630/64371/365216/24586/24401/362862/117030/24212/25740/24333/289144/308061/94167/117243/171337/29598/292804/29577"
"GO:0032990","cell part morphogenesis",105,0.217264539978498,0.979996858432853,0.505050505050505,0.877363808742889,0.838307525077749,146,"tags=19%, list=15%, signal=18%","363875/314906/252892/25393/25728/299331/25246/24588/29409/56064/116690/83613/50568/170851/29545/24832/81732/24586/306439/29704"
"GO:0002009","morphogenesis of an epithelium",33,0.277972882996071,0.977228774189806,0.506329113924051,0.877363808742889,0.838307525077749,202,"tags=24%, list=21%, signal=20%","363875/293508/25246/29577/81504/29271/84353/54231"
"GO:0009894","regulation of catabolic process",72,0.230048489846742,0.970857943211506,0.50513698630137,0.877363808742889,0.838307525077749,115,"tags=17%, list=12%, signal=16%","298012/294362/60666/25728/299331/50646/25344/117287/25459/170851/64189/65151"
"GO:0008306","associative learning",16,-0.314786580399676,-0.949285537536442,0.506147540983607,0.877363808742889,0.838307525077749,186,"tags=38%, list=19%, signal=31%","60324/25012/79212/360616/140908/24592"
"GO:0007566","embryo implantation",10,0.374715997176185,0.945041764781334,0.504873294346979,0.877363808742889,0.838307525077749,100,"tags=20%, list=10%, signal=18%","25246/24786"
"GO:0006996","organelle organization",342,-0.181415649314436,-0.982904891353126,0.509090909090909,0.877707589490067,0.838636002255019,279,"tags=31%, list=29%, signal=34%","362750/298848/304017/29528/79256/65027/361466/25152/64198/64205/684097/54241/84008/114562/29219/155151/296710/64362/499529/683788/54319/114114/117103/24654/29304/170538/29423/116590/367171/361651/170916/26193/24171/117021/366988/29474/116561/29448/60324/24803/116601/60465/500450/60460/25400/25012/29340/58857/117542/116653/116657/257644/299809/64670/290408/24629/83501/59317/291145/691531/116723/24404/58814/64307/25595/122799/25059/81830/84510/246324/25485/362361/294568/293692/171574/25387/81521/29495/64159/300075/140908/24673/117550/60431/116563/24852/26194/25751/81754/29489/500249/24245/81821/293621/81818/83527/24592/501083/81661/29578/116743/192179/114764/24170/83789"
"GO:0031175","neuron projection development",156,-0.199520343803653,-0.982451186228649,0.508433734939759,0.877707589490067,0.838636002255019,112,"tags=16%, list=12%, signal=17%","64307/25595/81830/84510/65153/171140/294568/293692/171574/29495/140908/297516/117550/25751/24245/287927/81818/83527/24592/288700/59318/116743/192179/171503/117282"
"GO:0000003","reproduction",111,-0.207318398852516,-0.972468691905193,0.507317073170732,0.877707589490067,0.838636002255019,156,"tags=21%, list=16%, signal=20%","294010/299809/360616/24629/29600/291145/24479/85274/303533/362361/171574/25387/252922/54225/25751/65028/29489/24245/81666/24232/81818/29578/117282"
"GO:0022603","regulation of anatomical structure morphogenesis",99,-0.208334177887776,-0.963073768050463,0.508599508599509,0.877707589490067,0.838636002255019,144,"tags=18%, list=15%, signal=17%","64302/83501/29600/25595/25059/171574/81521/29495/140908/297516/64157/24245/24232/81818/83527/24592/24170/117282"
"GO:0006974","DNA damage response",31,-0.26356822796409,-0.952985257942722,0.508583690987124,0.877707589490067,0.838636002255019,118,"tags=23%, list=12%, signal=20%","317259/100360180/140908/114612/81821/287927/117282"
"GO:0022414","reproductive process",110,-0.208834306548049,-0.978546395792324,0.509803921568627,0.878052629502505,0.838965682640736,156,"tags=21%, list=16%, signal=20%","294010/299809/360616/24629/29600/291145/24479/85274/303533/362361/171574/25387/252922/54225/25751/65028/29489/24245/81666/24232/81818/29578/117282"
"GO:0043473","pigmentation",13,-0.33912202374557,-0.96473780412856,0.511247443762781,0.878770706548074,0.839651794131644,97,"tags=31%, list=10%, signal=28%","81830/81754/81666/24592"
"GO:0051254","positive regulation of RNA metabolic process",59,0.238900801985028,0.959550954502881,0.510869565217391,0.878770706548074,0.839651794131644,150,"tags=22%, list=16%, signal=20%","25728/85428/25344/117287/25459/63836/170851/83782/81732/65151/25630/94167/29577"
"GO:0000165","MAPK cascade",67,0.234271789122367,0.971950889131415,0.5125,0.879450909616504,0.84030171762423,199,"tags=27%, list=21%, signal=23%","363875/362245/117254/25728/29338/50646/56064/25344/25459/170851/24786/24333/171337/81504/29753/29318/84353/81683"
"GO:0050729","positive regulation of inflammatory response",10,0.372260372240734,0.938848626137327,0.512670565302144,0.879450909616504,0.84030171762423,206,"tags=50%, list=22%, signal=40%","117287/81743/29318/81683/56646"
"GO:0042176","regulation of protein catabolic process",36,0.267289625631312,0.959012014654205,0.513562386980108,0.880098905415361,0.840920867569768,75,"tags=14%, list=8%, signal=13%","298012/25728/299331/25344/117287"
"GO:0031401","positive regulation of protein modification process",49,0.249003694057986,0.969350548731381,0.51493848857645,0.880693998444438,0.841489469738475,200,"tags=29%, list=21%, signal=24%","363875/299331/50646/56064/117287/25459/24832/117030/308061/29577/116643/170923/81683/301618"
"GO:0051129","negative regulation of cellular component organization",98,-0.207319054242209,-0.958832116291505,0.514563106796116,0.880693998444438,0.841489469738475,265,"tags=30%, list=28%, signal=24%","25152/684097/29219/155151/114114/29304/170538/367171/361651/24171/29474/60460/499157/81921/257644/24404/58814/25595/84510/171574/29495/64159/140908/25751/81818/81661/29578/114764/24170"
"GO:0071705","nitrogen compound transport",238,-0.186815874162812,-0.97938503723403,0.522613065326633,0.88710594056096,0.84761598108198,100,"tags=14%, list=10%, signal=17%","25297/25272/25050/81830/246324/117559/25485/362361/293692/65042/25387/54225/300075/140908/117550/66028/116563/25751/65028/81754/114612/500249/81666/171111/293621/24592/501083/24366/288700/29578/84487/140667/192179/171503"
"GO:0010243","response to organonitrogen compound",180,0.200222681654838,0.975872986883795,0.519458544839255,0.88710594056096,0.84761598108198,176,"tags=22%, list=18%, signal=22%","363875/24936/60666/25728/299331/85428/25721/50646/24213/25246/24533/24588/25344/641434/83613/25459/65179/24786/81662/83782/81743/81732/24778/25630/24586/24401/362862/25740/25058/289144/117243/171337/29598/29577/24191/25262/29144/81504/116643/29271"
"GO:0009719","response to endogenous stimulus",222,0.194621020719064,0.975410846387587,0.523411371237458,0.88710594056096,0.84761598108198,150,"tags=19%, list=16%, signal=21%","363875/314906/24189/24936/60666/362809/25728/299331/85428/25721/50646/24213/25246/24533/56064/25344/117287/641434/83613/25459/170851/64352/65179/24786/81662/83782/81743/81732/24778/25630/365216/24401/362862/24212/25740/25058/289144/308061/117243/171337/29598/292804/29577"
"GO:0010604","positive regulation of macromolecule metabolic process",169,0.201633247564602,0.972377842747453,0.523809523809524,0.88710594056096,0.84761598108198,201,"tags=24%, list=21%, signal=23%","363875/362809/25728/299331/24943/85428/50646/25246/56064/25344/117287/25459/63836/170851/100362640/24786/24832/83782/81743/81732/65151/65171/25630/117030/24333/25058/289144/308061/94167/292804/29577/116643/25309/29271/170923/29318/84353/29374/81683/301618/65152"
"GO:0050793","regulation of developmental process",178,-0.192651517688998,-0.971768450487461,0.524630541871921,0.88710594056096,0.84761598108198,82,"tags=12%, list=9%, signal=14%","293692/171574/81521/29495/89825/54225/140908/297516/25751/64157/114612/24245/287927/81666/24232/81818/83527/24592/192179/24170/171503/117282"
"GO:0060041","retina development in camera-type eye",23,-0.286995509369999,-0.954197020046631,0.523504273504274,0.88710594056096,0.84761598108198,138,"tags=39%, list=14%, signal=34%","25473/83718/83839/24629/29600/64307/29599/24232/84487"
"GO:0072330","monocarboxylic acid biosynthetic process",22,0.296177743795336,0.95113650146332,0.522304832713755,0.88710594056096,0.84761598108198,210,"tags=27%, list=22%, signal=22%","362809/24943/117287/25630/81683/81869"
"GO:0050772","positive regulation of axonogenesis",18,0.31319099832232,0.949980725521359,0.520388349514563,0.88710594056096,0.84761598108198,91,"tags=17%, list=10%, signal=15%","25728/83613/170851"
"GO:0030308","negative regulation of cell growth",19,0.305738299392178,0.949815605160992,0.525423728813559,0.88710594056096,0.84761598108198,176,"tags=26%, list=18%, signal=22%","29409/25344/81732/24333/29271"
"GO:0045926","negative regulation of growth",19,0.305738299392178,0.949815605160992,0.525423728813559,0.88710594056096,0.84761598108198,176,"tags=26%, list=18%, signal=22%","29409/25344/81732/24333/29271"
"GO:1900180","regulation of protein localization to nucleus",19,0.305585317457066,0.949340346975918,0.525423728813559,0.88710594056096,0.84761598108198,237,"tags=42%, list=25%, signal=32%","299331/24957/117287/29374/84509/58942/25578/301252"
"GO:0055017","cardiac muscle tissue growth",11,-0.352779576974973,-0.941186374131344,0.523012552301255,0.88710594056096,0.84761598108198,59,"tags=36%, list=6%, signal=35%","304017/116590/24246/114612"
"GO:0060419","heart growth",11,-0.352779576974973,-0.941186374131344,0.523012552301255,0.88710594056096,0.84761598108198,59,"tags=36%, list=6%, signal=35%","304017/116590/24246/114612"
"GO:0014070","response to organic cyclic compound",183,0.197454311905922,0.967973922147095,0.529900332225914,0.887215328293634,0.847720499365659,263,"tags=32%, list=27%, signal=29%","245965/314906/60666/362809/25728/299331/494445/50646/25246/24533/24588/25344/117287/83613/25459/25632/170851/65179/24786/81662/24787/81743/81732/140447/24586/24401/362862/24212/25740/25058/117243/171337/29598/292804/29577/24191/25262/29271/25686/84353/84509/81683/54231/25289/56646/81869/171374/25742/301252/29177/24691/24547/65262/25023/25291/29511/29437/25416/171347"
"GO:0051146","striated muscle cell differentiation",35,-0.259848368946433,-0.964544425396944,0.526077097505669,0.887215328293634,0.847720499365659,138,"tags=51%, list=14%, signal=46%","117280/24675/360950/50686/29154/291926/29546/81634/306934/304017/84008/24629/83501/24404/58814/293692/24246/114612"
"GO:0031098","stress-activated protein kinase signaling cascade",27,0.288321489019555,0.9609932449832,0.530769230769231,0.887215328293634,0.847720499365659,91,"tags=19%, list=10%, signal=17%","362245/117254/50646/25459/170851"
"GO:0009967","positive regulation of signal transduction",111,-0.204812236854774,-0.960713034456861,0.531707317073171,0.887215328293634,0.847720499365659,173,"tags=23%, list=18%, signal=22%","25400/24412/29340/58857/117542/29258/29337/24615/24629/83501/24404/58814/25297/65153/294568/25387/122772/315648/29495/24246/66028/24245/24232/293621/24592/24366"
"GO:0031668","cellular response to extracellular stimulus",29,0.281270577330363,0.958461598472982,0.526717557251908,0.887215328293634,0.847720499365659,218,"tags=31%, list=23%, signal=25%","362245/24957/24533/24186/24778/29598/25045/84353/25578"
"GO:0106027","neuron projection organization",26,-0.2773748190431,-0.950516369562159,0.531645569620253,0.887215328293634,0.847720499365659,81,"tags=42%, list=8%, signal=40%","29546/25152/171039/114114/60465/117542/171574/29495/140908/24245/83527"
"GO:0060291","long-term synaptic potentiation",23,-0.285591831217536,-0.949530098556727,0.527777777777778,0.887215328293634,0.847720499365659,40,"tags=43%, list=4%, signal=43%","29219/83839/116590/24803/25012/24412/24245/24592/25679/117282"
"GO:0007613","memory",19,-0.298513774003319,-0.947693134316171,0.530785562632696,0.887215328293634,0.847720499365659,270,"tags=58%, list=28%, signal=42%","25085/65027/25152/24654/83839/25012/79212/360616/25050/50592/25679"
"GO:0019058","viral life cycle",23,0.293249375659655,0.946388342706776,0.528089887640449,0.887215328293634,0.847720499365659,206,"tags=35%, list=22%, signal=28%","29564/25728/25246/25344/25506/116643/361967/56646"
"GO:0002218","activation of innate immune response",18,0.311708678403595,0.945484506411012,0.530097087378641,0.887215328293634,0.847720499365659,83,"tags=17%, list=9%, signal=16%","299331/25344/25459"
"GO:0006633","fatty acid biosynthetic process",16,0.321048743529003,0.93774062834186,0.531128404669261,0.887215328293634,0.847720499365659,36,"tags=12%, list=4%, signal=12%","362809/24943"
"GO:0098813","nuclear chromosome segregation",16,-0.309609041904303,-0.933671903665978,0.530737704918033,0.887215328293634,0.847720499365659,150,"tags=25%, list=16%, signal=21%","257644/81830/29489/114764"
"GO:0034329","cell junction assembly",49,-0.240325833863592,-0.959470046450944,0.533487297921478,0.889318650478647,0.849730191123842,81,"tags=39%, list=8%, signal=37%","84008/29219/683788/29304/29423/24171/60465/25012/83501/60377/171574/29495/140908/287927/83527/50592/501083/59318/192179"
"GO:0032989","cellular component morphogenesis",117,0.2113812276802,0.964284018529783,0.534686971235195,0.889543958432525,0.849945469382774,110,"tags=15%, list=11%, signal=16%","363875/314906/24936/252892/25393/25728/299331/25246/24588/29409/56064/116690/83613/50568/170851/29545/24832/81732"
"GO:0050773","regulation of dendrite development",22,-0.289307810748638,-0.951785858504783,0.53448275862069,0.889543958432525,0.849945469382774,68,"tags=41%, list=7%, signal=39%","50686/25613/25132/83572/114114/117542/29495/24245/83527"
"GO:0007188","adenylate cyclase-modulating G protein-coupled receptor signaling pathway",20,-0.292016224433424,-0.944270885787238,0.535181236673774,0.889543958432525,0.849945469382774,128,"tags=35%, list=13%, signal=31%","81664/303634/29600/25387/286924/81666/24611"
"GO:0007610","behavior",101,-0.2047770871112,-0.950871728837599,0.536585365853659,0.890237032543225,0.85060769095682,236,"tags=29%, list=25%, signal=24%","499529/29651/24654/83839/24898/170714/29237/60324/25012/24412/29340/79212/360616/295645/117520/58814/25272/25050/171574/29495/140908/66028/170630/81666/50592/24592/25679/59318/81661"
"GO:0002429","immune response-activating cell surface receptor signaling pathway",17,-0.306614527651294,-0.950306093595982,0.537678207739308,0.890237032543225,0.85060769095682,231,"tags=41%, list=24%, signal=32%","54319/116590/29340/29337/25297/81821/293621"
"GO:0002768","immune response-regulating cell surface receptor signaling pathway",17,-0.306614527651294,-0.950306093595982,0.537678207739308,0.890237032543225,0.85060769095682,231,"tags=41%, list=24%, signal=32%","54319/116590/29340/29337/25297/81821/293621"
"GO:0048488","synaptic vesicle endocytosis",36,-0.25190680541309,-0.947787485867034,0.536748329621381,0.890237032543225,0.85060769095682,252,"tags=36%, list=26%, signal=28%","54241/29219/54309/114114/140670/116561/24803/81921/171574/140908/116563/25751/116743"
"GO:0006955","immune response",86,-0.211771665994225,-0.959753271533695,0.538461538461538,0.890672612411743,0.851023880772164,249,"tags=33%, list=26%, signal=26%","114562/29219/155151/499529/54319/29304/170538/116590/361677/24803/29150/25400/29340/116657/29337/25319/24404/317259/25297/25050/117550/500249/81821/24232/293621/81818/83527/24366"
"GO:0044249","cellular biosynthetic process",389,0.186294867022706,0.974157170083536,0.545023696682464,0.891129627339845,0.85146055145482,150,"tags=17%, list=16%, signal=24%","363875/291159/245965/690660/25368/24189/85383/294362/362809/25728/171375/299331/56011/298942/24943/24440/293508/85428/291450/494445/25721/24957/171155/79563/50646/25246/64156/56064/81654/25344/117287/24923/641434/289950/25459/63836/60449/25650/170851/117042/100362640/24786/81768/83782/25506/24787/81743/81732/308650/140447/65151/65171/25630/24799/24401/362862/117030/24333/298410/25058/94167/117243/114101/29598/292804/29577"
"GO:0006259","DNA metabolic process",51,0.243285182128159,0.952616210252666,0.540687160940326,0.891129627339845,0.85146055145482,272,"tags=41%, list=28%, signal=31%","363875/298012/362809/299331/50646/25344/117287/25459/289144/116643/84353/29374/29384/301252/64465/116725/140654/25291/24438/24681/191575"
"GO:0048514","blood vessel morphogenesis",43,-0.243896874760895,-0.950428627297487,0.540229885057471,0.891129627339845,0.85146055145482,138,"tags=23%, list=14%, signal=21%","24629/83501/29600/24404/25059/54225/64157/24232/24592/24170"
"GO:0031647","regulation of protein stability",35,0.265363648752948,0.94811691792782,0.545454545454545,0.891129627339845,0.85146055145482,89,"tags=14%, list=9%, signal=13%","362809/299331/25344/117287/25650"
"GO:0051235","maintenance of location",44,0.24973678248256,0.946209686898489,0.544658493870403,0.891129627339845,0.85146055145482,165,"tags=27%, list=17%, signal=24%","85383/25728/56011/50646/24186/117287/24832/287280/25058/114101/25262/25045"
"GO:0032886","regulation of microtubule-based process",28,-0.266294160139775,-0.942208241193606,0.539748953974895,0.891129627339845,0.85146055145482,340,"tags=54%, list=36%, signal=36%","29332/83572/116554/29456/306934/298848/361466/25152/54241/29219/25595/84510/29489/501083/114764"
"GO:0015850","organic hydroxy compound transport",29,-0.263578928130053,-0.941768475958049,0.54602510460251,0.891129627339845,0.85146055145482,266,"tags=38%, list=28%, signal=28%","308100/25750/29219/54309/24898/58857/116723/81830/54225/60431/192179"
"GO:0045089","positive regulation of innate immune response",21,0.296944694532095,0.935596269361813,0.542857142857143,0.891129627339845,0.85146055145482,83,"tags=14%, list=9%, signal=13%","299331/25344/25459"
"GO:0042982","amyloid precursor protein metabolic process",10,0.368698298787696,0.929865000651073,0.541910331384016,0.891129627339845,0.85146055145482,30,"tags=10%, list=3%, signal=10%","25728"
"GO:0042987","amyloid precursor protein catabolic process",10,0.368698298787696,0.929865000651073,0.541910331384016,0.891129627339845,0.85146055145482,30,"tags=10%, list=3%, signal=10%","25728"
"GO:1902991","regulation of amyloid precursor protein catabolic process",10,0.368698298787696,0.929865000651073,0.541910331384016,0.891129627339845,0.85146055145482,30,"tags=10%, list=3%, signal=10%","25728"
"GO:2000058","regulation of ubiquitin-dependent protein catabolic process",16,0.31703312858719,0.92601155182431,0.544747081712062,0.891129627339845,0.85146055145482,75,"tags=19%, list=8%, signal=18%","298012/50646/117287"
"GO:0006639","acylglycerol metabolic process",11,-0.346457694360068,-0.924320120628159,0.54602510460251,0.891129627339845,0.85146055145482,119,"tags=36%, list=12%, signal=32%","24404/54225/81821/24232"
"GO:0048762","mesenchymal cell differentiation",15,0.320598873410811,0.916517728378382,0.54296875,0.891129627339845,0.85146055145482,242,"tags=40%, list=25%, signal=30%","24586/308061/29577/29271/84353/64465"
"GO:0070374","positive regulation of ERK1 and ERK2 cascade",21,0.295002645624605,0.929477373330924,0.546666666666667,0.891326984126984,0.851649122807017,199,"tags=43%, list=21%, signal=35%","25728/50646/56064/25344/25459/170851/171337/29318/81683"
"GO:0065008","regulation of biological quality",370,-0.179766153083066,-0.978342538881392,0.547619047619048,0.892030265959857,0.852321097701437,254,"tags=29%, list=27%, signal=35%","83718/117558/84008/114562/29219/155151/54309/296710/24520/171039/116655/292023/499529/309111/54319/114114/117103/24654/83839/170538/24898/81664/116590/303634/361651/140670/24171/117021/29237/287444/116561/116509/29448/60324/29629/81633/24803/60465/25400/25012/24412/29340/79212/117542/29258/116657/29738/299809/29337/64302/360616/290408/83501/295645/83764/116493/29600/24404/58814/689560/60377/116600/25595/25059/25297/25272/81830/65153/117559/171140/171574/25387/81521/29495/64159/140908/117550/24246/60431/66028/116563/25751/170630/81754/64157/24245/287927/81666/293621/81818/83527/50592/24592/501083/24366/25679/553106/59318/29578/84487/116743/140667/192179/24170/24611/171503/117282"
"GO:0002460","adaptive immune response based on somatic recombination of immune receptors built from immunoglobulin superfamily domains",12,-0.334625228713343,-0.931919693223895,0.549382716049383,0.894052480871239,0.854253292716371,36,"tags=17%, list=4%, signal=16%","24232/293621"
"GO:1901362","organic cyclic compound biosynthetic process",178,0.197943623148797,0.966899786995041,0.553691275167785,0.895954123900991,0.856070283166589,110,"tags=14%, list=11%, signal=15%","245965/690660/25368/24189/362809/25728/171375/299331/56011/298942/85428/50646/81654/25344/117287/641434/289950/25459/63836/170851/24786/83782/24787/81743/81732"
"GO:0050769","positive regulation of neurogenesis",43,0.248393346498019,0.933441473023434,0.552028218694885,0.895954123900991,0.856070283166589,157,"tags=21%, list=16%, signal=18%","25393/25728/29409/56064/83613/170851/81732/29577/85238"
"GO:0071347","cellular response to interleukin-1",19,0.298937778147306,0.928688905580176,0.551789077212806,0.895954123900991,0.856070283166589,176,"tags=26%, list=18%, signal=22%","25728/25459/81732/29577/29271"
"GO:0022406","membrane docking",30,-0.257458190036721,-0.924828478079946,0.552238805970149,0.895954123900991,0.856070283166589,262,"tags=33%, list=27%, signal=25%","684097/54319/117103/29448/24803/25400/58857/116657/81521/60431"
"GO:0010257","NADH dehydrogenase complex assembly",11,0.349298828058262,0.908209233675113,0.553435114503817,0.895954123900991,0.856070283166589,155,"tags=27%, list=16%, signal=23%","289218/316632/301458"
"GO:0032981","mitochondrial respiratory chain complex I assembly",11,0.349298828058262,0.908209233675113,0.553435114503817,0.895954123900991,0.856070283166589,155,"tags=27%, list=16%, signal=23%","289218/316632/301458"
"GO:0016310","phosphorylation",103,-0.204278217700859,-0.949724649383209,0.555012224938875,0.897243559107983,0.857302318527918,183,"tags=25%, list=19%, signal=23%","361677/60460/25400/29340/310192/29562/24689/29337/83578/24629/29600/116723/25059/25272/25050/171140/25387/24651/140908/24246/24245/81821/24232/293621/116743/171503"
"GO:0010647","positive regulation of cell communication",146,-0.197377976546925,-0.966282315728216,0.556354916067146,0.898565675761278,0.858565580504812,185,"tags=24%, list=19%, signal=23%","29629/81633/24803/25400/25012/24412/29340/58857/117542/29258/29337/24615/24629/83501/24404/58814/25297/65153/294568/25387/122772/315648/29495/117550/24246/66028/24245/81666/24232/293621/50592/24592/24366/25679/117282"
"GO:1904951","positive regulation of establishment of protein localization",56,-0.222750896599653,-0.936904099236281,0.559210526315789,0.900066257598018,0.859999363199287,239,"tags=32%, list=25%, signal=26%","116655/114114/24654/170538/116590/24803/25012/29340/299809/25297/25050/25387/140908/117550/81666/293621/24366/171503"
"GO:0008088","axo-dendritic transport",19,-0.2919199579593,-0.926759714360173,0.558386411889597,0.900066257598018,0.859999363199287,134,"tags=32%, list=14%, signal=28%","83764/25595/294568/117550/29489/140667"
"GO:0070527","platelet aggregation",14,0.319866532389494,0.90844362708373,0.559386973180077,0.900066257598018,0.859999363199287,37,"tags=14%, list=4%, signal=14%","24936/24440"
"GO:0031100","animal organ regeneration",14,0.3197293612427,0.908054051302877,0.559386973180077,0.900066257598018,0.859999363199287,164,"tags=36%, list=17%, signal=30%","25344/25630/24586/24191/25262"
"GO:0009058","biosynthetic process",402,0.18389345322423,0.967241994951216,0.567026194144838,0.901277058237479,0.86115626444973,150,"tags=17%, list=16%, signal=25%","363875/291159/245965/690660/25368/24189/85383/294362/60666/362809/25728/171375/299331/56011/298942/24943/24440/293508/85428/291450/494445/25721/24957/171155/79563/50646/25246/64156/56064/81654/25344/117287/24923/641434/289950/25459/63836/60449/25650/170851/117042/100362640/24786/81768/83782/25506/24787/81743/81732/308650/140447/65151/65171/81829/25630/24799/24401/362862/117030/24333/298410/25058/94167/117243/114101/29598/292804/29577"
"GO:0002376","immune system process",145,0.203617359592129,0.961400486628294,0.570945945945946,0.901277058237479,0.86115626444973,218,"tags=27%, list=23%, signal=24%","363875/25368/24936/117254/25728/299331/24440/25407/29338/50646/25246/25344/299923/117287/25459/25632/25650/170851/24786/81768/24832/83782/81732/25058/292804/29577/29443/81504/64627/29318/298682/84353/81683/54231/24829/56646/266759/58942/25578"
"GO:0031399","regulation of protein modification process",81,0.223190067924987,0.955852972596472,0.563884156729131,0.901277058237479,0.86115626444973,200,"tags=26%, list=21%, signal=22%","363875/299331/56011/24440/50646/56064/117287/25459/65179/24832/365216/117030/308061/29577/25045/116643/170923/29753/84353/81683/301618"
"GO:0016049","cell growth",62,-0.219360592849299,-0.943284552575024,0.5635103926097,0.901277058237479,0.86115626444973,83,"tags=15%, list=9%, signal=14%","294568/140908/297516/24246/25751/114612/83527/116743/117282"
"GO:0080135","regulation of cellular response to stress",50,-0.2337515897745,-0.942650809444461,0.570135746606335,0.901277058237479,0.86115626444973,57,"tags=14%, list=6%, signal=14%","66028/65028/64157/114612/287927/293621/117282"
"GO:0071375","cellular response to peptide hormone stimulus",49,-0.236014121613579,-0.942256088690787,0.570438799076212,0.901277058237479,0.86115626444973,226,"tags=33%, list=24%, signal=26%","117103/24654/170538/81664/116590/170916/24803/25400/116723/317259/246324/24651/89825/293621/50592/117282"
"GO:1902850","microtubule cytoskeleton organization involved in mitosis",18,-0.298870998767301,-0.941254892286665,0.564681724845996,0.901277058237479,0.86115626444973,97,"tags=44%, list=10%, signal=41%","29332/83572/306934/54241/367171/81830/29489/114764"
"GO:0003015","heart process",35,0.262663144550608,0.938468295242663,0.566844919786096,0.901277058237479,0.86115626444973,133,"tags=17%, list=14%, signal=15%","363875/299331/24213/25650/24786/24212"
"GO:0022604","regulation of cell morphogenesis",43,-0.240661316985517,-0.9378201560409,0.560919540229885,0.901277058237479,0.86115626444973,70,"tags=14%, list=7%, signal=14%","81521/29495/297516/24245/83527/117282"
"GO:0014706","striated muscle tissue development",27,-0.269163134083538,-0.937687944568755,0.562240663900415,0.901277058237479,0.86115626444973,276,"tags=33%, list=29%, signal=24%","291926/304017/117558/116590/81728/24629/689560/24246/114612"
"GO:0048738","cardiac muscle tissue development",27,-0.269163134083538,-0.937687944568755,0.562240663900415,0.901277058237479,0.86115626444973,276,"tags=33%, list=29%, signal=24%","291926/304017/117558/116590/81728/24629/689560/24246/114612"
"GO:0022613","ribonucleoprotein complex biogenesis",31,0.270635685931602,0.936112542168187,0.563432835820896,0.901277058237479,0.86115626444973,99,"tags=19%, list=10%, signal=18%","85383/362809/299331/24957/117042/100362640"
"GO:0051651","maintenance of location in cell",39,0.25275385287736,0.931597646710951,0.56695652173913,0.901277058237479,0.86115626444973,165,"tags=26%, list=17%, signal=22%","85383/25728/50646/24186/117287/24832/287280/25058/25262/25045"
"GO:0051222","positive regulation of protein transport",51,-0.228384169284162,-0.92980675024087,0.570155902004454,0.901277058237479,0.86115626444973,239,"tags=33%, list=25%, signal=26%","116655/114114/24654/170538/116590/24803/25012/29340/25297/25050/25387/140908/117550/81666/293621/24366/171503"
"GO:0070555","response to interleukin-1",21,0.289611736055494,0.912492005435145,0.571428571428571,0.901277058237479,0.86115626444973,192,"tags=29%, list=20%, signal=23%","25728/25459/81732/29577/29271/85333"
"GO:0051966","regulation of synaptic transmission, glutamatergic",16,-0.301787771104981,-0.910085703626808,0.57172131147541,0.901277058237479,0.86115626444973,185,"tags=31%, list=19%, signal=26%","29629/24412/83501/140908/81821"
"GO:0043525","positive regulation of neuron apoptotic process",10,-0.34819374153535,-0.908168940848624,0.568507157464213,0.901277058237479,0.86115626444973,63,"tags=20%, list=7%, signal=19%","140908/24592"
"GO:0014013","regulation of gliogenesis",14,0.317869780346686,0.902772709733908,0.565134099616858,0.901277058237479,0.86115626444973,235,"tags=43%, list=25%, signal=33%","29409/81732/29577/85238/84353/361596"
"GO:0010508","positive regulation of autophagy",12,0.336393322886833,0.90242103399729,0.563953488372093,0.901277058237479,0.86115626444973,192,"tags=33%, list=20%, signal=27%","25459/170851/64189/85333"
"GO:0002221","pattern recognition receptor signaling pathway",13,0.324216748497531,0.897678150180006,0.569200779727095,0.901277058237479,0.86115626444973,83,"tags=15%, list=9%, signal=14%","25344/25459"
"GO:0002758","innate immune response-activating signaling pathway",13,0.324216748497531,0.897678150180006,0.569200779727095,0.901277058237479,0.86115626444973,83,"tags=15%, list=9%, signal=14%","25344/25459"
"GO:1990806","ligand-gated ion channel signaling pathway",13,0.323896899960772,0.89679256655687,0.571150097465887,0.901277058237479,0.86115626444973,164,"tags=38%, list=17%, signal=32%","24943/50646/24213/81662/25262"
"GO:1903533","regulation of protein targeting",13,-0.323597359634501,-0.920573080767559,0.572597137014315,0.901788785689714,0.861645212101461,100,"tags=23%, list=10%, signal=21%","25297/140908/293621"
"GO:0001906","cell killing",13,0.322409765046415,0.892675047874769,0.573099415204678,0.901788785689714,0.861645212101461,38,"tags=15%, list=4%, signal=15%","117254/25407"
"GO:0045927","positive regulation of growth",37,-0.245918656271165,-0.927895737994027,0.574370709382151,0.90295927866138,0.862763599999867,62,"tags=14%, list=6%, signal=13%","297516/114612/24232/83527/117282"
"GO:0001504","neurotransmitter uptake",14,-0.314818938240941,-0.917578616594284,0.575,0.903119266055046,0.862916465475616,248,"tags=50%, list=26%, signal=38%","29219/24898/116509/79212/66028/84487/192179"
"GO:1903008","organelle disassembly",16,-0.301412438545447,-0.908953832725326,0.575819672131147,0.903577707322204,0.863354499003139,249,"tags=44%, list=26%, signal=33%","114562/114114/367171/60465/64670/25059/117550"
"GO:0010557","positive regulation of macromolecule biosynthetic process",127,0.206190256001927,0.953939559527247,0.581755593803787,0.90517302818804,0.864878803371996,150,"tags=20%, list=16%, signal=19%","362809/25728/299331/24943/85428/50646/25246/25344/117287/25459/63836/170851/100362640/24786/83782/81743/81732/65171/25630/117030/24333/25058/94167/292804/29577"
"GO:0048812","neuron projection morphogenesis",102,0.210419597359665,0.942969877109896,0.579661016949153,0.90517302818804,0.864878803371996,146,"tags=19%, list=15%, signal=18%","363875/314906/252892/25393/25728/299331/25246/24588/29409/56064/116690/83613/170851/29545/24832/81732/24586/306439/29704"
"GO:0007276","gamete generation",49,0.240647686379144,0.936821309920962,0.581722319859402,0.90517302818804,0.864878803371996,114,"tags=18%, list=12%, signal=17%","298012/298942/50646/25246/117287/29545/24786/81732/64189"
"GO:0099072","regulation of postsynaptic membrane neurotransmitter receptor levels",29,0.274257000233029,0.934562033934351,0.580152671755725,0.90517302818804,0.864878803371996,179,"tags=34%, list=19%, signal=29%","252892/311848/299331/24923/65046/64633/170851/29704/85238/29753"
"GO:0120032","regulation of plasma membrane bounded cell projection assembly",32,0.26691515162736,0.929598207277078,0.583180987202925,0.90517302818804,0.864878803371996,242,"tags=31%, list=25%, signal=24%","363875/299331/85428/64633/81732/306439/29271/29662/64551/64465"
"GO:0031329","regulation of cellular catabolic process",36,0.258957544107114,0.92911722816591,0.578661844484629,0.90517302818804,0.864878803371996,115,"tags=19%, list=12%, signal=18%","294362/60666/25728/25459/170851/64189/65151"
"GO:0007169","transmembrane receptor protein tyrosine kinase signaling pathway",40,0.246561986607134,0.919230323389109,0.5801393728223,0.90517302818804,0.864878803371996,168,"tags=20%, list=18%, signal=17%","363875/85428/50646/56064/170851/365216/308061/81504"
"GO:0046785","microtubule polymerization",17,-0.293921839336197,-0.910966995274884,0.582484725050917,0.90517302818804,0.864878803371996,340,"tags=59%, list=36%, signal=39%","29332/116554/29456/298848/361466/29219/367171/25595/84510/114764"
"GO:0010657","muscle cell apoptotic process",17,0.304292514554116,0.910123463925454,0.583170254403131,0.90517302818804,0.864878803371996,108,"tags=24%, list=11%, signal=21%","85383/299331/50646/24787"
"GO:0007006","mitochondrial membrane organization",22,0.282639437450995,0.907659982373507,0.578066914498141,0.90517302818804,0.864878803371996,212,"tags=32%, list=22%, signal=25%","85383/299331/171139/25275/85333/83531/266759"
"GO:0050771","negative regulation of axonogenesis",10,0.359471231379237,0.906594139163547,0.580896686159844,0.90517302818804,0.864878803371996,110,"tags=30%, list=11%, signal=27%","29409/24832/81732"
"GO:0000070","mitotic sister chromatid segregation",11,-0.33976757009949,-0.906471429246152,0.581589958158996,0.90517302818804,0.864878803371996,283,"tags=45%, list=30%, signal=32%","306934/54241/257644/81830/114764"
"GO:0048729","tissue morphogenesis",43,0.244950851658643,0.920504864619681,0.583774250440917,0.90521662806806,0.864920462381804,202,"tags=21%, list=21%, signal=17%","363875/293508/25246/292804/29577/81504/29271/84353/54231"
"GO:0070542","response to fatty acid",10,0.358349564522496,0.903765271344241,0.584795321637427,0.90521662806806,0.864920462381804,272,"tags=50%, list=28%, signal=36%","65179/83782/29577/24547/191575"
"GO:0032024","positive regulation of insulin secretion",18,0.296056298525851,0.898007218519449,0.584466019417476,0.90521662806806,0.864920462381804,201,"tags=33%, list=21%, signal=27%","363875/24957/81662/24399/25262/65152"
"GO:0007254","JNK cascade",14,0.312392063162958,0.887215604620874,0.586206896551724,0.906581939382612,0.866224996188256,83,"tags=21%, list=9%, signal=20%","362245/50646/25459"
"GO:0034976","response to endoplasmic reticulum stress",25,0.273420308174842,0.90004630012856,0.588345864661654,0.909068700632448,0.868601058031741,172,"tags=32%, list=18%, signal=27%","117287/25506/65171/362862/117030/25262/29144/116643"
"GO:0006936","muscle contraction",42,0.247438581824975,0.920817411499473,0.590747330960854,0.910707021622408,0.87016644835294,148,"tags=21%, list=15%, signal=19%","24189/299331/24213/25650/170851/24786/24212/24333/29598"
"GO:0031644","regulation of nervous system process",22,-0.277109529723835,-0.911655067194891,0.59051724137931,0.910707021622408,0.87016644835294,167,"tags=27%, list=17%, signal=23%","24412/117542/25297/29495/170630/117282"
"GO:0045744","negative regulation of G protein-coupled receptor signaling pathway",10,-0.342296193905415,-0.892786787335282,0.591002044989775,0.910707021622408,0.87016644835294,248,"tags=50%, list=26%, signal=37%","29219/81664/29600/25387/25751"
"GO:0072524","pyridine-containing compound metabolic process",26,0.270147035989082,0.899988525395171,0.59280303030303,0.912660780466536,0.872033234656294,235,"tags=42%, list=25%, signal=33%","60666/24534/24533/24551/81829/64524/116643/114096/24642/29384/361596"
"GO:0048522","positive regulation of cellular process",402,-0.177767475327465,-0.96169640460101,0.597733711048159,0.912848531433181,0.872212627795846,188,"tags=21%, list=20%, signal=29%","29448/60324/29629/81633/24803/116601/60465/60460/287830/25400/25012/24412/29340/58857/499157/81921/117542/29258/299809/29337/24615/64302/24629/83501/83764/140661/29600/291145/116723/24404/58814/689560/116600/25595/25297/25050/81830/84510/65153/246324/362361/294568/293692/171574/25387/122772/315648/81521/29495/89825/54225/300075/140908/297516/117550/24246/66028/116563/25751/65028/81754/29489/64157/114612/24245/287927/81666/24232/293621/81818/83527/50592/24592/501083/24366/25679/59318/29578/25600/116743/114764/24170/171503/117282"
"GO:0023056","positive regulation of signaling",148,-0.194398161727932,-0.95334449954543,0.59478672985782,0.912848531433181,0.872212627795846,185,"tags=24%, list=19%, signal=23%","29629/81633/24803/25400/25012/24412/29340/58857/117542/29258/29337/24615/24629/83501/24404/58814/25297/65153/294568/25387/122772/315648/29495/117550/24246/66028/24245/81666/24232/293621/50592/24592/24366/25679/117282"
"GO:0120039","plasma membrane bounded cell projection morphogenesis",103,0.206816546476016,0.930388382744478,0.596964586846543,0.912848531433181,0.872212627795846,146,"tags=18%, list=15%, signal=18%","363875/314906/252892/25393/25728/299331/25246/24588/29409/56064/116690/83613/170851/29545/24832/81732/24586/306439/29704"
"GO:0007626","locomotory behavior",46,-0.232661521361012,-0.915057112266376,0.6,0.912848531433181,0.872212627795846,248,"tags=48%, list=26%, signal=37%","361675/83572/64532/25017/25085/29411/29219/499529/83839/24898/29237/25012/24412/29340/360616/295645/117520/25272/29495/170630/59318/81661"
"GO:0032271","regulation of protein polymerization",48,-0.22952615433384,-0.914733592948252,0.594104308390023,0.912848531433181,0.872212627795846,277,"tags=35%, list=29%, signal=26%","298848/361466/29219/155151/296710/170538/24171/60465/29340/117542/58814/25595/84510/64159/83527/114764/24170"
"GO:0048660","regulation of smooth muscle cell proliferation",21,-0.277352706813467,-0.908248219947309,0.59958071278826,0.912848531433181,0.872212627795846,59,"tags=33%, list=6%, signal=32%","81664/303634/24629/24246/114612/81666/24592"
"GO:0045861","negative regulation of proteolysis",14,-0.309174078054978,-0.901125975500819,0.6,0.912848531433181,0.872212627795846,265,"tags=50%, list=28%, signal=37%","25152/24648/499157/29258/64670/29345/140908"
"GO:0050714","positive regulation of protein secretion",25,0.271939282672811,0.895171053178555,0.593984962406015,0.912848531433181,0.872212627795846,201,"tags=32%, list=21%, signal=26%","363875/24957/25246/81662/24399/25262/361967/65152"
"GO:0009267","cellular response to starvation",19,0.287762439196187,0.893971268470798,0.598870056497175,0.912848531433181,0.872212627795846,117,"tags=21%, list=12%, signal=19%","362245/24957/24186/24778"
"GO:0031669","cellular response to nutrient levels",25,0.271517779527178,0.893783547073936,0.597744360902256,0.912848531433181,0.872212627795846,218,"tags=32%, list=23%, signal=25%","362245/24957/24186/24778/29598/25045/84353/25578"
"GO:0022618","protein-RNA complex assembly",18,0.293921941540156,0.891533220196849,0.596116504854369,0.912848531433181,0.872212627795846,94,"tags=22%, list=10%, signal=20%","85383/362809/299331/117042"
"GO:0002526","acute inflammatory response",10,-0.339963441415382,-0.886702435132989,0.59918200408998,0.912848531433181,0.872212627795846,36,"tags=60%, list=4%, signal=58%","291926/497794/24648/24464/24232/117282"
"GO:0007215","glutamate receptor signaling pathway",12,0.328334455637307,0.880802021902302,0.596899224806202,0.912848531433181,0.872212627795846,55,"tags=25%, list=6%, signal=24%","24943/50646/24213"
"GO:0098930","axonal transport",13,0.313374583727709,0.86765880522135,0.600389863547758,0.912848531433181,0.872212627795846,100,"tags=31%, list=10%, signal=28%","314906/83613/29545/24786"
"GO:0042692","muscle cell differentiation",49,-0.229747925303291,-0.91723910417336,0.602771362586605,0.914034165410335,0.873345482690396,138,"tags=18%, list=14%, signal=17%","24629/83501/24404/58814/293692/24246/114612/24232/171503"
"GO:1904950","negative regulation of establishment of protein localization",21,0.283124926462076,0.89205373875648,0.601904761904762,0.914034165410335,0.873345482690396,136,"tags=24%, list=14%, signal=21%","85383/25728/117287/117030/25740"
"GO:0006575","cellular modified amino acid metabolic process",12,0.327364478241637,0.878199925056732,0.602713178294574,0.914034165410335,0.873345482690396,159,"tags=25%, list=17%, signal=21%","291450/117287/29443"
"GO:0048731","system development",366,-0.177052402893803,-0.961978920267393,0.604712041884817,0.914997310992862,0.874265753371192,120,"tags=14%, list=13%, signal=21%","29345/24404/689560/64307/29599/25595/24479/25391/25059/81830/84510/85274/65153/25062/303533/171140/25485/362361/294568/293692/171574/25387/29495/89825/54225/140908/297516/117550/24246/29731/25751/64157/114612/24245/287927/81666/24232/171111/293621/81818/83527/50592/24592/288700/59318/29578/84487/116743/192179/64192/24170/171503/117282"
"GO:0055082","intracellular chemical homeostasis",104,0.208423600135795,0.939245542461158,0.604340567612688,0.914997310992862,0.874265753371192,215,"tags=28%, list=22%, signal=24%","363875/85383/50676/25728/24957/50646/24213/56064/25650/117059/24786/24832/83782/24787/140447/117556/24212/25058/29598/25262/25045/29753/65152/54231/56646/81869/24398/58942/171374"
"GO:0045935","positive regulation of nucleobase-containing compound metabolic process",82,0.215990376340007,0.927414351797236,0.609797297297297,0.914997310992862,0.874265753371192,150,"tags=21%, list=16%, signal=19%","363875/25728/85428/50646/25344/117287/25459/63836/170851/83782/81732/65151/25630/24333/289144/94167/29577"
"GO:0098771","inorganic ion homeostasis",68,-0.208679374752474,-0.922861794159514,0.608407079646018,0.914997310992862,0.874265753371192,186,"tags=26%, list=19%, signal=23%","60324/116601/29340/29337/25319/29600/689560/116600/29599/25391/65153/117559/140908/24246/60431/50592/25679/84487"
"GO:0045944","positive regulation of transcription by RNA polymerase II",38,0.250147729175016,0.913105585783532,0.606382978723404,0.914997310992862,0.874265753371192,150,"tags=24%, list=16%, signal=21%","85428/117287/25459/63836/170851/83782/81732/25630/29577"
"GO:0032446","protein modification by small protein conjugation",35,-0.245010045212995,-0.909465294066035,0.609977324263039,0.914997310992862,0.874265753371192,90,"tags=17%, list=9%, signal=16%","303533/25387/140908/65028/287927/50522"
"GO:0007346","regulation of mitotic cell cycle",21,-0.27609873199358,-0.904141822677541,0.607966457023061,0.914997310992862,0.874265753371192,176,"tags=33%, list=18%, signal=28%","24654/60460/257644/24629/81830/24246/81821"
"GO:0071824","protein-DNA complex organization",28,0.268557277800186,0.902589370220738,0.608778625954199,0.914997310992862,0.874265753371192,270,"tags=43%, list=28%, signal=32%","291159/25344/25459/287280/64627/24829/29384/25023/286897/29511/24438/29222"
"GO:0031396","regulation of protein ubiquitination",20,-0.278936608836694,-0.901976317294533,0.605543710021322,0.914997310992862,0.874265753371192,79,"tags=20%, list=8%, signal=19%","25387/140908/65028/287927"
"GO:0043409","negative regulation of MAPK cascade",12,-0.3231274411069,-0.899898752244191,0.611111111111111,0.914997310992862,0.874265753371192,79,"tags=25%, list=8%, signal=23%","54319/25387/24592"
"GO:0006638","neutral lipid metabolic process",12,-0.322943323366806,-0.899385990703391,0.611111111111111,0.914997310992862,0.874265753371192,119,"tags=33%, list=12%, signal=30%","24404/54225/81821/24232"
"GO:0016331","morphogenesis of embryonic epithelium",10,0.349670710987717,0.881877016979348,0.612085769980507,0.914997310992862,0.874265753371192,195,"tags=30%, list=20%, signal=24%","293508/29271/84353"
"GO:0050848","regulation of calcium-mediated signaling",11,0.338099923991365,0.879091048145729,0.612595419847328,0.914997310992862,0.874265753371192,164,"tags=36%, list=17%, signal=30%","690660/140447/24586/25262"
"GO:0097581","lamellipodium organization",16,0.299839831623725,0.875792220888565,0.61284046692607,0.914997310992862,0.874265753371192,110,"tags=19%, list=11%, signal=17%","363875/299331/81732"
"GO:0002520","immune system development",12,0.32519461699159,0.872378975888971,0.606589147286822,0.914997310992862,0.874265753371192,214,"tags=50%, list=22%, signal=39%","29338/25459/170851/29577/84353/58942"
"GO:0021954","central nervous system neuron development",12,0.324748485950473,0.871182168437598,0.608527131782946,0.914997310992862,0.874265753371192,32,"tags=17%, list=3%, signal=16%","363875/299331"
"GO:0065004","protein-DNA complex assembly",14,0.305768447766706,0.868404067352411,0.609195402298851,0.914997310992862,0.874265753371192,221,"tags=36%, list=23%, signal=28%","291159/25459/64627/24829/29384"
"GO:0051279","regulation of release of sequestered calcium ion into cytosol",14,0.304456166652595,0.864677095961716,0.613026819923372,0.914997310992862,0.874265753371192,210,"tags=36%, list=22%, signal=28%","85383/50646/24832/25045/81869"
"GO:0030182","neuron differentiation",184,-0.18867452453864,-0.955452817024973,0.614035087719298,0.915372466438537,0.874624208586747,97,"tags=14%, list=10%, signal=15%","81830/84510/65153/171140/294568/293692/171574/29495/140908/297516/117550/25751/24245/287927/81666/24232/81818/83527/24592/288700/59318/116743/192179/171503/117282"
"GO:0070887","cellular response to chemical stimulus",313,0.182592853328545,0.944631764417352,0.619741100323625,0.915372466438537,0.874624208586747,150,"tags=18%, list=16%, signal=22%","363875/689064/314906/85383/294930/298012/60666/362245/362809/117254/50676/25728/171375/289218/24440/85428/29338/171155/50646/24213/25246/24588/25344/299923/117287/641434/25459/63836/25632/170851/64352/65179/29545/24786/81662/83782/25506/24787/81743/81732/24778/25630/64371/24586/24401/362862/24212/25740/24333/289144/94167/117243/171337/29598/29577"
"GO:0016477","cell migration",127,0.203594466805524,0.941930136528039,0.61617900172117,0.915372466438537,0.874624208586747,180,"tags=21%, list=19%, signal=20%","363875/24936/25728/299331/24943/24957/50646/64185/25246/117287/25459/63836/64633/170851/24832/679221/24787/81732/306439/308061/292804/29577/291081/29271/170923/29753/29318"
"GO:0044089","positive regulation of cellular component biogenesis",69,-0.209357400359327,-0.923285188796728,0.615909090909091,0.915372466438537,0.874624208586747,188,"tags=23%, list=20%, signal=20%","29448/60324/60465/29340/117542/29337/116723/171574/81521/29495/25751/29489/287927/293621/501083/114764"
"GO:0006468","protein phosphorylation",65,0.222599796348593,0.918789361849456,0.614840989399293,0.915372466438537,0.874624208586747,150,"tags=20%, list=16%, signal=18%","363875/299331/24440/293508/50646/56064/117287/25459/65179/24832/365216/117030/29577"
"GO:0042886","amide transport",55,-0.217929169100204,-0.911999638347356,0.620087336244541,0.915372466438537,0.874624208586747,79,"tags=15%, list=8%, signal=14%","25387/117550/66028/81754/81666/24592/24366/84487"
"GO:0021987","cerebral cortex development",29,0.267143645298718,0.910322465026874,0.620229007633588,0.915372466438537,0.874624208586747,195,"tags=31%, list=20%, signal=25%","363875/314906/24213/24588/83613/24778/291081/29753/84353"
"GO:0001568","blood vessel development",52,-0.221414152968883,-0.908933353110011,0.619153674832962,0.915372466438537,0.874624208586747,215,"tags=31%, list=22%, signal=25%","116590/303634/140670/266975/81633/24629/83501/29600/24404/25059/54225/25751/64157/24232/24592/24170"
"GO:0140238","presynaptic endocytosis",37,-0.239743512995179,-0.90459580128255,0.620137299771167,0.915372466438537,0.874624208586747,252,"tags=35%, list=26%, signal=27%","54241/29219/54309/114114/140670/116561/24803/81921/171574/140908/116563/25751/116743"
"GO:0061025","membrane fusion",30,-0.251725826190433,-0.904236966382428,0.618336886993603,0.915372466438537,0.874624208586747,319,"tags=47%, list=33%, signal=32%","29382/310710/29528/29219/155151/114114/117103/361651/29448/24803/25012/116657/116723/117550"
"GO:0015837","amine transport",20,-0.276243559389754,-0.893268005995512,0.618336886993603,0.915372466438537,0.874624208586747,362,"tags=45%, list=38%, signal=29%","116470/24805/25017/25085/29219/54309/79212/117559/66028"
"GO:0060562","epithelial tube morphogenesis",22,0.275397379928315,0.88440305169651,0.617100371747212,0.915372466438537,0.874624208586747,195,"tags=23%, list=20%, signal=19%","293508/25246/29577/29271/84353"
"GO:0002833","positive regulation of response to biotic stimulus",22,0.274009036221298,0.879944565520608,0.618959107806691,0.915372466438537,0.874624208586747,83,"tags=14%, list=9%, signal=13%","299331/25344/25459"
"GO:0010498","proteasomal protein catabolic process",37,0.250544365981152,0.911033927538256,0.621238938053097,0.916073266104137,0.875293811808798,303,"tags=41%, list=32%, signal=29%","298012/25728/117287/287280/362862/29669/29144/116643/84353/301252/116725/24681/287984/29676/29671"
"GO:0061178","regulation of insulin secretion involved in cellular response to glucose stimulus",10,0.346830358032247,0.874713586034666,0.621832358674464,0.916159206584064,0.875375926605777,2,"tags=10%, list=0%, signal=10%","363875"
"GO:0048870","cell motility",138,0.19939916151531,0.934586070022587,0.626279863481229,0.918109287972302,0.877239199157007,180,"tags=21%, list=19%, signal=20%","363875/24936/25728/299331/24943/24957/50646/502674/64185/25246/117287/25459/63836/64633/170851/24832/679221/24787/81732/365216/306439/308061/292804/29577/291081/29271/170923/29753/29318"
"GO:1901615","organic hydroxy compound metabolic process",56,0.230032560725017,0.913204111028852,0.626373626373626,0.918109287972302,0.877239199157007,100,"tags=16%, list=10%, signal=15%","294292/60666/25728/50646/24534/24533/117287/60449/24786"
"GO:0070371","ERK1 and ERK2 cascade",32,-0.247109140591142,-0.900250104667674,0.626373626373626,0.918109287972302,0.877239199157007,79,"tags=19%, list=8%, signal=18%","25387/24246/24232/293621/24592/24366"
"GO:0030041","actin filament polymerization",32,-0.247047205809657,-0.900024468362271,0.626373626373626,0.918109287972302,0.877239199157007,247,"tags=34%, list=26%, signal=26%","155151/296710/170538/24171/60465/29340/117542/58814/64159/83527/24170"
"GO:0030833","regulation of actin filament polymerization",32,-0.247047205809657,-0.900024468362271,0.626373626373626,0.918109287972302,0.877239199157007,247,"tags=34%, list=26%, signal=26%","155151/296710/170538/24171/60465/29340/117542/58814/64159/83527/24170"
"GO:0033108","mitochondrial respiratory chain complex assembly",13,0.309174824914264,0.856030683786148,0.625730994152047,0.918109287972302,0.877239199157007,155,"tags=23%, list=16%, signal=20%","289218/316632/301458"
"GO:0051223","regulation of protein transport",78,-0.207280996659866,-0.924683408707192,0.627403846153846,0.918644364043137,0.877750456052038,239,"tags=32%, list=25%, signal=26%","116655/309111/114114/117103/24654/170538/116590/116484/24803/25012/29340/499157/116493/25297/25050/81830/25387/140908/117550/65028/81666/293621/24592/24366/171503"
"GO:0051156","glucose 6-phosphate metabolic process",10,-0.33373414002861,-0.870454991920178,0.627811860940695,0.918644364043137,0.877750456052038,158,"tags=40%, list=17%, signal=34%","29562/24689/100360180/25059"
"GO:0048863","stem cell differentiation",13,0.307540635006197,0.851506005216907,0.62962962962963,0.920517443147674,0.879540154114292,242,"tags=46%, list=25%, signal=35%","306439/308061/29577/29271/84353/64465"
"GO:0009890","negative regulation of biosynthetic process",94,0.207748643515107,0.917001720435206,0.631490787269682,0.920544823288525,0.879566315414638,221,"tags=27%, list=23%, signal=23%","363875/85383/25728/56011/56064/25344/117287/25459/170851/24786/81743/65151/24401/117030/24333/29598/29577/25045/25309/361967/84353/81683/266759/25578/29384"
"GO:0046486","glycerolipid metabolic process",28,-0.250723150163831,-0.887114528603961,0.631799163179916,0.920544823288525,0.879566315414638,148,"tags=29%, list=15%, signal=25%","29337/24629/116723/24404/64473/54225/81821/24232"
"GO:0051607","defense response to virus",10,0.344250229922288,0.868206447719856,0.631578947368421,0.920544823288525,0.879566315414638,71,"tags=20%, list=7%, signal=19%","299331/25344"
"GO:0140546","defense response to symbiont",10,0.344250229922288,0.868206447719856,0.631578947368421,0.920544823288525,0.879566315414638,71,"tags=20%, list=7%, signal=19%","299331/25344"
"GO:0030516","regulation of axon extension",22,-0.268115950380847,-0.882067336349169,0.633620689655172,0.921630094043887,0.880603274805829,180,"tags=27%, list=19%, signal=23%","60465/64302/25595/140908/25751/83527"
"GO:0061387","regulation of extent of cell growth",22,-0.268115950380847,-0.882067336349169,0.633620689655172,0.921630094043887,0.880603274805829,180,"tags=27%, list=19%, signal=23%","60465/64302/25595/140908/25751/83527"
"GO:0048699","generation of neurons",187,-0.184664002596229,-0.943093505831614,0.636363636363636,0.922558922558923,0.881490756060358,97,"tags=13%, list=10%, signal=15%","81830/84510/65153/171140/294568/293692/171574/29495/140908/297516/117550/25751/24245/287927/81666/24232/81818/83527/24592/288700/59318/116743/192179/171503/117282"
"GO:0016054","organic acid catabolic process",40,-0.235533831961558,-0.899529482827751,0.64018691588785,0.922558922558923,0.881490756060358,128,"tags=20%, list=13%, signal=18%","29600/100360180/29383/24380/64157/171142/64192/292845"
"GO:0046395","carboxylic acid catabolic process",40,-0.235533831961558,-0.899529482827751,0.64018691588785,0.922558922558923,0.881490756060358,128,"tags=20%, list=13%, signal=18%","29600/100360180/29383/24380/64157/171142/64192/292845"
"GO:0050954","sensory perception of mechanical stimulus",18,-0.28178717932859,-0.8874516504467,0.636550308008214,0.922558922558923,0.881490756060358,317,"tags=44%, list=33%, signal=30%","29393/306934/25152/24520/499529/24404/25297/25387"
"GO:0008643","carbohydrate transport",18,-0.280892320522357,-0.884633410360688,0.638603696098563,0.922558922558923,0.881490756060358,243,"tags=39%, list=25%, signal=30%","50866/54319/117103/170538/25551/25059/24232"
"GO:0035094","response to nicotine",14,-0.301735461121499,-0.879445209174198,0.6375,0.922558922558923,0.881490756060358,302,"tags=57%, list=32%, signal=40%","25085/29546/24898/116590/29237/360616/24404/286924"
"GO:2001252","positive regulation of chromosome organization",13,-0.30818935805417,-0.876740240168064,0.6359918200409,0.922558922558923,0.881490756060358,378,"tags=62%, list=39%, signal=38%","295230/294864/50689/79256/116590/299809/362361/29578"
"GO:0043502","regulation of muscle adaptation",17,-0.280022839832696,-0.867889114966204,0.639511201629328,0.922558922558923,0.881490756060358,128,"tags=24%, list=13%, signal=21%","29600/24246/114612/25600"
"GO:0046902","regulation of mitochondrial membrane permeability",11,0.332624090529437,0.864853375091294,0.635496183206107,0.922558922558923,0.881490756060358,251,"tags=45%, list=26%, signal=34%","85383/25275/85333/83531/282819"
"GO:0010658","striated muscle cell apoptotic process",12,0.31695115394292,0.85026476035027,0.63953488372093,0.922558922558923,0.881490756060358,32,"tags=17%, list=3%, signal=16%","85383/299331"
"GO:0010659","cardiac muscle cell apoptotic process",12,0.31695115394292,0.85026476035027,0.63953488372093,0.922558922558923,0.881490756060358,32,"tags=17%, list=3%, signal=16%","85383/299331"
"GO:0006885","regulation of pH",14,-0.298765101601194,-0.870787730069992,0.64375,0.926134453781513,0.884907120743034,350,"tags=57%, list=37%, signal=37%","29132/50689/84484/29411/83718/116590/29448/295645"
"GO:0030641","regulation of cellular pH",14,-0.298765101601194,-0.870787730069992,0.64375,0.926134453781513,0.884907120743034,350,"tags=57%, list=37%, signal=37%","29132/50689/84484/29411/83718/116590/29448/295645"
"GO:0120036","plasma membrane bounded cell projection organization",186,0.189985463523963,0.92983509415725,0.644891122278057,0.92699714638122,0.8857314101552,164,"tags=20%, list=17%, signal=20%","363875/314906/252892/25393/25728/299331/24943/85428/50646/24213/25246/24588/292597/29409/56064/116690/24923/83613/25459/64633/50568/170851/29545/24786/24832/83782/81732/89791/24586/306439/94167/117243/29704/29577/291081/25130/25262"
"GO:0010506","regulation of autophagy",21,0.27359403133426,0.862024342409409,0.645714285714286,0.927345438712873,0.886064198081533,114,"tags=19%, list=12%, signal=17%","294362/25459/170851/64189"
"GO:1901800","positive regulation of proteasomal protein catabolic process",10,-0.329325357151999,-0.858955877496614,0.646216768916155,0.927345438712873,0.886064198081533,38,"tags=50%, list=4%, signal=49%","83427/29677/50686/116554/287927"
"GO:0048468","cell development",264,-0.177154442890919,-0.941215325543142,0.649253731343284,0.928228730822873,0.886908170006606,187,"tags=21%, list=20%, signal=24%","294320/81633/60465/117240/60460/66031/25400/25012/310192/58857/117542/29738/29337/64302/24629/83501/295645/116723/29345/24404/58814/64307/25595/25050/81830/84510/65153/303533/171140/294568/293692/171574/81521/29495/89825/140908/297516/117550/24246/25751/29489/114612/24245/287927/81666/24232/81818/83527/24592/288700/59318/116743/192179/24170/171503/117282"
"GO:0001525","angiogenesis",37,-0.236207079672301,-0.891252196296434,0.649885583524027,0.928228730822873,0.886908170006606,138,"tags=22%, list=14%, signal=19%","24629/29600/24404/25059/64157/24232/24592/24170"
"GO:0000819","sister chromatid segregation",12,-0.314750713228046,-0.876569854703807,0.650205761316872,0.928228730822873,0.886908170006606,150,"tags=42%, list=16%, signal=36%","306934/54241/257644/81830/114764"
"GO:0046677","response to antibiotic",11,-0.32427128657356,-0.865128642259035,0.650627615062761,0.928228730822873,0.886908170006606,212,"tags=45%, list=22%, signal=36%","29628/116484/29629/24673/50592"
"GO:0018108","peptidyl-tyrosine phosphorylation",14,0.297194639400985,0.844053843802947,0.649425287356322,0.928228730822873,0.886908170006606,199,"tags=36%, list=21%, signal=29%","50646/24832/365216/29577/81683"
"GO:0018212","peptidyl-tyrosine modification",14,0.297194639400985,0.844053843802947,0.649425287356322,0.928228730822873,0.886908170006606,199,"tags=36%, list=21%, signal=29%","50646/24832/365216/29577/81683"
"GO:0050730","regulation of peptidyl-tyrosine phosphorylation",14,0.297194639400985,0.844053843802947,0.649425287356322,0.928228730822873,0.886908170006606,199,"tags=36%, list=21%, signal=29%","50646/24832/365216/29577/81683"
"GO:0070201","regulation of establishment of protein localization",84,-0.202345790414018,-0.912114660992446,0.65281173594132,0.929795084801614,0.888404796963667,239,"tags=31%, list=25%, signal=25%","116655/309111/114114/117103/24654/170538/116590/116484/24803/25012/29340/499157/299809/116493/25297/25050/81830/25387/140908/117550/65028/81666/293621/24592/24366/171503"
"GO:1903532","positive regulation of secretion by cell",46,0.232096556789718,0.892256755639183,0.652557319223986,0.929795084801614,0.888404796963667,207,"tags=28%, list=22%, signal=23%","363875/24957/25246/24923/64633/81662/65171/24399/25262/361967/81683/65152/26989"
"GO:0071310","cellular response to organic substance",230,-0.180926413302144,-0.944514086091074,0.665,0.931383698374405,0.889922692617945,79,"tags=12%, list=8%, signal=14%","25387/24651/81521/89825/54225/140908/24673/117550/60431/66028/25751/65028/29489/500249/24245/81666/293621/81818/50592/24592/24366/25679/29578/24170/24611/117282/83789"
"GO:0035556","intracellular signal transduction",195,0.188571956421801,0.928436847286348,0.66497461928934,0.931383698374405,0.889922692617945,145,"tags=18%, list=15%, signal=19%","363875/690660/85383/294930/362245/117254/25728/299331/293508/85428/29338/50646/64185/56064/25344/299923/117287/25459/63836/25650/170851/65179/24786/25506/679221/24787/81743/140447/365216/24586/117030/24212/24333/308061/171337"
"GO:0030030","cell projection organization",188,0.188126466877747,0.923868215263657,0.656666666666667,0.931383698374405,0.889922692617945,164,"tags=20%, list=17%, signal=20%","363875/314906/252892/25393/25728/299331/24943/85428/50646/24213/25246/24588/292597/29409/56064/116690/24923/83613/25459/64633/50568/170851/29545/24786/24832/83782/81732/89791/24586/306439/94167/117243/29704/29577/291081/25130/25262"
"GO:0090304","nucleic acid metabolic process",164,0.191473197673195,0.92175153633827,0.666666666666667,0.931383698374405,0.889922692617945,150,"tags=17%, list=16%, signal=17%","363875/690660/294292/85383/298012/362809/25728/299331/56011/85428/494445/50646/25344/117287/25459/63836/170851/83782/24787/81743/81732/308650/65151/25630/24333/289144/94167/29577"
"GO:0051172","negative regulation of nitrogen compound metabolic process",104,-0.195523028604065,-0.908243808947289,0.660049627791563,0.931383698374405,0.889922692617945,272,"tags=32%, list=28%, signal=25%","79256/65027/361466/25152/684097/54241/29219/24648/54319/24654/170538/116484/266975/161477/29340/499157/29258/64670/27139/83764/117520/29600/291145/29345/317259/25272/362361/25387/140908/65028/29578/116743/117282"
"GO:0010629","negative regulation of gene expression",56,0.225404932297151,0.89483293222129,0.666666666666667,0.931383698374405,0.889922692617945,150,"tags=21%, list=16%, signal=19%","363875/85383/25728/56064/25344/117287/25459/170851/65151/117030/29598/29577"
"GO:0003012","muscle system process",57,0.222380189280266,0.89066288824045,0.662477558348294,0.931383698374405,0.889922692617945,148,"tags=19%, list=15%, signal=17%","25368/24189/85383/299331/24213/25650/170851/24786/24212/24333/29598"
"GO:0043410","positive regulation of MAPK cascade",37,-0.23498545324655,-0.886642777999087,0.65675057208238,0.931383698374405,0.889922692617945,224,"tags=38%, list=23%, signal=30%","24654/170538/81664/81633/29340/29337/24629/83501/25387/24246/66028/24232/293621/24366"
"GO:0006790","sulfur compound metabolic process",30,0.257187479452659,0.883719337451839,0.660412757973734,0.931383698374405,0.889922692617945,195,"tags=27%, list=20%, signal=22%","298942/81654/289950/170587/117243/29443/25045/84353"
"GO:0034284","response to monosaccharide",43,0.235132500705486,0.883608320869267,0.661375661375661,0.931383698374405,0.889922692617945,108,"tags=16%, list=11%, signal=15%","363875/24957/50646/24533/25459/83782/24787"
"GO:0030073","insulin secretion",33,0.250544106700285,0.880801420743834,0.66003616636528,0.931383698374405,0.889922692617945,257,"tags=33%, list=27%, signal=25%","363875/24957/117287/81662/25740/24399/25262/65152/79434/25023/24674"
"GO:0050890","cognition",50,-0.218023879825358,-0.879225621497854,0.667420814479638,0.931383698374405,0.889922692617945,236,"tags=32%, list=25%, signal=25%","499529/29651/24654/83839/60324/25012/79212/360616/58814/25050/140908/66028/50592/24592/25679/81661"
"GO:0036465","synaptic vesicle recycling",41,-0.227795791700872,-0.878944574446324,0.657471264367816,0.931383698374405,0.889922692617945,252,"tags=34%, list=26%, signal=26%","54241/29219/54309/114114/140670/116561/24803/81921/116493/171574/140908/116563/25751/116743"
"GO:0060491","regulation of cell projection assembly",33,0.249726884528216,0.877928431793102,0.661844484629295,0.931383698374405,0.889922692617945,140,"tags=18%, list=15%, signal=16%","363875/299331/85428/64633/81732/306439"
"GO:0097106","postsynaptic density organization",12,-0.311046736444006,-0.866254407415018,0.660493827160494,0.931383698374405,0.889922692617945,136,"tags=25%, list=14%, signal=22%","83501/29495/81821"
"GO:0035265","organ growth",15,-0.287987813630534,-0.861979763847755,0.659183673469388,0.931383698374405,0.889922692617945,138,"tags=33%, list=14%, signal=29%","304017/116590/24629/24246/114612"
"GO:0022412","cellular process involved in reproduction in multicellular organism",24,0.263788006353856,0.857712839389101,0.662921348314607,0.931383698374405,0.889922692617945,227,"tags=33%, list=24%, signal=26%","24936/298942/50646/29545/84353/84509/24829/83532"
"GO:0007632","visual behavior",11,-0.320934626408526,-0.85622671230786,0.667364016736402,0.931383698374405,0.889922692617945,207,"tags=45%, list=22%, signal=36%","170714/60324/360616/140908/24592"
"GO:0071897","DNA biosynthetic process",21,0.271451645020836,0.855274234799204,0.657142857142857,0.931383698374405,0.889922692617945,71,"tags=19%, list=7%, signal=18%","362809/299331/50646/25344"
"GO:0048144","fibroblast proliferation",16,0.292428558882826,0.854144880112614,0.657587548638132,0.931383698374405,0.889922692617945,108,"tags=25%, list=11%, signal=23%","362809/117254/24832/24787"
"GO:0010611","regulation of cardiac muscle hypertrophy",13,-0.300010430614486,-0.853472743674802,0.666666666666667,0.931383698374405,0.889922692617945,128,"tags=23%, list=13%, signal=20%","29600/24246/114612"
"GO:0014743","regulation of muscle hypertrophy",13,-0.300010430614486,-0.853472743674802,0.666666666666667,0.931383698374405,0.889922692617945,128,"tags=23%, list=13%, signal=20%","29600/24246/114612"
"GO:0060048","cardiac muscle contraction",20,0.273392336945427,0.852504558327689,0.667917448405253,0.931383698374405,0.889922692617945,133,"tags=20%, list=14%, signal=18%","299331/24213/25650/24212"
"GO:0007405","neuroblast proliferation",10,0.336052529726333,0.847531672373419,0.658869395711501,0.931383698374405,0.889922692617945,209,"tags=40%, list=22%, signal=32%","25393/117243/84353/64057"
"GO:0044092","negative regulation of molecular function",10,0.332247188735892,0.837934520951272,0.668615984405458,0.931383698374405,0.889922692617945,103,"tags=20%, list=11%, signal=18%","85383/24832"
"GO:0031929","TOR signaling",10,0.332042205720508,0.837417549399299,0.668615984405458,0.931383698374405,0.889922692617945,245,"tags=40%, list=26%, signal=30%","293508/308061/25578/116725"
"GO:0044000","movement in host",12,0.309316990876341,0.829785075233085,0.664728682170543,0.931383698374405,0.889922692617945,106,"tags=25%, list=11%, signal=23%","25246/25344/25506"
"GO:1905954","positive regulation of lipid localization",11,-0.320519174824745,-0.85511832226692,0.671548117154812,0.931508923333144,0.890042343125741,82,"tags=36%, list=9%, signal=34%","79131/293692/54225/24232"
"GO:0009566","fertilization",22,0.26324082154373,0.845363837393698,0.671003717472119,0.931508923333144,0.890042343125741,196,"tags=27%, list=20%, signal=22%","24189/24936/117287/25130/83531/29374"
"GO:0034763","negative regulation of transmembrane transport",13,-0.295538288877357,-0.840750349087813,0.670756646216769,0.931508923333144,0.890042343125741,59,"tags=23%, list=6%, signal=22%","29340/24246/66028"
"GO:0044788","modulation by host of viral process",10,0.330097286894104,0.832512422492758,0.672514619883041,0.931508923333144,0.890042343125741,71,"tags=20%, list=7%, signal=19%","25728/25344"
"GO:0051851","modulation by host of symbiont process",10,0.330097286894104,0.832512422492758,0.672514619883041,0.931508923333144,0.890042343125741,71,"tags=20%, list=7%, signal=19%","25728/25344"
"GO:0006278","RNA-templated DNA biosynthetic process",14,0.290760389462683,0.825780117859036,0.672413793103448,0.931508923333144,0.890042343125741,32,"tags=14%, list=3%, signal=14%","362809/299331"
"GO:0007004","telomere maintenance via telomerase",14,0.290760389462683,0.825780117859036,0.672413793103448,0.931508923333144,0.890042343125741,32,"tags=14%, list=3%, signal=14%","362809/299331"
"GO:0099084","postsynaptic specialization organization",14,-0.292366040338969,-0.852136876937387,0.675,0.931974337366443,0.890487039023274,251,"tags=36%, list=26%, signal=27%","84008/29423/83501/29495/81821"
"GO:0061136","regulation of proteasomal protein catabolic process",21,0.267869278525009,0.843987120428417,0.674285714285714,0.931974337366443,0.890487039023274,75,"tags=14%, list=8%, signal=13%","298012/25728/117287"
"GO:0008344","adult locomotory behavior",16,0.287707477370794,0.840355229684825,0.675097276264591,0.931974337366443,0.890487039023274,214,"tags=38%, list=22%, signal=30%","24213/117287/29545/24212/25275/58942"
"GO:0035773","insulin secretion involved in cellular response to glucose stimulus",11,0.322851756272174,0.839444402904519,0.675572519083969,0.931974337366443,0.890487039023274,2,"tags=9%, list=0%, signal=9%","363875"
"GO:0060070","canonical Wnt signaling pathway",10,0.328490357200341,0.828459711412586,0.674463937621832,0.931974337366443,0.890487039023274,195,"tags=40%, list=20%, signal=32%","25728/64633/116643/84353"
"GO:0043583","ear development",16,0.287429933085963,0.839544559787196,0.67704280155642,0.933250625011748,0.891706512093124,150,"tags=19%, list=16%, signal=16%","363875/24786/29577"
"GO:0032870","cellular response to hormone stimulus",77,-0.203425905364442,-0.907867726524666,0.679518072289157,0.935197257231156,0.89356648901698,226,"tags=29%, list=24%, signal=24%","117103/24654/170538/81664/116590/170916/287444/24803/25400/29340/116723/317259/246324/24651/89825/54225/65028/293621/50592/24592/24366/117282"
"GO:0010720","positive regulation of cell development",51,0.226232591498317,0.885844472990703,0.679927667269439,0.935197257231156,0.89356648901698,209,"tags=25%, list=22%, signal=21%","25393/25728/29409/56064/83613/25459/170851/81732/29577/85238/84353/54231/64057"
"GO:0050885","neuromuscular process controlling balance",14,-0.290335621697331,-0.84621897143046,0.68125,0.935197257231156,0.89356648901698,357,"tags=57%, list=37%, signal=36%","60391/83572/64532/25017/84008/292023/29495/24245"
"GO:0044272","sulfur compound biosynthetic process",16,0.28558205085539,0.834147141859464,0.680933852140078,0.935197257231156,0.89356648901698,195,"tags=31%, list=20%, signal=25%","298942/81654/289950/117243/84353"
"GO:0045732","positive regulation of protein catabolic process",19,0.267694626566496,0.831628010740178,0.681732580037665,0.935197257231156,0.89356648901698,32,"tags=11%, list=3%, signal=10%","25728/299331"
"GO:0046328","regulation of JNK cascade",10,0.326104260890878,0.822441925451413,0.680311890838207,0.935197257231156,0.89356648901698,83,"tags=20%, list=9%, signal=18%","50646/25459"
"GO:0042391","regulation of membrane potential",70,-0.205465564089083,-0.90388783965798,0.68384074941452,0.937338160926868,0.895612089326336,167,"tags=23%, list=17%, signal=20%","24412/29340/117542/29738/689560/116600/25297/29495/140908/117550/24246/66028/170630/81666/50592/29578"
"GO:0033500","carbohydrate homeostasis",34,-0.233912640637071,-0.868824226652147,0.688741721854305,0.941793792184161,0.899869375955599,226,"tags=29%, list=24%, signal=23%","117103/29304/116484/29340/24404/25059/25387/117550/64035/117282"
"GO:0042593","glucose homeostasis",34,-0.233912640637071,-0.868824226652147,0.688741721854305,0.941793792184161,0.899869375955599,226,"tags=29%, list=24%, signal=23%","117103/29304/116484/29340/24404/25059/25387/117550/64035/117282"
"GO:0007033","vacuole organization",20,-0.262833827625952,-0.849905965700174,0.688699360341151,0.941793792184161,0.899869375955599,305,"tags=40%, list=32%, signal=28%","310710/29411/155151/29448/64670/116723/81754/500249"
"GO:0051252","regulation of RNA metabolic process",108,0.197767367483652,0.894343435789836,0.690635451505017,0.943629603333271,0.901623465063885,150,"tags=19%, list=16%, signal=18%","690660/25728/56011/85428/494445/25344/117287/25459/63836/170851/83782/24787/81743/81732/308650/65151/25630/24333/94167/29577"
"GO:0009062","fatty acid catabolic process",15,-0.280696721953733,-0.840156710286801,0.691836734693878,0.94451713699834,0.902471489729108,42,"tags=13%, list=4%, signal=13%","171142/292845"
"GO:0019941","modification-dependent protein catabolic process",44,0.229353765461125,0.868981943503319,0.697022767075307,0.945569374156794,0.903476886030286,245,"tags=32%, list=26%, signal=25%","298012/50646/64156/117287/29545/287280/362862/29669/29144/116643/84353/100912032/301252/116725"
"GO:0043632","modification-dependent macromolecule catabolic process",44,0.229353765461125,0.868981943503319,0.697022767075307,0.945569374156794,0.903476886030286,245,"tags=32%, list=26%, signal=25%","298012/50646/64156/117287/29545/287280/362862/29669/29144/116643/84353/100912032/301252/116725"
"GO:0070507","regulation of microtubule cytoskeleton organization",25,-0.251949017825438,-0.861420095805349,0.695744680851064,0.945569374156794,0.903476886030286,340,"tags=56%, list=36%, signal=37%","29332/83572/116554/29456/306934/298848/361466/25152/54241/29219/25595/84510/29489/114764"
"GO:0046928","regulation of neurotransmitter secretion",26,0.25042770501044,0.834294035932162,0.696969696969697,0.945569374156794,0.903476886030286,268,"tags=38%, list=28%, signal=28%","24923/64633/50568/117556/171337/58942/24804/25023/24681/29693"
"GO:0050433","regulation of catecholamine secretion",11,-0.311665109880171,-0.831496418320655,0.694560669456067,0.945569374156794,0.903476886030286,362,"tags=45%, list=38%, signal=29%","116470/24805/25017/29219/54309"
"GO:0006749","glutathione metabolic process",22,0.256331407138871,0.823175147048557,0.697026022304833,0.945569374156794,0.903476886030286,108,"tags=23%, list=11%, signal=21%","24440/117287/64352/24786/24787"
"GO:0015698","inorganic anion transport",13,-0.288931248272845,-0.821954572351804,0.695296523517382,0.945569374156794,0.903476886030286,161,"tags=62%, list=17%, signal=52%","117955/116638/246302/84484/83718/79212/295645/84487"
"GO:0008217","regulation of blood pressure",22,0.25582813318569,0.821558947867036,0.697026022304833,0.945569374156794,0.903476886030286,148,"tags=27%, list=15%, signal=24%","25632/24786/81662/24787/24212/29598"
"GO:0043500","muscle adaptation",18,-0.267355970178192,-0.842002455742467,0.698151950718686,0.946346903903713,0.904219803656155,59,"tags=22%, list=6%, signal=21%","29600/24246/114612/25600"
"GO:0043254","regulation of protein-containing complex assembly",81,0.207812020546269,0.889993624838143,0.700170357751278,0.947629675921793,0.90544547244372,176,"tags=20%, list=18%, signal=18%","363875/85383/25728/299331/50646/117287/24923/25459/81732/24586/171337/29577/81504/116643/361422/29271"
"GO:0042220","response to cocaine",18,-0.266639082824898,-0.839744713334239,0.700205338809035,0.947629675921793,0.90544547244372,248,"tags=44%, list=26%, signal=34%","29546/29219/24898/79212/360616/140908/25751/50592"
"GO:0007165","signal transduction",304,-0.17418666941169,-0.929037167290361,0.704,0.947955086308028,0.905756397025747,188,"tags=21%, list=20%, signal=25%","29448/29629/81633/361677/116601/60465/25400/24412/29340/58857/117542/116653/29258/257644/29337/24615/360616/24629/83501/29600/116723/24404/317259/58814/689560/25391/25297/25272/25050/364208/65153/294568/25387/122772/315648/286924/29495/140908/24673/24246/60431/66028/25751/65028/170630/81754/114612/24245/81821/81666/24232/293621/81818/83527/50592/24592/24366/25679/553106/288700/81661/24611/171503/117282"
"GO:0048878","chemical homeostasis",125,0.195100886065075,0.901042793715667,0.705982905982906,0.947955086308028,0.905756397025747,215,"tags=28%, list=22%, signal=25%","363875/85383/50676/25728/24957/50646/24213/56064/117287/25650/170851/117059/24786/24832/83782/24787/140447/117556/24401/24212/25058/29598/292804/25262/25045/29753/65152/54231/25289/56646/287276/81869/24398/58942/171374"
"GO:0045595","regulation of cell differentiation",105,0.196645941282607,0.886994282175999,0.705387205387205,0.947955086308028,0.905756397025747,110,"tags=15%, list=11%, signal=15%","363875/25393/25728/29338/50646/29409/56064/83613/25459/60449/170851/81662/24832/83782/24787/81732"
"GO:0007611","learning or memory",49,-0.216899952545618,-0.865945221945111,0.704387990762125,0.947955086308028,0.905756397025747,228,"tags=31%, list=24%, signal=25%","29651/24654/83839/60324/25012/79212/360616/58814/25050/140908/66028/50592/24592/25679/81661"
"GO:0045893","positive regulation of DNA-templated transcription",54,0.21729303789719,0.862202205469308,0.704830053667263,0.947955086308028,0.905756397025747,121,"tags=19%, list=13%, signal=17%","25728/85428/25344/117287/25459/63836/170851/83782/81732/25630"
"GO:1902680","positive regulation of RNA biosynthetic process",54,0.21729303789719,0.862202205469308,0.704830053667263,0.947955086308028,0.905756397025747,121,"tags=19%, list=13%, signal=17%","25728/85428/25344/117287/25459/63836/170851/83782/81732/25630"
"GO:0006690","icosanoid metabolic process",12,-0.301167142481808,-0.838740079789963,0.701646090534979,0.947955086308028,0.905756397025747,341,"tags=58%, list=36%, signal=38%","24192/50689/29254/24423/24422/24404/24421"
"GO:0042178","xenobiotic catabolic process",10,-0.319766815697207,-0.834025014492649,0.705521472392638,0.947955086308028,0.905756397025747,278,"tags=50%, list=29%, signal=36%","499689/24424/24423/24422/24421"
"GO:0001503","ossification",17,-0.267766907847611,-0.829903677885513,0.702647657841141,0.947955086308028,0.905756397025747,28,"tags=41%, list=3%, signal=41%","50689/116554/29393/116590/29237/24592/192179"
"GO:0055117","regulation of cardiac muscle contraction",12,0.30300626339182,0.812855686822565,0.705426356589147,0.947955086308028,0.905756397025747,133,"tags=25%, list=14%, signal=22%","299331/25650/24212"
"GO:0050767","regulation of neurogenesis",53,-0.210934619362193,-0.871900312989693,0.707207207207207,0.948854810923776,0.906616069955453,68,"tags=13%, list=7%, signal=13%","29495/89825/140908/24245/81818/83527/24592"
"GO:1903046","meiotic cell cycle process",10,-0.316132061237458,-0.824544743269509,0.70961145194274,0.950590614809054,0.908274603672694,224,"tags=30%, list=23%, signal=23%","24654/60460/24245"
"GO:0038127","ERBB signaling pathway",10,0.317510965264696,0.800769449963168,0.709551656920078,0.950590614809054,0.908274603672694,168,"tags=20%, list=18%, signal=17%","50646/81504"
"GO:0007015","actin filament organization",78,-0.199408856033558,-0.889565679897243,0.711538461538462,0.951036029319323,0.90870019033585,247,"tags=28%, list=26%, signal=23%","155151/296710/683788/54319/170538/24171/29474/60324/60465/500450/29340/117542/116653/58814/25485/294568/25387/64159/24852/83527/81661/24170"
"GO:0031349","positive regulation of defense response",32,0.243741268407973,0.848889412122331,0.711151736745887,0.951036029319323,0.90870019033585,206,"tags=25%, list=22%, signal=20%","299331/25344/117287/25459/81743/29318/81683/56646"
"GO:0006909","phagocytosis",23,0.250973412742463,0.809953343002055,0.711610486891386,0.951036029319323,0.90870019033585,100,"tags=17%, list=10%, signal=16%","363875/25459/64633/24786"
"GO:0009895","negative regulation of catabolic process",21,-0.254646972596195,-0.833893644784269,0.712788259958071,0.951125098244909,0.908785294314184,305,"tags=48%, list=32%, signal=33%","310710/79256/25152/684097/29219/24464/499157/29258/64670/29600"
"GO:0006635","fatty acid beta-oxidation",14,-0.283490578710107,-0.826268249565251,0.7125,0.951125098244909,0.908785294314184,42,"tags=14%, list=4%, signal=14%","171142/292845"
"GO:0051234","establishment of localization",472,-0.166578132342416,-0.918782285966849,0.764179104477612,0.951259828448892,0.908914026936534,168,"tags=19%, list=18%, signal=31%","25012/24412/29340/58857/499157/366448/79212/81921/116657/29738/257644/299809/29337/64670/25319/24629/83501/295645/83764/25551/116493/29600/291145/360605/362152/116723/689560/60377/116600/29599/25595/25391/25059/25297/25272/25050/81830/65153/246324/114561/117559/171140/25485/362361/294568/293692/171574/65042/25387/81521/29495/54225/300075/140908/117550/24246/60431/66028/29731/116563/25751/65028/170630/81754/29489/114612/500249/24245/81666/24232/171111/293621/83527/50592/24592/501083/24366/25679/63848/288700/29578/84487/116743/140667/192179/114764/24170/171503/117282"
"GO:0006807","nitrogen compound metabolic process",474,0.172817247702802,0.917316097047218,0.739457831325301,0.951259828448892,0.908914026936534,226,"tags=24%, list=24%, signal=37%","363875/245965/50690/690660/25368/24189/294292/85383/298012/294362/60666/362809/25728/171375/299331/56011/298942/24440/293508/85428/291450/494445/25721/24957/311422/79563/50646/24534/24533/64156/56064/81654/25344/117287/641434/289950/24551/25459/63836/25650/293448/170851/64352/117042/65179/29545/100362640/81768/24832/83782/25506/24787/81743/81732/308650/170587/65151/81829/25630/24799/287280/363972/365216/24401/362862/117030/24212/24333/298410/289144/308061/94167/117243/29577/24399/29669/301458/29443/25045/63886/29144/64524/116643/25309/29271/170923/29753/113893/246333/25275/361967/289668/84353/29374/114096/84509/81683/301618/65152/24642/25289/24829/81869/24398/266759/171133/58942/171374/25578/100912032/29384/293481/296596/24679/78959"
"GO:0043170","macromolecule metabolic process",388,0.17537400796016,0.916580276046249,0.738924050632911,0.951259828448892,0.908914026936534,150,"tags=17%, list=16%, signal=24%","363875/291159/50690/690660/25368/294292/85383/298012/294362/362809/25728/299331/56011/298942/24943/24440/293508/85428/494445/171155/79563/50646/25246/64156/56064/25344/117287/24923/25459/63836/60449/25650/293448/170851/117042/65179/29545/100362640/24786/81768/24832/83782/25506/24787/81743/81732/308650/140447/65151/65171/25630/24799/287280/363972/365216/362862/117030/24333/25058/289144/308061/94167/29598/292804/29577"
"GO:0022008","neurogenesis",206,-0.177106623935918,-0.914938377488196,0.725490196078431,0.951259828448892,0.908914026936534,97,"tags=13%, list=10%, signal=15%","81830/84510/65153/171140/362361/294568/293692/171574/29495/89825/140908/297516/117550/25751/24245/287927/81666/24232/81818/83527/24592/288700/59318/116743/192179/171503/117282"
"GO:0023052","signaling",402,-0.168981250264897,-0.914164194127064,0.762039660056657,0.951259828448892,0.908914026936534,226,"tags=25%, list=24%, signal=32%","117103/24654/29304/83839/170538/24898/81664/116590/303634/24464/361651/170916/117021/29237/29474/287444/116561/116509/29448/60324/29629/81633/361677/24803/116601/60465/25400/25012/24412/29340/310192/58857/79212/117542/116653/29258/116657/257644/29337/24615/360616/24629/83501/295645/29600/116723/24404/317259/58814/689560/60377/116600/25391/25297/25272/25050/81830/364208/65153/117559/171140/294568/25387/122772/315648/286924/24380/29495/140908/24673/117550/24246/60431/66028/25751/65028/170630/81754/114612/24245/81821/81666/24232/293621/81818/83527/50592/24592/24366/25679/553106/288700/81661/25600/84487/140667/24611/171503/117282"
"GO:0019538","protein metabolic process",263,-0.170437880230787,-0.906162172490677,0.767326732673267,0.951259828448892,0.908914026936534,237,"tags=26%, list=25%, signal=27%","292023/499529/303831/24648/54319/24654/314432/29304/170538/116590/116484/24464/170916/140655/366988/287444/266975/116509/161477/29448/361677/60460/29340/499157/29258/299809/29337/64670/64302/29257/27139/24629/83764/140661/117520/29600/691531/29345/24404/64307/25050/85274/303533/25387/94174/122772/315648/25604/81521/54225/140908/24673/65028/293418/81754/114612/287927/24232/29156/293621/81818/501083/24366/29578/116743/50522/24170/171503/83789"
"GO:0009966","regulation of signal transduction",188,0.180917855132804,0.888467522432612,0.756666666666667,0.951259828448892,0.908914026936534,150,"tags=18%, list=16%, signal=19%","363875/690660/85383/117254/25728/299331/56011/293508/29338/50646/56064/25344/117287/24923/25459/63836/170851/65179/362802/24786/24832/25506/679221/24787/81743/140447/365216/24586/24401/117030/24333/308061/171337/29577"
"GO:0051246","regulation of protein metabolic process",147,0.187584385384759,0.883581980749523,0.758147512864494,0.951259828448892,0.908914026936534,179,"tags=20%, list=19%, signal=19%","363875/85383/298012/25728/299331/56011/24440/293508/50646/56064/25344/117287/25459/65179/100362640/24832/65151/25630/365216/117030/24333/308061/29577/25045/116643/25309/29271/170923/29753"
"GO:0031328","positive regulation of cellular biosynthetic process",137,0.188828227415518,0.88283467866577,0.765112262521589,0.951259828448892,0.908914026936534,150,"tags=19%, list=16%, signal=19%","362809/25728/299331/24943/85428/50646/25246/25344/117287/25459/63836/170851/100362640/24786/83782/24787/81743/81732/65171/25630/117030/24333/25058/94167/292804/29577"
"GO:0016070","RNA metabolic process",132,-0.181854433102365,-0.880684172077783,0.746958637469586,0.951259828448892,0.908914026936534,239,"tags=28%, list=25%, signal=24%","116655/292023/54319/83581/24654/29304/116590/116484/117021/140655/287444/140931/266975/161477/294320/287830/29258/360616/27139/29600/691531/362152/317259/122799/25272/25050/362361/361542/25387/140908/60431/114612/293621/81818/29578/171503/117282"
"GO:0010035","response to inorganic substance",134,-0.180780072224549,-0.877362994181207,0.774818401937046,0.951259828448892,0.908914026936534,78,"tags=34%, list=8%, signal=37%","29546/64300/29628/24424/25470/79256/64205/25750/83718/29219/54309/317675/24520/24648/24423/24654/170538/24898/116590/116484/24464/170916/29237/79212/29337/24629/29600/24404/689560/294288/24651/29495/54225/297516/24673/25751/24245/24232/81818/50592/24366/25679/29578/64192/24170/117282"
"GO:0036211","protein modification process",112,0.192773573686156,0.877246241097547,0.74457429048414,0.951259828448892,0.908914026936534,251,"tags=31%, list=26%, signal=26%","363875/299331/56011/24440/293508/50646/64156/56064/117287/25459/65179/29545/24832/287280/365216/117030/308061/29577/25045/116643/170923/29753/361967/84353/81683/301618/266759/171133/100912032/24679/301252/116725/140654/25023/282819"
"GO:0098542","defense response to other organism",68,-0.197987931724053,-0.875580052458559,0.716814159292035,0.951259828448892,0.908914026936534,60,"tags=29%, list=6%, signal=30%","114562/29219/155151/499529/170538/24464/361677/29150/25400/29340/29337/317259/117550/60431/81754/500249/24232/293621/81818/24366"
"GO:0035295","tube development",80,-0.194199260708741,-0.8678008765659,0.742788461538462,0.951259828448892,0.908914026936534,138,"tags=18%, list=14%, signal=16%","24629/83501/29600/24404/689560/25059/362361/54225/64157/24232/24592/29578/24170/117282"
"GO:0051247","positive regulation of protein metabolic process",85,0.199728751001437,0.866760293856468,0.73534338358459,0.951259828448892,0.908914026936534,200,"tags=25%, list=21%, signal=21%","363875/25728/299331/50646/56064/117287/25459/100362640/24832/25630/117030/24333/308061/29577/116643/25309/29271/170923/84353/81683/301618"
"GO:0006887","exocytosis",79,-0.193568041589788,-0.866643918453748,0.741626794258373,0.951259828448892,0.908914026936534,248,"tags=28%, list=26%, signal=22%","29219/155151/54309/171039/114114/117103/81664/361651/29448/24803/25400/25012/116657/60377/81830/65153/246324/117559/140908/171111/501083/24366"
"GO:0006518","peptide metabolic process",75,-0.194771690975417,-0.863590534155926,0.768115942028985,0.951259828448892,0.908914026936534,237,"tags=28%, list=25%, signal=23%","292023/303831/29304/116590/140655/287444/266975/161477/114515/29258/64302/29257/27139/140661/691531/64307/122772/293418/114612/81818/83789"
"GO:0009057","macromolecule catabolic process",88,-0.190569421643069,-0.862257655423433,0.764556962025316,0.951259828448892,0.908914026936534,79,"tags=12%, list=8%, signal=13%","25387/81521/54225/140908/24673/287927/29156/81818/501083/50522/64035"
"GO:0051640","organelle localization",95,-0.187104081458561,-0.861171929752313,0.759124087591241,0.951259828448892,0.908914026936534,231,"tags=26%, list=24%, signal=22%","54319/114114/117103/367171/116561/29448/24803/116601/25400/58857/116657/83501/25595/81830/25485/294568/171574/140908/117550/60431/81754/29489/501083/140667/114764"
"GO:0030003","intracellular monoatomic cation homeostasis",73,-0.194657639688351,-0.860977613738426,0.777251184834123,0.951259828448892,0.908914026936534,254,"tags=34%, list=27%, signal=27%","83718/29219/155151/24654/83839/116590/29448/60324/116601/29340/29337/25319/295645/29600/689560/116600/29599/25391/65153/117559/140908/24246/60431/50592/25679"
"GO:0007269","neurotransmitter secretion",51,-0.211310365620629,-0.860295198943775,0.717149220489978,0.951259828448892,0.908914026936534,248,"tags=37%, list=26%, signal=29%","29411/60442/56768/29219/54309/171039/114114/361651/116561/116509/24803/25400/25012/116657/60377/65153/117559/24592/140667"
"GO:0099643","signal release from synapse",51,-0.211310365620629,-0.860295198943775,0.717149220489978,0.951259828448892,0.908914026936534,248,"tags=37%, list=26%, signal=29%","29411/60442/56768/29219/54309/171039/114114/361651/116561/116509/24803/25400/25012/116657/60377/65153/117559/24592/140667"
"GO:0007017","microtubule-based process",84,-0.189478781016238,-0.854114008293768,0.772616136919315,0.951259828448892,0.908914026936534,140,"tags=19%, list=15%, signal=18%","290408/83764/29600/100360180/25595/81830/84510/294568/54225/117550/65028/81754/29489/501083/140667/114764"
"GO:0001944","vasculature development",55,-0.203507149014322,-0.851645729979471,0.746724890829694,0.951259828448892,0.908914026936534,215,"tags=29%, list=22%, signal=24%","116590/303634/140670/266975/81633/24629/83501/29600/24404/25059/54225/25751/64157/24232/24592/24170"
"GO:0043604","amide biosynthetic process",78,-0.19076968088776,-0.851026199428888,0.776442307692308,0.951259828448892,0.908914026936534,248,"tags=31%, list=26%, signal=25%","29219/292023/303831/29304/170538/116590/140655/287444/266975/161477/24159/58857/29258/64302/29257/27139/140661/691531/64307/122772/293418/114612/81818/83789"
"GO:0009746","response to hexose",39,0.230373488884774,0.849108322846344,0.733913043478261,0.951259828448892,0.908914026936534,104,"tags=15%, list=11%, signal=14%","363875/24957/50646/24533/25459/83782"
"GO:0009749","response to glucose",39,0.230373488884774,0.849108322846344,0.733913043478261,0.951259828448892,0.908914026936534,104,"tags=15%, list=11%, signal=14%","363875/24957/50646/24533/25459/83782"
"GO:0051962","positive regulation of nervous system development",45,0.223047488098662,0.849017010698332,0.74955595026643,0.951259828448892,0.908914026936534,157,"tags=20%, list=16%, signal=18%","25393/25728/29409/56064/83613/170851/81732/29577/85238"
"GO:0051051","negative regulation of transport",64,0.206061817026934,0.847641569332015,0.757894736842105,0.951259828448892,0.908914026936534,150,"tags=20%, list=16%, signal=18%","85383/25728/50646/117287/24923/25459/65171/117030/24212/25740/171337/29704/29577"
"GO:0001558","regulation of cell growth",49,-0.212231238226743,-0.847305979245385,0.736720554272517,0.951259828448892,0.908914026936534,63,"tags=12%, list=7%, signal=12%","140908/297516/25751/114612/83527/117282"
"GO:0070647","protein modification by small protein conjugation or removal",37,-0.223798991464815,-0.844434226733015,0.725400457665904,0.951259828448892,0.908914026936534,90,"tags=16%, list=9%, signal=15%","303533/25387/140908/65028/287927/50522"
"GO:0008610","lipid biosynthetic process",48,-0.211510492270839,-0.842935538665247,0.759637188208617,0.951259828448892,0.908914026936534,316,"tags=44%, list=33%, signal=31%","29154/54248/24188/25017/499689/24424/308100/29254/24423/170538/305021/79131/24159/58857/29337/116723/24479/64473/54225/81821/24232"
"GO:2001233","regulation of apoptotic signaling pathway",48,-0.210743147393323,-0.83987742906167,0.766439909297052,0.951259828448892,0.908914026936534,229,"tags=29%, list=24%, signal=23%","114114/170538/81664/287444/60465/29258/24404/317259/315648/65028/24245/24592/24366/117282"
"GO:0006869","lipid transport",28,0.249249509873082,0.837698236990458,0.715648854961832,0.951259828448892,0.908914026936534,252,"tags=36%, list=26%, signal=27%","288707/25728/25721/24778/117243/25045/81683/287276/65033/25524"
"GO:0050776","regulation of immune response",47,0.217105528709445,0.837489471442443,0.753108348134991,0.951259828448892,0.908914026936534,103,"tags=15%, list=11%, signal=14%","25728/299331/25407/25344/117287/25459/24832"
"GO:1901605","alpha-amino acid metabolic process",30,-0.232676006006412,-0.835807151794,0.73773987206823,0.951259828448892,0.908914026936534,128,"tags=20%, list=13%, signal=18%","29600/29383/25604/24380/64157/64192"
"GO:1904062","regulation of monoatomic cation transmembrane transport",36,0.232901529661414,0.835630506231192,0.734177215189873,0.951259828448892,0.908914026936534,214,"tags=31%, list=22%, signal=25%","85383/24943/50646/25650/24832/363972/24212/25045/29753/81869/58942"
"GO:0010876","lipid localization",31,-0.230544905964585,-0.83358263010356,0.736051502145923,0.951259828448892,0.908914026936534,121,"tags=29%, list=13%, signal=26%","79131/58857/116723/81830/114561/293692/54225/60431/24232"
"GO:0050796","regulation of insulin secretion",27,0.249726685585024,0.832354392852679,0.717307692307692,0.951259828448892,0.908914026936534,164,"tags=22%, list=17%, signal=19%","363875/24957/81662/25740/24399/25262"
"GO:0032868","response to insulin",43,0.221351811845692,0.831821641838125,0.768959435626102,0.951259828448892,0.908914026936534,168,"tags=23%, list=18%, signal=20%","25728/85428/25721/25459/24778/25630/24401/117243/29598/81504"
"GO:0034248","regulation of amide metabolic process",41,0.22252936224546,0.828715607697214,0.774250440917108,0.951259828448892,0.908914026936534,121,"tags=15%, list=13%, signal=13%","25728/24440/50646/100362640/65151/25630"
"GO:0006511","ubiquitin-dependent protein catabolic process",39,0.224491726146849,0.827429380021993,0.76695652173913,0.951259828448892,0.908914026936534,195,"tags=26%, list=20%, signal=21%","298012/50646/117287/29545/287280/362862/29669/29144/116643/84353"
"GO:0031113","regulation of microtubule polymerization",14,-0.283260761612188,-0.825598419294057,0.716666666666667,0.951259828448892,0.908914026936534,108,"tags=57%, list=11%, signal=51%","29332/116554/29456/298848/29219/25595/84510/114764"
"GO:1903078","positive regulation of protein localization to plasma membrane",12,-0.296071752474343,-0.824549594778204,0.720164609053498,0.951259828448892,0.908914026936534,128,"tags=58%, list=13%, signal=51%","60391/25132/25017/54319/29600/81830/117550"
"GO:0014074","response to purine-containing compound",36,0.229725750525685,0.824236085890862,0.752260397830018,0.951259828448892,0.908914026936534,164,"tags=25%, list=17%, signal=22%","60666/50646/25246/24533/24786/81743/362862/171337/25262"
"GO:0043161","proteasome-mediated ubiquitin-dependent protein catabolic process",28,0.245179110899287,0.824018105599499,0.727099236641221,0.951259828448892,0.908914026936534,289,"tags=39%, list=30%, signal=28%","298012/117287/287280/362862/29144/116643/84353/301252/116725/287984/29676"
"GO:0006813","potassium ion transport",31,-0.227465903283331,-0.822449861229758,0.751072961373391,0.951259828448892,0.908914026936534,60,"tags=13%, list=6%, signal=12%","117550/29731/81666/84487"
"GO:0046890","regulation of lipid biosynthetic process",14,-0.281919743437363,-0.821689856459308,0.725,0.951259828448892,0.908914026936534,220,"tags=36%, list=23%, signal=28%","170538/79131/24479/54225/24232"
"GO:0032102","negative regulation of response to external stimulus",29,0.239691683390913,0.816776771264279,0.74618320610687,0.951259828448892,0.908914026936534,260,"tags=31%, list=27%, signal=23%","24936/25728/29338/24786/29318/81683/25578/25567/29511"
"GO:0072329","monocarboxylic acid catabolic process",19,-0.257206009220668,-0.816553171983876,0.738853503184713,0.951259828448892,0.908914026936534,115,"tags=21%, list=12%, signal=19%","100360180/29383/171142/292845"
"GO:1900076","regulation of cellular response to insulin stimulus",11,-0.304682834828907,-0.812868293090055,0.730125523012552,0.951259828448892,0.908914026936534,220,"tags=55%, list=23%, signal=42%","50686/25017/170538/81664/170916/116723"
"GO:0001678","intracellular glucose homeostasis",27,-0.233330057771565,-0.812855679596982,0.761410788381743,0.951259828448892,0.908914026936534,119,"tags=22%, list=12%, signal=20%","29340/24404/25059/25387/117550/117282"
"GO:0018105","peptidyl-serine phosphorylation",22,-0.246918962438868,-0.812331945127391,0.758620689655172,0.951259828448892,0.908914026936534,260,"tags=41%, list=27%, signal=30%","79011/29219/170538/116484/29340/29600/25050/25387/171503"
"GO:0018209","peptidyl-serine modification",22,-0.246918962438868,-0.812331945127391,0.758620689655172,0.951259828448892,0.908914026936534,260,"tags=41%, list=27%, signal=30%","79011/29219/170538/116484/29340/29600/25050/25387/171503"
"GO:0097553","calcium ion transmembrane import into cytosol",23,-0.244061599987258,-0.811451203284921,0.743589743589744,0.951259828448892,0.908914026936534,274,"tags=48%, list=29%, signal=35%","24424/29219/155151/24654/24412/29340/29337/689560/25297/24246/25679"
"GO:0031109","microtubule polymerization or depolymerization",21,-0.247706260401386,-0.81116486175371,0.750524109014675,0.951259828448892,0.908914026936534,340,"tags=57%, list=36%, signal=38%","29332/25420/116554/29456/298848/361466/25152/29219/367171/25595/84510/114764"
"GO:0043112","receptor metabolic process",10,-0.310939462905053,-0.811001258808822,0.7280163599182,0.951259828448892,0.908914026936534,63,"tags=50%, list=7%, signal=47%","29628/29528/29219/140908/50592"
"GO:0032210","regulation of telomere maintenance via telomerase",11,-0.30355003474865,-0.809846077322083,0.738493723849372,0.951259828448892,0.908914026936534,381,"tags=64%, list=40%, signal=39%","117280/295230/294864/50689/116590/299809/29578"
"GO:0010977","negative regulation of neuron projection development",28,0.240812992039026,0.809344094510795,0.75381679389313,0.951259828448892,0.908914026936534,248,"tags=36%, list=26%, signal=27%","25728/29409/24923/24832/81732/29577/25289/56646/24547/25567"
"GO:1905952","regulation of lipid localization",14,-0.277583056584912,-0.809050047860408,0.735416666666667,0.951259828448892,0.908914026936534,82,"tags=21%, list=9%, signal=20%","293692/54225/24232"
"GO:0060079","excitatory postsynaptic potential",18,-0.256773581317568,-0.808674614204729,0.741273100616016,0.951259828448892,0.908914026936534,167,"tags=56%, list=17%, signal=47%","116638/116470/60391/56768/29219/24412/117542/25297/29495/140908"
"GO:0032212","positive regulation of telomere maintenance via telomerase",10,-0.309512854575995,-0.807280337894236,0.732106339468303,0.951259828448892,0.908914026936534,215,"tags=60%, list=22%, signal=47%","295230/294864/50689/116590/299809/29578"
"GO:0045444","fat cell differentiation",12,-0.289709547011077,-0.806831072518685,0.738683127572016,0.951259828448892,0.908914026936534,224,"tags=42%, list=23%, signal=32%","24654/79131/310192/24404/81818"
"GO:0001656","metanephros development",10,-0.308343465061329,-0.804230302496442,0.736196319018405,0.951259828448892,0.908914026936534,341,"tags=60%, list=36%, signal=39%","24192/84484/25473/83839/24629/24592"
"GO:0019395","fatty acid oxidation",16,-0.266159818501817,-0.802644337812308,0.741803278688525,0.951259828448892,0.908914026936534,42,"tags=12%, list=4%, signal=12%","171142/292845"
"GO:0034440","lipid oxidation",16,-0.266159818501817,-0.802644337812308,0.741803278688525,0.951259828448892,0.908914026936534,42,"tags=12%, list=4%, signal=12%","171142/292845"
"GO:1901888","regulation of cell junction assembly",21,0.254745157470296,0.802636394439556,0.731428571428571,0.951259828448892,0.908914026936534,195,"tags=33%, list=20%, signal=27%","363875/50646/24832/81732/171337/29271/84353"
"GO:0033559","unsaturated fatty acid metabolic process",14,-0.275375676790583,-0.80261636725245,0.739583333333333,0.951259828448892,0.908914026936534,341,"tags=57%, list=36%, signal=37%","24192/50689/24424/29254/24423/24422/24404/24421"
"GO:0051932","synaptic transmission, GABAergic",11,-0.300624032394715,-0.802039748027699,0.755230125523013,0.951259828448892,0.908914026936534,166,"tags=36%, list=17%, signal=30%","29340/79212/117550/24592"
"GO:1901873","regulation of post-translational protein modification",23,-0.240894426110636,-0.800921045925748,0.756410256410256,0.951259828448892,0.908914026936534,79,"tags=26%, list=8%, signal=25%","361677/29340/25387/140908/65028/287927"
"GO:1903320","regulation of protein modification by small protein conjugation or removal",23,-0.240894426110636,-0.800921045925748,0.756410256410256,0.951259828448892,0.908914026936534,79,"tags=26%, list=8%, signal=25%","361677/29340/25387/140908/65028/287927"
"GO:0007623","circadian rhythm",25,0.242982877252356,0.799852216996726,0.757518796992481,0.951259828448892,0.908914026936534,267,"tags=32%, list=28%, signal=24%","25368/24186/25459/29443/25289/25594/171347/24681"
"GO:1901875","positive regulation of post-translational protein modification",11,-0.299771011027015,-0.799763958439747,0.757322175732218,0.951259828448892,0.908914026936534,79,"tags=27%, list=8%, signal=25%","361677/25387/287927"
"GO:1903322","positive regulation of protein modification by small protein conjugation or removal",11,-0.299771011027015,-0.799763958439747,0.757322175732218,0.951259828448892,0.908914026936534,79,"tags=27%, list=8%, signal=25%","361677/25387/287927"
"GO:0043954","cellular component maintenance",14,-0.273471690345592,-0.797066963973311,0.745833333333333,0.951259828448892,0.908914026936534,290,"tags=43%, list=30%, signal=30%","56768/29546/84008/60465/29495/81821"
"GO:0030323","respiratory tube development",20,0.254646403450145,0.794050126380589,0.74859287054409,0.951259828448892,0.908914026936534,242,"tags=40%, list=25%, signal=31%","362809/25459/170851/65151/29577/84353/25578/64465"
"GO:0030324","lung development",20,0.254646403450145,0.794050126380589,0.74859287054409,0.951259828448892,0.908914026936534,242,"tags=40%, list=25%, signal=31%","362809/25459/170851/65151/29577/84353/25578/64465"
"GO:0060541","respiratory system development",20,0.254646403450145,0.794050126380589,0.74859287054409,0.951259828448892,0.908914026936534,242,"tags=40%, list=25%, signal=31%","362809/25459/170851/65151/29577/84353/25578/64465"
"GO:0010660","regulation of muscle cell apoptotic process",15,-0.264798357105139,-0.792571124615674,0.771428571428571,0.951259828448892,0.908914026936534,199,"tags=40%, list=21%, signal=32%","287444/29629/25400/25387/25604/24246"
"GO:0071320","cellular response to cAMP",15,0.277239492764858,0.792563328193699,0.73046875,0.951259828448892,0.908914026936534,164,"tags=27%, list=17%, signal=22%","60666/81743/171337/25262"
"GO:0008645","hexose transmembrane transport",16,-0.262784702173328,-0.792466174835763,0.760245901639344,0.951259828448892,0.908914026936534,243,"tags=38%, list=25%, signal=28%","50866/117103/170538/25551/25059/24232"
"GO:0015749","monosaccharide transmembrane transport",16,-0.262784702173328,-0.792466174835763,0.760245901639344,0.951259828448892,0.908914026936534,243,"tags=38%, list=25%, signal=28%","50866/117103/170538/25551/25059/24232"
"GO:1904659","glucose transmembrane transport",16,-0.262784702173328,-0.792466174835763,0.760245901639344,0.951259828448892,0.908914026936534,243,"tags=38%, list=25%, signal=28%","50866/117103/170538/25551/25059/24232"
"GO:0002699","positive regulation of immune effector process",16,0.271223411551334,0.792207468478051,0.727626459143969,0.951259828448892,0.908914026936534,199,"tags=25%, list=21%, signal=20%","25344/25058/292804/81683"
"GO:0050792","regulation of viral process",11,0.304622244016889,0.792045986346185,0.738549618320611,0.951259828448892,0.908914026936534,206,"tags=36%, list=22%, signal=29%","25246/25506/361967/56646"
"GO:0051170","import into nucleus",18,-0.251283599975073,-0.791384640207587,0.75564681724846,0.951259828448892,0.908914026936534,220,"tags=39%, list=23%, signal=31%","751812/170538/116590/117021/287830/24592/29578"
"GO:0043123","positive regulation of canonical NF-kappaB signal transduction",14,0.2785808184382,0.791189272748889,0.722222222222222,0.951259828448892,0.908914026936534,291,"tags=50%, list=30%, signal=35%","65179/84353/56646/25742/116725/25023/117273"
"GO:0098815","modulation of excitatory postsynaptic potential",12,0.29435232494339,0.789640314960359,0.74031007751938,0.951259828448892,0.908914026936534,113,"tags=25%, list=12%, signal=22%","50646/24923/140447"
"GO:0006458","'de novo' protein folding",10,0.312255143395197,0.787514154719949,0.738791423001949,0.951259828448892,0.908914026936534,27,"tags=10%, list=3%, signal=10%","362809"
"GO:0099024","plasma membrane invagination",10,0.311252585555175,0.78498568239005,0.746588693957115,0.951259828448892,0.908914026936534,2,"tags=10%, list=0%, signal=10%","363875"
"GO:0007034","vacuolar transport",11,0.301707057038703,0.784466230793621,0.74618320610687,0.951259828448892,0.908914026936534,416,"tags=82%, list=43%, signal=47%","116643/192249/25524/500282/24468/24472/64373/117028/64310"
"GO:0007041","lysosomal transport",11,0.301707057038703,0.784466230793621,0.74618320610687,0.951259828448892,0.908914026936534,416,"tags=82%, list=43%, signal=47%","116643/192249/25524/500282/24468/24472/64373/117028/64310"
"GO:0007281","germ cell development",19,0.252478436192595,0.784356945594058,0.745762711864407,0.951259828448892,0.908914026936534,227,"tags=32%, list=24%, signal=25%","298942/50646/84353/84509/24829/83532"
"GO:0009266","response to temperature stimulus",21,0.248864718998982,0.784108647026382,0.758095238095238,0.951259828448892,0.908914026936534,268,"tags=43%, list=28%, signal=32%","299331/24786/308061/116643/29753/246333/171374/301252/29693"
"GO:0034219","carbohydrate transmembrane transport",17,-0.252645077086233,-0.783035814092681,0.767820773930754,0.951259828448892,0.908914026936534,243,"tags=35%, list=25%, signal=27%","50866/117103/170538/25551/25059/24232"
"GO:0045445","myoblast differentiation",11,0.300470924253479,0.781252171313864,0.748091603053435,0.951259828448892,0.908914026936534,206,"tags=36%, list=22%, signal=29%","85383/25459/84353/56646"
"GO:0006942","regulation of striated muscle contraction",14,0.275079625095509,0.781245635458688,0.729885057471264,0.951259828448892,0.908914026936534,133,"tags=21%, list=14%, signal=19%","299331/25650/24212"
"GO:0090075","relaxation of muscle",10,0.309562015091372,0.780722027497707,0.754385964912281,0.951259828448892,0.908914026936534,133,"tags=30%, list=14%, signal=26%","25650/24786/24212"
"GO:0021953","central nervous system neuron differentiation",19,0.251209853673495,0.780415929779321,0.755178907721281,0.951259828448892,0.908914026936534,32,"tags=11%, list=3%, signal=10%","363875/299331"
"GO:0007266","Rho protein signal transduction",11,-0.292360020678392,-0.779992056690918,0.776150627615063,0.951259828448892,0.908914026936534,283,"tags=64%, list=30%, signal=45%","29332/306934/81663/303634/24629/83501/25387"
"GO:0002793","positive regulation of peptide secretion",20,-0.240763282983546,-0.778538106672045,0.769722814498934,0.951259828448892,0.908914026936534,79,"tags=30%, list=8%, signal=28%","25012/29340/25387/117550/81666/24366"
"GO:0046887","positive regulation of hormone secretion",20,-0.240763282983546,-0.778538106672045,0.769722814498934,0.951259828448892,0.908914026936534,79,"tags=30%, list=8%, signal=28%","25012/29340/25387/117550/81666/24366"
"GO:0090277","positive regulation of peptide hormone secretion",20,-0.240763282983546,-0.778538106672045,0.769722814498934,0.951259828448892,0.908914026936534,79,"tags=30%, list=8%, signal=28%","25012/29340/25387/117550/81666/24366"
"GO:0005976","polysaccharide metabolic process",10,0.308599216343217,0.778293828448449,0.756335282651072,0.951259828448892,0.908914026936534,83,"tags=20%, list=9%, signal=18%","362809/25459"
"GO:0009112","nucleobase metabolic process",10,0.307967391233068,0.776700351997942,0.760233918128655,0.951259828448892,0.908914026936534,138,"tags=20%, list=14%, signal=17%","25368/298410"
"GO:0001933","negative regulation of protein phosphorylation",21,0.245099522160462,0.772245481324489,0.777142857142857,0.951259828448892,0.908914026936534,126,"tags=19%, list=13%, signal=17%","117287/65179/24832/365216"
"GO:0042326","negative regulation of phosphorylation",21,0.245099522160462,0.772245481324489,0.777142857142857,0.951259828448892,0.908914026936534,126,"tags=19%, list=13%, signal=17%","117287/65179/24832/365216"
"GO:0032635","interleukin-6 production",10,0.305375103128339,0.770162545916065,0.771929824561403,0.951259828448892,0.908914026936534,83,"tags=20%, list=9%, signal=18%","25246/25459"
"GO:0032675","regulation of interleukin-6 production",10,0.305375103128339,0.770162545916065,0.771929824561403,0.951259828448892,0.908914026936534,83,"tags=20%, list=9%, signal=18%","25246/25459"
"GO:0010821","regulation of mitochondrion organization",16,0.261644211636164,0.764227901111664,0.760700389105058,0.951259828448892,0.908914026936534,322,"tags=44%, list=34%, signal=30%","85383/81743/85333/282819/83529/287721/25176"
"GO:0032507","maintenance of protein location in cell",13,0.275274148190217,0.762167868516678,0.773879142300195,0.951259828448892,0.908914026936534,204,"tags=31%, list=21%, signal=25%","117287/287280/25058/25289"
"GO:0010324","membrane invagination",11,0.292309143318514,0.760030786605603,0.769083969465649,0.951259828448892,0.908914026936534,2,"tags=9%, list=0%, signal=9%","363875"
"GO:0007043","cell-cell junction assembly",16,0.259987823706169,0.759389812536149,0.766536964980545,0.951259828448892,0.908914026936534,84,"tags=19%, list=9%, signal=17%","24936/116690/63836"
"GO:0019229","regulation of vasoconstriction",11,0.291401137399906,0.757669887303148,0.776717557251908,0.951259828448892,0.908914026936534,148,"tags=27%, list=15%, signal=23%","170851/24212/29598"
"GO:0009064","glutamine family amino acid metabolic process",15,0.264622606577606,0.756494580526169,0.77734375,0.951259828448892,0.908914026936534,153,"tags=27%, list=16%, signal=23%","25721/24957/24401/24399"
"GO:0009408","response to heat",17,0.252661811655434,0.755698652536618,0.767123287671233,0.951259828448892,0.908914026936534,179,"tags=29%, list=19%, signal=24%","299331/24786/308061/116643/29753"
"GO:0051179","localization",500,0.171921873358141,0.905787437068796,0.780185758513932,0.953923326632482,0.911458958181799,239,"tags=26%, list=25%, signal=41%","363875/245965/50690/689064/314906/29564/79213/83612/85383/288707/24936/252892/311848/50676/25728/171375/299331/56011/24943/24440/252934/85428/25721/24957/85254/79563/50646/681896/24213/313413/64185/25246/24588/292597/56064/24186/116690/117287/24923/641434/83613/65046/25459/63836/25632/64633/50568/25650/170851/29545/362802/24786/81662/24832/171139/25506/679221/81732/140447/24778/65171/24799/287280/363972/24586/117556/54322/362862/117030/24212/307039/25740/25058/306439/308061/117243/171337/29704/114101/29598/29577/24399/85238/25130/79119/25262/25045/63886/29144/81504/261737/116643/29271/299850/29753/297566/113893/25686/25275/361967/85333/83531/84353/29374/84509/81683/65152/54231/25289/26989/287276/81869/266759/58942/171374/94197/25578/360882/29384/290356/83532/79434/312694/65033/29662/192249/361596/502776/301252/24804/29177"
"GO:0051239","regulation of multicellular organismal process",227,0.175808297289081,0.882975159145316,0.781818181818182,0.953923326632482,0.911458958181799,250,"tags=29%, list=26%, signal=28%","363875/25368/85383/24936/25393/25728/299331/25407/24957/29338/50646/313413/25246/29409/56064/24186/25344/117287/24923/83613/25459/25650/170851/24786/24832/83782/679221/81732/140447/65171/25630/24586/24212/24333/25058/308061/29598/292804/29577/85238/64627/261737/29271/29318/85333/84353/81683/54231/56646/64057/24398/266759/171374/94197/29384/25742/192249/361596/301252/64551/24547/65262/25567/140654/25023"
"GO:0048584","positive regulation of response to stimulus",144,-0.177844315985635,-0.869205182029019,0.783132530120482,0.953923326632482,0.911458958181799,231,"tags=28%, list=24%, signal=25%","54319/114114/24654/170538/81664/116590/29237/287444/81633/60465/29150/25400/24412/29340/58857/117542/29258/29337/24615/24629/83501/24404/317259/58814/25297/65153/294568/25387/122772/315648/29495/24246/66028/24245/81821/287927/24232/293621/24592/24366"
"GO:0043207","response to external biotic stimulus",116,0.188585850311716,0.862993733063399,0.785953177257525,0.953923326632482,0.911458958181799,199,"tags=23%, list=21%, signal=21%","24189/117254/25728/299331/25407/29338/171155/25344/117287/25459/25632/25650/24787/81743/81732/64371/24586/24333/25058/306439/29669/361422/29271/25275/64647/298682/81683"
"GO:0051707","response to other organism",116,0.188585850311716,0.862993733063399,0.785953177257525,0.953923326632482,0.911458958181799,199,"tags=23%, list=21%, signal=21%","24189/117254/25728/299331/25407/29338/171155/25344/117287/25459/25632/25650/24787/81743/81732/64371/24586/24333/25058/306439/29669/361422/29271/25275/64647/298682/81683"
"GO:0061024","membrane organization",112,-0.183058410225923,-0.858584564066034,0.781637717121588,0.953923326632482,0.911458958181799,210,"tags=26%, list=22%, signal=23%","361651/117021/366988/116561/29448/24803/25400/25012/58857/117542/116657/29337/83501/116723/25059/246324/114561/171574/29495/54225/300075/117550/60431/116563/25751/81754/24232/501083/116743"
"GO:0031327","negative regulation of cellular biosynthetic process",89,0.19224110304892,0.84260679055263,0.78391959798995,0.953923326632482,0.911458958181799,221,"tags=26%, list=23%, signal=22%","363875/85383/25728/56011/56064/25344/117287/25459/170851/81743/65151/117030/24333/29598/29577/25045/25309/361967/84353/81683/266759/25578/29384"
"GO:0071805","potassium ion transmembrane transport",25,0.237435121299072,0.781590086970245,0.785714285714286,0.953923326632482,0.911458958181799,133,"tags=20%, list=14%, signal=18%","24213/25650/24799/363972/24212"
"GO:0002703","regulation of leukocyte mediated immunity",12,-0.276968668162904,-0.771348165407208,0.786008230452675,0.953923326632482,0.911458958181799,148,"tags=42%, list=15%, signal=36%","24675/58917/84474/29337/24232"
"GO:0014046","dopamine secretion",10,-0.294441537675559,-0.767970895265232,0.787321063394683,0.953923326632482,0.911458958181799,347,"tags=90%, list=36%, signal=58%","83765/81632/25531/25716/25468/24805/25017/29219/54309"
"GO:0014059","regulation of dopamine secretion",10,-0.294441537675559,-0.767970895265232,0.787321063394683,0.953923326632482,0.911458958181799,347,"tags=90%, list=36%, signal=58%","83765/81632/25531/25716/25468/24805/25017/29219/54309"
"GO:0030239","myofibril assembly",12,-0.275132275132275,-0.766233874305121,0.786008230452675,0.953923326632482,0.911458958181799,698,"tags=50%, list=73%, signal=14%","79433/360950/291926/81634/24629/58814"
"GO:0055002","striated muscle cell development",12,-0.275132275132275,-0.766233874305121,0.786008230452675,0.953923326632482,0.911458958181799,698,"tags=50%, list=73%, signal=14%","79433/360950/291926/81634/24629/58814"
"GO:0034250","positive regulation of amide metabolic process",21,0.241928613405223,0.762254764344133,0.786666666666667,0.953923326632482,0.911458958181799,121,"tags=19%, list=13%, signal=17%","25728/50646/100362640/25630"
"GO:0070588","calcium ion transmembrane transport",45,0.216797661368677,0.825227416594823,0.790408525754885,0.956986843063905,0.914386100664848,214,"tags=31%, list=22%, signal=25%","85383/24943/50646/25650/24832/140447/24212/306439/29598/25262/25045/29753/81869/58942"
"GO:0009891","positive regulation of biosynthetic process",140,0.184137507239309,0.865730364913755,0.793570219966159,0.957272584266449,0.914659121956506,201,"tags=24%, list=21%, signal=22%","362809/25728/299331/24943/85428/50646/25246/25344/117287/25459/63836/170851/100362640/24786/83782/24787/81743/81732/65171/25630/117030/24333/25058/94167/292804/29577/25045/116643/29318/84353/29374/81683/65152"
"GO:0044419","biological process involved in interspecies interaction between organisms",127,0.186248609018458,0.861679496862206,0.795180722891566,0.957272584266449,0.914659121956506,218,"tags=25%, list=23%, signal=22%","24189/117254/25728/299331/25407/29338/171155/25246/25344/117287/25459/25632/25650/25506/24787/81743/81732/64371/24586/24333/25058/306439/29669/361422/29271/25275/64647/298682/81683/56646/94197/25578"
"GO:0006873","intracellular monoatomic ion homeostasis",74,-0.193893565226873,-0.858914056796966,0.798099762470309,0.957272584266449,0.914659121956506,254,"tags=34%, list=27%, signal=27%","83718/29219/155151/24654/83839/116590/29448/60324/116601/29340/29337/25319/295645/29600/689560/116600/29599/25391/65153/117559/140908/24246/60431/50592/25679"
"GO:0034762","regulation of transmembrane transport",63,-0.190742213062167,-0.828289875297231,0.79862700228833,0.957272584266449,0.914659121956506,274,"tags=33%, list=29%, signal=25%","24424/25470/83718/29219/155151/24520/117103/170538/24412/29340/29738/689560/116600/25059/25297/24246/66028/29731/170630/24232/63848"
"GO:0016079","synaptic vesicle exocytosis",36,0.224200628993932,0.804412428616992,0.795660036166365,0.957272584266449,0.914659121956506,268,"tags=39%, list=28%, signal=29%","24923/64633/50568/117556/171337/85238/25130/26989/58942/24804/25023/25624/24681/29693"
"GO:0043687","post-translational protein modification",39,-0.210125630143964,-0.799463496800305,0.796252927400468,0.957272584266449,0.914659121956506,90,"tags=15%, list=9%, signal=15%","303533/25387/140908/65028/287927/50522"
"GO:0071326","cellular response to monosaccharide stimulus",25,-0.23200023880143,-0.793214713278449,0.797872340425532,0.957272584266449,0.914659121956506,224,"tags=28%, list=23%, signal=22%","24654/116484/29340/24404/25387/117550/117282"
"GO:0006417","regulation of translation",30,0.226568969801721,0.778511381294429,0.795497185741088,0.957272584266449,0.914659121956506,121,"tags=17%, list=13%, signal=15%","24440/50646/100362640/65151/25630"
"GO:0006935","chemotaxis",33,0.220972491602715,0.77684080105627,0.79746835443038,0.957272584266449,0.914659121956506,83,"tags=12%, list=9%, signal=11%","363875/50646/25246/25459"
"GO:0042330","taxis",33,0.220972491602715,0.77684080105627,0.79746835443038,0.957272584266449,0.914659121956506,83,"tags=12%, list=9%, signal=11%","363875/50646/25246/25459"
"GO:2000177","regulation of neural precursor cell proliferation",15,-0.257084347579158,-0.769482230590267,0.797959183673469,0.957272584266449,0.914659121956506,346,"tags=53%, list=36%, signal=35%","25613/361675/116554/81659/81664/83501/89825/24592"
"GO:0035640","exploration behavior",10,-0.293127247044776,-0.76454292460481,0.79959100204499,0.957272584266449,0.914659121956506,203,"tags=40%, list=21%, signal=32%","29237/29340/295645/29495"
"GO:0001975","response to amphetamine",11,-0.284895126610098,-0.760076344331212,0.797071129707113,0.957272584266449,0.914659121956506,6,"tags=55%, list=1%, signal=55%","29691/24675/24242/25085/360616/24611"
"GO:0044403","biological process involved in symbiotic interaction",21,0.241070873932559,0.759552248133249,0.794285714285714,0.957272584266449,0.914659121956506,106,"tags=19%, list=11%, signal=17%","25728/25246/25344/25506"
"GO:1901657","glycosyl compound metabolic process",10,0.298720908405842,0.753380524408747,0.795321637426901,0.957272584266449,0.914659121956506,314,"tags=50%, list=33%, signal=34%","25368/29443/78959/292072/24465"
"GO:0019751","polyol metabolic process",13,0.268494933935508,0.7433978557396,0.799220272904483,0.957272584266449,0.914659121956506,130,"tags=23%, list=14%, signal=20%","294292/50646/24401"
"GO:0007154","cell communication",416,-0.166814235772004,-0.906367747827645,0.815340909090909,0.958266483782923,0.915608777544676,266,"tags=29%, list=28%, signal=37%","308100/25152/684097/25750/79011/29254/25532/117558/84008/114562/29219/155151/54309/50866/24520/171039/309111/683788/54319/114114/117103/24654/29304/83839/170538/24898/81664/116590/303634/24464/361651/170916/117021/29237/29474/287444/116561/116509/29448/60324/29629/81633/361677/24803/116601/60465/25400/25012/24412/29340/310192/58857/79212/117542/116653/29258/116657/257644/29337/24615/64670/360616/24629/83501/295645/29600/116723/24404/317259/58814/689560/60377/116600/122799/25391/25297/25272/25050/81830/364208/65153/117559/171140/294568/25387/122772/315648/286924/24380/29495/140908/24673/117550/24246/60431/66028/25751/65028/170630/81754/114612/24245/81821/81666/24232/293621/81818/83527/50592/24592/24366/25679/553106/288700/81661/29578/25600/84487/140667/24611/171503/117282"
"GO:1901701","cellular response to oxygen-containing compound",186,0.176243964303574,0.862580852782932,0.817420435510888,0.958266483782923,0.915608777544676,150,"tags=18%, list=16%, signal=19%","363875/314906/85383/60666/362245/117254/25728/85428/29338/171155/50646/24213/24588/117287/641434/25459/65179/24786/81662/83782/24787/81743/81732/25630/64371/24401/362862/25740/289144/117243/171337/29598/29577"
"GO:0009607","response to biotic stimulus",118,0.186491801396237,0.852851357726995,0.819256756756757,0.958266483782923,0.915608777544676,199,"tags=23%, list=21%, signal=21%","24189/117254/25728/299331/25407/29338/171155/25344/117287/25459/25632/25650/24787/81743/81732/64371/24586/24333/25058/306439/29669/361422/29271/25275/64647/298682/81683"
"GO:0019219","regulation of nucleobase-containing compound metabolic process",135,0.180498387897068,0.845680095933,0.821124361158433,0.958266483782923,0.915608777544676,150,"tags=17%, list=16%, signal=17%","363875/690660/25728/56011/85428/494445/50646/25344/117287/25459/63836/170851/83782/24787/81743/81732/308650/65151/25630/24333/289144/94167/29577"
"GO:0035239","tube morphogenesis",57,-0.197348315098651,-0.827263469059167,0.81123595505618,0.958266483782923,0.915608777544676,154,"tags=21%, list=16%, signal=19%","29258/24629/83501/29600/24404/689560/25059/54225/64157/24232/24592/24170"
"GO:0051047","positive regulation of secretion",50,0.209087824595991,0.81616646292599,0.805357142857143,0.958266483782923,0.915608777544676,207,"tags=26%, list=22%, signal=21%","363875/24957/25246/24923/64633/81662/65171/24399/25262/361967/81683/65152/26989"
"GO:0006520","amino acid metabolic process",41,-0.21124103941475,-0.815068461571084,0.802298850574713,0.958266483782923,0.915608777544676,128,"tags=39%, list=13%, signal=35%","299201/24188/300033/25085/64300/317675/292023/63938/266975/29600/29383/25604/24380/64157/64192/292845"
"GO:0006357","regulation of transcription by RNA polymerase II",71,0.193473754983446,0.814471713264429,0.803418803418803,0.958266483782923,0.915608777544676,292,"tags=35%, list=31%, signal=26%","85428/25344/117287/25459/63836/170851/83782/24787/81743/81732/25630/24333/29577/361967/84353/65152/25578/29384/25023/24674/295214/29222/81807/117273/58940"
"GO:0009743","response to carbohydrate",49,0.208446680427573,0.811465487763604,0.808435852372584,0.958266483782923,0.915608777544676,145,"tags=18%, list=15%, signal=16%","363875/24957/50646/24533/25459/83782/24787/24401/171337"
"GO:1902532","negative regulation of intracellular signal transduction",48,0.207588897890507,0.804318849174777,0.811051693404635,0.958266483782923,0.915608777544676,199,"tags=27%, list=21%, signal=23%","85383/293508/25344/117287/170851/24787/81743/24333/308061/25262/83531/84353/81683"
"GO:0009792","embryo development ending in birth or egg hatching",43,0.213766190163672,0.803315508415104,0.81657848324515,0.958266483782923,0.915608777544676,195,"tags=26%, list=20%, signal=21%","293508/25632/25650/170851/24333/308061/292804/29577/81504/29271/84353"
"GO:0043009","chordate embryonic development",43,0.213766190163672,0.803315508415104,0.81657848324515,0.958266483782923,0.915608777544676,195,"tags=26%, list=20%, signal=21%","293508/25632/25650/170851/24333/308061/292804/29577/81504/29271/84353"
"GO:0007163","establishment or maintenance of cell polarity",41,0.215432741653537,0.80228727398391,0.81657848324515,0.958266483782923,0.915608777544676,176,"tags=20%, list=18%, signal=17%","363875/299331/85428/50646/81732/171337/29577/29271"
"GO:0030031","cell projection assembly",50,0.205369757945641,0.801653129532221,0.821428571428571,0.958266483782923,0.915608777544676,242,"tags=30%, list=25%, signal=24%","363875/299331/85428/292597/64633/81732/306439/94167/25130/29271/83532/29662/192249/64551/64465"
"GO:0120031","plasma membrane bounded cell projection assembly",50,0.205369757945641,0.801653129532221,0.821428571428571,0.958266483782923,0.915608777544676,242,"tags=30%, list=25%, signal=24%","363875/299331/85428/292597/64633/81732/306439/94167/25130/29271/83532/29662/192249/64551/64465"
"GO:0016236","macroautophagy",27,-0.227742679138389,-0.793390838678447,0.804979253112033,0.958266483782923,0.915608777544676,188,"tags=22%, list=20%, signal=18%","29448/64670/116723/81754/500249/501083"
"GO:0001822","kidney development",27,-0.225789034118166,-0.786584894061747,0.815352697095436,0.958266483782923,0.915608777544676,341,"tags=48%, list=36%, signal=32%","24192/84484/24188/494500/64040/25473/83839/140670/81633/287830/24629/24592/117282"
"GO:0072001","renal system development",27,-0.225789034118166,-0.786584894061747,0.815352697095436,0.958266483782923,0.915608777544676,341,"tags=48%, list=36%, signal=32%","24192/84484/24188/494500/64040/25473/83839/140670/81633/287830/24629/24592/117282"
"GO:0019216","regulation of lipid metabolic process",24,-0.229975544817591,-0.773996457474114,0.803418803418803,0.958266483782923,0.915608777544676,248,"tags=33%, list=26%, signal=25%","29219/170538/79131/29340/29337/24479/54225/24232"
"GO:1902905","positive regulation of supramolecular fiber organization",31,0.223650948393279,0.773595164060036,0.822761194029851,0.958266483782923,0.915608777544676,176,"tags=19%, list=18%, signal=16%","363875/50646/502674/81732/81504/29271"
"GO:0071331","cellular response to hexose stimulus",24,-0.228579907554535,-0.769299356752466,0.80982905982906,0.958266483782923,0.915608777544676,166,"tags=25%, list=17%, signal=21%","116484/29340/24404/25387/117550/117282"
"GO:0071333","cellular response to glucose stimulus",24,-0.228579907554535,-0.769299356752466,0.80982905982906,0.958266483782923,0.915608777544676,166,"tags=25%, list=17%, signal=21%","116484/29340/24404/25387/117550/117282"
"GO:0070849","response to epidermal growth factor",10,-0.291440344685562,-0.760143097307148,0.805725971370143,0.958266483782923,0.915608777544676,215,"tags=50%, list=22%, signal=39%","50689/29393/116590/117542/29578"
"GO:0030879","mammary gland development",14,-0.258770292356577,-0.754217926669087,0.80625,0.958266483782923,0.915608777544676,263,"tags=36%, list=27%, signal=26%","64205/24898/116590/24404/25059"
"GO:0001676","long-chain fatty acid metabolic process",15,-0.251881531857433,-0.753909620726609,0.812244897959184,0.958266483782923,0.915608777544676,335,"tags=53%, list=35%, signal=35%","50689/25017/499689/24424/29254/24423/24404/24421"
"GO:0010662","regulation of striated muscle cell apoptotic process",10,-0.28876436269706,-0.753163524045688,0.815950920245399,0.958266483782923,0.915608777544676,199,"tags=60%, list=21%, signal=48%","29154/116554/287444/25400/25604/24246"
"GO:0010665","regulation of cardiac muscle cell apoptotic process",10,-0.28876436269706,-0.753163524045688,0.815950920245399,0.958266483782923,0.915608777544676,199,"tags=60%, list=21%, signal=48%","29154/116554/287444/25400/25604/24246"
"GO:0032387","negative regulation of intracellular transport",11,-0.281206769478996,-0.750236116321159,0.805439330543933,0.958266483782923,0.915608777544676,333,"tags=64%, list=35%, signal=42%","25420/29456/684097/116484/499157/140908/24592"
"GO:0045727","positive regulation of translation",17,-0.241141022601296,-0.747380709418289,0.822810590631365,0.958266483782923,0.915608777544676,215,"tags=47%, list=22%, signal=37%","50689/140662/79256/116590/287444/140661/114612/81818"
"GO:0002274","myeloid leukocyte activation",15,-0.249541793411939,-0.746906521646521,0.818367346938776,0.958266483782923,0.915608777544676,248,"tags=47%, list=26%, signal=35%","29219/170538/24803/29340/116657/29337/25050"
"GO:0015844","monoamine transport",18,-0.236701226770706,-0.745459374201944,0.817248459958932,0.958266483782923,0.915608777544676,362,"tags=44%, list=38%, signal=28%","116470/24805/25017/25750/29219/54309/24898/192179"
"GO:0010833","telomere maintenance via telomere lengthening",15,0.258381508691187,0.738652731000646,0.80859375,0.958266483782923,0.915608777544676,32,"tags=13%, list=3%, signal=13%","362809/299331"
"GO:0051702","biological process involved in interaction with symbiont",11,0.281961603562331,0.733126226963572,0.809160305343511,0.958266483782923,0.915608777544676,71,"tags=18%, list=7%, signal=17%","25728/25344"
"GO:0019226","transmission of nerve impulse",15,0.25631722413709,0.732751420836579,0.822265625,0.958266483782923,0.915608777544676,100,"tags=20%, list=10%, signal=18%","29409/116690/24786"
"GO:0030111","regulation of Wnt signaling pathway",13,0.264409160653605,0.732085332809337,0.816764132553606,0.958266483782923,0.915608777544676,195,"tags=31%, list=20%, signal=25%","25728/362802/116643/84353"
"GO:0032434","regulation of proteasomal ubiquitin-dependent protein catabolic process",14,0.257451663492689,0.731180974873756,0.804597701149425,0.958266483782923,0.915608777544676,75,"tags=14%, list=8%, signal=13%","298012/117287"
"GO:0043491","phosphatidylinositol 3-kinase/protein kinase B signal transduction",15,0.255000297720815,0.728986634034164,0.822265625,0.958266483782923,0.915608777544676,142,"tags=20%, list=15%, signal=17%","299331/25344/308061"
"GO:0051321","meiotic cell cycle",12,0.270831105631699,0.726541431575942,0.819767441860465,0.958266483782923,0.915608777544676,110,"tags=17%, list=11%, signal=15%","293508/81732"
"GO:0000723","telomere maintenance",16,0.245210665592782,0.716227701443498,0.817120622568093,0.958266483782923,0.915608777544676,32,"tags=12%, list=3%, signal=12%","362809/299331"
"GO:0032200","telomere organization",17,0.238761161180246,0.714122512617981,0.810176125244618,0.958266483782923,0.915608777544676,32,"tags=12%, list=3%, signal=12%","362809/299331"
"GO:0048856","anatomical structure development",462,-0.164040374680416,-0.902201066310196,0.826086956521739,0.96050385188492,0.917746548099585,184,"tags=20%, list=19%, signal=31%","81633/361677/60465/117240/29150/60460/287830/66031/25400/81728/24422/25012/310192/58857/157074/81921/29562/117542/116653/29258/29738/24689/29337/64302/24629/360543/83501/295645/83764/25551/29600/116723/29345/24404/58814/689560/64307/29599/25595/24479/25391/25059/25050/81830/84510/85274/65153/25062/303533/114561/171140/25485/362361/294568/293692/171574/25387/252922/315648/81521/29495/89825/54225/140908/297516/117550/24246/29731/25751/29489/64157/24421/114612/24245/287927/81666/24232/171111/293621/81818/83527/50592/24592/288700/59318/29578/84487/116743/192179/64192/24170/171503/117282"
"GO:0007275","multicellular organism development",392,-0.162928953700593,-0.886430039578614,0.828651685393258,0.96050385188492,0.917746548099585,120,"tags=14%, list=13%, signal=21%","29345/24404/689560/64307/29599/25595/24479/25391/25059/81830/84510/85274/65153/25062/303533/114561/171140/25485/362361/294568/293692/171574/25387/252922/29495/89825/54225/140908/297516/117550/24246/29731/25751/64157/114612/24245/287927/81666/24232/171111/293621/81818/83527/50592/24592/288700/59318/29578/84487/116743/192179/64192/24170/171503/117282"
"GO:0006811","monoatomic ion transport",161,-0.173999305255262,-0.862847774684265,0.834567901234568,0.96050385188492,0.917746548099585,191,"tags=24%, list=20%, signal=23%","116509/245958/29629/116601/117240/25400/25012/24412/29340/366448/79212/29738/29337/25319/24629/295645/29600/689560/116600/29599/25391/25297/65153/171140/65042/140908/117550/24246/29731/25751/170630/24245/81666/50592/25679/63848/84487/24170"
"GO:0048583","regulation of response to stimulus",231,0.171566538335696,0.861833521005211,0.841402337228714,0.96050385188492,0.917746548099585,150,"tags=17%, list=16%, signal=19%","363875/690660/25368/85383/24936/117254/25728/299331/56011/24440/25407/293508/29338/50646/56064/25344/117287/24923/25459/63836/170851/65179/362802/24786/24832/25506/679221/24787/81743/140447/365216/24586/24401/117030/24333/308061/171337/29598/29577"
"GO:0007399","nervous system development",272,0.166772074591123,0.85438162521489,0.84072249589491,0.96050385188492,0.917746548099585,165,"tags=18%, list=17%, signal=20%","363875/314906/83612/24936/252892/25393/25728/171375/299331/289218/24943/293508/50646/24213/25246/24533/24588/29409/56064/116690/299923/24923/83613/25459/50568/170851/29545/24786/24832/83782/24787/81732/140447/89791/24778/24586/24212/307039/306439/117243/29704/29577/497902/24399/85238/291081/25262/25045"
"GO:0006812","monoatomic cation transport",143,0.176979921490915,0.834374588069978,0.849662162162162,0.96050385188492,0.917746548099585,215,"tags=24%, list=22%, signal=22%","245965/50690/79213/83612/85383/50676/171375/24943/252934/50646/681896/24213/641434/25650/362802/24832/140447/24799/363972/54322/24212/306439/29598/29577/25262/25045/29753/297566/85333/84353/81683/81869/58942/171374"
"GO:0043412","macromolecule modification",116,0.181821306512625,0.832038288124134,0.842809364548495,0.96050385188492,0.917746548099585,251,"tags=30%, list=26%, signal=25%","363875/299331/56011/24440/293508/50646/64156/56064/117287/25459/65179/29545/24832/287280/365216/117030/308061/29577/25045/116643/170923/29753/361967/84353/81683/301618/266759/171133/100912032/24679/301252/116725/140654/25023/282819"
"GO:0140352","export from cell",141,0.176757965751667,0.831955633775102,0.860780984719864,0.96050385188492,0.917746548099585,268,"tags=32%, list=28%, signal=27%","363875/25728/24957/24213/25246/117287/24923/64633/50568/25650/81662/140447/65171/24586/117556/117030/24212/25740/171337/29598/24399/85238/25130/25262/29753/361967/81683/65152/26989/58942/25578/79434/361596/502776/24804/64465/25023/25524/116508/25291/24674/25416/25624/24681/29693"
"GO:0055080","monoatomic cation homeostasis",77,-0.185179352729166,-0.826435343425654,0.853012048192771,0.96050385188492,0.917746548099585,254,"tags=34%, list=27%, signal=27%","83718/29219/155151/24520/24654/83839/116590/29448/60324/116601/29340/29337/25319/295645/29600/689560/116600/29599/25391/65153/117559/140908/24246/60431/50592/25679"
"GO:0006886","intracellular protein transport",111,-0.17555025203006,-0.823453802943681,0.865853658536585,0.96050385188492,0.917746548099585,100,"tags=31%, list=10%, signal=31%","751812/25152/64198/684097/54241/171039/117103/170538/116590/116484/140670/117021/116561/29448/24803/60465/287830/499157/116493/25297/25050/81830/246324/293692/300075/140908/117550/116563/81754/500249/293621/24592/140667/171503"
"GO:0050801","monoatomic ion homeostasis",78,-0.184444529223728,-0.822809609893257,0.846153846153846,0.96050385188492,0.917746548099585,254,"tags=33%, list=27%, signal=27%","83718/29219/155151/24520/24654/83839/116590/29448/60324/116601/29340/29337/25319/295645/29600/689560/116600/29599/25391/65153/117559/140908/24246/60431/50592/25679"
"GO:0031324","negative regulation of cellular metabolic process",116,0.179756341670433,0.822588736554585,0.864548494983278,0.96050385188492,0.917746548099585,296,"tags=34%, list=31%, signal=27%","363875/85383/25728/56011/56064/25344/117287/25459/170851/65179/24832/81743/65151/365216/117030/24333/29598/29577/25045/25309/29753/361967/84353/81683/266759/25578/29384/24679/301252/140654/282819/24674/24438/295214/191575/25518/81807/83529/117273/25528"
"GO:0009968","negative regulation of signal transduction",86,0.187247510230657,0.815129072364747,0.828046744574291,0.96050385188492,0.917746548099585,199,"tags=23%, list=21%, signal=20%","85383/25728/56011/293508/29338/25344/117287/170851/24832/24787/81743/365216/24333/308061/25262/116643/85333/83531/84353/81683"
"GO:0006355","regulation of DNA-templated transcription",96,0.183945749129531,0.810445578912749,0.858119658119658,0.96050385188492,0.917746548099585,150,"tags=17%, list=16%, signal=16%","690660/25728/56011/85428/25344/117287/25459/63836/170851/83782/24787/81743/81732/25630/24333/29577"
"GO:2001141","regulation of RNA biosynthetic process",96,0.183945749129531,0.810445578912749,0.858119658119658,0.96050385188492,0.917746548099585,150,"tags=17%, list=16%, signal=16%","690660/25728/56011/85428/25344/117287/25459/63836/170851/83782/24787/81743/81732/25630/24333/29577"
"GO:0044057","regulation of system process",77,0.189728542256293,0.808824725918476,0.833049403747871,0.96050385188492,0.917746548099585,148,"tags=18%, list=15%, signal=17%","25368/85383/25728/299331/50646/29409/24923/25650/170851/24786/140447/24212/24333/29598"
"GO:0010558","negative regulation of macromolecule biosynthetic process",87,0.184761077489942,0.807266446660626,0.839137645107794,0.96050385188492,0.917746548099585,221,"tags=25%, list=23%, signal=21%","363875/85383/25728/56011/56064/25344/117287/25459/170851/81743/65151/117030/24333/29598/29577/25045/361967/84353/81683/266759/25578/29384"
"GO:0006366","transcription by RNA polymerase II",72,0.190366645516055,0.803391363468271,0.827054794520548,0.96050385188492,0.917746548099585,292,"tags=35%, list=31%, signal=26%","85428/25344/117287/25459/63836/170851/83782/24787/81743/81732/25630/24333/29577/361967/84353/65152/25578/29384/25023/24674/295214/29222/81807/117273/58940"
"GO:0071345","cellular response to cytokine stimulus",86,0.184235700153145,0.802018009090276,0.853088480801336,0.96050385188492,0.917746548099585,150,"tags=16%, list=16%, signal=15%","85383/298012/60666/25728/50646/25344/25459/63836/25506/81743/81732/24333/289144/29577"
"GO:0045934","negative regulation of nucleobase-containing compound metabolic process",54,-0.193513326466121,-0.801309205183787,0.851015801354402,0.96050385188492,0.917746548099585,231,"tags=24%, list=24%, signal=19%","54319/24654/116484/266975/161477/27139/291145/317259/25272/362361/140908/29578/117282"
"GO:0006836","neurotransmitter transport",70,0.189932022840091,0.794833075061567,0.862608695652174,0.96050385188492,0.917746548099585,160,"tags=19%, list=17%, signal=17%","50690/79213/83612/50676/117287/24923/64633/50568/117556/24212/171337/85238/25130"
"GO:0030163","protein catabolic process",75,0.187051322346511,0.794443100916767,0.860544217687075,0.96050385188492,0.917746548099585,172,"tags=19%, list=18%, signal=17%","50690/298012/25728/299331/50646/64156/25344/117287/29545/287280/362862/29669/29144/116643"
"GO:0009617","response to bacterium",58,-0.187137872611069,-0.792966574997397,0.864864864864865,0.96050385188492,0.917746548099585,262,"tags=34%, list=27%, signal=27%","684097/25750/29219/116655/24648/170538/116590/24464/29237/29448/24422/29340/29337/24404/54225/81754/24232/81818/24366/64035"
"GO:0040008","regulation of growth",62,-0.18312057948387,-0.787446877499964,0.859122401847575,0.96050385188492,0.917746548099585,63,"tags=11%, list=7%, signal=11%","140908/297516/25751/114612/24232/83527/117282"
"GO:0010817","regulation of hormone levels",49,0.201199068614534,0.783251141327742,0.829525483304042,0.96050385188492,0.917746548099585,257,"tags=31%, list=27%, signal=24%","363875/24957/117287/60449/81662/25506/25740/24399/25262/246333/65152/25578/79434/25023/24674"
"GO:0051603","proteolysis involved in protein catabolic process",51,0.199107667673616,0.779633145563178,0.849909584086799,0.96050385188492,0.917746548099585,172,"tags=22%, list=18%, signal=19%","298012/25728/50646/64156/117287/29545/287280/362862/29669/29144/116643"
"GO:0048609","multicellular organismal reproductive process",64,0.189054802362215,0.777682695785975,0.863157894736842,0.96050385188492,0.917746548099585,205,"tags=25%, list=21%, signal=21%","298012/298942/50646/25246/117287/29545/24786/81732/64189/64371/298410/84353/84509/81683/54231/24829"
"GO:1903828","negative regulation of protein localization",35,-0.209280771367836,-0.776839978577009,0.841269841269841,0.96050385188492,0.917746548099585,63,"tags=14%, list=7%, signal=14%","140908/116563/65028/24592/192179"
"GO:0045087","innate immune response",56,0.195365992499721,0.7755816261127,0.853479853479853,0.96050385188492,0.917746548099585,110,"tags=14%, list=11%, signal=13%","117254/25728/299331/25407/25344/25459/25650/81732"
"GO:0007283","spermatogenesis",42,0.206514050457948,0.768520947616284,0.857651245551601,0.96050385188492,0.917746548099585,114,"tags=17%, list=12%, signal=15%","298012/298942/25246/117287/24786/81732/64189"
"GO:0048232","male gamete generation",42,0.206514050457948,0.768520947616284,0.857651245551601,0.96050385188492,0.917746548099585,114,"tags=17%, list=12%, signal=15%","298012/298942/25246/117287/24786/81732/64189"
"GO:0034765","regulation of monoatomic ion transmembrane transport",45,-0.194859732007855,-0.768380077339354,0.870159453302961,0.96050385188492,0.917746548099585,167,"tags=36%, list=17%, signal=31%","24424/25470/83718/29219/155151/24520/24412/29340/29738/689560/116600/25297/24246/29731/170630/63848"
"GO:0051248","negative regulation of protein metabolic process",64,0.186712190580234,0.768046290769926,0.871929824561404,0.96050385188492,0.917746548099585,249,"tags=27%, list=26%, signal=21%","85383/25728/56011/25344/117287/65179/24832/65151/365216/25045/29753/84353/81683/266759/24679/301252/140654"
"GO:0050778","positive regulation of immune response",39,0.207714534271706,0.765592172432975,0.841739130434783,0.96050385188492,0.917746548099585,103,"tags=15%, list=11%, signal=14%","299331/25407/25344/117287/25459/24832"
"GO:0051588","regulation of neurotransmitter transport",30,-0.212781105761101,-0.764341682729688,0.842217484008529,0.96050385188492,0.917746548099585,173,"tags=20%, list=18%, signal=17%","25400/116657/65153/66028/24592/192179"
"GO:0015833","peptide transport",39,0.207099439851861,0.763325063514519,0.843478260869565,0.96050385188492,0.917746548099585,257,"tags=33%, list=27%, signal=25%","363875/24957/117287/81662/25740/24399/25262/63886/65152/54231/79434/25023/24674"
"GO:0071466","cellular response to xenobiotic stimulus",27,0.224544594350596,0.748420934916093,0.836538461538462,0.96050385188492,0.917746548099585,145,"tags=19%, list=15%, signal=16%","294930/64352/29545/81743/171337"
"GO:0071322","cellular response to carbohydrate stimulus",26,-0.217676253631603,-0.745939530688449,0.869198312236287,0.96050385188492,0.917746548099585,224,"tags=27%, list=23%, signal=21%","24654/116484/29340/24404/25387/117550/117282"
"GO:0008064","regulation of actin polymerization or depolymerization",34,0.210509921752208,0.745681776501452,0.85792349726776,0.96050385188492,0.917746548099585,176,"tags=21%, list=18%, signal=17%","363875/50646/502674/81732/81504/361422/29271"
"GO:0008154","actin polymerization or depolymerization",34,0.210509921752208,0.745681776501452,0.85792349726776,0.96050385188492,0.917746548099585,176,"tags=21%, list=18%, signal=17%","363875/50646/502674/81732/81504/361422/29271"
"GO:0030832","regulation of actin filament length",34,0.210509921752208,0.745681776501452,0.85792349726776,0.96050385188492,0.917746548099585,176,"tags=21%, list=18%, signal=17%","363875/50646/502674/81732/81504/361422/29271"
"GO:0002443","leukocyte mediated immunity",24,-0.221198765546395,-0.744457681647643,0.83974358974359,0.96050385188492,0.917746548099585,247,"tags=29%, list=26%, signal=22%","155151/170538/24803/116657/29337/117550/24232"
"GO:0043270","positive regulation of monoatomic ion transport",24,0.227906417867842,0.741043019682265,0.837078651685393,0.96050385188492,0.917746548099585,199,"tags=29%, list=21%, signal=24%","24943/25650/24832/29598/25262/25045/81683"
"GO:0051384","response to glucocorticoid",25,0.224507887745718,0.73903615669249,0.842105263157895,0.96050385188492,0.917746548099585,255,"tags=36%, list=27%, signal=27%","83613/25459/170851/24401/29598/81683/25742/65262/25291"
"GO:0003158","endothelium development",17,-0.238422871854204,-0.738956205732634,0.843177189409369,0.96050385188492,0.917746548099585,267,"tags=41%, list=28%, signal=30%","305679/83718/54319/24654/24404/81521/24170"
"GO:0000122","negative regulation of transcription by RNA polymerase II",31,0.213227003963939,0.737539367923694,0.854477611940298,0.96050385188492,0.917746548099585,221,"tags=29%, list=23%, signal=23%","25344/25459/81743/24333/29577/361967/84353/25578/29384"
"GO:0090087","regulation of peptide transport",31,0.212158953702305,0.733845046377958,0.85634328358209,0.96050385188492,0.917746548099585,202,"tags=26%, list=21%, signal=21%","363875/24957/81662/25740/24399/25262/65152/54231"
"GO:1904377","positive regulation of protein localization to cell periphery",14,-0.251533284142886,-0.733124773817152,0.835416666666667,0.96050385188492,0.917746548099585,357,"tags=57%, list=37%, signal=36%","60391/25132/25017/29219/54319/29600/81830/117550"
"GO:0010565","regulation of cellular ketone metabolic process",10,-0.280369956027029,-0.7312689909017,0.842535787321063,0.96050385188492,0.917746548099585,248,"tags=40%, list=26%, signal=30%","29219/79131/29340/29600"
"GO:1903421","regulation of synaptic vesicle recycling",16,-0.242353545222999,-0.730852996207058,0.848360655737705,0.96050385188492,0.917746548099585,229,"tags=56%, list=24%, signal=44%","24675/116638/24242/56768/114114/24803/116493/171574/116563"
"GO:0009615","response to virus",22,0.227562306458688,0.730786902676946,0.843866171003718,0.96050385188492,0.917746548099585,193,"tags=27%, list=20%, signal=22%","299331/25344/24333/29669/29271/298682"
"GO:0010823","negative regulation of mitochondrion organization",10,0.287897589042361,0.726083881326686,0.838206627680312,0.96050385188492,0.917746548099585,385,"tags=70%, list=40%, signal=42%","85383/85333/282819/287721/25176/24472/171116"
"GO:0001909","leukocyte mediated cytotoxicity",10,0.286186468220928,0.72176839799257,0.842105263157895,0.96050385188492,0.917746548099585,28,"tags=10%, list=3%, signal=10%","117254"
"GO:0009123","nucleoside monophosphate metabolic process",10,0.286182907297511,0.721759417267498,0.842105263157895,0.96050385188492,0.917746548099585,138,"tags=20%, list=14%, signal=17%","25368/298410"
"GO:0006470","protein dephosphorylation",11,0.277323805086355,0.721067522320271,0.826335877862595,0.96050385188492,0.917746548099585,200,"tags=27%, list=21%, signal=22%","56011/29753/301618"
"GO:0010827","regulation of glucose transmembrane transport",13,-0.253376101776048,-0.720806927684161,0.832310838445808,0.96050385188492,0.917746548099585,226,"tags=31%, list=24%, signal=24%","117103/170538/25059/24232"
"GO:0014910","regulation of smooth muscle cell migration",17,-0.23216119279845,-0.719549063453998,0.871690427698574,0.96050385188492,0.917746548099585,214,"tags=41%, list=22%, signal=33%","25017/81663/303634/29474/24629/24246/24592"
"GO:0051208","sequestering of calcium ion",20,-0.222490290082942,-0.719450104881338,0.850746268656716,0.96050385188492,0.917746548099585,274,"tags=45%, list=29%, signal=33%","24424/29219/155151/24654/29340/29337/689560/24246/25679"
"GO:0051209","release of sequestered calcium ion into cytosol",20,-0.222490290082942,-0.719450104881338,0.850746268656716,0.96050385188492,0.917746548099585,274,"tags=45%, list=29%, signal=33%","24424/29219/155151/24654/29340/29337/689560/24246/25679"
"GO:0051282","regulation of sequestering of calcium ion",20,-0.222490290082942,-0.719450104881338,0.850746268656716,0.96050385188492,0.917746548099585,274,"tags=45%, list=29%, signal=33%","24424/29219/155151/24654/29340/29337/689560/24246/25679"
"GO:0051283","negative regulation of sequestering of calcium ion",20,-0.222490290082942,-0.719450104881338,0.850746268656716,0.96050385188492,0.917746548099585,274,"tags=45%, list=29%, signal=33%","24424/29219/155151/24654/29340/29337/689560/24246/25679"
"GO:0033238","regulation of amine metabolic process",10,-0.275491199808539,-0.71854407847775,0.852760736196319,0.96050385188492,0.917746548099585,261,"tags=40%, list=27%, signal=29%","25750/29219/24898/29600"
"GO:0014812","muscle cell migration",18,-0.227597178807093,-0.716787372834441,0.868583162217659,0.96050385188492,0.917746548099585,214,"tags=39%, list=22%, signal=31%","25017/81663/303634/29474/24629/24246/24592"
"GO:0014909","smooth muscle cell migration",18,-0.227597178807093,-0.716787372834441,0.868583162217659,0.96050385188492,0.917746548099585,214,"tags=39%, list=22%, signal=31%","25017/81663/303634/29474/24629/24246/24592"
"GO:0002573","myeloid leukocyte differentiation",15,0.25065521315252,0.716565046285655,0.830078125,0.96050385188492,0.917746548099585,272,"tags=47%, list=28%, signal=34%","83782/81743/64521/84353/54231/24674/191575"
"GO:0070050","neuron cellular homeostasis",21,-0.21856046473413,-0.715720986920584,0.861635220125786,0.96050385188492,0.917746548099585,110,"tags=19%, list=11%, signal=17%","116600/29599/65153/140908"
"GO:0002449","lymphocyte mediated immunity",16,-0.236841177229091,-0.714229634412053,0.868852459016393,0.96050385188492,0.917746548099585,60,"tags=25%, list=6%, signal=24%","155151/170538/117550/24232"
"GO:0042177","negative regulation of protein catabolic process",12,0.265650845946373,0.712644677438586,0.85077519379845,0.96050385188492,0.917746548099585,75,"tags=17%, list=8%, signal=16%","25344/117287"
"GO:0031960","response to corticosteroid",27,0.213330426311495,0.711043423547346,0.869230769230769,0.96050385188492,0.917746548099585,255,"tags=37%, list=27%, signal=28%","83613/25459/170851/24401/29598/84509/81683/25742/65262/25291"
"GO:0006888","endoplasmic reticulum to Golgi vesicle-mediated transport",11,-0.266355382011592,-0.710613858022865,0.843096234309623,0.96050385188492,0.917746548099585,58,"tags=27%, list=6%, signal=26%","58857/60431/81754"
"GO:0021915","neural tube development",11,0.273229731594125,0.710422552883476,0.843511450381679,0.96050385188492,0.917746548099585,176,"tags=27%, list=18%, signal=23%","293508/29577/29271"
"GO:0051017","actin filament bundle assembly",27,0.212903303484606,0.709619796911628,0.869230769230769,0.96050385188492,0.917746548099585,131,"tags=15%, list=14%, signal=13%","363875/50646/63836/362862"
"GO:0061572","actin filament bundle organization",27,0.212903303484606,0.709619796911628,0.869230769230769,0.96050385188492,0.917746548099585,131,"tags=15%, list=14%, signal=13%","363875/50646/63836/362862"
"GO:0071559","response to transforming growth factor beta",15,0.247808994584039,0.708428368358188,0.83984375,0.96050385188492,0.917746548099585,130,"tags=20%, list=14%, signal=18%","81743/81732/24401"
"GO:0071560","cellular response to transforming growth factor beta stimulus",15,0.247808994584039,0.708428368358188,0.83984375,0.96050385188492,0.917746548099585,130,"tags=20%, list=14%, signal=18%","81743/81732/24401"
"GO:0000422","autophagy of mitochondrion",13,-0.245719651452741,-0.699025779439221,0.867075664621677,0.96050385188492,0.917746548099585,249,"tags=38%, list=26%, signal=29%","114562/114114/60465/64670/25059"
"GO:0061726","mitochondrion disassembly",13,-0.245719651452741,-0.699025779439221,0.867075664621677,0.96050385188492,0.917746548099585,249,"tags=38%, list=26%, signal=29%","114562/114114/60465/64670/25059"
"GO:2000179","positive regulation of neural precursor cell proliferation",10,0.275864870079482,0.695737106570629,0.865497076023392,0.96050385188492,0.917746548099585,209,"tags=30%, list=22%, signal=24%","25393/84353/64057"
"GO:0060485","mesenchyme development",20,0.222156574069112,0.692738846203236,0.872420262664165,0.96050385188492,0.917746548099585,261,"tags=35%, list=27%, signal=26%","24586/308061/29577/29271/84353/64465/29437"
"GO:0050432","catecholamine secretion",12,0.258201058201058,0.692659604303085,0.864341085271318,0.96050385188492,0.917746548099585,713,"tags=100%, list=75%, signal=26%","26989/25023/83765/81632/25531/25716/25468/116470/24805/25017/29219/54309"
"GO:0033138","positive regulation of peptidyl-serine phosphorylation",13,0.247884572240712,0.686332724322226,0.871345029239766,0.96050385188492,0.917746548099585,75,"tags=15%, list=8%, signal=14%","299331/117287"
"GO:0033135","regulation of peptidyl-serine phosphorylation",14,0.241109543935844,0.684768196851771,0.854406130268199,0.96050385188492,0.917746548099585,75,"tags=14%, list=8%, signal=13%","299331/117287"
"GO:0071675","regulation of mononuclear cell migration",14,0.239399106795752,0.67991043412231,0.865900383141762,0.96050385188492,0.917746548099585,83,"tags=14%, list=9%, signal=13%","50646/25459"
"GO:0031110","regulation of microtubule polymerization or depolymerization",16,0.231048875111547,0.674862997260753,0.869649805447471,0.96050385188492,0.917746548099585,2,"tags=6%, list=0%, signal=6%","363875"
"GO:0051937","catecholamine transport",16,0.230605738575983,0.673568654449337,0.8715953307393,0.96050385188492,0.917746548099585,740,"tags=100%, list=77%, signal=23%","117287/26989/25023/286997/83765/81632/25531/81755/25716/25468/116470/24805/25017/29219/54309/24898"
"GO:0048585","negative regulation of response to stimulus",111,0.180387394589605,0.818690523615906,0.876689189189189,0.961420316919038,0.918622216239661,260,"tags=30%, list=27%, signal=24%","85383/24936/25728/56011/25407/293508/29338/25344/117287/170851/24786/24832/24787/81743/365216/24333/308061/25262/116643/29318/85333/83531/84353/81683/25578/29384/116725/25567/140654/25023/282819/24674/29511"
"GO:0043269","regulation of monoatomic ion transport",71,-0.178103585734261,-0.782198648891278,0.877697841726619,0.961420316919038,0.918622216239661,274,"tags=32%, list=29%, signal=25%","24424/25470/25750/83718/29219/155151/24520/81664/116601/25400/24412/29340/29738/24629/689560/116600/25297/117550/24246/29731/170630/81666/63848"
"GO:0072359","circulatory system development",89,0.178244897492232,0.781260399708034,0.877721943048576,0.961420316919038,0.918622216239661,150,"tags=18%, list=16%, signal=17%","363875/25728/24957/50646/25459/170851/81662/24832/24787/81743/170587/25630/24586/289144/308061/29577"
"GO:0032504","multicellular organism reproduction",69,0.186593576574612,0.777110901139228,0.875444839857651,0.961420316919038,0.918622216239661,205,"tags=25%, list=21%, signal=21%","298012/24936/298942/50646/25246/117287/29545/24786/81732/64189/64371/298410/84353/84509/81683/54231/24829"
"GO:0006914","autophagy",46,0.194450316175212,0.747532021341878,0.878306878306878,0.961420316919038,0.918622216239661,114,"tags=15%, list=12%, signal=14%","294362/362245/299331/117287/25459/170851/64189"
"GO:0061919","process utilizing autophagic mechanism",46,0.194450316175212,0.747532021341878,0.878306878306878,0.961420316919038,0.918622216239661,114,"tags=15%, list=12%, signal=14%","294362/362245/299331/117287/25459/170851/64189"
"GO:0002253","activation of immune response",33,-0.204657722470966,-0.7475009618863,0.875278396436526,0.961420316919038,0.918622216239661,177,"tags=30%, list=18%, signal=26%","54319/116590/29150/29340/29337/317259/25297/81821/24232/293621"
"GO:1901617","organic hydroxy compound biosynthetic process",25,0.218534689966926,0.719373555195823,0.87593984962406,0.961420316919038,0.918622216239661,130,"tags=20%, list=14%, signal=18%","25728/50646/117287/24786/24401"
"GO:0042310","vasoconstriction",14,0.236890289728654,0.672785215803596,0.877394636015326,0.961420316919038,0.918622216239661,148,"tags=21%, list=15%, signal=18%","170851/24212/29598"
"GO:0051701","biological process involved in interaction with host",14,0.233700168685563,0.663725045895941,0.879310344827586,0.961903712680401,0.919084093399744,106,"tags=21%, list=11%, signal=19%","25246/25344/25506"
"GO:0007507","heart development",53,0.19151117780569,0.758250566944698,0.881720430107527,0.962043422733078,0.919217584190361,150,"tags=17%, list=16%, signal=15%","363875/170851/81662/24787/81743/170587/24586/289144/29577"
"GO:0034504","protein localization to nucleus",36,0.203910824887219,0.731614369704833,0.880650994575045,0.962043422733078,0.919217584190361,257,"tags=33%, list=27%, signal=25%","299331/24957/117287/287280/29271/29753/29374/84509/58942/25578/301252/24674"
"GO:0002263","cell activation involved in immune response",13,-0.240931049061394,-0.685403114344078,0.881390593047035,0.962043422733078,0.919217584190361,247,"tags=46%, list=26%, signal=35%","155151/29304/24803/29340/116657/29337"
"GO:0002366","leukocyte activation involved in immune response",13,-0.240931049061394,-0.685403114344078,0.881390593047035,0.962043422733078,0.919217584190361,247,"tags=46%, list=26%, signal=35%","155151/29304/24803/29340/116657/29337"
"GO:0098656","monoatomic anion transmembrane transport",15,-0.228250982455876,-0.683180741139785,0.883673469387755,0.962043422733078,0.919217584190361,161,"tags=47%, list=17%, signal=39%","116638/246302/84484/83718/79212/295645/84487"
"GO:0043266","regulation of potassium ion transport",14,0.230908901089314,0.655797648051737,0.883141762452107,0.962043422733078,0.919217584190361,125,"tags=21%, list=13%, signal=19%","50646/25650/363972"
"GO:0006576","biogenic amine metabolic process",14,0.230116648992577,0.653547595934848,0.885057471264368,0.962043422733078,0.919217584190361,740,"tags=100%, list=77%, signal=23%","117287/113893/24465/79215/81632/29539/29691/24192/25017/25085/25750/29219/499529/24898"
"GO:0006584","catecholamine metabolic process",14,0.230116648992577,0.653547595934848,0.885057471264368,0.962043422733078,0.919217584190361,740,"tags=100%, list=77%, signal=23%","117287/113893/24465/79215/81632/29539/29691/24192/25017/25085/25750/29219/499529/24898"
"GO:0009712","catechol-containing compound metabolic process",14,0.230116648992577,0.653547595934848,0.885057471264368,0.962043422733078,0.919217584190361,740,"tags=100%, list=77%, signal=23%","117287/113893/24465/79215/81632/29539/29691/24192/25017/25085/25750/29219/499529/24898"
"GO:0015872","dopamine transport",14,0.230116648992577,0.653547595934848,0.885057471264368,0.962043422733078,0.919217584190361,740,"tags=100%, list=77%, signal=23%","117287/25023/286997/83765/81632/25531/81755/25716/25468/24805/25017/29219/54309/24898"
"GO:0010959","regulation of metal ion transport",59,0.1873852488973,0.752637466869756,0.885869565217391,0.962315162215846,0.919477227055721,214,"tags=27%, list=22%, signal=22%","85383/24943/50646/25650/24832/363972/24212/29598/29577/25262/25045/29753/84353/81683/81869/58942"
"GO:0031032","actomyosin structure organization",28,-0.205647036423937,-0.727625166071878,0.887029288702929,0.962353702319021,0.91951405152715,138,"tags=21%, list=14%, signal=19%","60324/24629/59317/58814/25387/501083"
"GO:0071674","mononuclear cell migration",19,0.218302793846573,0.678185888578351,0.887005649717514,0.962353702319021,0.91951405152715,296,"tags=37%, list=31%, signal=26%","50646/25459/24829/64465/29511/117273/25528"
"GO:0006810","transport",459,0.162541552246993,0.861359487941698,0.889057750759878,0.962724142505321,0.919868001385433,172,"tags=19%, list=18%, signal=29%","363875/245965/50690/689064/314906/29564/79213/83612/85383/288707/24936/311848/50676/25728/171375/299331/56011/24943/24440/252934/85428/25721/24957/85254/79563/50646/681896/24213/313413/64185/25246/24588/292597/24186/117287/24923/641434/83613/65046/25459/63836/25632/64633/50568/25650/170851/29545/362802/24786/81662/24832/171139/25506/81732/140447/24778/65171/24799/363972/24586/117556/54322/362862/117030/24212/307039/25740/306439/308061/117243/171337/29704/29598/29577/24399/85238/25130/79119/25262/25045/63886/29144/81504/261737/116643"
"GO:0099003","vesicle-mediated transport in synapse",88,-0.175613973964737,-0.794589667874629,0.888607594936709,0.962724142505321,0.919868001385433,252,"tags=30%, list=26%, signal=24%","54241/29219/54309/171039/114114/117103/361651/140670/116561/24803/25400/25012/81921/116657/83501/116493/25272/81830/65153/117559/171574/140908/116563/25751/84487/116743"
"GO:0006631","fatty acid metabolic process",48,-0.191386919574898,-0.762736800492954,0.888888888888889,0.962724142505321,0.919868001385433,303,"tags=40%, list=32%, signal=28%","25017/25085/100145871/499689/24424/308100/29254/65183/29219/24423/79131/24422/24159/24404/619561/24421/171142/24232/292845"
"GO:0044255","cellular lipid metabolic process",77,-0.178975940230681,-0.798750187045966,0.891566265060241,0.963004066740147,0.920135464654567,316,"tags=47%, list=33%, signal=34%","25104/24192/50689/29154/54248/24188/25017/25085/100145871/499689/24424/308100/29254/65183/29219/24423/24654/170538/305021/79131/24422/24159/58857/29337/24629/116723/24404/619561/24479/64473/54225/24421/171142/81821/24232/292845"
"GO:0007186","G protein-coupled receptor signaling pathway",57,0.187906413250971,0.752590728907454,0.89048473967684,0.963004066740147,0.920135464654567,257,"tags=35%, list=27%, signal=27%","363875/25728/56011/50646/25344/60449/81662/83782/81743/25740/25262/25686/246333/54231/25289/24804/64465/25023/25524/24674"
"GO:0016042","lipid catabolic process",35,0.198537894079714,0.709355396307448,0.89126559714795,0.963004066740147,0.920135464654567,165,"tags=20%, list=17%, signal=17%","294930/25728/171155/140547/64189/94167/25045"
"GO:0043271","negative regulation of monoatomic ion transport",14,0.226624471311633,0.643629563763123,0.890804597701149,0.963004066740147,0.920135464654567,179,"tags=29%, list=19%, signal=24%","50646/24212/29577/29753"
"GO:0021549","cerebellum development",26,-0.208656323075276,-0.715029761461089,0.892405063291139,0.963302312959918,0.920420434296429,63,"tags=35%, list=7%, signal=33%","24183/60391/192253/361675/79256/360975/292023/140908/117282"
"GO:0046323","glucose import",12,-0.240250916802318,-0.669090497282784,0.893004115226337,0.963341553413667,0.920457927941981,243,"tags=42%, list=25%, signal=31%","50866/117103/170538/25551/25059"
"GO:0007612","learning",32,-0.197301621938088,-0.718794963941665,0.901098901098901,0.96734393745888,0.92428214388287,228,"tags=38%, list=24%, signal=30%","25085/29411/25152/29651/24654/60324/25012/79212/360616/140908/24592/81661"
"GO:0031400","negative regulation of protein modification process",36,0.197713852171844,0.709380168603714,0.900542495479204,0.96734393745888,0.92428214388287,296,"tags=39%, list=31%, signal=28%","56011/117287/65179/24832/365216/25045/29753/84353/266759/24679/140654/24681/25518/25528"
"GO:0002791","regulation of peptide secretion",30,0.201988637627803,0.694051146646502,0.898686679174484,0.96734393745888,0.92428214388287,164,"tags=20%, list=17%, signal=17%","363875/24957/81662/25740/24399/25262"
"GO:0046883","regulation of hormone secretion",30,0.201988637627803,0.694051146646502,0.898686679174484,0.96734393745888,0.92428214388287,164,"tags=20%, list=17%, signal=17%","363875/24957/81662/25740/24399/25262"
"GO:0090276","regulation of peptide hormone secretion",30,0.201988637627803,0.694051146646502,0.898686679174484,0.96734393745888,0.92428214388287,164,"tags=20%, list=17%, signal=17%","363875/24957/81662/25740/24399/25262"
"GO:0035051","cardiocyte differentiation",20,-0.208692674978704,-0.67483379542282,0.899786780383795,0.96734393745888,0.92428214388287,138,"tags=50%, list=14%, signal=44%","79433/117280/50686/50689/291926/304017/116590/24629/24246/114612"
"GO:0006805","xenobiotic metabolic process",16,0.222860638915294,0.650946249693752,0.900778210116732,0.96734393745888,0.92428214388287,93,"tags=12%, list=10%, signal=11%","294930/64352"
"GO:0014902","myotube differentiation",12,-0.233496017735503,-0.650278336913675,0.901234567901235,0.96734393745888,0.92428214388287,329,"tags=67%, list=34%, signal=44%","24675/29154/29546/81634/306934/84008/24404/293692"
"GO:0009308","amine metabolic process",16,-0.2263805644951,-0.682684108012742,0.903688524590164,0.969370146678171,0.926218155397121,341,"tags=50%, list=36%, signal=33%","24192/25017/25085/25750/29219/499529/24898/29600"
"GO:0001701","in utero embryonic development",32,0.202473424769404,0.705163912724071,0.908592321755027,0.973755954633214,0.93040872694295,195,"tags=25%, list=20%, signal=21%","25632/25650/170851/24333/292804/29577/81504/84353"
"GO:0048640","negative regulation of developmental growth",12,0.244253234236355,0.655242661492735,0.90891472868217,0.973755954633214,0.93040872694295,176,"tags=25%, list=18%, signal=21%","29409/81732/29271"
"GO:0022607","cellular component assembly",287,-0.159916727960984,-0.851288020541271,0.909560723514212,0.973838623299769,0.930487715572947,290,"tags=32%, list=30%, signal=32%","56768/29546/81634/81659/306934/362750/298848/29528/25470/361466/305679/64205/64040/25473/54241/84008/29219/155151/296710/24520/171039/499529/683788/54319/114114/117103/29304/170538/29423/367171/361651/170916/26193/140670/24171/366988/29474/29448/60324/24803/60465/60460/287830/25012/29340/499157/117542/299809/29337/64670/290408/24629/83501/291145/691531/116723/58814/60377/64307/25595/122799/81830/84510/117559/293692/171574/25387/81521/29495/89825/64159/140908/29731/116563/26194/25751/81754/29489/114612/500249/287927/293621/83527/50592/501083/24366/59318/116743/192179/114764/24170/83789"
"GO:0010646","regulation of cell communication",277,-0.15904640743146,-0.847996895666345,0.91025641025641,0.973972407907837,0.930615544693051,234,"tags=26%, list=24%, signal=28%","309111/54319/114114/117103/24654/83839/170538/81664/116590/361651/170916/29237/287444/116509/29448/60324/29629/81633/24803/60465/25400/25012/24412/29340/310192/58857/79212/117542/29258/116657/29337/24615/24629/83501/295645/29600/116723/24404/317259/58814/689560/25297/25050/81830/364208/65153/171140/294568/25387/122772/315648/29495/140908/24673/117550/24246/66028/25751/65028/170630/114612/24245/81821/81666/24232/293621/50592/24592/24366/25679/24611/117282"
"GO:0002757","immune response-activating signaling pathway",26,-0.201574932426246,-0.690763039072991,0.911392405063291,0.973972407907837,0.930615544693051,231,"tags=27%, list=24%, signal=21%","54319/116590/29340/29337/25297/81821/293621"
"GO:0002764","immune response-regulating signaling pathway",26,-0.201574932426246,-0.690763039072991,0.911392405063291,0.973972407907837,0.930615544693051,231,"tags=27%, list=24%, signal=21%","54319/116590/29340/29337/25297/81821/293621"
"GO:0006351","DNA-templated transcription",99,0.173574277916263,0.7739256018814,0.912605042016807,0.974659907631175,0.931272440026344,121,"tags=14%, list=13%, signal=14%","690660/25728/56011/85428/25344/117287/25459/63836/170851/83782/24787/81743/81732/25630"
"GO:0023051","regulation of signaling",277,0.161667580553763,0.829098799403826,0.913398692810457,0.974899352924877,0.931501226294429,202,"tags=22%, list=21%, signal=24%","363875/690660/85383/252892/25393/117254/25728/299331/56011/293508/24957/29338/50646/56064/25344/117287/24923/83613/25459/63836/64633/50568/170851/117059/65179/362802/24786/81662/24832/25506/679221/24787/81743/140447/89791/365216/24586/117556/24401/117030/25740/24333/308061/171337/29577/24399/291081/25262/25045/81504/116643/29271/29318/25686/85333/83531/84353/81683/65152/54231"
"GO:0051453","regulation of intracellular pH",11,-0.239767643936058,-0.639679998953576,0.914225941422594,0.975174337517434,0.931763969811911,323,"tags=45%, list=34%, signal=30%","84484/29411/83718/29448/295645"
"GO:0017157","regulation of exocytosis",49,-0.182685225854581,-0.729347317009977,0.916859122401848,0.977374108064734,0.933865816485856,248,"tags=27%, list=26%, signal=21%","29219/54309/171039/114114/117103/81664/29448/24803/65153/140908/171111/501083/24366"
"GO:0022037","metencephalon development",27,-0.204038660481964,-0.710812767176783,0.919087136929461,0.979139501196787,0.935552622269925,63,"tags=33%, list=7%, signal=32%","24183/60391/192253/361675/79256/360975/292023/140908/117282"
"GO:0010608","post-transcriptional regulation of gene expression",33,0.193908754514154,0.681696762778178,0.920433996383363,0.979964553363382,0.936340946831466,121,"tags=15%, list=13%, signal=14%","24440/50646/100362640/65151/25630"
"GO:0051276","chromosome organization",40,-0.188867743297083,-0.721306582735842,0.922897196261682,0.981976382846488,0.938263218730597,283,"tags=38%, list=30%, signal=28%","306934/79256/65027/54241/116590/117021/60460/257644/299809/290408/291145/81830/362361/29578/114764"
"GO:0060047","heart contraction",33,0.191276366171683,0.672442458525984,0.924050632911392,0.982395599684198,0.938663773923539,133,"tags=15%, list=14%, signal=14%","299331/24213/25650/24786/24212"
"GO:0008016","regulation of heart contraction",26,-0.193434386889745,-0.662866772871525,0.926160337552743,0.982395599684198,0.938663773923539,204,"tags=23%, list=21%, signal=19%","117021/116601/29600/689560/116600/24246"
"GO:0051048","negative regulation of secretion",21,0.209054212572706,0.658675992462478,0.925714285714286,0.982395599684198,0.938663773923539,145,"tags=19%, list=15%, signal=17%","25728/117030/25740/171337"
"GO:1903531","negative regulation of secretion by cell",21,0.209054212572706,0.658675992462478,0.925714285714286,0.982395599684198,0.938663773923539,145,"tags=19%, list=15%, signal=17%","25728/117030/25740/171337"
"GO:0042752","regulation of circadian rhythm",12,-0.223737377515747,-0.62310086127968,0.925925925925926,0.982395599684198,0.938663773923539,327,"tags=42%, list=34%, signal=28%","116554/305910/79256/317259/25272"
"GO:0048675","axon extension",26,0.197009217681668,0.656331596093272,0.928030303030303,0.983769584388779,0.939976595019776,110,"tags=15%, list=11%, signal=14%","25728/299331/29409/81732"
"GO:0009653","anatomical structure morphogenesis",224,-0.160643279228334,-0.835315253046943,0.930769230769231,0.984663065747811,0.940830302614424,184,"tags=20%, list=19%, signal=21%","81633/60465/29150/25400/25012/310192/117542/116653/29258/64302/24629/83501/295645/29600/29345/24404/58814/689560/64307/25595/25059/303533/294568/293692/171574/315648/81521/29495/54225/140908/297516/117550/25751/64157/24245/81666/24232/81818/83527/24592/84487/116743/24170/171503/117282"
"GO:0032502","developmental process",486,0.157045861930522,0.830199443965324,0.933232169954476,0.984663065747811,0.940830302614424,169,"tags=18%, list=18%, signal=30%","363875/50690/314906/24189/83612/85383/298012/24936/252892/25393/362809/25728/171375/299331/289218/298942/24943/24440/293508/85428/25721/24957/29338/50646/24213/313413/64185/25246/24533/24588/29409/56064/25344/116690/299923/117287/24923/83613/25459/63836/25632/60449/50568/25650/170851/29545/24786/81662/81768/24832/83782/24787/81743/81732/170587/140447/64189/65151/89791/24778/25630/64371/24586/24401/24212/307039/24333/306439/289144/308061/117243/171337/29704/29598/292804/29577/497902/24399/85238/291081/25130/24191/25262/25045/81504/64627"
"GO:0051173","positive regulation of nitrogen compound metabolic process",145,0.164789213910712,0.778069368752272,0.934121621621622,0.984663065747811,0.940830302614424,201,"tags=23%, list=21%, signal=21%","363875/25728/299331/85428/50646/56064/25344/117287/25459/63836/170851/100362640/24832/83782/24787/81732/65151/25630/117030/24333/289144/308061/94167/29577/116643/25309/29271/170923/84353/29374/81683/301618/65152"
"GO:0010605","negative regulation of macromolecule metabolic process",123,-0.162777772185078,-0.775751006625648,0.934624697336562,0.984663065747811,0.940830302614424,272,"tags=30%, list=28%, signal=25%","79256/65027/361466/25152/684097/54241/29219/24648/54319/24654/170538/116484/117021/266975/161477/29340/499157/29258/64670/27139/83764/117520/29600/291145/29345/317259/25272/362361/25387/140908/24673/65028/293621/81818/29578/116743/117282"
"GO:1903530","regulation of secretion by cell",95,0.171093420936837,0.754410725723958,0.934010152284264,0.984663065747811,0.940830302614424,285,"tags=33%, list=30%, signal=25%","363875/25728/24957/25246/24923/64633/50568/81662/65171/117556/117030/25740/171337/24399/25262/361967/81683/65152/26989/58942/361596/24804/64465/25023/24674/25416/24681/29693/266688/25518/94271"
"GO:0051495","positive regulation of cytoskeleton organization",34,0.194660831733143,0.689540111049413,0.930783242258652,0.984663065747811,0.940830302614424,54,"tags=9%, list=6%, signal=9%","363875/50646/502674"
"GO:0031345","negative regulation of cell projection organization",40,0.178941857358139,0.667129526617832,0.933797909407665,0.984663065747811,0.940830302614424,257,"tags=32%, list=27%, signal=25%","25728/29409/24923/24832/81732/29577/29271/25289/56646/29662/24547/25567/24674"
"GO:0061351","neural precursor cell proliferation",21,0.207677257820578,0.654337562603676,0.931428571428571,0.984663065747811,0.940830302614424,34,"tags=10%, list=4%, signal=9%","25393/289218"
"GO:0033273","response to vitamin",19,0.205190112170377,0.637449645502754,0.934086629001883,0.984663065747811,0.940830302614424,148,"tags=21%, list=15%, signal=18%","494445/24787/140447/29598"
"GO:0061077","chaperone-mediated protein folding",16,0.213118937020057,0.622492035682685,0.929961089494163,0.984663065747811,0.940830302614424,357,"tags=44%, list=37%, signal=28%","362809/361967/29374/79130/81800/24468/24472"
"GO:0065003","protein-containing complex assembly",186,-0.157044880044404,-0.799615762278635,0.935802469135802,0.98529755667927,0.941436548868413,288,"tags=33%, list=30%, signal=28%","29546/81659/306934/362750/298848/29528/25470/361466/64205/64040/54241/29219/155151/296710/24520/171039/499529/683788/114114/29304/170538/367171/361651/170916/26193/140670/24171/366988/24803/60465/25012/29340/499157/117542/299809/29337/290408/291145/691531/58814/64307/25595/122799/84510/117559/293692/81521/29495/89825/64159/29731/116563/26194/114612/83527/501083/24366/116743/114764/24170/83789"
"GO:0044085","cellular component biogenesis",300,-0.156344861391084,-0.831666743762443,0.943396226415094,0.987221478986945,0.943274826823483,290,"tags=32%, list=30%, signal=32%","56768/29546/81634/81659/306934/362750/298848/29528/25470/361466/751812/305679/64205/64040/25473/54241/84008/29219/155151/296710/24520/171039/499529/683788/54319/114114/117103/29304/170538/29423/367171/361651/170916/26193/140670/24171/140655/366988/29474/161477/29448/60324/24803/60465/60460/287830/25012/29340/499157/117542/29258/299809/29337/64670/290408/24629/83501/291145/691531/116723/58814/60377/64307/25595/122799/81830/84510/117559/293692/171574/25387/81521/29495/89825/64159/140908/29731/116563/26194/25751/81754/29489/114612/500249/287927/293621/83527/50592/501083/24366/59318/116743/192179/114764/24170/83789"
"GO:0080090","regulation of primary metabolic process",252,0.157232675530834,0.799057750390021,0.939144736842105,0.987221478986945,0.943274826823483,203,"tags=20%, list=21%, signal=22%","363875/690660/85383/298012/60666/25728/299331/56011/24440/293508/85428/494445/50646/56064/25344/117287/25459/63836/60449/170851/65179/100362640/24786/24832/83782/24787/81743/81732/308650/65151/25630/365216/117030/24333/289144/308061/94167/29577/25045/116643/25309/29271/170923/29753/361967/84353/29374/81683/301618/65152/24642"
"GO:0099504","synaptic vesicle cycle",81,-0.16822635878805,-0.752594352731709,0.942168674698795,0.987221478986945,0.943274826823483,252,"tags=28%, list=26%, signal=23%","54241/29219/54309/171039/114114/361651/140670/116561/24803/25400/25012/81921/116657/83501/116493/65153/117559/171574/140908/116563/25751/84487/116743"
"GO:0034097","response to cytokine",94,0.167190530535314,0.737978364369965,0.943048576214405,0.987221478986945,0.943274826823483,263,"tags=28%, list=27%, signal=22%","85383/298012/60666/25728/50646/25344/25459/63836/25506/81743/81732/24333/289144/29577/85238/29271/85333/84353/58942/171374/301252/64465/24547/140654/29511/171347"
"GO:0002790","peptide secretion",37,-0.185596486006018,-0.700289237762256,0.94279176201373,0.987221478986945,0.943274826823483,79,"tags=14%, list=8%, signal=13%","25387/117550/81754/81666/24366"
"GO:0030072","peptide hormone secretion",37,-0.185596486006018,-0.700289237762256,0.94279176201373,0.987221478986945,0.943274826823483,79,"tags=14%, list=8%, signal=13%","25387/117550/81754/81666/24366"
"GO:0006606","protein import into nucleus",16,-0.214522360721594,-0.646923938919583,0.938524590163934,0.987221478986945,0.943274826823483,268,"tags=38%, list=28%, signal=27%","751812/170538/116590/117021/287830/24592"
"GO:0007059","chromosome segregation",23,-0.193858111042867,-0.644535631498314,0.94017094017094,0.987221478986945,0.943274826823483,150,"tags=17%, list=16%, signal=15%","257644/81830/29489/114764"
"GO:0007052","mitotic spindle organization",14,-0.212523667245436,-0.619426434998537,0.939583333333333,0.987221478986945,0.943274826823483,283,"tags=50%, list=30%, signal=36%","117280/29332/306934/54241/367171/81830/29489"
"GO:0042417","dopamine metabolic process",12,0.22962962962963,0.61601284481053,0.941860465116279,0.987221478986945,0.943274826823483,740,"tags=100%, list=77%, signal=23%","117287/113893/24465/81632/29539/29691/25017/25085/25750/29219/499529/24898"
"GO:0055001","muscle cell development",34,-0.178186350766347,-0.661839471278257,0.944812362030905,0.988099428098295,0.944113693596133,138,"tags=15%, list=14%, signal=13%","24629/24404/58814/24246/114612"
"GO:1903052","positive regulation of proteolysis involved in protein catabolic process",11,0.234532091015538,0.609805111106515,0.948473282442748,0.990807905051007,0.946701601358378,172,"tags=18%, list=18%, signal=15%","50646/116643"
"GO:1990845","adaptive thermogenesis",12,-0.211682792238302,-0.589529258035976,0.948559670781893,0.990807905051007,0.946701601358378,47,"tags=100%, list=5%, signal=96%","85333/25742/25176/25288/24392/24264/113965/140868/117280/24188/29489"
"GO:0032774","RNA biosynthetic process",100,0.167183507873083,0.74617693130241,0.94949494949495,0.990984162943036,0.946870013043211,121,"tags=14%, list=13%, signal=14%","690660/25728/56011/85428/25344/117287/25459/63836/170851/83782/24787/81743/81732/25630"
"GO:0018193","peptidyl-amino acid modification",45,-0.167715168320234,-0.661342354713333,0.949886104783599,0.990984162943036,0.946870013043211,220,"tags=29%, list=23%, signal=23%","170538/116590/116484/170916/361677/29340/29337/24629/117520/29600/25050/25387/171503"
"GO:0051260","protein homooligomerization",23,-0.185436906151757,-0.616536975247773,0.952991452991453,0.993531401718354,0.949303860225235,82,"tags=35%, list=9%, signal=33%","306934/362750/25470/64040/24520/293692/29731/501083"
"GO:0045773","positive regulation of axon extension",12,0.226343380845231,0.607197033603162,0.953488372093023,0.993531401718354,0.949303860225235,30,"tags=8%, list=3%, signal=8%","25728"
"GO:0030154","cell differentiation",326,-0.151761141709548,-0.816663834751611,0.96042216358839,0.995854617421305,0.951523656832702,187,"tags=20%, list=20%, signal=24%","294320/81633/361677/60465/117240/60460/66031/25400/24422/25012/310192/58857/81921/117542/29258/29738/29337/64302/24629/83501/295645/83764/116723/29345/24404/58814/64307/25595/25050/81830/84510/65153/303533/171140/362361/294568/293692/171574/81521/29495/89825/54225/140908/297516/117550/24246/25751/29489/24421/114612/24245/287927/81666/24232/81818/83527/24592/288700/59318/116743/192179/24170/171503/117282"
"GO:0048869","cellular developmental process",327,-0.150593190223066,-0.810745984878593,0.966145833333333,0.995854617421305,0.951523656832702,187,"tags=20%, list=20%, signal=24%","294320/81633/361677/60465/117240/60460/66031/25400/24422/25012/310192/58857/81921/117542/29258/29738/29337/64302/24629/83501/295645/83764/116723/29345/24404/58814/64307/25595/25050/81830/84510/65153/303533/171140/362361/294568/293692/171574/81521/29495/89825/54225/140908/297516/117550/24246/25751/29489/24421/114612/24245/287927/81666/24232/81818/83527/24592/288700/59318/116743/192179/24170/171503/117282"
"GO:0043933","protein-containing complex organization",212,-0.151055575497525,-0.782836192864122,0.969773299748111,0.995854617421305,0.951523656832702,284,"tags=32%, list=30%, signal=29%","81659/306934/362750/298848/29528/25470/65027/361466/25152/64205/64040/54241/29219/155151/296710/24520/171039/499529/683788/114114/29304/170538/367171/361651/170916/26193/140670/24171/366988/287444/24803/60465/25012/29340/499157/81921/117542/299809/29337/290408/291145/691531/24404/58814/64307/25595/122799/84510/117559/293692/81521/29495/89825/54225/64159/140908/117550/29731/116563/26194/114612/83527/501083/24366/116743/114764/24170/83789"
"GO:0010648","negative regulation of cell communication",106,0.162380187035656,0.731423373426927,0.964285714285714,0.995854617421305,0.951523656832702,199,"tags=22%, list=21%, signal=19%","85383/25728/56011/293508/29338/50646/25344/117287/170851/24832/24787/81743/365216/25740/24333/308061/25262/116643/25686/85333/83531/84353/81683"
"GO:0023057","negative regulation of signaling",107,0.160598256772071,0.726603755918946,0.968386023294509,0.995854617421305,0.951523656832702,199,"tags=21%, list=21%, signal=19%","85383/25728/56011/293508/29338/50646/25344/117287/170851/24832/24787/81743/365216/25740/24333/308061/25262/116643/25686/85333/83531/84353/81683"
"GO:0006629","lipid metabolic process",101,0.159861886954456,0.71404044382719,0.964527027027027,0.995854617421305,0.951523656832702,165,"tags=17%, list=17%, signal=16%","294930/60666/362809/25728/298942/24943/171155/140547/60449/24786/64189/65151/94167/117243/114101/85238/25045"
"GO:0030855","epithelial cell differentiation",53,0.17175875301764,0.680044754283113,0.96415770609319,0.995854617421305,0.951523656832702,294,"tags=36%, list=31%, signal=26%","363875/170851/24786/83782/81743/171337/29577/25130/24191/84353/64057/29384/64465/25524/24674/25274/83529/117273/24644"
"GO:0045055","regulated exocytosis",54,0.167757965956093,0.66565081712753,0.962432915921288,0.995854617421305,0.951523656832702,268,"tags=35%, list=28%, signal=27%","24923/64633/50568/65171/117556/171337/85238/25130/26989/58942/25578/79434/24804/25023/25291/24674/25624/24681/29693"
"GO:0051253","negative regulation of RNA metabolic process",47,-0.164568202585744,-0.651150678555793,0.968109339407745,0.995854617421305,0.951523656832702,231,"tags=28%, list=24%, signal=22%","79256/65027/54319/24654/116484/266975/161477/27139/317259/25272/362361/140908/117282"
"GO:0046879","hormone secretion",39,0.175306806427552,0.646144090232973,0.96,0.995854617421305,0.951523656832702,257,"tags=31%, list=27%, signal=23%","363875/24957/117287/81662/25740/24399/25262/65152/25578/79434/25023/24674"
"GO:0009914","hormone transport",41,-0.167131993585248,-0.644874770869567,0.970114942528736,0.995854617421305,0.951523656832702,79,"tags=12%, list=8%, signal=12%","25387/117550/81754/81666/24366"
"GO:1903522","regulation of blood circulation",34,-0.17312972742882,-0.64305760105212,0.958057395143488,0.995854617421305,0.951523656832702,128,"tags=21%, list=13%, signal=18%","117021/116601/29600/689560/116600/24246/24366"
"GO:0051259","protein complex oligomerization",31,0.175466252477471,0.606927202175853,0.962686567164179,0.995854617421305,0.951523656832702,16,"tags=6%, list=2%, signal=7%","24189/85383"
"GO:0016188","synaptic vesicle maturation",10,-0.23196890524435,-0.605027976828781,0.961145194274029,0.995854617421305,0.951523656832702,68,"tags=100%, list=7%, signal=94%","117596/116664/89816/299971/29757/25531/25558/116638/29495"
"GO:0090559","regulation of membrane permeability",13,0.215493588722324,0.596649886214561,0.95906432748538,0.995854617421305,0.951523656832702,194,"tags=31%, list=20%, signal=25%","85383/25275/85333/83531"
"GO:0008637","apoptotic mitochondrial changes",22,0.185696175782011,0.596339241109447,0.970260223048327,0.995854617421305,0.951523656832702,194,"tags=23%, list=20%, signal=19%","85383/24787/301458/85333/83531"
"GO:0046620","regulation of organ growth",10,-0.226488570084437,-0.590734008890909,0.967280163599182,0.995854617421305,0.951523656832702,43,"tags=60%, list=4%, signal=58%","24377/300992/50686/304017/116590/114612"
"GO:0043122","regulation of canonical NF-kappaB signal transduction",18,-0.187377373084223,-0.590120385874808,0.969199178644764,0.995854617421305,0.951523656832702,166,"tags=28%, list=17%, signal=23%","155151/29340/58857/29337/24615"
"GO:0007249","canonical NF-kappaB signal transduction",19,0.189503317845135,0.588716588261684,0.962335216572505,0.995854617421305,0.951523656832702,296,"tags=42%, list=31%, signal=30%","65179/84353/56646/25742/116725/25023/117273/25528"
"GO:0007286","spermatid development",15,-0.195588111180206,-0.585417111096354,0.96530612244898,0.995854617421305,0.951523656832702,90,"tags=20%, list=9%, signal=18%","60460/303533/29489"
"GO:0048515","spermatid differentiation",15,-0.195588111180206,-0.585417111096354,0.96530612244898,0.995854617421305,0.951523656832702,90,"tags=20%, list=9%, signal=18%","60460/303533/29489"
"GO:0018958","phenol-containing compound metabolic process",19,-0.184130125095384,-0.584558806226921,0.966029723991507,0.995854617421305,0.951523656832702,303,"tags=47%, list=32%, signal=33%","24192/25017/25085/25750/29219/317675/499529/24898/29383"
"GO:0001501","skeletal system development",17,0.193114872602025,0.577596780668821,0.964774951076321,0.995854617421305,0.951523656832702,209,"tags=24%, list=22%, signal=19%","25393/81662/84353/64057"
"GO:0051602","response to electrical stimulus",12,-0.204370135129659,-0.569163760803322,0.969135802469136,0.995854617421305,0.951523656832702,29,"tags=33%, list=3%, signal=33%","25085/79256/24464/50592"
"GO:2000378","negative regulation of reactive oxygen species metabolic process",10,0.225188638695309,0.567930566415771,0.966861598440546,0.995854617421305,0.951523656832702,291,"tags=40%, list=30%, signal=28%","117287/25309/83529/117273"
"GO:0072594","establishment of protein localization to organelle",50,-0.160221462012266,-0.646125619945254,0.975113122171946,0.996058272767524,0.95171824636051,220,"tags=24%, list=23%, signal=20%","170538/116590/117021/29448/287830/299809/689560/25059/81830/300075/65028/24592"
"GO:0010256","endomembrane system organization",62,0.155621147704975,0.632861273309457,0.971880492091388,0.996058272767524,0.95171824636051,160,"tags=18%, list=17%, signal=16%","24936/313413/299923/24923/64633/170851/24786/307039/29704/85238/25130"
"GO:0045892","negative regulation of DNA-templated transcription",43,0.165079536173845,0.620355124582082,0.973544973544973,0.996058272767524,0.95171824636051,221,"tags=23%, list=23%, signal=19%","56011/25344/25459/81743/24333/29577/361967/84353/25578/29384"
"GO:1902679","negative regulation of RNA biosynthetic process",43,0.165079536173845,0.620355124582082,0.973544973544973,0.996058272767524,0.95171824636051,221,"tags=23%, list=23%, signal=19%","56011/25344/25459/81743/24333/29577/361967/84353/25578/29384"
"GO:0140056","organelle localization by membrane tethering",26,-0.176239108795932,-0.603941476899349,0.974683544303797,0.996058272767524,0.95171824636051,226,"tags=23%, list=24%, signal=18%","117103/24803/25400/58857/116657/60431"
"GO:0030010","establishment of cell polarity",25,0.180018761439806,0.592586634362267,0.971804511278195,0.996058272767524,0.95171824636051,242,"tags=28%, list=25%, signal=21%","299331/50646/171337/29577/29271/301252/64465"
"GO:0017158","regulation of calcium ion-dependent exocytosis",15,0.19329325122842,0.552580517960015,0.97265625,0.996058272767524,0.95171824636051,268,"tags=33%, list=28%, signal=24%","65171/171337/26989/24674/29693"
"GO:0032892","positive regulation of organic acid transport",10,0.214602588993522,0.541232322498695,0.974658869395711,0.996058272767524,0.95171824636051,262,"tags=30%, list=27%, signal=22%","117243/81683/25416"
"GO:0046903","secretion",141,0.151398895531328,0.712596818757113,0.981324278438031,0.99641398127164,0.952058120324723,285,"tags=33%, list=30%, signal=27%","363875/25728/25721/24957/25246/117287/24923/64633/50568/81662/65171/24586/117556/117030/25740/171337/24399/85238/25130/25262/361967/81683/65152/54231/26989/58942/94197/25578/79434/361596/502776/24804/64465/25023/25524/116508/25291/24674/25416/25624/24681/29693/191575/266688/292072/25518/94271"
"GO:0023061","signal release",89,-0.153187849440238,-0.695290386199122,0.985185185185185,0.99641398127164,0.952058120324723,248,"tags=27%, list=26%, signal=22%","29219/54309/171039/309111/114114/24654/361651/116561/116509/24803/25400/25012/29340/116657/60377/65153/117559/25387/117550/81754/81666/24592/24366/140667"
"GO:0032940","secretion by cell",127,0.147289492727091,0.681435081072695,0.982788296041308,0.99641398127164,0.952058120324723,268,"tags=31%, list=28%, signal=25%","363875/25728/24957/25246/117287/24923/64633/50568/81662/65171/24586/117556/117030/25740/171337/24399/85238/25130/25262/361967/81683/65152/26989/58942/25578/79434/361596/502776/24804/64465/25023/25524/116508/25291/24674/25416/25624/24681/29693"
"GO:0051046","regulation of secretion",99,0.151913179252573,0.677344017202151,0.981512605042017,0.99641398127164,0.952058120324723,285,"tags=31%, list=30%, signal=25%","363875/25728/24957/25246/24923/64633/50568/81662/65171/117556/117030/25740/171337/24399/25262/361967/81683/65152/26989/58942/361596/24804/64465/25023/24674/25416/24681/29693/266688/25518/94271"
"GO:0030902","hindbrain development",29,-0.173307509531291,-0.619228366551506,0.976987447698745,0.99641398127164,0.952058120324723,63,"tags=7%, list=7%, signal=7%","140908/117282"
"GO:0009887","animal organ morphogenesis",51,-0.151461694800117,-0.616636900313552,0.982182628062361,0.99641398127164,0.952058120324723,335,"tags=41%, list=35%, signal=28%","50689/83572/29393/24188/25017/25085/81659/306934/25473/117558/83839/116590/81633/24629/83501/295645/29345/689560/303533/81521/24592"
"GO:1901654","response to ketone",43,-0.154293725178858,-0.601258927840389,0.983908045977012,0.99641398127164,0.952058120324723,70,"tags=16%, list=7%, signal=16%","29340/83578/25595/81521/24232/24592/117282"
"GO:0048511","rhythmic process",37,0.160790002481825,0.584667497495922,0.982300884955752,0.99641398127164,0.952058120324723,267,"tags=27%, list=28%, signal=20%","25368/24186/25459/298410/29443/54231/25289/25594/171347/24681"
"GO:1903307","positive regulation of regulated secretory pathway",11,-0.216104139930087,-0.57654775154402,0.976987447698745,0.99641398127164,0.952058120324723,63,"tags=27%, list=7%, signal=26%","116470/114114/140908"
"GO:0097091","synaptic vesicle clustering",11,-0.20507399577167,-0.54712025045219,0.985355648535565,0.99641398127164,0.952058120324723,764,"tags=55%, list=80%, signal=11%","29130/29179/60391/29382/56768/83501"
"GO:0072006","nephron development",13,-0.190643126854486,-0.542343518543601,0.983640081799591,0.99641398127164,0.952058120324723,255,"tags=38%, list=27%, signal=29%","25473/83839/81633/287830/24629"
"GO:0006081","cellular aldehyde metabolic process",16,0.181991306974757,0.531572373339152,0.978599221789883,0.99641398127164,0.952058120324723,75,"tags=12%, list=8%, signal=12%","24189/117287"
"GO:0031629","synaptic vesicle fusion to presynaptic active zone membrane",10,0.202925273073332,0.511781881822857,0.980506822612086,0.99641398127164,0.952058120324723,160,"tags=20%, list=17%, signal=17%","24923/25130"
"GO:0099500","vesicle fusion to plasma membrane",10,0.202925273073332,0.511781881822857,0.980506822612086,0.99641398127164,0.952058120324723,160,"tags=20%, list=17%, signal=17%","24923/25130"
"GO:0048499","synaptic vesicle membrane organization",11,0.196250672022119,0.510269883916431,0.984732824427481,0.99641398127164,0.952058120324723,160,"tags=18%, list=17%, signal=15%","24923/25130"
"GO:0007589","body fluid secretion",14,0.178882224301605,0.508038197842711,0.984674329501916,0.99641398127164,0.952058120324723,279,"tags=36%, list=29%, signal=26%","25721/94197/24674/191575/292072"
"GO:0016241","regulation of macroautophagy",10,0.199979069051161,0.504351492222463,0.984405458089669,0.99641398127164,0.952058120324723,322,"tags=40%, list=34%, signal=27%","64189/85333/83529/25176"
"GO:0051171","regulation of nitrogen compound metabolic process",239,0.145386190072822,0.734075250702463,0.990082644628099,0.997803654032565,0.953385931115719,203,"tags=20%, list=21%, signal=21%","363875/690660/85383/298012/25728/299331/56011/24440/293508/85428/494445/50646/56064/25344/117287/25459/63836/170851/65179/100362640/24832/83782/24787/81743/81732/308650/65151/25630/365216/117030/24333/289144/308061/94167/29577/25045/116643/25309/29271/170923/29753/361967/84353/29374/81683/301618/65152/24642"
"GO:0009888","tissue development",140,-0.142212076107481,-0.692536578386434,0.992700729927007,0.997803654032565,0.953385931115719,341,"tags=36%, list=36%, signal=27%","24192/29332/50689/83572/29456/84484/29393/24188/291926/25017/116646/494500/60442/29546/81634/64300/81659/306934/304017/305679/65183/25473/83718/117558/84008/54319/24654/83839/116590/303634/81633/361677/81728/24422/29258/24629/83501/29345/24404/689560/81521/140908/24246/24421/114612/24232/293621/81818/24592/192179/24170"
"GO:0009892","negative regulation of metabolic process",140,-0.139655662437514,-0.680087495127139,0.992700729927007,0.997803654032565,0.953385931115719,272,"tags=28%, list=28%, signal=23%","79256/65027/361466/25152/684097/54241/29219/24648/54319/24654/170538/116484/24464/117021/266975/161477/29340/499157/29258/64670/27139/83764/117520/29600/291145/29345/317259/25059/25272/362361/25387/140908/24673/65028/293621/81818/29578/116743/117282"
"GO:0048646","anatomical structure formation involved in morphogenesis",85,0.145935248318383,0.633313321603599,0.991624790619765,0.997803654032565,0.953385931115719,266,"tags=31%, list=28%, signal=24%","24936/293508/24957/50646/29409/116690/25459/170851/24832/25630/308061/292804/29577/81504/29271/84353/266759/171374/25578/29384/64465/25023/25524/25291/29437/295214"
"GO:0140029","exocytic process",32,-0.161178507867605,-0.587193853820527,0.991208791208791,0.997803654032565,0.953385931115719,248,"tags=28%, list=26%, signal=22%","29219/171039/117103/361651/24803/25400/25012/116657/117559"
"GO:0030534","adult behavior",24,-0.164286135846714,-0.55291482082725,0.989316239316239,0.997803654032565,0.953385931115719,332,"tags=46%, list=35%, signal=31%","361675/83572/29411/29546/29219/499529/24412/360616/117520/140908/170630"
"GO:0048278","vesicle docking",21,0.170751369614826,0.537993597264908,0.992380952380952,0.997803654032565,0.953385931115719,160,"tags=14%, list=17%, signal=12%","24923/24586/25130"
"GO:0006820","monoatomic anion transport",18,-0.168737131616411,-0.531415397611148,0.989733059548255,0.997803654032565,0.953385931115719,161,"tags=17%, list=17%, signal=14%","79212/295645/84487"
"GO:0017156","calcium-ion regulated exocytosis",22,-0.154639580991015,-0.508744530510558,0.993534482758621,0.997803654032565,0.953385931115719,275,"tags=32%, list=29%, signal=23%","29528/54309/171039/81664/24803/25012/140908"
"GO:1900242","regulation of synaptic vesicle endocytosis",11,-0.185818542005487,-0.495748312008789,0.993723849372385,0.997803654032565,0.953385931115719,55,"tags=45%, list=6%, signal=43%","24675/116638/24242/114114/116563"
"GO:0006904","vesicle docking involved in exocytosis",18,0.160809371671991,0.487772012573533,0.990291262135922,0.997803654032565,0.953385931115719,806,"tags=100%, list=84%, signal=16%","24923/24586/266688/140665/171058/81756/25531/81755/25558/50664/687090/116546/116470/60391/117103/24803/25400/116657"
"GO:0016082","synaptic vesicle priming",12,0.178955891074645,0.480073620004092,0.992248062015504,0.997803654032565,0.953385931115719,264,"tags=33%, list=28%, signal=24%","24923/85238/26989/25624"
"GO:0060429","epithelium development",90,0.132757151176503,0.583758234537869,1,1,0.955484505656665,209,"tags=20%, list=22%, signal=17%","363875/293508/25246/170851/24786/83782/81743/171337/29577/25130/24191/25045/81504/29271/84353/81683/54231/64057"
"GO:0000226","microtubule cytoskeleton organization",53,0.139490409701432,0.552284641822701,0.99820788530466,1,0.955484505656665,195,"tags=19%, list=20%, signal=16%","363875/24588/83613/679221/291081/116643/29271/299850/25686/84353"
"GO:0014823","response to activity",27,-0.142675432082692,-0.497040700263793,0.99792531120332,1,0.955484505656665,3,"tags=26%, list=0%, signal=27%","25085/94165/317675/116484/360543/689560/117282"
"GO:1990823","response to leukemia inhibitory factor",11,0.157377690461791,0.409196539382667,1,1,0.955484505656665,263,"tags=36%, list=27%, signal=27%","289144/58942/29511/171347"
"GO:1990830","cellular response to leukemia inhibitory factor",11,0.157377690461791,0.409196539382667,1,1,0.955484505656665,263,"tags=36%, list=27%, signal=27%","289144/58942/29511/171347"
"GO:0021695","cerebellar cortex development",12,0.151208357089255,0.405637070267954,1,1,0.955484505656665,152,"tags=17%, list=16%, signal=14%","170851/497902"
"GO:0007605","sensory perception of sound",14,-0.124902005644225,-0.364042297421023,1,1,0.955484505656665,317,"tags=50%, list=33%, signal=34%","117955/25293/29393/306934/25152/499529/24404"
