protein_id,mean_intensity,mean_treatment,mean_control,log2FoldChange,pvalue,padj,-log10(pvalue),s0_corrected_-log10(pvalue),regulation
Q62745,24.116722536965156,24.53848937507118,23.654830502815397,0.8836588722557828,0.00012130198374387454,0.13306827616703037,3.91613209672639,1.8098005423637102,upregulated
Q9Z2A6,28.801865799329164,28.974245824275346,28.715816520375615,0.2584293038997316,0.10588714498659094,0.6177119975122715,0.975156761330311,,non significant
P03889,24.669532969678066,24.813921719963503,24.50908774576202,0.3048339742014825,0.06960086301850033,0.6177119975122715,1.157385375305404,5.197438188444044,non significant
P11442,31.319050766662908,31.403558338746205,31.206977064427207,0.19658127431899786,0.10003826565117263,0.6177119975122715,0.9998338461763872,,non significant
P34058,28.305530723769742,28.569084046545218,28.16890417250214,0.4001798740430793,0.10101147179860576,0.6177119975122715,0.9956293009112945,3.0861995617020934,non significant
P62944,29.236456984688495,29.33165998575822,29.102615691977846,0.2290442937803725,0.057646829221901195,0.6177119975122715,1.2392245754343696,,non significant
Q5FVM4,29.02361705367467,29.23603387111757,28.817010659343982,0.41902321177358814,0.057775289803201034,0.6177119975122715,1.2382578674046232,2.924813011642728,non significant
P21588,27.395697431258036,27.490730680429838,27.28484838931755,0.20588229111228884,0.04560383083096964,0.6177119975122715,1.3409986740269795,,non significant
P34926,29.75085560496704,29.895439845490085,29.600166543297338,0.29527330219274717,0.011113693868494147,0.6177119975122715,1.9541415702152798,5.893149258494418,non significant
P60522,25.424834282819933,25.499739377022916,25.161847089891808,0.3378922871311083,0.02478726392653256,0.6177119975122715,1.6057714089799826,4.003001736369236,non significant
P63259,30.01170101518602,30.332806440897812,29.84782340763243,0.48498303326538306,0.09594223317399617,0.6177119975122715,1.0179901770119155,2.537699600190457,non significant
P16884,31.437588367521908,31.613341368486804,31.32004609959807,0.29329526888873403,0.08925865059662907,0.6177119975122715,1.0493496830664917,6.087952529092183,non significant
P15429,27.612959208078262,27.885687323233384,27.49323296037149,0.39245436286189417,0.09072095226551406,0.6177119975122715,1.0422923997927962,3.1625240081525496,non significant
P05197,29.12418396625555,29.24882897864595,29.03831455567656,0.21051442296938916,0.06642698237892826,0.6177119975122715,1.1776554760839173,,non significant
P00564,29.21466602098781,29.409669262619158,29.114756192326258,0.2949130702928997,0.08521076905925061,0.6177119975122715,1.069505515004943,5.926843399449579,non significant
P38718,26.72337262620407,27.090712949700485,26.772172375468404,0.31854057423208104,0.05076366792800373,0.6177119975122715,1.2944470055028456,4.567903706011239,non significant
P18298,26.83650521016512,27.096202577656232,26.742668543368996,0.35353403428723595,0.10795097816314037,0.6177119975122715,0.9667734180918661,3.685914256786253,non significant
P70627,27.9345307339834,27.994085777656412,27.707447625366346,0.28663815229006673,0.03955196098941029,0.6177119975122715,1.40283197927712,7.0097684251579135,non significant
P24135,30.59673120743953,30.822021505012618,30.516538257671822,0.30548324734079557,0.004582778585953105,0.6177119975122715,2.3388711249113716,5.160269355362261,non significant
P04182,28.470326187838157,28.673383908712168,28.30774475128194,0.3656391574302269,0.006897239948903313,0.6177119975122715,2.1613246650257074,3.491636810760003,non significant
Q3SWU3,27.36969472476322,27.695644081915674,27.077770070464013,0.6178740114516614,0.027233416641203653,0.6177119975122715,1.5648978696648588,2.138406191637105,non significant
P04166,27.706835791194134,28.073011698450845,27.421331582974158,0.6516801154766867,0.06461853095655502,0.6177119975122715,1.1896429194956253,2.074892443852462,non significant
P62260,28.914844587130045,29.129575682581585,28.80917482241502,0.3204008601665649,0.05928592350100018,0.6177119975122715,1.227048410708942,4.501236391378838,non significant
Q9ESV6,25.795092143582306,25.96906954858383,25.5654846080531,0.40358494053072747,0.02150667247657322,0.6177119975122715,1.6674267786805121,3.0546011581574586,non significant
P60892,26.68970517237896,26.8623371537244,26.502559701880738,0.3597774518436623,0.07293344182256323,0.6177119975122715,1.1370732910403691,3.581196232700662,non significant
Q75Q41,26.45891607726769,26.607390833885518,26.12328936075915,0.4841014731263691,0.02926024952952095,0.6177119975122715,1.5337219745595823,2.5416342593319756,non significant
P16446,29.30766753802459,29.37844109786556,28.6010599883584,0.7773811095071608,0.052758290748626716,0.6177119975122715,1.2777092830738188,1.904574153755138,non significant
P19627,25.024743193919697,25.15798584934892,24.88651703015229,0.27146881919662746,0.035024938433379574,0.6177119975122715,1.4556226194416744,,non significant
P52296,25.99586193669945,26.161105702712522,25.849560572450788,0.31154513026173447,0.1034331012537172,0.6177119975122715,0.9853404535893452,4.8534926080906615,non significant
Q794E4,28.0851401850345,28.381302902384807,27.790719309942407,0.5905835924423997,0.05367987718971882,0.6177119975122715,1.2701884864286406,2.197819072143389,non significant
P04785,27.69168701802306,27.88214938457514,27.634870702057615,0.24727868251752483,0.06313329734639532,0.6177119975122715,1.1997415276067858,,non significant
Q64361,26.801589331755295,26.98379538198797,26.49240773932245,0.49138764266552215,0.026479482960274546,0.6177119975122715,1.577090499205598,2.509854579091804,non significant
F1LZW6,28.477833207686622,28.568274690722774,28.425906329686068,0.1423683610367057,0.10629062428209304,0.6177119975122715,0.9735050421759499,,non significant
Q5XHZ0,27.55852090043415,27.715881324456735,26.99014125938795,0.7257400650687842,0.04385401848083844,0.6177119975122715,1.3579906047131727,1.9645920314243666,non significant
Q62951,29.70507322421755,30.037137429807743,29.557022182681536,0.4801152471262071,0.1083825192275836,0.6177119975122715,0.9650407585282531,2.559747056769602,non significant
P38983,25.757783603874632,26.062484007841544,25.598336587180682,0.46414742066086134,0.08567369939556163,0.6177119975122715,1.0671524798320684,2.6380197032360235,non significant
Q6P7Q4,26.446133429928764,26.545163098669835,26.175739668195376,0.369423430474459,0.08934783823064597,0.6177119975122715,1.048915950778473,3.437764663530547,non significant
P36876,26.452938538951436,26.50644926561002,26.284900504380317,0.2215487612297018,0.0876870562164235,0.6177119975122715,1.0570645095833298,,non significant
Q03626,27.45260001354469,27.562127091792544,26.771856190203362,0.7902709015891816,0.020011946743471013,0.6177119975122715,1.6987106615475451,1.8912452648131617,non significant
Q5XIN6,29.420943628438565,29.548110192523897,29.259724278237556,0.28838591428634075,0.09148714880699442,0.6177119975122715,1.0386399069629,6.711978005298994,non significant
P05696,27.91123345762981,27.979447290542556,27.69888725746757,0.280560033074984,0.09208942972426383,0.6177119975122715,1.035790216446754,8.929083274448294,non significant
Q63357,28.755460139767045,28.822762390246464,28.64853844174524,0.17422394850122203,0.06433444000778413,0.6177119975122715,1.191556474958416,,non significant
P51650,28.01892263644305,28.159624957936284,27.84390327167635,0.31572168625993413,0.02112261150792417,0.6177119975122715,1.6752523885356447,4.6758072493749445,non significant
Q8VI04,27.519487172260256,27.692793099554024,27.39125834578333,0.3015347537706923,0.09018121429546597,0.6177119975122715,1.0448839211887986,5.402626313982421,non significant
D3ZAA9,27.820942821888572,27.97217300553038,27.810098367362688,0.16207463816769163,0.10130246301671292,0.6177119975122715,0.9943799952955598,,non significant
P14669,25.189254770967533,25.525442769480573,25.07191454635654,0.4535282231240352,0.0322662059194278,0.6177119975122715,1.4912520989013118,2.6957976451326595,non significant
P41562,26.495284378218148,26.642829312976243,26.34526783302076,0.2975614799554833,0.06384181656643943,0.6177119975122715,1.1948947639888363,5.694899760278922,non significant
P08081,27.56811050323968,27.677426912416717,27.3244733224204,0.3529535899963179,0.05841084743555244,0.6177119975122715,1.233506492888633,3.696194700421202,non significant
P84087,27.229848987656002,27.411747186962543,26.951614159658842,0.4601330273037014,0.09011509053308928,0.6177119975122715,1.0452024766515713,2.659279578409171,non significant
P19491,28.897003506071645,29.205047386295004,28.675276112396997,0.5297712738980067,0.049407810459707054,0.6177119975122715,1.306204391735696,2.3663009882168353,non significant
Q6P6Q2,28.818507898342467,28.925330580173902,28.699139231201855,0.22619134897204773,0.09817078374853253,0.6177119975122715,1.0080177417923761,,non significant
Q05695,27.85602598757994,28.06322866084211,27.73246541103366,0.33076324980844873,0.05291162936132371,0.6177119975122715,1.276448864592749,4.182508202521055,non significant
Q4FZT9,28.117306281461417,27.811561003631983,28.581853910527872,-0.7702929068958895,0.09900284505900656,0.6177119975122715,1.004352324840093,1.9121628670381359,non significant
P20171,25.324362204610587,25.818694061549333,24.888680567108654,0.9300134944406793,0.0031878534979027542,0.6177119975122715,2.4965016454046536,1.777168438338575,upregulated
P47727,25.865942520494105,26.04272390864071,25.60702848201892,0.43569542662179117,0.012753362555681245,0.6177119975122715,1.8943752939089469,2.8052252658953982,non significant
Q08877,27.51014508872659,27.762421819724214,27.025494758969984,0.7369270607542298,0.002710403472194431,0.6177119975122715,2.566966054990947,1.9506015251226083,upregulated
Q01205,28.52180362952435,28.850211549266174,28.33623744866118,0.5139741006049938,0.08151254162168506,0.6177119975122715,1.0887755650263053,2.4210091923730532,non significant
P21913,29.138608544607333,29.27049157022004,28.900346142574463,0.37014542764557845,0.023291288277623595,0.6177119975122715,1.6328064892931589,3.4278102671293365,non significant
Q5FVI6,28.117268247324592,28.322892415530955,27.98290798593804,0.33998442959291353,0.02283847247665423,0.6177119975122715,1.6413329467109852,3.9550997617977925,non significant
P10111,30.04721435926622,30.22254261008298,29.913020271492964,0.3095223385900141,0.07871978343859631,0.6177119975122715,1.1039161093372838,4.948591640478775,non significant
P97536,29.32441104885539,29.453848840054818,29.0639012210174,0.38994761903741804,0.10940241368806101,0.6177119975122715,0.9609730962855648,3.1887901895358546,non significant
P68136,30.597186645512487,30.912531066536562,30.511874841944806,0.4006562245917564,0.07125763717642675,0.6177119975122715,1.1471685824656734,3.0817075708144763,non significant
Q6VBQ5,24.81819289095551,25.282216770494372,24.49638906584209,0.7858277046522808,0.08094967233682905,0.6177119975122715,1.0917849048178967,1.895773002590169,non significant
Q02253,27.667188356997503,28.015335225262078,27.44227022345242,0.5730650018096561,0.05050316035654585,0.6177119975122715,1.2966814440107788,2.2406162443169544,non significant
Q63538,24.72279843543556,25.034710432031044,24.529594774056363,0.5051156579746809,0.056788702187519795,0.6177119975122715,1.2457380562899358,2.4542379887446697,non significant
P18163,27.63226437767077,27.862953994363988,27.385372957555763,0.4775810368082247,0.011444565875619388,0.6177119975122715,1.9414006766809015,2.5715433265144343,non significant
Q5U1Z2,26.95290946518961,27.314797531660115,26.690512863087836,0.6242846685722796,0.07427631100004682,0.6177119975122715,1.1291496740236402,2.1255739685957855,non significant
Q99MZ8,25.555419053558815,25.390089576854322,25.765870867402025,-0.37578129054770315,0.1101524582594599,0.6177119975122715,0.9580058063061724,3.353409744825252,non significant
P23505,26.834829408080957,27.432071772788486,26.25310168002692,1.178970092761567,0.04388287822092572,0.6177119975122715,1.357704895352749,1.655086906689417,non significant
O35952,26.208705527957147,26.393932251283104,25.82072283752608,0.5732094137570236,0.05850849999320039,0.6177119975122715,1.232781035935197,2.240246738365445,non significant
O88600,27.74479095760064,27.94302624757181,27.678900549793244,0.2641256977785673,0.11061229433626421,0.6177119975122715,0.9561965993816147,,non significant
P09605,26.537071625070705,26.74392226695957,26.183631684807953,0.560290582151616,0.05282357805634977,0.6177119975122715,1.2771721847743245,2.2744963344980498,non significant
Q9JI12,26.63766553786214,26.80751559401774,26.423736111258652,0.38377948275908835,0.008184767116098725,0.6177119975122715,2.0869936732015963,3.2568911632305704,non significant
P62909,29.13297525304946,29.18892038223709,29.044409562174362,0.14451082006272742,0.10744076714220419,0.6177119975122715,0.9688308994045246,,non significant
Q7TP54,28.228208426253957,28.053295996822282,28.283575361226273,-0.23027936440399088,0.08898117535904315,0.6177119975122715,1.0507018619215844,,non significant
B2RZ27,26.88653626157343,27.34931770657721,26.668244032730843,0.6810736738463667,0.05046125926858011,0.6177119975122715,1.297041915796811,2.0270065701781403,non significant
P08010,26.40627078934413,26.795114386109116,25.923124478195728,0.8719899079133882,0.024997272835430254,0.6177119975122715,1.6021073696131323,1.818730049343096,non significant
Q8K586,26.92910661390033,27.09805293587716,26.87576382459578,0.2222891112813805,0.03568707900642589,0.6177119975122715,1.4474889976679284,,non significant
D3ZQL7,27.955056291572046,28.105563061116758,27.802206746843343,0.30335631427341525,0.05878982648692778,0.6177119975122715,1.2306978215915103,5.2857804827165555,non significant
P11730,25.29185596626197,25.50582683922919,24.99906711277176,0.5067597264574317,0.10094696989539147,0.6177119975122715,0.995906712653589,2.4479215674343164,non significant
P08009,28.219477038008723,28.413797628271606,28.00936782819052,0.4044298000810862,0.04936179187708867,0.6177119975122715,1.3066090834114645,3.0469411682591563,non significant
Q08163,26.881195551556445,27.08824595778793,26.806910521465536,0.28133543632239366,0.044500590755853865,0.6177119975122715,1.351634223618967,8.524226259522615,non significant
P48037,30.680582886363982,30.84065987779824,30.588604468349043,0.25205540944919846,0.09678370129662862,0.6177119975122715,1.014197773196971,,non significant
Q66HA8,28.5664422951895,28.673201151576865,28.44283886076309,0.23036229081377613,0.05376618540879186,0.6177119975122715,1.2694907746569528,,non significant
P04041,20.995203516101242,21.13693908388217,20.49111256661202,0.6458265172701481,0.09781842205896751,0.6177119975122715,1.0095793472048864,2.085191789317044,non significant
P01026,30.33831569248841,30.459292548558498,30.16226967302313,0.29702287553536877,0.032199970622929334,0.6177119975122715,1.492144524524837,5.739293198105156,non significant
P55260,27.196874592463885,27.090371793229952,27.38041973618302,-0.29004794295306624,0.06674985959660187,0.6177119975122715,1.175549643468783,6.472203266019319,non significant
Q5HZY2,25.54174976782305,25.83094009675965,25.421769131666867,0.40917096509278394,0.09551829336980962,0.6177119975122715,1.0199134457069134,3.005217391561331,non significant
P21807,27.39243577853209,27.502358613620544,27.18106377927607,0.32129483434447437,0.1086347748352762,0.6177119975122715,0.9640311314544026,4.470370970775112,non significant
P09216,27.099681157084422,27.22132214695796,26.869013846036847,0.35230830092111276,0.006527378356705832,0.6177119975122715,2.1852612128797664,3.7077399217581952,non significant
P97700,28.547249684384518,28.731977084271865,28.32517993521456,0.40679714905730435,0.06369293593030853,0.6177119975122715,1.195908731818612,3.0258447086411553,non significant
P20760,27.253853034871778,27.47217301820324,27.051693691655718,0.42047932654752174,0.02871839651771381,0.6177119975122715,1.5418398124433004,2.913591019206392,non significant
P11348,27.9362983703334,28.063091485624714,27.62209561195365,0.4409958736710635,0.04239509714082721,0.6177119975122715,1.3726843652893916,2.770905577146432,non significant
P00762,28.76115220087866,29.093653600333013,27.923823824751107,1.1698297755819063,0.03573208848329047,0.6177119975122715,1.4469415992394508,1.6584537052868422,non significant
P14408,27.307858689167357,27.539716459337466,27.127321063071747,0.41239539626571897,0.06180091365666039,0.6177119975122715,1.2090051043106524,2.9780069359375543,non significant
P12785,28.435372344703072,28.594777794699397,28.312663770769195,0.2821140239302018,0.009234788780087702,0.6177119975122715,2.034573033379281,8.196557101289255,non significant
P60881,27.256774995114807,27.324758414688663,26.90179955851684,0.4229588561718245,0.021853667365309488,0.6177119975122715,1.660475671605734,2.894846236631046,non significant
P14841,26.783263860183297,27.13977322622195,26.80435744610503,0.3354157801169215,0.049656066706843895,0.6177119975122715,1.304027684200822,4.062352282047034,non significant
Q6Q0N1,27.545720142239876,27.6626543260759,27.476885752609693,0.18576857346620557,0.03823333195109129,0.6177119975122715,1.4175578525193564,,non significant
P38406,26.918391702116153,26.963032650661578,26.74629728666113,0.21673536400044924,0.10296376305612194,0.6177119975122715,0.9873155934866897,,non significant
D3ZAF6,28.307033377514923,28.49344337137103,28.131937357461954,0.3615060139090751,0.026277655934171733,0.6177119975122715,1.5804133780870842,3.5539630356966234,non significant
P97829,26.1452079465593,26.321273265136806,25.856010754869843,0.46526251026696386,0.021600154119147633,0.6177119975122715,1.6655431501057087,2.6322338557476197,non significant
P54921,27.705940106419394,27.883156296112862,27.6208986330894,0.2622576630234619,0.08187841299823068,0.6177119975122715,1.0868305836058996,,non significant
Q62717,29.45925348733879,29.66489774595909,29.37876738422027,0.2861303617388202,0.03002513277045124,0.6177119975122715,1.522515063480532,7.107609517506886,non significant
P09626,27.983932834984124,28.10053514622635,27.81312370430984,0.28741144191650747,0.03172831129058794,0.6177119975122715,1.4985530421982338,6.871222388930357,non significant
P0C5X8,26.498133216386897,26.468033712878153,26.702573920820583,-0.23454020794243036,0.0790455918566727,0.6177119975122715,1.1021223443997374,,non significant
P18666,25.558769911516276,25.315358723036635,25.77995885986017,-0.4646001368235346,0.0564806157522774,0.6177119975122715,1.2481005772473541,2.6356645475781573,non significant
P29314,30.324724689752102,30.563127533071494,30.21060965757404,0.3525178754974547,0.06352320030984046,0.6177119975122715,1.1970676301985235,3.7039767563714308,non significant
P04904,24.793206855331956,24.932622226208796,24.524422499444455,0.4081997267643409,0.08785009728617584,0.6177119975122715,1.0562577532258755,3.013594563951866,non significant
P62483,26.399160604366237,26.485974966782077,26.263257696065846,0.22271727071623104,0.062331616328766604,0.6177119975122715,1.2052916112186567,,non significant
Q6MG60,26.903062750303455,27.749991423646136,26.566544178648048,1.1834472449980886,0.0858054663278438,0.6177119975122715,1.0664850440813847,1.6534607540942137,non significant
P13086,29.5425206890605,29.599301281556944,28.860655715299156,0.7386455662577873,0.04833528635592032,0.6177119975122715,1.3157357041440698,1.948504332142623,non significant
Q6IFW6,27.5677359397882,27.898832053093248,27.40931903250555,0.4895130205876974,0.0951100261275167,0.6177119975122715,1.0217736990211446,2.5178726768018462,non significant
Q05140,28.94089475170955,29.15462439022539,28.762506472148885,0.3921179180765044,0.03726394735195314,0.6177119975122715,1.4287111423981769,3.1660044746537848,non significant
P55063,25.852324827432447,26.161470122111268,25.87914129517677,0.28232882693449923,0.02209780169337902,0.6177119975122715,1.6556509281212792,8.116344504001923,non significant
P63100,26.077052094041356,26.569624786550744,25.58856215625774,0.9810626302930032,0.03104850393643539,0.6177119975122715,1.5079593213426028,1.7457446135243953,non significant
O88767,27.38044717775855,27.640744680374652,27.279912936888497,0.36083174348615543,0.014056833774450933,0.6177119975122715,1.8521124907768496,3.564500876338794,non significant
P61980,30.6025317469845,30.648420925731596,30.39597211322703,0.2524488125045643,0.08493737971911854,0.6177119975122715,1.0709011409328206,,non significant
P09812,29.34700581916659,29.517778897827213,29.169209159264174,0.3485697385630395,0.08919369273632262,0.6177119975122715,1.0496658553397882,3.7771532477185863,non significant
P47858,30.371074402421524,30.679340960336333,30.23237251674176,0.44696844359457444,0.101586396080273,0.6177119975122715,0.9931644466076455,2.7341057856681026,non significant
Q62881,24.496468198756798,25.678458870701075,25.465101711941298,0.21335715875977712,0.06991676356978811,0.6177119975122715,1.1554186832957527,,non significant
Q8CGU9,28.527000132502028,28.687855134828354,28.49152679916838,0.19632833565997387,0.0641640677101804,0.6177119975122715,1.1927081115554476,,non significant
Q03555,29.721755105931276,29.925975929249457,29.53722089445226,0.388755034797196,0.11091917003451755,0.6177119975122715,0.9549933887405675,3.2015632865373296,non significant
P13803,26.817818095845585,27.0331474566822,26.645634804911428,0.38751265177077343,0.06098280413788043,0.6177119975122715,1.2147926095933286,3.2150657274116354,non significant
Q6DGG1,25.2715291667103,25.3416326081865,24.554753803469833,0.7868788047166682,0.048183901431363876,0.6177119975122715,1.317098038262234,1.8946956588444843,non significant
P27139,26.64908755141206,27.10356071377691,26.423845150531946,0.6797155632449652,0.045184959191705294,0.6177119975122715,1.3450061056113711,2.029088367957798,non significant
Q99NA5,27.69781626648803,28.102965226834566,27.55275408184302,0.5502111449915468,0.10066758166069167,0.6177119975122715,0.9971103643282393,2.3030085088901324,non significant
P97526,30.155129287894102,30.243398186890275,30.02019409881402,0.2232040880762547,0.024155226771046836,0.6177119975122715,1.6169888809697612,,non significant
Q62656,29.011558005155152,29.134501698782557,28.923584550378155,0.2109171484044019,0.049916040308898936,0.6177119975122715,1.301759873249544,,non significant
P63025,27.74413260025619,27.956718230854637,27.61982728851159,0.3368909423430466,0.06563259138138787,0.6177119975122715,1.1828804480907935,4.026641362745276,non significant
O70352,23.580862123999523,23.744128659963923,23.31207084304771,0.43205781691621326,0.061661476453847494,0.6177119975122715,1.2099860805163887,2.829746521884544,non significant
B3GNI6,27.95894775021242,28.259296291818984,27.91378128957632,0.3455150022426636,0.04721468235683647,0.6177119975122715,1.3259229277428772,3.8373040138133767,non significant
Q499N5,28.008833291377265,28.036735823444918,27.615207790535354,0.4215280329095634,0.03195762076807235,0.6177119975122715,1.4954255612028617,2.9056076691814114,non significant
P37199,28.66938716412715,28.99710770655254,28.337295717422922,0.6598119891296186,0.04152638461171187,0.6177119975122715,1.3816758779807006,2.0610248481212112,non significant
Q62698,28.377103367089635,28.531294627803945,28.21243993556851,0.3188546922354334,0.11008690420708203,0.6177119975122715,0.9582643410543302,4.556406245563362,non significant
Q5FVJ0,28.559884034522838,28.689127604223433,28.445238119030424,0.24388948519300868,0.10989604822685704,0.6177119975122715,0.959017924174567,,non significant
Q63768,27.035363813431797,27.367229729441807,26.985290123876172,0.3819396055656341,0.01275205070116421,0.6177119975122715,1.8944199692233652,3.278228042692693,non significant
P36860,27.575803076325617,27.649651693524714,27.452399931114986,0.19725176240972786,0.10547689448592516,0.6177119975122715,0.9768426654493343,,non significant
Q99MC0,26.75938130716357,26.94528830891868,26.572668374335986,0.37261993458269416,0.02039268859919413,0.6177119975122715,1.6905255124847918,3.3944396801682646,non significant
O35179,29.22943645776738,29.27491727030745,29.10304025439451,0.17187701591294058,0.10998005946902026,0.6177119975122715,0.9586860498199847,,non significant
Q794F9,28.143009958422976,28.32128528312545,27.91598114235507,0.405304140770383,0.028198079880145416,0.6177119975122715,1.549780463519238,3.039087106400926,non significant
Q6PCU2,27.1361416592312,27.400549638264124,27.039372329079285,0.36117730918483915,0.03852940792900831,0.6177119975122715,1.4142076646215753,3.5590867495763785,non significant
P0DMW0,28.105586132041232,28.362219779787534,27.93178915309636,0.43043062669117305,0.0723184906535226,0.6177119975122715,1.140750646521725,2.840983590375201,non significant
P52287,26.530479989386993,26.706652656160646,26.41762406565621,0.2890285905044365,0.04844118743843105,0.6177119975122715,1.3147852195414234,6.614959034676725,non significant
P04550,23.294927029496538,23.704307048047585,22.487955388828198,1.216351659219388,0.053704422816007735,0.6177119975122715,1.2699899466004305,1.6419519464240466,non significant
Q9Z2F5,28.363042675160916,28.64593419409179,28.24691981056185,0.39901438352994134,0.0353228945042377,0.6177119975122715,1.4519437157481432,3.0972909367229557,non significant
P80254,25.989888472928314,26.51169168436159,26.206809208243612,0.30488247611797803,0.02214166130654297,0.6177119975122715,1.654789796772722,5.194628141606341,non significant
Q9R1Z0,27.262036287116377,27.523373181998277,27.1250490687259,0.39832411327237693,0.10166988012134881,0.6177119975122715,0.9928076885179805,3.103928290708071,non significant
Q63028,28.915052491405717,29.02159921170742,28.672085916375053,0.3495132953323683,0.06900838744415692,0.6177119975122715,1.1610981208665236,3.7592147596292933,non significant
P09527,28.04252131096035,26.888735553500993,28.76910955612097,-1.880374002619977,0.08020647600359135,0.6177119975122715,1.0957905646450286,1.5064480525014625,non significant
P31016,28.121185332068332,28.149671131240382,27.998794598734516,0.1508765325058654,0.09356025647903216,0.6177119975122715,1.0289085963191082,,non significant
P11598,28.937585067587168,29.083812779377695,28.77162779410686,0.3121849852708358,0.09569409964211845,0.6177119975122715,1.0191148393586567,4.824723786316442,non significant
Q9QYF3,30.627969448651605,30.67063101227353,30.484190461139722,0.18644055113380986,0.0954584279666139,0.6177119975122715,1.0201857219815762,,non significant
Q00728,23.45544259547931,25.060642871458807,23.3295020681861,1.7311408032727087,0.04598965916933596,0.6177119975122715,1.337339808982717,1.5266085471040678,non significant
P10536,24.33376160577649,24.147823896618934,24.349503239858638,-0.2016793432397037,0.0770114610395646,0.6177119975122715,1.113444637219182,,non significant
Q5XI32,27.629155257396135,27.737284760301133,27.33070914745434,0.4065756128467939,0.06958739355622308,0.6177119975122715,1.157469429999434,3.0277963379327266,non significant
Q62847,26.85250595030366,26.93235038175533,26.65643548650802,0.27591489524731116,0.05425469440779302,0.6177119975122715,1.2655626783606175,,non significant
P34064,26.967198461658533,27.330257851433384,26.088194061152183,1.2420637902812004,0.05295737320219639,0.6177119975122715,1.276073564959668,1.6334678959912554,non significant
Q6IG12,28.726276937159774,28.89570746231991,28.451383522122768,0.4443239401971404,0.006430727441112283,0.6177119975122715,2.1917398970926167,2.7501646240472226,non significant
P51583,27.828153658751113,28.05144157766914,27.67957792508766,0.3718636525814816,0.0012841644313970348,0.6177119975122715,2.8913793632794547,3.4045183597468247,non significant
P56536,29.857331823091272,29.949969370450635,29.639315077287957,0.3106542931626777,0.04371895613594923,0.6177119975122715,1.3593302161141292,4.894572812440607,non significant
P24268,25.619839024918107,25.677713178669375,25.270652459880736,0.4070607187886388,0.05159395222240049,0.6177119975122715,1.2874012028373563,3.023528766040282,non significant
Q2PQA9,29.904852768902817,29.923912456825846,29.765013168399026,0.1588992884268201,0.09599691657132747,0.6177119975122715,1.017742716310055,,non significant
P35465,26.378898616805664,26.560357048817224,26.30530179206396,0.2550552567532627,0.1114922292683954,0.6177119975122715,0.9527554008082922,,non significant
Q9Z252,25.658951954108332,25.882195502018742,25.46475075521145,0.41744474680729127,0.06352355033086413,0.6177119975122715,1.197065237186528,2.9371619841719454,non significant
Q9Z2S9,28.141829398243353,28.22552800662613,27.98404200172217,0.24148600490396177,0.10512513691169083,0.6177119975122715,0.9782934255821112,,non significant
Q4KLF8,23.58608009832837,24.127321082657573,23.358514990918156,0.7688060917394175,0.09137592330590799,0.6177119975122715,1.0391682216933438,1.9137788795689017,non significant
P0DN35,25.70965770754457,26.00016246050345,25.71512642345353,0.2850360370499203,0.03112769972091735,0.6177119975122715,1.5068529716857337,7.340720169150029,non significant
P20788,26.831048786605308,27.02791285439733,26.74590111964641,0.28201173475092034,0.10484386934504572,0.6177119975122715,0.9794569594519474,8.236141943822568,non significant
P18418,27.990515956888828,28.140489195842786,27.7304442243412,0.4100449715015877,0.09293631773121395,0.6177119975122715,1.0318145388799103,2.997751447426049,non significant
Q9JHU0,27.820982010917998,28.044827776774472,27.57960972864214,0.46521804813233203,0.07918700484272424,0.6177119975122715,1.1013460834125133,2.6324635811480466,non significant
P15146,29.246857989098444,29.343785840935634,29.061873393279257,0.2819124476563779,0.1111928684471251,0.6177119975122715,0.9539230661117031,8.275476151168755,non significant
P16617,29.63674100584667,29.763037784568322,29.496796182373853,0.26624160219446935,0.09154950137237425,0.6177119975122715,1.0383440167562346,,non significant
P09951,29.714405929693005,29.917690816885457,29.547025784576036,0.3706650323094216,0.1054610376044947,0.6177119975122715,0.9769079600698909,3.420708079021083,non significant
P47819,29.2114160721428,29.55231454270634,29.022497394094074,0.5298171486122669,0.04857848110551484,0.6177119975122715,1.3135560683247527,2.366149942257253,non significant
O35353,28.135780061269717,28.265049619767723,28.026384569939236,0.23866504982848724,0.09108609260458547,0.6177119975122715,1.0405479278147225,,non significant
P01946,30.632203427155396,31.151314308047333,30.67073969992593,0.48057460812140107,0.09685018144600518,0.6177119975122715,1.0138995613059958,2.557632532961743,non significant
P48056,21.721134489039887,21.24292224335967,22.597168714558663,-1.3542464711989943,0.05194385711058094,0.6177119975122715,1.284465804809788,1.6009007586265478,non significant
G3V9R8,27.765051549090042,28.04864263055937,27.39154658602372,0.6570960445356526,0.033152802469849994,0.6177119975122715,1.4794797539636326,2.065600923174447,non significant
Q62645,27.17468961127013,27.33180255591247,26.544613544913318,0.7871890109991533,0.04392899113292679,0.6177119975122715,1.357248770566549,1.8943784508756933,non significant
P68255,28.906739760083443,29.013404255991986,28.776381427441525,0.23702282855046164,0.056558915728869175,0.6177119975122715,1.247498924838502,,non significant
P50399,28.390166848086846,28.496748358574134,28.31502325267707,0.18172510589706548,0.0844785009694491,0.6177119975122715,1.0732538010895296,,non significant
P06761,27.92020138679527,28.166115444943387,27.760823022087774,0.40529242285561295,0.09578073698998901,0.6177119975122715,1.0187218255785015,3.03919187893996,non significant
P04797,29.553528918944856,29.70609476054076,29.322301277539168,0.3837934830015932,0.0437658680991296,0.6177119975122715,1.3588644528488913,3.256730680394431,non significant
P62716,27.826385939225943,27.892143176500927,27.685640016545836,0.2065031599550906,0.06338742756141948,0.6177119975122715,1.1979968727516037,,non significant
P23565,31.002621067586198,31.295134062960226,30.807798767111876,0.4873352958483501,0.04220445360075574,0.6177119975122715,1.3746417179440626,2.5273232976148927,non significant
P69897,29.709578663932408,30.07172302843712,29.464638512197336,0.6070845162397838,0.05903833824582457,0.6177119975122715,1.2288658751149826,2.160929261635794,non significant
P07323,30.88571379029136,31.07814261226277,30.78548891790634,0.2926536943564315,0.055334659401066306,0.6177119975122715,1.257002758902528,6.156780122536777,non significant
Q5XIF6,30.865935397533292,31.20988795985468,30.60974549541382,0.6001424644408608,0.06206481438372756,0.6177119975122715,1.2071545391097283,2.1760726002215227,non significant
Q6AYZ1,32.94612660174396,33.279866043767534,32.8140532540523,0.4658127897152369,0.10036785914364303,0.6177119975122715,0.9984053392956368,2.629397346293789,non significant
Q68FR8,29.56716260449279,29.865403897272568,29.437159742176018,0.4282441550965501,0.06964777386186641,0.6177119975122715,1.1570927602875127,2.8563534349372675,non significant
Q4QRB4,28.07056711963248,28.533271813721765,27.85158947819423,0.6816823355275332,0.0776575982593741,0.6177119975122715,1.1098160451424073,2.02607742617468,non significant
P07335,31.19416840146095,31.31744835908962,31.044739320019076,0.2727090390705449,0.08842803293242153,0.6177119975122715,1.05341003568934,,non significant
P04764,29.582457664852704,29.848267054583104,29.43502565007354,0.4132414045095629,0.09330123442151712,0.6177119975122715,1.0301126102845102,2.9710164443512443,non significant
P12839,29.99394121065759,30.296756823179148,29.91931025256939,0.3774465706097594,0.08518028248978823,0.6177119975122715,1.069660923976372,3.332482383116817,non significant
P63102,30.850449338642346,31.155685622759933,30.73496907161182,0.42071655114811435,0.06550389182617614,0.6177119975122715,1.183732896215524,2.9117779511077293,non significant
P48500,29.477408256275208,29.741539738801336,29.287465328288288,0.45407441051304787,0.10202391579785634,0.6177119975122715,0.9912980117520467,2.6927020066018854,non significant
Q5XIA3,28.20580560773177,28.5332967968675,27.876244474585913,0.6570523222815865,0.007589072948722717,0.6177119975122715,2.119811272568813,2.065675040545734,upregulated
P50398,29.084881536018905,29.183177166713083,28.968873077183265,0.2143040895298185,0.12320596555496117,0.6208945842457275,0.9093682633982372,,non significant
P05708,29.966734356404867,30.193197227226367,29.9710841696367,0.2221130575896666,0.12237096637686054,0.6208945842457275,0.9123216102788367,,non significant
Q9QWN8,31.345597537356547,31.464682177758515,31.25242426531261,0.21225791244590653,0.11466496690652288,0.6208945842457275,0.940569249955595,,non significant
P18484,30.818179241160113,30.944534992896866,30.739581489731588,0.20495350316527805,0.11965995662003567,0.6208945842457275,0.9220511589374167,,non significant
P84076,27.432096951107255,27.805755611794662,27.374095849285556,0.4316597625091063,0.13020404379023737,0.6208945842457275,0.8853755275303891,2.832479800656777,non significant
P02454,30.19584762865834,30.29040257199406,30.083610515214346,0.20679205677971524,0.12031267464625818,0.6208945842457275,0.9196886183877073,,non significant
Q6P6V0,29.098613645264187,29.25491093469759,29.06386524282981,0.19104569186778164,0.12855538875792838,0.6208945842457275,0.8909097139741999,,non significant
P0DP31,30.616641969696314,30.75657504847726,30.45011425826364,0.30646079021362027,0.1303354691662972,0.6208945842457275,0.8849373803964027,5.106066646868361,non significant
Q5RKI0,27.40609096504883,27.57319809951672,27.164719145208153,0.40847895430856695,0.1293359545987239,0.6208945842457275,0.8882807271443319,3.0111773854502912,non significant
P27605,26.74715994298594,26.988042169042004,26.639257354608358,0.34878481443364606,0.12563892779658975,0.6208945842457275,0.9008757785295937,3.7730385416231,non significant
Q2TA68,27.915527936631175,28.005636017082896,27.801240138027477,0.20439587905541856,0.11455975503122917,0.6208945842457275,0.9409679237085238,,non significant
D3ZFD0,31.579578128973555,31.558053874640773,31.354095650401334,0.20395822423943955,0.11540674405954382,0.6208945842457275,0.9377688114379555,,non significant
P54313,25.349440574218363,25.48978534295402,25.081885023850745,0.4079003191032733,0.11485985018329908,0.6208945842457275,0.9398317545236747,3.016194354983555,non significant
Q9JJK1,28.175797932910005,28.27075809323141,28.01876659877834,0.25199149445307256,0.13131422763016493,0.6208945842457275,0.881688216435128,,non significant
P11275,29.83771138536363,30.187490368075448,29.64181900982909,0.5456713582463593,0.1319649957998023,0.6208945842457275,0.8795412517261321,2.3164050552926985,non significant
P06685,29.792161572610915,29.93985643392099,29.612974311648827,0.3268821222721634,0.12389368958812125,0.6208945842457275,0.9069508134532399,4.292655870397301,non significant
P05942,23.40398631625779,23.626669996327323,23.011047151567798,0.6156228447595247,0.12826723155654154,0.6208945842457275,0.8918842787134349,2.14300758613552,non significant
P10687,28.629830473984352,28.710730103873473,28.476719602907696,0.2340105009657769,0.12648949394351894,0.6208945842457275,0.8979455449374756,,non significant
Q8CFD0,24.864338495857844,25.164135459316906,24.84755936754145,0.3165760917754561,0.12489475253307127,0.6208945842457275,0.9034558081735469,4.642168331938733,non significant
P18420,25.794281524607463,25.917764182846497,25.729620176253828,0.18814400659266894,0.13183201597536226,0.6208945842457275,0.8799791066393631,,non significant
P48721,29.324712088434918,29.468356567074128,29.120473637168043,0.3478829299060848,0.11708879260881433,0.6208945842457275,0.9314846723151959,3.790396407723985,non significant
Q5U318,26.804765497265702,27.088078959867886,26.53849063746847,0.5495883223994156,0.13244241815268937,0.6208945842457275,0.8779728984365649,2.3048253769467983,non significant
Q7M0E3,26.440798632009315,26.624746837659004,26.445032456138588,0.17971438152041586,0.12151410111081627,0.6208945842457275,0.9153733214132369,,non significant
Q6AYP5,26.581120834484903,26.97858020146957,26.32880588034595,0.6497743211236191,0.11806828350548373,0.6208945842457275,0.9278667505530559,2.0782158777965183,non significant
O35331,27.463217172163304,27.45280005483991,27.303084285253917,0.14971576958599186,0.12517604047511013,0.6208945842457275,0.9024787900171628,,non significant
P00159,25.84536874729483,25.985784241153173,25.60103139853548,0.3847528426176936,0.12941922104172615,0.6208945842457275,0.8880012184706808,3.2457999275782345,non significant
P84079,26.12264924873337,26.327061837724116,25.959446876628494,0.3676149610956223,0.12274005444854123,0.6208945842457275,0.911013688395286,3.4631470435254466,non significant
P49187,22.705953777776422,22.988143823258913,22.3954088236777,0.5927349995812143,0.11697367144442293,0.6208945842457275,0.9319118787079782,2.192830827170811,non significant
Q3T1J1,26.096769887919063,26.226781949784908,25.937038685796498,0.28974326398840944,0.12657168131739438,0.6208945842457275,0.8976634509009298,6.513550605570762,non significant
P19629,28.505369304412042,28.830883483659836,28.432699761061368,0.3981837225984677,0.13044524193755722,0.6208945842457275,0.8845717574066085,3.105284531211129,non significant
O55012,28.81931682821651,29.095308275742013,28.706029525043803,0.3892787506982103,0.12469220363930829,0.6208945842457275,0.9041606998677051,3.195931624537357,non significant
P46101,26.711402969589635,26.895001849793683,26.580807238044457,0.314194611749226,0.1165231945463093,0.6208945842457275,0.9335876174633856,4.7381113868239915,non significant
P85108,31.519385862232074,31.878909234722286,31.45997490088404,0.41893433383824785,0.11845251637769443,0.6208945842457275,0.926455708792302,2.9255032120240148,non significant
O08838,27.144747149460034,27.25627842070574,27.0004540904231,0.25582433028263907,0.12508705261391656,0.6208945842457275,0.9027876405010635,,non significant
P25409,26.85494927292608,26.7570010218715,27.07948794311424,-0.32248692124274214,0.11405996480353278,0.6208945842457275,0.942866766764887,4.430325250249864,non significant
Q05546,28.36160474065004,28.530067978951678,28.27771275595751,0.25235522299416857,0.1281502247908806,0.6208945842457275,0.8922806276744044,,non significant
P56574,26.67178145467965,26.94527197143906,26.52592578162653,0.41934618981252925,0.13362676783338936,0.6237811247371411,0.874106536187601,2.9223099588971473,non significant
Q62636,27.52631554224972,27.742147353408285,27.487745507536758,0.25440184587152714,0.13514514791698626,0.6243498577733402,0.8691995420533496,,non significant
E9PT87,28.062261279269553,28.19546368124267,27.804138440650515,0.3913252405921561,0.134453137130368,0.6243498577733402,0.871429060138239,3.1742591189912965,non significant
Q6DGG0,26.30242233906208,26.448663709833042,26.22788731503918,0.22077639479386235,0.13649975790055602,0.6243498577733402,0.8648681188982862,,non significant
Q66HF1,28.89649296724118,28.865472468132733,29.053776681893357,-0.1883042137606239,0.13716346009423427,0.6243498577733402,0.8627615678784769,,non significant
P07943,27.494568352826562,27.52060450198934,27.270237499670134,0.25036700231920506,0.1371542822021171,0.6243498577733402,0.8627906283969116,,non significant
P27952,28.2606969277284,28.21594635046492,28.057873055748853,0.15807329471606835,0.13680700865303558,0.6243498577733402,0.8638916530444857,,non significant
Q9WVC0,27.640641594680062,27.815343855193422,27.555611006620694,0.25973284857272816,0.1452340313221956,0.6277123981700641,0.8379316075772327,,non significant
Q05982,25.946649731259303,26.134272901280482,25.7992586014482,0.3350142998322809,0.1452388477219204,0.6277123981700641,0.8379172052975418,4.072260199966372,non significant
Q63421,29.534384245546654,29.679673646622465,29.448459676573407,0.2312139700490583,0.14497039599573452,0.6277123981700641,0.8387206747880381,,non significant
P62278,27.93238925706116,28.119421103757727,27.766736192571305,0.3526849111864223,0.14532112690872606,0.6277123981700641,0.837671243011747,3.7009867871095756,non significant
D3ZW55,23.77343728438548,23.815704699543712,24.03157668301948,-0.2158719834757683,0.14230232143831997,0.6277123981700641,0.8467880150272483,,non significant
P13233,31.626878978291074,31.94948739943384,31.429193268858153,0.5202941305756852,0.14464858192661392,0.6277123981700641,0.8396858196341478,2.3984570047355405,non significant
Q6P9T8,27.233309073243614,27.75743045660664,27.015776957199915,0.741653499406727,0.13901538989175452,0.6277123981700641,0.8569371179107554,1.9448659056389037,non significant
Q6GMN2,27.833390623144187,27.974807817064406,27.644833765610542,0.3299740514538634,0.14350886090430587,0.6277123981700641,0.84312128274157,4.204124028898175,non significant
P13264,27.44619036587527,27.714124130908342,27.387850210606853,0.32627392030148883,0.1461591468821444,0.6277123981700641,0.8351740005861317,4.31083632310672,non significant
Q4FZY0,27.87108250840863,27.8036075258527,28.055634919998983,-0.25202739414628184,0.1449697363205703,0.6277123981700641,0.8387226510117598,,non significant
O88339,28.80924074001414,29.014767168734952,28.674991541039443,0.3397756276955093,0.1470575080489576,0.6277123981700641,0.8325127976037477,3.9597929326302514,non significant
Q64119,25.526123937364158,25.76522045007435,25.349996158975316,0.41522429109903314,0.14649029094359386,0.6277123981700641,0.8341911584453786,2.954866650235044,non significant
P63322,24.866390822848633,25.000508203100253,24.679072577690008,0.3214356254102455,0.14043146227774436,0.6277123981700641,0.8525355819293747,4.46557623311024,non significant
Q6NYB7,30.20490753734342,30.31400367044391,30.089407597609043,0.22459607283486704,0.1447477625475225,0.6277123981700641,0.8393881406974149,,non significant
Q03346,27.738855720244867,27.831581427518305,27.531582477371902,0.2999989501464029,0.14673529915742295,0.6277123981700641,0.8334653981867792,5.508911495235532,non significant
Q3ZB98,28.580920321132318,28.605607687042276,28.388756290076582,0.21685139696569422,0.14067946215733765,0.6277123981700641,0.8517693007371459,,non significant
P14668,27.480144294051627,27.60738808045294,27.44795558855097,0.1594324919019705,0.1538514143263982,0.6287089399296442,0.8128985070127068,,non significant
P25093,25.439055910988177,25.582105863892732,25.279646256879342,0.3024596070133896,0.1530036326147841,0.6287089399296442,0.815298258033202,5.342134757253864,non significant
Q8K4B7,27.664508856385908,27.799500457884676,27.51815031275976,0.2813501451249145,0.15463551775042458,0.6287089399296442,0.8106907472132661,8.517408474372145,non significant
P04905,26.44237535764756,26.631058558088757,26.323456694153688,0.3076018639350693,0.15054705387974254,0.6287089399296442,0.8223277389641753,5.045301228871044,non significant
P29348,24.486140275393097,24.149831662714835,24.487620555881552,-0.33778889316671723,0.14839559254906592,0.6287089399296442,0.8285789977095871,4.0054207549559955,non significant
P07825,27.533687194147152,27.778389343440796,27.48101620117521,0.2973731422655881,0.15551469811939336,0.6287089399296442,0.8082285583382032,5.710275533916858,non significant
Q6AYS7,27.41971353512181,27.883158045237735,27.165518130397363,0.7176399148403725,0.1552419873789909,0.6287089399296442,0.8089908061394144,1.9751032707910072,non significant
P21818,26.83719297230464,26.902453160794124,26.690313278098404,0.2121398826957197,0.15336817541595255,0.6287089399296442,0.8142647490905989,,non significant
P56603,26.27353296644435,26.030424256413507,26.29840499792705,-0.26798074151354356,0.15469344642259975,0.6287089399296442,0.8105280847672774,,non significant
P55161,28.99915064807156,28.95612398977336,29.06748274382441,-0.11135875405105011,0.15424421356576018,0.6287089399296442,0.8117911194412184,,non significant
P08932,23.36834112825749,23.21630306214774,23.462958165654083,-0.2466551035063418,0.14927116410909538,0.6287089399296442,0.826024080271171,,non significant
G3V9T7,26.97630570349371,27.29604128860838,26.901775370360387,0.3942659182479922,0.1558877225714341,0.6287089399296442,0.8071880876940487,3.144016514293811,non significant
Q05764,27.745964987268092,27.767683351783543,27.491636857186197,0.2760464945973453,0.15292046910837645,0.6287089399296442,0.8155343783821043,,non significant
P24587,26.923782927142714,26.735927881222796,27.030561203189155,-0.2946333219663586,0.1542518174670044,0.6287089399296442,0.8117697102040174,5.953528302576861,non significant
P28492,27.3581233512824,27.220195813017735,27.58569536561322,-0.36549955259548383,0.14891799598107155,0.6287089399296442,0.8270528168010692,3.4936807226716637,non significant
Q792I0,25.41734108510519,25.57299386312211,25.157600101229814,0.4153937618922967,0.1601888558872977,0.6299115820213257,0.7953677004552666,2.9535013942846544,non significant
Q9Z2L0,29.426087204817936,29.63547806072991,29.35345940887241,0.2820186518574985,0.1662032686734179,0.6299115820213257,0.7793604393192404,8.23343554255603,non significant
Q91ZN1,28.331572162221093,28.438896265460702,28.21640134580551,0.22249491965519042,0.16066885361645994,0.6299115820213257,0.7940683050258539,,non significant
P54287,26.407777281762556,26.63455383158463,26.21038850114476,0.4241653304398696,0.1573037056470187,0.6299115820213257,0.803261046460654,2.8858873056648764,non significant
P0C1X8,28.50085302532253,28.59375850791176,28.348191599469704,0.24556690844205775,0.1675416958734837,0.6299115820213257,0.7758770929000153,,non significant
P63018,30.638225987170777,30.736715365110424,30.520836644491435,0.2158787206189885,0.15825740581819595,0.6299115820213257,0.8006359575777786,,non significant
Q5BJS7,27.261653308012413,27.392353496247438,27.098567442904297,0.29378605334314045,0.1668136776110732,0.6299115820213257,0.7777683429819535,6.037282609933076,non significant
P37377,26.811013014381402,26.987889414236182,26.523389257150644,0.4645001570855385,0.1648096519827202,0.6299115820213257,0.7830173576869178,2.636183943973073,non significant
Q6AYE4,27.267348821536448,27.586365180342344,27.30461930552438,0.28174587481796465,0.16636442521066547,0.6299115820213257,0.7789395361370332,8.343601583209841,non significant
Q68FR2,28.26939041950491,28.36753923004964,28.21307176040099,0.154467469648651,0.16423986970054683,0.6299115820213257,0.7845214081842008,,non significant
A1L108,24.17670251324254,24.31747634902257,23.938632019407155,0.3788443296154149,0.15885785771319805,0.6299115820213257,0.7989912984504204,3.315266143519856,non significant
P0C0S7,23.00429165019524,23.242020553543195,22.669872297345197,0.5721482561979983,0.16758735561432822,0.6299115820213257,0.7757587517802075,2.2429687251602997,non significant
Q9EPB1,24.733686940747848,24.271355219174435,25.146955317086736,-0.8756000979123009,0.15887501184982022,0.6299115820213257,0.7989444040457319,1.815934191592323,non significant
Q8VHV7,24.420828024042084,24.514523503164227,24.174857497649935,0.3396660055142924,0.16153502341107084,0.6299115820213257,0.79173330104119,3.9622644959590505,non significant
P35289,26.77498536548391,26.859863147173616,26.531496062588232,0.3283670845853841,0.16087732271265343,0.6299115820213257,0.7935051697907028,4.249347562562481,non significant
Q6AY84,25.88709794485315,26.098343363026984,25.736533684479294,0.3618096785476901,0.1640467577732587,0.6299115820213257,0.785032348606781,3.549252190643593,non significant
P62630,27.663091211007785,27.788575608996407,27.544848576287645,0.24372703270876173,0.1611002324057181,0.6299115820213257,0.7929038330603093,,non significant
P45592,29.17913078507127,29.390082217185483,29.10658674445429,0.28349547273119313,0.1676701749774176,0.6299115820213257,0.7755441824427037,7.737240420214767,non significant
P62859,25.42369820980063,25.517279886189883,25.081188916951643,0.43609096923824,0.1656246736469025,0.6299115820213257,0.7808749644684847,2.8026074987847007,non significant
P25113,28.306534948668414,28.471963560633867,28.200699892266584,0.27126366836728266,0.16331279159196033,0.6299115820213257,0.7869797975031646,,non significant
Q9Z339,26.317413898839458,26.425040412079046,26.234055124090887,0.19098528798815906,0.16852391211066284,0.6309581282778058,0.7733384677249137,,non significant
O35763,29.36193845116292,29.44556204370561,29.24306447606095,0.20249756764465943,0.17119141444968616,0.6344492623354923,0.7665180197442815,,non significant
Q63041,28.204509693882233,28.233744370265274,28.089606072173044,0.1441382980922299,0.1709360421562419,0.6344492623354923,0.7671663558911157,,non significant
A0A0G2K5L2,25.09944161259696,25.27574941172081,24.926376765308433,0.34937264641237675,0.1703630422053964,0.6344492623354923,0.768624613249499,3.761870240807121,non significant
P31044,29.304453255934792,29.46333442080835,29.121855492643235,0.3414789281651167,0.18967450494034152,0.639904322694026,0.7219910407920801,3.9220533727742346,non significant
P47942,30.859903139092623,31.06711728892921,30.742775978320154,0.32434131060905713,0.18201086982348788,0.639904322694026,0.7399026748534128,4.370411317522891,non significant
Q68FR6,28.070580323510608,28.179674166168613,27.96068786038133,0.21898630578728273,0.1923987734789726,0.639904322694026,0.7157977008689542,,non significant
P26453,28.948654455830443,28.948668637002992,29.221379011413443,-0.2727103744104511,0.19570219980147036,0.639904322694026,0.7084042926032639,,non significant
B5DFN2,27.980240218995164,28.254646958859464,27.90179941978606,0.35284753907340516,0.17391473906792881,0.639904322694026,0.7596636104951623,3.698083654743046,non significant
P10719,30.36160108752478,30.55672680821671,30.255651647500034,0.3010751607166746,0.18151318895669935,0.639904322694026,0.741091813145698,5.433638791991937,non significant
Q5RJQ4,29.463156980396715,29.483235634327116,29.327682899517338,0.1555527348097776,0.18090933337510023,0.639904322694026,0.7425390266794869,,non significant
P54311,28.693625551666887,28.849359789816052,28.62662289251662,0.22273689729943058,0.187767293286686,0.639904322694026,0.7263800541473905,,non significant
P04094,26.066604636604673,25.36911123599251,26.467851658703037,-1.0987404227105273,0.17769364958452352,0.639904322694026,0.7503280927331366,1.6869935415254154,non significant
P47875,25.899129186196845,26.274418921714187,25.745714667429727,0.5287042542844596,0.17982716403997345,0.639904322694026,0.7451447046962205,2.3698264213242943,non significant
Q9QX69,26.362913651518383,26.321855984291513,26.0425953433508,0.2792606409407128,0.18964983608330777,0.639904322694026,0.7220475283271052,9.945951280018235,non significant
P05712,27.29094560161436,27.408598901818305,27.19159139504099,0.21700750677731406,0.18636935845876548,0.639904322694026,0.7296254897619416,,non significant
Q64057,28.191536626386284,28.41272880610987,28.181500990628393,0.23122781548147842,0.19542685917149705,0.639904322694026,0.7090157477393675,,non significant
P62986,24.62973968029779,24.649884130236902,24.90300291900634,-0.25311878876943794,0.18265056872780872,0.639904322694026,0.7383789711664664,,non significant
P62982,28.324636066548468,28.61898384159787,28.1951532662687,0.4238305753291698,0.19021809068222872,0.639904322694026,0.720748181878893,2.888362663643505,non significant
P70569,28.845196126463158,28.95300539743589,28.767753272660915,0.18525212477497632,0.17553552000078085,0.639904322694026,0.7556349898564236,,non significant
P08413,27.08558275490242,27.231154213562295,26.913602599065637,0.3175516144966579,0.18649137592056192,0.639904322694026,0.7293412468403379,4.6047701976287145,non significant
Q62658,27.441391987896235,27.563817167777216,27.33765199354043,0.22616517423678673,0.18188718818540558,0.639904322694026,0.7401978908009456,,non significant
Q5BJU7,25.81520612809994,25.907289039387503,25.688231331958846,0.21905770742865727,0.19220438360867984,0.639904322694026,0.7162367115928087,,non significant
P85968,26.817418246934896,26.903052631353052,26.56869371767529,0.33435891367776094,0.1880427263731886,0.639904322694026,0.725743460737094,4.088612983752623,non significant
P09215,28.363623009037305,28.431913815861776,28.281267127150063,0.1506466887117135,0.1741618267164615,0.639904322694026,0.7590470287951733,,non significant
P62963,26.57612893065432,26.74484571637609,26.443454456245323,0.30139126013076734,0.1756507997842318,0.639904322694026,0.755349868410596,5.412239090397894,non significant
Q505J6,25.214847850810216,25.48714990017847,25.295241503064762,0.191908397113707,0.1983951545311945,0.639904322694026,0.7024689389664268,,non significant
P10818,25.109834155847704,24.93475736700978,25.31525126986998,-0.3804939028601986,0.189812899068988,0.639904322694026,0.7216742776614544,3.2953449408041147,non significant
P63142,24.93450745217201,25.180755378060454,24.713730153721837,0.4670252243386166,0.19646990621936958,0.639904322694026,0.706703962152498,2.6231907883564043,non significant
P19944,23.900979641720884,23.93190988094152,23.603385311658272,0.3285245692832497,0.18077545572136722,0.639904322694026,0.7428605349688846,4.244841775012486,non significant
P81155,27.850505448537383,28.14637280010805,27.810439701568157,0.3359330985398934,0.1958023318713597,0.639904322694026,0.708182140352934,4.049706119954224,non significant
P68035,22.700924500056534,23.492348463663863,22.383890726217896,1.108457737445967,0.19602763773397644,0.639904322694026,0.7076826935966913,1.682826995114954,non significant
Q62813,26.985617918966554,26.901504531036778,27.013302481680437,-0.11179795064365905,0.18844791294265498,0.639904322694026,0.7248086679915453,,non significant
P19804,27.438190145985725,27.693582089908777,27.418492133212,0.27508995669677816,0.19874960804425942,0.639904322694026,0.7016937191463758,,non significant
P51146,26.301274475827654,26.333742658575858,26.11362182236286,0.22012083621299894,0.1792636300802774,0.639904322694026,0.746507813380625,,non significant
P30427,31.864047170644955,31.972304755524124,31.815012198666583,0.1572925568575414,0.19694414617579267,0.639904322694026,0.705656923315532,,non significant
Q63564,27.753228640697383,27.940834401139213,27.725664036838555,0.21517036430065772,0.1951879094104622,0.639904322694026,0.7095470874835905,,non significant
F1M0Z1,29.635223604554945,29.682097204393312,29.54374391375301,0.13835329064030333,0.18600406425492935,0.639904322694026,0.7304775661895844,,non significant
P02770,28.57628958949872,29.055975708077792,28.771831369302344,0.2841443387754481,0.18445909189277976,0.639904322694026,0.7340999337602925,7.558550129805472,non significant
P04642,29.141212290853094,29.331249872256222,29.118790336815067,0.21245953544115537,0.19780281259174906,0.639904322694026,0.7037675373880198,,non significant
Q5U4E6,30.854363583980216,30.878017386124657,30.775765679237526,0.10225170688713092,0.1897730544893316,0.639904322694026,0.7217654521687293,,non significant
P19527,29.654486405593392,29.97495640874188,29.574024191284497,0.40093221745738106,0.18218650969851685,0.639904322694026,0.7394837842258027,3.0791157686455732,non significant
O88989,29.55139566573536,29.659459586476185,29.489026210097137,0.17043337637904798,0.1989128295703399,0.639904322694026,0.7013372046487504,,non significant
Q63797,27.476761917393624,27.64934044081544,27.461881057603176,0.18745938321226419,0.19850979325763662,0.639904322694026,0.7022180629419879,,non significant
P0C2B9,26.488717756998994,26.611948128303037,26.25336053883055,0.3585875894724886,0.19433481327611182,0.639904322694026,0.711449392609697,3.600366353556685,non significant
Q6AYN4,26.183902522764466,26.28589365303513,26.154757330358947,0.13113632267618414,0.1822034490228473,0.639904322694026,0.7394434063014769,,non significant
P01835,23.00879364531713,23.460295051015592,23.040857053544343,0.419437997471249,0.19018659727926668,0.639904322694026,0.7208200916717366,2.9215999138460234,non significant
Q5XIM9,29.49480423669493,29.527893957925087,29.361992365887318,0.16590159203776977,0.17840470793366384,0.639904322694026,0.7485936891828038,,non significant
P08050,27.58475393214983,27.8035650072284,27.328233234645968,0.4753317725824324,0.19776539607968993,0.639904322694026,0.7038496965929892,2.5822025402222915,non significant
P62243,26.372799277869127,26.437721410023197,26.264809502332543,0.17291190769065423,0.20028141783731385,0.6405501905758988,0.6983593427936893,,non significant
P12368,26.311787267241318,26.400019035676166,26.062288799332478,0.33773023634368826,0.20009199375301698,0.6405501905758988,0.6987702883675279,4.00679531766062,non significant
P29419,25.783305685482006,26.027692158802694,25.63894402570321,0.3887481330994831,0.20100839159837414,0.641006411579699,0.696785811490982,3.201637738770007,non significant
Q711G3,27.360790505434814,27.41345971042391,27.279544333244733,0.13391537717917856,0.20351829155627646,0.6433993251793524,0.691396551721519,,non significant
Q6Q7Y5,26.49547533522882,26.58501159988371,26.352322632194305,0.2326889676894055,0.20235438267496061,0.6433993251793524,0.6938873850409383,,non significant
P84083,27.260303715650437,27.44323717077711,27.175940039475723,0.26729713130138677,0.20295013320117272,0.6433993251793524,0.6926106593084336,,non significant
P85973,28.945386671531853,29.011782155806685,28.863985026566112,0.14779712924057264,0.20421450182627074,0.6437451393776408,0.6899134207236417,,non significant
Q9R063,29.738501368108878,29.853507918308868,29.59628645476629,0.257221463542578,0.20511548811647087,0.6447326374320016,0.6880015451432907,,non significant
P37805,28.427480184721635,28.5021565704665,28.32556599734448,0.1765905731220201,0.20638303652212173,0.6455955188235317,0.68532600204287,,non significant
Q63345,29.403201136382503,29.54175344304448,29.31616210677592,0.2255913362685611,0.20714706718163994,0.6455955188235317,0.6837212111267148,,non significant
Q9JJ79,31.185899847631298,31.633363883472587,31.15442396904906,0.47893991442352757,0.2088393328644198,0.6455955188235317,0.6801877028093585,2.56519029312397,non significant
P61983,28.421562893276963,28.494942610930547,28.295222506436485,0.1997201044940624,0.20945444536703772,0.6455955188235317,0.6789104179339993,,non significant
P29147,27.94815389864885,27.83678904184408,28.10599306662989,-0.2692040247858074,0.20817468928491747,0.6455955188235317,0.6815720748836503,,non significant
Q63803,29.736998616338315,29.82395684249234,29.67805112070721,0.14590572178513028,0.20950957584428193,0.6455955188235317,0.6787961223812651,,non significant
Q63560,29.903284967921106,29.950537335674582,29.56477946856396,0.3857578671106232,0.20792861590940018,0.6455955188235317,0.6820857373335977,3.2344871222119855,non significant
P31000,28.979463549720794,29.02036968197341,28.878017156387454,0.1423525255859559,0.21074920146664525,0.6457071511223653,0.6762340622514365,,non significant
P04631,26.46334093481139,26.891206374287478,26.108230010384855,0.7829763639026233,0.21248886194637548,0.6457071511223653,0.6726638294819143,1.898715268731914,non significant
P15999,31.176325737849087,31.365266826710563,31.099482734858658,0.26578409185190566,0.21220902911454287,0.6457071511223653,0.6732361415883105,,non significant
Q9WTT6,29.361329847181704,29.553726128537118,29.21251509660782,0.3412110319292978,0.2122054798616299,0.6457071511223653,0.6732434053407148,3.9279078456588197,non significant
P36972,27.503044595410067,27.636562724477475,27.457305245317603,0.17925747915987245,0.21056162439771942,0.6457071511223653,0.676620777647043,,non significant
Q62876,24.984514588812797,25.143343206497644,24.774570762786215,0.36877244371142837,0.2143852522204652,0.6461006090270613,0.668805093510827,3.446826826171972,non significant
P55053,26.024970164123722,25.94233015872797,26.06088002644711,-0.118549867719139,0.2142875669980018,0.6461006090270613,0.6690030260687672,,non significant
P19945,27.381604448816198,27.42777945683774,27.283713661814314,0.1440657950234261,0.2138264116528465,0.6461006090270613,0.6699386521363572,,non significant
P84817,23.92037178552395,24.17666107369546,23.732830883265738,0.44383019042972194,0.21726018151058207,0.6516664117102066,0.663019861966742,2.7532038142229958,non significant
P21575,30.25546443037999,30.37513519068108,30.224550647351887,0.1505845433291917,0.21742015194706985,0.6516664117102066,0.6627002050804129,,non significant
P20059,25.04600772738995,24.970886158692448,24.84056119784449,0.13032496084795753,0.21805802085069037,0.6517974083738619,0.6614279339979894,,non significant
Q9ER34,30.46243409184513,30.57138024205339,30.397453210446827,0.17392703160656353,0.22009845607855763,0.654330640428666,0.6573830038751601,,non significant
Q561S0,26.98682812949684,27.061353016672527,27.16687969429606,-0.10552667762353352,0.21968163022660706,0.654330640428666,0.6582062572568435,,non significant
O35180,28.801220341396746,28.82604495086093,28.743918811780066,0.08212613908086297,0.2251676877893582,0.6548132099737152,0.6474939318563071,,non significant
Q4V8B0,28.818663916232083,28.879712128870782,28.46715306962959,0.4125590592411932,0.22802064376477593,0.6548132099737152,0.6420258325290517,2.976649864973232,non significant
Q63965,26.823740776613587,26.693549361215418,27.326916473195396,-0.6333671119799789,0.22646382267397397,0.6548132099737152,0.6450011661365888,2.108052217582299,non significant
Q68FS4,28.60009415851386,28.862934108289465,28.647314911869262,0.215619196420203,0.22369035015362096,0.6548132099737152,0.650352750661654,,non significant
Q60587,26.737256016797726,26.99600742030586,26.731267350507817,0.26474006979804443,0.22631766942586162,0.6548132099737152,0.6452815378058351,,non significant
P47863,23.73563091832443,23.859829188698672,23.513961953116866,0.34586723558180665,0.22710030361216357,0.6548132099737152,0.6437822851682035,3.8302005192092023,non significant
P12369,27.569456911495614,27.712288144574327,27.42020843723355,0.2920797073407755,0.2219309427247794,0.6548132099737152,0.6537821420322153,6.221036655148925,non significant
Q63372,28.82169757805765,28.950046482602065,28.624043690653494,0.3260027919485715,0.22528909115608597,0.6548132099737152,0.6472598369730893,4.319026528525247,non significant
P62824,27.699315783930995,27.849429496845758,27.61719239433593,0.23223710250982776,0.2218008882731615,0.6548132099737152,0.6540367189111149,,non significant
P61314,28.922943103587144,29.060911786159824,28.877113929622592,0.18379785653723246,0.22661860279986032,0.6548132099737152,0.6447044423909024,,non significant
P10888,29.74976021612026,29.874720089838835,29.7449171689899,0.12980292084893463,0.22330537030352318,0.6548132099737152,0.6511008323914317,,non significant
Q6AY56,24.779829962840644,25.227639486773054,24.303726152435214,0.9239133343378398,0.22764408575549946,0.6548132099737152,0.6427436282774532,1.7812221672213215,non significant
P11530,30.389796603107598,30.5046303984618,30.276283685376857,0.22834671308494237,0.2248898656378474,0.6548132099737152,0.6480301150255875,,non significant
Q5XI73,27.15660343105169,27.31820045496207,27.025916203944025,0.2922842510180459,0.229207931840205,0.6550779783832962,0.6397703574951011,6.197834933545839,non significant
O35264,25.976448059653382,26.120187868802336,25.900039232559703,0.2201486362426337,0.23058653457688558,0.6550779783832962,0.6371660575343885,,non significant
Q8VHF5,28.47952893158244,28.66301851670387,28.459491388837108,0.20352712786676008,0.23109861224643174,0.6550779783832962,0.6362026624634546,,non significant
Q3T1K5,25.9648698713518,26.15705762383318,25.84323284734388,0.3138247764892981,0.23023384817694736,0.6550779783832962,0.6378308275531392,4.753642690447078,non significant
B1WC61,28.206990188660686,28.25188815890314,28.131519441651815,0.12036871725132414,0.2302965272893698,0.6550779783832962,0.6377126108435631,,non significant
P59215,28.959058594244635,29.019487315792777,28.768619239580584,0.25086807621219265,0.2317222551943454,0.6551528710005075,0.6350322534610272,,non significant
Q05175,26.673423543761142,26.858643201536967,26.54083325131177,0.31780995022519676,0.2332818896383267,0.6561800844442164,0.6321189754601376,4.595040360596306,non significant
P63319,26.180603610133677,26.343726946925898,26.10459612577875,0.23913082114714612,0.23316315122019488,0.6561800844442164,0.6323400837853694,,non significant
P10824,25.035165823418044,25.2188369644571,25.043475261967057,0.17536170249004357,0.2339296668745036,0.6563192955532748,0.6309146976313109,,non significant
P37397,26.291091765547215,26.18335040026048,26.43755688069504,-0.2542064804345614,0.2379432936101637,0.6634419377698018,0.6235265312062359,,non significant
Q5U1X1,27.478971249839415,27.549446679566042,27.326786410318704,0.2226602692473385,0.23899229507474637,0.6634419377698018,0.6216161001416535,,non significant
P02091,31.000064469048887,31.41522293931607,31.158128810325397,0.25709412899067274,0.2394922583015875,0.6634419377698018,0.6207085207932279,,non significant
Q5BKC9,30.44729804411791,30.435614004526798,30.25332719826787,0.18228680625892935,0.239184983725189,0.6634419377698018,0.6212660892739177,,non significant
Q9Z1P2,29.1090381938741,29.2239117415312,29.049303102951427,0.17460863857977316,0.23827362454671763,0.6634419377698018,0.6229240287730516,,non significant
Q91XU8,25.03222708411503,25.223097714179406,25.015661060280348,0.20743665389905885,0.24153615011727228,0.6674185306766944,0.6170178602685019,,non significant
P0C0A9,23.93126611547448,23.506162186517795,24.007966573281198,-0.5018043867634034,0.24340174825764865,0.6708837131624135,0.6136763067307566,2.467175098451194,non significant
Q6IFW2,28.30693073555435,28.42259314638756,28.310888925532662,0.11170422085489662,0.2592751898768,0.6744080330225763,0.5862390390158834,,non significant
Q9ERC1,28.670369021181635,28.558209779061297,28.705684258486993,-0.14747447942569636,0.25943499538334297,0.6744080330225763,0.5859714419883435,,non significant
P35427,28.411298907857127,28.461170093669896,28.39132508242449,0.06984501124540543,0.24878656959370588,0.6744080330225763,0.6041730681483292,,non significant
P62839,25.63432154258288,25.826541515347,25.58669446192501,0.23984705342198964,0.25148316289778466,0.6744080330225763,0.5994910861760866,,non significant
O35764,28.86796234355443,28.996099411789274,28.84127617916367,0.1548232326256027,0.25408880053297206,0.6744080330225763,0.5950144769170498,,non significant
Q8VBU2,27.751495057400525,27.89576778439419,27.566703749321054,0.329064035073138,0.2591018090035242,0.6744080330225763,0.5865295548354578,4.229530205230297,non significant
Q62634,27.243156718087594,27.371839356191334,27.0873353571719,0.2845039990194351,0.24537291550688,0.6744080330225763,0.6101733767967458,7.46720998842962,non significant
Q9EQS0,29.13012421194309,29.169230017370523,28.976971744920462,0.19225827245006144,0.2522097903192803,0.6744080330225763,0.5982380589242642,,non significant
P27653,29.3627033922316,29.46726869653054,29.306182643473306,0.16108605305723245,0.2540219760390275,0.6744080330225763,0.5951287099169449,,non significant
P97888,26.839089829967712,26.947798317713474,26.759715937818473,0.18808237989500043,0.25052302074531096,0.6744080330225763,0.6011523603225161,,non significant
Q9QZR6,29.845358643227662,29.880905722314424,29.777178453432537,0.10372726888188666,0.2583091340034459,0.6744080330225763,0.587860236578684,,non significant
P19132,27.089658859772566,27.141608020742794,27.02046469606365,0.12114332467914224,0.254777121886765,0.6744080330225763,0.5938395727433713,,non significant
Q64548,26.95450433127546,26.63414528659506,27.146709434750434,-0.5125641481553735,0.258799441001638,0.6744080330225763,0.5870366660642576,2.4261683553496742,non significant
P21707,29.19218180369336,29.33060086104099,29.140019226526828,0.19058163451416021,0.25794611097666764,0.6744080330225763,0.5884710155483991,,non significant
P63012,26.431726910103922,26.621620525414148,26.348589964497336,0.273030560916812,0.25228082479260766,0.6744080330225763,0.5981157578186708,,non significant
Q9JJ54,26.591382434587025,26.714809622408627,26.481585990959527,0.23322363144909986,0.25540840106704005,0.6744080330225763,0.592764821727843,,non significant
Q66HL2,29.412387124097904,29.430250374735433,29.305991863080067,0.12425851165536628,0.25847420441138225,0.6744080330225763,0.587582792766543,,non significant
Q62950,28.281757996954816,28.366571824142508,28.211401568540143,0.1551702556023642,0.2545319185926755,0.6744080330225763,0.594257748889214,,non significant
Q6JEL3,27.920666796216054,27.8948864939849,27.671370522753588,0.22351597123131128,0.25481912746573,0.6744080330225763,0.5937679757046641,,non significant
P04636,30.105341553927335,30.299348393247993,30.07412703597001,0.22522135727798087,0.25570947386154724,0.6744080330225763,0.5922531813613351,,non significant
Q6RJR6,29.365012954850034,29.46092613193663,29.26542242805355,0.19550370388308025,0.25831635921207446,0.6744080330225763,0.5878480890239103,,non significant
P24942,28.14477454728166,28.202159130795977,28.016060390736097,0.18609874005987947,0.25168429355373045,0.6744080330225763,0.5991438859048799,,non significant
P63331,23.19916468913242,23.482099533850942,23.190692205176806,0.2914073286741363,0.2504622824510226,0.6744080330225763,0.6012576660311291,6.299814819940197,non significant
P16036,28.73178598413906,28.96997808695602,28.741424548509467,0.22855353844655113,0.2553760234463927,0.6744080330225763,0.5928198798749919,,non significant
P61107,28.57385394860196,29.07836044657545,28.347106549218804,0.7312538973566447,0.26136466858712176,0.677818064870148,0.5827531209434056,1.9576220670981856,non significant
P47860,28.176711384674256,28.21530201197335,28.07057201994398,0.14472999202936876,0.26306975724588894,0.6806309521196702,0.5799290759590053,,non significant
P49185,25.434440457550114,25.611444148692627,25.284920182292854,0.32652396639977255,0.2734780787397192,0.682510106880373,0.5630774798019439,4.3033299904760005,non significant
P85971,25.05195043473634,25.207226878420045,24.918074332414196,0.28915254600584817,0.2738199218935325,0.682510106880373,0.5625349577590645,6.59690311948843,non significant
Q07647,27.07499548459507,27.07563997153471,26.836009116513917,0.23963085502079196,0.27182436808736343,0.682510106880373,0.5657116129033719,,non significant
Q8R523,28.22706840677129,28.401508044521083,27.901656186231676,0.49985185828940715,0.2727954856422782,0.682510106880373,0.564162820880918,2.4749417864928005,non significant
P41565,27.707747611948783,27.811519672745394,27.64865403042471,0.16286564232068557,0.2693784473842362,0.682510106880373,0.5696371545541421,,non significant
Q63269,30.333921946484644,30.337885077246188,30.198999532262985,0.1388855449832036,0.27417642832589234,0.682510106880373,0.5619698853890832,,non significant
P62898,26.899307881563175,27.13060766417161,26.750443665132007,0.38016399903960263,0.2690412333902771,0.682510106880373,0.570181154713033,3.2992953445242583,non significant
P35467,23.706033491735386,23.870013893844888,23.58552556148857,0.2844883323563181,0.26650317418143826,0.682510106880373,0.5742976139497028,7.471085503430525,non significant
Q9JHL4,28.964195263780294,29.00244885554409,28.81649367109526,0.1859551844488294,0.27474657707784766,0.682510106880373,0.5610677095158014,,non significant
P61589,26.490919994617897,26.634497782385182,26.428891107983265,0.20560667440191693,0.2749949564641065,0.682510106880373,0.560675271260261,,non significant
P62815,28.81424616685958,28.9283627747178,28.706102104971333,0.2222606697464684,0.27075395987252787,0.682510106880373,0.5674251829456268,,non significant
P04218,28.162730650164914,28.116493689725008,28.560127809047145,-0.44363411932213737,0.2724033704176866,0.682510106880373,0.5647875232469635,2.754414317274055,non significant
P61765,29.83622791855364,29.914356182166312,29.688775217872944,0.22558096429336771,0.267080816650747,0.682510106880373,0.5733573044979723,,non significant
Q6AYK6,28.11568529912956,28.272986269048204,28.126721842176753,0.14626442687145058,0.27459326679382323,0.682510106880373,0.5613101161529395,,non significant
P25809,28.833870276966667,28.989779003435373,28.73980308099919,0.24997592243618172,0.2744072747026552,0.682510106880373,0.5616043794035441,,non significant
Q9JJM9,25.492972295358907,25.761338170232545,25.342306426124168,0.41903174410837707,0.27263935075212303,0.682510106880373,0.5644114611163945,2.9247467839212073,non significant
P43244,28.668237245293955,28.6939038400681,28.562733237921606,0.13117060214649356,0.26452319682613323,0.682510106880373,0.5775362373836015,,non significant
Q91Y81,27.701512423277546,27.647858544956957,27.356124888881386,0.29173365607557145,0.27274788037374625,0.682510106880373,0.5642386157920958,6.261088136296238,non significant
P48768,26.869572388557785,27.200449257006795,26.89869542918515,0.3017538278216456,0.2760850727252012,0.6836689046942341,0.5589570740138612,5.388070431110565,non significant
Q68FR9,25.81373997020007,25.89130375109953,25.399786405912877,0.49151734518665435,0.2771709389663987,0.6847276430992076,0.5572523069179471,2.5093037663779865,non significant
P15865,27.844120130351584,27.8453674992826,27.724801110655918,0.12056638862668123,0.27776098557807416,0.6847276430992076,0.5563287554956827,,non significant
B0BNA5,26.298947865768515,26.598030828051318,26.286549665724095,0.31148116232722245,0.2788908779773621,0.6859715092851261,0.5545656904986825,4.856402047107763,non significant
Q09073,29.170167648438575,29.29296521981695,29.128755414495576,0.16420980532137364,0.2824433362139404,0.6865393249185673,0.5490686672709151,,non significant
P35332,26.62426377500409,26.696044515408673,26.60753954740785,0.08850496800082297,0.2885343701500753,0.6865393249185673,0.5398024463645824,,non significant
Q4V7C7,27.223880018035015,27.44628277277643,27.204569584801543,0.24171318797488794,0.2879688936851499,0.6865393249185673,0.540654422068897,,non significant
P35704,27.454091107772186,27.70214594939199,27.444641321782466,0.2575046276095243,0.28929112024831843,0.6865393249185673,0.5386648967576224,,non significant
Q6IMY8,27.830604405818935,27.867004526326024,27.673575023327118,0.1934295029989066,0.2887766610720096,0.6865393249185673,0.5394379093614814,,non significant
Q91XV6,22.79606364028509,23.143142719353477,22.499900892612043,0.6432418267414342,0.28163324183792054,0.6865393249185673,0.5503160856991655,2.089827180353203,non significant
Q7TP17,22.35331697041331,22.36498466466661,21.80380865794795,0.5611760067186609,0.28428636846134997,0.6865393249185673,0.54624396424184,2.272069239540043,non significant
B0BNM9,27.02582615404584,27.23421159523384,27.00523694447973,0.22897465075411105,0.2811395020872218,0.6865393249185673,0.5510781286607541,,non significant
Q6QLM7,28.624307530180086,28.80523283654591,28.64134441734397,0.16388841920193897,0.2865108395122046,0.6865393249185673,0.5428589428020499,,non significant
P30904,27.46600425509929,27.619344292525216,27.36905623651809,0.25028805600712545,0.2861693135558748,0.6865393249185673,0.5433769382487222,,non significant
Q63537,28.51222092706086,28.660697090580758,28.38683343068634,0.27386365989441686,0.2856164658572833,0.6865393249185673,0.544216758993816,,non significant
Q6IG05,27.346927912416707,27.35976496624139,27.241278887511708,0.11848607872968131,0.2844412076959693,0.6865393249185673,0.546007486076694,,non significant
Q9EQX9,26.753413461671602,27.03671425615242,26.733159940268234,0.3035543158841847,0.2809080343077719,0.6865393249185673,0.551435839276057,5.273625557386386,non significant
O35987,24.831635198310007,24.81105334496387,24.992509134722578,-0.1814557897587079,0.28269601886766194,0.6865393249185673,0.5486803075203159,,non significant
P42123,29.139503517763707,29.34073820632258,29.09523656693271,0.24550163938987168,0.2897609001251565,0.6865393249185673,0.5379602179177125,,non significant
P16290,29.61473961513511,29.719303604378595,29.515852519664037,0.2034510847145583,0.2882969609444575,0.6865393249185673,0.5401599356624643,,non significant
P11232,26.40070280989224,26.44335492287213,26.317688704128866,0.12566621874326245,0.2890504004128272,0.6865393249185673,0.5390264246733637,,non significant
P21533,29.544538346786315,29.74107565521587,29.556413775232972,0.1846618799828974,0.29127202566595206,0.6886323537835117,0.535701223859476,,non significant
P53678,26.00279384327149,26.001429447498083,25.86677900740985,0.13465044008823313,0.2938458487471085,0.6932234324205979,0.5318804403212296,,non significant
P08461,28.66578672772103,28.787460319621985,28.637998339426435,0.14946198019555013,0.294935954155695,0.6943020208343292,0.5302722815695075,,non significant
Q9ES40,23.872173399503783,23.789962724939333,24.0407805890225,-0.2508178640831673,0.29666778372445285,0.6968834234383827,0.5277296128013143,,non significant
Q99PD4,27.899261439546528,27.948762069094695,27.81095648078112,0.1378055883135758,0.2973423673881787,0.6969755919334018,0.5267432051174217,,non significant
Q68FX0,28.77992122018945,28.932296345059555,28.754402170046507,0.17789417501304783,0.2991225856400086,0.6977838136832024,0.524150793760715,,non significant
Q6P7P5,27.743145784543255,27.80109695833529,27.679436703893497,0.1216602544417924,0.29854021848925194,0.6977838136832024,0.5249971536757516,,non significant
P50554,29.368953730236456,29.43548550830791,29.29682106751663,0.13866444079128115,0.29959542046015347,0.6977838136832024,0.5234648294374763,,non significant
P70600,30.300230139394433,30.535288316404916,30.29603856682684,0.2392497495780752,0.3003387452825582,0.698033058421539,0.5223886379076086,,non significant
P27791,27.603143100289444,27.646080996978725,27.45544808498673,0.19063291199199384,0.3019837766679589,0.6988949430479977,0.5200163878138316,,non significant
P29994,29.999186162503594,30.14785950659069,30.00233149004035,0.1455280165503403,0.3016770927843591,0.6988949430479977,0.5204576658112475,,non significant
Q9Z1Y3,25.721225832616575,25.75448688066589,25.509901117124986,0.2445857635409041,0.30341384685888056,0.6989826730212293,0.5179646032553524,,non significant
P26772,28.853941471981987,28.885615658994215,28.785208126989236,0.10040753200497932,0.30338616135903246,0.6989826730212293,0.5180042329839558,,non significant
Q1WIM1,26.156701031893746,26.273065191204918,26.4722385834924,-0.19917339228748077,0.3039332133373987,0.6989826730212293,0.5172218383175791,,non significant
O35796,25.057579284876063,25.231669080544616,24.89785856429391,0.3338105162507077,0.3049331043179315,0.6998150950560061,0.5157954249551394,4.102470025771413,non significant
P61265,28.200977205052435,28.463164375182462,28.166705130933195,0.2964592442492666,0.3057829429623578,0.7003003933814332,0.5145867438547985,5.7871840824618115,non significant
P07895,26.806706440074812,27.037529865994248,26.753197849363005,0.2843320166312431,0.3086622513132548,0.705416813602581,0.5105164804913055,7.5102591526059985,non significant
P28480,26.69896548473118,26.63776615875038,26.764081416114887,-0.12631525736450655,0.3093030878239211,0.705416813602581,0.5096157443414827,,non significant
P60905,25.52878016593832,25.675544606571666,25.403708907825315,0.27183569874635083,0.31423873112900796,0.7137057723571879,0.5027402875361645,,non significant
Q4FZT2,28.911375692688047,29.02983603115879,28.87085800008104,0.15897803107775133,0.31377367336827305,0.7137057723571879,0.5033834979400543,,non significant
P31646,23.49070890929445,23.625132554314124,23.205391304872123,0.4197412494420014,0.3151879151710841,0.7143825267410727,0.5014304424360589,2.91925911341433,non significant
Q5HZV9,30.909729505172304,31.142925226771137,30.771240097088107,0.3716851296830299,0.3170219414366486,0.7170578757855742,0.49891067874409056,3.4069127440248663,non significant
P15385,25.0883727457344,25.01376066437285,25.28381625032195,-0.27005558594910184,0.3176783858725413,0.7170641755188845,0.49801233259372424,,non significant
Q6AXX6,26.48798927971508,26.493948561671456,26.60752624741572,-0.1135776857442643,0.3219442151737019,0.7183226916921923,0.4922193740839274,,non significant
P31399,26.112663657982917,26.508885184264432,26.151161615433576,0.3577235688308562,0.3206925732152013,0.7183226916921923,0.49391109759885626,3.614510552612735,non significant
P11167,26.574322838722814,26.72239480688666,26.504478891739726,0.2179159151469321,0.3228195870594811,0.7183226916921923,0.4910401223583412,,non significant
Q9JJW1,25.54921188075797,25.692765843742546,25.542351594517182,0.1504142492253635,0.31956274768104287,0.7183226916921923,0.495443853323971,,non significant
Q5BJ92,26.173197842822667,26.13309626392751,26.310976349500823,-0.1778800855733138,0.32096047652228166,0.7183226916921923,0.4935484438726501,,non significant
Q6P502,28.837029707886504,28.86772853858348,28.672887722487598,0.19484081609588344,0.3222270193794994,0.7183226916921923,0.4918380459297362,,non significant
P05065,28.703689658208923,28.948470754102377,28.778238397889368,0.1702323562130097,0.32084954303546254,0.7183226916921923,0.49369857490892405,,non significant
Q6AY30,27.424745189385213,27.22421002606316,27.450590589952327,-0.2263805638891654,0.3247104700157697,0.7198246240565481,0.4885037076882418,,non significant
Q9JHZ4,29.442048231382,29.44374196244247,29.307778563141138,0.13596339930133183,0.32480691787419447,0.7198246240565481,0.488374729546027,,non significant
P11980,31.099188557717913,31.259546815870394,31.117975894195823,0.14157092167457108,0.32828453203506325,0.7206291827011814,0.4837495796833175,,non significant
P19493,28.28213083386766,28.085661622400025,28.307285743478662,-0.22162412107863716,0.3279058897449212,0.7206291827011814,0.4842507825964262,,non significant
Q5BK63,27.23920608864834,27.337994112029293,27.208527271709684,0.12946684031960842,0.328454504421687,0.7206291827011814,0.48352477784533604,,non significant
P70580,26.271154164233316,26.221037998328352,26.442093521472472,-0.2210555231441198,0.3259746336528656,0.7206291827011814,0.4868161940830093,,non significant
Q8CFG6,28.999289851838615,29.046436348065754,28.831511567160884,0.21492478090486955,0.32809864564711766,0.7206291827011814,0.48399556232714136,,non significant
Q6IG02,25.199187580467758,25.142622326501577,25.47345780488297,-0.3308354783813918,0.33114861268242074,0.7217294767591489,0.4799770600512811,4.180548812442567,non significant
G3V7L1,31.09166669263126,31.060467800265013,30.930389156050534,0.13007864421447835,0.33008565042968063,0.7217294767591489,0.4813733550234106,,non significant
Q4QQT4,28.047339428645284,28.03897028840036,27.875491862702106,0.16347842569825488,0.3314906688322917,0.7217294767591489,0.47952869209082694,,non significant
P19234,28.872036762660944,29.026905925869354,28.853598300473113,0.1733076253962409,0.3322695727718077,0.7217294767591489,0.4785094269497911,,non significant
Q6P6R2,28.248885754887386,28.172015379162705,28.306080752456854,-0.13406537329414903,0.3329034778852592,0.7217294767591489,0.47768166768957193,,non significant
P05714,26.24635843710877,26.38039118168218,26.21855284538923,0.16183833629295208,0.3328127431891919,0.7217294767591489,0.4778000532022446,,non significant
Q05030,28.941139151754648,28.9497329311093,28.858779548850748,0.09095338225855087,0.3349331338510957,0.7226820068056441,0.4750418869871531,,non significant
P13221,29.413445967367874,29.524307794561807,29.382524313413654,0.14178348114815265,0.3347600011161608,0.7226820068056441,0.47526643936545354,,non significant
P18596,28.580271969839387,28.578350084781775,28.47538892373287,0.10296116104890629,0.3353191809152898,0.7226820068056441,0.47454160336386486,,non significant
Q8CFN2,26.84852432578628,27.038256618323746,26.78681933603886,0.25143728228488627,0.33751463715529034,0.7257417388128301,0.4717073881724187,,non significant
P06866,26.591886763763434,26.596891201343563,26.685053945169656,-0.0881627438260928,0.3380620132482737,0.7257417388128301,0.4710036265235028,,non significant
P11505,28.495674285114415,28.602581146800546,28.4618171537109,0.14076399308964582,0.33964494086122954,0.7265728296252391,0.46897485000425626,,non significant
Q7TMA5,31.465148460684386,31.487231457491816,31.336454315812333,0.15077714167948386,0.3397738027326779,0.7265728296252391,0.4688101091845586,,non significant
P08082,26.622720413961268,26.718906919992154,26.52474146600694,0.1941654539852138,0.342205554368204,0.729342902914653,0.465712945666091,,non significant
Q00981,28.654676194775632,28.788366973365697,28.61353617778181,0.1748307955838868,0.34882929201309215,0.729342902914653,0.4573870534828373,,non significant
Q63416,29.674855791930085,29.640274636326634,29.46239316629912,0.17788147002751487,0.3490474239108412,0.729342902914653,0.4571155628873125,,non significant
P13234,26.592865523577768,26.598245908395217,26.485021576108565,0.11322433228665219,0.3470432935742458,0.729342902914653,0.459616343688765,,non significant
P97576,26.14548007375569,26.40853928614642,26.235187600881087,0.1733516852653345,0.3484455895865648,0.729342902914653,0.4578650281460631,,non significant
O08557,27.406271493089324,27.395744964783578,27.31566004057756,0.08008492420601954,0.3483858002987243,0.729342902914653,0.45793955451851615,,non significant
P63004,28.100789469556467,28.17526003392794,28.02859991853936,0.14666011538858115,0.3474351619506789,0.729342902914653,0.45912623117274554,,non significant
Q9Z1B2,27.2546619759918,27.41202240465189,27.18220255082923,0.2298198538226579,0.3457422907136063,0.729342902914653,0.46124749491458106,,non significant
Q63081,27.560500352937662,27.331266234119877,27.878450149849783,-0.5471839157299065,0.3489223898183309,0.729342902914653,0.4572711616422722,2.311901863187364,non significant
P13668,28.16508417967617,28.171201909382848,28.073010535546345,0.098191373836503,0.343048645900481,0.729342902914653,0.464644290604032,,non significant
P09811,27.833882858181962,27.83292928134685,27.667404931152607,0.16552435019424294,0.34768658182168505,0.729342902914653,0.4588120696079305,,non significant
O35244,27.350271351179067,27.5022383807886,27.268103514056197,0.23413486673240413,0.3470591283592296,0.729342902914653,0.4595965282853765,,non significant
Q6QIX3,26.90071757715643,27.104106195853067,26.778659460663878,0.325446735189189,0.34978038601810557,0.7294849495472658,0.4562045472956821,4.335992306046062,non significant
P85834,26.84492759000579,26.65417734166722,27.10269283403397,-0.4485154923667487,0.35172624559522786,0.7310937690429358,0.4537952236878813,2.724878818210697,non significant
Q1WIM2,27.18989489104653,27.158713041034503,27.033577457588134,0.12513558344636877,0.35255114295689427,0.7310937690429358,0.4527778730190828,,non significant
Q63100,28.001530877402498,28.161804692022997,28.032076919566084,0.12972777245691347,0.3525286490938863,0.7310937690429358,0.45280558324619324,,non significant
P48675,27.071502464135733,27.01103567571575,26.855610221128014,0.1554254545877356,0.36038171219443516,0.7329037629620975,0.44323725569119315,,non significant
P50878,29.07646411611234,29.06584908839177,28.986055796769268,0.07979329162250082,0.3607730464900024,0.7329037629620975,0.4427659162462827,,non significant
P61751,27.805091829482198,27.924615032313664,27.765126319603866,0.15948871270979836,0.3574804029999301,0.7329037629620975,0.4467477611419774,,non significant
P17764,27.04221150058595,26.910169144440975,27.566058931368946,-0.6558897869279718,0.35693027322050386,0.7329037629620975,0.4474166155774219,2.0676510311028755,non significant
P02650,28.425365034127438,28.459425935946257,28.66586227104474,-0.20643633509848414,0.356127128306442,0.7329037629620975,0.44839494229025095,,non significant
P62425,26.201529030859895,26.127239659509172,26.258810859599837,-0.13157120009066503,0.35923531125349006,0.7329037629620975,0.4446209806661758,,non significant
P35565,27.96848054943007,27.9095584648996,28.071440541441678,-0.16188207654207787,0.35844576191407745,0.7329037629620975,0.4455765501313724,,non significant
Q5PPG6,23.787532806394086,23.79227140647375,24.039974767831662,-0.24770336135791382,0.3544274834335289,0.7329037629620975,0.4504726089047965,,non significant
P62632,27.90883599459138,28.08003050803197,27.911387615669998,0.16864289236197294,0.36013044297982494,0.7329037629620975,0.44354016477334407,,non significant
O08560,28.27678235702679,28.364334760204287,28.141143893327335,0.22319086687695133,0.3591868816777016,0.7329037629620975,0.44467953313786907,,non significant
P62804,29.19092862794294,29.311381179083096,29.04474377169642,0.26663740738667485,0.3553783198232783,0.7329037629620975,0.4493090702513535,,non significant
D4A3K5,28.56543271908698,28.53371493478095,28.43960077504713,0.0941141597338202,0.36410196826158014,0.7342276823216055,0.4387769733516021,,non significant
P24329,25.07303576270796,25.220039872360513,25.06040468835781,0.1596351840027026,0.36305013868150116,0.7342276823216055,0.44003339301063005,,non significant
P11950,26.405652986674138,26.420757304614835,26.49849844792097,-0.07774114330613457,0.36290046343517646,0.7342276823216055,0.4402124771915313,,non significant
P16086,31.93739872067158,31.80260625801891,31.956334534042444,-0.15372827602353567,0.36394301484572533,0.7342276823216055,0.43896661161320416,,non significant
Q9WVB1,26.703643049057387,26.81039727204367,26.534935945742745,0.275461326300924,0.3656579944324828,0.7346645052974976,0.43692492709421415,,non significant
Q62826,29.691108131959712,29.72934796924588,29.665653552891566,0.06369441635431272,0.365118759854967,0.7346645052974976,0.43756585236337825,,non significant
Q5PQK1,29.352310437120693,29.342749061143213,29.234948080240457,0.10780098090275558,0.3680013506566293,0.7380209902565308,0.43415058735462203,,non significant
P62083,26.24802811193809,26.09465371051175,26.277077881348344,-0.1824241708365939,0.37006050962722165,0.7382213587640951,0.4317272574232451,,non significant
P11951,27.483078421670108,27.582983132769566,27.860595156785376,-0.2776120240158093,0.3697864642035402,0.7382213587640951,0.43204898995699476,,non significant
P53534,29.379331588093123,29.474521487606324,29.250334699893838,0.2241867877124868,0.3701200978306767,0.7382213587640951,0.43165733171121695,,non significant
P22062,27.30681458189212,27.29597098297732,27.167887346111105,0.12808363686621504,0.37129322825474986,0.7392171894654457,0.4302829714805838,,non significant
Q920Q0,28.825685350639358,28.89948932752669,28.693156765327476,0.20633256219921492,0.3753156436941857,0.7455376950019019,0.4256033331929175,,non significant
P85970,26.788896268685804,26.756048086321346,26.596561552187012,0.15948653413433433,0.37582711516504264,0.7455376950019019,0.42501188963800085,,non significant
P13832,23.238003242126148,22.40612894608015,23.506135840294338,-1.1000068942141894,0.37757677324402317,0.7463094058535016,0.42299472931625454,1.6864453752194801,non significant
Q68FY0,28.166022928903736,28.336649094802056,28.21072104957373,0.12592804522832424,0.3773866331082687,0.7463094058535016,0.42321348644487206,,non significant
P62870,22.409726550429728,22.757404137161448,22.46359479945299,0.2938093377084563,0.37843484951873657,0.74666012575909,0.42200887687705013,6.0349192812557035,non significant
Q64568,29.362509473170157,29.401834467724072,29.272953998741272,0.1288804689827998,0.379185068829469,0.7467971642835323,0.4211487722111835,,non significant
O88656,26.75031149439484,26.68734129317833,26.830678048497173,-0.14333675531884182,0.38064291973044023,0.7483248798284821,0.41948224402802686,,non significant
P10499,27.94912840065015,27.83559339038783,27.960962155419228,-0.12536876503139638,0.3820532054292336,0.7497537859675657,0.4178761522314865,,non significant
P18265,25.69399835955847,25.757570151328963,25.645613714759516,0.11195643656944654,0.38324588616364796,0.7507513162884318,0.4165224982505371,,non significant
P10760,28.038768817458845,28.641161333375546,27.917019242300324,0.7241420910752225,0.3843965160329792,0.7514046023778518,0.4152205572014867,1.966639683812862,non significant
Q6URK4,28.60392964765735,28.683244240690403,28.54007776100463,0.14316647968577456,0.38494930404407723,0.7514046023778518,0.4145964612021818,,non significant
F1LU71,28.711668690968825,28.921868234514267,28.79558145089203,0.12628678362223766,0.38696535747320626,0.7517098494557739,0.4123279128406478,,non significant
Q63228,28.093441709730783,28.097449795451308,27.961593558249564,0.1358562372017431,0.3862908212754176,0.7517098494557739,0.4130856110806415,,non significant
P12346,28.08463864733159,28.154778971923673,28.039228336420937,0.11555063550273559,0.3871614083341042,0.7517098494557739,0.4121079390259151,,non significant
F1LX07,28.302020324852133,28.383703363880073,28.265501909351077,0.11820145452899666,0.3904728360351423,0.7529065857969206,0.40840917323451803,,non significant
P85972,29.32112764790093,29.27362347828905,29.339972113186317,-0.06634863489726683,0.3899148442173415,0.7529065857969206,0.40903023072901196,,non significant
Q5M7U6,25.080423918694695,25.34416968902904,25.162518741470137,0.18165094755890365,0.3906058220113162,0.7529065857969206,0.40826128780560267,,non significant
P68511,27.277041275812724,27.411765948989455,27.25646379723311,0.1553021517563451,0.38938695238455057,0.7529065857969206,0.40961860495344876,,non significant
Q63362,25.829103844465543,25.89435684705617,25.715958863244797,0.17839798381137228,0.3912094383812623,0.7529065857969206,0.4075906759001496,,non significant
P85845,30.633409276177833,30.6141669774503,30.306326706521727,0.3078402709285726,0.3940537830015334,0.7550225191422232,0.40444449881729,5.032928076798512,non significant
P84245,22.206109750384673,22.50101421622797,21.56729684186614,0.9337173743618301,0.39506191976995086,0.7550225191422232,0.40333483017886584,1.7747402399847814,non significant
P38650,31.530258956044122,31.53584447988006,31.461707159044114,0.07413732083594482,0.3945103124354743,0.7550225191422232,0.40394163991898274,,non significant
Q63450,27.69859563390649,27.730372934820824,27.561839858865483,0.16853307595534162,0.3930525656307322,0.7550225191422232,0.4055493645437607,,non significant
P13596,28.817508814960853,28.909082544507314,28.776266084515544,0.13281645999176916,0.397185923758516,0.757761666718421,0.40100615127012934,,non significant
P19511,27.621740923314064,27.802039121211838,27.65667234393534,0.1453667772764966,0.3986665717383825,0.7579501372565088,0.3993901784790636,,non significant
P21670,26.865882045015073,27.01808336537968,26.878956515748623,0.13912684963105804,0.3980355549794704,0.7579501372565088,0.40007813234412526,,non significant
P70550,28.109192849733798,28.18594426263385,27.97888171387608,0.20706254875776864,0.40047030107876025,0.7595289151847306,0.3974296857117348,,non significant
Q9JIX5,30.32226445269073,30.36867715215168,30.24767902456645,0.12099812758522788,0.40111807852497605,0.7595289151847306,0.3967277637807498,,non significant
P07340,29.59218296606225,29.77145954335252,29.580501375236125,0.19095816811639565,0.4022664537122411,0.7595289151847306,0.3954861831262817,,non significant
P62271,25.58282558323211,25.8124893406067,25.602614105081418,0.2098752355252813,0.40162281253429155,0.7595289151847306,0.39618162684814084,,non significant
Q63413,26.39359281780683,26.419876630456447,26.28185015014203,0.13802648031441578,0.4029958031824413,0.7595986187132957,0.39469947659883564,,non significant
Q62625,23.33661230400933,23.354968771444064,22.939453017829504,0.41551575361456017,0.40665615719572523,0.7651831980166562,0.3907726476454426,2.9525200753676804,non significant
Q6PTT0,25.03159454642774,24.874912776099624,24.61354015964871,0.26137261645091314,0.40816352354253893,0.766704426928365,0.38916580959552516,,non significant
Q4V882,26.29513548328445,26.091269140614056,26.255289015839395,-0.164019875225339,0.41112368810374267,0.7683180338156826,0.3860274993413702,,non significant
Q02874,25.152352664561356,25.224732668711294,25.09014392996724,0.13458873874405342,0.41007684551179346,0.7683180338156826,0.3871347519277071,,non significant
P62959,25.034947059166647,25.36675145973688,25.169874516895202,0.19687694284167634,0.411051051473453,0.7683180338156826,0.3861042365269888,,non significant
Q68FW9,26.498399096329692,26.549914686536425,26.396644796410897,0.15326989012552872,0.4135894991052894,0.7703016647173218,0.3834304963612171,,non significant
P35286,26.288118756037807,26.52216626606445,26.04762298923639,0.47454327682805797,0.4130891291167462,0.7703016647173218,0.3839562337978783,2.5859822621306607,non significant
Q07205,26.929975146430397,27.062190499514003,26.947023499873065,0.11516699964093746,0.4148114968700084,0.7705437867363305,0.3821492152579,,non significant
O35923,29.885975935421854,29.888618517229848,29.801725530899436,0.08689298633041176,0.41512431901656455,0.7705437867363305,0.38182182382376817,,non significant
Q63716,27.829505928299646,28.009733979651788,27.8441635252842,0.16557045436758955,0.41674530864090786,0.7709436822581383,0.38012928038498195,,non significant
P52759,24.656493601189105,25.082181528874656,24.620283536712567,0.4618979921620898,0.4162555109718291,0.7709436822581383,0.38064000365064055,2.6498483365750016,non significant
P09606,31.374536121397973,31.42579659075538,31.636886660532966,-0.21109006977758682,0.4184175036375152,0.7714352966224439,0.37839015594244946,,non significant
P07896,28.711815305701958,28.717974623876543,28.593539082087332,0.1244355417892109,0.41805756956520645,0.7714352966224439,0.378763908600737,,non significant
Q01986,27.03633599049097,27.136577983100892,27.01383085229898,0.12274713080191191,0.42244144506997794,0.7726347984785203,0.37423348043111004,,non significant
O54889,28.86598827551925,28.88147501334822,28.78299857306543,0.09847644028278779,0.4239983123829255,0.7726347984785203,0.37263587200217685,,non significant
Q00715,28.563053790486393,28.616879565889565,28.442926684410708,0.1739528814788578,0.422783927777473,0.7726347984785203,0.3738815308495411,,non significant
A2RUW1,26.522689034944374,26.617975891175238,26.42604626001533,0.19192963115990835,0.42068911341852666,0.7726347984785203,0.37603872649841946,,non significant
P19492,27.363595675438628,27.29112556767115,27.41797983300515,-0.1268542653339999,0.42138402862125357,0.7726347984785203,0.37532192912921536,,non significant
Q9QXQ0,27.78456373076073,27.991030074228334,27.881506100290025,0.10952397393830893,0.4233603685981957,0.7726347984785203,0.37328979937446016,,non significant
P54283,25.31260770745175,25.256929780236078,25.331325619925384,-0.07439583968930563,0.4219051445738501,0.7726347984785203,0.3747851789404398,,non significant
P41498,25.41905252460424,25.71546425407716,25.527481710252953,0.1879825438242051,0.4259250217148184,0.7735290915963345,0.37066684578332393,,non significant
P28572,23.78937002917125,23.487702478896082,23.87054030672739,-0.38283782783130604,0.42613719023461527,0.7735290915963345,0.3704505620003007,3.2677498947869945,non significant
P31596,28.826839424847932,29.043094220392195,28.768063180718602,0.27503103967359266,0.42660446710645616,0.7735290915963345,0.3699746012318161,,non significant
P62744,24.889801881079084,25.23293682904173,24.893215241617067,0.33972158742466263,0.43067860563880356,0.7779834540740443,0.3658467016847842,3.9610106774711746,non significant
P18445,26.967236581781474,26.961874475343894,26.84791034792818,0.11396412741571282,0.4316236570292159,0.7779834540740443,0.36489475992128056,,non significant
P57790,27.633189173028214,27.449147474007788,27.584335511359125,-0.13518803735133744,0.431897833665536,0.7779834540740443,0.3646189743027288,,non significant
P10860,28.198903075844825,28.35737202794949,28.17783507179898,0.17953695615051046,0.4315437599533613,0.7779834540740443,0.36497515883018344,,non significant
Q4KM73,25.725912094154143,25.870004930886903,25.7580062217408,0.11199870914610344,0.4370786798743177,0.7847386445533986,0.3594403773098436,,non significant
Q52KK3,26.369944031524867,26.318781832816693,26.45647629896249,-0.1376944661457955,0.4367074483642096,0.7847386445533986,0.3598094008061857,,non significant
Q6AYR6,26.979874423221645,27.025592807098878,26.91005552809621,0.11553727900266964,0.4379886953105083,0.7850875796660582,0.3585370986913899,,non significant
Q9Z0V6,25.662532712118836,25.836744116834577,25.64922945707305,0.1875146597615256,0.44278662677248404,0.7885447302237583,0.353805504339433,,non significant
D3ZFB6,24.7435137979063,24.749810069998574,24.61869751818024,0.13111255181833315,0.44271826177149565,0.7885447302237583,0.3538725633543016,,non significant
Q05962,30.249194515808703,30.43760782712087,30.26655626189093,0.17105156522994136,0.4427926652851733,0.7885447302237583,0.3537995816789476,,non significant
Q71UE8,25.773645858009534,25.84275736317596,25.71830681752014,0.1244505456558187,0.44131172131911056,0.7885447302237583,0.3552545374596568,,non significant
Q5PPJ9,27.540805878516537,27.85589212303844,27.69056097415333,0.16533114888511236,0.4452037114740218,0.7905084759387647,0.3514412237938238,,non significant
Q8R431,23.336873500477274,23.13281970713685,23.619483685766454,-0.4866639786296041,0.445336588997408,0.7905084759387647,0.3513116216285466,2.530266607987491,non significant
P04906,27.54212469228803,27.601090621951727,27.517608776696505,0.08348184525522129,0.4476330841983921,0.7918954570996919,0.34907782260433845,,non significant
P63036,26.638089901349577,26.60459431645249,26.510106001962242,0.09448831449024908,0.44707294837787803,0.7918954570996919,0.3496216077558641,,non significant
Q76EQ0,26.216387380606736,26.289230997191847,26.087394758022523,0.20183623916932447,0.4482835723417581,0.7918954570996919,0.3484471758610578,,non significant
G3V7P1,25.00699296303822,24.99385828359017,25.13102945799288,-0.13717117440270954,0.44930752929442574,0.7924282309260209,0.34745630363349683,,non significant
P84082,25.506788077260616,25.79335887655429,25.563359372121525,0.22999950443276518,0.4518656016719672,0.7956606180323403,0.34499071813472815,,non significant
P01830,28.10412400312005,28.29868217875587,28.15603634579919,0.14264583295668132,0.45349225221694867,0.7972451934006293,0.34343012833524095,,non significant
P63086,28.58627711847586,28.470927485721834,28.70504730620053,-0.23411982047869628,0.45477762974882174,0.7982256957351319,0.3422009061557761,,non significant
Q62910,29.672376263495966,29.772723886983268,29.663897972399074,0.10882591458419455,0.4555729478631658,0.798344287229861,0.34144207243877217,,non significant
D4A055,27.32576352120968,27.353695447810253,27.499902534392465,-0.14620708658221204,0.4579046085548719,0.800341264146975,0.33922498551821106,,non significant
Q6IE52,29.377280499792434,29.341291653207346,29.21075886275804,0.13053279044930477,0.46036038074452257,0.800341264146975,0.33690205942194634,,non significant
P53042,28.339653653394677,28.573018763779874,28.395992601489255,0.17702616229061974,0.45914928083602524,0.800341264146975,0.33804609158043813,,non significant
P62250,25.049300854914375,24.819379222781134,24.967562428634754,-0.14818320585361988,0.45979337126360775,0.800341264146975,0.33743729414631507,,non significant
P32736,26.500190978865266,26.649526571721594,26.49127759640343,0.15824897531816262,0.4599396388556206,0.800341264146975,0.33729916012713973,,non significant
P59649,25.540898737169098,25.535115038589524,25.447096872078557,0.08801816651096672,0.46148049491026055,0.8010191501844238,0.3358466502867331,,non significant
P17220,26.589873670099237,26.802631326551282,26.605443903948117,0.19718742260316446,0.4624468280832993,0.8014283892691617,0.3349381950277239,,non significant
P97690,30.09391456358734,30.15544080306448,30.097749472096,0.05769133096847767,0.4688471354522308,0.8020631980127509,0.3289687330868852,,non significant
P83868,26.011970399134658,26.35475196663934,26.123653557392775,0.23109840924656666,0.47313340257421765,0.8020631980127509,0.3250163902698017,,non significant
P15384,23.848759325556344,23.65016078757076,23.868353973739485,-0.21819318616872607,0.46805451731420866,0.8020631980127509,0.32970355891349457,,non significant
P02688,31.12387323189445,31.29741518834904,30.90452326936178,0.39289191898726017,0.46990782627476824,0.8020631980127509,0.32798732177925866,3.158017991681809,non significant
Q9QYU4,25.27531705648096,25.73951192755015,25.476912539616777,0.2625993879333741,0.4735933013110971,0.8020631980127509,0.32459444907272295,,non significant
P82995,29.65687201354371,29.769904670763122,29.69192230234997,0.07798236841315287,0.4774359783977451,0.8020631980127509,0.32108485673509873,,non significant
P35171,23.245157326379623,23.172468258224,23.38659909109747,-0.2141308328734688,0.47145748805063903,0.8020631980127509,0.3265574620727838,,non significant
P13383,31.67237162791316,31.705234549731646,31.874480512566763,-0.16924596283511661,0.4685377102343894,0.8020631980127509,0.329255449199631,,non significant
Q63604,26.79085687240585,26.880265706167023,26.78927733823289,0.09098836793413412,0.46709592084294704,0.8020631980127509,0.330593925397155,,non significant
P62747,26.9973550113402,27.087962637914206,26.992394312704846,0.09556832520935998,0.4648730328988323,0.8020631980127509,0.33266564633770873,,non significant
Q9Z2L9,28.020331205453314,27.945131622141574,28.14794502724799,-0.202813405106415,0.4712097178915442,0.8020631980127509,0.32678576155042516,,non significant
Q5XIF3,25.947946914461962,25.955281420183013,25.79936681722565,0.15591460295736326,0.47680103424101317,0.8020631980127509,0.32166281122780777,,non significant
P15800,27.976071704997707,27.883283689445932,28.096372351264545,-0.2130886618186132,0.46679465830419875,0.8020631980127509,0.33087412238305985,,non significant
Q9Z250,27.182865849047385,27.38390400509058,27.21854017092764,0.16536383416294242,0.47623936713526926,0.8020631980127509,0.32217470758095235,,non significant
P28570,23.246502427257738,23.272100365515087,23.502451421149985,-0.23035105563489822,0.4705363438295056,0.8020631980127509,0.32740682640246005,,non significant
P10960,27.9012236867986,28.00184963775001,27.874811795345554,0.12703784240445515,0.47519840214973996,0.8020631980127509,0.32312502833561185,,non significant
Q6IG03,28.789313668805665,28.93841599870005,28.8087148962552,0.12970110244485156,0.46377753983525793,0.8020631980127509,0.33369028752597707,,non significant
Q63429,25.503087726945825,25.46689316475697,25.315008586091277,0.15188457866569394,0.4752278584871681,0.8020631980127509,0.32309810836225666,,non significant
Q5M7A7,26.182853366000845,26.204919236577066,26.00455207304962,0.20036716352744577,0.4747754339789253,0.8020631980127509,0.3235117605755071,,non significant
P04692,26.682035535163873,26.71968629994474,26.58035498125922,0.13933131868552096,0.4764999030553262,0.8020631980127509,0.3219371833835586,,non significant
P62749,25.3937513275154,25.4788692623515,25.287483267965992,0.19138599438550585,0.4787551139703964,0.8030494801613529,0.3198865739481005,,non significant
B0BNF1,28.244045355417104,28.270963982774703,28.15192346656404,0.11904051621066358,0.479661745985013,0.8033418860237546,0.3190649160350048,,non significant
P51156,24.147244894782677,24.12412065279292,23.934907518563296,0.18921313422962527,0.48241277444479536,0.8067177036066165,0.31658120045864174,,non significant
P68403,28.106277102835822,28.399319849385744,28.136821770565145,0.26249807882059883,0.48827239358972196,0.8152736921886226,0.31133782957738393,,non significant
P63039,28.887430222433917,28.977709428293505,28.84696261374538,0.1307468145481252,0.48988462907750263,0.8167225503009429,0.3099061870216214,,non significant
Q5RKI1,28.901526069422072,28.870885989743687,28.79665702431716,0.0742289654265278,0.4916399547006798,0.8171651974343116,0.3083528300147843,,non significant
Q6IFV4,26.310258671014655,26.395257042445184,26.258348697015464,0.1369083454297204,0.49136513307561425,0.8171651974343116,0.3085956639937075,,non significant
P22831,24.04381393743301,24.13812178400587,24.003009809244272,0.13511197476159964,0.4982694702972186,0.826931329676322,0.3025357218749784,,non significant
P17074,27.73750041134901,27.698870456997813,27.864451060897732,-0.1655806038999188,0.4993229811206754,0.8274279611622068,0.3016184452723127,,non significant
Q03343,27.242217449422437,27.346398968921307,27.192731239322224,0.15366772959908204,0.5008914323092917,0.8287751149974253,0.30025639680443633,,non significant
Q01728,26.866064098447218,26.882263026054147,27.00822347892563,-0.12596045287148172,0.5036009871410797,0.8307523051034051,0.2979134272744538,,non significant
P51647,27.687870981869523,27.713529614478613,27.636991805170567,0.07653780930804643,0.5033827330874869,0.8307523051034051,0.298101685596229,,non significant
Q5U316,27.760028340040922,27.755673553916704,27.619462492309196,0.13621106160750784,0.5047476801488922,0.8313937013863884,0.29692566842365,,non significant
Q5XI22,26.199318955921022,26.265633866297225,26.07742300858422,0.18821085771300616,0.5219847003936804,0.8340037624469645,0.28234222617776866,,non significant
Q6J4I0,25.179610108225187,25.091428414621717,24.96555577953617,0.12587263508554614,0.5090589249107603,0.8340037624469645,0.2932319440238826,,non significant
P23928,25.75451622438699,25.426270147556647,25.875297849287467,-0.4490277017308202,0.516403396770245,0.8340037624469645,0.28701090971754223,2.721850568891579,non significant
P05508,25.28621181303704,25.24312322790017,25.347440116487558,-0.10431688858738752,0.5228648908598889,0.8340037624469645,0.2816105190380569,,non significant
P03994,26.541384720824126,26.516797451922432,26.6876863259213,-0.17088887399886943,0.5110680828233871,0.8340037624469645,0.29152124071666485,,non significant
P52303,29.30551627383703,29.438931732204015,29.64955223912935,-0.21062050692533418,0.5207635639191233,0.8340037624469645,0.2833594095059738,,non significant
Q4QQS8,28.37749594715827,28.425699195547548,28.36161446930792,0.0640847262396278,0.5235041480148401,0.8340037624469645,0.2810798728145201,,non significant
Q64232,28.69225759774805,28.576908990365606,28.719559849734726,-0.1426508593691196,0.5281908148046544,0.8340037624469645,0.27720915540917523,,non significant
P35434,24.859896172567314,25.082887102853665,24.93876594344482,0.14412115940884362,0.5238796266119587,0.8340037624469645,0.2807684906951147,,non significant
Q6AY09,28.0707776439148,28.30092345546994,28.14784475757737,0.15307869789256756,0.528379776573054,0.8340037624469645,0.27705381310672744,,non significant
Q5EB77,23.77125175352323,24.135065940976364,23.961220989957948,0.1738449510184168,0.5082194053295092,0.8340037624469645,0.2939487563131439,,non significant
Q63941,25.472753068788517,25.566955962525636,25.384453820761838,0.18250214176379842,0.5261716245048865,0.8340037624469645,0.27887257634387425,,non significant
P62914,27.98417420437419,27.92538731569344,27.997974102612094,-0.07258678691865583,0.5181375214336053,0.8340037624469645,0.28555495671590575,,non significant
O89046,27.936094293632507,27.887039813496603,27.994804926831364,-0.1077651133347608,0.5275064665783848,0.8340037624469645,0.2777722120831692,,non significant
P70566,27.647568845188417,27.589981610366365,27.13833576203518,0.4516458483311858,0.525841005339236,0.8340037624469645,0.2791455504126399,2.7065749176759084,non significant
Q9R0I8,27.505445331303292,27.50299970075541,27.367327417337396,0.13567228341801396,0.5130217622270169,0.8340037624469645,0.2898642118576853,,non significant
Q07310,32.16506514539787,32.29998488731661,32.121243384374075,0.1787415029425361,0.5237859739094808,0.8340037624469645,0.2808461354168458,,non significant
P62882,27.612633513819627,27.59546514920685,27.509284516694635,0.08618063251221386,0.517468889167982,0.8340037624469645,0.286115755376013,,non significant
P82471,26.890431112894216,26.860723674089467,26.77893176068535,0.08179191340411762,0.5100663065868143,0.8340037624469645,0.29237336368056255,,non significant
Q6PST4,27.779050003015595,27.700035461709486,27.848296960328224,-0.14826149861873716,0.5095326628561343,0.8340037624469645,0.2928279709440934,,non significant
Q924S5,28.129315969028987,28.156928754751963,28.07879159530137,0.0781371594505913,0.5233077773076447,0.8340037624469645,0.2812428108045827,,non significant
P47198,25.841982843897185,25.920548703376486,26.174911102856157,-0.2543623994796711,0.5111640770001016,0.8340037624469645,0.29143967462433673,,non significant
P62738,24.31244579249854,24.5549034840258,23.812181671430864,0.7427218125949366,0.5166882686936556,0.8340037624469645,0.28677139891388764,1.9435834594776742,non significant
Q63692,28.28399365363371,28.223306839466147,28.31290852935406,-0.08960168988791395,0.5279256836233386,0.8340037624469645,0.27742720902658624,,non significant
Q6P799,28.451037025156914,28.428025065114664,28.3642001172778,0.06382494783686354,0.5159956200872194,0.8340037624469645,0.2873539847681857,,non significant
Q5I0G4,28.689609972231782,28.69843819010087,28.59054073623931,0.10789745386156113,0.5258465250908577,0.8340037624469645,0.27914099164855555,,non significant
O35095,28.01155488449391,28.203122381657412,28.04010391679131,0.16301846486610216,0.5183948360958025,0.8340037624469645,0.2853393332683812,,non significant
P62762,28.14635110256702,28.20007500142464,28.073311277634122,0.1267637237905177,0.5249081130983451,0.8340037624469645,0.279916714626387,,non significant
P80432,23.699493073097265,23.605257330308365,23.8489872816406,-0.2437299513322344,0.5226906001461817,0.8340037624469645,0.28175531000623066,,non significant
Q9Z1N4,26.43393948138107,26.330317151997587,26.435112389377476,-0.10479523737988927,0.5307239349165884,0.835300081210183,0.27513132584753164,,non significant
P30839,26.432928451354346,26.367925895008643,26.459210004737656,-0.09128410972901335,0.5304919065693425,0.835300081210183,0.27532123751021226,,non significant
Q63377,27.558564442864416,27.50591060585393,27.425302252926524,0.0806083529274062,0.5384641100094258,0.8368312413313607,0.2688432382235687,,non significant
O08839,29.187722542693784,29.206761244909373,29.15354395155924,0.05321729335013359,0.5377868966489732,0.8368312413313607,0.2693897837087991,,non significant
P19332,28.05891052516854,28.097944912597256,28.03432428262157,0.06362062997568785,0.5368790737982545,0.8368312413313607,0.2701235234181355,,non significant
P62138,22.322988905690973,22.70657405766185,22.37186268241822,0.3347113752436286,0.537481331921129,0.8368312413313607,0.269636615290377,4.079790781978333,non significant
P00406,25.295289582616842,25.37784342050017,25.264073733956547,0.1137696865436233,0.5333845759027481,0.8368312413313607,0.27295954713353854,,non significant
P02625,27.053664420402065,26.987390058704506,27.079325623959917,-0.09193556525541169,0.5343726499088315,0.8368312413313607,0.2721557778858728,,non significant
Q4V8B7,25.453231023762452,25.4204170860796,25.343151240074278,0.07726584600532149,0.5360701388617677,0.8368312413313607,0.27077838394937903,,non significant
Q62812,30.58261718676312,30.573346315955018,30.502780989104874,0.0705653268501436,0.5385623121056888,0.8368312413313607,0.2687640412275419,,non significant
Q80Z30,27.78684325573261,27.99846262964877,27.84505581430383,0.15340681534494038,0.5383855605153709,0.8368312413313607,0.26890659639290027,,non significant
Q6JE36,25.9550333467081,26.112443872932,26.31326825012051,-0.20082437718851054,0.5403629595473188,0.8384415369496588,0.2673144283686161,,non significant
Q920J4,28.849085459566147,28.97692813676153,28.90042170393067,0.07650643283085756,0.5430776849526517,0.8412880306216294,0.26513804198923896,,non significant
P47728,27.625246968634013,27.594721843095517,27.708672958056912,-0.1139511149613952,0.5437312795904605,0.8412880306216294,0.2646156823325142,,non significant
P27881,29.686951255032103,29.697463699852275,29.62970900356031,0.06775469629196351,0.5475813247698709,0.841311923350908,0.2615513718742359,,non significant
O70127,28.190387425846627,28.1614231797207,28.09976319375532,0.061659985965381026,0.5468707410596343,0.841311923350908,0.26211531183521497,,non significant
P97846,30.745649501251403,30.77749490233516,30.67322932503366,0.10426557730150066,0.5464819312676574,0.841311923350908,0.262424192873433,,non significant
Q9JLT0,30.690275615196622,30.747262758040367,30.685571767876976,0.061690990163391746,0.5455922207982895,0.841311923350908,0.26313183059582584,,non significant
B2GV06,27.564452466787408,27.581746420808827,27.71123657484253,-0.12949015403370367,0.5451373220839971,0.841311923350908,0.26349408357445964,,non significant
P97546,27.196283278450558,27.430863896925086,27.2726196897806,0.1582442071444845,0.5493735142163131,0.8428849581752385,0.2601322821323765,,non significant
P62168,25.720178240599864,25.45081680415618,25.57676389380931,-0.12594708965313117,0.5509983233534896,0.8441971518418688,0.2588497226716912,,non significant
Q68FP1,28.0859970992388,28.090496306936846,27.982741545885105,0.10775476105174064,0.5535015456962864,0.8468496452284885,0.2568811619823125,,non significant
Q66HD0,29.213160399702723,29.344549110041907,29.179411225752393,0.16513788428951415,0.5599853643416597,0.8484861114403324,0.25182332347365216,,non significant
M0RC99,29.451699112316973,29.57096243974482,29.75073583334381,-0.17977339359898892,0.5577004475955427,0.8484861114403324,0.2535990069551015,,non significant
P05426,27.146742892493812,27.140979694699542,27.048000002597945,0.09297969210159707,0.559371272021153,0.8484861114403324,0.25229984172398956,,non significant
Q04666,28.04200043563668,28.207720117515564,27.962174416170104,0.24554570134545983,0.5563683469959957,0.8484861114403324,0.25463758593377955,,non significant
P39069,27.40299867171702,27.45218699575921,27.328872246768924,0.1233147489902855,0.5594656855318025,0.8484861114403324,0.25222654549166057,,non significant
Q6AXY0,27.148350956873593,27.225465737385548,26.977055015685583,0.24841072169996536,0.5589884278639886,0.8484861114403324,0.25259718275192056,,non significant
Q9ERQ6,25.266927057471342,25.272898697979162,25.375791511882316,-0.10289281390315352,0.5591554794709392,0.8484861114403324,0.2524674148550414,,non significant
P07936,27.870428453869692,27.82483213133891,27.746771740260574,0.07806039107833485,0.5636858374560938,0.8517401703709846,0.24896287664324204,,non significant
O70351,29.012628443195897,29.102507120517696,28.97206011835219,0.1304470021655071,0.5630321802065853,0.8517401703709846,0.2494667822592267,,non significant
P27274,23.388655318963927,23.780238387354725,23.523979371312702,0.25625901604202284,0.5670915035001064,0.8557075369183174,0.24634685952172816,,non significant
P09117,28.61564046379618,28.722614834826967,28.612892375203042,0.10972245962392435,0.5689950203780479,0.8563351433686457,0.24489153436380215,,non significant
Q4KM74,25.898271273135514,25.91784691662122,25.777029932147247,0.14081698447397173,0.5690686595403307,0.8563351433686457,0.24483533174097827,,non significant
Q8R491,27.843302016771087,27.914957207883642,27.791368478320603,0.12358872956303912,0.5796738811015599,0.8588172123242228,0.23681626759371804,,non significant
P29995,28.67563157059552,28.639702967544334,28.69740202745918,-0.05769905991484592,0.5740843417087138,0.8588172123242228,0.24102429845939838,,non significant
O88794,24.47413367159891,24.544706516178824,24.335647300823513,0.20905921535531036,0.5723524805307623,0.8588172123242228,0.2423364306424488,,non significant
P10362,29.42167223253709,29.327118384819055,29.481933117913716,-0.15481473309466054,0.5808128969823751,0.8588172123242228,0.23596374866799708,,non significant
Q78P75,26.52478805394427,26.661833716414034,26.7128843542318,-0.05105063781776664,0.5805784534217548,0.8588172123242228,0.23613908585479929,,non significant
Q9QZA2,28.57700285708561,28.500519676358298,28.409004095340332,0.09151558101796553,0.5788456110581163,0.8588172123242228,0.23743725528208287,,non significant
P13601,26.92195539586436,26.839363787590926,26.66959701044581,0.16976677714511723,0.5784810201295236,0.8588172123242228,0.23771088561151774,,non significant
Q68A21,27.045657749979554,27.055372642798915,27.096535097978215,-0.041162455179300395,0.5795466788993089,0.8588172123242228,0.2369115785580875,,non significant
P83732,28.098988261172185,28.09441631279037,28.001537127640187,0.09287918515018134,0.5755737705103754,0.8588172123242228,0.2398990055314024,,non significant
P60203,32.8461443203684,33.12762721503449,32.890901515396884,0.23672569963760282,0.579285926644256,0.8588172123242228,0.23710702226045272,,non significant
Q75Q39,27.740189129992345,27.778378339299035,27.698189737807496,0.08018860149153895,0.5808955073332482,0.8588172123242228,0.23590198235992962,,non significant
Q64541,30.746287638654728,30.721184085514896,30.647398669826174,0.07378541568872166,0.578443070551196,0.8588172123242228,0.23773937718256702,,non significant
Q6AXV4,28.394280668311225,28.375930076527453,28.123975251850336,0.2519548246771173,0.5719697754436868,0.8588172123242228,0.24262691999165462,,non significant
P00884,27.013147915050137,26.97059148907924,27.041592406088725,-0.07100091700948497,0.5912259881108848,0.8617509946431121,0.22824648421219476,,non significant
O70441,27.141568938180683,27.163988833868448,27.051302710997657,0.11268612287079094,0.5927312645643392,0.8617509946431121,0.2271421645955223,,non significant
Q68FU3,26.871973411490146,26.630984499594607,26.687845267457618,-0.056860767863010864,0.5873222700252252,0.8617509946431121,0.23112353131148078,,non significant
Q5U211,26.044357746905625,26.032119929449262,26.078435376400858,-0.04631544695159562,0.5872257435176252,0.8617509946431121,0.23119491354399757,,non significant
P04903,27.541433864637785,27.61192715289936,27.530339772263176,0.08158738063618287,0.5847037936760571,0.8617509946431121,0.23306408836344675,,non significant
P01041,24.75131532946431,24.568566172721404,24.845284618409465,-0.27671844568806137,0.5893431130407689,0.8617509946431121,0.22963178719125033,,non significant
P62828,25.31767881251157,25.50878984463311,25.382001974933615,0.12678786969949485,0.5917235602174501,0.8617509946431121,0.22788113839794688,,non significant
Q4FZU2,26.378963211650152,26.293561609669634,26.226647365909773,0.06691424375986088,0.5916956364676103,0.8617509946431121,0.2279016334693564,,non significant
A9UMV8,29.363891573388198,29.52448623897713,29.400867303957934,0.12361893501919496,0.591112116033351,0.8617509946431121,0.22833013881978179,,non significant
P97544,22.769405861551764,22.90679669387534,22.755411443380495,0.15138525049484386,0.5897238503654385,0.8617509946431121,0.22935130757467587,,non significant
P35571,28.14945586417027,28.123951047232367,28.06050759102749,0.06344345620487601,0.5930920701509113,0.8617509946431121,0.2268778825974602,,non significant
Q6XVN8,26.44902813794571,26.475067885889896,26.54229068516113,-0.06722279927123509,0.5856098306550066,0.8617509946431121,0.23239164137010962,,non significant
Q6Q629,27.494967825509345,27.497223907332142,27.415855516611444,0.0813683907206979,0.5919275158516298,0.8617509946431121,0.22773147130576943,,non significant
Q63862,30.81485027802363,30.839453672069595,31.019329566709207,-0.1798758946396113,0.5944151603237429,0.8625309932210925,0.22591012259710605,,non significant
P13638,26.901249595736925,27.00379895984791,26.90172101553044,0.1020779443174682,0.5962733145516603,0.8637239130440852,0.22455462651253727,,non significant
P60901,27.839362290129035,27.78250660570838,27.917726485423298,-0.1352198797149171,0.5974938719614304,0.8637239130440852,0.22366654458398108,,non significant
B2RZ37,28.276734966007275,28.20648047860185,28.069064941709353,0.13741553689249741,0.5975993163176487,0.8637239130440852,0.2235899080461422,,non significant
P35435,27.736859987847726,27.859490153499262,27.76686632536915,0.09262382813011172,0.6001332511264017,0.864877983786015,0.22175230994336648,,non significant
P23977,26.744388195109266,26.539553356434656,26.66485676073276,-0.12530340429810494,0.6012544141244036,0.864877983786015,0.22094172222254602,,non significant
Q5FVH2,26.513225917949438,26.32444044774707,26.56384218839916,-0.23940174065209163,0.6004076590953165,0.864877983786015,0.22155377631947967,,non significant
P13437,25.865535985253352,25.93546820282963,25.687112316346838,0.24835588648279128,0.6015514144291061,0.864877983786015,0.22072724771134009,,non significant
Q6LED0,28.225874149634784,28.25527027792788,28.319980130658916,-0.0647098527310348,0.6080427822494756,0.8681863569077971,0.21606586243581422,,non significant
P21571,26.476668920862508,26.548511389607963,26.486025266053826,0.06248612355413741,0.6086010104485834,0.8681863569077971,0.2156673309264555,,non significant
Q5PQN0,25.329387555357407,25.239798242941514,25.15043774547597,0.08936049746554531,0.6078206267069302,0.8681863569077971,0.21622456599842604,,non significant
P08934,31.43524525708481,31.530274966498833,31.352130371973242,0.17814459452559106,0.6066915589780235,0.8681863569077971,0.21703204744060317,,non significant
P49911,28.170891196377145,28.155367591899136,28.037371360733584,0.11799623116555225,0.6074152193260043,0.8681863569077971,0.2165143306487452,,non significant
Q64640,25.53563482810521,25.69719600794861,25.774854387026526,-0.07765837907791706,0.6084475575982671,0.8681863569077971,0.21577684788120582,,non significant
O54874,30.574836242674085,30.55097832723996,30.472920332498195,0.07805799474176567,0.6131332134505114,0.871252765745092,0.21244515748622297,,non significant
Q8VII6,29.75846085952894,29.868735070572885,29.998080170962023,-0.1293451003891377,0.6116941337648156,0.871252765745092,0.21346568442910022,,non significant
Q6P7S1,31.44284179454801,31.532127064977285,31.357567950114184,0.17455911486310072,0.6127572655800696,0.871252765745092,0.212711530532637,,non significant
Q66HR2,26.373784330132263,26.39042433328177,26.306803807588626,0.08362052569314571,0.6167386775635008,0.8751531961495342,0.2098988147880927,,non significant
B0K020,24.95687533485358,25.41451593560144,25.201416740470194,0.21309919513124598,0.6182714011083765,0.8751531961495342,0.20882084185317895,,non significant
Q07266,27.74865657920651,27.792107022378232,27.702545454329638,0.08956156804859461,0.6181959279330933,0.8751531961495342,0.20887385996830105,,non significant
Q06647,28.039330888760272,28.086530156718254,28.03954661793,0.04698353878825401,0.6255847118769684,0.8791339694990244,0.20371387316527953,,non significant
Q64559,27.4371173689375,27.379976900422708,27.46530729726777,-0.0853303968450625,0.6244483367254297,0.8791339694990244,0.2045034868385964,,non significant
P17077,26.781762563266014,26.80515046385102,26.736342509441712,0.06880795440930854,0.6259725545207953,0.8791339694990244,0.20344470781428078,,non significant
P60868,28.620887648468038,28.57116718252117,28.498102690828514,0.07306449169265505,0.6254378747543351,0.8791339694990244,0.20381582264736325,,non significant
P49186,20.506554065402636,20.422493812459518,20.257827480908546,0.164666331550972,0.6257036716476914,0.8791339694990244,0.20363129656210902,,non significant
Q8K4Y5,26.93110200137699,27.036501676911143,26.981408493153108,0.055093183758035735,0.6249987961945096,0.8791339694990244,0.20412081914646119,,non significant
Q9WTP0,28.414260587231777,28.320585610261592,28.390087837824066,-0.0695022275624737,0.6266934951214559,0.8791339694990244,0.20294481311480253,,non significant
P11240,27.10304056456938,27.284473078929807,27.181439575759963,0.1030335031698435,0.6337964435062461,0.8827916689948242,0.19805020214468616,,non significant
P97612,24.78223679735839,24.88752581247036,24.743533421486887,0.14399239098347394,0.6309555573189009,0.8827916689948242,0.2000012301233888,,non significant
P12928,27.10717442664459,27.09043288944962,27.01098098438383,0.07945190506578825,0.6341292936808764,0.8827916689948242,0.19782218406251703,,non significant
O88778,30.186955022984076,30.223912830608857,30.17294027736438,0.05097255324447758,0.6340386540835504,0.8827916689948242,0.19788426460492003,,non significant
Q64542,29.361762388340903,29.12463285542835,29.321464317415217,-0.19683146198686785,0.6324733512110908,0.8827916689948242,0.19895776843797522,,non significant
P56571,25.892345541018283,25.936427323722878,26.125020046527123,-0.18859272280424477,0.6330058113486132,0.8827916689948242,0.19859230289725788,,non significant
P55067,27.405734255827717,27.408780860459956,27.338564365492662,0.0702164949672941,0.6363979219509337,0.8848270220281043,0.19627124713783206,,non significant
P62856,24.77569631670021,24.618874710602636,24.449982455495288,0.16889225510734818,0.6380676838746715,0.8860256319120439,0.19513325047290367,,non significant
Q6RUV5,28.296164623840063,28.446861316179067,28.52660129663924,-0.07973998046017172,0.6404725548133274,0.8882406986475604,0.19349947567495865,,non significant
Q63198,31.61412867579755,31.69399385108096,31.548726608866,0.14526724221495968,0.6456477366425162,0.8942873321929802,0.19000436708090815,,non significant
B2GUZ5,24.842248766581253,24.7634130363417,24.33038604982437,0.43302698651732996,0.6490203654586532,0.8966943840152928,0.18774167536057587,2.823133377484495,non significant
Q5XIH7,28.058265248923252,28.06258897158766,27.92815091828774,0.1344380532999203,0.6489054096178695,0.8966943840152928,0.18781860531821157,,non significant
Q8VIL3,27.39339954653834,27.396044951955915,27.358058723356265,0.03798622859964951,0.650011158186891,0.8969336358880748,0.18707918813037283,,non significant
P07483,26.960151091050236,26.80383714043154,26.888340304621916,-0.08450316419037662,0.6513550987434709,0.8976589740220948,0.18618218289128077,,non significant
Q9Z1Z3,28.654458242316437,28.62072541380847,28.536149484699354,0.08457592910911416,0.655881167201668,0.8985585953704716,0.18317483913580268,,non significant
P67779,27.751692325085514,27.814716253095785,27.848598199771974,-0.033881946676189045,0.6585607207637731,0.8985585953704716,0.18140417593851024,,non significant
Q9Z0J8,26.55127977246507,26.550747081021957,26.470210759847095,0.08053632117486131,0.6583574496190473,0.8985585953704716,0.18153824582860828,,non significant
B0BN85,28.426403387523738,28.550315988369277,28.422415802508283,0.1279001858609945,0.6575537382541432,0.8985585953704716,0.18206874888601746,,non significant
Q64537,26.690535138869784,26.51998159959977,26.649752154068334,-0.12977055446856411,0.6580218948375701,0.8985585953704716,0.18175965555178855,,non significant
Q53B90,27.014095926435516,26.864884940294868,26.937691524668832,-0.07280658437396426,0.6537987942156558,0.8985585953704716,0.1845558847130832,,non significant
Q9WV63,28.234914813966927,28.08353712690436,28.166422215262283,-0.08288508835792285,0.6577708329905759,0.8985585953704716,0.18192538800156308,,non significant
Q6IMF3,28.377280489580365,28.36297528665493,28.41543808900009,-0.05246280234516121,0.6577851425712399,0.8985585953704716,0.18191594017564555,,non significant
Q7TQ16,24.521145782396168,24.608316429947934,24.545842092691657,0.06247433725627616,0.661280382825636,0.8989152168026303,0.17961436064237385,,non significant
Q3B8Q0,26.362347473434344,26.53851876791388,26.501477095314545,0.03704167259933655,0.6608178200131384,0.8989152168026303,0.1799182540820092,,non significant
Q29RW1,31.361843969044724,31.378035365976032,31.32013736435383,0.0578980016222026,0.6601553133916664,0.8989152168026303,0.180353876861576,,non significant
P55051,25.77246230795994,25.758835795036777,25.65262692095995,0.10620887407682744,0.6629951155899574,0.8998991527308321,0.17848967111278757,,non significant
Q5M7W5,28.347480848059913,28.318021828441093,28.24934677001055,0.06867505843054289,0.663644862861662,0.8998991527308321,0.1780642630414508,,non significant
P25286,28.83103502966996,28.95085794580727,28.827263845337015,0.12359410047025676,0.6650172051606538,0.9006467581002928,0.1771671185921238,,non significant
Q6GQP4,25.143063197325706,25.117430194781885,24.998745948237882,0.118684246544003,0.666893173015157,0.9013872764346236,0.17594372843083148,,non significant
P11662,25.146022280693373,25.088184321412268,24.98103896547323,0.10714535593903918,0.6672073550272692,0.9013872764346236,0.17573917485510313,,non significant
P17105,27.462512320228235,27.492215109675296,27.461540242784455,0.0306748668908412,0.6699649288520887,0.9039994181435932,0.17394793103747883,,non significant
P51635,26.04272926157289,26.19219626553958,26.28314951636221,-0.09095325082263273,0.6713514007573407,0.9041790832946813,0.17305010060191833,,non significant
F1LMY4,30.554125347124593,30.57411093857517,30.52581349944747,0.048297439127701125,0.6750434541643975,0.9041790832946813,0.17066826969284815,,non significant
Q8K3E7,22.88670712365306,22.995955199549485,22.785529925022328,0.2104252745271573,0.6745937791946303,0.9041790832946813,0.17095766799991816,,non significant
P63088,23.58738342094549,23.76828254826378,23.669189758505055,0.09909278975872482,0.6717905324285116,0.9041790832946813,0.17276612098114758,,non significant
Q1WIM3,26.0219684902437,26.166917612187248,25.984690482572688,0.1822271296145601,0.6736325501543454,0.9041790832946813,0.1715769357440436,,non significant
P30009,26.31349031202142,26.331436373441345,26.446154274255992,-0.11471790081464661,0.6740600658142698,0.9041790832946813,0.17130140155166132,,non significant
P28023,28.994905685167275,29.020645270756063,28.949729576426403,0.07091569432965983,0.6776582703906455,0.9054703076961488,0.1689892570146309,,non significant
P29101,27.387663536534255,27.255924709740956,27.391059055020488,-0.13513434527953194,0.6769969529457539,0.9054703076961488,0.16941328599997113,,non significant
P20759,22.17083763035271,22.20470019815805,22.522232832146482,-0.31753263398843146,0.6787342016084741,0.9058046461855184,0.16830026603530734,4.605487895051877,non significant
Q920L2,27.987760003679977,27.939612022786235,27.86711748934233,0.07249453344390488,0.6809390572783847,0.9065414391194029,0.166891754859683,,non significant
Q6PDU1,26.914148896520608,27.06537665524451,27.180042141896205,-0.1146654866516954,0.6802325860584933,0.9065414391194029,0.16734256733652839,,non significant
M0R8U1,31.103930940421062,31.075285267935694,31.142496390540003,-0.06721112260430928,0.6841250555697453,0.9095437782758832,0.1648645035727964,,non significant
O88480,28.804878457724985,28.73178902245017,28.764567147988753,-0.03277812553858439,0.6848524711539467,0.9095437782758832,0.1644029728349519,,non significant
P54690,26.477022483147273,26.536164416619016,26.407304538506818,0.12885987811219834,0.6868116040932116,0.9099424271621415,0.1631623757838707,,non significant
P47861,28.156673447798376,28.137037959862486,28.080360003374466,0.05667795648801999,0.6866640014882972,0.9099424271621415,0.16325571999299265,,non significant
P07722,28.477474935515424,28.502514267827607,28.404673173143788,0.09784109468381885,0.690650926039077,0.9117403222605522,0.16074140154068092,,non significant
P29457,28.531700540663213,28.45846136920895,28.413867792029592,0.0445935771793593,0.6906619943468724,0.9117403222605522,0.16073444163329323,,non significant
Q80W89,25.221150080643135,25.22315764584764,25.11992268779785,0.10323495804978933,0.6905566417272391,0.9117403222605522,0.1608006933623889,,non significant
P23978,28.873622200346514,28.73080052030375,28.83994159494679,-0.10914107464304124,0.6946911961926561,0.9137416096300274,0.15820820489587117,,non significant
D3Z987,31.667009462843005,31.662787213404656,31.78835175501456,-0.12556454160990427,0.6945442498591246,0.9137416096300274,0.1583000798652409,,non significant
Q4KMA2,27.155043916328776,27.292999489348208,27.396165036952983,-0.10316554760477459,0.6955097940210327,0.9137416096300274,0.15769674998632494,,non significant
Q9JHY2,26.820477664140416,26.780532731122616,26.829518573227443,-0.048985842104826816,0.6952992993870573,0.9137416096300274,0.1578282082276279,,non significant
P50408,27.95091817143544,28.102772027665825,28.018666576232505,0.08410545143332016,0.6976527042214404,0.914366805891183,0.15636071802970147,,non significant
P62775,22.513829211295025,22.697909101811785,22.54537360481271,0.1525354969990751,0.6972320059717741,0.914366805891183,0.15662268510494595,,non significant
O35458,27.254801914734777,27.574369761733227,27.458746540253127,0.1156232214800994,0.7027632725024566,0.914509264454561,0.15319094348623347,,non significant
Q63942,22.974552889008617,22.84157352296468,22.965999290284984,-0.12442576732030375,0.6996231903846181,0.914509264454561,0.1551358034112686,,non significant
P62198,27.44949217684915,27.33697698005309,27.43113622319314,-0.09415924314004798,0.701716042360014,0.914509264454561,0.15383859468567718,,non significant
Q63754,27.207833179432455,27.293261773585712,27.20328258230046,0.08997919128525211,0.7026736445463048,0.914509264454561,0.15324633540935945,,non significant
Q9WV97,26.247054659004615,26.255023280307793,26.341950338272422,-0.08692705796462974,0.7014395725000968,0.914509264454561,0.15400973655313194,,non significant
P43425,27.438244333388518,27.40842797182064,27.34886750345497,0.05956046836567097,0.6996391089869101,0.914509264454561,0.15512592197425937,,non significant
P61227,25.471279347574686,25.775176896303496,25.681029273195985,0.09414762310751001,0.711883049725515,0.9165912036958802,0.14759134769836063,,non significant
Q5XII0,28.6629733959265,28.483816811320903,28.336363211384413,0.14745359993649032,0.7074156280100565,0.9165912036958802,0.15032535011419879,,non significant
Q63633,27.77151548041954,27.756451677849668,27.788230875163876,-0.03177919731420786,0.7114355034935296,0.9165912036958802,0.14786446556774277,,non significant
Q6P730,28.085847187661702,28.06165148794683,28.006528021546586,0.055123466400242904,0.7109978588496286,0.9165912036958802,0.1481317071340753,,non significant
Q5U216,26.127460394890754,26.063641787851505,26.15194603775903,-0.08830424990752306,0.7115906602836358,0.9165912036958802,0.14776976072006642,,non significant
H1UBN0,24.817000029920926,24.6857095609205,24.72883689981775,-0.043127338897249956,0.7098516854779094,0.9165912036958802,0.1488323821360177,,non significant
P29066,27.348123678874284,27.289609542386913,27.33269653612209,-0.04308699373517655,0.710531902318845,0.9165912036958802,0.14841641782097256,,non significant
Q62952,30.146462251947774,30.203409509339185,30.140725140030288,0.0626843693088972,0.7084121091251095,0.9165912036958802,0.14971402387768673,,non significant
O35303,29.88732661175741,29.79650504624775,29.83696729262031,-0.040462246372563015,0.7059378520745074,0.9165912036958802,0.15123353080249624,,non significant
P62755,27.815724985514333,27.677531923628653,27.780777037846956,-0.10324511421830351,0.7127508229489394,0.9166326527256583,0.1470622725776368,,non significant
P0CC09,21.47653027264105,21.37739504656747,21.91866594455966,-0.5412708979921881,0.7160251388074144,0.9197653129645592,0.1450717298518001,2.3297381602595344,non significant
P04897,29.0641407646711,29.04290598600411,29.085854452999882,-0.04294846699577093,0.7181302738551371,0.9213905385018543,0.1437967645538549,,non significant
Q9JJW3,26.10441141646952,26.172412610425027,26.263212724061162,-0.09080011363613494,0.7253139830151683,0.9248505431920029,0.1394739498817107,,non significant
O35964,25.25131616380937,25.228368159925097,25.30349970799962,-0.07513154807452338,0.7234506448981615,0.9248505431920029,0.14059109188360402,,non significant
Q80ZA5,28.69043605634393,28.711612313101437,28.607674523784315,0.10393778931712205,0.725885430891809,0.9248505431920029,0.1391319201510348,,non significant
Q63569,27.17926567735586,27.15849645242247,27.07959990365758,0.07889654876488805,0.7252086582238865,0.9248505431920029,0.13953701952907946,,non significant
Q9Z214,27.064258832557353,26.936156538899127,26.980003417057873,-0.043846878158745994,0.7223326279910267,0.9248505431920029,0.14126276747887703,,non significant
P32851,29.053557839560806,29.061217039990073,28.991484066409487,0.06973297358058517,0.7258581339793663,0.9248505431920029,0.13914825209661408,,non significant
Q9JJL4,27.543393381787347,27.709123197384148,27.82032725060718,-0.11120405322303029,0.7273457002735841,0.9248887820512904,0.13825912416635613,,non significant
P06349,27.911765599226115,28.14226832084898,28.0382822926302,0.103986028218781,0.7276016580768128,0.9248887820512904,0.13810631992632497,,non significant
Q6PEC4,27.60221352165323,27.66400334139234,27.72303764114311,-0.05903429975077046,0.7386752661769361,0.9249545967187882,0.13154644266401364,,non significant
P86252,25.99003038493128,25.97572255119549,25.918722635542803,0.05699991565268547,0.737655849829701,0.9249545967187882,0.13214620915261507,,non significant
Q3KRE0,30.658584719319638,30.68529470376393,30.786364197081568,-0.10106949331763815,0.7327555965580325,0.9249545967187882,0.13504085587145903,,non significant
P58775,26.760888558046794,26.745160087577204,26.68068868345,0.06447140412720387,0.7345112034549452,0.9249545967187882,0.1340015755557486,,non significant
Q9Z269,26.345505959797183,26.190896391634737,26.266431872677572,-0.07553548104283436,0.731257562419751,0.9249545967187882,0.1359296295590828,,non significant
P0DJJ3,26.960620712842765,27.06823672813353,27.11425531351044,-0.046018585376909726,0.7327981712037113,0.9249545967187882,0.13501562317908128,,non significant
P00502,26.343036786675018,26.25619287638588,26.18042872014563,0.07576415624025046,0.7330216595042283,0.9249545967187882,0.134883192529143,,non significant
Q10758,29.131063380256894,29.12047246771495,29.072466819905994,0.04800564780895655,0.7388871939632622,0.9249545967187882,0.13142186035865946,,non significant
Q62703,24.16222195338729,23.924400643345603,24.148320310202084,-0.22391966685648157,0.733898854712983,0.9249545967187882,0.13436379003878227,,non significant
Q64578,29.454226748626514,29.490042751858443,29.44086929703823,0.04917345482021318,0.7394577769574998,0.9249545967187882,0.13108661917606118,,non significant
Q5PPN4,22.70564845382012,22.94631110907604,22.864403295805214,0.08190781327082419,0.7363026374784418,0.9249545967187882,0.13294364385267238,,non significant
P62703,26.940728646950802,27.00018201489095,27.05592216938256,-0.05574015449160896,0.7368601666705819,0.9249545967187882,0.13261492001777156,,non significant
B0BNN3,24.07819614700491,24.01059463187867,24.234020592060418,-0.22342596018174632,0.7314031310436748,0.9249545967187882,0.13584318483461646,,non significant
P97697,28.693955332115873,28.6899677123109,28.642514849388846,0.04745286292205364,0.7325069284349679,0.9249545967187882,0.1351882631692871,,non significant
P04256,26.217947028628615,26.228140161923832,26.156808019998383,0.07133214192544912,0.7410224043209044,0.9258560108656402,0.13016866121655993,,non significant
Q7TPB1,28.026065820062854,28.040539785876632,27.98872544822106,0.05181433765557131,0.7443950269902058,0.9290117686100748,0.12819653688184865,,non significant
Q9JLJ3,28.54533441409875,28.47291467324369,28.523832967844523,-0.05091829460083375,0.7493974071255858,0.9313652010802665,0.12528781387499166,,non significant
P84092,28.99055001538155,28.864155047451458,28.912122354708952,-0.047967307257493985,0.7493574432539218,0.9313652010802665,0.1253109745525886,,non significant
Q5BK56,25.898390641261933,25.862786996772467,25.91639918850549,-0.05361219173302345,0.7480561833187749,0.9313652010802665,0.12606578289890505,,non significant
Q5FVI3,26.992198671802278,26.87062164217915,26.989068335346577,-0.11844669316742795,0.7496768209242255,0.9313652010802665,0.12512591679204335,,non significant
P50503,28.505973231811208,28.558461666206853,28.500690437984648,0.057771228222204485,0.7511360823357729,0.9321224913148675,0.12428137530785537,,non significant
D3ZQD3,28.489135497180502,28.44951911430573,28.485878213800834,-0.03635909949510463,0.7526028431661924,0.9328873660489413,0.12343414534507269,,non significant
P11507,28.388993212306605,28.4004474683737,28.42887499689462,-0.028427528520921896,0.7651489337855724,0.9376681708986299,0.1162540225903717,,non significant
Q9JI66,27.306516363569,27.26397193975188,27.21848354020665,0.04548839954523132,0.762539934663568,0.9376681708986299,0.11773740712888255,,non significant
P00787,24.120078470529695,24.017072538912483,23.945398951080193,0.07167358783229005,0.7644268273257289,0.9376681708986299,0.11666407991754484,,non significant
Q8VD52,27.789909209097953,28.04947952227221,28.117594978473875,-0.0681154562016637,0.7613130205240819,0.9376681708986299,0.11843674252587366,,non significant
Q6IG01,26.732481494525288,26.765662550302313,26.711544264123372,0.05411828617894088,0.7617468516985952,0.9376681708986299,0.11818933204162349,,non significant
Q63170,30.480262574327188,30.506166531399092,30.554747724533346,-0.04858119313425391,0.7619075451146694,0.9376681708986299,0.11809772561921707,,non significant
P62628,26.491904241385043,26.482918103451002,26.420701204913183,0.06221689853781953,0.7661752345497658,0.9376681708986299,0.11567189003527503,,non significant
P97685,28.316531640180035,28.369803021347632,28.327059705818613,0.042743315529019554,0.7667168179544859,0.9376681708986299,0.11536501037788134,,non significant
Q5PPN5,26.007361936598212,26.005051725993596,25.91307792881582,0.09197379717777565,0.7646910775831983,0.9376681708986299,0.11651397713026532,,non significant
Q9R1N3,28.535956550794555,28.56507183888023,28.52220307961306,0.0428687592671686,0.7638724954369427,0.9376681708986299,0.11697912722197605,,non significant
Q6IG00,28.572102698489193,28.471608309172712,28.531299781251253,-0.05969147207854064,0.7643186399982466,0.9376681708986299,0.11672554882838727,,non significant
P05370,27.20117454525585,27.154388162299366,27.19541273397118,-0.041024571671815835,0.7587517608631194,0.9376681708986299,0.11990028803233839,,non significant
Q5M823,22.065390037894122,21.798010640581627,21.978814933973805,-0.1808042933921783,0.771234619984241,0.9385403019591984,0.11281348360385764,,non significant
Q9QXU9,26.525983994151733,26.54507959534872,26.446083652807378,0.09899594254134314,0.7703728209193899,0.9385403019591984,0.11329904770718487,,non significant
B0LPN4,30.955318028396757,30.924537461943114,30.89211164233497,0.03242581960814306,0.7717077049837711,0.9385403019591984,0.11254716358932332,,non significant
P06687,30.315555681126625,30.451625190109965,30.379211677572822,0.07241351253714257,0.7696281678901452,0.9385403019591984,0.11371904578392412,,non significant
Q4KLH4,28.685948039215273,28.716173787487595,28.679101347310105,0.03707244017748934,0.7703256360321583,0.9385403019591984,0.11332564880627449,,non significant
Q8VGC3,30.217782703903865,30.205766570276552,30.17285293778775,0.0329136324888033,0.7776316476818935,0.9406009258804975,0.10922607301243281,,non significant
Q9QUL6,32.15736887244777,32.21975631998482,32.15084445359101,0.06891186639380464,0.7757855517570101,0.9406009258804975,0.11025831296828284,,non significant
Q9JMB5,25.97563025898809,25.931849177964807,25.984827027916396,-0.052977849951588496,0.7743449725926393,0.9406009258804975,0.11106551694512684,,non significant
Q62871,26.944816355877567,26.950664600931592,27.01801759409139,-0.06735299315979759,0.7771593317136527,0.9406009258804975,0.10948993384999871,,non significant
P49803,28.668784434884213,28.60240906452695,28.561247581447816,0.04116148307913292,0.7776891884900741,0.9406009258804975,0.10919393860658255,,non significant
P63159,27.080873673385454,27.10055978549452,27.125125970962824,-0.024566185468302137,0.7820852855717684,0.9407319717897258,0.10674588500460622,,non significant
P62494,23.990858820474042,23.96725652934988,23.876075579046873,0.09118095030300566,0.781013952560275,0.9407319717897258,0.10734120752371142,,non significant
Q3KR86,28.45537015859919,28.500451704043453,28.471010260214495,0.02944144382895786,0.7806003760294917,0.9407319717897258,0.10757124384711708,,non significant
O35509,27.387777592777468,27.43189346615608,27.40964820348135,0.022245262674729815,0.7819251488969596,0.9407319717897258,0.1068348185218387,,non significant
P07153,27.34787968138156,27.31895790606491,27.352649928014372,-0.03369202194946297,0.7809681249175269,0.9407319717897258,0.10736669141710149,,non significant
P35213,28.92822434579629,29.120757256313638,29.072621247223264,0.04813600909037419,0.7852807558842096,0.9425087409244836,0.10497504525199672,,non significant
Q9JKE3,24.258526551216278,24.496671772274613,24.39271463350538,0.10395713876923196,0.785004368620279,0.9425087409244836,0.10512792635996852,,non significant
P38652,27.138189238513828,26.996878608119346,27.05016744405579,-0.05328883593644562,0.7874282014074651,0.9429651023606066,0.10378903519435671,,non significant
Q641Z6,28.104282808849902,28.03578511086219,27.99489461512377,0.040890495738420185,0.7874193301739296,0.9429651023606066,0.103793928020735,,non significant
Q66HA6,27.512240645198453,27.59382307741672,27.538522271390278,0.05530080602644105,0.7883922657258946,0.9429651023606066,0.10325764488097773,,non significant
Q812D1,28.589226454375353,28.575501838794853,28.54965067748871,0.025851161306142956,0.7890993290492587,0.9429651023606066,0.1028683258871091,,non significant
P19490,28.622270857834586,28.52096430933327,28.54512361087568,-0.024159301542411526,0.7905651792950396,0.9436887940007164,0.10206231821598247,,non significant
P29266,27.38707197600233,27.373142588707008,27.32273668011401,0.05040590859299954,0.7914578472221969,0.9437274547855978,0.1015722105632083,,non significant
P31643,23.977616796771063,23.982611350028304,24.068161942168302,-0.08555059213999883,0.7995045084104886,0.9451039285843815,0.097179082921778,,non significant
P11762,24.56234084526603,24.64718536846657,24.509355209979418,0.13783015848715152,0.7936853906771648,0.9451039285843815,0.10035161365516194,,non significant
O55096,29.14736922442974,29.23441748768897,29.189684609024965,0.04473287866400355,0.798346582448725,0.9451039285843815,0.09780852949105308,,non significant
P29418,29.503799510930968,29.523744259976166,29.493111358200505,0.030632901775661026,0.7982627018512682,0.9451039285843815,0.09785416229678202,,non significant
Q01062,27.49381853537299,27.518968673702847,27.488893698528827,0.03007497517402058,0.796929747945862,0.9451039285843815,0.09857996144478898,,non significant
B2RYG6,26.42775265902515,26.521640686875887,26.494545353211493,0.02709533366439487,0.7960970698084279,0.9451039285843815,0.0990339745840445,,non significant
P45479,24.58199388816557,24.58216088164778,24.54744892791379,0.034711953733989276,0.7991771296851435,0.9451039285843815,0.09735695295231975,,non significant
Q5FVI4,23.094668719369,22.97723792100879,23.126096867598438,-0.14885894658964816,0.7966391610007398,0.9451039285843815,0.09873834845581807,,non significant
O88377,27.182581534339608,27.125078108442324,27.168636103121695,-0.0435579946793716,0.8024602424422499,0.9458917743365032,0.09557647532890742,,non significant
P62853,25.3048257660397,25.198395391917014,25.240391259233032,-0.04199586731601812,0.801730711772063,0.9458917743365032,0.09597147963366362,,non significant
A8WCF8,25.423450908543355,25.3558085430785,25.415924470215447,-0.060115927136948244,0.8040516297919786,0.9458917743365032,0.09471606342338398,,non significant
P15205,32.59081961174505,32.71551435480174,32.77605269317293,-0.06053833837118816,0.8056647266134084,0.9458917743365032,0.09384565009865557,,non significant
Q64428,28.492134515795474,28.52453600691423,28.444529798508388,0.08000620840584105,0.8057814433584775,0.9458917743365032,0.09378273836215154,,non significant
P33124,27.730424841512633,27.76364295535294,27.729254188564983,0.03438876678795566,0.8028968742638777,0.9458917743365032,0.09534023282129478,,non significant
P31977,29.941740433029384,29.92679565015577,29.902572150625115,0.024223499530656056,0.8062067538784234,0.9458917743365032,0.09355356792962528,,non significant
P54708,28.726974598067894,28.799886639720487,28.772849682903082,0.0270369568174047,0.8076605579527701,0.9465850770023385,0.0927711253416729,,non significant
P11506,29.654057675614514,29.680810433243533,29.642432368966336,0.0383780642771967,0.8129607653624166,0.9517801062994354,0.08993041356677785,,non significant
Q5XI72,28.57277370316232,28.53259257788497,28.482481151082094,0.05011142680287506,0.8156157364525367,0.9535523739755482,0.08851440355528664,,non significant
P11517,26.449636227010114,26.807212200045132,26.883593938718104,-0.07638173867297127,0.8162130165570098,0.9535523739755482,0.08819648359630981,,non significant
P14480,27.739869267043574,27.644325567759864,27.68042141557179,-0.0360958478119251,0.8180820793016749,0.9543700818973985,0.08720312077916546,,non significant
Q812E9,29.120318308480023,29.20313783119209,29.171811335762232,0.03132649542985888,0.8268334879406634,0.9543700818973985,0.0825819421399144,,non significant
Q568Z9,25.23225197026833,25.240205468753274,25.20218345942875,0.03802200932452493,0.8290926964888065,0.9543700818973985,0.08139691055587492,,non significant
Q5I0D1,27.417680858410286,27.42660197687708,27.444816706335974,-0.018214729458893686,0.8263904029203385,0.9543700818973985,0.08281473503023286,,non significant
P01048,26.40865307926259,26.415265903319078,26.356126659813185,0.059139243505892836,0.8281748012815714,0.9543700818973985,0.08187798782887533,,non significant
P62142,27.051052780214967,27.07926348296598,27.129382518170683,-0.050119035204701845,0.8283600730404046,0.9543700818973985,0.08178084227028007,,non significant
Q5M9I5,25.92250273912764,25.87363128319406,25.911259540050875,-0.037628256856812925,0.8264824551617145,0.9543700818973985,0.08276636133915037,,non significant
A7VJC2,26.969472993328647,26.867030517361144,26.83579663522475,0.031233882136394442,0.8243066956858397,0.9543700818973985,0.08391117245084713,,non significant
Q05683,28.029140552477017,27.905475017802853,27.959089182302943,-0.0536141645000896,0.821283424092306,0.9543700818973985,0.0855069424203302,,non significant
O35814,27.844246433581738,27.767015606722637,27.736737835177404,0.030277771545232923,0.8236912219103563,0.9543700818973985,0.08423556227442877,,non significant
Q3MIE4,29.185018227695302,29.170361755828143,29.09171740352306,0.07864435230508349,0.8230443033866625,0.9543700818973985,0.08457678666075971,,non significant
Q9WVK7,25.454832439837944,25.396014924386808,25.347772939857546,0.04824198452926254,0.8208652220487394,0.9543700818973985,0.08572814388609873,,non significant
P55068,27.806318653179922,27.867750227838396,27.84496150588791,0.0227887219504872,0.8243221777615095,0.9543700818973985,0.08390301563624768,,non significant
P46418,24.28704683890324,24.15022074729622,24.271831836604306,-0.12161108930808595,0.8212975418746571,0.9543700818973985,0.08549947700450114,,non significant
Q9QYJ4,29.13929881204365,29.242069780304575,29.29209632980661,-0.05002654950203578,0.8303168336609089,0.9547773234025336,0.08075615719666485,,non significant
Q9ESM2,26.268887756417822,26.41597027036777,26.33323819172121,0.08273207864655774,0.8321969242118662,0.9553628154452966,0.0797738936864055,,non significant
Q07009,26.62585724554816,26.56786748307771,26.539217295273286,0.02865018780442341,0.8333477640783036,0.9553628154452966,0.07917372548124867,,non significant
Q68FQ0,28.389547653301133,28.321822714192592,28.272432308722674,0.04939040546991791,0.8334386639755231,0.9553628154452966,0.07912635609649402,,non significant
Q9WU34,29.23469756616308,29.32229490555569,29.292667338446638,0.029627567109052677,0.8460974588048917,0.9568751673288312,0.07257960932101527,,non significant
P47709,29.37133594822756,29.330082579704,29.3133622592042,0.016720320499800323,0.8438967082328209,0.9568751673288312,0.07371070715365988,,non significant
P14604,27.009049880054057,27.152046403678288,27.10402128652746,0.04802511715082858,0.8443098934492198,0.9568751673288312,0.0734981217237839,,non significant
P00507,29.699972449431108,29.752584700710262,29.73163198664427,0.02095271406599153,0.8388977031344061,0.9568751673288312,0.07629099468129949,,non significant
P52873,28.81539562998337,28.7747820898299,28.754504368555427,0.02027772127447136,0.8409451094672895,0.9568751673288312,0.07523235073413477,,non significant
Q63610,27.582275899598176,27.643426312565893,27.61141436450104,0.03201194806485219,0.8426602421387044,0.9568751673288312,0.07434749620228849,,non significant
Q5GFD9,27.189289035822853,27.105725808037196,27.049784876166736,0.055940931870459565,0.8439082954912867,0.9568751673288312,0.07370474404488721,,non significant
Q9Z0W7,27.0785345848697,26.854337795268975,26.781183471361786,0.07315432390718968,0.8389521241169828,0.9568751673288312,0.0762628220378874,,non significant
P70618,25.31597976495528,25.509873024566712,25.45521886890222,0.05465415566449039,0.8452515555047119,0.9568751673288312,0.07301402133534769,,non significant
P07171,27.756008128312843,27.681305087948388,27.656530561531074,0.024774526417314036,0.8388443159621269,0.9568751673288312,0.07631863391792729,,non significant
P97874,29.66348118098009,29.621668048426116,29.662873447390094,-0.04120539896397801,0.845305174197899,0.9568751673288312,0.07298647265605561,,non significant
P07632,29.508962410589405,29.614941194188717,29.588098680511845,0.02684251367687196,0.8424676085157372,0.9568751673288312,0.07444678803918454,,non significant
Q920H8,26.967395995210953,26.840687556858843,26.867969803605373,-0.027282246746530348,0.8360714591750501,0.9568751673288312,0.07775660174864725,,non significant
P06686,31.277304950848603,31.342461472120863,31.30755580630073,0.034905665820133436,0.8500406050439773,0.9583705485439291,0.07056032825589151,,non significant
P50279,25.70027406459595,26.065450572998717,25.96413296708633,0.10131760591238859,0.8492063795185939,0.9583705485439291,0.07098675193030199,,non significant
B2RYW9,26.70692373464886,26.662217951040105,26.624656436369733,0.037561514670372276,0.8488658744621473,0.9583705485439291,0.07116092528330308,,non significant
Q5XIT1,27.306542666404713,27.168242119581418,27.11421467810136,0.054027441480059224,0.8530625077840366,0.960750332224247,0.06901914492734879,,non significant
P17475,26.2452549486593,26.091859611007237,26.149251170253024,-0.05739155924578654,0.8539029844290253,0.960750332224247,0.06859146856218477,,non significant
P62994,25.710441955327767,25.76652432014271,25.804046697419256,-0.03752237727654517,0.854884104597146,0.9608687118269151,0.06809275795668265,,non significant
Q6MGD0,22.89736664872952,22.896598171529746,22.8646820276584,0.03191614387134578,0.8571938906566914,0.9624787083422625,0.06692093289799012,,non significant
P46462,29.632432246165543,29.68092802018208,29.64625423331772,0.03467378686436007,0.8629333164080054,0.9652750687747288,0.06402276330561216,,non significant
Q9JLZ1,27.02738290172163,26.991741393643437,27.017476844586003,-0.02573545094256602,0.8702549844206302,0.9652750687747288,0.06035348059733566,,non significant
P39052,28.10376753748968,27.97540979171639,28.00663171822842,-0.031221926512028375,0.8704149624000056,0.9652750687747288,0.060273652076148994,,non significant
P19024,26.983310919246584,26.83945871857847,26.787670088206415,0.05178863037205517,0.870220627041343,0.9652750687747288,0.06037062673847178,,non significant
Q7M767,26.95112141065692,26.938998272109668,26.96495261791453,-0.025954345804862555,0.8695035540329821,0.9652750687747288,0.060728638510310545,,non significant
Q99ML5,27.863059608353012,27.847230479989108,27.780461324037702,0.06676915595140542,0.8711233528596003,0.9652750687747288,0.05992034364542816,,non significant
Q9Z2G8,26.545555268759927,26.515025482210845,26.495813945246017,0.01921153696482847,0.8613365824153514,0.9652750687747288,0.06482710717401882,,non significant
P61150,27.81681728029457,27.661394810340763,27.69405014720394,-0.03265533686317568,0.8681494294940972,0.9652750687747288,0.06140551581512115,,non significant
P49432,27.886043393177697,27.956298924020683,27.93560039448735,0.020698529533333954,0.8682329515685304,0.9652750687747288,0.06136373564450087,,non significant
P02401,26.245917516310417,26.06628827562046,26.15152397830022,-0.085235702679757,0.867734618608864,0.9652750687747288,0.06161307585591546,,non significant
Q5XI78,29.074515282700578,29.014410628108788,28.993640165886372,0.02077046222241563,0.8683239338017761,0.9652750687747288,0.06131822825891638,,non significant
Q9WU82,28.079907399476326,28.1384558424293,28.10504540846669,0.03341043396260801,0.8689859370095995,0.9652750687747288,0.060987251777511985,,non significant
Q64598,25.06535880654021,25.05781771879639,25.027844299009516,0.029973419786873734,0.8677211005085598,0.9652750687747288,0.061619841613524136,,non significant
Q9ESW0,27.869272381341954,27.907177799787664,27.9326748579111,-0.025497058123434613,0.8727763195824442,0.966130799779961,0.059097045662370756,,non significant
B2GV54,25.663151240501286,25.770631690459037,25.80298504010182,-0.0323533496427828,0.873773664583526,0.9662597883549677,0.058601049004352895,,non significant
P35280,25.69671654950458,25.599123232944176,25.62575237531442,-0.026629142370243386,0.8758133682452158,0.9665666649547302,0.057588430106646445,,non significant
P69682,26.52856621619734,26.597114964121925,26.579155781102653,0.017959183019272018,0.8755593606321682,0.9665666649547302,0.057714404553618884,,non significant
P48004,26.224700698039737,26.16848102529639,26.18956715109552,-0.021086125799129718,0.8783405650129389,0.9683815073559738,0.05633705946071554,,non significant
Q63092,26.844361890728795,26.614615245846792,26.668025230661566,-0.05340998481477399,0.880616756864794,0.969916247269758,0.0552130548012327,,non significant
P40112,26.20949189155251,26.249819830273836,26.2310333115765,0.018786518697336163,0.8864898485436651,0.9734528166690697,0.052326233268604534,,non significant
P11030,26.197848859128623,26.254552682894964,26.22601822237206,0.028534460522905647,0.8848539507168125,0.9734528166690697,0.0531284057225849,,non significant
P20717,28.461194837008044,28.582161546954126,28.564749693386787,0.017411853567338653,0.885823741325869,0.9734528166690697,0.052652684190517524,,non significant
P52481,26.94689238958927,26.87673928729102,26.919498011859073,-0.04275872456805274,0.887569482417621,0.9736637222121302,0.05179763866792166,,non significant
Q9QUH6,29.685013861096852,29.717826249275134,29.672420330105993,0.045405919169141384,0.8886492052755459,0.9738743038833905,0.0512696431680568,,non significant
P04644,25.376203658841415,25.41849441784984,25.488625420242712,-0.0701310023928734,0.8927479104457637,0.9750531853577947,0.04927115763804964,,non significant
P16638,28.619482123425186,28.633984950399633,28.620637651002042,0.013347299397590717,0.8932802655283352,0.9750531853577947,0.04901226039921444,,non significant
P29117,25.655010511375465,25.68832893441166,25.660393785751477,0.027935148660183984,0.8912338303492999,0.9750531853577947,0.050008336471103615,,non significant
P97710,27.955279181121455,27.950328250118314,27.959913404115323,-0.009585153997008433,0.8929347061226021,0.9750531853577947,0.04918029677482851,,non significant
Q6P7B0,26.950761770236735,26.87774232470019,26.912088155079307,-0.03434583037911665,0.8963985847022211,0.9765136518553491,0.04749883783142179,,non significant
Q9JK11,26.864538517147327,26.887080772503168,26.909505609571127,-0.022424837067958947,0.8962957866726202,0.9765136518553491,0.04754864511343036,,non significant
Q9ERB4,30.324366743678997,30.26383958719467,30.22742740471104,0.03641218248363032,0.8980427123314718,0.9773341819718497,0.046703007109162004,,non significant
P53812,30.90377898242456,30.797197034545352,30.770124964042996,0.027072070502356382,0.9018043828273998,0.9775488220964996,0.0448876583251574,,non significant
Q9EQT5,27.117986383760584,27.005037735886518,27.032004547371667,-0.026966811485149123,0.8995478552616427,0.9775488220964996,0.04597572756776343,,non significant
Q9WTY9,23.960223139963443,23.912900297223178,23.867484429664007,0.045415867559171375,0.9009607567406759,0.9775488220964996,0.0452941252275362,,non significant
Q63210,27.675535336499912,27.59258851910735,27.557757306949444,0.03483121215790419,0.9017831964207396,0.9775488220964996,0.04489786147759668,,non significant
P12711,27.72568175925518,27.74986051524276,27.733891630923797,0.01596888431896204,0.903631993823668,0.9785629785040116,0.04400840093107499,,non significant
O08651,26.952451838727814,26.954843539413286,26.94121196875436,0.013631570658926506,0.9148447361759507,0.9797128554092387,0.038652606418464484,,non significant
Q641Y2,27.820012805865463,27.911538737290087,27.92840860749676,-0.016869870206672744,0.9224365789371529,0.9797128554092387,0.035063483558568344,,non significant
P63329,28.188732332859463,28.336268495562354,28.296334320403957,0.03993417515839681,0.9067354616644271,0.9797128554092387,0.04251939904450395,,non significant
P24050,27.1491644762386,27.10043915135164,27.086481092548073,0.013958058803567042,0.9277451553811917,0.9797128554092387,0.032571304827962694,,non significant
P68182,27.656758648551353,27.72497199411229,27.715271955601626,0.009700038510665365,0.9253668288014733,0.9797128554092387,0.033686072511374655,,non significant
P19643,24.24484894721733,24.123856529503332,24.140579525887574,-0.01672299638424235,0.9160336354177407,0.9797128554092387,0.03808857938004071,,non significant
Q9JKS6,31.474391702761135,31.53470850990932,31.523777438079396,0.0109310718299227,0.9293725728533292,0.9797128554092387,0.03181014833467786,,non significant
A0A096MJN4,27.299219150604408,27.249451744227567,27.287566805689128,-0.03811506146156063,0.9199885050227505,0.9797128554092387,0.03621759899833273,,non significant
P04177,27.519007085263258,27.542979697308272,27.557314293440914,-0.014334596132641764,0.9078268489086178,0.9797128554092387,0.04199697717762725,,non significant
P85969,26.790030211178035,26.930419500553707,26.911151782020866,0.01926771853284137,0.9292786790359192,0.9797128554092387,0.031854026998606046,,non significant
Q9EPC6,26.371330070992016,26.417131522007708,26.40083018619063,0.016301335817079377,0.9256442620236782,0.9797128554092387,0.03355588666970173,,non significant
P46844,27.35964658014415,27.312027415390393,27.33078460193695,-0.018757186546558557,0.9285607171507386,0.9797128554092387,0.032189693150495066,,non significant
Q62718,25.156891046945297,25.034733567575866,25.070768041298976,-0.03603447372310953,0.9113883836524179,0.9797128554092387,0.04029651113628376,,non significant
Q5RJL0,26.031904514282058,26.257315960416566,26.226777924246942,0.030538036169623695,0.9257049081811541,0.9797128554092387,0.03352743359129413,,non significant
P20689,28.155162796423852,28.103987957804723,28.092526582581957,0.011461375222765469,0.9255132389082583,0.9797128554092387,0.03361736454621414,,non significant
Q9Z0V5,23.898066895150237,23.864133074452155,23.89714381404299,-0.03301073959083567,0.9177668439769318,0.9797128554092387,0.0372676360485954,,non significant
P63029,26.710023887873326,26.659474410338763,26.66962570801719,-0.010151297678426374,0.9297001663455037,0.9797128554092387,0.031657091335420606,,non significant
P36877,25.599688044925873,25.593700985917906,25.617047469580978,-0.023346483663072348,0.9263696006726114,0.9797128554092387,0.03321570499482962,,non significant
P50137,28.453401435259654,28.462613955039647,28.453724314687292,0.008889640352354178,0.9257184423316618,0.9797128554092387,0.03352108409064513,,non significant
P35281,25.736402956895635,25.778684365761308,25.75589769891623,0.022786666845078685,0.91470051739135,0.9797128554092387,0.038721075260485724,,non significant
P21708,28.011459319660744,27.98023762751156,27.9950063837189,-0.01476875620733864,0.914423062069998,0.9797128554092387,0.03885282941566156,,non significant
Q3KRE8,26.170087084814806,26.300167586924086,26.318233309445347,-0.018065722521260597,0.9283646439500352,0.9797128554092387,0.03228140767086827,,non significant
P11884,26.262795537136437,26.120349247638174,26.14124790966845,-0.020898662030276682,0.9168567856216193,0.9797128554092387,0.037698496469188505,,non significant
Q9Z270,27.357062521025966,27.34351784390327,27.382508632816137,-0.03899078891286578,0.9193834788995041,0.9797128554092387,0.036503304683214804,,non significant
Q00729,31.686816851572836,31.75554979754836,31.788881208685904,-0.033331411137545786,0.9286403696892059,0.9797128554092387,0.032152440686890264,,non significant
P09330,27.98410593609435,27.911313962375292,27.888199207493653,0.0231147548816395,0.925291066391494,0.9797128554092387,0.033721630889499,,non significant
P26770,27.754776309245962,27.271911738772662,27.22734217858213,0.044569560190531377,0.9079643281430576,0.9797128554092387,0.041931213587890516,,non significant
P20651,27.368271079198472,27.385930066362693,27.37422148485632,0.01170858150637244,0.9223874218145219,0.9797128554092387,0.03508662795294009,,non significant
P63245,30.145929868977007,30.225716815517696,30.24216730929848,-0.016450493780784115,0.9322829856913459,0.980550752927523,0.03045224164828514,,non significant
P63326,28.005435960956913,27.990304001670825,28.004788944175033,-0.01448494250420751,0.9321707059045725,0.980550752927523,0.0305045491870604,,non significant
P56932,26.076188049058285,25.996698547649924,25.97803047168829,0.01866807596163511,0.9347268229294046,0.9821794298405717,0.02931529461306584,,non significant
P09495,27.575454781938593,27.49441173122567,27.51154791191058,-0.017136180684907742,0.9375811176702198,0.9842358718509387,0.02799114767219297,,non significant
Q02563,28.215128311384884,28.161197807316682,28.17593306239601,-0.014735255079326492,0.9399499894155492,0.9853479453496397,0.02689525267545882,,non significant
Q566C7,28.207735979460477,28.43041641884794,28.451310240847235,-0.02089382199929446,0.9404369177584985,0.9853479453496397,0.026670330563583727,,non significant
Q63150,26.675609009975144,26.620824031628796,26.63690977579384,-0.016085744165042826,0.9419340001320415,0.9859748073901237,0.025979526488053302,,non significant
Q04400,28.28380112669444,28.208137222316424,28.218326803245557,-0.010189580929132802,0.9461658292774224,0.9866387022027876,0.02403274052358808,,non significant
Q5I0P2,22.518963851321462,22.40291610885225,22.42502359978508,-0.022107490932832263,0.9446775066690121,0.9866387022027876,0.02471642532954192,,non significant
P49621,29.91070943622575,29.968977843680026,29.956960928762072,0.01201691491795387,0.946144097162023,0.9866387022027876,0.024042715779402805,,non significant
P14046,25.050050389396457,25.053152243801495,25.03611045076791,0.01704179303358444,0.9460307741901055,0.9866387022027876,0.0240947358565961,,non significant
Q04970,27.372984242796306,27.37750294527514,27.345648658839725,0.03185428643541499,0.9484825350812004,0.9871777428691432,0.02297066159945539,,non significant
P14659,26.950239183817008,26.89790280959839,26.88667886741618,0.011223942182208901,0.9476817651326787,0.9871777428691432,0.023337475794356317,,non significant
Q6AYH5,28.31355574405518,28.27957374336047,28.296813527265257,-0.017239783904788197,0.9503579625836741,0.9881921184400858,0.022112782192124703,,non significant
Q71LX6,31.785453086482157,31.812181300266044,31.8259720335478,-0.013790733281755507,0.9520939885978843,0.9883871386662673,0.021320176915326443,,non significant
P31647,26.74983284319058,26.86086715647578,26.87732354456902,-0.016456388093239127,0.9523474982408793,0.9883871386662673,0.02120455473373342,,non significant
O70511,29.399220886982203,29.398261625813706,29.38868035550671,0.009581270306995293,0.9592679866079692,0.9913378425962919,0.018060048880905146,,non significant
Q9EPH8,28.510742410336352,28.48687037716951,28.49201407511383,-0.00514369794431957,0.9587621656713003,0.9913378425962919,0.018289112273321577,,non significant
Q641Y8,28.120807824887258,28.131973845782955,28.125645714657296,0.006328131125659553,0.9606126952414387,0.9913378425962919,0.017451678120884797,,non significant
F1LTE0,29.05792999715336,29.094428515166157,29.103750150228976,-0.009321635062818245,0.9566616424580869,0.9913378425962919,0.019241638813327036,,non significant
O35077,27.567736693234338,27.620056644980735,27.625451328982777,-0.005394684002041572,0.9602031137758801,0.9913378425962919,0.01763689002120635,,non significant
Q9JID2,25.941145570496456,25.988563593868605,25.993850215818238,-0.00528662194963303,0.9605472065337562,0.9913378425962919,0.017481286675964654,,non significant
P06302,22.221279270100798,22.68349032978557,22.71443093333583,-0.030940603550259738,0.9631063077912847,0.992044713283605,0.01632577275191323,,non significant
P52555,25.674581691569035,25.830491758273055,25.84100949220642,-0.010517733933365747,0.962640032222116,0.992044713283605,0.016536081769758317,,non significant
Q9Z0W5,28.719385711699953,28.781005119691287,28.777411553848935,0.003593565842351154,0.9652267179427049,0.9932961628359731,0.01537066511541877,,non significant
A0JPJ7,27.66432860684893,27.739288628698564,27.74866575259423,-0.009377123895667694,0.9676173185185108,0.9938915715494443,0.014296367191395263,,non significant
P21396,28.17355302018716,28.23183204375994,28.226834188040133,0.004997855719807376,0.9668938844598571,0.9938915715494443,0.014621186643313053,,non significant
Q9ERH3,29.541286287305354,29.512274137695204,29.504390850097693,0.007883287597511668,0.9690820008249751,0.9944648783021494,0.01363947269222358,,non significant
P30835,27.96023549679046,27.912364061532127,27.906631233609886,0.005732827922241057,0.9755046670982805,0.9962622051033956,0.010770648473275423,,non significant
P26769,28.683392277514994,28.74939716757558,28.769957331647316,-0.020560164071735443,0.9729971934953281,0.9962622051033956,0.011888412405081041,,non significant
P20070,27.073380943302187,27.072503169464095,27.089379606996573,-0.016876437532477695,0.9762278018920412,0.9962622051033956,0.010448828275104786,,non significant
P26284,28.609503834062405,28.5665414636845,28.56242247858017,0.004118985104330619,0.9754426732013792,0.9962622051033956,0.010798249020751856,,non significant
P54290,27.571066690053026,27.58693777897477,27.58322110381205,0.003716675162721117,0.97628247081691,0.9962622051033956,0.010424508390349068,,non significant
P17659,29.78830737742663,29.853426793025466,29.84696698719982,0.006459805825645759,0.9724943436542208,0.9962622051033956,0.012112915993929286,,non significant
O35567,27.1298539847716,27.149997743,27.145117744617888,0.00487999838211195,0.9774742467854467,0.9965513463974303,0.009894676005044428,,non significant
Q5U300,29.257271485695718,29.201770136176478,29.204454889509094,-0.0026847533326161965,0.9796125614017712,0.997257950741583,0.008945654628889882,,non significant
P50475,27.402418575694227,27.355780200883615,27.35250171430134,0.003278486582274809,0.9823869001506246,0.997257950741583,0.007717437357456828,,non significant
Q03114,27.09607988559402,27.054897672113743,27.05184177039342,0.0030559017203231065,0.980677957473386,0.997257950741583,0.008473586151237637,,non significant
Q9Z327,29.255542673139402,29.162753958440547,29.16698269390416,-0.00422873546361302,0.9841060644671566,0.997257950741583,0.0069580918832575014,,non significant
P32551,28.22376605996147,28.257508693895762,28.258922525578402,-0.0014138316826404207,0.9852805621698273,0.997257950741583,0.006440084982173374,,non significant
B0BND0,27.861345449059552,27.921922477990957,27.918675109484422,0.0032473685065355085,0.9854399440327037,0.997257950741583,0.006369837919238003,,non significant
Q01066,27.719596913586084,27.32097962553981,27.327144107389547,-0.006164481849737058,0.9848841132940584,0.997257950741583,0.006614867896080331,,non significant
D4ACE5,28.60522293303664,28.544093441609405,28.541823249817597,0.002270191791808429,0.9832802558169789,0.997257950741583,0.0073226813461866515,,non significant
P15791,23.892723100267215,23.72581815409126,23.721966284713748,0.0038518693775131396,0.9865794129895475,0.9974908903682338,0.005867951227741449,,non significant
P85515,27.073771408764728,27.047105168193387,27.048689540990978,-0.0015843727975912714,0.9885158662020239,0.9975139391352135,0.005016355638433796,,non significant
P63045,26.31979837309065,26.193026158841302,26.188092361506772,0.004933797334530254,0.9893301420046603,0.9975139391352135,0.00465875903450725,,non significant
P16409,24.846723226868168,24.897174233658102,24.8903917300719,0.0067825035862014715,0.9878596635628076,0.9975139391352135,0.005304747385247315,,non significant
Q63598,28.140660897929468,28.13585814806059,28.138946869497744,-0.0030887214371553284,0.9922677060095542,0.9978693808864222,0.0033711428076583995,,non significant
Q5U206,27.09030947596252,27.1137408375598,27.10967167903463,0.004069158525169314,0.9933212068623272,0.9978693808864222,0.0029102924805776307,,non significant
G3V7W1,23.58795467254636,23.96403699313748,23.969332483938217,-0.005295490800737213,0.9923541477594005,0.9978693808864222,0.0033333107391293236,,non significant
P24368,27.52278136536768,27.42870412833835,27.42667075366323,0.002033374675118438,0.9925270090337902,0.9978693808864222,0.003257666212468271,,non significant
D3ZHV2,32.51856346389515,32.55819814976845,32.55776287042509,0.000435279343363959,0.9984807442561625,0.9988672380655423,0.0006603061001691663,,non significant
P48679,29.797872996523758,29.821034938914504,29.820454388951816,0.0005805499626880817,0.9955297261430909,0.9988672380655423,0.0019457675731177635,,non significant
Q63666,23.6640457184558,23.794389991731276,23.79370728073627,0.0006827109950044985,0.9987179789466815,0.9988672380655423,0.0005571318728917236,,non significant
P40241,26.502960173905674,26.683347007770408,26.684787029231885,-0.0014400214614767037,0.996514546828364,0.9988672380655423,0.0015163572131913529,,non significant
P20786,27.38607850058366,27.419890878115638,27.420035943844127,-0.00014506572848915766,0.9988672380655423,0.9988672380655423,0.0004922311004354567,,non significant
