protein_id,mean_intensity,mean_treatment,mean_control,log2FoldChange,pvalue,padj,-log10(pvalue),s0_corrected_-log10(pvalue),regulation
Q03626,27.45260001354469,28.056187448390162,26.771856190203362,1.2843312581867998,1.3895562899197633e-05,0.008783347849129859,4.857123855575073,1.620401115636106,upregulated
P19627,25.024743193919697,25.48897992798868,24.88651703015229,0.6024628978363893,1.6013396260947782e-05,0.008783347849129859,4.7955165493446215,2.1709518188907833,upregulated
Q499N5,28.008833291377265,28.247642665364154,27.615207790535354,0.6324348748287996,5.7193200268987916e-05,0.020913646898359912,4.242655601647483,2.1098163368671607,upregulated
D3ZFD0,31.579578128973555,31.797119313997708,31.354095650401334,0.44302366359637446,0.0002706390966980125,0.032987898786413304,3.5676094647461007,2.758196407614167,upregulated
Q91Y81,27.701512423277546,28.1160070045688,27.356124888881386,0.7598821156874145,0.000254724682995562,0.032987898786413304,3.593928969565713,1.9236602948821657,upregulated
Q6DGG1,25.2715291667103,25.875157200452037,24.554753803469833,1.3204033969822042,0.00021394851135754517,0.032987898786413304,3.6696907309676288,1.6100342187421532,upregulated
O35814,27.844246433581738,28.105156837562557,27.736737835177404,0.3684190023851528,0.00015300725986137223,0.032987898786413304,3.815287962365848,3.4517818997706775,upregulated
P13086,29.5425206890605,30.14524119754525,28.860655715299156,1.2845854822460936,0.00019514267519554217,0.032987898786413304,3.7096477455964605,1.6203256246377293,upregulated
P16446,29.30766753802459,29.97816860228377,28.6010599883584,1.377108613925369,0.00015407025810717273,0.032987898786413304,3.8122811898772127,1.5950298754106746,upregulated
Q63377,27.558564442864416,28.03651938626733,27.425302252926524,0.611217133340805,0.000320630407590637,0.035173155712692875,3.4939952928907916,2.152160751500434,upregulated
P07943,27.494568352826562,27.93847037380149,27.270237499670134,0.6682328741313555,0.0005222159020714149,0.04773923704769518,3.2821499075480904,2.047177905165804,upregulated
P20059,25.04600772738995,25.243187272307665,24.84056119784449,0.4026260744631749,0.0004908421820479837,0.04773923704769518,3.3090581218955557,3.0633803478511754,upregulated
Q5XHZ0,27.55852090043415,28.172673408207686,26.99014125938795,1.1825321488197353,0.0006082561348316283,0.05132745999309972,3.2159135021092897,1.653791914340246,upregulated
Q64541,30.746287638654728,31.03536687173114,30.647398669826174,0.3879682019049646,0.0006740269086664341,0.05281482277193416,3.1713227651084885,3.2100912094149714,non significant
P48675,27.071502464135733,27.491601341556855,26.855610221128014,0.6359911204288409,0.0007265036250747862,0.05313163178046936,3.138762214337676,2.1031277014377645,upregulated
P09216,27.099681157084422,27.36208365348152,26.869013846036847,0.4930698074446731,0.0010047495774006933,0.06888814290053503,2.9979421678008547,2.502750020638544,upregulated
P62909,29.13297525304946,29.38947900709702,29.044409562174362,0.34506944492265745,0.001080456579090521,0.06927279430999893,2.9663926816639408,3.8463544123688513,non significant
P97829,26.1452079465593,26.583407624944915,25.856010754869843,0.7273968700750721,0.0011366547835733644,0.06927279430999893,2.944371416010589,1.9624822212353397,upregulated
Q05764,27.745964987268092,28.068661433399132,27.491636857186197,0.5770245762129349,0.0013391647794556445,0.07731914542436011,2.873165981311096,2.230589245887052,upregulated
O70127,28.190387425846627,28.562150307039833,28.09976319375532,0.4623871132845139,0.001596413034764671,0.08339357614937352,2.7968547348448807,2.6472582112864296,upregulated
P04182,28.470326187838157,28.80372553063518,28.30774475128194,0.49598077935323914,0.0015259825655458798,0.08339357614937352,2.816450428196651,2.4906529257569026,upregulated
Q08877,27.51014508872659,27.802162399556014,27.025494758969984,0.7766676405860302,0.001838783326825921,0.08897871944439883,2.7354694428705684,1.9053294839545865,upregulated
P27952,28.2606969277284,28.51092867716888,28.057873055748853,0.4530556214200274,0.0018655520029363475,0.08897871944439883,2.729192640338768,2.6984875782273883,upregulated
P18163,27.63226437767077,28.05011258442126,27.385372957555763,0.6647396268654973,0.002054554594401636,0.0901538556023438,2.6872823140115747,2.0528604434881905,upregulated
P60522,25.424834282819933,25.657924434596023,25.161847089891808,0.49607734470421505,0.001982794044857517,0.0901538556023438,2.702722394129103,2.4902558438409885,upregulated
P35332,26.62426377500409,26.921803319346285,26.60753954740785,0.31426377193843535,0.0022318849638308423,0.09068065945638644,2.651328193632745,4.7352266383033275,non significant
P60881,27.256774995114807,27.493865387863035,26.90179955851684,0.5920658293461969,0.002226593962520365,0.09068065945638644,2.6523589728691386,2.1943764028893162,upregulated
P70627,27.9345307339834,28.185302953172453,27.707447625366346,0.4778553278061075,0.002441137663454388,0.09386012354330257,2.612407728656226,2.5702557523684826,upregulated
Q62745,24.116722536965156,24.568539506291813,23.654830502815397,0.9137090034764164,0.0024812612422568593,0.09386012354330257,2.6053275081591845,1.7881593303188485,upregulated
P21913,29.138608544607333,29.495999599634192,28.900346142574463,0.5956534570597292,0.0025790155541825914,0.09430600209794342,2.5885460386006045,2.186152186327784,upregulated
Q08163,26.881195551556445,27.289665662056553,26.806910521465536,0.4827551405910171,0.0029735204686094073,0.10522425658272644,2.5267290676326635,2.547692478249009,non significant
Q62847,26.85250595030366,27.125995039713363,26.65643548650802,0.46955955320534315,0.0031277102931301366,0.10654365779326241,2.5047734806511204,2.6104057479222145,non significant
Q6Q629,27.494967825509345,27.782731832789604,27.415855516611444,0.3668763161781605,0.0032050507813834637,0.10654365779326241,2.494165085053149,3.4737032179541796,non significant
D3ZAF6,28.307033377514923,28.68126113725513,28.131937357461954,0.5493237797931769,0.0035326072346848363,0.1139785334249784,2.45190464597621,2.305599089783648,upregulated
P27791,27.603143100289444,28.00474816290955,27.45544808498673,0.549300077922819,0.003925731438489889,0.12304363965781169,2.4060794140511748,2.3056684695176664,upregulated
P26772,28.853941471981987,29.136586685195056,28.785208126989236,0.35137855820581976,0.0040655913045385015,0.12388760169663156,2.3908762811590605,3.7245940934274517,non significant
P34926,29.75085560496704,30.035427662960434,29.600166543297338,0.435261119663096,0.0056705367648151464,0.16369944292111094,2.2463758294732603,2.8081103957673634,non significant
Q9QZR6,29.845358643227662,30.10395056934409,29.777178453432537,0.3267721159115524,0.005534791417857511,0.16369944292111094,2.2568987411412444,4.295924726804132,non significant
Q62645,27.17468961127013,27.431181747216332,26.544613544913318,0.8865682023030139,0.005949467931325752,0.16734785437600896,2.225521872056586,1.8076218573744656,upregulated
P36972,27.503044595410067,27.82670654592232,27.457305245317603,0.3694013006047179,0.006686234410630962,0.1689532086831112,2.1748184016801897,3.4380713665134905,non significant
Q6IG12,28.726276937159774,29.056959757575257,28.451383522122768,0.6055762354524887,0.006490025559391143,0.1689532086831112,2.1877535928328085,2.1641746735138003,upregulated
Q63041,28.204509693882233,28.438997615755472,28.089606072173044,0.34939154358242774,0.0067725783271435054,0.1689532086831112,2.1692459635041708,3.7615130848472265,non significant
P49803,28.668784434884213,29.01183873249958,28.561247581447816,0.45059115105176417,0.00635455577445347,0.1689532086831112,2.196914804110253,2.712688069486919,non significant
Q68FU3,26.871973411490146,27.107113496614232,26.687845267457618,0.4192682291566143,0.006776610010990787,0.1689532086831112,2.1689875069744313,2.9229134161498806,non significant
Q4V8B7,25.453231023762452,25.826916948319035,25.343151240074278,0.48376570824475706,0.007242887465425008,0.17656550110158298,2.140088262490105,2.5431395472649325,non significant
P15865,27.844120130351584,28.09546781512685,27.724801110655918,0.3706667044709313,0.007925808415032841,0.18499174109129846,2.10095642976863,3.420685305833517,non significant
Q711G3,27.360790505434814,27.6609462749808,27.279544333244733,0.381401941736069,0.007864575814935302,0.18499174109129846,2.1043246965881717,3.284557213709571,non significant
P13668,28.16508417967617,28.343336637654435,28.073010535546345,0.2703261021080898,0.00826508997513702,0.1867989697799916,2.0827524142652107,,non significant
P05197,29.12418396625555,29.338834496572673,29.03831455567656,0.30051994089611256,0.008343800837939461,0.1867989697799916,2.0786360708346634,5.471994310146147,non significant
P0DN35,25.70965770754457,26.07611955005645,25.71512642345353,0.3609931266029207,0.008699811551368238,0.18713124062452857,2.0604901546327943,3.5619688826694444,non significant
Q6P730,28.085847187661702,28.415559284961308,28.006528021546586,0.40903126341472174,0.008537420453784073,0.18713124062452857,2.068673329769395,3.006417096144742,non significant
P12785,28.435372344703072,28.618556713673815,28.312663770769195,0.3058929429046202,0.009068911359030716,0.1913191492472441,2.042444842944506,5.137301821464696,non significant
P00762,28.76115220087866,29.5204672626587,27.923823824751107,1.5966434379075913,0.009298224973397802,0.19245571312863,2.031599950137957,1.5484924136263918,upregulated
P62882,27.612633513819627,27.899033987674724,27.509284516694635,0.38974947098008883,0.009514471417960411,0.19328472491671428,2.0216153341914205,3.190899858760034,non significant
O35952,26.208705527957147,26.720291168433068,25.82072283752608,0.8995683309069875,0.01012443068282545,0.19485088524665822,1.994629388682079,1.798109649695628,upregulated
P04797,29.553528918944856,29.88450237588,29.322301277539168,0.5622010983408323,0.010034887972351287,0.19485088524665822,1.9984874715333698,2.269274404224508,non significant
P29457,28.531700540663213,28.787417772497992,28.413867792029592,0.3735499804684004,0.009980493650620944,0.19485088524665822,2.0008479773059604,3.3821869276610066,non significant
Q5RKI1,28.901526069422072,29.12459647418284,28.79665702431716,0.32793944986568135,0.014619259928261253,0.1955616729752407,1.835074612139278,4.26166573810522,non significant
Q5XIM9,29.49480423669493,29.75847594803452,29.361992365887318,0.3964835821472015,0.01388165633798961,0.1955616729752407,1.8575587114364833,3.1218803697891153,non significant
Q75Q41,26.45891607726769,26.682242257695364,26.12328936075915,0.5589528969362156,0.014464735535272347,0.1955616729752407,1.8396895023286044,2.2781863082483587,non significant
Q8K4Y5,26.93110200137699,27.253874535375513,26.981408493153108,0.2724660422224048,0.014371098303640584,0.1955616729752407,1.8425100398697167,,non significant
P36860,27.575803076325617,27.806847202881368,27.452399931114986,0.35444727176638224,0.013133955376108147,0.1955616729752407,1.8816044636036946,3.669936271368471,non significant
P62944,29.236456984688495,29.41493032454095,29.102615691977846,0.31231463256310477,0.01503153720852968,0.1955616729752407,1.8229966037747347,4.8189673460577644,non significant
P16617,29.63674100584667,29.966356376553673,29.496796182373853,0.4695601941798202,0.01453479170644869,0.1955616729752407,1.8375911875872672,2.6104025461293676,non significant
O54889,28.86598827551925,29.080744452427314,28.78299857306543,0.2977458793618837,0.016098767732418282,0.1955616729752407,1.7932073654273066,5.679995571455109,non significant
O35331,27.463217172163304,27.578555315641363,27.303084285253917,0.2754710303874468,0.014535367446308161,0.1955616729752407,1.8375739850227613,,non significant
Q6DGG0,26.30242233906208,26.502596193158595,26.22788731503918,0.2747088781194158,0.016090836971411584,0.1955616729752407,1.793421365309808,,non significant
P34064,26.967198461658533,27.73323059080801,26.088194061152183,1.645036529655826,0.011362293382322076,0.1955616729752407,1.9445340011282384,1.5401465291588343,upregulated
O08839,29.187722542693784,29.397751286158115,29.15354395155924,0.244207334598876,0.01376288569522205,0.1955616729752407,1.8612904970512907,,non significant
P62859,25.42369820980063,25.63698536186844,25.081188916951643,0.5557964449167976,0.014300222740366304,0.1955616729752407,1.844657197908462,2.2870054932318435,non significant
D4A3K5,28.56543271908698,28.7012365954829,28.43960077504713,0.26163582043577094,0.012599374171379272,0.1955616729752407,1.8996510263639197,,non significant
Q6PTT0,25.03159454642774,25.4999698854228,24.61354015964871,0.8864297257740894,0.014368086769215145,0.1955616729752407,1.8426010579542242,1.8077251352619996,upregulated
P47727,25.865942520494105,26.12334597298904,25.60702848201892,0.5163174909701205,0.011036038486246137,0.1955616729752407,1.957186793664474,2.4125390824834616,non significant
Q07009,26.62585724554816,26.95035520234147,26.539217295273286,0.4111379070681842,0.012424314669844245,0.1955616729752407,1.9057275577908968,2.988510556479097,non significant
Q66HL2,29.412387124097904,29.559863862706717,29.305991863080067,0.2538719996266501,0.014859991779665549,0.1955616729752407,1.8279814308208593,,non significant
P37805,28.427480184721635,28.74049327058052,28.32556599734448,0.41492727323603873,0.015188362864168706,0.1955616729752407,1.818489035707665,2.9572650766648727,non significant
Q3ZB98,28.580920321132318,28.850820630771846,28.388756290076582,0.4620643406952638,0.011413668315809547,0.1955616729752407,1.9425747523150678,2.648966306155833,non significant
P03889,24.669532969678066,24.92562549102105,24.50908774576202,0.4165377452590313,0.01581910972246513,0.1955616729752407,1.8008179616411493,2.9443462407633363,non significant
Q8CFG6,28.999289851838615,29.34176141294058,28.831511567160884,0.5102498457796969,0.01455508483052349,0.1955616729752407,1.836985259045446,2.4347412253298004,non significant
P19945,27.381604448816198,27.618827272243255,27.283713661814314,0.33511361042894094,0.015807307377905026,0.1955616729752407,1.8011421016370044,4.0698016873321485,non significant
P11442,31.319050766662908,31.581506362945547,31.206977064427207,0.3745292985183397,0.012982979241020421,0.1955616729752407,1.886625637314517,3.369450596810893,non significant
P05370,27.20117454525585,27.455253345137933,27.19541273397118,0.2598406111667515,0.015232930007592715,0.1955616729752407,1.817216553411023,,non significant
Q5BK63,27.23920608864834,27.579573692749648,27.208527271709684,0.37104642103996355,0.016222527110981683,0.1955616729752407,1.7898814913784915,3.4155275816417157,non significant
P32551,28.22376605996147,28.492102433963364,28.258922525578402,0.23317990838496172,0.011008362398243111,0.1955616729752407,1.9582772817823841,,non significant
P47709,29.37133594822756,29.578376947587156,29.3133622592042,0.26501468838295494,0.013919163425845572,0.1955616729752407,1.8563868660513854,,non significant
P31977,29.941740433029384,30.166463094624262,29.902572150625115,0.26389094399914725,0.011909596368780783,0.1955616729752407,1.9241029570547268,,non significant
Q9Z2S9,28.141829398243353,28.37081859476436,27.98404200172217,0.3867765930421889,0.014455977432839577,0.1955616729752407,1.83995253842173,3.223161633414994,non significant
Q9QYF3,30.627969448651605,30.874898956778306,30.484190461139722,0.39070849563858445,0.015812303339184944,0.1955616729752407,1.801004862854836,3.1807352068978028,non significant
Q5XI32,27.629155257396135,27.909169209837586,27.33070914745434,0.5784600623832468,0.012358633709571288,0.1955616729752407,1.9080295393760347,2.2270068337239564,non significant
P08461,28.66578672772103,29.06712868731624,28.637998339426435,0.42913034788980653,0.012588389047384345,0.1955616729752407,1.9000298435693275,2.850086013435035,non significant
P97526,30.155129287894102,30.289751969785556,30.02019409881402,0.2695578709715356,0.011927001572280884,0.1955616729752407,1.9234687234951722,,non significant
Q2PQA9,29.904852768902817,30.10904717080606,29.765013168399026,0.3440340024070352,0.016830624793808795,0.20068690650878532,1.773899761655374,3.867671876244595,non significant
P51146,26.301274475827654,26.627411453052588,26.11362182236286,0.5137896306897289,0.017850882285520345,0.20816080031913314,1.7483403138787572,2.421681475957951,non significant
P48037,30.680582886363982,30.951442286600678,30.588604468349043,0.3628378182516343,0.01802668735671618,0.20816080031913314,1.7440840733262544,3.533460968246951,non significant
P51583,27.828153658751113,28.00230484277927,27.67957792508766,0.322726917691611,0.017817525023990942,0.20816080031913314,1.7491526225816023,4.422411395063348,non significant
P36876,26.452938538951436,26.643745861425888,26.284900504380317,0.3588453570455705,0.01837491932673533,0.2093127736700919,1.735774558966521,3.596183399654257,non significant
O35509,27.387777592777468,27.66740267760616,27.40964820348135,0.257754474124809,0.018508057471284332,0.2093127736700919,1.7326391605973133,,non significant
Q9Z214,27.064258832557353,27.358661459136542,26.980003417057873,0.37865804207866915,0.01876743894807556,0.2100804135310091,1.7265949882526797,3.3175426162740336,non significant
Q812D1,28.589226454375353,28.80213686894281,28.54965067748871,0.2524861914540999,0.01925221455323505,0.21333009459493787,1.7155193070421109,,non significant
A7VJC2,26.969472993328647,27.243857026492567,26.83579663522475,0.4080603912678171,0.01945374581957562,0.21340759164074455,1.71099676286564,3.0148034080372126,non significant
P08009,28.219477038008723,28.4945053518296,28.00936782819052,0.4851375236390787,0.020330344968669187,0.21865086696696176,1.6918552521185584,2.5370126640307804,non significant
Q01066,27.719596913586084,28.57429498369069,27.327144107389547,1.247150876301145,0.020219405315987583,0.21865086696696176,1.6942316218302336,1.6318390391283053,upregulated
Q02874,25.152352664561356,25.545864509131047,25.09014392996724,0.45572057916380615,0.021391109410052643,0.21930885068063316,1.66976669096986,2.6834561499941687,non significant
O35923,29.885975935421854,30.12284646376304,29.801725530899436,0.32112093286360377,0.021364923143839806,0.21930885068063316,1.6702986651339977,4.476317904917947,non significant
Q6P799,28.451037025156914,28.675732524032657,28.3642001172778,0.31153240675485705,0.021257380922477195,0.21930885068063316,1.672490245033062,4.854070819291397,non significant
P47860,28.176711384674256,28.416782285321673,28.07057201994398,0.3462102653776924,0.0209153650438346,0.21930885068063316,1.6795345511101494,3.8233256361490775,non significant
Q9QX69,26.362913651518383,26.703679183011833,26.0425953433508,0.6610838396610319,0.02136645975245441,0.21930885068063316,1.6702674309170256,2.0589006672562205,non significant
Q1WIM2,27.18989489104653,27.33497624887629,27.033577457588134,0.3013987912881575,0.021718979189317596,0.22032394644556197,1.6631605908172964,5.411733007240482,non significant
P62853,25.3048257660397,25.631671247813646,25.240391259233032,0.39127998858061375,0.022218151697718375,0.22032394644556197,1.6532920723469526,3.174732683390001,non significant
P35289,26.77498536548391,27.152328063632144,26.531496062588232,0.6208320010439117,0.02229348956741785,0.22032394644556197,1.651821946716796,2.132435929612878,non significant
Q62634,27.243156718087594,27.639676873881317,27.0873353571719,0.5523415167094186,0.02207283389764779,0.22032394644556197,1.6561419048491959,2.2968434682334506,non significant
P18596,28.580271969839387,28.731422612782197,28.47538892373287,0.2560336890493282,0.02270996606052072,0.22046754662293125,1.6437835148220783,,non significant
D3ZQL7,27.955056291572046,28.177322336656385,27.802206746843343,0.37511558981304205,0.022580461781011054,0.22046754662293125,1.6462671807948297,3.361905494672332,non significant
P08081,27.56811050323968,27.830641373807712,27.3244733224204,0.5061680513873128,0.023006771336645995,0.221389720669304,1.638144323924248,2.450186699324959,non significant
O35353,28.135780061269717,28.41833728123814,28.026384569939236,0.39195271129890585,0.024388268247008175,0.22531856147426216,1.6128190368109034,3.167718540803401,non significant
Q62698,28.377103367089635,28.617829362809175,28.21243993556851,0.40538942724066374,0.024358170603187387,0.22531856147426216,1.613355332080835,3.038324937603139,non significant
P62243,26.372799277869127,26.569931519777708,26.264809502332543,0.3051220174451643,0.023688178981948825,0.22531856147426216,1.6254683241860033,5.18082982194424,non significant
Q6RJR6,29.365012954850034,29.617931405469918,29.26542242805355,0.3525089774163668,0.024374072505927966,0.22531856147426216,1.6130719013000414,3.7041362661111004,non significant
Q2TA68,27.915527936631175,28.190865653942126,27.801240138027477,0.38962551591464845,0.024442031736952776,0.22531856147426216,1.6118626963233955,3.1922221355493567,non significant
F1M0Z1,29.635223604554945,29.842369266778665,29.54374391375301,0.2986253530256562,0.025488913971920418,0.22919130022292378,1.5936486684950377,5.6108718424037205,non significant
F1LX07,28.302020324852133,28.656415259893237,28.265501909351077,0.39091335054216003,0.025309422137775234,0.22919130022292378,1.5967177704972364,3.1785789056378597,non significant
P04692,26.682035535163873,27.00544389303676,26.58035498125922,0.4250889117775394,0.025452792935520798,0.22919130022292378,1.5942645555695136,2.8790989767141304,non significant
P68255,28.906739760083443,29.120004792157292,28.776381427441525,0.3436233647157678,0.025893427518583728,0.2309356909584256,1.5868104581057543,3.8762385224211986,non significant
P52287,26.530479989386993,26.858863550937198,26.41762406565621,0.4412394852809882,0.026218615904728466,0.2319501745765091,1.5813902386873115,2.7693667539834124,non significant
P04550,23.294927029496538,23.862334827352786,22.487955388828198,1.3743794385245884,0.03314664399717818,0.23416010848932234,1.4795604361065022,1.5957186233463199,non significant
P19332,28.05891052516854,28.274244226774375,28.03432428262157,0.23991994415280615,0.03231135412397023,0.23416010848932234,1.4906448409224697,,non significant
Q794F9,28.143009958422976,28.294909409707525,27.91598114235507,0.37892826735245677,0.03712221373125986,0.23416010848932234,1.4303661331373405,3.314242200731816,non significant
Q62658,27.441391987896235,27.661610202322663,27.33765199354043,0.32395820878223347,0.03907552541789671,0.23416010848932234,1.4080951736527523,4.382560850983682,non significant
P51647,27.687870981869523,27.914180401277704,27.636991805170567,0.27718859610713764,0.036338851599501835,0.23416010848932234,1.439628801625675,,non significant
P62914,27.98417420437419,28.234782525220652,27.997974102612094,0.23680842260855783,0.031553709373939955,0.23416010848932234,1.5009495788623348,,non significant
P02454,30.19584762865834,30.40537017912449,30.083610515214346,0.321759663910143,0.030856047109875263,0.23416010848932234,1.510659711076703,4.454607914518336,non significant
Q8VI04,27.519487172260256,27.772449883526395,27.39125834578333,0.3811915377430637,0.02812974386547456,0.23416010848932234,1.5508342222719642,3.2870457789821166,non significant
P37377,26.811013014381402,27.2324802713815,26.523389257150644,0.7090910142308573,0.034509239663442014,0.23416010848932234,1.4620646093439587,1.9865632750614812,non significant
P61980,30.6025317469845,30.74473192423622,30.39597211322703,0.34875981100918807,0.03973580396642398,0.23416010848932234,1.4008179955664455,3.7735161049358323,non significant
P56932,26.076188049058285,26.54201088024934,25.97803047168829,0.5639804085610507,0.030930828616719013,0.23416010848932234,1.5096084453751468,2.264461345820685,non significant
Q63357,28.755460139767045,28.892325458181517,28.64853844174524,0.24378701643627565,0.033058089835977,0.23416010848932234,1.480722244462741,,non significant
P09215,28.363623009037305,28.53143362240654,28.281267127150063,0.25016649525647594,0.037760895015089155,0.23416010848932234,1.422957720531069,,non significant
F1LZW6,28.477833207686622,28.665235537579136,28.425906329686068,0.23932920789306777,0.027837154691892005,0.23416010848932234,1.5553751571635088,,non significant
P63018,30.638225987170777,30.889360333593345,30.520836644491435,0.36852368910190947,0.03875584447897239,0.23416010848932234,1.4116627955170948,3.450311662793289,non significant
Q05030,28.941139151754648,29.138273794350535,28.858779548850748,0.2794942454997873,0.03438788409746763,0.23416010848932234,1.4635945456977426,9.712874983295194,non significant
P27881,29.686951255032103,29.877284652566996,29.62970900356031,0.24757564900668427,0.03266414651099278,0.23416010848932234,1.4859286851064588,,non significant
Q01986,27.03633599049097,27.3672555777098,27.01383085229898,0.35342472541081804,0.037710510115901465,0.23416010848932234,1.4235375927860339,3.687842768620783,non significant
Q63429,25.503087726945825,25.74392917925779,25.315008586091277,0.428920593166513,0.03968732039999913,0.23416010848932234,1.40134822270482,2.851564759149726,non significant
Q62826,29.691108131959712,29.849912037401392,29.665653552891566,0.18425848450982585,0.028556048577586316,0.23416010848932234,1.5443018879209045,,non significant
Q99PD4,27.899261439546528,28.179658749318246,27.81095648078112,0.3687022685371275,0.03143096285808841,0.23416010848932234,1.5026423145742254,3.4478086803909704,non significant
Q6JEL3,27.920666796216054,28.14141704499228,27.671370522753588,0.47004652223869314,0.0296979476938163,0.23416010848932234,1.5272735619975122,2.607977815871661,non significant
Q5XIA3,28.20580560773177,28.38615638400078,27.876244474585913,0.5099119094148676,0.03218346592748597,0.23416010848932234,1.4923671873306021,2.436004068962534,non significant
Q5U300,29.257271485695718,29.418726880546206,29.204454889509094,0.21427199103711203,0.029121049363433318,0.23416010848932234,1.5357929794779068,,non significant
P07335,31.19416840146095,31.45704984813678,31.044739320019076,0.41231052811770397,0.03316477804926944,0.23416010848932234,1.4793229048121623,2.9787115504209773,non significant
Q920H8,26.967395995210953,27.09876946605074,26.867969803605373,0.2307996624453672,0.03961182931589005,0.23416010848932234,1.4021751009571843,,non significant
O88480,28.804878457724985,28.957730268818025,28.764567147988753,0.19316312082927212,0.029235836569667873,0.23416010848932234,1.5340844745172273,,non significant
Q6IG05,27.346927912416707,27.492249990879074,27.241278887511708,0.25097110336736606,0.03485123735507731,0.23416010848932234,1.457781798141506,,non significant
P62630,27.663091211007785,27.95320307677412,27.544848576287645,0.4083545004864746,0.03394445898279826,0.23416010848932234,1.469231108853127,3.0122538617824888,non significant
Q62717,29.45925348733879,29.72148403231731,29.37876738422027,0.3427166480970385,0.0295333001294906,0.23416010848932234,1.529688021103056,3.8953862166552664,non significant
P01026,30.33831569248841,30.502190626401788,30.16226967302313,0.3399209533786589,0.03526570040893649,0.23416010848932234,1.4526474862496788,3.95652448694178,non significant
H1UBN0,24.817000029920926,25.037644472697412,24.72883689981775,0.30880757287966176,0.03194230519188963,0.23416010848932234,1.4956337451796275,4.983811608462632,non significant
Q5FVI6,28.117268247324592,28.326035658750882,27.98290798593804,0.34312767281284096,0.03588120501330637,0.23416010848932234,1.4451329802923305,3.886666415721111,non significant
P85973,28.945386671531853,29.21834143578046,28.863985026566112,0.35435640921434697,0.028496592471495715,0.23416010848932234,1.545207068388046,3.6715153642327616,non significant
Q9Z0W7,27.0785345848697,27.40779768347265,26.781183471361786,0.6266142121108658,0.03921881929092186,0.23416010848932234,1.4065054852005148,2.1210077468675865,non significant
P09626,27.983932834984124,28.12562003359724,27.81312370430984,0.31249632928739857,0.02781153839048919,0.23416010848932234,1.555774987546419,4.810940330894372,non significant
P10687,28.629830473984352,28.872103167730746,28.476719602907696,0.3953835648230495,0.026906631906779832,0.23416010848932234,1.570140662542721,3.1327901493691717,non significant
P20689,28.155162796423852,28.411119732295365,28.092526582581957,0.3185931497134078,0.04012336648580358,0.23416010848932234,1.3966026353507501,4.565972311691062,non significant
P24268,25.619839024918107,25.668683602539407,25.270652459880736,0.39803114265867023,0.039269163623904854,0.23416010848932234,1.4059483484721604,3.106760955558665,non significant
Q8VGC3,30.217782703903865,30.431589136940406,30.17285293778775,0.2587361991526578,0.0364633327059321,0.23416010848932234,1.4381436398595977,,non significant
Q5U1X1,27.478971249839415,27.794822522187975,27.326786410318704,0.46803611186927085,0.02938666150891095,0.23416010848932234,1.531849749436489,2.6180608345593295,non significant
Q64361,26.801589331755295,27.029490426701987,26.49240773932245,0.537082687379538,0.03854713221099134,0.23416010848932234,1.414007926595384,2.3427588859384123,non significant
Q66HA8,28.5664422951895,28.74706585014115,28.44283886076309,0.30422698937806203,0.03207970014847968,0.23416010848932234,1.4937696997541232,5.233076280860063,non significant
P54921,27.705940106419394,27.955311518453936,27.6208986330894,0.33441288536453584,0.029173602465478902,0.23416010848932234,1.535009939260931,4.087257833597739,non significant
P11505,28.495674285114415,28.76810977324411,28.4618171537109,0.30629261953320963,0.03933710299834823,0.23416010848932234,1.4051976270846769,5.115246018620859,non significant
P52296,25.99586193669945,26.28305853334783,25.849560572450788,0.43349796089704284,0.03874793258645139,0.23416010848932234,1.4117514645189246,2.8199408606598957,non significant
Q71UE8,25.773645858009534,26.08423505881287,25.71830681752014,0.3659282412927283,0.03679275009241031,0.23416010848932234,1.4342377493985206,3.4874175633798186,non significant
P07171,27.756008128312843,27.96189193131403,27.656530561531074,0.3053613697829576,0.027192048377102054,0.23416010848932234,1.5655580757753282,5.167173494746206,non significant
P51650,28.01892263644305,28.175184632231772,27.84390327167635,0.33128136055542257,0.03292847837409884,0.23416010848932234,1.4824283375845007,4.168522170440177,non significant
P63036,26.638089901349577,26.705321187112478,26.510106001962242,0.19521518515023573,0.037946426407843944,0.23416010848932234,1.4208291173819605,,non significant
P35427,28.411298907857127,28.51147552969621,28.39132508242449,0.12015044727171897,0.03474255272743203,0.23416010848932234,1.4591382746998658,,non significant
P09951,29.714405929693005,30.077789049850534,29.547025784576036,0.5307632652744978,0.030566319538529778,0.23416010848932234,1.5147568511114864,2.3630443543636552,non significant
P18484,30.818179241160113,31.035310957337412,30.739581489731588,0.29572946760582397,0.040232122636084666,0.23416010848932234,1.3954270535629676,5.851516911227074,non significant
P63025,27.74413260025619,27.99011965166119,27.61982728851159,0.37029236314959846,0.03803676617802111,0.23416010848932234,1.4197964131526148,3.4257966796063504,non significant
Q9ESV6,25.795092143582306,26.016681611818584,25.5654846080531,0.45119700376548266,0.03733982146384046,0.23416010848932234,1.4278277629122291,2.709169856909409,non significant
Q68FX0,28.77992122018945,29.118749949509077,28.754402170046507,0.3643477794625696,0.03473053516044509,0.23416010848932234,1.4592885246236582,3.510703211348272,non significant
P18418,27.990515956888828,28.178668820510442,27.7304442243412,0.4482245961692435,0.04034299043252682,0.23416010848932234,1.394231912761591,2.7266045136193027,non significant
Q9JIX5,30.32226445269073,30.51602296826309,30.24767902456645,0.26834394369663883,0.03558621623940858,0.23416010848932234,1.448718186587445,,non significant
P06685,29.792161572610915,30.139488167011724,29.612974311648827,0.5265138553628965,0.033047501789897044,0.23416010848932234,1.4808613652212999,2.377137517146317,non significant
P00564,29.21466602098781,29.444982968569196,29.114756192326258,0.33022677624293806,0.03329578990613098,0.23416010848932234,1.477610677488523,4.19716044285664,non significant
G3V9R8,27.765051549090042,28.054258855773526,27.39154658602372,0.6627122697498073,0.035034343156978016,0.23416010848932234,1.455506020484493,2.056198190757673,non significant
Q5PPG6,23.787532806394086,23.66610898452812,24.039974767831662,-0.37386578330354325,0.034645497596759604,0.23416010848932234,1.4603531967212489,3.3780614327730496,non significant
P82471,26.890431112894216,26.982452579408072,26.77893176068535,0.20352081872272265,0.0396364155293068,0.23416010848932234,1.4019056273005444,,non significant
O35764,28.86796234355443,29.17303694498327,28.84127617916367,0.3317607658195989,0.03914496279681704,0.23416010848932234,1.4073241153504428,4.155722304552272,non significant
O35763,29.36193845116292,29.54628567401383,29.24306447606095,0.3032211979528796,0.03408831751589257,0.23416010848932234,1.467394433549511,5.294133745449598,non significant
O35303,29.88732661175741,30.084523778495306,29.83696729262031,0.2475564858749948,0.040726572324836605,0.23514236758076712,1.3901221399520804,,non significant
P55068,27.806318653179922,28.054355472998896,27.84496150588791,0.20939396711098723,0.041638922754623955,0.23915129980011768,1.3805005146988265,,non significant
P15146,29.246857989098444,29.459286651575514,29.061873393279257,0.3974132582962575,0.04193177465996481,0.2394644100097136,1.3774567567540703,3.112765868738086,non significant
P50137,28.453401435259654,28.678677372231476,28.453724314687292,0.22495305754418382,0.042348309518581984,0.2394644100097136,1.3731639213758913,,non significant
Q63633,27.77151548041954,27.992114708805435,27.788230875163876,0.2038838336415587,0.04229537552644103,0.2394644100097136,1.373707114732292,,non significant
P63029,26.710023887873326,26.920062241423864,26.66962570801719,0.25043653340667404,0.042969370618593426,0.2417302541979333,1.3668410074721054,,non significant
P05426,27.146742892493812,27.428622161613163,27.048000002597945,0.3806221590152177,0.0434019433119303,0.24291801945503846,1.3624908246175955,3.2938136425983138,non significant
Q9WU34,29.23469756616308,29.57655351269567,29.292667338446638,0.28388617424903373,0.04370961170517628,0.24339819309938263,1.359423051553091,7.627362153607489,non significant
P24942,28.14477454728166,28.411178970638545,28.016060390736097,0.3951185799024479,0.044252804967110974,0.24517841943899363,1.3540591963078477,3.1354388005359883,non significant
Q5I0D1,27.417680858410286,27.695531661178105,27.444816706335974,0.250714954842131,0.04704892897334378,0.24667400523503014,1.327450258448435,,non significant
P10888,29.74976021612026,29.991336427543732,29.7449171689899,0.24641925855383207,0.046056289641322065,0.24667400523503014,1.3367110523293606,,non significant
Q8K586,26.92910661390033,27.090563441478697,26.87576382459578,0.21479961688291738,0.044840342693737115,0.24667400523503014,1.3483310769550687,,non significant
P67779,27.751692325085514,27.958888563411946,27.848598199771974,0.11029036363997236,0.045982149090261985,0.24667400523503014,1.337410734758114,,non significant
P04785,27.69168701802306,27.949415280100236,27.634870702057615,0.3145445780426215,0.047221094894581886,0.24667400523503014,1.3258639473470322,4.723576658691603,non significant
Q5U4E6,30.854363583980216,31.01846481199884,30.775765679237526,0.24269913276131305,0.04612800719626129,0.24667400523503014,1.336035307203172,,non significant
P56536,29.857331823091272,30.0523620169016,29.639315077287957,0.41304693961364336,0.04720289849160231,0.24667400523503014,1.3260313327163424,2.9726179289633965,non significant
P12368,26.311787267241318,26.91758946952884,26.062288799332478,0.8553006701963604,0.04704226503270013,0.24667400523503014,1.3275117756325812,1.8320583674639723,non significant
P43244,28.668237245293955,28.858162673403626,28.562733237921606,0.2954294354820206,0.0454241280248294,0.24667400523503014,1.3427134007868997,5.878771966138964,non significant
Q6AXV4,28.394280668311225,28.78958099566781,28.123975251850336,0.6656057438174727,0.045168268239710846,0.24667400523503014,1.3451665600552782,2.051443471888951,non significant
P55051,25.77246230795994,26.184794239467156,25.65262692095995,0.5321673185072058,0.04525677762444829,0.24667400523503014,1.3443163719398796,2.3584690130551684,non significant
Q6IMY8,27.830604405818935,27.99539397760258,27.673575023327118,0.3218189542754608,0.04663261624152418,0.24667400523503014,1.3313102185282684,4.452611040172302,non significant
P17105,27.462512320228235,27.65067576408923,27.461540242784455,0.18913552130477385,0.04751908043340058,0.24705417647128167,1.3231319722053978,,non significant
P08932,23.36834112825749,23.776174947678374,23.462958165654083,0.31321678202429126,0.04883545226381433,0.2471888972548303,1.311264785937024,4.779567834913076,non significant
Q9JI12,26.63766553786214,26.64691367132301,26.423736111258652,0.2231775600643573,0.04798500606129901,0.2471888972548303,1.3188944460016403,,non significant
P70569,28.845196126463158,29.056839649368893,28.767753272660915,0.2890863767079779,0.049122315042436644,0.2471888972548303,1.3087211739014228,6.606516304789408,non significant
P53678,26.00279384327149,26.130904383639812,25.86677900740985,0.2641253762299627,0.04827140168135197,0.2471888972548303,1.3163100901674634,,non significant
Q9Z1B2,27.2546619759918,27.58480088654579,27.18220255082923,0.4025983357165579,0.04856117290427278,0.2471888972548303,1.3137108322354802,3.0636356864025287,non significant
Q568Z9,25.23225197026833,25.51321264191611,25.20218345942875,0.3110291824873599,0.04839977709505443,0.2471888972548303,1.3151566384921738,4.877136067869832,non significant
P11884,26.262795537136437,26.71304572418194,26.14124790966845,0.5717978145134879,0.04907456444308635,0.2471888972548303,1.3091435462527363,2.2438711217645375,non significant
Q09073,29.170167648438575,29.47677010306514,29.128755414495576,0.3480146885695632,0.05057699090317125,0.2533468448437391,1.2960470127342545,3.7878434986508585,non significant
Q63421,29.534384245546654,29.769368779429737,29.448459676573407,0.32090910285633,0.05155711785860172,0.2549946204850087,1.2877113685314128,4.483598915120926,non significant
P19643,24.24484894721733,24.50901558995257,24.140579525887574,0.3684360640649942,0.052444910190847786,0.2549946204850087,1.2802966539583027,3.451542134270756,non significant
Q06647,28.039330888760272,28.286311604683004,28.03954661793,0.2467649867530035,0.05155170924742565,0.2549946204850087,1.2877569306827166,,non significant
Q62812,30.58261718676312,30.780813795487177,30.502780989104874,0.27803280638230277,0.05253307587020234,0.2549946204850087,1.2795671700259816,12.415513671398227,non significant
P50554,29.368953730236456,29.557569926555857,29.29682106751663,0.2607488590392286,0.05248639042562724,0.2549946204850087,1.2799532933422557,,non significant
Q9WV63,28.234914813966927,28.550415306347926,28.166422215262283,0.3839930910856424,0.0522601328836493,0.2549946204850087,1.2818294903116734,3.254445641165555,non significant
P31016,28.121185332068332,28.242861908731836,27.998794598734516,0.24406730999731963,0.051947127504815595,0.2549946204850087,1.2844384624147671,,non significant
Q8VIL3,27.39339954653834,27.58007335136025,27.358058723356265,0.2220146280039863,0.05377734382644074,0.2587445007789715,1.2694006522802086,,non significant
Q6J4I0,25.179610108225187,25.324150739324335,24.96555577953617,0.3585949597881637,0.05355494359450077,0.2587445007789715,1.2712004337636478,3.600246518057919,non significant
P05942,23.40398631625779,23.848590579996557,23.011047151567798,0.8375434284287593,0.05458673862804305,0.2600093605146966,1.2629128525369755,1.847012100472247,non significant
P04904,24.793206855331956,25.036628521520466,24.524422499444455,0.5122060220760112,0.054615857140355134,0.2600093605146966,1.2626812461465027,2.427486409799441,non significant
P43425,27.438244333388518,27.663772215755344,27.34886750345497,0.3149047123003754,0.0547512874009981,0.2600093605146966,1.261605664532117,4.708781044524429,non significant
P07936,27.870428453869692,28.037484532381985,27.746771740260574,0.2907127921214112,0.05519379697401006,0.260981014140039,1.2581097282732254,6.385546333372016,non significant
Q7TPB1,28.026065820062854,28.335339220490454,27.98872544822106,0.34661377226939294,0.05678979887550573,0.26204551606940146,1.2457296693938908,3.8152924108985196,non significant
P29995,28.67563157059552,28.948230796510924,28.69740202745918,0.25082876905174345,0.056103495708628645,0.26204551606940146,1.2510100777871604,,non significant
Q9Z1P2,29.1090381938741,29.33720232203062,29.049303102951427,0.28789921907919336,0.056951696731978745,0.26204551606940146,1.2444933326848147,6.789550142664304,non significant
P38650,31.530258956044122,31.682302357031265,31.461707159044114,0.22059519798715144,0.05578768375182308,0.26204551606940146,1.253461669682736,,non significant
Q6P7Q4,26.446133429928764,26.66236885234049,26.175739668195376,0.48662918414511225,0.05662967031480527,0.26204551606940146,1.2469559667308365,2.5304195498763495,non significant
P52873,28.81539562998337,29.067516316925605,28.754504368555427,0.3130119483701783,0.05709104680089967,0.26204551606940146,1.2434319938528988,4.788414354279446,non significant
P47861,28.156673447798376,28.367222436520063,28.080360003374466,0.2868624331455969,0.0564816740720549,0.26204551606940146,1.2480924396212456,6.968355315500798,non significant
P11232,26.40070280989224,26.58805192630435,26.317688704128866,0.27036322217548303,0.05782609280171027,0.2636040961684293,1.2378761511510643,,non significant
Q05140,28.94089475170955,29.15089182603614,28.762506472148885,0.38838535388725504,0.05791120070792293,0.2636040961684293,1.2372374304833176,3.2055599342341248,non significant
Q63569,27.17926567735586,27.50450997435234,27.07959990365758,0.42491007069476083,0.0584954074115346,0.26516306582832005,1.232878229885744,2.8804087722854192,non significant
G3V7L1,31.09166669263126,31.27239785278609,30.930389156050534,0.34200869673555445,0.05879727400367301,0.2654346073334539,1.2306428084919923,3.9105632031437207,non significant
Q9QZA2,28.57700285708561,28.79094226612276,28.409004095340332,0.3819381707824263,0.059860369315140896,0.2671286575469365,1.2228606080599271,3.278244875162621,non significant
Q62876,24.984514588812797,25.359323977422203,24.774570762786215,0.5847532146359882,0.06013220758080655,0.2671286575469365,1.2208928519907933,2.2116224376901177,non significant
P11167,26.574322838722814,26.96888647231589,26.504478891739726,0.4644075805761645,0.060633578604546205,0.2671286575469365,1.2172867988713705,2.6366652470903875,non significant
P12369,27.569456911495614,27.911233686879644,27.42020843723355,0.49102524964609273,0.06063190004311763,0.2671286575469365,1.2172988219132805,2.5113962612277976,non significant
P97690,30.09391456358734,30.284801534419845,30.097749472096,0.18705206232384342,0.059952781026968396,0.2671286575469365,1.2221906664991902,,non significant
Q63028,28.915052491405717,29.034946052604706,28.672085916375053,0.36286013622965285,0.06019174139867961,0.2671286575469365,1.2204630919817838,3.533120871728486,non significant
P0DP31,30.616641969696314,30.898474458843324,30.45011425826364,0.4483602005796854,0.06143595962934602,0.26850696300156407,1.2115773536597862,2.725799530573571,non significant
Q5XIT1,27.306542666404713,27.63115989205524,27.11421467810136,0.5169452139538819,0.06139443211664017,0.26850696300156407,1.2118710133973498,2.410292057358732,non significant
P84083,27.260303715650437,27.587582955895005,27.175940039475723,0.4116429164192823,0.06197940630707901,0.26980717745581617,1.2077525881289144,2.984275899119523,non significant
P20760,27.253853034871778,27.447181437523415,27.051693691655718,0.3954877458676975,0.06292383832104906,0.271137023773149,1.2011847935057047,3.131751011175363,non significant
B2RZ37,28.276734966007275,28.57815001955194,28.069064941709353,0.5090850778425882,0.06320179668096727,0.271137023773149,1.199270575554026,2.439105865502629,non significant
P47863,23.73563091832443,24.021011942706522,23.513961953116866,0.5070499895896567,0.06285028905563107,0.271137023773149,1.2016927206036898,2.4468136304261447,non significant
P97710,27.955279181121455,28.110283599778125,27.959913404115323,0.15037019566280208,0.06348315514641184,0.271137023773149,1.1973414967151683,,non significant
P62483,26.399160604366237,26.57767899100381,26.263257696065846,0.314421294937965,0.06352070657219626,0.271137023773149,1.1970846796820431,4.728679032643218,non significant
Q9JHZ4,29.442048231382,29.59721142469823,29.307778563141138,0.289432861557092,0.06402955347830552,0.27119853345830564,1.1936195267965435,6.55680702509025,non significant
Q792I0,25.41734108510519,25.742764228062196,25.157600101229814,0.5851641268323817,0.06380120476855138,0.27119853345830564,1.1951711203479014,2.210635690900166,non significant
P21708,28.011459319660744,28.259168798066067,27.9950063837189,0.2641624143471688,0.06479358351580518,0.2712922180031996,1.1884680000191383,,non significant
P63100,26.077052094041356,26.546133912896746,25.58856215625774,0.9575717566390054,0.06478371929391377,0.2712922180031996,1.1885341223577128,1.759674764163368,non significant
P30427,31.864047170644955,32.003415417736115,31.815012198666583,0.1884032190695315,0.06437930692187152,0.2712922180031996,1.1912537030406962,,non significant
P0C1X8,28.50085302532253,28.749825358877455,28.348191599469704,0.40163375940775126,0.06554835304559377,0.27134544638119384,1.1834382158304382,3.0725631187127527,non significant
P68182,27.656758648551353,27.91027645294412,27.715271955601626,0.19500449734249514,0.06553743455082219,0.27134544638119384,1.183510562987638,,non significant
P62716,27.826385939225943,27.925812953434114,27.685640016545836,0.24017293688827834,0.06535101371562113,0.27134544638119384,1.1847476713170115,,non significant
Q6Q7Y5,26.49547533522882,26.741329022989152,26.352322632194305,0.38900639079484733,0.06637120840991077,0.2716761777077318,1.178020275156231,3.1988559746846557,non significant
D3ZAA9,27.820942821888572,27.980170287591488,27.810098367362688,0.1700719202287999,0.06611222577442177,0.2716761777077318,1.1797182213706134,,non significant
P19944,23.900979641720884,24.217574198985428,23.603385311658272,0.6141888873271562,0.06622957171817437,0.2716761777077318,1.1789480533637258,2.145965049831085,non significant
A1L108,24.17670251324254,24.52554076314301,23.938632019407155,0.5869087437358544,0.06782455626384268,0.27187357396596484,1.1686130388902873,2.2064699713729405,non significant
P63004,28.100789469556467,28.336011549651985,28.02859991853936,0.30741163111262537,0.0669545795405386,0.27187357396596484,1.1742197128839817,5.055252468007505,non significant
O35179,29.22943645776738,29.306851488880685,29.10304025439451,0.20381123448617444,0.06774692302774012,0.27187357396596484,1.1691104250649176,,non significant
P50878,29.07646411611234,29.201722969991113,28.986055796769268,0.2156671732218456,0.067854489594228,0.27187357396596484,1.1684214119468632,,non significant
P21807,27.39243577853209,27.571944566993125,27.18106377927607,0.39088078771705526,0.0679064350653367,0.27187357396596484,1.1680890684154699,3.1789213125516267,non significant
P50399,28.390166848086846,28.556610470516805,28.31502325267707,0.24158721783973647,0.06726379469362731,0.27187357396596484,1.17221863556412,,non significant
P45479,24.58199388816557,24.8436420022457,24.54744892791379,0.2961930743319101,0.06841596379375656,0.27291749920636704,1.1648425506391855,5.810335066218856,non significant
P62824,27.699315783930995,28.01102419599008,27.61719239433593,0.393831801654148,0.0689880502010696,0.27293643005788126,1.1612261292798511,3.148416215315508,non significant
Q9WVK7,25.454832439837944,25.916409526077047,25.347772939857546,0.5686365862195011,0.06872699203500873,0.27293643005788126,1.1628726633830149,2.252090340032776,non significant
Q62950,28.281757996954816,28.507659341252577,28.211401568540143,0.29625777271243336,0.06916711718877938,0.27293643005788126,1.1601003248720765,5.804675282577736,non significant
P97888,26.839089829967712,27.187709650041302,26.759715937818473,0.427993712222829,0.06944831378001655,0.2730638000597783,1.1583382945617062,2.8581341199006185,non significant
P55067,27.405734255827717,27.60541458896829,27.338564365492662,0.2668502234756289,0.06996548300404648,0.27411476734085355,1.155116163385848,,non significant
P47858,30.371074402421524,30.758418625563777,30.23237251674176,0.526046108822019,0.07034474677018332,0.27461988329854486,1.1527683294148339,2.3787118089934864,non significant
P26770,27.754776309245962,28.141322839519095,27.22734217858213,0.9139806609369643,0.07115038956029697,0.27483090615368233,1.1478227177381763,1.7879720619079837,non significant
P22062,27.30681458189212,27.449937602048752,27.167887346111105,0.2820502559376479,0.07111256174198262,0.27483090615368233,1.1480536761569797,8.221125155110709,non significant
O88989,29.55139566573536,29.781440831025566,29.489026210097137,0.2924146209284295,0.07082254532851565,0.27483090615368233,1.1498284689607858,6.183224137288725,non significant
P16290,29.61473961513511,29.950524587784795,29.515852519664037,0.43467206812075787,0.07268332717566614,0.2749434824541578,1.13856520050326,2.8120417124266557,non significant
P62815,28.81424616685958,29.10334667037885,28.706102104971333,0.39724456540751873,0.07239981622054881,0.2749434824541578,1.1402625362131134,3.1144126044228257,non significant
Q6AYN4,26.183902522764466,26.443940608815918,26.154757330358947,0.2891832784569708,0.07251096898036168,0.2749434824541578,1.139596291259222,6.592457810332514,non significant
P50398,29.084881536018905,29.251262431788394,28.968873077183265,0.2823893546051295,0.0724833149285227,0.2749434824541578,1.1397619529934337,8.094416647110801,non significant
P62250,25.049300854914375,25.438507127460742,24.967562428634754,0.47094469882598844,0.07245630063978299,0.2749434824541578,1.1399238432623162,2.6035235778111394,non significant
Q9Z2L0,29.426087204817936,29.7588407562987,29.35345940887241,0.40538134742628884,0.07178611036703743,0.2749434824541578,1.143959577686488,3.038397113543831,non significant
P20788,26.831048786605308,27.065547756292812,26.74590111964641,0.3196466366464037,0.07415254337334158,0.27552192997168506,1.1298739484243454,4.527857999720426,non significant
P0DMW0,28.105586132041232,28.38067077145311,27.93178915309636,0.4488816183567508,0.07479256370059346,0.27552192997168506,1.1261415800010797,2.7227128910751617,non significant
Q99MC0,26.75938130716357,27.013426990928284,26.572668374335986,0.44075861659229787,0.07484551971883514,0.27552192997168506,1.1258341915750787,2.7724074398586893,non significant
P61589,26.490919994617897,26.81863249530996,26.428891107983265,0.38974138732669417,0.07407900700976096,0.27552192997168506,1.1303048477768745,3.1909860306691247,non significant
P10111,30.04721435926622,30.317280629760536,29.913020271492964,0.404260358267571,0.07387876512887091,0.27552192997168506,1.1314803723303244,3.048471818680937,non significant
Q63100,28.001530877402498,28.367109930066004,28.032076919566084,0.3350330104999202,0.07415266476523212,0.27552192997168506,1.1298732374603966,4.071796614859991,non significant
P14669,25.189254770967533,25.46151709252608,25.07191454635654,0.3896025461695416,0.07460276349656612,0.27552192997168506,1.1272450847380513,3.192467377517242,non significant
P13803,26.817818095845585,27.012287288212452,26.645634804911428,0.3666524833010243,0.07474414486957492,0.27552192997168506,1.1264228224072754,3.4769241963801405,non significant
P35435,27.736859987847726,28.118780185782693,27.76686632536915,0.3519138604135428,0.07522263892978777,0.2759840632306929,1.1236514349053546,3.7148582776989825,non significant
O08838,27.144747149460034,27.37708884755561,27.0004540904231,0.37663475713250705,0.07606672766856871,0.2781506675080663,1.1188052663537835,3.3426269352177886,non significant
Q8K4B7,27.664508856385908,27.890938946727243,27.51815031275976,0.3727886339674811,0.0765568493164903,0.2790128362132554,1.116015948175553,3.392205657298695,non significant
Q62951,29.70507322421755,30.093904547570357,29.557022182681536,0.5368823648888217,0.07743209037557092,0.2796213163050965,1.1110790162586006,2.343389969448673,non significant
P21707,29.19218180369336,29.464750894153905,29.140019226526828,0.32473166762707706,0.07729659121079993,0.2796213163050965,1.1118396580995586,4.358149962588314,non significant
P48721,29.324712088434918,29.560344196167364,29.120473637168043,0.4398705589993206,0.07750201150640408,0.2796213163050965,1.1106870255608527,2.778056962748193,non significant
P05508,25.28621181303704,25.645312833932838,25.347440116487558,0.29787271744528,0.0777433924093477,0.2796213163050965,1.1093365124246515,5.669828571643045,non significant
Q63537,28.51222092706086,28.73796561209387,28.38683343068634,0.3511321814075288,0.07874791257344367,0.28138912082432477,1.103760949536458,3.7291045612630684,non significant
P69897,29.709578663932408,30.050877157681047,29.464638512197336,0.5862386454837107,0.07867298444544447,0.28138912082432477,1.104174374635705,2.208065477202167,non significant
Q9EQS0,29.13012421194309,29.345230617227386,28.976971744920462,0.36825887230692445,0.07949181626675356,0.28220881050041635,1.0996775799364233,3.4540350112045335,non significant
P85968,26.817418246934896,27.03628953883346,26.56869371767529,0.4675958211581701,0.0793356680382168,0.28220881050041635,1.1005315169758194,2.620290199707457,non significant
P23565,31.002621067586198,31.225369967591845,30.807798767111876,0.4175712004799692,0.08080802748446574,0.28295140576648764,1.0925454941878292,2.9361655233505313,non significant
P29117,25.655010511375465,26.067361673461306,25.660393785751477,0.40696788770982906,0.08096929004644735,0.28295140576648764,1.0916796686806205,3.0243437170777483,non significant
O54874,30.574836242674085,30.734997143529252,30.472920332498195,0.26207681103105784,0.08018028704173638,0.28295140576648764,1.0959323933284624,,non significant
P08010,26.40627078934413,26.660523435903304,25.923124478195728,0.7373989577075761,0.08038109957639607,0.28295140576648764,1.0948460571549945,1.9500242931271046,non significant
Q1WIM1,26.156701031893746,26.19997108554432,26.4722385834924,-0.2722674979480786,0.08099064850563091,0.28295140576648764,1.0915651235517192,,non significant
Q9WVC0,27.640641594680062,27.930367285248092,27.555611006620694,0.37475627862739813,0.0822572749303256,0.2855576917676177,1.0848256821636508,3.366522515781566,non significant
P60892,26.68970517237896,26.87863518613847,26.502559701880738,0.37607548425773274,0.08209888262241338,0.2855576917676177,1.0856627536506245,3.3496790967319225,non significant
Q7M0E3,26.440798632009315,26.681665956556582,26.445032456138588,0.23663350041799447,0.08281526852863069,0.28658785355175986,1.0818895856013975,,non significant
Q9R1Z0,27.262036287116377,27.59634105438043,27.1250490687259,0.47129198565453123,0.0835010223056972,0.28714928360297753,1.0783082074025625,2.601809563078133,non significant
Q9ES40,23.872173399503783,23.505087488634455,24.0407805890225,-0.5356931003880447,0.08346590867682604,0.28714928360297753,1.0784908741784733,2.3471524272864386,non significant
Q05546,28.36160474065004,28.60348767581728,28.27771275595751,0.3257749198597715,0.08481541576934125,0.290757847184273,1.0715252046407708,4.32595151705002,non significant
O88377,27.182581534339608,27.479146177263598,27.168636103121695,0.31051007414190224,0.08862032132496052,0.295507172064129,1.052466679610159,4.901339588384187,non significant
Q5RJQ4,29.463156980396715,29.56738757777063,29.327682899517338,0.23970467825329322,0.08787408152897506,0.295507172064129,1.0561392012493034,,non significant
Q05695,27.85602598757994,28.073155646097195,27.73246541103366,0.34069023506353346,0.08839941302123676,0.295507172064129,1.0535506187254362,3.939374989210082,non significant
P29418,29.503799510930968,29.69334317196602,29.493111358200505,0.2002318137655159,0.08796534907712668,0.295507172064129,1.0556883695335513,,non significant
P09812,29.34700581916659,29.543174217328446,29.169209159264174,0.3739650580642717,0.08808135834343535,0.295507172064129,1.0551159965282466,3.3767681853889675,non significant
Q6P502,28.837029707886504,29.084555342939982,28.672887722487598,0.41166762045238414,0.08677800814868357,0.295507172064129,1.0615903226322891,2.9840693148856454,non significant
P60868,28.620887648468038,28.80368175710795,28.498102690828514,0.3055790662794351,0.08811164141671608,0.295507172064129,1.054966708284465,5.1548646426339975,non significant
O70441,27.141568938180683,27.496260798785457,27.051302710997657,0.4449580877877999,0.08862521386426477,0.295507172064129,1.0524427037980675,2.7462802785174607,non significant
Q9JHU0,27.820982010917998,28.024306358952018,27.57960972864214,0.4446966303098776,0.08770013340054669,0.295507172064129,1.0569997460287457,2.747879200854288,non significant
P21571,26.476668920862508,26.693106177221964,26.486025266053826,0.20708091116813776,0.0923251280068462,0.29836179724291595,1.0346800815364106,,non significant
Q5PQN0,25.329387555357407,25.56481808314319,25.15043774547597,0.4143803376672217,0.09156640674079494,0.29836179724291595,1.0382638281116088,2.961700525220314,non significant
P05712,27.29094560161436,27.491973293667176,27.19159139504099,0.3003818986261848,0.09038583917437029,0.29836179724291595,1.0438996054777936,5.481686818021135,non significant
O88339,28.80924074001414,29.09037926645732,28.674991541039443,0.41538772541787594,0.09142904191859769,0.29836179724291595,1.0389158311633773,2.9535499839503845,non significant
Q6PCU2,27.1361416592312,27.35423519347022,27.039372329079285,0.31486286439093547,0.09184318772454143,0.29836179724291595,1.036953051044179,4.710492002640668,non significant
Q01062,27.49381853537299,27.695106692773777,27.488893698528827,0.2062129942449502,0.09068996723518236,0.29836179724291595,1.0424407550060608,,non significant
P04903,27.541433864637785,27.77830941665687,27.530339772263176,0.24796964439369518,0.08981560551242947,0.29836179724291595,1.0466481978637225,,non significant
Q63372,28.82169757805765,29.07186880184012,28.624043690653494,0.4478251111866278,0.09216169075874293,0.29836179724291595,1.0354495664679901,2.7289813715440836,non significant
P83732,28.098988261172185,28.34079960828717,28.001537127640187,0.3392624806469833,0.09107844901368373,0.29836179724291595,1.0405843736490545,3.971408023730321,non significant
Q5I0G4,28.689609972231782,28.828358297037894,28.59054073623931,0.23781756079858596,0.09089553442994662,0.29836179724291595,1.041457452532392,,non significant
P20171,25.324362204610587,25.43301370457336,24.888680567108654,0.5443331374647045,0.09247311856207058,0.29836179724291595,1.0339844959836197,2.32042291940167,non significant
Q5M7W5,28.347480848059913,28.565918156169904,28.24934677001055,0.3165713861593531,0.09277179613304622,0.2984476843341692,1.0325840350472453,4.6423512983711515,non significant
P07323,30.88571379029136,31.06459236617501,30.78548891790634,0.2791034482686712,0.09331603581215293,0.29932073475418647,1.0300437188868055,10.122728950528218,non significant
B0LPN4,30.955318028396757,31.127308252991128,30.89211164233497,0.23519661065615693,0.09388721964361484,0.30027486865610925,1.027393521855435,,non significant
Q63803,29.736998616338315,29.897566938119382,29.67805112070721,0.21951581741217296,0.09418486034604096,0.3003511389523457,1.0260189018418944,,non significant
P37199,28.66938716412715,28.8744324966292,28.337295717422922,0.5371367792062784,0.09467426627071425,0.3005884290537714,1.023768051993403,2.3425886100071502,non significant
P35280,25.69671654950458,25.8262002857023,25.62575237531442,0.20044791038787935,0.0948072893825022,0.3005884290537714,1.0231582700786732,,non significant
Q6P6R2,28.248885754887386,28.5556467893564,28.306080752456854,0.24956603689954449,0.09659039511650343,0.3046434400649621,1.0150660573867119,,non significant
P13234,26.592865523577768,26.698994561060925,26.485021576108565,0.21397298495235972,0.09705923600246764,0.3046434400649621,1.012963131537304,,non significant
P19132,27.089658859772566,27.239573841224868,27.02046469606365,0.21910914516121593,0.0976313991084355,0.3046434400649621,1.010410486979896,,non significant
Q5U211,26.044357746905625,26.266863897284072,26.078435376400858,0.18842852088321393,0.09685269134294715,0.3046434400649621,1.0138883066005142,,non significant
Q00715,28.563053790486393,28.85056756946885,28.442926684410708,0.407640885058143,0.09782971553856554,0.3046434400649621,1.0095292092793577,3.018453709451833,non significant
Q6AYR6,26.979874423221645,27.155973391674205,26.91005552809621,0.24591786357799705,0.09803020450586292,0.3046434400649621,1.0086400913569988,,non significant
Q62656,29.011558005155152,29.160832153826593,28.923584550378155,0.23724760344843787,0.09735168829462626,0.3046434400649621,1.011656512447163,,non significant
Q63269,30.333921946484644,30.46833638349563,30.198999532262985,0.2693368512326444,0.09925022363721776,0.3053149225335169,1.0032685059824775,,non significant
B2GUZ5,24.842248766581253,25.624775747985996,24.33038604982437,1.294389698161627,0.09935955090653194,0.3053149225335169,1.0027903801229683,1.6174412256860484,non significant
Q5M7A7,26.182853366000845,26.446285992100613,26.00455207304962,0.4417339190509928,0.0989020897217036,0.3053149225335169,1.00479453201236,2.766253684408992,non significant
P15999,31.176325737849087,31.488751750127648,31.099482734858658,0.38926901526899016,0.09877654895253651,0.3053149225335169,1.0053461512565909,3.1960359904165183,non significant
P40112,26.20949189155251,26.4343743424763,26.2310333115765,0.20334103089980005,0.10007815679299574,0.3066640726310512,0.999660701935765,,non significant
P33124,27.730424841512633,27.975648040090547,27.729254188564983,0.24639385152556414,0.10076675230561086,0.3079140035633847,0.9966827384465252,,non significant
Q812E9,29.120318308480023,29.430830773152376,29.171811335762232,0.259019437390144,0.10210820219321562,0.30836894103812307,0.9909393703109591,,non significant
P97536,29.32441104885539,29.51765274316412,29.0639012210174,0.453751522146721,0.10206363160632508,0.30836894103812307,0.9911289827554282,2.6945303525119,non significant
P26284,28.609503834062405,28.76729002039836,28.56242247858017,0.20486754181818867,0.10260224565078845,0.30836894103812307,0.9888431337361642,,non significant
P70550,28.109192849733798,28.47096638759527,27.97888171387608,0.4920846737191873,0.10251919983927374,0.30836894103812307,0.9891947921360982,2.5069004206272227,non significant
P22831,24.04381393743301,24.380045314648616,24.003009809244272,0.3770355054043435,0.10135227415608106,0.30836894103812307,0.9941665021031248,3.337605593559145,non significant
P59215,28.959058594244635,29.2040268694797,28.768619239580584,0.4354076298991174,0.10219625858539284,0.30836894103812307,0.9905650034719662,2.807135849360671,non significant
O35077,27.567736693234338,27.825396773740533,27.625451328982777,0.19994544475775555,0.10387945734801837,0.31107862284700366,0.9834703277313831,,non significant
Q5XI78,29.074515282700578,29.208276405229554,28.993640165886372,0.2146362393431822,0.1040709704510942,0.31107862284700366,0.9826703956680258,,non significant
Q6AYH5,28.31355574405518,28.654014279745454,28.296813527265257,0.3572007524801961,0.10551711666492779,0.31454423092778744,0.9766770847249594,3.6231626486053274,non significant
P85845,30.633409276177833,30.86483412148007,30.306326706521727,0.558507414958342,0.10826230900877727,0.3167033412870098,0.9655227145525793,2.279421393275969,non significant
Q6AY84,25.88709794485315,26.200469816311486,25.736533684479294,0.46393613183219173,0.10748957286274714,0.3167033412870098,0.968633662890769,2.6391217816935644,non significant
P14668,27.480144294051627,27.62437564105157,27.44795558855097,0.17642005250060322,0.10667113768948638,0.3167033412870098,0.9719530729637061,,non significant
Q4QQT4,28.047339428645284,28.194998475313707,27.875491862702106,0.31950661261160107,0.10821402616859625,0.3167033412870098,0.9657164444712956,4.532860614547263,non significant
Q91XU8,25.03222708411503,25.33954286394184,25.015661060280348,0.323881803661493,0.10757146713169072,0.3167033412870098,0.968302908135545,4.384997854708233,non significant
Q924S5,28.129315969028987,28.287020290855754,28.07879159530137,0.20822869555438217,0.10718317206855611,0.3167033412870098,0.969873394227611,,non significant
P04642,29.141212290853094,29.440244271601628,29.118790336815067,0.32145393478656104,0.10771686831533231,0.3167033412870098,0.9677162814501016,4.464953997190992,non significant
P10719,30.36160108752478,30.66210646034739,30.255651647500034,0.40645481284735396,0.10866230439314753,0.3170280529768161,0.9639210891549002,3.028862470257662,non significant
P20070,27.073380943302187,27.50686900831308,27.089379606996573,0.41748940131650514,0.10961521375494981,0.3182499387216628,0.9601291649092719,2.9368099609337417,non significant
Q62625,23.33661230400933,23.78492423886249,22.939453017829504,0.8454712210329873,0.11063792362791915,0.3182499387216628,0.9560959833452282,1.8402334608053776,non significant
Q5FVJ0,28.559884034522838,28.714023909706004,28.445238119030424,0.2687857906755795,0.11006074708940883,0.3182499387216628,0.9583675435355243,,non significant
Q5BJU7,25.81520612809994,26.033793420185557,25.688231331958846,0.34556208822671053,0.1103937468028634,0.3182499387216628,0.9570555262981674,3.8363518223823636,non significant
P54283,25.31260770745175,25.592305649323112,25.331325619925384,0.2609800293977287,0.11082176535248421,0.3182499387216628,0.9553749359597643,,non significant
P00507,29.699972449431108,29.923926363157577,29.73163198664427,0.19229437651330628,0.10994662640967173,0.3182499387216628,0.9588180919434046,,non significant
Q6AY56,24.779829962840644,25.505062166687352,24.303726152435214,1.2013360142521385,0.11224162771548679,0.3186285768000267,0.9498460438441989,1.6471094385137086,non significant
Q9JLZ1,27.02738290172163,27.35345593446594,27.017476844586003,0.3359790898799382,0.11128415402474093,0.3186285768000267,0.9535666713306127,4.048588325485015,non significant
P21818,26.83719297230464,26.94667881847866,26.690313278098404,0.25636554038025494,0.11176022010375597,0.3186285768000267,0.9517127515811281,,non significant
Q3T1J1,26.096769887919063,26.282317403373607,25.937038685796498,0.34527871757710926,0.11240588807804042,0.3186285768000267,0.9492109388307847,3.842094480796091,non significant
P63319,26.180603610133677,26.470128199161532,26.10459612577875,0.3655320733827807,0.11191062285187571,0.3186285768000267,0.9511286871357739,3.4932042252668984,non significant
P00787,24.120078470529695,24.351669838049798,23.945398951080193,0.40627088696960456,0.11282615049081438,0.31899558527944166,0.9475902292745599,3.0304883652653705,non significant
B1WC61,28.206990188660686,28.419491971222783,28.131519441651815,0.2879725295709683,0.11351344172439673,0.32011374182946845,0.9449527083291431,6.777624194619403,non significant
Q5BKC9,30.44729804411791,30.519924781289543,30.25332719826787,0.26659758302167447,0.11424540098341313,0.3208876901831051,0.9421612736889842,,non significant
P63102,30.850449338642346,31.153273877932207,30.73496907161182,0.41830480632038913,0.11466542803261368,0.3208876901831051,0.9405675034403391,2.9304093793395336,non significant
P13601,26.92195539586436,27.178900829798604,26.66959701044581,0.5093038193527946,0.11459109500867602,0.3208876901831051,0.9408491305262106,2.438283612258335,non significant
P61751,27.805091829482198,28.08530482897645,27.765126319603866,0.3201785093725853,0.115868105435525,0.32338491638288364,0.9360360941453084,4.50902836850795,non significant
Q64057,28.191536626386284,28.48230055449992,28.181500990628393,0.30079956387152507,0.11614736285766286,0.32338491638288364,0.9349906464695742,5.452553132049269,non significant
Q9R063,29.738501368108878,29.895463556886458,29.59628645476629,0.29917710212016857,0.11775970759376543,0.3270440486844574,0.9290032813911875,5.569076391715124,non significant
Q64568,29.362509473170157,29.521837379941683,29.272953998741272,0.24888338120041098,0.11913330321811623,0.33002331724816536,0.9239668163335367,,non significant
P63159,27.080873673385454,27.27290449180047,27.125125970962824,0.14777852083764742,0.1209164457570869,0.333279751245036,0.9175146270480623,,non significant
Q63564,27.753228640697383,27.994951082258186,27.725664036838555,0.269287045419631,0.12082595278979273,0.333279751245036,0.9178397714862647,,non significant
Q6IFW6,27.5677359397882,27.843034290172415,27.40931903250555,0.43371525766686503,0.12163088595472805,0.3335727047308417,0.9149561298618653,2.818472541017156,non significant
Q9Z1Y3,25.721225832616575,25.810886247719207,25.509901117124986,0.3009851305942206,0.12156522383175636,0.3335727047308417,0.9151906459352895,5.43979100311605,non significant
Q8VHV7,24.420828024042084,24.54147278033639,24.174857497649935,0.3666152826864568,0.12240005148927609,0.3337791296601084,0.9122183994984333,3.477460522088306,non significant
P38406,26.918391702116153,26.99200648929532,26.74629728666113,0.24570920263419183,0.12292321639260145,0.3337791296601084,0.9103660845750864,,non significant
Q6Q0N1,27.545720142239876,27.64437262461304,27.476885752609693,0.167486872003348,0.12257852392205507,0.3337791296601084,0.9115856126817883,,non significant
P35171,23.245157326379623,23.77231793450969,23.38659909109747,0.38571884341222074,0.12272209942150586,0.3337791296601084,0.9110772238043487,3.2349237765186563,non significant
Q5XIN6,29.420943628438565,29.587555847055103,29.259724278237556,0.3278315688175475,0.12375173347164509,0.33387967821240255,0.9074487089043151,4.264792666562782,non significant
P54313,25.349440574218363,25.53930626570776,25.081885023850745,0.45742124185701627,0.12337868278473166,0.33387967821240255,0.9087598706812453,2.6740347936137634,non significant
Q68FR9,25.81373997020007,26.109496208638618,25.399786405912877,0.7097098027257402,0.12387331725838453,0.33387967821240255,0.9070222320857747,1.9857207392280736,non significant
P62425,26.201529030859895,26.469980308303345,26.258810859599837,0.21116944870350807,0.12860488626839892,0.33670539435903013,0.8907425303302365,,non significant
Q63538,24.72279843543556,24.92788665011547,24.529594774056363,0.3982918760591083,0.12857433256081136,0.33670539435903013,0.8908457214568741,3.104239528261739,non significant
Q7TQ16,24.521145782396168,24.794870110553955,24.545842092691657,0.24902801786229745,0.12636431942797563,0.33670539435903013,0.8983755373120529,,non significant
Q8R491,27.843302016771087,28.134867204953338,27.791368478320603,0.34349872663273473,0.1274085340558781,0.33670539435903013,0.8948014811902587,3.8788515478741323,non significant
Q4FZU2,26.378963211650152,26.469102164883186,26.226647365909773,0.24245479897341227,0.1267767480198788,0.33670539435903013,0.896960392610861,,non significant
Q9QWN8,31.345597537356547,31.488996694036388,31.25242426531261,0.23657242872377893,0.1279870370971291,0.33670539435903013,0.8928340147448957,,non significant
Q07647,27.07499548459507,27.23374387910314,26.836009116513917,0.3977347625892236,0.1265965451814964,0.33670539435903013,0.8975781460491927,3.1096361054926964,non significant
Q63362,25.829103844465543,25.979923613259718,25.715958863244797,0.2639647500149209,0.12687187593061613,0.33670539435903013,0.8966346385972832,,non significant
Q5GFD9,27.189289035822853,27.520715717599927,27.049784876166736,0.47093084143319075,0.1272896353165639,0.33670539435903013,0.8952069577609588,2.603592065324335,non significant
Q05982,25.946649731259303,26.22893400072601,25.7992586014482,0.4296753992778086,0.1284347355849698,0.33670539435903013,0.8913175040495881,2.846257007021795,non significant
E9PT87,28.062261279269553,28.19818445425142,27.804138440650515,0.3940460136009065,0.12850122296394606,0.33670539435903013,0.8910927390722514,3.1462424516673306,non significant
P61765,29.83622791855364,30.10640376939365,29.688775217872944,0.417628551520707,0.12797162308700175,0.33670539435903013,0.8928863217818648,2.935714008681749,non significant
P25093,25.439055910988177,25.613236464416783,25.279646256879342,0.3335902075374406,0.12902184740090272,0.33699277761616736,0.8893367439465892,4.108082191517319,non significant
Q8VBU2,27.751495057400525,28.02392038550032,27.566703749321054,0.45721663617926467,0.130798603897121,0.33966512320613457,0.8833968915087878,2.6751613421357487,non significant
P97700,28.547249684384518,28.709124855257944,28.32517993521456,0.3839449200433833,0.13128351161294535,0.33966512320613457,0.881789815153257,3.2549965657460147,non significant
P15429,27.612959208078262,27.897529547153557,27.49323296037149,0.4042965867820669,0.13125128795894433,0.33966512320613457,0.8818964262022494,3.048144313338579,non significant
P49911,28.170891196377145,28.417299724198042,28.037371360733584,0.37992836346445813,0.13114251567655585,0.33966512320613457,0.8822564896189667,3.302127181249622,non significant
Q6GMN2,27.833390623144187,27.991152883071816,27.644833765610542,0.34631911746127386,0.13210372241431326,0.34098301997294506,0.8790849446775333,3.8211528584281518,non significant
P06761,27.92020138679527,28.170374517526806,27.760823022087774,0.40955149543903246,0.13286912999589426,0.3417084101227718,0.8765759086714978,3.0019584345929498,non significant
P04906,27.54212469228803,27.710754469376464,27.517608776696505,0.19314569267995907,0.13331923384917624,0.3417084101227718,0.875107190781318,,non significant
P00159,25.84536874729483,26.01842018227657,25.60103139853548,0.41738878374109234,0.13308935908497274,0.3417084101227718,0.8758566663541545,2.937603377362904,non significant
P19490,28.622270857834586,28.71973906335047,28.54512361087568,0.17461545247478938,0.13376343549308325,0.342047759291171,0.8736625856247917,,non significant
P16884,31.437588367521908,31.595351197672343,31.32004609959807,0.2753050980742735,0.13542615365235414,0.34549416408519185,0.8682974561083625,,non significant
P84079,26.12264924873337,26.374180138561538,25.959446876628494,0.41473326193304416,0.135894286414191,0.3458840654208063,0.866798802509242,2.958835622291745,non significant
Q63604,26.79085687240585,27.016273193343704,26.78927733823289,0.22699585511081466,0.13771083557793237,0.3488886527228448,0.8610318865654175,,non significant
P21575,30.25546443037999,30.450651704661386,30.224550647351887,0.22610105730949925,0.13758081984472992,0.3488886527228448,0.8614421069159177,,non significant
Q68FR8,29.56716260449279,29.822285829109457,29.437159742176018,0.38512608693343964,0.13840973700594486,0.34904708389775063,0.8588333565613062,3.2415822305113755,non significant
P45592,29.17913078507127,29.43748992486601,29.10658674445429,0.3309031804117204,0.13825985132079635,0.34904708389775063,0.8593039144765309,4.178715063489483,non significant
Q68FP1,28.0859970992388,28.271516455006036,27.982741545885105,0.2887749091209315,0.13988023464635593,0.35194637019966163,0.8542436478416883,6.652557839900086,non significant
B0BND0,27.861345449059552,28.167828684829285,27.918675109484422,0.24915357534486304,0.14223751761662343,0.35705848243806837,0.8469858357805681,,non significant
Q5XIF6,30.865935397533292,31.108665871751636,30.60974549541382,0.49892037633781783,0.14415697505744463,0.35890759831914665,0.8411643393619813,2.478683900553783,non significant
P11506,29.654057675614514,29.855013074535247,29.642432368966336,0.21258070556891084,0.14423540063546386,0.35890759831914665,0.8409281348053832,,non significant
Q05175,26.673423543761142,26.930927024689186,26.54083325131177,0.3900937733774157,0.1447112779257842,0.35890759831914665,0.8394976212647053,3.1872372799937683,non significant
P13596,28.817508814960853,29.026335961053917,28.776266084515544,0.2500698765383724,0.14559150524340952,0.35890759831914665,0.8368639638522192,,non significant
Q63560,29.903284967921106,30.10706910197023,29.56477946856396,0.5422896334062699,0.14493804382598532,0.35890759831914665,0.8388176044867157,2.32662028283938,non significant
Q3T1K5,25.9648698713518,26.204824262119555,25.84323284734388,0.361591414775674,0.14502242795386433,0.35890759831914665,0.8385648282244361,3.55263600340893,non significant
Q5HZY2,25.54174976782305,25.80225868489825,25.421769131666867,0.38048955323138145,0.14533437608332428,0.35890759831914665,0.8376316494491787,3.2953969166582557,non significant
P14659,26.950239183817008,27.12230605435276,26.88667886741618,0.23562718693657914,0.14391749017060956,0.35890759831914665,0.8418864234156959,,non significant
P68136,30.597186645512487,30.864576861049073,30.511874841944806,0.35270201910426735,0.1467103753977126,0.3605569523742431,0.8335391716465715,3.7006810192408426,non significant
P32736,26.500190978865266,26.83216330414102,26.49127759640343,0.34088570773758775,0.1469179195180371,0.3605569523742431,0.8329252302602697,3.9350575973386426,non significant
Q6AXX6,26.48798927971508,26.83283152559241,26.60752624741572,0.2253052781766911,0.14739967245698254,0.3609317872439952,0.8315034815399465,,non significant
F1LMY4,30.554125347124593,30.70520369077569,30.52581349944747,0.17939019132822054,0.1482341584617852,0.36136193740572964,0.8290517078135466,,non significant
P09605,26.537071625070705,26.607083390036042,26.183631684807953,0.4234517052280893,0.14813596076739965,0.36136193740572964,0.8293395014580531,2.8911738776862976,non significant
Q63941,25.472753068788517,25.79034056752984,25.384453820761838,0.40588674676800096,0.1488916803749779,0.36216002964822785,0.827129568656039,3.0338944591592174,non significant
P62839,25.63432154258288,25.897858973945997,25.58669446192501,0.31116451202098716,0.1497561539534065,0.3631087476968978,0.8246153220398716,4.870895269230751,non significant
P04764,29.582457664852704,29.823764331892686,29.43502565007354,0.38873868181914517,0.14994372170163603,0.3631087476968978,0.8240717138818987,3.2017397046975367,non significant
Q5BK56,25.898390641261933,26.110349593168106,25.91639918850549,0.19395040466261548,0.15081322732094649,0.3644099347380579,0.8215605662873829,,non significant
P04041,20.995203516101242,21.35941317533459,20.49111256661202,0.8683006087225706,0.1525208263091181,0.3656132469524379,0.8166708505232146,1.821618625141018,non significant
Q63092,26.844361890728795,27.278679679881865,26.668025230661566,0.6106544492202985,0.1531811340132125,0.3656132469524379,0.8147947196805119,2.153344114168843,non significant
P97685,28.316531640180035,28.55313339627367,28.327059705818613,0.2260736904550562,0.1549773562742786,0.3656132469524379,0.8097317519169421,,non significant
Q6AYE4,27.267348821536448,27.597079003582177,27.30461930552438,0.29245969805779737,0.1549590897717346,0.3656132469524379,0.8097829433232381,6.178203818265414,non significant
P07722,28.477474935515424,28.752157928525097,28.404673173143788,0.3474847553813092,0.1531382835257679,0.3656132469524379,0.8149162250719426,3.7981472114356,non significant
P24368,27.52278136536768,27.80928976250745,27.42667075366323,0.3826190088442196,0.15411063993718924,0.3656132469524379,0.8121673761648316,3.2702916086831055,non significant
P04094,26.066604636604673,25.29767659605716,26.467851658703037,-1.1701750626458782,0.15260748102605565,0.3656132469524379,0.8164241761537516,1.658325359406942,non significant
Q9EPH8,28.510742410336352,28.649207323844774,28.49201407511383,0.15719324873094465,0.15450010866860672,0.3656132469524379,0.81107121077533,,non significant
B3GNI6,27.95894775021242,28.213740524712108,27.91378128957632,0.2999592351357876,0.15389590729221034,0.3656132469524379,0.8127729296424883,5.511763695252157,non significant
Q66HA6,27.512240645198453,27.766836188326398,27.538522271390278,0.2283139169361199,0.15336919959194242,0.3656132469524379,0.8142618489289809,,non significant
D4ACE5,28.60522293303664,28.7123930995389,28.541823249817597,0.1705698497213035,0.15346374979981117,0.3656132469524379,0.8139941942659382,,non significant
P62762,28.14635110256702,28.4212016805828,28.073311277634122,0.34789040294867846,0.15540499366493912,0.36583536062325794,0.808535030024917,3.7902514552433093,non significant
P54311,28.693625551666887,28.920919805444,28.62662289251662,0.29429691292737914,0.15589432219796828,0.3662014377969405,0.8071697018925894,5.9862419293422064,non significant
P06866,26.591886763763434,26.544322436361963,26.685053945169656,-0.14073150880769347,0.15705820086726205,0.3667260314356863,0.8039393817843429,,non significant
Q9ER34,30.46243409184513,30.605236628664823,30.397453210446827,0.20778341821799629,0.15712054218301966,0.3667260314356863,0.8037670309147672,,non significant
P08413,27.08558275490242,27.265689429141194,26.913602599065637,0.35208683007555663,0.156816504109023,0.3667260314356863,0.8046082320451653,3.7117309803091296,non significant
Q920L2,27.987760003679977,28.10274661517721,27.86711748934233,0.23562912583487972,0.1581103106159056,0.3682526767423534,0.8010398081349248,,non significant
P41562,26.495284378218148,26.560121587257225,26.34526783302076,0.21485375423646502,0.1593867827903957,0.369219351419541,0.7975476954818967,,non significant
P70566,27.647568845188417,28.11912654401847,27.13833576203518,0.9807907819832913,0.1591478578840392,0.369219351419541,0.7981992025685972,1.7459009915486523,non significant
Q8VHF5,28.47952893158244,28.73153736567453,28.459491388837108,0.27204597683742193,0.15953507071363943,0.369219351419541,0.7971438308314749,,non significant
P46101,26.711402969589635,26.867531145395734,26.580807238044457,0.28672390735127706,0.1627146261732414,0.37233554374155114,0.7885734072301191,6.993809271826598,non significant
P08050,27.58475393214983,27.88186468928042,27.328233234645968,0.5536314546344521,0.16242985114791939,0.37233554374155114,0.7893341536818141,2.2931473952638335,non significant
O70511,29.399220886982203,29.64115915034282,29.38868035550671,0.252478794836108,0.16248200643549135,0.37233554374155114,0.7891947266140698,,non significant
Q63345,29.403201136382503,29.571491909872837,29.31616210677592,0.25532980309691666,0.16291801366995856,0.37233554374155114,0.788030893561703,,non significant
Q91ZN1,28.331572162221093,28.444919220982598,28.21640134580551,0.22851787517708644,0.1620428082410166,0.37233554374155114,0.7903702389949336,,non significant
P05696,27.91123345762981,27.94051847513489,27.69888725746757,0.24163121766731877,0.16178781969649475,0.37233554374155114,0.7910541776416683,,non significant
P19511,27.621740923314064,27.905414553719513,27.65667234393534,0.24874220978417227,0.16382422146334955,0.37362821402348123,0.7856218872508084,,non significant
Q80W89,25.221150080643135,25.543706517675634,25.11992268779785,0.4237838298777845,0.16501990393045937,0.3755743456674563,0.7824636700537532,2.8887089596579423,non significant
Q5RKI0,27.40609096504883,27.652822456605602,27.164719145208153,0.4881033113974489,0.16639443598854858,0.37558579481365806,0.7788612000397125,2.52397346009269,non significant
P11348,27.9362983703334,27.916825730434777,27.62209561195365,0.2947301184811266,0.16597816389803488,0.37558579481365806,0.7799490440224399,5.944242583371275,non significant
Q641Z6,28.104282808849902,28.25604131502635,27.99489461512377,0.2611466999025822,0.165743874323183,0.37558579481365806,0.7805625135826186,,non significant
P62804,29.19092862794294,29.465379956816168,29.04474377169642,0.4206361851197471,0.16630713756341467,0.37558579481365806,0.779089111346412,2.9123917029807194,non significant
Q3SWU3,27.36969472476322,27.44972924788965,27.077770070464013,0.3719591774256372,0.1677616948740599,0.37789441329947376,0.7753071949012397,3.403239570158776,non significant
P11598,28.937585067587168,29.060433695801994,28.77162779410686,0.28880590169513454,0.16896143746876835,0.37879324893095806,0.7722124042948472,6.647916813901248,non significant
P25809,28.833870276966667,29.086971044024846,28.73980308099919,0.34716796302565456,0.1693060203603208,0.37879324893095806,0.7713275985196569,3.8043527174547282,non significant
P23977,26.744388195109266,27.029746232648325,26.66485676073276,0.3648894719155642,0.16952225090584772,0.37879324893095806,0.7707732897240023,3.50266163184467,non significant
P12839,29.99394121065759,30.227399973422205,29.91931025256939,0.3080897208528164,0.16988721829902587,0.37879324893095806,0.7698392946507696,5.0200968971019835,non significant
P56574,26.67178145467965,26.942029867220224,26.52592578162653,0.4161040855936946,0.16966084121661848,0.37879324893095806,0.7704183839992743,2.9478043632551105,non significant
P86252,25.99003038493128,26.17980135487596,25.918722635542803,0.2610787193331561,0.17168400339491452,0.3797124026698009,0.7652701682110178,,non significant
P15385,25.0883727457344,24.848228039172838,25.28381625032195,-0.4355882111491134,0.17157314766222334,0.3797124026698009,0.7655506811414586,2.8059364506552016,non significant
O35244,27.350271351179067,27.641727425309014,27.268103514056197,0.37362391125281746,0.17105390609679338,0.3797124026698009,0.7668670040459225,3.381219552650412,non significant
Q5FVM4,29.02361705367467,29.136110456898223,28.817010659343982,0.3190997975542409,0.17140504827883477,0.3797124026698009,0.7659763912380569,4.547504086736549,non significant
P11530,30.389796603107598,30.52218277591061,30.276283685376857,0.24589909053375436,0.17272524205635006,0.3812466610378592,0.7626441900253773,,non significant
Q9ERB4,30.324366743678997,30.61347002454842,30.22742740471104,0.3860426198373794,0.17367381910376345,0.38180396704775255,0.760265645431657,3.2313072113692516,non significant
P29419,25.783305685482006,26.125739478778993,25.63894402570321,0.4867954530757821,0.17364690387547582,0.38180396704775255,0.7603329557553694,2.529689049088145,non significant
P62278,27.93238925706116,28.115632364690715,27.766736192571305,0.34889617211941015,0.17489036441694142,0.3837094595307695,0.7572341173127907,3.770914127760915,non significant
Q62718,25.156891046945297,25.522407384937438,25.070768041298976,0.4516393436384618,0.17584319366351392,0.38502990708358237,0.754874437193982,2.706612454048109,non significant
Q63416,29.674855791930085,29.790924978310425,29.46239316629912,0.3285318120113061,0.17652109455197018,0.38574430423010214,0.7532033882925596,4.244634946924716,non significant
P63322,24.866390822848633,25.00756673606712,24.679072577690008,0.3284941583771115,0.17761884933623137,0.386614266606243,0.7505109477447495,4.245710585586467,non significant
P62260,28.914844587130045,29.08606397489666,28.80917482241502,0.27688915248164037,0.1779764855388812,0.386614266606243,0.7496373733950558,,non significant
P62744,24.889801881079084,25.482913860526896,24.893215241617067,0.5896986189098286,0.17764475356747889,0.386614266606243,0.7504476141264631,2.1998872155120064,non significant
P48500,29.477408256275208,29.71623262385462,29.287465328288288,0.4287672955663311,0.1784429032945269,0.386744805684996,0.7485007193323773,2.852647328807001,non significant
P0C0S7,23.00429165019524,23.227893869732267,22.669872297345197,0.5580215723870694,0.17874167409507105,0.386744805684996,0.7477741787788066,2.28077195048581,non significant
Q63754,27.207833179432455,27.514424112792327,27.20328258230046,0.31114153049186655,0.17925410680098985,0.38709006921394856,0.746530885642997,4.871953090535965,non significant
P84087,27.229848987656002,27.340506555771483,26.951614159658842,0.3888923961126416,0.18164765692007895,0.39101246468149353,0.7407701997459034,3.2000827801604874,non significant
Q5XI73,27.15660343105169,27.34800720765689,27.025916203944025,0.3220910037128668,0.181783370088935,0.39101246468149353,0.7404458494361325,4.443487929313148,non significant
Q6LED0,28.225874149634784,28.462295498306712,28.319980130658916,0.14231536764779662,0.18386057602671843,0.3921163783108541,0.7355113835925661,,non significant
Q6P6V0,29.098613645264187,29.21967047237507,29.06386524282981,0.15580522954526188,0.1836485226747264,0.3921163783108541,0.7360125609031954,,non significant
Q68FR6,28.070580323510608,28.19259565818002,27.96068786038133,0.23190779779869075,0.18357707496690326,0.3921163783108541,0.736181554273173,,non significant
Q9Z339,26.317413898839458,26.411284605967875,26.234055124090887,0.17722948187698861,0.1834848809454792,0.3921163783108541,0.7363997155670143,,non significant
P04177,27.519007085263258,27.76095886673428,27.557314293440914,0.20364457329336716,0.18408380567920682,0.3921163783108541,0.734984415806195,,non significant
P84817,23.92037178552395,24.200603776768276,23.732830883265738,0.4677728935025378,0.18546045726153912,0.3935205447116217,0.731748673778122,2.6193926917219237,non significant
Q5XI72,28.57277370316232,28.765289919097118,28.482481151082094,0.2828087680150233,0.1854239019288403,0.3935205447116217,0.7318342841789558,7.949870275005558,non significant
P60905,25.52878016593832,25.760456094236265,25.403708907825315,0.35674718641094927,0.1858327035860537,0.39354918114652687,0.7308778547280665,3.6307267382935815,non significant
P13221,29.413445967367874,29.62232146446874,29.382524313413654,0.23979715105508603,0.18816100243197248,0.3977121766240343,0.725470381884172,,non significant
Q9WTT6,29.361329847181704,29.555706440330734,29.21251509660782,0.34319134372291416,0.1908381592445703,0.39876087750722594,0.7193347811394223,3.885321602596638,non significant
Q6NYB7,30.20490753734342,30.342142987219333,30.089407597609043,0.2527353896102902,0.19001241136569513,0.39876087750722594,0.7212180305651164,,non significant
Q03343,27.242217449422437,27.506607479795946,27.192731239322224,0.3138762404737214,0.19067013304392522,0.39876087750722594,0.7197173303943069,4.751470771401203,non significant
P14046,25.050050389396457,25.455585839001742,25.03611045076791,0.4194753882338311,0.1891631356909342,0.39876087750722594,0.7231634954496835,2.921310916158639,non significant
P04905,26.44237535764756,26.634893023883112,26.323456694153688,0.3114363297294247,0.1907420764079529,0.39876087750722594,0.7195534939695515,4.858444824536791,non significant
P05708,29.966734356404867,30.2006436783908,29.9710841696367,0.22955950875410025,0.18964920438707725,0.39876087750722594,0.7220489749017489,,non significant
O08557,27.406271493089324,27.49391769537263,27.31566004057756,0.17825765479507183,0.19164940589181215,0.3996946735044067,0.7174925227091729,,non significant
P02625,27.053664420402065,27.25595915558269,27.079325623959917,0.17663353162277318,0.1927935623946428,0.40131790881769097,0.7149074717981289,,non significant
Q5U216,26.127460394890754,26.45344540162832,26.15194603775903,0.30149936386929,0.19338633973096545,0.401789421751646,0.7135742065145915,5.40499129146198,non significant
Q9JJ54,26.591382434587025,26.823868249501757,26.481585990959527,0.34228225854223027,0.19417365959335156,0.40266257953479523,0.7118096841557644,3.9046747079296207,non significant
P30904,27.46600425509929,27.721031334959605,27.36905623651809,0.351975098441514,0.19474364578363193,0.40308260268800794,0.7105367038537341,3.7137500595381963,non significant
Q794E4,28.0851401850345,28.206359628186977,27.790719309942407,0.41564031824457004,0.1953621387523198,0.4033706850092393,0.7091595988780713,2.9515193057406153,non significant
Q5FVH2,26.513225917949438,27.054601929367422,26.56384218839916,0.4907597409682616,0.19561823557421631,0.4033706850092393,0.7085906626357836,2.512528305853151,non significant
Q9JJM9,25.492972295358907,25.850149657980367,25.342306426124168,0.5078432318561994,0.20023325232356362,0.403741119673964,0.6984637984778328,2.443796794596759,non significant
Q63413,26.39359281780683,26.49963943299636,26.28185015014203,0.21778928285432997,0.2023609778949365,0.403741119673964,0.6938732305614113,,non significant
Q53B90,27.014095926435516,27.137299528921535,26.937691524668832,0.19960800425270264,0.20279785339886428,0.403741119673964,0.692936646291177,,non significant
P50503,28.505973231811208,28.715936723586676,28.500690437984648,0.21524628560202785,0.2008949556756449,0.403741119673964,0.6970309679293807,,non significant
B0BNM9,27.02582615404584,27.23312415438284,27.00523694447973,0.22788720990310907,0.19990448232744795,0.403741119673964,0.6991774678716163,,non significant
P21588,27.395697431258036,27.500651442318244,27.28484838931755,0.2158030530006947,0.19885593188914177,0.403741119673964,0.7014614494439187,,non significant
Q63228,28.093441709730783,28.2013895326148,27.961593558249564,0.23979597436523648,0.2004652049364481,0.403741119673964,0.6979609976845406,,non significant
Q63210,27.675535336499912,27.91575371317097,27.557757306949444,0.3579964062215275,0.20351460702860066,0.403741119673964,0.6914044143293997,3.6100234943734466,non significant
Q7TMA5,31.465148460684386,31.623996429891022,31.336454315812333,0.2875421140786898,0.19818358348843385,0.403741119673964,0.7029323230882152,6.848935623121528,non significant
P19024,26.983310919246584,27.19243241636654,26.787670088206415,0.4047623281601247,0.20110406346878548,0.403741119673964,0.6965791540465113,3.04394540463975,non significant
P61314,28.922943103587144,29.104213839293234,28.877113929622592,0.22709990967064186,0.20352674492224437,0.403741119673964,0.6913785131760761,,non significant
P18420,25.794281524607463,25.904692921691794,25.729620176253828,0.1750727454379657,0.1999202627602468,0.403741119673964,0.6991431860770333,,non significant
Q6P7B0,26.950761770236735,27.20486437582248,26.912088155079307,0.2927762207431748,0.19953217810141838,0.403741119673964,0.6999870566439814,6.143398860629666,non significant
P63045,26.31979837309065,26.616434925794177,26.188092361506772,0.428342564287405,0.2018552042392908,0.403741119673964,0.6949600491108859,2.8556548788249962,non significant
P35286,26.288118756037807,26.76233967932845,26.04762298923639,0.7147166900920574,0.2020540501053053,0.403741119673964,0.6945324398476314,1.978978667593155,non significant
Q75Q39,27.740189129992345,27.894138512474882,27.698189737807496,0.1959487746673858,0.2010997197695678,0.403741119673964,0.6965885345878188,,non significant
P62898,26.899307881563175,27.22349731108822,26.750443665132007,0.47305364595621313,0.19786335202550565,0.403741119673964,0.7036346377641733,2.59318501904281,non significant
P29066,27.348123678874284,27.472945165039093,27.33269653612209,0.14024862891700351,0.20215660835881796,0.403741119673964,0.6943120573139338,,non significant
P19491,28.897003506071645,28.98390718754977,28.675276112396997,0.30863107515277477,0.19955633609000542,0.403741119673964,0.6999344784274858,4.992646559562972,non significant
P31646,23.49070890929445,23.79928198281999,23.205391304872123,0.5938906779478685,0.20273597893768514,0.403741119673964,0.6930691715461701,2.1901741321152217,non significant
P11730,25.29185596626197,25.469242998050053,24.99906711277176,0.47017588527829446,0.20173269535919527,0.403741119673964,0.6952237088107764,2.607334373104707,non significant
Q6QLM7,28.624307530180086,28.86034749729377,28.64134441734397,0.2190030799498004,0.2049483895712534,0.40582740678639884,0.688355489902083,,non significant
P11275,29.83771138536363,30.053444765816966,29.64181900982909,0.41162575598787754,0.20666640986922327,0.4075080752153724,0.6847301048622888,2.9844194319986794,non significant
Q63768,27.035363813431797,27.182894553586987,26.985290123876172,0.1976044297108146,0.20764680800143812,0.4075080752153724,0.6826747405859674,,non significant
P80254,25.989888472928314,25.915369911030524,26.206809208243612,-0.29143929721308837,0.20698763407008042,0.4075080752153724,0.6840555995457215,6.295978621317563,non significant
Q6URK4,28.60392964765735,28.77002966017557,28.54007776100463,0.22995189917094194,0.20747682406163406,0.4075080752153724,0.6830304085628938,,non significant
P07153,27.34787968138156,27.48480500297761,27.352649928014372,0.13215507496323653,0.20765452510974766,0.4075080752153724,0.6826586005098912,,non significant
P01830,28.10412400312005,28.44312299234701,28.15603634579919,0.2870866465478201,0.20967259651420855,0.40839687195166546,0.67845832661788,6.927982247251694,non significant
P63039,28.887430222433917,29.09121057694688,28.84696261374538,0.24424796320150222,0.21011879235055583,0.40839687195166546,0.6775351039521047,,non significant
Q64598,25.06535880654021,25.299524349350275,25.027844299009516,0.27168005034075904,0.209318665664211,0.40839687195166546,0.6791920424041725,,non significant
P49432,27.886043393177697,28.10413166501606,27.93560039448735,0.1685312705287103,0.20962947584004152,0.40839687195166546,0.6785476515802279,,non significant
P04166,27.706835791194134,27.86301787550464,27.421331582974158,0.44168629253048053,0.20977096786936392,0.40839687195166546,0.6782546179851471,2.766552963513726,non significant
P10824,25.035165823418044,25.277159270209463,25.043475261967057,0.2336840082424061,0.2103411418894175,0.40839687195166546,0.6770757727344582,,non significant
P13233,31.626878978291074,31.90077364419683,31.429193268858153,0.47158037533867514,0.21120831515835026,0.4093560454570852,0.6752889878602865,2.6003897075723637,non significant
P97697,28.693955332115873,28.816616822035076,28.642514849388846,0.1741019726462305,0.21340363079740984,0.41019307715979464,0.6707981958681282,,non significant
P23505,26.834829408080957,26.964960422433506,26.25310168002692,0.7118587424065872,0.212609308533231,0.41019307715979464,0.6724177249673913,1.9828107456831472,non significant
Q9R1N3,28.535956550794555,28.69262321435741,28.52220307961306,0.1704201347443508,0.21289336242088916,0.41019307715979464,0.6718378787632666,,non significant
Q6MGD0,22.89736664872952,23.08920999321889,22.8646820276584,0.22452796556049037,0.21234705661786468,0.41019307715979464,0.6729537544683515,,non significant
P62856,24.77569631670021,24.967971576301963,24.449982455495288,0.5179891208066749,0.21424625957980037,0.41019307715979464,0.6690867514725952,2.4065754255086924,non significant
Q4FZT9,28.117306281461417,28.143677135049213,28.581853910527872,-0.4381767754786594,0.21415234522658402,0.41019307715979464,0.6692771651927575,2.7889564721364044,non significant
Q3MIE4,29.185018227695302,29.51112075632634,29.09171740352306,0.419403352803279,0.21425764194399485,0.41019307715979464,0.6690636791134207,2.921867781848165,non significant
P63012,26.431726910103922,26.680573605822246,26.348589964497336,0.33198364132491065,0.21607476430200145,0.4109682347839206,0.665395952063377,4.149817198189257,non significant
Q5XIF3,25.947946914461962,26.078510309369932,25.79936681722565,0.27914349214428213,0.2158854633661227,0.4109682347839206,0.66577659987245,10.075940462491621,non significant
O08651,26.952451838727814,27.132241712259816,26.94121196875436,0.19102974350545665,0.21678857441077204,0.4109682347839206,0.6639636105151635,,non significant
Q91XV6,22.79606364028509,23.260170823045005,22.499900892612043,0.7602699304329619,0.21631321376532642,0.4109682347839206,0.6649169503247271,1.9232242704361124,non significant
P53534,29.379331588093123,29.557906852225756,29.250334699893838,0.30757215233191815,0.21691030805824066,0.4109682347839206,0.6637198088597613,5.046850861037895,non significant
Q03346,27.738855720244867,27.79996767359943,27.531582477371902,0.268385196227527,0.21606477326643558,0.4109682347839206,0.6654160337788337,,non significant
P62271,25.58282558323211,25.892416978183633,25.602614105081418,0.2898028731022144,0.21737255407255832,0.4111339514096491,0.6627952917460679,6.505376298298239,non significant
P20759,22.17083763035271,21.718238605775735,22.522232832146482,-0.8039942263707474,0.2182957972552452,0.412169517364895,0.6609546254746715,1.877684978521961,non significant
P08082,26.622720413961268,26.782149036945984,26.52474146600694,0.2574075709390442,0.21912208625179405,0.4124395501177571,0.6593138458356541,,non significant
Q4V882,26.29513548328445,26.561779763079816,26.255289015839395,0.3064907472404208,0.21998768508052025,0.4124395501177571,0.6576016303199366,5.104437671306512,non significant
P62703,26.940728646950802,27.199766074730764,27.05592216938256,0.14384390534820568,0.2192967084890131,0.4124395501177571,0.6589678867711162,,non significant
Q63797,27.476761917393624,27.72375619675874,27.461881057603176,0.2618751391555634,0.22031866578760773,0.4124395501177571,0.6569487070927531,,non significant
P25113,28.306534948668414,28.497507874999304,28.200699892266584,0.29680798273271947,0.21959675661117117,0.4124395501177571,0.6583740785947745,5.757374710376837,non significant
P46462,29.632432246165543,29.906672444948896,29.64625423331772,0.2604182116311762,0.22091772743379798,0.41285646847508756,0.6557694329842907,,non significant
Q5HZV9,30.909729505172304,31.2442307523344,30.771240097088107,0.47299065524629214,0.22146438788231518,0.4131742066443873,0.6546960996424168,2.5934914013006347,non significant
Q5U1Z2,26.95290946518961,27.14707368767867,26.690512863087836,0.45656082459083436,0.22232556418234367,0.414076645005146,0.6530105969276578,2.678784935358108,non significant
P48679,29.797872996523758,29.956800576210867,29.820454388951816,0.13634618725905057,0.22364011224782462,0.4144141944862561,0.6504502984353706,,non significant
Q9Z269,26.345505959797183,26.484311197065864,26.266431872677572,0.21787932438829216,0.22327505539348072,0.4144141944862561,0.6511597942151637,,non significant
P32851,29.053557839560806,29.26612768706489,28.991484066409487,0.2746436206554037,0.2232534971765528,0.4144141944862561,0.651201729337139,,non significant
Q6IE52,29.377280499792434,29.404765432608002,29.21075886275804,0.1940065698499609,0.22525197571980748,0.4166971625035899,0.6473313910683349,,non significant
P47942,30.859903139092623,31.088676934192886,30.742775978320154,0.3459009558727324,0.22611535739014157,0.41759014656058135,0.645669940072621,3.829522835615337,non significant
P07896,28.711815305701958,28.798894516179796,28.593539082087332,0.20535543409246415,0.22800557706400149,0.41837327440137856,0.6420545299359566,,non significant
Q6P6Q2,28.818507898342467,28.86324167627863,28.699139231201855,0.16410244507677518,0.22797924448062518,0.41837327440137856,0.6421046899199164,,non significant
O35180,28.801220341396746,28.818949148245647,28.743918811780066,0.07503033646558066,0.22806492077668586,0.41837327440137856,0.6419415094831014,,non significant
Q3KR86,28.45537015859919,28.61956903862593,28.471010260214495,0.1485587784114344,0.22701446465849787,0.41837327440137856,0.6439464700261209,,non significant
P62168,25.720178240599864,25.853694122749687,25.57676389380931,0.2769302289403761,0.2289353487674858,0.41904747977574736,0.6402871448990499,,non significant
O70351,29.012628443195897,29.25967258972504,28.97206011835219,0.2876124713728494,0.2291964337880113,0.41904747977574736,0.6397921441140595,6.837061680865388,non significant
P85970,26.788896268685804,26.782456936242863,26.596561552187012,0.1858953840558506,0.23124231403590065,0.422084556568025,0.6359326933014449,,non significant
O55012,28.81931682821651,29.02901405838972,28.706029525043803,0.3229845333459167,0.23182740368626895,0.4224496043917559,0.6348352285696,4.4139704736209335,non significant
Q6JE36,25.9550333467081,25.988463065058784,26.31326825012051,-0.3248051850617273,0.23466832689010125,0.42368075230899305,0.6295455230349686,4.355853930020422,non significant
Q07310,32.16506514539787,32.44277972643804,32.121243384374075,0.32153634206396475,0.23482032580115564,0.42368075230899305,0.6292643137224359,4.462157120536882,non significant
Q05962,30.249194515808703,30.574496044333888,30.26655626189093,0.3079397824429577,0.23435640222159124,0.42368075230899305,0.6301231777890449,5.027795408457969,non significant
P29994,29.999186162503594,30.187331271560144,30.00233149004035,0.18499978151979235,0.2341120438281697,0.42368075230899305,0.6305762435713371,,non significant
Q9QYU4,25.27531705648096,25.069400550530244,25.476912539616777,-0.4075119890865331,0.23388574136475965,0.42368075230899305,0.6309962537588633,3.0195785441108973,non significant
D3ZQD3,28.489135497180502,28.622299886212193,28.485878213800834,0.13642167241135894,0.23425422606158705,0.42368075230899305,0.6303125654832066,,non significant
P38652,27.138189238513828,27.401522008394753,27.05016744405579,0.35135456433896195,0.23626525887424657,0.4248901458771287,0.6266001335874284,3.7250325325614844,non significant
P11980,31.099188557717913,31.309045155452058,31.117975894195823,0.19106926125623502,0.236259209104335,0.4248901458771287,0.626611254203894,,non significant
B2RZ27,26.88653626157343,27.085150499701413,26.668244032730843,0.41690646697056977,0.23738185765810402,0.4252907128260238,0.6245524758618597,2.9414177670432435,non significant
Q6AYZ1,32.94612660174396,33.16874686927135,32.8140532540523,0.3546936152190554,0.23809313128739062,0.4252907128260238,0.6232531333099975,3.6656667896607367,non significant
O35964,25.25131616380937,25.547076806462584,25.30349970799962,0.24357709846296416,0.2386373499970417,0.4252907128260238,0.6222615823414844,,non significant
O35264,25.976448059653382,26.167447201763647,25.900039232559703,0.26740796920394416,0.23828888214683447,0.4252907128260238,0.62289622007452,,non significant
P09811,27.833882858181962,27.902721384184886,27.667404931152607,0.23531645303227933,0.23881411039273534,0.4252907128260238,0.621940016384127,,non significant
P68511,27.277041275812724,27.530322677070632,27.25646379723311,0.27385887983752255,0.23783190878254187,0.4252907128260238,0.6237298785713125,,non significant
P11951,27.483078421670108,27.552185461914757,27.860595156785376,-0.308409694870619,0.23998646705845056,0.4259953954095797,0.619813247653173,5.003807369041398,non significant
P00406,25.295289582616842,25.484604074902546,25.264073733956547,0.22053034094599866,0.23989833911680608,0.4259953954095797,0.6199727587637373,,non significant
P08934,31.43524525708481,31.748845480334847,31.352130371973242,0.3967151083616045,0.24361239616879996,0.42641107313488175,0.6133006164877138,3.1196015021246803,non significant
Q62636,27.52631554224972,27.70289845305963,27.487745507536758,0.21515294552287045,0.24198343271641995,0.42641107313488175,0.6162143667722019,,non significant
P84245,22.206109750384673,22.833997150987784,21.56729684186614,1.2667003091216458,0.2434771808533115,0.42641107313488175,0.6135417354508946,1.6257249288120639,non significant
Q6AXY0,27.148350956873593,27.452705771964037,26.977055015685583,0.4756507562784549,0.2437189998683417,0.42641107313488175,0.6131106127260995,2.5806798624463405,non significant
O55096,29.14736922442974,29.39066954272276,29.189684609024965,0.20098493369779646,0.2418901804663448,0.42641107313488175,0.6163817614679684,,non significant
P61983,28.421562893276963,28.57180418959925,28.295222506436485,0.2765816831627639,0.24322127930233592,0.42641107313488175,0.6139984315403176,,non significant
Q68FY0,28.166022928903736,28.35807836732233,28.21072104957373,0.14735731774860028,0.24149377751339327,0.42641107313488175,0.6170940550839494,,non significant
Q68A21,27.045657749979554,27.220559181094803,27.096535097978215,0.12402408311658775,0.2422144690802093,0.42641107313488175,0.6157999171219444,,non significant
P28023,28.994905685167275,29.139365284906635,28.949729576426403,0.1896357084802318,0.24320686009443293,0.42641107313488175,0.614024179156133,,non significant
P35465,26.378898616805664,26.578297937926777,26.30530179206396,0.27299614586281606,0.2448384269770616,0.4268472229631662,0.61112041939249,,non significant
P20786,27.38607850058366,27.547540252641735,27.420035943844127,0.127504308797608,0.2451355975084728,0.4268472229631662,0.6105936178424024,,non significant
P34058,28.305530723769742,28.48869212138476,28.16890417250214,0.3197879488826203,0.24505653019381626,0.4268472229631662,0.6107337200464626,4.522828671558316,non significant
Q6IG01,26.732481494525288,26.917113946745644,26.711544264123372,0.20556968262227215,0.24896446421461726,0.4286672844936004,0.603862637228998,,non significant
Q5U206,27.09030947596252,27.44263764256912,27.10967167903463,0.33296596353449104,0.24789242403363151,0.4286672844936004,0.6057367457237686,4.124127838063028,non significant
P70600,30.300230139394433,30.591251910903264,30.29603856682684,0.29521334407642286,0.24790366401865,0.4286672844936004,0.6057170543079278,5.898706404111342,non significant
Q6P7S1,31.44284179454801,31.754658640154044,31.357567950114184,0.3970906900398603,0.24721190796101813,0.4286672844936004,0.6069306135298063,3.115917438796389,non significant
Q62910,29.672376263495966,29.8477892792435,29.663897972399074,0.18389130684442634,0.24864629192020035,0.4286672844936004,0.6044180130478969,,non significant
P55161,28.99915064807156,29.18768167776473,29.06748274382441,0.12019893394031911,0.24785653903118063,0.4286672844936004,0.6057996189105459,,non significant
P12346,28.08463864733159,28.194740497860888,28.039228336420937,0.15551216143995106,0.24930695306008846,0.4286672844936004,0.6032656090472909,,non significant
Q6IMF3,28.377280489580365,28.558567446409327,28.41543808900009,0.1431293574092365,0.24854080239973073,0.4286672844936004,0.6046023039027861,,non significant
P10536,24.33376160577649,24.457603380055094,24.349503239858638,0.10810014019645564,0.24988703069962465,0.42899228901015374,0.602256283456382,,non significant
B2RYW9,26.70692373464886,26.861377745038695,26.624656436369733,0.23672130866896168,0.2520004399197011,0.43157814057990634,0.5985987010655515,,non significant
P69682,26.52856621619734,26.690437376972437,26.579155781102653,0.1112815958697837,0.25218011678370095,0.43157814057990634,0.5982891584906673,,non significant
P27653,29.3627033922316,29.508315789782017,29.306182643473306,0.20213314630871082,0.2532282178258017,0.432068180272939,0.5964879014855742,,non significant
P35281,25.736402956895635,25.957442882985163,25.75589769891623,0.20154518406893374,0.2548273108541246,0.432068180272939,0.5937540287792816,,non significant
Q03555,29.721755105931276,29.860006902505486,29.53722089445226,0.32278600805322455,0.2538453520066607,0.432068180272939,0.5954307842638658,4.420470353662406,non significant
P13264,27.44619036587527,27.67818644360705,27.387850210606853,0.29033623300019684,0.2548599023330138,0.432068180272939,0.5936984876587993,6.434045173257784,non significant
Q62952,30.146462251947774,30.319795234063037,30.140725140030288,0.17907009403274898,0.25522350120042336,0.432068180272939,0.5930793378986082,,non significant
P27605,26.74715994298594,26.91242890000717,26.639257354608358,0.2731715453988137,0.25436179501043804,0.432068180272939,0.5945481188968785,,non significant
P04636,30.105341553927335,30.33282416687751,30.07412703597001,0.2586971309074997,0.25390711074403177,0.432068180272939,0.5953251364100413,,non significant
Q02253,27.667188356997503,27.774618810047482,27.44227022345242,0.33234858659506017,0.2576330790100517,0.432311306118765,0.588998376136668,4.140209539826148,non significant
P48056,21.721134489039887,21.826713640704885,22.597168714558663,-0.7704550738537783,0.2576946669114475,0.432311306118765,0.5888945692445795,1.9119871225399847,non significant
O88600,27.74479095760064,27.85071248288749,27.678900549793244,0.17181193309424714,0.2581257114929727,0.432311306118765,0.5881687339165365,,non significant
Q63716,27.829505928299646,28.106022572414492,27.8441635252842,0.26185904713029373,0.25690460546006133,0.432311306118765,0.5902281101829987,,non significant
P04631,26.46334093481139,26.838871416172495,26.108230010384855,0.7306414057876403,0.2577280008799762,0.432311306118765,0.5888383949258434,1.9583890898904808,non significant
P31596,28.826839424847932,29.18186911691483,28.768063180718602,0.4138059361962263,0.25804524647092053,0.432311306118765,0.5883041367895862,2.966385328551666,non significant
Q7TP54,28.228208426253957,28.44332842668489,28.283575361226273,0.15975306545861656,0.25702079114952325,0.432311306118765,0.5900317439204946,,non significant
Q8R523,28.22706840677129,28.385907961795464,27.901656186231676,0.48425177556378785,0.25897193785474976,0.43306740217478734,0.5867472934288324,2.5409616250918674,non significant
Q62813,26.985617918966554,27.151997072610726,27.013302481680437,0.1386945909302888,0.2611576499371769,0.4335595103443096,0.5830972481082708,,non significant
Q6VBQ5,24.81819289095551,25.0506315344736,24.49638906584209,0.5542424686315073,0.2620327760786484,0.4335595103443096,0.5816443820397703,2.291406238449003,non significant
Q63198,31.61412867579755,31.901198570437668,31.548726608866,0.35247196157166627,0.261835816160088,0.4335595103443096,0.581970947178756,3.7048000764055664,non significant
P0DJJ3,26.960620712842765,27.267687300265745,27.11425531351044,0.15343198675530445,0.2610291624138506,0.4335595103443096,0.583310970179301,,non significant
O70352,23.580862123999523,23.57886541054815,23.31207084304771,0.2667945675004404,0.26029997612147565,0.4335595103443096,0.58452587173061,,non significant
Q9R0I8,27.505445331303292,27.573881426729105,27.367327417337396,0.20655400939170931,0.26038340323219955,0.4335595103443096,0.5843867010346544,,non significant
Q5RJL0,26.031904514282058,25.804153679601427,26.226777924246942,-0.4226242446455153,0.2618196668578429,0.4335595103443096,0.5819977340761773,2.897349522058709,non significant
P20651,27.368271079198472,27.537956604665737,27.37422148485632,0.16373511980941657,0.26352193637955534,0.43435289452276543,0.5791832269331778,,non significant
P27139,26.64908755141206,26.860886247567823,26.423845150531946,0.4370410970358769,0.2629935788523243,0.43435289452276543,0.5800548549438782,2.796357437677838,non significant
Q29RW1,31.361843969044724,31.437224410835807,31.32013736435383,0.1170870464819771,0.263700116455936,0.43435289452276543,0.5788896784122569,,non significant
P31000,28.979463549720794,29.015871197070705,28.878017156387454,0.13785404068325136,0.26573215805208167,0.43668374448190683,0.5755558854863367,,non significant
P62198,27.44949217684915,27.72389187101851,27.43113622319314,0.2927556478253699,0.26591134121596516,0.43668374448190683,0.5752631394549144,6.145637661654945,non significant
D3ZFB6,24.7435137979063,24.77936868407548,24.61869751818024,0.16067116589523778,0.26665076045145225,0.4372434741632932,0.5740571734309506,,non significant
P48004,26.224700698039737,26.340054716609924,26.18956715109552,0.15048756551440334,0.2701849605916384,0.43910059521337375,0.5683388289403493,,non significant
P59649,25.540898737169098,25.585820635109126,25.447096872078557,0.1387237630305691,0.26906521605681544,0.43910059521337375,0.5701424428939996,,non significant
P84076,27.432096951107255,27.61537179071823,27.374095849285556,0.24127594143267217,0.26954739012798756,0.43910059521337375,0.5693648688381301,,non significant
P07825,27.533687194147152,27.730227079414778,27.48101620117521,0.24921087823956967,0.26840687551117465,0.43910059521337375,0.5712063634720529,,non significant
O88767,27.38044717775855,27.50600506324084,27.279912936888497,0.22609212635234144,0.2698004647478191,0.43910059521337375,0.5689573065646354,,non significant
Q68FQ0,28.389547653301133,28.5188332162751,28.272432308722674,0.24640090755242738,0.26931592455305425,0.43910059521337375,0.5697379661538607,,non significant
Q5I0P2,22.518963851321462,22.792728938987395,22.42502359978508,0.3677053392023133,0.27090798465289395,0.43928224533204213,0.567178194525383,3.461863056268511,non significant
Q68FW9,26.498399096329692,26.63557988087733,26.396644796410897,0.23893508446643352,0.27109761175003877,0.43928224533204213,0.5668743083448121,,non significant
P63142,24.93450745217201,25.178410709394978,24.713730153721837,0.4646805556731408,0.27372611666407515,0.4428872418591305,0.5626837638541022,2.6352470683550506,non significant
P21396,28.17355302018716,28.341058111671302,28.226834188040133,0.11422392363116884,0.27557855414828647,0.4451536375015413,0.5597545827638878,,non significant
Q9Z2F5,28.363042675160916,28.46684531297659,28.24691981056185,0.21992550241474262,0.2759384443947567,0.4451536375015413,0.559187788374121,,non significant
Q4QRB4,28.07056711963248,28.28917011111722,27.85158947819423,0.43758063292298743,0.2786248807878595,0.44816934636991484,0.5549801043284339,2.792832007017958,non significant
P13832,23.238003242126148,23.863483278399244,23.506135840294338,0.357347438104906,0.2784100969070339,0.44816934636991484,0.5553150185173171,3.620727955592645,non significant
Q64559,27.4371173689375,27.67723168975481,27.46530729726777,0.2119243924870382,0.2806429232378623,0.45075444625466315,0.5518459045845034,,non significant
Q01728,26.866064098447218,26.820933040684423,27.00822347892563,-0.18729043824120595,0.28242696326185024,0.4529566940032891,0.5490938436087535,,non significant
P62632,27.90883599459138,28.15535597562044,27.911387615669998,0.24396835995044341,0.28441813029632074,0.45521057864777403,0.5460427228625221,,non significant
P62963,26.57612893065432,26.780134425064812,26.443454456245323,0.3366799688194888,0.2853844160254788,0.45521057864777403,0.5445697460739584,4.031683085470992,non significant
Q76EQ0,26.216387380606736,26.44125251231605,26.087394758022523,0.3538577542935286,0.28543912785660674,0.45521057864777403,0.5444864942645994,3.680223169428511,non significant
P63259,30.01170101518602,30.21413929174464,29.84782340763243,0.36631588411221117,0.28549214048283367,0.45521057864777403,0.5444058432567305,3.4817874630806798,non significant
P62083,26.24802811193809,26.524320287824818,26.277077881348344,0.24724240647647378,0.28727597242400266,0.4573900460800158,0.5417006965978441,,non significant
Q9Z2A6,28.801865799329164,28.905079431136937,28.715816520375615,0.18926291076132173,0.2878916912785158,0.4577060656993215,0.5407708689321384,,non significant
P18445,26.967236581781474,27.04430768407052,26.84791034792818,0.1963973361423399,0.2884842391512277,0.4579793563088917,0.5398779088050502,,non significant
P84082,25.506788077260616,25.932250776866805,25.563359372121525,0.3688914047452805,0.28889855475456067,0.4579793563088917,0.5392546307542428,3.445164604370842,non significant
Q9Z0W5,28.719385711699953,28.88216970786507,28.777411553848935,0.10475815401613531,0.2905288011534419,0.4581295938136689,0.5368108079827676,,non significant
P81155,27.850505448537383,28.14048315546708,27.810439701568157,0.33004345389892364,0.2914990487529087,0.4581295938136689,0.5353628581332235,4.202207775941886,non significant
Q9JLT0,30.690275615196622,30.83578976366128,30.685571767876976,0.15021799578430262,0.2913844890360553,0.4581295938136689,0.5355335702919755,,non significant
Q9EPC6,26.371330070992016,26.538839875579395,26.40083018619063,0.1380096893887668,0.2908621049011048,0.4581295938136689,0.5363128573173608,,non significant
P18265,25.69399835955847,25.796143713738598,25.645613714759516,0.15052999897908137,0.28942866790512767,0.4581295938136689,0.5384584542246432,,non significant
P07483,26.960151091050236,27.101348327116913,26.888340304621916,0.2130080224949964,0.29095350066707765,0.4581295938136689,0.5361764131354656,,non significant
Q01205,28.52180362952435,28.66356269743476,28.33623744866118,0.3273252487735796,0.29288165504206337,0.45964402801308085,0.5333078299691757,4.27957411063111,non significant
Q9Z327,29.255542673139402,29.416103171967254,29.16698269390416,0.24912047806309445,0.2959256097300129,0.46375770553403456,0.5288174488875199,,non significant
P16036,28.73178598413906,28.97264251789713,28.741424548509467,0.23121796938766082,0.3011362053781013,0.46648249316868945,0.5212370264511839,,non significant
Q00981,28.654676194775632,28.83614667621241,28.61353617778181,0.2226104984306012,0.3014914199239752,0.46648249316868945,0.520725042836248,,non significant
Q4V7C7,27.223880018035015,27.47085003893577,27.204569584801543,0.2662804541342254,0.29920364071203354,0.46648249316868945,0.5240331262770728,,non significant
Q5U318,26.804765497265702,26.957453516809753,26.53849063746847,0.41896287934128296,0.30066337366293927,0.46648249316868945,0.5219194737448363,2.9252814697104523,non significant
P48768,26.869572388557785,27.19910221228481,26.89869542918515,0.3004067830996604,0.30034805816088717,0.46648249316868945,0.5223751715499458,5.479934888526145,non significant
P97544,22.769405861551764,23.032924304333918,22.755411443380495,0.2775128609534221,0.2990895025071621,0.46648249316868945,0.5241988296407605,,non significant
O35796,25.057579284876063,25.244547113160547,24.89785856429391,0.3466885488666378,0.3001524596807948,0.46648249316868945,0.5226580933495217,3.813810045000678,non significant
P84092,28.99055001538155,29.131128575084862,28.912122354708952,0.21900622037590978,0.2985362385665624,0.46648249316868945,0.5250029434148782,,non significant
P02688,31.12387323189445,31.44103478629432,30.90452326936178,0.5365115169325421,0.3006648072589632,0.46648249316868945,0.5219174029859321,2.3445602951374664,non significant
F1LTE0,29.05792999715336,29.279748832702193,29.103750150228976,0.17599868247321737,0.30267146108065524,0.46764872226123777,0.5190285267788157,,non significant
Q9Z252,25.658951954108332,25.767346190668018,25.46475075521145,0.302595435456567,0.3034438526640371,0.46818270938459733,0.5179216562658838,5.333457361003283,non significant
P00502,26.343036786675018,26.439323498806612,26.18042872014563,0.25889477866098076,0.30467355795548806,0.46941979364771125,0.5161652357423046,,non significant
Q9JJW1,25.54921188075797,25.731374393956262,25.542351594517182,0.18902279943907985,0.30562281201635794,0.47022191414017483,0.5148142326779033,,non significant
Q9JKE3,24.258526551216278,24.67723139943236,24.39271463350538,0.2845167659269805,0.3075365774661485,0.4710588067603626,0.5121032231503767,7.464058498328963,non significant
P19629,28.505369304412042,28.729192935759034,28.432699761061368,0.296493174697666,0.30841108429655956,0.4710588067603626,0.5108700217938249,5.784257997420134,non significant
Q63692,28.28399365363371,28.459201828293175,28.31290852935406,0.14629329893911347,0.30874319239808634,0.4710588067603626,0.5104026095591294,,non significant
Q63965,26.823740776613587,26.784646951205758,27.326916473195396,-0.5422695219896383,0.306793360790591,0.4710588067603626,0.5131540430386021,2.3266816509590065,non significant
P49187,22.705953777776422,22.84848377517387,22.3954088236777,0.4530749514961734,0.30772801989948184,0.4710588067603626,0.5118329576566754,2.698377348599353,non significant
P68035,22.700924500056534,23.308629619602062,22.383890726217896,0.9247388933841663,0.3086224029093198,0.4710588067603626,0.510572551679362,1.780669537005725,non significant
P01835,23.00879364531713,22.788114183017296,23.040857053544343,-0.25274287052704736,0.30928144826621534,0.471224651038942,0.509646129648447,,non significant
P57790,27.633189173028214,27.816855587712848,27.584335511359125,0.23252007635372252,0.3108856610315676,0.47123750554697696,0.507399308444025,,non significant
P12928,27.10717442664459,27.199449092679046,27.01098098438383,0.18846810829521488,0.309823166917946,0.47123750554697696,0.5088861111460397,,non significant
Q5BJS7,27.261653308012413,27.37412279819341,27.098567442904297,0.27555535528911435,0.3114377315602172,0.47123750554697696,0.5066287725780658,,non significant
P47875,25.899129186196845,26.177103784034674,25.745714667429727,0.4313891166049473,0.31135356371573003,0.47123750554697696,0.5067461590313264,2.8343439642134403,non significant
Q6AYP5,26.581120834484903,26.749185507624663,26.32880588034595,0.42037962727871303,0.3102291964775462,0.47123750554697696,0.5083173320143454,2.9143542642681726,non significant
Q04400,28.28380112669444,28.452042411897025,28.218326803245557,0.2337156086514689,0.31195439658781404,0.471369108893708,0.5059088891797264,,non significant
Q1WIM3,26.0219684902437,26.441299499002707,25.984690482572688,0.4566090164300185,0.31239464412144574,0.4713850407169546,0.505296420532385,2.6785179954779186,non significant
O88778,30.186955022984076,30.269557904870737,30.17294027736438,0.09661762750635816,0.31416628028693494,0.47340715587193355,0.5028404299617957,,non significant
P85972,29.32112764790093,29.423707149530035,29.339972113186317,0.08373503634371815,0.314989985367679,0.47399727564930577,0.5017032537300639,,non significant
Q9Z1N4,26.43393948138107,26.630507397296743,26.435112389377476,0.19539500791926656,0.3184855074685219,0.47794610354715256,0.4969103252427624,,non significant
P17077,26.781762563266014,26.900884142470414,26.736342509441712,0.16454163302870128,0.31836837825698344,0.47794610354715256,0.4970700748241171,,non significant
P14408,27.307858689167357,27.33097459217765,27.127321063071747,0.20365352910590317,0.32001417549087996,0.4785616902707924,0.49483078355161436,,non significant
Q9JLJ3,28.54533441409875,28.69363046221434,28.523832967844523,0.16979749436981706,0.3201730945980907,0.4785616902707924,0.49461516635341957,,non significant
P97546,27.196283278450558,27.591567837789956,27.2726196897806,0.3189481480093548,0.3202044490964098,0.4785616902707924,0.49457263804883483,4.553004842120894,non significant
Q99NA5,27.69781626648803,27.91011783439548,27.55275408184302,0.3573637525524589,0.3211427561305907,0.4793110251364054,0.4933018697202306,3.620457515483345,non significant
P41565,27.707747611948783,27.806683809914134,27.64865403042471,0.15802977948942498,0.323793698701015,0.48237562581812515,0.48973160723800735,,non significant
P39069,27.40299867171702,27.558893996987532,27.328872246768924,0.23002175021860793,0.32436012018454097,0.48237562581812515,0.48897254733530815,,non significant
Q920Q0,28.825685350639358,28.931115024619796,28.693156765327476,0.23795825929231995,0.3245152341420022,0.48237562581812515,0.488764910732606,,non significant
Q9JJK1,28.175797932910005,28.197407642058238,28.01876659877834,0.1786410432798995,0.3264008091560521,0.48321415336597723,0.4862487732895832,,non significant
Q6IG00,28.572102698489193,28.748340810937282,28.531299781251253,0.21704102968602967,0.32612475202469127,0.48321415336597723,0.48661623811586746,,non significant
B2GV54,25.663151240501286,26.013514291792603,25.80298504010182,0.21052925169078307,0.32553835950735355,0.48321415336597723,0.4873978293974304,,non significant
P09330,27.98410593609435,28.17090456919153,27.888199207493653,0.28270536169787874,0.32752609308608177,0.48357486421996193,0.48475409526947605,7.984367378552697,non significant
P53812,30.90377898242456,30.97807337256722,30.770124964042996,0.20794840852422425,0.327487760948064,0.48357486421996193,0.484804926060114,,non significant
P54287,26.407777281762556,26.538744483003754,26.21038850114476,0.3283559818589943,0.32941610525569065,0.48437724114927416,0.4822551718551123,4.249665840617249,non significant
Q8CFN2,26.84852432578628,27.061862795764423,26.78681933603886,0.27504345972556266,0.3298357330341912,0.48437724114927416,0.48170229648129087,,non significant
P0C2B9,26.488717756998994,26.613200613640686,26.25336053883055,0.3598400748101369,0.3292623171361311,0.48437724114927416,0.4824579698538021,3.580197014093971,non significant
P35467,23.706033491735386,23.859888215995856,23.58552556148857,0.2743626545072857,0.3296293034098281,0.48437724114927416,0.4819741873162436,,non significant
Q64119,25.526123937364158,25.67897216517366,25.349996158975316,0.32897600619834577,0.33031918353111267,0.484438695633196,0.4810662036026284,4.232015812429189,non significant
P06302,22.221279270100798,22.0750587126095,22.71443093333583,-0.6393722207263295,0.33082855639195496,0.4845379524191917,0.4803970101588438,2.0968701743488833,non significant
P97846,30.745649501251403,30.90826796498934,30.67322932503366,0.23503863995567897,0.3316989985522274,0.48516506854905794,0.47925583967707513,,non significant
Q4QQS8,28.37749594715827,28.491459397971425,28.36161446930792,0.1298449286635055,0.33345855906612953,0.486441541616415,0.4769581308244712,,non significant
Q4KM74,25.898271273135514,26.083673371769283,25.777029932147247,0.3066434396220359,0.3331896268704899,0.486441541616415,0.4773085278625853,5.096163549075432,non significant
P62494,23.990858820474042,24.20668244720828,23.876075579046873,0.33060686816140716,0.33528216784476195,0.4871583286433164,0.47458954413324916,4.186761249772889,non significant
Q9Z0V6,25.662532712118836,25.909962443809906,25.64922945707305,0.26073298673685485,0.3351168865902657,0.4871583286433164,0.47480368744914214,,non significant
Q9ESW0,27.869272381341954,28.09006724770264,27.9326748579111,0.15739238979153924,0.33519445112959745,0.4871583286433164,0.4747031793727367,,non significant
Q4V8B0,28.818663916232083,28.76363289127576,28.46715306962959,0.2964798216461695,0.339412155622978,0.49185618853158103,0.4692726080246784,5.785408863258949,non significant
P62747,26.9973550113402,27.14091234794314,26.992394312704846,0.14851803523829332,0.3392296414966216,0.49185618853158103,0.46950620660405695,,non significant
Q63450,27.69859563390649,27.785925732384687,27.561839858865483,0.22408587351920417,0.3410793181599644,0.49296971280827523,0.46714461387116085,,non significant
P31399,26.112663657982917,26.536050572514338,26.151161615433576,0.38488895708076143,0.3409690906945858,0.49296971280827523,0.4672849886004715,3.244259567820861,non significant
P12711,27.72568175925518,27.895466562664225,27.733891630923797,0.1615749317404287,0.34658838592218577,0.4983059755657114,0.46018599446231095,,non significant
Q6GQP4,25.143063197325706,25.30836702110678,24.998745948237882,0.3096210728688966,0.34631255348074086,0.4983059755657114,0.46053176542830365,4.943795541091058,non significant
P58775,26.760888558046794,26.835634692014903,26.68068868345,0.15494600856490237,0.34596411440969577,0.4983059755657114,0.4609689466468304,,non significant
Q8K3E7,22.88670712365306,23.23356097065235,22.785529925022328,0.44803104563002094,0.3456010825290687,0.4983059755657114,0.4614249058468922,2.7277550912149326,non significant
P07632,29.508962410589405,29.718554580931045,29.588098680511845,0.13045590041920008,0.3471087427496089,0.49840090418366617,0.45953444746343636,,non significant
Q8CGU9,28.527000132502028,28.621668830530734,28.49152679916838,0.1301420313623538,0.3507071294750429,0.5022528995223525,0.4550554053183898,,non significant
A8WCF8,25.423450908543355,25.726007120461063,25.415924470215447,0.3100826502456151,0.350428473978759,0.5022528995223525,0.45540061257976344,4.921590363932206,non significant
P46418,24.28704683890324,24.671995216767215,24.271831836604306,0.4001633801629083,0.3537230325161722,0.5059115601958812,0.4513366603746635,3.086355524426391,non significant
P70618,25.31597976495528,25.739807230678295,25.45521886890222,0.2845883617760734,0.35533753806904556,0.5075589573720611,0.4493589109595588,7.446495590169085,non significant
P42123,29.139503517763707,29.346187262154476,29.09523656693271,0.2509506952217677,0.3566874361472585,0.5088246000696263,0.4477121878526005,,non significant
Q6AYK6,28.11568529912956,28.238576380308178,28.126721842176753,0.11185453813142487,0.3618929789219275,0.5149112812935855,0.44141984254817695,,non significant
Q63610,27.582275899598176,27.74835029336636,27.61141436450104,0.13693592886532002,0.36182715733651716,0.5149112812935855,0.4414988398013429,,non significant
Q920J4,28.849085459566147,29.028185766658172,28.90042170393067,0.12776406272750052,0.362951512466831,0.5157484574820124,0.4401513894945168,,non significant
Q5XIH7,28.058265248923252,28.234067598328362,27.92815091828774,0.305916680040621,0.3636751541857539,0.5161082071691747,0.43928636836681717,5.135982350829382,non significant
Q5PQK1,29.352310437120693,29.390612790595473,29.234948080240457,0.1556647103550155,0.3643681987443801,0.5164236615278875,0.4384595343129731,,non significant
P18298,26.83650521016512,26.988483262001377,26.742668543368996,0.24581471863238136,0.3665309034500759,0.5183846220823287,0.43588940265442017,,non significant
P63326,28.005435960956913,28.184727163509365,28.004788944175033,0.17993821933433196,0.36669687031530274,0.5183846220823287,0.4356927966404182,,non significant
P26453,28.948654455830443,29.05749662473585,29.221379011413443,-0.16388238667759225,0.3678150185451674,0.5192961072638979,0.4343705417153189,,non significant
P62994,25.710441955327767,25.96829060990883,25.804046697419256,0.16424391248957448,0.36841883204520004,0.5194226017916524,0.4336581785721476,,non significant
P11240,27.10304056456938,27.395334563279192,27.181439575759963,0.21389498751922886,0.36885160145460094,0.5194226017916524,0.4331483266114946,,non significant
Q03114,27.09607988559402,27.183336440944817,27.05184177039342,0.13149467055139752,0.37174863239891387,0.5225392227833194,0.42975062049988216,,non significant
Q6IG02,25.199187580467758,25.18346306322684,25.47345780488297,-0.2899947416561304,0.3720174411976048,0.5225392227833194,0.4294366987247815,6.479346173504577,non significant
P62982,28.324636066548468,28.532283528249362,28.1951532662687,0.3371302619806613,0.37286947077894517,0.522564041271552,0.4284431736647386,4.020948203901598,non significant
Q04666,28.04200043563668,28.336270327959394,27.962174416170104,0.3740959117892899,0.3740843275881191,0.522564041271552,0.42703048636093766,3.3750662024718485,non significant
P31044,29.304453255934792,29.398289363515065,29.121855492643235,0.2764338708718306,0.37487213429385113,0.522564041271552,0.4261168411793967,,non significant
A0A096MJN4,27.299219150604408,27.788618842628996,27.287566805689128,0.5010520369398677,0.37489325476819635,0.522564041271552,0.4260923735109779,2.470155453272338,non significant
P06686,31.277304950848603,31.482581125331496,31.30755580630073,0.175025319030766,0.37488783970927114,0.522564041271552,0.42609864662249736,,non significant
P85971,25.05195043473634,25.172588381430092,24.918074332414196,0.2545140490158957,0.3734415112218833,0.522564041271552,0.4277774081529413,,non significant
P07340,29.59218296606225,29.81532882410633,29.580501375236125,0.234827448870206,0.3766766305847018,0.5239452123496626,0.4240313230484886,,non significant
B0BNF1,28.244045355417104,28.28364681995909,28.15192346656404,0.13172335339504926,0.376839355099256,0.5239452123496626,0.42384374810334474,,non significant
P30839,26.432928451354346,26.64499365931817,26.459210004737656,0.18578365458051493,0.37773341497760593,0.5245234888992831,0.4228145950017255,,non significant
P35571,28.14945586417027,28.2079805625265,28.06050759102749,0.14747297149900973,0.38210876767390867,0.5299283415148898,0.41781299709643294,,non significant
O35567,27.1298539847716,27.256374066130462,27.145117744617888,0.11125632151257392,0.3846200590618141,0.531478766731147,0.41496806977853756,,non significant
Q60587,26.737256016797726,26.941784289384184,26.731267350507817,0.21051693887636702,0.38512064352991837,0.531478766731147,0.4144032013698892,,non significant
A0A0G2K5L2,25.09944161259696,25.254201988062846,24.926376765308433,0.32782522275441295,0.38477335000237056,0.531478766731147,0.41479501550043746,4.264976851874004,non significant
P25409,26.85494927292608,26.922221101201192,27.07948794311424,-0.1572668419130494,0.38516464863378475,0.531478766731147,0.41435358034245956,,non significant
Q9JID2,25.941145570496456,26.141480546534897,25.993850215818238,0.14763033071665888,0.3871691028706057,0.5335734998103698,0.41209930784143983,,non significant
P19804,27.438190145985725,27.64284135884202,27.418492133212,0.22434922563002146,0.3894673559736399,0.5360673644957127,0.4095289377722673,,non significant
P19527,29.654486405593392,29.821305757435372,29.574024191284497,0.2472815661508747,0.39065795136154924,0.5370322965458891,0.4082033317350498,,non significant
Q07266,27.74865657920651,27.89533896477128,27.702545454329638,0.19279351044164272,0.3950773769001248,0.5417498530742961,0.40331783837407964,,non significant
Q6P9T8,27.233309073243614,27.48132832578226,27.015776957199915,0.46555136858234647,0.39493945722312096,0.5417498530742961,0.4034694750296292,2.630743352696374,non significant
P50475,27.402418575694227,27.480039549904166,27.35250171430134,0.12753783560282628,0.40091076642149687,0.5449309064860337,0.3969522806547881,,non significant
P24050,27.1491644762386,27.251301103291215,27.086481092548073,0.16482001074314212,0.3992614606697106,0.5449309064860337,0.3987426087294229,,non significant
P52759,24.656493601189105,25.122722662846115,24.620283536712567,0.5024391261335488,0.4040690341792195,0.5449309064860337,0.3935444304293735,2.4646725418212783,non significant
P47819,29.2114160721428,29.24607097994291,29.022497394094074,0.22357358584883613,0.400395505138457,0.5449309064860337,0.3975108065786384,,non significant
P82995,29.65687201354371,29.81376039983464,29.69192230234997,0.12183809748466956,0.39841421866053683,0.5449309064860337,0.3996651708115386,,non significant
P35704,27.454091107772186,27.662920623134568,27.444641321782466,0.21827930135210138,0.4019593865446657,0.5449309064860337,0.39581782525031384,,non significant
Q9JMB5,25.97563025898809,26.124626031406837,25.984827027916396,0.13979900349044172,0.4008046592118427,0.5449309064860337,0.3970672385923272,,non significant
A2RUW1,26.522689034944374,26.656475371561584,26.42604626001533,0.230429111546254,0.39869180815337707,0.5449309064860337,0.39936268761408944,,non significant
P51635,26.04272926157289,26.09656317014783,26.28314951636221,-0.18658634621437997,0.4048329987267675,0.5449309064860337,0.39272409453572643,,non significant
P29266,27.38707197600233,27.490965316211515,27.32273668011401,0.16822863609750627,0.40397667716159735,0.5449309064860337,0.39364370734584014,,non significant
P21533,29.544538346786315,29.69709955455268,29.556413775232972,0.14068577931970694,0.40511006458126175,0.5449309064860337,0.39242696704152263,,non significant
A9UMV8,29.363891573388198,29.605660953021765,29.400867303957934,0.20479364906383069,0.4037282028269449,0.5449309064860337,0.3939109114658395,,non significant
P17475,26.2452549486593,26.380437947429325,26.149251170253024,0.2311867771763012,0.40183469295148144,0.5449309064860337,0.39595257055701466,,non significant
Q6QIX3,26.90071757715643,27.104279958409112,26.778659460663878,0.32562049774523416,0.4028274689097744,0.5449309064860337,0.39488092245509154,4.330666099650271,non significant
Q9WVB1,26.703643049057387,26.812729833106044,26.534935945742745,0.27779388736329835,0.4053451410142238,0.5449309064860337,0.39217502862513853,14.073776177910212,non significant
P97874,29.66348118098009,29.82116559534875,29.662873447390094,0.15829214795865454,0.4014396385474803,0.5449309064860337,0.3963797470640039,,non significant
Q9QUL6,32.15736887244777,32.34777449495272,32.15084445359101,0.19693004136171055,0.40603227277742526,0.5451865400695661,0.3914394459003372,,non significant
P04218,28.162730650164914,28.213532217222337,28.560127809047145,-0.3465955918248085,0.40672950282550147,0.5454550911975246,0.39069432415405225,3.8156531164813567,non significant
Q9QXQ0,27.78456373076073,27.991688466150475,27.881506100290025,0.1101823658604495,0.40924200754638596,0.5481544350163435,0.388019793559017,,non significant
Q9WV97,26.247054659004615,26.515330905575656,26.341950338272422,0.1733805673032336,0.4133225483167321,0.549115938019226,0.3837109016565544,,non significant
Q64578,29.454226748626514,29.57048659147934,29.44086929703823,0.12961729444111114,0.4129860668088281,0.549115938019226,0.3840646001840718,,non significant
P55053,26.024970164123722,26.154640151602006,26.06088002644711,0.09376012515489762,0.4132695754424305,0.549115938019226,0.3837665659349088,,non significant
Q66HD0,29.213160399702723,29.413329404135798,29.179411225752393,0.233918178383405,0.4108335982880376,0.549115938019226,0.3863340466852129,,non significant
B0K020,24.95687533485358,25.552746313856833,25.201416740470194,0.3513295733866393,0.41346377830800424,0.549115938019226,0.383562531020732,3.7254893794702086,non significant
P09527,28.04252131096035,27.783185617233617,28.76910955612097,-0.9859239388873533,0.413377126017093,0.549115938019226,0.38365355847650484,1.742966591477776,non significant
P35434,24.859896172567314,25.15139084745051,24.93876594344482,0.21262490400568979,0.4123399200136676,0.549115938019226,0.384744617654626,,non significant
P01048,26.40865307926259,26.591062273588022,26.356126659813185,0.2349356137748373,0.41397391361001235,0.5491286375213827,0.3830270248988317,,non significant
Q9QXU9,26.525983994151733,26.754795740234538,26.446083652807378,0.3087120874271605,0.41610307155959736,0.5512863158223168,0.3807990783515841,4.988584418710754,non significant
Q9EQX9,26.753413461671602,26.92279673137384,26.733159940268234,0.18963679110560605,0.420701916966571,0.5567068792669824,0.376025509076165,,non significant
Q7TP17,22.35331697041331,22.097963481753823,21.80380865794795,0.2941548238058722,0.4212142726150554,0.5567133217574889,0.3754969214064395,6.000270072732415,non significant
Q6AY09,28.0707776439148,28.349386672507276,28.14784475757737,0.20154191492990492,0.4217522488050972,0.556753570323937,0.374942593051722,,non significant
Q63150,26.675609009975144,26.852345128537888,26.63690977579384,0.21543535274404846,0.42260450262105265,0.5572081002106908,0.3740658800876334,,non significant
P61265,28.200977205052435,28.395876187143077,28.166705130933195,0.2291710562098821,0.42314433533325757,0.5572501030739299,0.373511468684675,,non significant
Q9QUH6,29.685013861096852,29.87698209877844,29.672420330105993,0.20456176867244835,0.4248836388377264,0.5585167102287761,0.37172999213783214,,non significant
Q9JHY2,26.820477664140416,26.942306293715973,26.829518573227443,0.11278772048853014,0.42512438745763725,0.5585167102287761,0.3714839808139047,,non significant
P02401,26.245917516310417,26.389633863109875,26.15152397830022,0.23810988480965634,0.4257811870017436,0.5587104810297999,0.37081353162909814,,non significant
Q4KLH4,28.685948039215273,28.8122774684081,28.679101347310105,0.13317612109799626,0.4292130771079762,0.5621960293630351,0.36732705457813974,,non significant
P85108,31.519385862232074,31.7003991950621,31.45997490088404,0.24042429417806233,0.42946241805489827,0.5621960293630351,0.3670748349654586,,non significant
P49621,29.91070943622575,30.11999812161851,29.956960928762072,0.16303719285643936,0.4340029943832857,0.5674627948015071,0.36250727408276234,,non significant
O35095,28.01155488449391,28.24254619130869,28.04010391679131,0.20244227451738084,0.4356013343817119,0.568874599781831,0.3609107985358067,,non significant
Q9JHL4,28.964195263780294,28.959403672762402,28.81649367109526,0.1429100016671434,0.43785897168109744,0.5706252158231259,0.35866574722003436,,non significant
P07895,26.806706440074812,26.984708866299542,26.753197849363005,0.23151101693653686,0.4379821620082698,0.5706252158231259,0.358543576936841,,non significant
Q4KLF8,23.58608009832837,23.697157528685747,23.358514990918156,0.33864253776759057,0.43893934944506807,0.5711939102505809,0.3575954843615904,3.985596822575867,non significant
P63331,23.19916468913242,23.315062147296803,23.190692205176806,0.12436994211999775,0.4400313459068298,0.5719364768480951,0.356516385174092,,non significant
P10860,28.198903075844825,28.36435229730101,28.17783507179898,0.18651722550202976,0.4421351638916978,0.5739659430412822,0.35444494341390725,,non significant
Q62703,24.16222195338729,24.67147324718997,24.148320310202084,0.5231529369878842,0.44263918670275737,0.5739659430412822,0.35395014075800374,2.3885532334388193,non significant
Q5EB77,23.77125175352323,23.73511159408494,23.961220989957948,-0.2261093958730065,0.4437256157672196,0.574695396099929,0.35288549924099194,,non significant
P11517,26.449636227010114,26.602209821218025,26.883593938718104,-0.2813841175000782,0.44541027593576155,0.576197019695201,0.35123976770001064,8.501765920321757,non significant
Q9JI66,27.306516363569,27.34202521058765,27.21848354020665,0.12354167038100172,0.44750160370680714,0.578220564506911,0.34920540396869726,,non significant
P28492,27.3581233512824,27.397257283881796,27.58569536561322,-0.18843808173142307,0.4481799388724741,0.5784157564036518,0.34854758696198496,,non significant
P38983,25.757783603874632,25.84162926349695,25.598336587180682,0.24329267631626905,0.4487758654222608,0.57850425895208,0.347970506911813,,non significant
P62738,24.31244579249854,24.690048533577297,23.812181671430864,0.8778668621464334,0.4494474262746315,0.5786899373512567,0.3473211021825285,1.8141940679830388,non significant
Q9JK11,26.864538517147327,27.01481919486579,26.909505609571127,0.10531358529466317,0.4520910491044111,0.5814113491999285,0.3447740914241097,,non significant
P19493,28.28213083386766,28.504639865451125,28.307285743478662,0.19735412197246305,0.45391090868970985,0.5830682281412315,0.3430293798770739,,non significant
P62628,26.491904241385043,26.576141868614897,26.420701204913183,0.1554406637017145,0.4550358982413377,0.5831476406200321,0.3419543400612715,,non significant
Q68FS4,28.60009415851386,28.791362743330467,28.647314911869262,0.14404783146120437,0.454847381465073,0.5831476406200321,0.3421343011588661,,non significant
P05065,28.703689658208923,28.951463453760855,28.778238397889368,0.1732250558714874,0.4565281219104941,0.5843773042424878,0.34053246497661077,,non significant
Q9JJ79,31.185899847631298,31.475840415054126,31.15442396904906,0.3214164460050668,0.45745621954916726,0.5848828354841917,0.33965046338556204,4.466228357488116,non significant
P54290,27.571066690053026,27.676388307550322,27.58322110381205,0.09316720373827181,0.461274216603608,0.5890777830199744,0.3360408200497048,,non significant
P62828,25.31767881251157,25.56092589039741,25.382001974933615,0.1789239154637947,0.46321171955861695,0.5908642515765149,0.33422046120797283,,non significant
P17220,26.589873670099237,26.839097355935554,26.605443903948117,0.23365345198743626,0.46766783382977495,0.5958555327656947,0.33006249981703695,,non significant
Q6IG03,28.789313668805665,28.942112966230525,28.8087148962552,0.13339806997532477,0.46861054254358026,0.5959804884742606,0.3291879451095241,,non significant
P14480,27.739869267043574,27.793980507091167,27.68042141557179,0.11355909151937738,0.46885247178968714,0.5959804884742606,0.328963790049919,,non significant
P60203,32.8461443203684,33.18354329414681,32.890901515396884,0.2926417787499247,0.4700675318403831,0.5961434478946823,0.3278397450455829,6.158087576926422,non significant
P28480,26.69896548473118,26.83461748871875,26.764081416114887,0.0705360726038613,0.4695588228003821,0.5961434478946823,0.32830999484107026,,non significant
Q63942,22.974552889008617,23.154469888127085,22.965999290284984,0.18847059784210174,0.4734665289183265,0.5983787813633689,0.3247107174418574,,non significant
Q62881,24.496468198756798,24.71521870262288,25.465101711941298,-0.7498830093184168,0.47318176925619176,0.5983787813633689,0.3249719962164611,1.9351167113142564,non significant
Q6AYS7,27.41971353512181,27.608928024534933,27.165518130397363,0.44340989413757015,0.47285824337881543,0.5983787813633689,0.3252690354682861,2.755801171759966,non significant
Q6XVN8,26.44902813794571,26.6436781276648,26.54229068516113,0.10138744250366827,0.47508982928337984,0.5992232479015004,0.32322426685165384,,non significant
Q63081,27.560500352937662,27.4588365722781,27.878450149849783,-0.4196135775716847,0.47522718839954914,0.5992232479015004,0.3230987207328391,2.9202437588398586,non significant
Q9Z2G8,26.545555268759927,26.577016921845882,26.495813945246017,0.0812029765998652,0.4773909794606839,0.6012605102966363,0.32112579146135634,,non significant
P10499,27.94912840065015,28.06255770561823,27.960962155419228,0.10159555019900068,0.4786892576011297,0.601780576300174,0.3199463185320472,,non significant
Q64428,28.492134515795474,28.68076813003701,28.444529798508388,0.23623833152862161,0.4789010420328641,0.601780576300174,0.31975421798217724,,non significant
F1LU71,28.711668690968825,28.90161756058603,28.79558145089203,0.10603610969399924,0.48156432181109377,0.6044348524333751,0.31734569661431783,,non significant
P97576,26.14548007375569,26.383389808179373,26.235187600881087,0.14820220729828648,0.48302666925536264,0.6055774356264375,0.3160288899716997,,non significant
P13638,26.901249595736925,27.05839813810039,26.90172101553044,0.15667712256994903,0.4845087021954769,0.606742061995934,0.3146984182385286,,non significant
P14604,27.009049880054057,27.274643855340475,27.10402128652746,0.17062256881301607,0.4852724161157178,0.6070055193602536,0.3140143941765696,,non significant
Q9ERH3,29.541286287305354,29.65387857070617,29.504390850097693,0.1494877206084766,0.4860653851674708,0.6073049288481953,0.3133053058253355,,non significant
P53042,28.339653653394677,28.553398161207046,28.395992601489255,0.15740555971779102,0.48763594195196325,0.6079118385424115,0.3119042915357408,,non significant
P36877,25.599688044925873,25.77825849904659,25.617047469580978,0.16121102946561194,0.48765945115526177,0.6079118385424115,0.31188335445895227,,non significant
P38718,26.72337262620407,26.872443437184717,26.772172375468404,0.10027106171631317,0.48901573291102873,0.6082202483031729,0.31067716826588954,,non significant
P31647,26.74983284319058,27.078071548639418,26.87732354456902,0.20074800407039817,0.4886330763601233,0.6082202483031729,0.3110171382744096,,non significant
Q8R431,23.336873500477274,23.14783077465553,23.619483685766454,-0.47165291111092245,0.49715983000946895,0.6160741475986224,0.30350396914945965,2.6000330804901846,non significant
Q5PPN5,26.007361936598212,26.10080497037137,25.91307792881582,0.18772704155555076,0.4975767500204006,0.6160741475986224,0.30313992086897995,,non significant
P11950,26.405652986674138,26.442110185080413,26.49849844792097,-0.056388262840556536,0.4973801676006938,0.6160741475986224,0.3033115356589608,,non significant
P01946,30.632203427155396,30.93377086997444,30.67073969992593,0.2630311700485066,0.4968819889488436,0.6160741475986224,0.30374674533918666,,non significant
Q99MZ8,25.555419053558815,25.616743527083056,25.765870867402025,-0.14912734031896946,0.4989571634183909,0.6169157742895354,0.30193673792285797,,non significant
Q6IFW2,28.30693073555435,28.45388706969902,28.310888925532662,0.14299814416635925,0.49938122841304233,0.6169157742895354,0.3015677866740051,,non significant
P39052,28.10376753748968,28.18969740426279,28.00663171822842,0.18306568603437157,0.5027496480088198,0.6203783620536281,0.29864822479463315,,non significant
Q9Z250,27.182865849047385,27.377759378081652,27.21854017092764,0.15921920715401328,0.504899360285221,0.621632545715923,0.2967951795615439,,non significant
Q63598,28.140660897929468,28.330312871202867,28.138946869497744,0.19136600170512352,0.5045873242311851,0.621632545715923,0.29706366361946585,,non significant
P17764,27.04221150058595,27.19141452939761,27.566058931368946,-0.37464440197133797,0.5061563074067319,0.6224814677412386,0.2957153468726193,3.367964629738638,non significant
P97612,24.78223679735839,24.94147291437785,24.743533421486887,0.19793949289096346,0.5076338017660971,0.622901879795759,0.294449467287068,,non significant
P29101,27.387663536534255,27.59496141940727,27.391059055020488,0.20390236438678144,0.5074678038484032,0.622901879795759,0.29459150623155544,,non significant
P24135,30.59673120743953,30.588980274021484,30.516538257671822,0.07244201634966174,0.5115458533312225,0.6270008950886604,0.29111543144117913,,non significant
Q63170,30.480262574327188,30.65234854802527,30.554747724533346,0.09760082349192345,0.5138427087155901,0.6285172830756136,0.2891698016098415,,non significant
P04897,29.0641407646711,29.174843922926232,29.085854452999882,0.08898946992635004,0.51392889965253,0.6285172830756136,0.289096960040594,,non significant
P15384,23.848759325556344,23.7116564961979,23.868353973739485,-0.15669747754158436,0.5162433052203436,0.6306446612769676,0.28714556734467556,,non significant
Q68FR2,28.26939041950491,28.285606150800902,28.21307176040099,0.0725343903999125,0.5272923443633448,0.643425697181968,0.2779485340447746,,non significant
P56603,26.27353296644435,26.45379870267125,26.29840499792705,0.1553937047441991,0.5311772862882287,0.6474460922868743,0.27476050414190234,,non significant
P17659,29.78830737742663,29.986795133480147,29.84696698719982,0.13982814628032614,0.5319994151507617,0.6476610045835745,0.2740888451428025,,non significant
P24329,25.07303576270796,25.17120453566618,25.06040468835781,0.11079984730837111,0.5325343902774696,0.6476610045835745,0.273652340893038,,non significant
P62755,27.815724985514333,27.988499738818195,27.780777037846956,0.2077227009712388,0.5339440587012176,0.6479387526495971,0.27250424160444026,,non significant
Q8CFD0,24.864338495857844,24.97308570213441,24.84755936754145,0.12552633459295848,0.5335110190773806,0.6479387526495971,0.2728566062768461,,non significant
Q5XII0,28.6629733959265,28.610638594100504,28.336363211384413,0.2742753827160911,0.5350693948307618,0.6485868797009344,0.2715898893102566,,non significant
Q6PEC4,27.60221352165323,27.815926338491597,27.72303764114311,0.09288869734848504,0.5365145532774395,0.6496208222354869,0.2704184930412503,,non significant
P49186,20.506554065402636,20.576209068688144,20.257827480908546,0.3183815877795979,0.537379652672771,0.6499509139823922,0.2697187817049192,4.573761451552577,non significant
P29314,30.324724689752102,30.346375075542124,30.21060965757404,0.13576541796808428,0.5414648420930541,0.653049575820996,0.26642973734093944,,non significant
Q9JJL4,27.543393381787347,27.679698088259354,27.82032725060718,-0.14062916234782463,0.5423228473773267,0.653049575820996,0.26574209890054895,,non significant
D3ZW55,23.77343728438548,23.963620403487166,24.03157668301948,-0.06795627953231431,0.5406029883210568,0.653049575820996,0.2671215579570157,,non significant
P09606,31.374536121397973,31.47649008576686,31.636886660532966,-0.16039657476610714,0.5418200091928898,0.653049575820996,0.26614496068786264,,non significant
P09117,28.61564046379618,28.741295979222304,28.612892375203042,0.12840360401926176,0.5435730964401416,0.65383737587153,0.26474204634118126,,non significant
P85515,27.073771408764728,27.11942994354986,27.048689540990978,0.07074040255888292,0.5504185888433893,0.6606227483164093,0.2593069074473536,,non significant
P52555,25.674581691569035,25.957887167318194,25.84100949220642,0.11687767511177327,0.5501304776265119,0.6606227483164093,0.25953429415519763,,non significant
Q6PDU1,26.914148896520608,27.00363745268444,27.180042141896205,-0.17640468921176478,0.5538910036612874,0.6640638590343522,0.2565756886391792,,non significant
B5DFN2,27.980240218995164,28.056764812689824,27.90179941978606,0.15496539290376532,0.5568611468614992,0.6657338121098954,0.2542530825094062,,non significant
Q9ERQ6,25.266927057471342,25.480169338257934,25.375791511882316,0.1043778263756181,0.5571045027501221,0.6657338121098954,0.2540633313778776,,non significant
Q52KK3,26.369944031524867,26.586998423605422,26.45647629896249,0.13052212464293333,0.55659601263756,0.6657338121098954,0.25445990920518785,,non significant
P80432,23.699493073097265,24.097494225907923,23.8489872816406,0.2485069442673229,0.5605135584619079,0.6690787525927235,0.25141387763819406,,non significant
Q641Y8,28.120807824887258,28.20141784007322,28.125645714657296,0.0757721254159236,0.5656918393871797,0.6745260302258002,0.24742008630233456,,non significant
P01041,24.75131532946431,24.56403455903035,24.845284618409465,-0.28125005937911496,0.5713960712419754,0.6805879371904963,0.24306275002922362,8.564351788276365,non significant
P26769,28.683392277514994,29.106949801788208,28.769957331647316,0.33699247014089195,0.5723323398210919,0.680963749223143,0.242351713450287,4.024222766446607,non significant
P11762,24.56234084526603,24.79674315290333,24.509355209979418,0.28738794292391034,0.575439568159528,0.6825282590318072,0.24000027862483658,6.875262979538284,non significant
Q4FZY0,27.87108250840863,27.971372069790817,28.055634919998983,-0.08426285020816593,0.5755138009156078,0.6825282590318072,0.23994425745620745,,non significant
P55260,27.196874592463885,27.333601250884232,27.38041973618302,-0.04681848529878607,0.5742899952203206,0.6825282590318072,0.24086874955281362,,non significant
D3ZHV2,32.51856346389515,32.6705990398871,32.55776287042509,0.11283616946201391,0.5779911986920965,0.6847260744764901,0.23807877470846436,,non significant
Q9EPB1,24.733686940747848,24.84438772521842,25.146955317086736,-0.30256759186831417,0.5810855512568753,0.687649244583379,0.2357599231973017,5.335231954557514,non significant
Q5PPN4,22.70564845382012,22.6490266006824,22.864403295805214,-0.21537669512281354,0.5818058824314725,0.6877597554173763,0.2352218920703729,,non significant
B0BNA5,26.298947865768515,26.44195546355812,26.286549665724095,0.15540579783402464,0.5878995099897487,0.6942150295573244,0.23069690179227037,,non significant
P19234,28.872036762660944,28.973391512979443,28.853598300473113,0.11979321250633035,0.5885831306202884,0.694274940097265,0.23019218937115146,,non significant
P10960,27.9012236867986,27.990956000449035,27.874811795345554,0.11614420510348111,0.5898934740398993,0.6950731912156494,0.22922640838101005,,non significant
Q78P75,26.52478805394427,26.7785287719576,26.7128843542318,0.06564441772579954,0.5910494202827368,0.6956879979078995,0.2283762042985165,,non significant
Q9WTP0,28.414260587231777,28.48316741674759,28.390087837824066,0.09307957892352547,0.5918379965671816,0.6958695415157538,0.22779715615792306,,non significant
P16086,31.93739872067158,32.06870845992888,31.956334534042444,0.11237392588643402,0.5957089825607229,0.6989227314108161,0.22496585122372798,,non significant
P28570,23.246502427257738,23.63420376275373,23.502451421149985,0.13175234160374671,0.5952053098497834,0.6989227314108161,0.22533320308688454,,non significant
P30835,27.96023549679046,28.006533444458082,27.906631233609886,0.09990221084819595,0.5964919707908104,0.6990936879888024,0.2243953978691029,,non significant
P06349,27.911765599226115,27.91667188962512,28.0382822926302,-0.12161040300507864,0.5978330805711252,0.6999177047881796,0.22342005732616957,,non significant
Q5M7U6,25.080423918694695,25.030801800710233,25.162518741470137,-0.1317169407599046,0.6084620529960418,0.7100881618475083,0.2157665015560358,,non significant
Q4KM73,25.725912094154143,25.827848471118358,25.7580062217408,0.06984224937755812,0.6082908777266773,0.7100881618475083,0.21588869641340852,,non significant
P52303,29.30551627383703,29.50654371236887,29.64955223912935,-0.14300852676047882,0.6076601245222665,0.7100881618475083,0.2163392617078686,,non significant
P49185,25.434440457550114,25.42713903524141,25.284920182292854,0.14221885294855596,0.6099833918242155,0.7111070997143086,0.21468198947659317,,non significant
Q5U316,27.760028340040922,27.753609597319052,27.619462492309196,0.1341471050098555,0.6140596276345313,0.715099162967177,0.21178945508797709,,non significant
Q6MG60,26.903062750303455,26.87573038946911,26.566544178648048,0.30918621082106057,0.6194853461110444,0.7206526242670368,0.2079689623765093,4.965043911915823,non significant
O88656,26.75031149439484,26.87743870489824,26.830678048497173,0.04676065640106586,0.6206188435608346,0.7209315241157006,0.2071750422706246,,non significant
P04644,25.376203658841415,25.259782879831587,25.488625420242712,-0.22884254041112584,0.6216966470496379,0.7209315241157006,0.20642147487370854,,non significant
Q9ERC1,28.670369021181635,28.77059227238237,28.705684258486993,0.06490801389537637,0.6214501544889761,0.7209315241157006,0.20659369968287192,,non significant
P62142,27.051052780214967,27.245452243818292,27.129382518170683,0.11606972564760909,0.6233070123823713,0.7220356838262527,0.20529798714323683,,non significant
P62138,22.322988905690973,22.626251533886883,22.37186268241822,0.2543888514686614,0.6278235138436741,0.7265004163359815,0.2021624227211626,,non significant
Q02563,28.215128311384884,28.2786759151455,28.17593306239601,0.1027428527494898,0.6309525047489082,0.7293518416328264,0.20000333124999745,,non significant
P06687,30.315555681126625,30.50370273837632,30.379211677572822,0.12449106080349637,0.6326502650857373,0.7305445692621619,0.1988363056511895,,non significant
Q505J6,25.214847850810216,25.374615508401558,25.295241503064762,0.0793740053367955,0.6356707854813559,0.73326062215883,0.19676774766312247,,non significant
P14841,26.783263860183297,26.869376959476472,26.80435744610503,0.06501951337144263,0.6374475419627328,0.7345377663163003,0.19555554920539595,,non significant
P15791,23.892723100267215,23.88494418112874,23.721966284713748,0.1629778964149935,0.6390287713274316,0.7355871586004118,0.19447958793323247,,non significant
P11030,26.197848859128623,26.32769993794176,26.22601822237206,0.10168171556970051,0.6423465970983055,0.7386312547346344,0.1922305722586099,,non significant
P16638,28.619482123425186,28.67253230712697,28.620637651002042,0.051894656124929384,0.644041770735335,0.739805049734725,0.19108596460980326,,non significant
Q6IFV4,26.310258671014655,26.361556965498767,26.258348697015464,0.10320826848330356,0.6454102353919193,0.7406014939591375,0.19016415151503438,,non significant
P47198,25.841982843897185,26.00808929877365,26.174911102856157,-0.16682180408250602,0.6467487424751868,0.7413619336418809,0.18926440704376252,,non significant
P13437,25.865535985253352,25.907225363628886,25.687112316346838,0.22011304728204806,0.648727415681003,0.7428538361190609,0.18793774808891073,,non significant
P51156,24.147244894782677,24.12040252867271,23.934907518563296,0.18549501010941327,0.6591427308519986,0.7532078914006692,0.18102053303941137,,non significant
P29348,24.486140275393097,24.60551884286838,24.487620555881552,0.11789828698682925,0.6590730042776118,0.7532078914006692,0.18106647675821164,,non significant
P00884,27.013147915050137,27.09355888288771,27.041592406088725,0.05196647679898447,0.6624633802992936,0.7562147015487254,0.17883812369077948,,non significant
B2RYG6,26.42775265902515,26.436961267753322,26.494545353211493,-0.05758408545817062,0.6693121023079465,0.7632384368314109,0.1743713221382289,,non significant
P04256,26.217947028628615,26.063869853504638,26.156808019998383,-0.0929381664937452,0.6753893139986039,0.769368720100175,0.17044581504818448,,non significant
Q9JKS6,31.474391702761135,31.579914324170627,31.523777438079396,0.05613688609123102,0.677673035595869,0.7703702798431796,0.1689797944616379,,non significant
Q9Z1Z3,28.654458242316437,28.6309920105715,28.536149484699354,0.0948425258721457,0.6774732742145948,0.7703702798431796,0.1691078326898131,,non significant
M0R8U1,31.103930940421062,31.208708764510675,31.142496390540003,0.06621237397067148,0.6816640618831618,0.7736303789118998,0.1664296019048066,,non significant
P63088,23.58738342094549,23.766810016347847,23.669189758505055,0.0976202578427916,0.6819513002805899,0.7736303789118998,0.16624663820947116,,non significant
Q9JJW3,26.10441141646952,26.364435943084022,26.263212724061162,0.10122321902285947,0.6834514018747817,0.7745311858023094,0.16529236134192785,,non significant
P21670,26.865882045015073,26.94002860180484,26.878956515748623,0.0610720860562175,0.6854025697416175,0.775140844336654,0.16405427162702688,,non significant
P41498,25.41905252460424,25.627948857533966,25.527481710252953,0.10046714728101236,0.6848109136306962,0.775140844336654,0.16442932705195917,,non significant
Q9Z2L9,28.020331205453314,28.037996151655005,28.14794502724799,-0.10994887559298405,0.6889084855605012,0.7783034074766939,0.16183846583660932,,non significant
Q6PST4,27.779050003015595,27.972100413932424,27.848296960328224,0.12380345360420009,0.6902028048164566,0.778963453584005,0.16102328017371947,,non significant
P25286,28.83103502966996,28.911366893801425,28.827263845337015,0.08410304846441008,0.6927037513663827,0.7809825439351715,0.15945246041670805,,non significant
Q3B8Q0,26.362347473434344,26.54242993274242,26.501477095314545,0.04095283742787359,0.6953504469726239,0.7831616430482222,0.1577962618453811,,non significant
Q04970,27.372984242796306,27.55167001085812,27.345648658839725,0.20602135201839644,0.7022218541544705,0.7900896143666195,0.1535256587911992,,non significant
P23978,28.873622200346514,28.950279194310294,28.83994159494679,0.11033759936350407,0.7052843022767257,0.7927222127024264,0.15163578226976762,,non significant
P18666,25.558769911516276,25.660623930367276,25.77995885986017,-0.1193349294928936,0.7067483270842192,0.7935546722736831,0.15073521083837513,,non significant
P31643,23.977616796771063,23.94726204661636,24.068161942168302,-0.12089989555194336,0.7113723473116019,0.7979299233137294,0.14790302085307067,,non significant
M0RC99,29.451699112316973,29.6548875190683,29.75073583334381,-0.09584831427551066,0.7147166097155238,0.8008622276383346,0.14586612495916895,,non significant
P62749,25.3937513275154,25.388345229265997,25.287483267965992,0.10086196130000502,0.7179671664920015,0.8028644053432473,0.14389541611618206,,non significant
Q00728,23.45544259547931,22.831933899623817,23.3295020681861,-0.4975681685622817,0.7175077420394959,0.8028644053432473,0.14417340845196086,2.4841592843629017,non significant
P28572,23.78937002917125,23.73292197955877,23.87054030672739,-0.13761832716861733,0.7224630391773561,0.8068152901535329,0.14118436627648953,,non significant
Q71LX6,31.785453086482157,31.904958491850312,31.8259720335478,0.07898645830251283,0.722971221714606,0.8068152901535329,0.14087898970310675,,non significant
Q8VII6,29.75846085952894,29.922340569614907,29.998080170962023,-0.07573960134711655,0.7238632741604262,0.8069898493434833,0.14034345712493984,,non significant
Q64232,28.69225759774805,28.806775389674502,28.719559849734726,0.08721553993977693,0.7270984602697135,0.8075793901088808,0.13840677503303622,,non significant
P63329,28.188732332859463,28.411123243853698,28.296334320403957,0.11478892344974057,0.7257948995674135,0.8075793901088808,0.13918608807471658,,non significant
P13383,31.67237162791316,31.795390297124,31.874480512566763,-0.07909021544276129,0.7265834548023697,0.8075793901088808,0.13871449577944697,,non significant
P60901,27.839362290129035,27.99975429885895,27.917726485423298,0.08202781343565135,0.7273367706723557,0.8075793901088808,0.13826445601934345,,non significant
Q99ML5,27.863059608353012,27.93848646986346,27.780461324037702,0.1580251458257571,0.7288459699378707,0.8076202313351961,0.13736424325139324,,non significant
P52481,26.94689238958927,27.037129983532022,26.919498011859073,0.11763197167294948,0.7286475037356477,0.8076202313351961,0.13748251860364608,,non significant
P85969,26.790030211178035,26.995952039764052,26.911151782020866,0.08480025774318634,0.7300156273751277,0.8081000436231232,0.13666784287935094,,non significant
P46844,27.35964658014415,27.39899465088105,27.33078460193695,0.0682100489440991,0.731111255347593,0.8084970233027314,0.13601653014605053,,non significant
Q00729,31.686816851572836,31.89627037194815,31.788881208685904,0.10738916326224768,0.7332211688237624,0.8091988150902086,0.13476500501555697,,non significant
P27274,23.388655318963927,23.684174385550932,23.523979371312702,0.16019501423823002,0.732694414423894,0.8091988150902086,0.13507711922137025,,non significant
B2GV06,27.564452466787408,27.619829799987972,27.71123657484253,-0.09140677485455839,0.7362904084161382,0.8115456496384347,0.1329508569986155,,non significant
Q9Z0J8,26.55127977246507,26.553096681072528,26.470210759847095,0.08288592122543292,0.7372928468083074,0.8115456496384347,0.13235997958767876,,non significant
P15205,32.59081961174505,32.67122968651788,32.77605269317293,-0.10482300665504596,0.7375670124790514,0.8115456496384347,0.13219851524440146,,non significant
Q4FZT2,28.911375692688047,28.93864618288278,28.87085800008104,0.06778818280174193,0.7390355230057949,0.81234666206148,0.13133468599676001,,non significant
Q64542,29.361762388340903,29.4629294170126,29.321464317415217,0.14146509959738296,0.7400373018646267,0.8126335536991947,0.13074638893702145,,non significant
P61227,25.471279347574686,25.593691307716227,25.681029273195985,-0.08733796547975814,0.7417438341152595,0.8136929860244396,0.1297460551504515,,non significant
P61150,27.81681728029457,27.76954652354236,27.69405014720394,0.0754963763384211,0.7448932662122427,0.8163315814533769,0.12790595170252672,,non significant
P19492,27.363595675438628,27.356155233561648,27.41797983300515,-0.061824599443500716,0.7474085617422858,0.8182706509294286,0.12644193151162475,,non significant
Q80ZA5,28.69043605634393,28.718300873914796,28.607674523784315,0.11062635013048094,0.7494221797515104,0.819657159708282,0.1252734577579026,,non significant
P83868,26.011970399134658,26.182172005778508,26.123653557392775,0.05851844838573328,0.7504557593716334,0.819970087679962,0.12467490505575052,,non significant
Q9WTY9,23.960223139963443,23.9549274207241,23.867484429664007,0.08744299106009379,0.7609626243481279,0.830622884487459,0.1186366736341417,,non significant
Q5FVI4,23.094668719369,23.238296676714068,23.126096867598438,0.11219980911562999,0.7661970290105828,0.8355051101636276,0.11565953636078662,,non significant
B0BNN3,24.07819614700491,23.978487829061162,24.234020592060418,-0.2555327629992554,0.7683228830852951,0.8369912638972877,0.11445623195615022,,non significant
P23928,25.75451622438699,25.653844258172793,25.875297849287467,-0.221453591114674,0.771669286667608,0.8398027851928235,0.11256878483002772,,non significant
P20717,28.461194837008044,28.534678848219386,28.564749693386787,-0.030070845167401217,0.7735542050115289,0.84101978483414,0.11150924872273772,,non significant
D3Z987,31.667009462843005,31.872174752648593,31.78835175501456,0.08382299763403367,0.7757895454891085,0.842614981585695,0.1102560772327189,,non significant
Q9WU82,28.079907399476326,28.171173618226984,28.10504540846669,0.06612820976029354,0.7822541414457501,0.8487960367616102,0.10665212891391963,,non significant
Q9Z0V5,23.898066895150237,23.985383173083846,23.89714381404299,0.08823935904085545,0.788320862569088,0.8545335832394165,0.10329697987027453,,non significant
P47728,27.625246968634013,27.6694422701471,27.708672958056912,-0.03923068790981077,0.7916155243029248,0.8572578777495642,0.10148569747096518,,non significant
O08560,28.27678235702679,28.205387323944336,28.141143893327335,0.064243430617001,0.800637784567738,0.8661732245274247,0.0965639180504826,,non significant
P50408,27.95091817143544,28.0727732341032,28.018666576232505,0.05410665787069391,0.8026431465979804,0.8674872234659945,0.09547749819579918,,non significant
P62775,22.513829211295025,22.66104283296821,22.54537360481271,0.11566922815550029,0.8036867902965638,0.867760245034774,0.09491316984365618,,non significant
P62870,22.409726550429728,22.574728582555025,22.46359479945299,0.11113378310203359,0.8062819441464859,0.8697062858689234,0.09351306566926709,,non significant
Q05683,28.029140552477017,28.029504064392842,27.959089182302943,0.07041488208989932,0.8091394955562975,0.8719312638754994,0.09197659961409109,,non significant
Q561S0,26.98682812949684,27.13944568017989,27.16687969429606,-0.027434014116170857,0.8104701472602093,0.8725080976883705,0.09126297726078535,,non significant
Q64548,26.95450433127546,27.267293738761754,27.146709434750434,0.12058430401132014,0.8188931781150217,0.8807115846982145,0.08677274681212364,,non significant
Q641Y2,27.820012805865463,27.965019604959437,27.92840860749676,0.036610997462677375,0.8210861719494496,0.8822052209878023,0.0856112618351617,,non significant
Q7M767,26.95112141065692,26.918961039644724,26.96495261791453,-0.045991578269806155,0.8235061646139753,0.8839395915670557,0.08433314543434611,,non significant
P63086,28.58627711847586,28.59000553735203,28.70504730620053,-0.11504176884849926,0.8252930917753423,0.8848660512309622,0.0833917901946712,,non significant
Q10758,29.131063380256894,29.112935121975074,29.072466819905994,0.0404683020690797,0.8259825309576164,0.8848660512309622,0.08302913765411894,,non significant
P02650,28.425365034127438,28.621024698441378,28.66586227104474,-0.044837572603363185,0.8355396270037032,0.8942311910468902,0.07803294806749798,,non significant
P11507,28.388993212306605,28.450374831658724,28.42887499689462,0.021499834764103554,0.8424271057428849,0.8954962208117189,0.074467667837318,,non significant
P62959,25.034947059166647,25.23317633244852,25.169874516895202,0.06330181555331649,0.8393486821067742,0.8954962208117189,0.07605758713686432,,non significant
P40241,26.502960173905674,26.748520801453324,26.684787029231885,0.06373377222143972,0.8405535448047804,0.8954962208117189,0.07543461598707185,,non significant
Q07205,26.929975146430397,26.9793910212308,26.947023499873065,0.032367521357734574,0.8407733772975678,0.8954962208117189,0.07532104849719273,,non significant
Q5BJ92,26.173197842822667,26.270945259014468,26.310976349500823,-0.040031090486355225,0.8424358248657191,0.8954962208117189,0.07446317291151108,,non significant
Q66HF1,28.89649296724118,29.073660307935956,29.053776681893357,0.01988362604259919,0.8410854750368328,0.8954962208117189,0.07515986692438127,,non significant
P37397,26.291091765547215,26.400957688727342,26.43755688069504,-0.03659919196769934,0.8391952140604853,0.8954962208117189,0.07613700159363207,,non significant
P0CC09,21.47653027264105,21.622049775632604,21.91866594455966,-0.29661616892705567,0.8441560506843615,0.8964561351410886,0.07357726227651547,5.77369816475043,non significant
P15800,27.976071704997707,28.033808641009458,28.096372351264545,-0.06256371025508756,0.8473334192403894,0.8988144731083698,0.07194566447064413,,non significant
P02091,31.000064469048887,31.210956611415465,31.158128810325397,0.052827801090067794,0.8488348169008852,0.8988144731083698,0.07117681516017905,,non significant
G3V9T7,26.97630570349371,26.84173749064958,26.901775370360387,-0.06003787971080499,0.84819313783594,0.8988144731083698,0.0715052454486277,,non significant
Q5FVI3,26.992198671802278,26.903375426875915,26.989068335346577,-0.08569290847066213,0.8506415638916743,0.8998590121399872,0.0702534006864302,,non significant
Q566C7,28.207735979460477,28.400519993805478,28.451310240847235,-0.05079024704175694,0.8528611856597366,0.9013378811837485,0.06912165020165907,,non significant
P10362,29.42167223253709,29.548017483368245,29.481933117913716,0.06608436545452889,0.8542189869010259,0.9019039736577723,0.06843077964918351,,non significant
P61107,28.57385394860196,28.482685499010156,28.347106549218804,0.135578949791352,0.8577618178128297,0.9047737635968021,0.06663328973865695,,non significant
Q5PPJ9,27.540805878516537,27.73660326177776,27.69056097415333,0.046042287624430855,0.8610801298371366,0.9074014432577703,0.06495643237113205,,non significant
Q4KMA2,27.155043916328776,27.347565203596776,27.396165036952983,-0.048599833356206545,0.8650705828296514,0.9106856158226085,0.06294845613882603,,non significant
P05714,26.24635843710877,26.172445705554924,26.21855284538923,-0.046107139834305144,0.8661174743421142,0.9106856158226085,0.06242319920841679,,non significant
P35565,27.96848054943007,28.101055559735286,28.071440541441678,0.02961501829360813,0.866687131193075,0.9106856158226085,0.06213765191119354,,non significant
P16409,24.846723226868168,24.95152110385607,24.8903917300719,0.06112937378416916,0.8698220429480613,0.91310505369763,0.0605695906814828,,non significant
Q9ESM2,26.268887756417822,26.388241021525157,26.33323819172121,0.05500282980394644,0.8721096929746981,0.9139971269718805,0.05942888656112995,,non significant
O88794,24.47413367159891,24.394932589439893,24.335647300823513,0.05928528861637972,0.8723381877297711,0.9139971269718805,0.05931511530669787,,non significant
Q62871,26.944816355877567,27.05398047448372,27.01801759409139,0.03596288039232931,0.8746046759453583,0.9146247183146407,0.05818820509333622,,non significant
Q9EQT5,27.117986383760584,27.088873759980448,27.032004547371667,0.05686921260878108,0.8742406873153212,0.9146247183146407,0.058368985234455675,,non significant
Q5XI22,26.199318955921022,26.121106288267004,26.07742300858422,0.04368327968278507,0.8763313668081754,0.91525260156008,0.05733164318764307,,non significant
P29147,27.94815389864885,28.069811014183205,28.10599306662989,-0.0361820524466836,0.8768737322148078,0.91525260156008,0.057062939530642544,,non significant
Q5M9I5,25.92250273912764,25.942243044619875,25.911259540050875,0.030983504569000786,0.879211560412444,0.9152701828970571,0.055906610177007064,,non significant
Q64640,25.53563482810521,25.74863023605579,25.774854387026526,-0.02622415097073727,0.8793935941417486,0.9152701828970571,0.055816702281269504,,non significant
Q3KRE0,30.658584719319638,30.827555824727565,30.786364197081568,0.04119162764599693,0.8781039062027367,0.9152701828970571,0.056454090904260595,,non significant
A0JPJ7,27.66432860684893,27.78572366967929,27.74866575259423,0.03705791708505757,0.88440724327269,0.9190342470516062,0.05334770921806531,,non significant
P0C5X8,26.498133216386897,26.718194905219175,26.702573920820583,0.015620984398591276,0.8846856562319928,0.9190342470516062,0.05321101406435391,,non significant
G3V7W1,23.58795467254636,24.050537487369795,23.969332483938217,0.08120500343157744,0.8862512722308211,0.9197896363644379,0.05244312837031147,,non significant
P56571,25.892345541018283,26.182188198491843,26.125020046527123,0.05716815196472069,0.8874565843284925,0.9201700122952328,0.051852884073170194,,non significant
P11662,25.146022280693373,25.014482713131,24.98103896547323,0.03344374765777047,0.8885170426346258,0.9203996182910146,0.051334237581594264,,non significant
P68403,28.106277102835822,28.17844870776946,28.136821770565145,0.04162693720431321,0.8923914161956537,0.9230996208129888,0.04944461579383681,,non significant
P03994,26.541384720824126,26.71919769972675,26.6876863259213,0.03151137380544711,0.8928064700843947,0.9230996208129888,0.049242671103888455,,non significant
P30009,26.31349031202142,26.41272624665324,26.446154274255992,-0.03342802760275276,0.8948453172084296,0.9243364528979731,0.04825203025801865,,non significant
O35987,24.831635198310007,25.01379715484191,24.992509134722578,0.021288020119332174,0.8997850545443784,0.92856463295878,0.04586122475437204,,non significant
P35213,28.92822434579629,29.09670086825805,29.072621247223264,0.02407962103478667,0.9019937827965075,0.9294215584432102,0.044796455924216966,,non significant
Q66HR2,26.373784330132263,26.332457900613424,26.306803807588626,0.02565409302479793,0.9023098994913572,0.9294215584432102,0.04464427784137747,,non significant
P62986,24.62973968029779,24.88338267933217,24.90300291900634,-0.019620239674171813,0.9059517075832798,0.9307018478820155,0.04289495209038717,,non significant
Q6AY30,27.424745189385213,27.47627262504264,27.450590589952327,0.025682035090312638,0.9047516075263635,0.9307018478820155,0.04347063658206316,,non significant
P85834,26.84492759000579,27.158512134088436,27.10269283403397,0.055819300054466225,0.9060980615660825,0.9307018478820155,0.042824798689132824,,non significant
Q9Z270,27.357062521025966,27.424451500029644,27.382508632816137,0.04194286721350693,0.9173213003773951,0.9413484251768031,0.03747852197374667,,non significant
Q3KRE8,26.170087084814806,26.299231058096264,26.318233309445347,-0.0190022513490824,0.9214562660172082,0.9447079661877359,0.035525272358225043,,non significant
P50279,25.70027406459595,25.90290854113157,25.96413296708633,-0.06122442595475874,0.9238603589560042,0.9462883415263648,0.03439366721915752,,non significant
Q6RUV5,28.296164623840063,28.50869872525377,28.52660129663924,-0.017902571385469912,0.9273671577955108,0.9472269758861037,0.032748288471206116,,non significant
Q6P7P5,27.743145784543255,27.695363515082104,27.679436703893497,0.015926811188606393,0.9266147266523751,0.9472269758861037,0.03310080185244075,,non significant
Q80Z30,27.78684325573261,27.820209788931365,27.84505581430383,-0.024846025372465164,0.9257479080170186,0.9472269758861037,0.03350726068569411,,non significant
P17074,27.73750041134901,27.84316684249404,27.864451060897732,-0.02128421840369299,0.9303074063282908,0.9475833098812767,0.03137352154037313,,non significant
Q64537,26.690535138869784,26.681092966785712,26.649752154068334,0.031340812717377986,0.9287232272900116,0.9475833098812767,0.03211369264757689,,non significant
Q5M823,22.065390037894122,22.03003434320978,21.978814933973805,0.05121940923597634,0.9298505374568631,0.9475833098812767,0.031586853568943085,,non significant
Q8VD52,27.789909209097953,28.099581312585283,28.117594978473875,-0.0180136658885921,0.9322064547383768,0.9477576282187204,0.030487894272394706,,non significant
P10760,28.038768817458845,27.993840303748993,27.917019242300324,0.07682106144866907,0.9313466202123015,0.9477576282187204,0.030888657117888615,,non significant
D4A055,27.32576352120968,27.48217684767503,27.499902534392465,-0.017725686717433575,0.9332829505224313,0.9479735154843585,0.0299866679139043,,non significant
P09495,27.575454781938593,27.481994981768366,27.51154791191058,-0.02955293014221283,0.9359129986378202,0.9497655499590091,0.028764520885448282,,non significant
P24587,26.923782927142714,27.014108117739173,27.030561203189155,-0.016453085449981586,0.9370202016316093,0.950010315332602,0.028251045865095536,,non significant
B0BN85,28.426403387523738,28.448577970003498,28.422415802508283,0.02616216749521527,0.9433650947614891,0.9546785137946064,0.02532019702493805,,non significant
P70580,26.271154164233316,26.423426456706725,26.442093521472472,-0.0186670647657472,0.9433067973231564,0.9546785137946064,0.02534703609101126,,non significant
O89046,27.936094293632507,28.00711335674312,27.994804926831364,0.01230842991175507,0.9464841215510109,0.9569521487018054,0.023886667469461425,,non significant
P63245,30.145929868977007,30.252505334417496,30.24216730929848,0.01033802511901527,0.9478768478625343,0.957477810409945,0.023248084358175724,,non significant
P02770,28.57628958949872,28.789263338211445,28.771831369302344,0.017431968909100704,0.949650842672956,0.9583872809680154,0.022436042051339783,,non significant
P55063,25.852324827432447,25.863867575181946,25.87914129517677,-0.01527371999482341,0.9559039141147516,0.9638112075219508,0.01958576009521338,,non significant
Q63666,23.6640457184558,23.76793277465606,23.79370728073627,-0.025774506080210813,0.961283314064276,0.9683450831299456,0.01714859609706157,,non significant
Q9QYJ4,29.13929881204365,29.30296059718088,29.29209632980661,0.010864267374270042,0.9645197219944043,0.9707138853466619,0.015688887703068772,,non significant
G3V7P1,25.00699296303822,25.126626664138087,25.13102945799288,-0.00440279385479414,0.9657704026225302,0.9710816972290702,0.015126108290275763,,non significant
O35458,27.254801914734777,27.446371530956085,27.458746540253127,-0.012375009297041828,0.9687273066768675,0.9731628712678788,0.013798458111903908,,non significant
P0C0A9,23.93126611547448,24.025790901385207,24.007966573281198,0.017824328104008913,0.9709536239288744,0.9744603686290347,0.012801512988774801,,non significant
P54708,28.726974598067894,28.76861153212276,28.772849682903082,-0.00423815078032419,0.9717954815680621,0.9744603686290347,0.012425124551279167,,non significant
P10818,25.109834155847704,25.32470705449909,25.31525126986998,0.009455784629111008,0.9757068290616424,0.9774889419914353,0.010680655332474706,,non significant
Q63862,30.81485027802363,31.010918315352924,31.019329566709207,-0.008411251356282179,0.979069119965928,0.9799624312067728,0.009186646950537138,,non significant
P54690,26.477022483147273,26.403069567766334,26.407304538506818,-0.0042349707404838455,0.9850170756212427,0.9850170756212427,0.006556240787868227,,non significant
