Protein.Ids,AC1R1,AC1R2,AC1R3,AC2R1,AC2R2,AC2R3,AHFD1R1,AHFD1R2,AHFD1R3,AHFD2R1,AHFD2R2,AHFD2R3,AHFD3IPR1,AHFD3IPR2,AHFD3IPR3,AHFD4IPR1,AHFD4IPR2,AHFD4IPR3,AHFD5PioR1,AHFD5PioR2,AHFD5PioR3,AHFD6PioR1,AHFD6PioR2,AHFD6PioR3,AHFD7CrR1,AHFD7CrR2,AHFD7CrR3,AHFD8CrR1,AHFD8CrR2,AHFD8CrR3
P16086,32.80654944349078,31.823755217430698,32.56000319872891,32.00252332445066,31.73743033932063,31.86111915168642,31.696697219794377,31.805260146186814,31.92120900323874,31.58342217959275,32.54885103158764,32.182567623854375,31.6320327101395,31.933310404580773,31.600182094206932,31.87626687073205,31.954055276890966,31.81979019156322,31.619689688267137,31.692594833206723,31.886848590319815,31.858812414415382,31.575245894229692,31.731494012659134,31.788362048228223,32.18376344334311,32.72189777926756,31.9677715690536,31.763075909017964,31.987380010662793
P11442,31.30144349884938,30.801861794713798,31.136963093031586,31.16286477899117,31.404665260056483,30.783272536678503,31.222768592019314,30.838664172394797,31.563577435898654,31.298037726462198,31.20585656235854,31.112957897429734,31.292943524027198,31.42498873044784,31.37728331738071,31.474086745072306,31.47582256907601,31.376225146473146,31.38433926466303,30.99625607678482,31.48982252931313,31.550916910887775,31.11621173677569,31.29065492242823,31.467003372740642,31.89153864034806,31.47072621550609,31.560857757553045,31.395735469207942,31.703176722317494
P06687,29.922207873104476,29.419377099827773,29.515935637212802,29.758622821688945,30.068232855142583,29.5331828403295,31.223260870802534,29.7775129517919,30.65777707221754,30.524770516481134,30.194569397321615,29.89737925682219,30.2070640989477,30.64156753224721,30.57581463543704,30.6048345199287,30.55468700281989,30.12578335127924,30.55682718020018,30.09995051349066,31.092170961517056,30.434901899485034,30.436473629846244,30.621549485598944,30.579408153725367,30.855948867606774,29.97828324605188,30.551891074412833,30.4047321261235,30.651952962337567
P13233,31.0729057682773,30.547492204708863,30.51175144590165,31.359822823594868,31.539928365663215,29.793020549667478,32.286637347224435,30.43096213903485,31.669729579131918,31.892059706955948,31.592519983515245,30.70325085728648,31.83774820414269,31.592958538302383,32.0594512413893,32.06568905359598,32.39306619486499,31.748011164307716,31.74482366387024,31.401491673616704,32.51298177397796,32.43754042223551,32.36185879657004,31.846025985715716,31.434213669077753,32.57558800908629,31.448267066209034,31.996266991515576,31.656736917686935,32.29356921160537
P23565,30.793660120083114,30.12417254507705,30.59761616702229,30.725544078986246,30.8963610977986,29.89079125572416,31.02548180210646,30.025357469043676,30.89855245843067,31.202522890461662,31.07641612570409,30.618461856924696,31.21286559760221,30.97549807260807,31.383462953677295,31.452352343662202,31.617007228322432,31.12961818188917,30.675052509491383,31.05473416229858,31.472237279658845,31.59626210354586,31.17671837787846,31.10566554403773,30.937864997584935,31.591492182499145,31.04243152058225,31.067573286677504,31.133713158192247,31.579144660014993
P06686,30.977191396835835,30.600062722050115,30.54365780821051,30.85653944617804,31.027258562117517,30.757583077316532,32.06397965041325,30.934684950724368,31.480947701690894,31.236643348339484,31.075180729588688,31.053898457047687,31.172872456985914,31.36616973501396,31.373341981609073,31.40866428305552,31.499336525821477,31.234383850239258,31.41438217257646,31.110605939255542,31.80996446799609,31.371528398912382,31.30358322918166,31.75120088230887,31.611004687739744,31.692470561071794,31.225255432029233,31.4914139901968,31.332551197615416,31.54279088333602
P47942,30.056057214311807,30.055162807349053,29.84146049044986,30.604523806684096,31.098989723707312,30.095703544233082,31.144191520957026,30.23995762583498,31.379111947254025,30.922955919348453,30.478060200267908,30.292378656258524,30.98684318276614,31.23237732430467,30.6143022130762,31.136770778325428,31.38718342170298,31.045226813399843,31.16939703285668,31.232056333431117,31.33068975437217,31.439942932699854,30.92816268160495,30.553526642425044,31.240333536274086,31.583518907740306,30.41844303417083,31.391594431454287,30.645198825627286,31.252972869890506
P69897,29.690030551171155,28.585817209972372,29.12288165270537,29.465915374996747,30.151158176026264,28.628971052946575,29.347494892816968,28.68964587664026,30.13236239988696,30.02714922314935,29.157394782040424,29.433783898650077,30.142937830311876,30.27211540565692,29.205152477132533,30.155415339849327,30.30720167054695,30.347515447125122,29.612604973839137,29.269422171385735,30.031156864639676,30.12228884214403,29.86930553033092,29.214375327921235,30.04946743245042,30.619032078960824,29.531281081906688,29.84718461025393,29.59782683461796,30.660470907896467
P06685,28.95002255420831,29.348562162432174,28.893827098779056,29.79994683118205,30.068845403497274,29.35682352296442,29.313851702173654,29.44140291489089,30.267961551620868,29.828339058155297,29.12506294654637,29.7012276965059,29.900385698344117,29.682627475186017,29.70188940760139,30.13049006424102,30.17889396391494,30.04485199423846,29.786187588715006,29.84756865586421,30.05229490275357,30.232448437275774,29.61332773587339,29.661078809293013,30.278173083116595,30.57165014905071,29.860092895594306,30.241235671624086,29.696557759061577,30.189219443623063
Q3KRE8,26.602763998852204,25.368677366233776,25.82522094037386,25.577293836724806,25.571980494160467,25.681419873274358,26.15377133610327,25.846050145035708,26.38870157086397,26.230938744963037,27.045935927462057,26.244002132244017,25.88607628207553,26.2915863087543,26.17272369138187,26.524561830677655,26.627456834187722,26.29860057446743,25.932205511699994,26.035397779916842,26.410048706302536,26.299272049110115,26.283437149092432,26.009103111908775,26.146699821154858,26.09930960184272,26.45777049853322,26.28561937044164,26.141222650559623,26.664764406045524
P07323,30.424103246208073,30.221344483107156,30.17535259115822,30.55741694070304,30.78145638705924,30.389720249780485,30.875255677992705,30.517647762033235,31.19768365652671,30.959196442949292,30.513315208583737,30.649834759352352,31.004442698847264,31.238312716275658,30.807090369051544,31.174087196040798,31.24576175959922,30.999160933762134,31.008437252161325,31.440399602383515,31.09866476896212,31.148948246055266,30.776658959461535,30.979567603635946,31.197144697880432,31.416562516693432,30.74482618445173,31.086231257896294,30.82297922981078,31.11981031031742
P85108,31.32911955861626,30.211364768621724,30.766165859730226,31.149588062939582,31.870778579163073,30.644528940033194,31.517779166616965,30.610281782770272,31.962046278684213,32.02076471436958,31.453283424893325,31.195694037969915,31.764920468069377,32.09963353315139,31.43402636656681,32.001897283438176,32.075607124359266,31.897370632748714,31.587600078967792,31.199582653130225,31.86787067707063,31.84687341466012,31.62833077703563,31.244072512983205,31.65417449565284,32.18432268800436,31.136781237944966,31.639578474481972,31.237111608511043,32.35042666577744
Q5XIF6,30.95744893592221,29.830642892352913,30.518232954468274,30.754825122369027,31.322084210141046,29.93557310566684,30.53791503264576,29.731865755361913,31.269715681914864,31.26730958296282,30.269418833873917,30.58224808572363,31.16419640234261,31.411377324909843,30.590268595249686,31.292493195318425,31.376784201613898,31.424208039693607,30.76454129424945,30.520385964929677,31.218503867322664,31.276395972357705,30.972554712908014,30.337076931190172,31.251271509839334,31.689280360736944,30.467538288845265,30.99980659489724,30.66659850086705,31.577499975323963
Q6P9T8,26.62667544396071,24.947498523157936,26.028833812749426,26.7991564822129,28.013721668584868,25.711140187557334,27.457172427891084,25.478829527490454,28.02132833798741,27.9244493211291,26.61625484749515,26.59662728120629,27.824468459270868,28.065909023531283,26.728526267657962,27.973810300180823,28.035390358050183,27.91647833094872,27.337431060398412,27.33838460688175,28.05606586557671,27.92160820521003,27.849676158917983,26.841865744567514,27.75344488575604,28.27137035856092,26.263238134010116,27.63495270327166,26.683255679095076,28.281708193999748
Q6AYZ1,32.98889792969063,31.72121165599413,32.46428576245267,32.736049459882956,33.296872030937266,32.17487293698384,32.86383070351058,31.87591980290957,33.40174876131456,33.3499117696319,32.682204418647835,32.71070406829932,33.20053773398861,33.472979800488616,32.89067440407641,33.38586199492909,33.43000204938212,33.29914027974035,33.04342885380756,32.317783157815214,33.264166616321575,33.27331932679155,32.929123410511096,32.59778990858342,33.09570856580065,33.66522877897385,32.72094581310106,33.04029401036559,32.829408902168275,33.6608951452187
P10719,29.732485665638276,29.375971475778506,29.50430811114301,30.109184023178326,30.451618410105954,29.823358084835878,30.725768987841047,29.870369089975654,30.820094433163632,30.37609631136261,29.790779474306177,29.95080158835109,30.438495183167284,30.8354240273733,30.247737917339258,30.7327603016233,30.61987338408579,30.466070035711308,30.59392864814561,30.080432751429353,30.800731733311476,30.62859192932908,30.308641907128525,30.591870389334368,30.840319853438473,31.012954780926286,30.102830652916833,30.747610574177834,30.4296952177455,30.839227682879432
Q68FR8,29.733738857894707,28.70665124654075,29.23778712322504,29.50238569827489,29.859830445657675,29.224973935148572,28.937746588100644,28.842876783496884,29.96273295625859,29.76974401958542,29.566867742303803,29.542990363310768,29.779562945392975,30.08887446802785,29.624586144108278,29.999823830692186,29.917601921760323,29.78197407365378,29.616135213974975,28.35926807481071,29.63009777939676,29.90519304680681,29.3393584367238,29.150361464980712,29.41403462248561,30.261888989623014,29.8835849264278,29.454224708283434,29.685808604472154,30.23417312336473
P38650,31.84540023008334,31.435305877345943,31.592750708463406,31.47183221247494,31.265038789226242,31.39723648324754,31.376496261825842,31.432150970707827,31.43457347792785,31.29643033187724,31.689116099766675,31.541475812159273,31.319262321452573,31.461672902630433,31.53297140898624,31.581566909817575,31.779436428317485,31.54015690807604,31.406349772726195,31.313247873739748,31.571285852633277,31.534608726657726,31.400234424434586,31.595353754558264,31.311623713538683,31.802720194988122,31.90495216703235,31.65492976568838,31.67274131579311,31.74684698514697
P15999,30.77541095803338,30.219280024746006,30.515922276195163,30.82421443557002,31.19163638023908,30.527737092639715,31.52164722311613,30.662902918321194,31.631021684401574,31.20660804963344,30.67913738381604,30.895579149863575,31.198813873824108,31.597786195872832,31.00350873940612,31.564355924768748,31.48040180210904,31.346734424282545,31.349570676178683,30.53414775404819,31.587594313392103,31.39397174244374,31.23932528960622,31.40995332219916,31.58652299977577,31.76330355214236,31.002399390982884,31.58606737000681,31.23873097655321,31.755486211304852
P63018,30.234212526945296,30.063840664182923,30.009284360239512,30.395469229671416,30.59581671835381,30.09669602037636,30.86149134703963,30.275445572857766,30.897494830373507,30.54495370559052,30.24811961120628,30.297514799880915,30.608554790286718,30.990557069560754,30.5505890585811,30.76836582635385,30.830819148579483,30.67140629730065,30.7858394334449,30.94348508014627,30.983231814403897,30.917807874121884,30.490627161448177,30.748994672617712,30.96467055735718,31.19362543226375,30.534034161442698,30.934333509994527,30.722375997070806,30.98712234343112
Q9ER34,30.58756956886616,29.88975088325918,30.368407072803947,30.238931412673768,30.404961723633484,30.046232049482537,30.621299139466817,30.002072653082724,30.7619989063659,30.440817378208386,30.273567599024258,30.284963586532893,30.342471292783426,30.724944503124167,30.370040377483583,30.720379332867427,30.66233574479581,30.608110201265912,30.50599316721557,30.18884665922227,30.759804972759266,30.67902384286103,30.251618273056458,30.507462642529802,30.67489458577906,30.84376209556773,30.3908113494253,30.6267591966772,30.37750848031657,30.717684064223082
Q4QRB4,27.88526604238795,26.773209660886234,27.103949802534036,27.651530661421173,28.502496988365284,26.8455559143097,28.358451656830308,26.732760194898397,28.62039715822289,28.45608064465479,27.443650890153073,27.498196324405935,28.509122307697716,28.541655330260355,27.97262374249782,28.690161821812534,28.743980413674375,28.74208726638778,28.2246443176408,27.59626192661424,28.812001619226756,28.636201881433518,28.273411705370965,27.768294650584572,28.41196578467127,28.946821777794316,27.461215816975283,28.2571596893857,27.856466627626574,28.801390970250203
P21575,29.949542743978952,29.607322221769213,29.625849945371073,30.067206074915934,30.419206049895134,29.980637016255617,30.238410946241054,29.856402202802933,30.561376434766657,30.306026172128497,30.28382676124573,30.101261366926458,30.255997988086524,30.572146807449286,30.183500122756133,30.387297529908682,30.50689039158331,30.34497830430253,30.151632195946277,30.408606300325804,30.405944865336185,30.459181392840392,29.969359708268744,30.317419140329967,30.6863163240923,30.71280099407961,30.086189833254444,30.452259256912708,30.22909463906713,30.537249180562142
P07335,30.56264500125779,30.789079106042823,30.354033777182153,31.080541061141894,31.36879135678659,30.623156575317086,31.121057835882645,30.961441911666313,31.53091780350048,30.97315512442435,30.663166545331553,31.018696699309128,31.220572927139454,31.40168493524146,30.944994726710693,31.520214652721222,31.421937196945596,31.39528571577928,31.093079331761082,31.653037371237524,31.46552468251035,31.56709868286726,31.024041925639594,31.328598008611277,31.68952937622264,31.83490762499666,31.075873493029416,31.491276271876426,31.15552588369968,31.495186438995873
P04764,28.734166744738264,28.620450148599108,28.30514102397537,29.383788597132614,29.571555602621753,28.60476627113377,29.856537637106648,28.861577506825384,29.858571063208267,29.765947886250423,29.22578024727992,29.041739559770605,29.673079774977893,30.199952116223784,29.415038294026576,29.86141399173869,30.16978113944117,29.770337011090493,29.874721698589422,30.035552367299186,30.003483615654552,30.076506695005644,29.733187023311935,29.88806793822354,29.979720744888787,30.242199523344333,29.14574462119984,30.08677280589628,29.49120665935438,29.996941636672503
P11980,30.67804589654885,30.295926711802483,30.285382695211045,30.768581953612095,30.97224927669002,30.646299258272887,31.30203241711673,30.677903480401664,31.477514899693706,31.167067439911577,31.197005659761157,30.88633146829012,31.066637786360168,31.337900741025077,31.082809034636167,31.424024735755705,31.435227807525308,31.210680789919937,31.147855995625594,31.126337943660783,31.456818652520532,31.45427086582886,30.928964212482907,31.09551607617156,31.349279196772446,31.523871728688047,30.994887853441686,31.509101230799264,31.051634394537583,31.425496528473325
P12839,29.36304525138163,28.72516429973579,29.239471031411213,29.52338262378911,29.808592889953168,29.308418467762834,30.39148906099128,29.269410729520903,30.01544068546687,30.1872743959785,30.04664533823065,29.6056013052281,30.16532814577363,30.065633937281813,30.292518586602878,30.363816556689002,30.71170947634294,30.181534236384607,29.712416469090254,30.28516044868736,30.426002043195275,30.448900883031747,30.09613409234078,30.220745524324133,30.230237368456613,30.475054604635048,29.86280773242839,30.279044732408437,29.910779959397587,30.606475443207152
P02770,27.74936747533499,27.643282298203907,27.46138355425753,28.155645715849698,28.52796999328436,27.917606082555775,29.212805759136803,28.106774460322896,29.16463545079005,28.763116530306775,28.893627312494065,28.490028702763492,28.84230650927863,28.749121786919577,29.057444525085536,29.254318130219318,29.321453063758227,29.11121023320548,27.783518003791748,29.341860759783437,28.340040310633213,28.885443090837317,28.013835508499078,27.766312398381068,29.199950837569602,28.96579528067493,28.14640243063041,29.010666283285897,28.154295108860435,29.258470088247396
P63102,29.70271614771367,29.946915355660664,29.748221054805956,30.437462943239503,31.074448840086983,30.33678980377555,30.66400433510917,30.396709748546595,31.399212086251364,31.106019665267187,30.31167170518672,30.532196889309883,31.096779602465162,31.34131573803865,30.808294072388293,31.333742680381235,31.256187715147025,31.09779392813921,31.14532479166376,31.172232623493702,31.099152792693037,31.39380343779346,30.761930165795913,30.430910768724438,31.407451204836306,31.513495502633006,30.593415898617874,31.388716195532243,30.66684130449401,31.349723161479808
P61765,29.04667044809744,29.50802797051966,28.948842239871308,29.447626063321103,30.019040931935148,30.07122934408961,30.018186946370896,29.34096475328869,30.222878736238126,29.84124286241269,29.31722519198886,29.3921528169384,29.806890105869055,29.703220395400503,29.612554632758208,30.059756018380934,30.289757718317507,30.01395822227163,29.935484136714276,29.863831553495313,30.102586026814112,30.19474725263705,29.58414875391759,30.10739181859903,30.353327404329008,30.675249437676676,29.406277961669012,30.16715222007924,29.67965793231719,30.356757660290786
P04636,29.393082476426272,29.247612962355504,29.037226892130676,29.76177579805488,30.175103138114892,29.497567677433228,30.512951213178077,29.71048677838365,30.564124044404895,30.218338197228203,29.658087642638037,29.780774339987225,30.179370577489877,30.53435144234643,30.08311538324017,30.435757411168343,30.311246400209797,30.252249145033325,30.39732167464521,29.994970342485864,30.567439745420753,30.409749651789518,30.05074482583403,30.38985385655617,30.56415884220783,30.63673917172742,29.843652351989057,30.40825930310399,30.02995395093511,30.514181381301658
P82995,29.247739632652145,28.895558171585346,28.931497430350632,29.25648155566503,29.482112766142944,29.255332622806506,29.95303638514876,29.478090000835138,29.91053133421221,29.629513519658467,29.79946667533877,29.380895898906452,29.6643101801506,29.911358498164322,29.690512202521024,29.830671151585,29.821354057241823,29.701221934915978,29.838379100880786,29.7026409876872,30.045066205770244,29.895926968318168,29.61986918435635,29.88203154240962,30.051350102830902,29.977723684029776,29.510330229747694,29.876327325610017,29.503107136239358,29.963723920550095
P05708,29.372580544188512,29.204200722933134,29.276925184180605,29.671325230556462,30.03820045587931,29.557865014367632,30.010975032818127,29.608096356106884,30.38034480090647,30.094456985348792,29.889203930420525,29.84342791221939,30.171021125563318,30.402563651533214,29.86694568978074,30.26535863556839,30.303736494620725,30.14955776629181,30.063580507816642,29.51586191942079,30.154944412258743,30.241310806174507,29.785610766336976,29.93007467650967,30.307575900146205,30.555992621573903,29.804017537892367,30.27896435945002,29.859291245243803,30.398020406038516
P13221,28.967732232743554,28.791634278484914,28.563587940622178,29.075601461105897,29.310008670813225,28.96288161817577,29.80411838829052,29.048796161784743,29.684519453519574,29.42518168847749,29.19810058828127,29.13442960012832,29.358433465429805,29.63145187883944,29.41959093205318,29.548920066800584,29.692659125395657,29.494791298852153,29.42268539952408,29.889166744808936,29.79052700564155,29.665738598601475,29.196502110198665,29.59239152565083,29.881895091520775,29.893516312341525,29.18782682472228,29.731079083033112,29.41270907613049,29.626902399064285
P48500,28.66994896118884,28.506090341449138,28.68042548767541,29.22323408666574,29.891334895887272,28.717193585853718,29.76893805011815,28.78381540657796,30.018839518997453,29.505250504381223,28.842010429685043,28.805938059969883,29.67171685791142,29.939253166583306,29.418379427050972,29.91215887892967,29.816388755237536,29.691341347095122,29.796949322647883,29.560846315137177,30.05024326990826,29.873211034954117,29.51261469021094,29.3687295510124,29.95582582223828,30.200266108414194,28.95398843127579,29.843605644048857,29.329573227383467,30.014136509767127
Q6AY56,24.459730899944443,24.99192197427668,24.055566103985313,23.945766371400154,23.69764686267465,24.22083233427416,25.936683863957114,24.988427518643224,23.452908821544277,23.69678991980088,23.654837306736628,24.092709483929166,23.36277951994097,24.63795166078163,26.353222693623312,26.30865232355319,26.80435578615268,23.89887493658654,26.171952581912528,23.12175087221591,22.788366865841517,23.263508018467817,26.24864312320186,26.21064604165031,26.170829174809874,26.69435759494433,26.345878101679283,26.215911923947665,23.344724198614546,24.25867200612842
Q9QUL6,32.13790527392925,32.05368811971855,32.1821220802516,31.827119334898857,31.475724776614026,31.215004957194722,32.44304148167504,31.548981574363737,32.053583031462736,31.968268935002964,32.92565438688941,31.96553731215217,31.936996682562043,31.788851420634217,32.48338857683718,32.38539926325621,32.610750056856624,32.113151919762636,31.650972387189373,31.25961618986677,32.862229575354725,32.45174425147782,32.69371568490276,32.60097193086319,31.954217797547688,32.44272240973665,32.783309787435826,32.177323668288174,32.4198865013137,32.309186805394326
P34058,27.87679537278137,27.46765679903103,27.68524698926744,27.8420051979598,28.45564730024344,27.54818649954151,28.44113775575241,27.441207226095152,28.704562829848218,28.528716724047953,28.09821779398911,27.799582705279985,28.38495081442611,28.81068965789128,28.475984529870953,28.624994537692384,28.66255619687811,28.455328542512454,28.609301560456572,28.421449999298222,28.71020673876761,28.66403247715462,28.224148379156222,28.301162356841647,28.711906870748855,28.88679837877432,27.845547582854323,28.647856899183424,28.11426384535012,28.725779151397518
P62944,29.048218453978528,29.010689024237685,29.111070270911046,29.159790899873872,29.21541445124055,28.92037921519832,29.09451199308279,28.828489084243614,29.46937271570491,29.13881242747339,29.009560392747886,29.074947538614484,29.173388390008586,29.41729985996724,29.151620335275016,29.347858688141795,29.54945258297564,29.350340058181025,29.347747763416148,29.0944944259809,29.350080661811884,29.410070663365,29.117428468955357,29.213089228023247,29.470212144991212,29.627297751396387,29.332284259530514,29.461008434094307,29.203155799820127,29.395623557413156
P50398,28.855095612021668,28.69668246827426,28.547896557034054,28.963113107878414,29.028782870380702,28.509313926545023,29.292343712243074,28.642473699576772,29.268176672727986,29.03874638751144,28.87068466912491,28.7008133219154,29.061630709566757,29.207595176920567,29.20763742002571,29.18766190841525,29.332474605584494,29.102063179765725,29.355383151271703,29.14324477621612,29.424760304235736,29.491334668742496,29.033142465144604,29.077820118713902,29.167692650087083,29.551063818678912,29.01692237328716,29.32203418385927,29.09765386770482,29.352207697113126
P63039,28.660228150227937,28.308561582258918,28.612985763277493,28.71360470559918,28.89469861957485,28.701345943522025,29.4132292786881,28.598261304387997,29.317317714553496,28.61087163620782,28.535367040519592,28.60672870811526,28.785515953012357,29.193851522579827,28.77389818720619,29.079392623614208,29.085215339458625,28.9483829438898,29.08976575165341,28.205814576253225,29.328689088507677,28.761748498512535,28.6825276605974,29.16764061911841,29.10392032198938,29.227715686653905,28.83755043345186,29.208464160903556,29.02903378819037,29.14057907049223
Q9QWN8,31.79426636988773,30.917419828877104,31.484943870171065,31.228926230929723,31.341535010897175,31.266207672202565,30.924939332932812,30.941158205272384,31.48704330496279,31.421739057547352,31.301032083848717,31.438633607311605,31.206835851803586,31.589151934638366,31.408244593301628,31.586230323847772,31.540389712585274,31.45724065037445,31.28342520301496,30.824105816892786,31.342739709694804,31.387177351302068,30.978464216591142,31.282096017590252,31.181769634539044,31.81101994519854,31.59456718422027,31.282554502466517,31.412275536948833,31.651793360845115
P34926,29.619884384259908,29.355469664039276,29.55110614707146,29.64658844038339,29.653478226556935,29.554196021558415,29.604229036398312,29.49343596834534,29.93235932593555,29.520339972961146,29.46243089829065,29.588204057853037,29.717552790532505,29.98986662992459,29.684726094906893,29.957036083194,29.953024422756094,30.070433051626434,29.713379571082378,29.69953981561635,29.87703258737942,29.89465032107404,29.417112035625628,29.357026623876795,29.927320319950752,30.23607710637384,29.88589201042832,30.358094705011,29.707061377375744,30.098120458622947
P45592,28.352337663236025,28.441553598384555,28.813336826535703,28.937628224298212,29.168153553884586,28.517486869444436,28.93471125709089,28.563101148409313,29.767694817773652,29.373146754977444,28.952060226249714,29.048806262224726,29.333960314075522,29.611241001565585,29.09799036197102,29.465405774288268,29.401029242693056,29.430866608519466,29.331825634449682,28.984446549593216,29.590504917273407,29.451655654236433,29.124721475940213,29.055319265826956,29.672151418843466,29.67924978376871,29.1701519524688,29.430302669225142,29.048670172467627,29.624413552422308
P63259,29.40954747447344,29.31439154468622,29.295846323477353,29.67661344559697,30.242654716272114,29.216674383181044,30.18053092725208,29.288755120193155,30.453368621202333,30.35442586706452,29.40217834882034,29.407681561262148,30.244205490383887,30.828331291081852,29.797158916336592,30.42676605901699,30.451855800869023,30.248521087698528,30.267920639382115,30.17413902525332,30.241248603875825,30.412328344276585,30.14137122542254,29.58967988803383,30.547439462152635,30.70980280773315,29.318896179692757,30.50752000194307,29.626383135375338,30.57479416357087
P13596,28.373564066693024,28.283961359245666,28.103353253029695,28.449464795300297,28.82379262318267,28.214460097269722,29.16739219999662,28.392472398910964,29.101089757770325,28.86414610849367,28.652828150650574,28.479667891271134,28.69785970630793,28.840983048117383,29.091284877259138,28.99558578655244,29.07261632080736,28.75616552799962,29.253422666921978,28.810155541050122,29.176088852849112,29.102837379800796,28.764307919186802,28.899748353835058,28.905949157339624,29.402563178624423,28.848990108279807,29.04431475125351,28.87180893476035,29.084389636065808
P31044,28.853048381408264,28.590808597639214,28.16039690931368,29.194323442975573,29.743156769112197,28.78468926896002,29.773826906171216,28.663326679925113,29.636946551241817,29.354904710634198,28.500725141016268,28.801402966870796,29.403359982470747,29.770012758539874,29.20818648242015,29.464292228188388,29.496420569345904,29.437734503885057,29.571058314635653,30.005174104354143,29.870445549727638,29.727124944911765,29.284105589573574,29.448390143632164,29.76202659104612,29.95947350580992,28.651045467810714,29.488203774136327,28.979318116185972,29.549668726101334
P15146,29.266044504338833,28.75326102082966,29.0275237878109,29.287763714907044,29.55478711113784,29.292363027911062,29.136798706719127,28.963923376618244,29.60723589438955,28.939133571052565,28.56932478240937,29.154824028486683,29.206619607325568,29.630899266895906,29.288127158720407,29.198313775943237,29.258387807158243,29.48036742957042,29.240566855984103,29.15451944037337,29.400658887929165,29.06878219995316,28.91041566101603,29.25937814601988,29.650315080884262,29.714910564024414,29.27927857726798,29.435989741758277,29.124677323210946,29.55054862230718
P16617,29.06444324843649,28.9673900211802,28.9068694323163,29.428675907909337,29.855970090760085,29.11644562000931,29.561040813043657,29.161200992219307,30.009526248524526,29.459859163665264,29.26538113950099,29.523768737289373,29.704962679180127,29.94207826272393,29.480500758568816,29.917270170910374,29.808830953921472,29.72458388210521,29.688743701975486,29.83057267570971,29.90407629844546,29.911642357364205,29.55267492201216,29.517583838306273,29.9538396710316,30.302729210220015,29.62681116354108,30.106181403200765,29.72907820442267,30.079498606905894
P09951,29.571542088407725,28.717952138588604,29.14403113589354,29.420354011378848,29.977715568491675,29.194428846387364,29.4244046206409,29.172394690062884,30.24730868410804,29.70543752334237,29.32666921764884,29.405939971653208,29.864238644447965,30.306720358325794,29.31001366608034,29.96534575873283,29.975981744121757,30.08384472960406,29.69623729209605,29.514206859718282,29.900934408520158,30.03071558299557,29.636177075853286,29.372848974586745,30.195182197588863,30.483365569159016,29.604075855892095,30.127900755019244,29.728490905519212,30.327719015924767
Q05546,27.823056248608943,27.813163177655515,27.765506633485654,28.16658785676987,28.37285812527814,27.908410729484736,28.453947952067672,27.956640111150868,28.61602204340241,28.4600988525227,28.269731712522503,27.90983586407891,28.46766892964174,28.774649040063284,28.28015097156367,28.276712056533235,28.812214859608787,28.56901201629936,28.32225981262577,28.510624290087225,28.35088769170834,28.745536373498222,28.243906228161652,28.357734587778502,28.674630126780286,29.00494288718404,28.227122780857606,28.827785700058005,28.296446868909836,28.58999769111391
F1LX07,28.08847149687123,27.846481788179066,27.900155245365898,27.97400258261205,28.200757330958506,27.963764045602026,28.50871933122249,28.09051977863426,28.74310273253666,28.079268224885983,28.099484090732208,28.071917298094853,28.262962855693836,28.421457722483005,28.312091098622776,28.481656482225922,28.568962992120085,28.255089032134833,28.38997624791934,27.240358592461963,28.5213915838508,28.51396419268169,28.243910418176434,28.34365302213867,28.69523279498617,29.028501443991637,28.490331596955738,28.65217549155,28.412184315932343,28.660065915943534
P31596,27.921373794099747,28.10963288096656,27.854323737518882,28.531547385646153,29.476029207669743,28.68619478511241,28.336673833899432,28.46913186696906,29.61544082142296,29.422701951285966,28.067892985296275,28.69653762543791,28.95162618692968,29.74001618590117,28.133374143756225,29.17018385122304,29.017778262422553,29.245586692120508,28.951940899557393,28.651238029833667,28.75185090455643,29.242645879797795,28.73535461726157,27.9348915152641,29.670263036444847,29.684811578490148,28.61557772423833,29.244303630862447,28.339502064213708,29.53675666723951
Q68FY0,28.2323065756257,27.94611511719514,27.687826404895393,28.250677687787412,28.270822261664165,27.45990214799303,28.510613874600356,27.85958506664307,28.349144821735464,28.20309260612283,28.07229275657765,28.269597171763035,28.21449437379556,28.445757231498295,28.513719429223745,28.677475421776453,28.097161624450013,28.071286488068264,28.316684306096576,26.843418949000608,28.378030285123618,28.04345930713602,27.93033126427105,28.188422490134464,28.399451342129556,28.64395267166408,28.231734690459298,28.39284442799976,28.10952401133415,28.37096306034716
P15205,33.11833383850533,32.953656806489484,33.11666007406326,32.63004617855636,31.88361703427091,32.86651584447471,32.175483520548376,33.179423646633765,32.47855792166878,32.22303737882409,33.260972672458756,33.33884101890379,32.45090493067054,32.62316655549078,33.058689704341475,32.76391438152164,32.729559190910244,32.66685136587578,32.46521391093239,29.94206339550442,32.60868738062639,32.270394351022226,31.990675065166585,32.90194406578412,32.15508914303365,32.45393128428941,33.48930511659863,32.41307410974699,33.1058147441471,32.41016372129155
Q66HF1,28.799531486953132,28.491408454455904,28.4131927891624,28.76167433546465,28.660188855007373,29.00908314490538,29.272192605719862,28.969131762007677,29.03626494285104,28.701274361685304,29.314370621992907,29.029425797103368,28.586898283912593,28.86870060638016,29.098923337738853,29.003251628737072,28.814829669643437,28.820231282384277,28.87942658499482,28.463910838139352,28.971642237269783,28.934330211785426,28.42478933705924,29.128153994265823,28.978289361862746,29.182884967262233,29.06930693104643,29.09747997500386,29.05393431803003,29.06006629441043
P47819,29.817935104407223,28.335829162004504,29.68396414090804,28.93938662782824,28.74459160365448,28.50952089565998,28.87821881596174,28.194964885162815,29.15062083828988,29.376351803653282,29.61348346845381,28.921344553042942,29.098161614878133,29.80029026577523,29.57377988966124,29.72841252979852,29.617768810344185,29.495474145780754,28.99741189399217,29.18924521022905,29.19420270036072,29.493926034942618,29.24479595496732,29.266375334869526,28.829715901877872,29.12760420143908,29.2439468845343,29.079888024558617,29.234048145701856,29.961222721545727
P18484,31.068947997804273,30.29044704526792,30.81129472530074,30.554462772251007,30.806591289390827,30.369853931909887,30.77234208637248,30.346983899645764,31.093671502639726,30.760499706053267,30.78602520317569,30.6779665405026,30.816826120592342,31.09697730600906,30.70651061839836,31.028250685553292,31.12511798919802,30.89352723763013,30.738648171003053,30.4496070839974,30.906162406527645,30.974991236829915,30.59195638965566,30.665849545069918,30.921210093445264,31.29326553325821,30.926950850810428,31.10031050504678,30.788094841614512,31.18203391984925
P19527,29.331416384788213,28.49535748882033,28.90776649431025,29.089577417157354,29.152846256639005,28.41103333016303,30.22082299238505,28.6319665559973,29.36723073480479,29.977937679345416,29.885488482831647,29.360698702342795,29.88946499394645,29.607504853137858,30.293202283890544,30.091149875543675,30.41025737400411,29.558159071928632,29.35380145817024,29.738949268095183,30.409144152301007,30.24881656273019,30.044877721993554,30.229287487862976,29.56138692387441,30.057569225206837,29.645957899289197,29.581208636909746,29.67451911288121,30.407192746450857
P62815,28.181513244316182,28.17552362630506,28.256962183279985,28.825881271420762,28.75656431054934,28.32643730588247,29.245799198385676,28.334726264579807,29.196945926431752,28.725444414934827,28.341855201047014,28.39184162444892,28.75776378227493,29.06964600853317,28.750810813695328,28.971291800774708,29.103249206233254,28.917415036795436,28.868359978257644,28.541336451882675,29.30922302182333,28.911717114945663,28.80842248740843,29.03857470930802,28.94978282825754,29.354222413854423,29.024516499662024,29.138272744168965,28.98307325841173,29.17021227791842
P02091,30.172777398709584,29.559855468579126,29.371019350111364,30.625641628719496,30.899190247001922,30.546438593064746,31.34047608152673,30.495763044024468,31.420275309575633,31.370741198574283,31.54692656372501,30.774590664526265,31.339999373861353,30.971275502054333,31.406220158379583,31.526556859038678,31.784991519464615,31.462294223097874,30.467859256854457,31.241248347031487,31.04614416492323,31.181363994817627,30.961801247019743,31.222744208292124,31.708601914691826,31.281664110192292,30.596325201511053,31.38693938329152,30.584824431962545,31.70738462684356
Q9Z1P2,29.159527244228897,28.763418892260606,29.048030849285794,28.959350366995455,29.123138383738148,29.08130055386568,28.606329132583145,28.891981841685727,29.403732858753795,29.042282842179876,29.164967798111455,29.186524144394546,28.906601281391936,29.2347809638405,29.329079449498565,29.500383538985233,29.230359306691707,29.14226590877927,28.7376362049491,28.731456453590475,28.981750805827758,29.308690796480754,28.615407703800624,29.098934562120462,29.332067132530156,29.50862304496606,29.391497550232707,29.2323626852123,29.087919898886952,29.47074362035554
P53534,29.005629107061523,28.7501292996378,28.89681775664582,29.559223630766613,29.248287226228953,29.0473518142016,30.119074978743072,28.87827171945217,29.66745813175021,28.964442079819516,28.78061005005364,29.09215123954439,29.22367344586489,29.282556533760964,29.43132596706935,29.444504222178004,29.766318633921223,29.69875012284352,29.30092762606052,29.160362247028235,30.08508400571863,29.24946119109439,29.420978173605665,29.95911732638851,29.476195332126803,29.69577672256097,29.493592675477025,29.43502244002373,29.564538863296214,29.682315079869802
P35213,28.213839784483387,28.08763462394245,27.993450507961963,28.61601451699653,28.79514727896947,28.791923991029687,28.991511603357463,28.7013112026681,29.150003604323988,29.03662442505512,29.7798631543322,28.776413493602703,28.977727810082236,28.926231746429732,29.21650865221919,29.16140313774297,29.352727731631397,29.089944459776323,28.80969745252333,28.989726283689233,29.073075702044097,29.10025720280646,28.656497845157357,28.978988953514985,29.30586039061306,29.166110320121184,28.79505602771792,29.28568558925906,28.735961501612536,29.291531380224534
P01946,29.494345804840197,28.936747195180303,28.802507486032148,30.116527853567625,30.85597784166973,30.031198792403345,31.134124254933663,29.87318171261852,31.148803091566037,31.010709476075686,30.77438175608666,30.08323790827502,31.238875020093808,30.873481904497428,30.870011394442702,31.173516702860024,31.576645111883998,31.175355714506022,30.177560744206477,30.83196683963622,30.820504068115063,30.984442250783346,30.74979713644364,30.629577534097706,31.59419995505953,31.34658131508457,29.952193612976792,31.183728508329864,30.08704619643104,31.438875631964834
P05065,27.49366328673982,27.59170996563137,27.239344266983032,28.151370381035555,28.439036772750057,27.98946735418737,28.946703852358553,28.487527722223493,29.195386241998865,28.847366640445028,28.82694648841053,28.36549944189975,28.65187167256978,29.285782174275724,28.72911266525516,29.046330068914344,29.172439847882192,28.805288095717057,28.976103250334432,29.13010044349344,29.256091709637342,29.371509347050935,28.84237134462823,28.560885989280404,29.25321459398484,29.23136520469969,28.33691651936975,29.30502226980692,28.406499593217866,29.17576254148608
Q9Z2L0,28.992219340184658,28.65054619235783,28.730944113550727,29.09742044672849,29.600081789734972,29.041998152594296,29.61936462622334,28.95918979224772,29.91560324850884,29.4922837762034,28.87333451424176,29.260980495809417,29.458763325201975,29.88642971910702,29.431622848144723,29.89886083229044,29.57250492454067,29.56468671509461,29.621001789881706,28.097989315607975,29.948433231376473,29.597800647090853,29.373347902567414,29.54416386745676,29.84438929902208,30.017704917617625,29.27044499040544,29.806908046534527,29.633411886014425,29.980185398198095
P09117,28.155089455560905,27.946100155659632,27.752854759031113,28.194124564890963,28.56738221244573,28.4117339623238,29.180663917701903,28.124487158220113,28.990983296609784,28.688761212260626,28.367136441047393,28.325322225378404,28.44125861776038,28.83876954672918,28.932924734269346,28.78118765006163,28.741171816298507,28.60037664384276,28.790912931853832,28.47237347904128,29.020964060299267,29.006700021173092,28.445058325980508,29.245100850111225,28.95473167139784,29.06680518830164,28.33565212660877,28.722354149490656,28.506724630001177,28.861508109533773
P50554,29.22376435108362,28.81776623793405,28.784949346874374,29.189102658255845,29.180145671040588,29.479166159257,29.688126063548875,29.018477499805382,29.33246955850363,29.16429073028725,29.455214737489854,29.122347815464764,29.232170440685827,29.22391400776417,29.698490021836292,29.485000297890583,29.5574565879807,29.4158816936899,29.30961003847594,29.060042333763484,29.782215687092013,29.314435632798496,29.34325691821533,29.84489785802071,29.446922822157866,29.7680883930991,29.431482518648107,29.52355702089424,29.546991996734832,29.62837680780097
P46462,29.614859086735027,28.95653956648102,29.1446531594594,29.556988869523774,29.208101440629846,28.861742719549223,30.408287384324172,29.133402842653876,29.646572626841994,29.538213921713194,29.753787906073338,29.397260718299748,29.491339779648758,29.559823417778777,29.50522907364065,29.780642509954657,29.995737157364427,29.752796182705218,29.3224287496028,29.046384822737227,30.217750755114487,29.807797671817518,29.855535269478334,29.977057083145482,29.524874471377068,29.961775863245947,30.05332937999634,29.967162428150584,29.871450529045674,30.061441997877736
P00507,29.39257729772362,29.036428829102473,28.983067634351897,29.295433792380546,29.497802101440808,29.342830953577607,29.906069481086902,29.557302993404836,29.969698733339424,29.48096090297365,29.88889214027457,29.586867668786223,29.612424254767085,29.777576021601384,29.629081244798744,29.80088113652964,29.938169274514337,29.757376272050386,29.695185141668862,30.013045068883528,29.967123921405708,29.85871459424432,29.479125490000836,29.988980355080464,30.085387613125533,30.071493144005963,29.762488251958963,29.972345286755356,29.695746444814894,29.956097438284758
P68255,28.454443754319048,28.415242010400437,28.241623459184076,28.82349198123867,28.9483018263854,28.74034380788077,28.69843577488192,28.602575965073214,29.202590022234432,28.87059446270407,28.609542368152088,28.674549971603437,28.896084459959066,29.19213070495318,28.90822686516455,29.088217191561828,29.016834419184452,28.978931895128845,29.192148224038338,29.07550342752785,29.073263053724386,29.135412084454973,28.64314424558339,29.00053207422104,29.13847135076321,29.47522158584053,28.850351638573503,29.017691228707196,28.971023930580298,29.267269018479016
Q05962,29.678956385052015,29.420106425830753,29.40974386501277,29.88676761396968,30.226148966054126,29.8049659912914,30.819119355467333,29.90383023622263,30.73842375745001,30.446087818753703,29.57293096149413,30.118945441957788,30.27734386057643,30.54923991086379,30.32782530495434,30.638971945067684,30.48497066470942,30.347295276553584,30.489085662335153,28.823121001191303,30.694885533547843,30.557598053692224,30.169729638317516,30.64276553789223,30.72088236019243,30.9553378281433,30.04822405593585,30.610321462652692,30.32677303957895,30.785437519500118
P11275,30.11275191385152,29.44530859160364,30.007913768670228,29.92090357052083,30.153209385922356,29.756530594833354,28.57610312228494,29.332371938585442,30.01429126485889,30.372751039475155,29.526879938028657,30.02851675574145,29.968635040420136,30.985180639887414,29.475509879785548,30.173150801386424,30.188982128097003,30.333483718876145,29.29627429873555,29.486412131755422,29.44996512662721,29.74314862776289,29.675796651466996,28.786602036830043,30.046467849988325,30.376029071764943,30.00430771079712,29.718146795565755,29.649072829095175,30.526644337690467
P50399,28.09321930207411,27.885002065773424,27.658276857665665,28.196318081415715,28.420545732956516,28.010311956063283,28.462824256930674,28.090187868531476,28.615189144191255,28.377912377823073,28.175987380425703,28.168038488160256,28.35787181914577,28.581632567748503,28.50826318139448,28.55870097670842,28.514142789371643,28.459878817075975,28.481559441306384,28.617127660799067,28.85314798455295,28.5907128331224,28.270719149051317,28.41777188721649,28.527976110780077,28.886017178030684,28.34142747271258,28.569846938172937,28.352790327458585,28.661604795945973
Q63198,31.457705942547115,31.248926462965127,31.684702799841844,31.18882509780806,31.02513287106814,30.60008877740558,32.2530533586842,30.955083822686834,31.0861003989904,31.68771897471697,32.197747638188424,31.112655459929194,31.26905118936885,31.07642460561207,32.31794685516024,31.83549971635384,32.06384809158024,31.601192648410546,31.312838421636556,30.582527509986704,32.17827414157755,31.91650820146752,32.16473574240677,32.20008012290767,31.0876252993553,32.203620484777716,32.20970932870207,31.939311028396435,32.14281910058342,31.82410618081108
P68511,26.44801572763126,26.676734473472063,26.54546714418596,27.20775956449065,27.59319889371512,27.083111200722136,26.812727242143374,27.256447459998608,27.75138553425,27.359754806176298,27.07685397669827,27.281613764132118,27.39916825589952,27.72353845257622,26.891593564049725,27.46409257778917,27.602832796014003,27.389370047608097,27.450729255880802,27.388165667425728,27.09478645014998,27.716075283314485,26.793450905416638,27.122429168217735,27.92135701234305,27.93415804144476,27.11876902042409,27.54141975325802,26.90818927248277,27.7580429624711
P11506,29.346262689182858,29.204510673563036,29.13179690840756,29.93386851295657,29.354301120730135,29.46880830843644,30.105411788832225,29.42724303463182,29.799397562316074,29.36145982199908,29.69357644326368,29.467505562755164,29.33213736109589,29.38681076560577,29.726276163185783,29.902664464698088,29.971704245316207,29.765269599559446,29.424974900533098,29.601673748111242,30.216350589524144,29.350154776803137,29.48767575510954,30.031817024606877,29.73238626320647,30.085618478754203,29.83636768546659,29.8305343706374,29.673875385494128,29.971296263652675
P06761,27.61693980792537,27.324602637613573,27.27803523601248,27.866413729944064,28.039207112056303,27.188385825578,27.948546726091546,27.03850165864623,28.401424821190886,28.069837683802508,27.54888475584195,27.557742486953504,28.001732280855055,28.309590744467467,27.98295177822607,28.30197349379635,28.27708252029312,28.123361852022246,27.86453827232344,27.973665654271674,28.013874153894662,28.3143989158495,27.72903789016877,27.813064460872443,28.179612978151724,28.623754709906013,27.677479452390862,28.22073160484597,27.79882820864452,28.52184015122178
P11517,25.45202687298938,25.00945659311785,24.416860674932053,25.857239351000487,25.952981199083588,26.073143695007538,27.251997958316526,26.258689193481793,26.85742653810423,26.587840713371858,28.11860443742096,26.227004791613254,26.889933237863442,26.421184742888716,27.082155900335685,26.684196294506823,27.16791139029855,26.597891634377582,26.00542356844881,25.975608845510575,26.98671003280225,26.49553045482958,26.572633926611836,26.933375836081982,26.796948777387513,26.55948013511275,25.992509900397103,27.07689262729761,26.087964756114832,27.09946273099835
P04797,29.429675694066205,28.775330802191647,29.184617842832132,29.35843611538178,29.5751934090357,28.806157835321844,29.520434051433043,28.882950916649506,29.835600752088666,29.428407128820087,29.147315457514015,29.11909935872969,29.665163922673976,29.844079407238052,29.378727650791703,29.63579756643983,29.947163666722975,29.76563634937802,29.61954142600461,29.239822300282118,30.06120727337917,29.875250844816435,29.644696897295802,29.55854664397873,29.94102560376569,30.23521327828143,29.583893969660934,29.801101052600508,29.63481179564601,30.110968555325424
P85845,30.710042121930616,30.651203269638696,30.44281180848666,30.612496570367252,30.117765845572375,30.362066223093798,29.357306883562963,30.783213211450732,30.59435770475447,30.740154573480602,29.518047372347148,30.844880493534422,30.735148638199515,30.65352887080387,30.947979491336437,30.87442385102569,29.618594554396825,30.855326458939448,30.775600768164676,30.786421999906644,30.84891990991074,30.869574133122228,31.000840617615136,31.11256818481346,30.793010864941444,30.890826434132432,31.281880354817073,30.383054108206416,30.985643693184326,30.85458927359873
P04642,28.291032203610502,28.10227314354415,28.178297609253086,28.70854065490893,29.14482709925074,28.51977700212011,29.031691407130594,28.8576968191849,29.652105306894043,29.307620113235952,29.052543793536383,28.81108458090852,29.12732256236432,29.524386982832667,29.05296629000214,29.481953358750506,29.469975276952404,29.330894762635282,29.40903718136338,29.499091836652166,29.42220859594721,29.728789904121633,29.014950353170654,28.875836257612754,29.562200233825767,29.683726327889755,28.965402283240923,29.727224447582874,29.12733978729573,29.57557254977474
Q5RJQ4,29.66267523820313,29.21421390382685,29.46013555505257,29.576055176456247,29.1943603384171,29.337243797069707,29.434119074126535,29.059637879485134,29.49664746526669,29.326761668660943,29.530076588326278,29.118854721238435,29.21238883006212,29.526667550779038,29.494546824121834,29.629578537935785,29.683372453513435,29.35285960955048,29.53246483943574,29.571823364832888,29.7909829976089,29.607863711709836,29.247094275748182,29.429959543849826,29.13139498738894,29.790064031739785,29.62535162244364,29.505433519765916,29.59930822131362,29.75277308397189
P54311,28.10406538270591,28.26354592764113,28.109696369189564,28.55578458249101,28.99323885020141,28.457788808767468,28.272175047357297,28.543116961373656,29.217595571612225,28.78794432333401,28.344089599181732,28.594815852240817,28.731719212733523,28.88368195761892,28.651039503033562,29.05940995329708,28.852395554279273,28.917912557933963,28.950567269583598,28.44247231692068,28.79095508671363,28.936478918589778,28.17244498936888,28.650313121173472,28.903487340436907,29.37675914213282,28.580054005976972,29.014303230649038,28.54035671880514,29.110558394663148
P16884,31.841863998323305,30.721128274037383,31.40537938742244,31.340624978547925,31.430931367985483,30.935127968788866,31.45639943625826,30.69005305941291,31.5049222005478,31.58269958752599,31.47448667722592,31.21171563661752,31.470098060180874,31.541816829839814,31.548450769550893,31.716820275948077,31.855432281288742,31.547429994112445,31.26842099066697,31.016577993522453,31.737990390312287,31.531354504424254,31.22595737736401,31.49986179971843,31.302034285561117,31.903853256209562,31.559699107585654,31.464106273603356,31.468179957427097,31.87423430564727
O88989,28.98144239659494,28.837594446350955,28.563652278353594,29.301026958322588,29.386092913014494,28.94111503631036,29.720402358133107,29.244633592689073,29.83507878832976,29.63033126173671,29.145781750986416,29.35792950870775,29.538297713975084,29.735583152028347,29.690240563470574,29.677975982841122,29.67090542449875,29.643754682043237,29.632460753130086,30.10305215823911,29.857771104834868,29.751721582944036,29.712563078628097,29.89381749974433,29.980342271602407,29.963705511798434,29.548819956488785,29.83759331142663,29.480046096178793,29.87813783865837
P59215,28.137351214537873,28.93887540796609,28.178313288991525,28.56034824947039,28.913622842705383,29.507083198428244,29.09184121192122,28.447053144454923,29.110385546151257,29.007900794925554,28.42855325573806,28.525981484292494,28.844931264205602,28.955165540748496,28.60810319207768,29.020081300178006,29.654926018675674,29.0337165788712,29.256251679893325,28.667507962828584,29.21152939084962,29.329358351514387,28.77089880051721,29.347816890518168,29.474702569405977,29.722340886112182,28.61834056069773,29.266404993639224,28.605691589977717,29.53668061704535
P15429,27.504591885429306,27.449195512962028,27.339107613344897,27.429457807110683,27.560321469189642,26.338775644550015,27.63211333854319,27.336168335503935,27.79539800765216,26.743575495171665,27.854300184736168,27.597842400621836,27.769537293032705,28.16936491364264,27.403062118685682,28.21843688237232,27.782105730660454,27.971617001006496,27.04133289727466,26.227746349425598,28.343419399098302,27.896953686564636,27.801371390812548,27.79780360203487,27.08321272103094,28.31761309386641,28.119994345425237,27.789087652427675,27.90653316135338,28.1687363088177
O08838,26.61130912940446,26.50157254581241,26.954812701474335,26.957759663875006,27.44374901724516,27.00287920850529,26.790400270466765,26.832328480734088,27.542765366398804,27.161499077940125,26.651270990840505,27.024460356158343,27.258450305281457,27.504324014073195,26.986519293951588,27.17158055104361,27.30650633719747,27.310290022687113,27.31029191518921,27.383066613166445,27.09625840621689,27.4369125600301,26.91385964390242,26.927014926872648,27.675011481664693,27.748195895678965,26.90218771490711,27.426808833200504,27.04615480744987,27.464174352432487
P61983,28.33009648166733,27.830685077962645,28.159412475663306,28.26011511127439,28.599000792808397,28.170103780065038,28.43652727962399,27.958139163894025,28.769897563122658,28.415296730680186,28.0589172542464,28.132557047051638,28.32696941481424,28.753194663886696,28.31050615280907,28.48596262753441,28.37262260399455,28.720400202544305,28.535672486921662,28.486193347611863,28.67456985810739,28.91758089078599,28.085685992486436,28.425954661156684,29.275497772746643,28.801544630814025,28.08489243810554,28.36813892185405,28.17300317589594,28.727748198179285
P09606,30.8490305645701,31.139655499855387,30.502510007420007,30.763894858281336,30.32175041941929,30.92904352018348,31.632496543342597,31.70230979782576,30.960131364089342,31.433083876599646,32.595041012898264,31.498257368442186,31.230307650826244,31.14100108441687,31.612108002713935,31.45186438032507,31.86898592499633,31.250512501253805,31.333854794156814,31.31790744622186,31.59745837225204,31.62779635288104,31.877729879689138,31.74041190467747,31.55641608413824,30.93626732564202,31.725957404054892,31.777103637287002,31.394783223250663,31.468412840228368
P14659,27.077447871810197,27.000044190130993,26.82662907898907,27.13486830514889,27.177263013999,26.671913348987513,26.729457384413095,26.906448549678906,26.848743393392486,26.748383848077072,27.178162088544447,26.90887794039108,26.928868019412022,26.362810619466742,27.29092313396824,26.75339127371094,27.333468615092496,26.717955195939865,26.990316280010067,26.560684791244284,27.0304800799989,27.289508183482155,26.285245005475534,27.021448977029547,26.788248987350887,27.084686772257523,27.535282628151386,26.735622249329484,27.321363863737147,27.26863182529014
P11505,27.98215151453929,27.929138665112813,27.64183396668339,28.12572396290814,28.420950308780252,28.35766487012616,28.290953415136066,28.305029546118643,28.90619412172083,28.66291458277718,28.20262600415971,28.403185252352994,28.323210636136054,28.850778448444284,28.37282542132833,28.753678642552682,28.704593485543874,28.61040024679803,28.551961053739618,28.5060944783257,28.684944562799412,28.675262801984594,28.460112042120652,28.539341883778928,28.778598386659585,28.889638977164324,28.733040445889234,28.80508894492487,28.533597462632496,28.86869442219418
Q09073,28.916134973642237,28.656552400890572,28.559409788257916,28.99156725334237,29.1680724549794,28.939533542390407,29.378089540017644,28.99364797501979,29.53886239121338,28.969536730117575,28.701766914317652,29.190628936287403,29.044516661890132,29.38017393670605,29.187790679689517,29.532463036427426,29.377291192910594,29.235555811277965,29.208681363435144,28.11711556217882,29.533000503702645,29.321979897818974,28.942999847171322,29.359037441081515,29.562278006560504,29.800829128191268,29.160369775151892,29.44362244563641,29.295315198565895,29.598206064284867
O35095,27.67649725029083,27.39748922112328,26.85494507489767,27.245872220870126,27.6354181522699,27.421052534428515,28.446929948324062,27.487100123861477,27.810453556350176,28.36153355195596,28.64969672894035,27.484909591315837,27.950799539476755,28.57492864098635,28.302188875630964,28.294068870972495,28.342090678892227,27.754657683985698,28.05123750887915,27.38948077677894,28.703381580088895,28.474256444340185,28.771989753874355,27.810391078431056,28.08581809514683,28.676781942908754,28.4803605875383,28.23822283385224,27.73328632755006,28.240807360855975
P10860,27.80143761528553,27.43733166538936,27.336048270046,27.793661968220107,28.194101739787083,27.504339634791762,29.01050711576395,27.766909893651842,28.402806929530325,28.279946037170838,27.918039596136715,27.68880085854021,28.123566322873447,28.58605700660524,28.343185616514827,28.47475375673504,28.368745683330385,28.247923781637994,28.680043364534587,27.83992353729269,28.72018509810108,28.429590082513435,28.234738152215986,28.59833476487024,28.463127157913238,28.508132114787063,27.841610605940467,28.567733465107427,28.325718885435997,28.479791554621862
P47860,27.9497751206061,27.71562025440817,27.978302889587678,28.04692538886263,28.307052695020026,27.986999997766908,27.794224924115053,27.9843848763784,28.49324878493258,27.966376593414406,27.918565215993677,28.266631724829775,28.081560740755936,28.11423569977011,28.10647717354042,28.434410093155588,28.274306451154526,28.2808219134635,28.15000033144103,28.141295900061138,28.538776975510014,28.426027981656787,27.771318214007177,28.073307887865866,28.371777896630675,28.664736292417636,28.387544395585987,28.376728585545326,28.271652128524106,28.428254413226316
P05197,28.92189549496799,28.60617262037106,28.830747217377215,29.074485754384252,29.03868344276701,28.82133402783728,29.041989842531585,28.725108662131824,29.186296679749777,29.118356468780373,29.140771445539603,29.017364235326184,29.11233636632642,28.963420063288805,29.356235764221143,29.26622480553029,29.494556481617344,29.300200390891728,28.937016109116808,28.96413100115736,29.248782588978,29.198919629352673,28.96157944110755,29.365903474878312,29.199463452689734,29.510293374476145,29.293854462944,29.288266313754033,29.1993148272894,29.541814548282723
Q5U300,29.215244797829314,29.252561593024907,29.074925405814472,29.348356345315704,29.106599787861747,29.434853097681973,29.069833366583904,29.32587027239953,29.29723657963153,29.03713305099068,29.094896748045755,29.401759319403173,28.92253280522363,29.10343906641593,29.498396477464247,29.325842955290348,29.210045784564695,29.15036372810001,29.245824769904782,29.28518729978357,29.266684138981326,29.21030457500653,28.71268588275164,29.615205439524882,29.320809533770586,29.59641519511957,29.53982311357633,29.304607780678204,29.471054797237805,29.279650862894766
P62260,28.166835103569102,28.10084705350231,27.976601245670306,28.605589097205023,29.021072542796155,28.486942053841805,28.904044667271226,28.469709674442818,29.22602225427834,29.10758485001734,28.63272107992635,28.514966408554077,28.925536206590962,29.260980969547557,29.06768170798463,29.279059497361235,29.215074149249723,29.029121564755403,29.238367212592763,29.3185116278472,29.25970276247052,29.39189580367569,28.94666483034063,28.783421401030036,29.271306844315152,29.4421839955277,28.666126162100987,29.145436353359468,28.654743101891796,29.33658739218487
P08461,28.07191959451993,27.94226286473639,27.83930436824987,28.142171682673762,28.627596253470056,28.191255688021098,28.70762694633663,28.399689786130338,29.072483013524526,28.565806496236974,28.49241740960049,28.589966384729678,28.481632212985446,29.040646737819582,28.554933836898236,29.022101074038318,28.83947563250804,28.785972423482256,28.95652527330215,28.29951811291052,28.849044572437283,28.937960495520898,28.613862320498296,28.546656527102737,29.14740164451628,29.356794208159155,28.76742873299214,29.09606884500635,28.758796479058788,29.276282214164713
Q5XI73,26.62762267262178,26.440120666073,26.30351595223293,27.038120106871762,27.309474304684663,26.40876886624106,27.571552435704938,26.644792153202996,27.54577627555006,26.989107729823516,26.742385383551195,26.66188324583147,27.216223106199404,27.457334498055495,26.76119981561926,27.393095346718965,27.843114204996162,27.23823575818315,27.515651511289533,27.420075744556147,27.72595614971981,27.58872173643808,27.201156957417357,26.966175064026483,27.536741491373576,27.64532062323044,26.79278604727341,27.63158184997357,27.1080994705464,27.37351376354396
P42123,28.09943982947456,28.104256419365065,27.967658221539065,28.711063287650447,29.071345620932956,28.34575801842415,29.565123301892093,28.653004847974834,29.779895139684673,29.152704042683705,28.708556279381003,28.71213578997993,29.116704520142907,29.504258357933107,29.118625951517632,29.42522280197606,29.543671125182208,29.335946481183555,29.151692320569303,29.69215085747074,29.803198358663668,29.740338628690065,29.175617948738246,29.62961380893421,29.75638956678489,29.59390102879895,28.70300760930891,29.525801584840043,28.986033221353626,29.511990561840438
Q9Z0W5,28.3250586731627,28.308708135303412,28.63246886213337,28.483906997856774,28.46807863544167,28.32430510384365,28.616385065701742,28.72742625361852,28.854364230828953,28.65631108615085,29.08693867301363,28.723044013779916,28.66114676154778,28.795582978930778,28.725277032609632,28.864940779444428,28.907710977350636,28.731372188264462,28.563276890000378,28.826160036426984,28.850165728158167,28.884606591259,28.631949733539134,28.639367675441594,28.97561463067666,28.915507993433312,28.777181030150725,29.07906042782496,28.64513895552981,28.900515209574973
P25113,27.630313592146095,27.54733361678555,27.385919919336644,28.097430868062734,28.40016984965399,27.753857822515766,28.718681376925133,27.863108143002787,28.628212548388916,28.249166087347696,27.87128813546622,27.873743062468762,28.340082210140356,28.659652534661827,28.318590728633584,28.51612252615966,28.609360030596974,28.3879733336108,28.6514479275701,28.60820523845049,28.760086432469365,28.653599377965033,28.342003728844027,28.344652118854146,28.787885619779075,28.89737493421981,27.92808142621753,28.63318593755272,28.106398160891903,28.63212117133478
P02688,29.749228010099923,30.103663117389374,29.853859334773155,31.411421781488244,30.684649215006115,29.705513062964062,32.93873890457131,30.052505116154656,31.437182295935656,30.58871937999054,30.437270337595578,29.972723581922942,31.103818378462606,30.72300867009136,30.953989312071275,31.120256660192926,32.335271856420995,31.548146252855062,30.76799094246628,31.470917338868496,32.58126035777159,31.260685784860602,32.40639562794951,31.86277291916532,31.272697052537044,31.48868853435668,31.19946506302284,31.778864292655168,31.277749072940544,31.62874470225365
Q5FVI6,27.433327403311118,28.122776529276834,27.591666669243168,27.91196084982683,27.946533636638847,27.749395618695562,27.98325222021265,28.03465236738122,28.268019428649716,28.22838652509632,27.646838952213713,27.736298422074622,28.126654291186405,28.58386503608136,28.39218150401543,28.382550228026965,28.25487053669219,28.197232897183397,28.295501410238295,28.02981775900129,28.356680997512974,28.392936715557024,28.09379197846545,27.80264149065105,28.276211604222947,28.630799653420098,27.95577155631066,28.27482957671723,28.278714374969947,28.53988718686441
P07722,27.553685096687506,27.73444122996125,27.418339380292238,28.145523372739184,27.931931086844838,27.542192785118925,29.188073553726003,27.871825906323703,28.329333295978483,28.458475198825223,28.662694980012233,27.917636103997058,28.39752004579291,28.10846942875796,28.544660449173445,28.48130530079149,29.057480330939082,28.425650051510754,28.36712790436214,29.418398982801314,29.24001252668105,28.992910368376464,29.08507214707134,28.938540967547556,28.540723699535963,28.98022033162069,28.609002786738756,28.905943099765143,28.626539867884176,28.850517785605852
Q6P6V0,28.872709613835553,28.606327590007442,28.451502337021466,28.910558469185435,29.043594579090772,28.583223026494668,29.266479960494,28.711869371101486,29.268686350832873,29.158515581745785,29.073263845043837,28.904376347760884,29.06736967090915,29.24700726019575,29.143109331093306,29.422589845642857,29.509654128487963,29.13973537185652,29.184725764214342,29.174461283320387,29.360376335059335,29.31739990559274,29.024533936421385,29.198316618267235,29.20841643039262,29.29078815087091,29.055331069888023,29.423126242096245,29.049054918527162,29.29130602247545
P25809,28.087007812791352,28.249236177394078,28.01637118235147,28.637226725407775,29.035089795066344,28.356454463640077,29.270678386324665,28.44520294462673,29.205307748211972,28.913909298532165,28.049160646972524,28.554559461327102,28.909477158865684,29.162596387586607,28.634769985754865,29.157845507929974,29.01673438189359,29.057250598581508,28.856572128965656,29.05732970767927,29.053380383893867,29.051828285734494,28.753759242867577,28.962533632451798,29.2410492314197,29.36964489746304,28.619552847633475,29.325886596894055,28.784765932305078,29.180926758433706
P0DP31,29.98859972348666,30.432124760319844,30.114388186802696,30.62472672904651,30.771794130963908,30.627336129355545,30.002257669087985,30.441169772358094,30.951924472160034,30.781117809882677,29.97577472852289,30.548441097570162,30.71200477531785,30.9468563284012,30.431114788710858,30.869465522597455,30.762826994898976,30.81718188093722,30.56952520083569,30.941933445802853,30.52155731026872,30.899575636872957,30.34887208601176,30.02784315761689,31.227114721001634,31.277334458652714,30.57175138041359,30.93800397852886,30.460913886763667,30.91572832769946
Q8VHF5,27.770785979484984,27.633979371079008,27.62688791376805,28.14688999033651,28.464077989784023,28.194890103126525,28.682944321608723,28.138845911122317,28.984561776217227,28.540224998426257,28.097362541878272,28.313008783769845,28.497059990200395,28.878295910727456,28.538180977110027,28.838222649507795,28.698827395902903,28.52752417677461,28.737570561661002,28.337065719863652,28.76777094785978,28.8392075394167,28.17886735163323,28.56359085216676,28.82122695102,29.038279173172196,28.39701955187268,28.867262836198464,28.394634708915625,28.870800972868206
Q63345,29.565772527973536,28.961905873352865,29.089696316354033,29.247496506227815,29.02451374658321,28.663541244093285,29.499567736056914,28.85126589029244,29.36492345945295,29.512176699392967,29.68001514422155,28.989023711238712,29.414299407352583,29.278752849409454,29.50777049209243,29.60474230106502,29.991284204934946,29.453671403412454,29.378468070160455,28.824618043439635,29.967798155298414,30.0215555608906,29.615268210331585,29.15895507861032,29.171504519085556,29.942333558630743,29.599779711721382,29.49862277164191,29.514037743792915,29.702673154364522
P10111,29.28049767800161,29.30155272599982,29.18972049431285,29.829865888770918,30.23582494541608,29.594137511355964,30.118231473518605,29.592763166653096,30.420328646920904,30.00963624356705,29.549668994021097,29.787493104277022,30.25079305778727,30.335435751417712,29.92426272291531,30.259325375392095,30.36176284402548,30.203675908959994,30.117933337382432,30.515746266567813,30.2961404780083,30.3868040991873,30.052559356079257,29.898586928885617,30.496205081482053,30.798461065640986,29.8344290638614,30.396876691002586,29.93082758435427,30.446884292221895
Q9R063,29.815266122004864,29.647559337150355,29.658976290586544,29.758575483339552,29.200301373454813,29.106446566596077,29.924459638755675,29.219306779808544,29.477725458872648,29.732531167699648,29.803141788023577,29.420553895437646,29.495454227107153,29.402055004079767,30.441735210955642,29.997941118574985,29.947406676170715,29.836455272964947,29.759314205600795,29.047256062211893,30.14300857124583,29.884191714767997,29.730415587993477,30.332182148544533,29.365677031872167,30.2770073513812,30.102425804899624,29.649622123033144,30.041323854690482,29.936725175442138
Q9QXQ0,27.41369258094789,26.94499920283185,27.039356201677833,27.46181770896753,27.44526491707147,27.928110201368003,27.56698155549831,27.81066306532857,27.865652777407686,28.15662414588424,28.105399678563376,27.78371537905797,27.73892541269284,27.74364509409522,28.238007034428026,28.234255102404784,28.12158831315226,27.86975948859689,27.6998585676426,27.74317884444977,27.742486722938608,27.89696407752746,27.312830428501023,27.72300462488505,28.128919419154748,28.00969089589562,27.817907791518337,27.891961571917626,27.746659245781238,28.35499187263525
P97536,29.427297815245954,29.331967336426445,28.798462816790735,29.20666319436762,28.845509225013153,28.395117074073525,29.69526329400093,28.54074314574215,28.842286796860297,29.098952936094673,29.50454488552182,28.701616267884532,29.257776793656227,29.09037865295749,29.840342026987624,29.613317330080015,29.36896229181916,29.552315944828404,29.258146029593583,28.625355541782998,30.122565737996,29.640832323804844,29.843154349649538,30.024843195499333,29.08488580389171,30.060289525824206,29.657053103179372,28.96515175274152,29.701639682261373,29.636896591086554
P61265,27.41474015310621,27.171685336336527,27.062040876232306,27.673032061904713,28.108492289744163,27.40639263196124,29.103046963505264,27.783654874665114,28.56792280058073,28.16177602254213,27.453263429857742,27.930566694448203,28.328491763539503,28.15454436575462,28.73153063641457,28.532992456607037,28.854006653154343,28.177420375624703,28.43326054330853,28.39072096717625,28.71564075511467,28.48046681291851,28.077935850636333,28.94043371358114,28.544426394685992,28.740174929196503,27.970884211278413,28.549081121577597,28.094121657802887,28.476568808317072
P12346,28.143937898741626,27.725312151931472,27.794447339993944,27.954205739582285,28.00872310345393,27.83298980251528,27.898369507395515,27.85627723151421,28.177031191376297,27.870996929644896,28.43310337047243,27.999591788122263,27.937679466847413,28.21591827217223,28.085026022875816,28.101623116334853,28.554096455714483,28.034330497597225,27.947254039657032,27.822911882563282,28.420200640708394,28.434671547477556,27.969442650541243,28.15257578554856,28.06889658150551,28.430331361119194,28.368105699022045,27.846562386439775,28.19089865501158,28.26364830406722
P68136,29.913695606092624,29.7656349035746,29.564972267142444,30.292595248189244,30.845022248877502,30.092391421346314,30.376034948154484,30.231455319362798,31.070835277183342,30.864801312139264,30.154555342098842,30.37356685273014,30.728582985638134,31.42575812616743,30.548255060308207,31.05216301161033,31.002017675013317,30.718409540481957,30.850853320291566,30.577551954426216,30.669276643981085,31.162530794374025,30.376800316501505,30.070378023394838,30.898105326611667,31.363237690194477,30.426108296746882,30.898310305135496,30.368944536924573,31.232755010681327
P50137,28.052436007267676,28.137549276119945,28.27142068205135,28.20935148482569,28.176167711205007,28.215079594098867,28.339144244256904,28.339957030114487,28.77756497773042,28.238910110088785,28.47740117228041,28.54936835365277,28.311107049668596,28.450302779661282,28.442318723057845,28.465020319801443,28.675584802275306,28.431350055773418,28.39734969295515,28.38876912230849,28.692829622597806,28.680526864141548,28.22387418124822,28.586594967219302,28.60170549505593,28.823637687406684,28.834529118767048,28.580558421058125,28.53579059493072,28.69584291617033
P68035,21.09242471874823,20.524769217651265,21.30273150767002,23.29983740528312,22.995759302653056,20.316127375258162,21.897687428104874,23.115266113115847,23.147510833567456,22.175661014286657,24.339646678435972,19.627572289796557,23.96688212321268,22.50331648093189,22.775928911665407,24.428276299074746,24.942146045423122,22.337540921675338,23.910590374070633,22.336089310268825,22.920833852406922,22.486991119193416,20.821767949452685,23.91060001213668,24.97512829170543,22.794790646881296,24.498573386091245,22.541800766223663,23.77244500630073,21.26903962041004
Q5XI78,29.117428125171074,29.216756201903014,29.08658495100386,29.011723344567464,28.805466950049272,28.93782127122875,28.871609130238387,29.02812334814625,28.98624546583918,28.634202190092044,29.336821180331054,29.104839680671326,28.926020780382935,28.80139545299122,28.958157383259962,28.98938929095203,29.347829432377164,29.063671428689425,29.039628604801234,29.1189535452783,29.071493913835464,29.046555978650577,29.085609276170565,29.399473123009386,29.162413855757066,29.147622598808898,29.456187187970606,29.353962387801168,29.163779632968446,28.965692768071143
Q62950,27.62469225037943,27.770900693395117,28.03479517969176,28.05880564801832,28.422390635988975,28.061766946345056,28.225822630086817,27.920655104292678,28.642931601184774,28.190601933326636,28.031748179239884,28.256649963110085,28.28305228397406,28.605200272457953,28.03858938907257,28.394538508090587,28.405912887204178,28.4721376040557,28.55003519978958,28.267575502498875,28.457750233274915,28.449429879472046,28.03086942627566,28.209931909903414,28.472716829811134,28.902293566167113,28.193709789310603,28.564554169060894,28.275293008283622,28.637388684882104
P32551,27.981735677622616,27.957237848692873,27.79084054279145,27.935201004597005,27.837600989723015,27.995270235225018,28.389502283921786,28.272471150691857,28.343008325687876,27.980863481434874,28.329252899257355,28.23843701247665,28.12101257708255,28.30736099903225,28.254880737104614,28.29454087497986,28.41796750383749,28.149289471337834,28.13341699704781,27.933355263517313,28.445658554948796,28.272266929920736,27.96155459931107,28.41764123482122,28.547887182875197,28.647888656886465,28.42344802014535,28.538557876136952,28.37484560475807,28.41998726297813
O35303,30.07260899804559,29.735698841536866,29.88404893679928,29.91691644078656,29.499090824002394,30.074758125061305,29.992439301308277,29.895246368989266,29.917744650719357,29.493007400111285,29.759613851234988,29.96375218335868,29.57639871473283,29.62842939779655,30.003619341782663,29.756191540824098,29.959574712672854,29.85481656967749,29.551312925215747,29.95862273769953,29.798376041054386,29.7821572753011,29.558900148627398,30.479330354411857,29.793513905155436,30.21843980438172,30.300720830073843,30.068850945550842,30.126196587911814,29.99942059789819
Q9WVC0,27.121097337680553,27.005892231750277,26.877865594180907,27.37489137776915,27.8613743457127,27.024962978435976,27.568816085316055,27.296000556549668,28.191158934541217,27.612644182737853,27.211314730644503,27.453731549934886,27.90557380768849,27.94571148859074,27.461826525618996,27.88462119649122,27.90040543500923,27.79392467776189,27.712571429546692,27.438296891321414,28.017876783343546,28.052666261538622,27.58049288207803,27.343326844670727,27.86000393569116,28.408348421581685,27.452586699322875,28.072434406862634,27.752575977704396,28.036254270325795
P62630,27.46816650283295,27.096509691739854,27.276405293280828,27.455286369191818,27.89464338259482,27.416142458909334,27.29612713925005,27.48659620214889,28.11764403018799,27.5686128370903,27.29484252811966,27.505268720928964,27.7785651956305,28.067815461156354,27.323953908808313,27.85344638835158,27.921426036827004,27.78624666320469,27.786839355404098,27.415358293215085,27.681364090638162,27.840214361613004,27.43769318783335,27.404349770631324,27.87935688077714,28.408491623674323,27.71661197504253,27.93535395323876,27.675587585409193,28.103816442502797
Q05175,25.850528970672787,26.2129355366913,26.00054044749451,26.561280751966834,26.95394172740214,26.559047971152907,26.107417583137355,26.605699714471587,27.381416054025824,26.70985033571559,25.918241727794186,26.522374092726103,26.612990349376002,27.2566112225171,26.35997583889259,26.962034630786583,26.893493251921388,27.066753915728114,27.175943367413513,27.127466061038337,26.652928451472906,26.665455338573068,26.37666016635123,26.08355665737716,27.28554351612022,27.18979965681412,26.71628877181316,26.947751577119135,26.494023096286085,26.952155529982413
P97685,27.94206402413551,27.940842941611088,27.555501545969555,27.961717045053444,27.979271371265845,28.012264843327635,28.64928579854765,28.15783841250397,28.784024079605302,28.219244563645873,28.03242699583923,28.119538384769672,28.151796816580372,28.31109749500897,28.52113783191175,28.470277227117318,28.445533601301978,28.318975156165415,28.621397240314586,28.087300932629795,28.58761157157582,28.48180945280745,28.237761475428712,28.588430020642054,28.45368573451839,28.866905726858747,28.547303762721068,28.448220966536457,28.445916501772036,28.55676768523531
P25286,28.31472868262706,28.554620110786683,28.514462216407978,29.294675279643464,28.713345815831236,28.346962113131166,29.292871357961257,28.076758521408987,28.76785862870924,29.248495322631037,28.681594682424635,28.89600455888691,28.394843382791606,28.98723763358989,28.6152725640345,29.01229781541555,29.88205415359598,28.81344212541612,28.538072530608925,29.890330346295258,28.79929059437155,28.735760604203662,28.469207998191823,28.622662488325695,28.767002230568686,29.09497134404708,28.726040684656247,28.80978207619645,29.300994461337837,28.76941056600224
P62632,27.494893876402934,27.329996115577792,26.883876046023655,27.295306328723495,28.00768566478043,27.23004786674926,28.221886626912074,27.430865954674424,28.42067091450246,28.051712223969588,27.76691625472349,27.576273719237943,28.040447935735493,28.256927751153423,27.76641227333622,28.200451982449557,28.07581330543351,28.140129800083628,27.96663836318944,27.591665382232236,28.411447534725678,28.292700426836934,27.94686173862632,27.933315897939075,28.347699216137155,28.304572173732414,27.736918642810338,28.313764275595226,27.671392036627743,28.557789508819774
P60203,32.01722015245067,31.82579224666296,31.810511988505226,32.065957292979064,31.98381043908029,30.92525081904497,34.023106278017266,31.807270609826073,32.55155616061135,33.34889213646617,33.56463397478654,32.049949932673876,32.80509344900577,32.45740251716558,33.54850306643851,33.365075031041776,33.62943760171179,32.96025162484349,32.68733956075463,31.855007052106266,34.002517213413455,33.51963632495678,33.957253081795585,33.52160129183326,32.76627285947054,33.450995934316,33.038369859541476,33.451006271573924,33.059307835981855,33.33530700399705
O88600,27.310571692116977,27.202876337350457,27.1273520922738,27.371423862065825,27.690863314062582,27.358928539417807,27.657045101617125,27.281598326431507,27.961522033628015,27.965092801344905,27.62628905255198,27.581855983185942,27.90704268080761,28.16394810896738,27.556855893254827,28.051553235679634,27.729192415979593,28.249565150741823,27.886442122586217,27.94660659789185,28.09958198755624,27.994950736074717,27.84368753384802,27.67460823125928,27.963254568039133,28.07828550824952,27.574468291578935,27.950440861183115,27.524950795002166,28.01287487327211
Q6P6R2,28.06750183608278,27.721724168275255,27.816616054181306,27.835327832446968,27.894369475445078,27.69406576224102,28.431496239230732,28.29414133744003,28.53713914838597,27.824086101780633,28.47987704606694,28.269744641836805,28.14820544476579,28.299678501483477,27.913493872721187,28.2195269208255,28.439591074919065,28.01159646026121,28.200385407258697,28.28576306692092,28.474709437538483,28.447288494828836,28.35108368082265,28.475279904723937,28.495546312871024,28.87303383118881,28.720422332018906,28.282037856185912,28.490985246778386,28.471855157095355
P63012,26.10374858328554,25.40871571589718,25.688228295185915,26.38105734929503,26.84090495035264,26.241610285165038,26.25660332559084,25.958320448597828,26.93997935229025,26.87191292014229,26.092990242365655,25.971733497997135,26.594508818733015,27.169840880364426,26.247054523407297,26.650623810194308,26.38264866200974,26.6850464577761,26.66202837409161,26.382096836289314,26.617392993461138,26.732940404017246,26.022035477813148,25.966343463861584,26.865882180602885,27.072517574106698,26.025513272774777,26.949450774831753,26.27188580505725,26.898192027560142
Q63537,28.397436369494734,27.83431816418836,28.236369746670494,28.26373683845974,28.676403915515383,28.31677028049818,28.347492576983836,28.111652172287,28.97554473773086,28.598095519149542,28.233792795193434,28.054422782773386,28.6295565977213,29.401670815135006,27.90599762185988,28.78884144348826,28.560092328206345,28.67802373707377,28.682247905443393,28.413741276773084,28.88194986346239,28.522573721280544,28.203059214185913,28.22504371568768,28.759215927545185,29.05830557252523,28.2973930914488,28.823555368826955,28.59887105400272,28.8904526582143
D3ZQL7,27.585345119439165,27.616482557513535,27.661479348689525,28.02513860415987,28.400859036349676,27.755365420308678,27.652050602343188,27.710446895496357,28.353464857890856,27.670348594367045,27.596801172431032,27.830128358531606,28.044412365038855,28.092213400677696,27.75138715988322,28.29571777490011,28.233831854893683,28.215815811306985,28.08645862724525,27.610040215260295,28.200119470212375,28.161937802859384,27.75425511515084,27.28365456227399,28.201176986382404,28.404413997215823,28.05136487309602,28.173905509996203,27.934031553133025,28.299041100114835
P54313,24.681633097560084,25.001884928707057,24.785053296262507,25.442277274983773,25.588088815367765,24.90232531233887,25.73924570452093,24.547204091078395,25.616493107178297,25.212140632800143,24.729300782261188,24.646925825265505,25.49892311130072,25.407643829885647,25.24153640622587,25.549645441331567,25.500620722115542,25.74034254686476,25.559609726343496,25.35465488973422,25.971713942380518,25.82237908803707,25.628759414418568,25.07897764534177,25.761079609053105,26.152340978286098,25.29200556703276,25.684560996255705,24.96220520728246,25.38364523633642
Q64542,30.231312625867506,30.0339617234486,30.276902574735175,29.62889843799061,29.093892979272344,30.167314579845062,28.439002642558474,29.921007013927284,28.887679114092872,28.468394428171823,30.13535702760237,30.077345678138457,28.57123905574552,29.665863269977446,29.585732177690552,29.074349733386327,28.400785335806255,29.449827559964014,29.368536508723437,28.83318723792567,28.72086070812396,29.167238797158017,28.44209277084753,29.43451316715222,28.84749167041669,29.611810718096212,30.399892362857074,28.881014806989903,29.85330143668415,29.184065507031573
P11507,28.31361410916644,28.13280594483491,27.979833550756812,28.215131856718127,28.037577669638463,28.376543200801525,28.672347046009723,28.226702775442003,28.4187561083012,28.286069118151346,28.55108709283303,28.418287840630434,28.14575271319293,28.51094706476517,28.426785019889326,28.382210131346962,28.599153074164878,28.337836806882944,28.507886769638738,28.686835980571296,28.44754509422068,28.421764395285255,28.116256098358445,28.75581791764525,28.508850649966273,28.749350143997276,28.37839379668365,28.54976019044424,28.344377706564984,28.171516502295933
P11730,25.23760914009518,24.646509229800827,25.045853362688412,25.76019743478692,25.670872292107966,25.768753673797427,25.126857851678015,24.343486873694232,25.73221526375045,25.4407952215895,24.175389782473236,25.175657683445152,25.37188586177746,25.65493928699076,25.313979441683337,25.700318842347492,25.520816245942427,25.47302135663366,25.258043979260524,24.793279689032776,25.273240751518177,25.319152690443232,25.02124498037609,25.116100063645604,25.931390749019922,25.994693115883774,25.01144072476028,24.903376620899333,24.92102025922017,26.053536518516847
P62762,27.782276271988014,27.73378480983801,27.69063757051785,27.94844140537743,28.411260103869477,28.00014491027505,28.174712548713508,27.845150400751034,28.603537990946595,28.287773525928426,27.388086937535746,28.14060626192943,28.303010693931075,28.284802746921248,27.79079523015427,28.176948159614575,28.280824543845267,28.364068634081427,28.105661483194012,27.988309743297716,28.250699097651786,28.367419333581232,27.863526414902122,28.080844174668588,28.585367378398512,28.966810825017944,27.99402382986752,28.425004182062057,28.03093590956968,28.52506795858109
P62142,26.95203484652119,26.94514896170009,26.382772560408405,26.8776237835034,26.727640467222564,26.54568876617614,27.29497043268243,26.797719972490643,26.80293404107656,27.047463886630368,27.953954215132246,26.87925256101183,26.67044886660741,26.853983033216664,27.58529050152829,27.1482638183446,27.250273503081363,26.96732117501754,26.858084100972754,26.29943601223965,27.39387695971866,27.100098926616727,27.162526857926014,27.562061693713698,26.79316543992602,27.11627645693257,27.82669491437425,27.203216719542162,27.343328303334708,27.19003162880003
P04897,29.74859146543639,28.5132243827795,29.431576111688347,29.18263198203562,28.98858311508436,28.903590867347795,28.81658106362937,29.007722475862227,29.155150994358237,28.961030281603996,29.473629242644602,29.10101265990086,28.916109368248435,29.139711611812228,28.86326227125051,29.076603876924317,29.325772089324392,28.93597669846477,28.906723325976454,28.764422999390167,28.992865976406122,29.090450069188766,28.674475367280305,28.90546110593802,28.742751565944605,29.37902938342923,29.33591547908662,29.264836396255163,29.10663237702265,29.21989833581915
P07340,28.89980757727821,28.746840195834583,28.628444900118218,29.310774795386255,29.52179354366148,28.88549120835598,30.294538164868165,29.12508078965969,29.966665794083728,29.76722338388929,29.097467176722194,29.23203294219369,29.6820404830276,29.798544829595308,29.68033180144667,29.84861101864345,29.970224776737155,29.64900435066494,29.733760487872196,29.40862416273826,30.20978890601055,29.866748852616578,29.76581504172472,29.783860854100524,30.027998439060273,30.198326239142364,29.25953692923396,29.87052775837572,29.492876040866644,30.042707537959043
P08009,27.564779677207095,27.463551612471576,27.433200651593097,27.983474176626807,27.995186808500176,27.52448129654571,28.09578749318434,27.70308291519567,28.49822181576993,28.150531018852387,27.727129304066796,27.881454422074004,28.186873397055802,28.594322068902795,27.909516594616523,28.39236895983779,28.80402535763708,28.595679391579633,28.58261247818312,28.50635820471543,28.674342632087896,28.618372092910302,28.43813011120967,28.293796548460538,28.655263975476394,28.7858564427866,28.032952238418904,28.706584587951415,28.186804642088198,28.59957022425607
Q00981,28.106285043847823,27.788221139231652,28.000740241747454,28.18644933682879,28.520065345722468,27.966499199214102,29.223771186812556,28.221564828957764,28.79338468222452,28.777737672389726,28.484767537244498,28.179991159061814,28.690015916427367,28.867432202470802,28.58416143779263,28.857190275487884,28.991405535332124,28.739996472683377,28.848064077447244,29.080271781092087,29.234922429555485,29.08807258348951,28.77532116632132,28.61707453461141,28.969693312459928,29.010703484850893,28.44724580360748,29.13995359621376,28.46402395756744,28.98525990257499
Q64541,30.62081441820469,30.49104807346173,30.49954068863341,30.53906179053117,30.337348813152428,30.7192903552702,30.551224768317372,30.57041519509573,30.747286763739776,30.605899979976687,30.810697202274955,30.598868109552516,30.515189511222374,30.984946191030154,30.29815611819362,30.623710453809924,31.0324169611253,30.872685277708005,30.661796009972363,30.920534017823666,30.833536367884793,30.814532045938137,30.767638092348708,30.7597907239872,30.868751324976245,31.143562528289063,31.05034425505401,31.26714461738902,30.88388364008712,30.998514864591346
Q08163,26.136563169909813,26.011869006581815,25.781687566958578,26.45974922488179,26.710438968752275,26.35408164864386,26.663599755226905,26.66531451281121,27.068600584183873,27.01987356868144,26.575955959552395,26.84811874833738,26.88694903826991,27.414569439084186,27.049847442839134,27.20315091869806,26.817046487455336,27.15791242038093,27.07955333433181,26.959367868673702,27.016472283441487,26.891598871218807,26.860017173156074,27.06553458228299,27.3378307535574,27.417776639752173,27.162555146587316,27.387026061472525,26.905195581188156,27.52760978978176
P62138,20.340057624084967,22.15075467313015,21.415331860549315,22.233081884491142,22.85957914500626,20.84343911096966,21.490812570114024,21.86817843144148,22.882915211010992,22.280924646027817,21.341784694660003,24.366560541255,22.14188339555343,22.650494887026653,23.77600059232583,22.77993662154639,22.214442155532982,22.67668669398583,22.14962014711982,22.282784438989623,22.449102790479795,22.820769706873435,22.180533387156036,21.736482758077308,22.68189626194518,23.20218676168402,22.000667310313922,22.953447825293473,22.064847999520925,22.854463044563797
P07171,28.099284852209024,27.474254048622598,27.872576719942963,27.658572774654967,27.46712214976039,27.801099113895287,27.452857218897428,27.669523140868083,27.740111959758547,27.654278202097146,27.494966243872316,27.927446603692914,27.401357775056308,27.886925971655806,27.708060640788847,27.962401905913982,27.4147118557041,27.714372378571323,28.163697502143858,27.210140536133657,27.805405615070352,27.621620062252234,27.282005570532647,28.42609941940622,27.747360161907388,28.027736173805035,28.15588211088969,27.61269934606225,28.158457295938945,28.069216499280895
Q4QQT4,28.532476037454543,28.118162957400152,28.385023600159062,28.4005564604732,27.988187257331745,27.54625340896222,28.181573244517427,27.446572873775292,27.930370594337273,27.860505796076396,28.103508182031234,27.73042048547502,27.6219599994059,27.90132328421251,28.39921907251373,28.320186336281118,28.065510796985333,27.925622241003563,27.98250653177392,27.21720735228083,28.292127806032227,28.325586170085298,27.700695222872227,28.274636296036,27.519750960242458,28.540154129812183,28.330929424247856,28.21649945003871,28.342157312703055,28.220499574837966
P67779,27.266213323406344,27.364731021325284,27.062174973840392,27.4503120809022,27.382666794097084,27.77191927079486,27.956011654090094,27.919697173178346,27.815824975847438,27.75644102830346,27.820761366823522,27.822853000388992,27.534299562942113,27.82744180524132,27.907228335731393,28.0005232822211,27.887638680126855,27.731165852311932,27.984683725715755,27.223423794265248,27.817041265654755,28.02005526850222,27.46512512374342,28.009205012639754,27.96369933696968,28.10216984084855,27.994181299945723,27.869862057561072,27.849468487606366,27.973950357540286
P35704,26.653239374221897,26.429037318886987,26.18977855632138,26.88652893632366,27.34380689159966,26.642607024130072,28.26886273940654,27.020025412474133,27.698303231150344,27.493854554262867,27.356072968806938,26.83072902459398,27.679585726543827,27.82336267053969,27.560897675926913,27.8791490431048,27.859006182610198,27.410874397626504,27.710895210136165,27.46686123096126,28.09304703981347,27.9042808836475,27.59119843444487,27.853204966824524,27.83215788837125,28.01502714297292,27.17505735688274,27.75088799444492,27.358472192654858,27.845921163480707
P63088,24.226340600291092,22.938817363329527,24.077586545943017,23.178754118963166,23.747734634246285,22.90070455085565,23.72439409943549,23.045681913367083,23.70761515449989,23.486618579963125,24.559102475683616,23.49172632808114,23.513909838056243,24.074196904554384,23.700326628501127,24.01199253253067,23.72114771471146,23.58812167122879,21.96843835468787,23.601999598823358,23.743103294358804,23.283592214498057,23.129022279970773,23.59971513369698,23.711255500393854,23.71980955441459,23.3670059469443,24.122672330234124,23.73946724306541,23.940649523034814
P21707,28.933835402568725,28.70405645926055,28.78474177490341,29.030034757796244,29.408837696140846,29.163391128026703,28.627745624930313,29.094682399716337,29.59977358095015,29.309726501993314,28.997269705024628,29.21091754654623,29.139963398135393,29.59251446440703,29.046500763716246,29.480571106725424,29.35558316938751,29.368472263874345,29.264061210520087,28.75479988986885,29.196624765916,29.25941261651185,28.73943715552121,28.913995363435802,29.449459976220915,29.749673150181167,29.237184785577437,29.64269620104877,29.158962008052587,29.550529243842547
P48037,30.578936844281873,30.04895642283479,30.426287228306844,30.42988390759161,30.496067006076768,30.187280796384766,30.601828302398822,30.135790785019104,30.592704214768016,30.75640065844476,30.80295017394018,30.64195267552336,30.85006177382015,30.6605801682259,30.6655052999331,30.616671648624557,31.195208602618496,31.055931773567252,30.3959075833916,30.505770296891793,30.790274739995066,30.88814819022127,30.705059242062596,30.680674536392765,30.851464302089607,31.099440049695684,30.67128217511379,30.875774112865074,30.954912943966058,31.255780135873835
Q66HA8,28.484492499693445,27.984335602803654,28.67195684903206,28.447000281372848,28.504886650862375,28.036782505239138,28.348261913529132,28.23498299730717,28.527558234115954,28.34701295178148,28.749296513452364,28.449920554392428,28.370948333369586,28.706381910418802,28.814181845982528,28.87590289455865,28.721471899098773,28.550320026032868,28.41729182988089,28.303416002317018,28.957971773832295,28.64465410229949,28.32267099305179,29.03917459041335,28.469833976110788,29.1766258548798,28.72374102904614,28.641334760980605,28.774429834898715,28.69642964493085
P08413,27.662651828484826,27.142524597538106,27.23115550366341,27.00363528377594,27.26624358835359,27.249912479863557,25.990884219227432,27.253858506448555,27.091463497094814,26.923636648934917,26.870987876566563,27.35078484612151,26.98675777590874,27.532600814765747,27.096231212157036,27.376095973731434,27.123509680930137,27.271729823880687,26.714706006642782,26.60194195521974,26.815398899003092,27.045794715479268,26.606007155295032,26.764833183138332,27.15956608699761,27.55081225035518,27.541707449653018,26.951044458477956,27.07442484573538,27.31658148362803
P84079,25.726647578533875,25.260242105561364,25.441092396193543,25.926879694330395,26.44482819042431,25.412642257885647,25.878312106787387,25.625112362312937,26.66266270230694,26.349026879323688,25.45945825225016,25.782108956789845,26.19011372461594,26.583908094747592,25.912331599309542,26.514281301110195,26.334850200376597,26.426886106184835,26.57920944379074,26.122724388121657,26.356189195632176,26.616933872286445,26.172207611621648,25.655747610134462,26.708016926826623,26.76367739311217,25.758351008460906,26.29770796503819,25.994471707514858,26.722855830416478
P52303,29.06294712183243,28.467164013018326,28.738361361592844,28.92640076093435,28.4048403654341,29.415260977916635,29.54930039792196,29.28686370255047,29.607920870805167,29.025910002735554,30.73835256026754,29.68896590049542,29.181421289970906,28.68783437428492,29.94802893233788,29.348203286514607,30.05698291025153,29.411119599864264,28.30949967549618,29.15917611103076,29.361328331161197,29.07552788653972,29.007334880139084,29.66748062780173,29.735562537348862,29.13480470281273,29.843383926784636,29.67572238211345,29.241513400394084,29.408275324759465
P62738,24.821706637693797,25.035099244183634,24.733538926965025,24.96714475496923,24.67154418453992,24.893414702941534,18.53834146600738,24.898870192234718,24.672574183591518,24.505513988990224,24.970547259173905,25.28724293858745,24.17969307312269,24.71096698349972,24.32278306822623,24.47569184534855,24.991721642967985,24.648564290989615,24.750441288790235,24.082821645132377,24.320891699227463,24.40952926021071,20.508183699426684,23.836255596671624,24.35560928150878,24.636704445940712,25.195126702366178,24.985530236848728,24.930148010288885,24.037172524510492
P24942,27.64973795647112,27.841603743122622,27.574776134930946,27.981951840669815,28.30090570323197,28.008689152845502,27.968198219547702,27.83241392158393,28.479267772383366,28.266766822860912,27.646639666114268,27.9030759419264,28.035735869631292,28.557386479663293,27.958933728802066,28.320450570013897,28.185694562981688,28.154753573683628,28.52784027320553,27.817110686145245,28.25804894004368,28.33806618730366,27.86322788680603,28.4048869606499,28.566093879058343,28.81286130945599,28.143920308121853,28.20446634966511,28.125701772359708,28.61403020517024
P97700,28.154588091038377,27.766098225431314,27.872147091803654,28.160096137419895,28.96585290505373,27.847619642175022,28.536314677403624,27.95639086446108,28.625521750818486,28.707682389919594,28.115088924155547,28.010081004529,28.394836129712466,28.65225267372054,28.30018866273614,28.997175845738106,29.155425436596875,28.89198375712707,28.827172260305673,28.421239723073448,29.21047677101022,29.150218502598335,29.031771150459278,28.412518782700467,28.65289004952473,28.867794680195438,28.08454304294999,29.20697228304759,28.283568598542278,29.15898047728763
P63045,25.609991113088533,26.316156328339233,26.551785201467567,27.022825100626275,26.694106754503395,27.083076626936954,25.699908193848646,26.778110582319542,26.79110596466859,25.39499068336249,25.764157997038158,26.700280747803177,26.32639237911112,26.713380432945723,25.042016549318262,26.28623281467579,26.112792106735714,26.6773426702612,27.15282457824902,26.045928337052064,26.654778544322173,25.108894276758797,25.456832223005748,25.9114314315163,27.210084939397003,26.669744614320383,26.381869453337398,26.09756569106016,26.966985629371305,26.372359227278817
P10824,24.5666665802001,24.533549927564643,24.16926196108553,24.896372752316346,24.883919318853685,24.773272078917483,24.597838645300488,25.00717953687657,25.232522108326737,25.432861988554798,24.995925890385006,24.994523402358713,24.9823084343643,25.446253954667746,25.006218065698125,25.328146902281517,25.25780948702762,25.292284942703315,25.298656196890505,24.42940206417693,24.99123378929107,25.54953991094156,24.76708833175722,24.95918281074466,25.03307636890747,25.657034580210716,25.407134950038383,25.124949313035867,24.853290438987045,25.58746997007727
Q8CFN2,26.15487005291202,26.16777247989501,25.928768842142553,26.787240333753967,27.020390954979977,26.278588504893264,26.84791051314144,26.308788347575245,27.79151746544019,27.01329289341101,26.359083841745296,26.400322954919986,26.92223992278249,27.02015598692013,26.984052160223534,27.282700531094573,27.116726996007245,26.903664112914516,27.156960987203817,26.81557263301861,27.146823470989162,27.233591803873594,26.685151188383216,26.758366020780894,27.01981187579446,27.521486060877216,26.695817378378198,27.06219159939449,26.787719768386044,27.28415009175611
P13264,26.971683653396994,26.3980051615461,26.709024668415324,26.860909198137886,27.731080576039464,27.102835899974593,27.087523378861253,26.949284299513156,27.888889284529697,27.80413908991727,27.17279636114581,27.424468849673932,27.640504346356895,28.019676538024164,27.10314852357134,27.80087336730351,27.895262841749638,27.825279168444506,27.326315964596485,27.38081233655902,27.66248276419285,27.87436170727116,27.42690056767312,27.26033376772154,27.804014498424237,28.15197183529322,27.130264348108913,27.83798748143827,27.13266254549434,28.012217952883333
Q920L2,28.17920448534501,27.79281878245148,27.894946053590154,28.011832324721325,28.040607280048665,27.741978756171743,28.218800259186736,27.497533199028915,28.194765397180234,27.8020715806289,27.93440346333209,27.555131036697116,27.786164865959595,27.71617080175375,27.614255746356463,28.07153988117435,28.376320141500504,28.07322069997275,27.940705856809192,27.533324751415076,28.414278086228645,28.20086716913132,28.123497443193962,28.301882357458183,27.93360252469246,28.477379371718413,28.063225360754736,28.116293410777292,27.869678834544924,28.156300188575432
Q8VBU2,26.907841589803322,26.883078854613174,27.192191693947926,27.601993002980677,27.982678483026664,27.096937578288916,28.0962902573968,26.863995556097542,28.373184577312774,27.649069576053552,27.039364041819855,27.37831848724581,27.743123340398988,28.17734143614748,27.377790063265316,27.99881191429311,28.008640374277938,28.068899577982304,27.73745032912894,27.769842609688318,28.362559517939232,28.124241386475145,27.529541970398338,28.438143190431774,28.125445212249883,28.450349349183654,27.599527061008054,27.844639142462047,28.132697367592456,27.990864180505802
P15791,25.15102408009245,24.420883737821036,25.671278652365494,24.257578301468165,23.880344310506175,23.722522808897917,23.330779558922046,23.654028869454155,23.639173273448566,23.370752041739287,24.155161907869235,24.18190205684923,23.391985695627405,23.59739784204725,24.508076603713114,23.713391648799522,23.468030993800802,23.67602614055948,23.78920558992601,23.34993846757642,23.71583299054694,23.39618438413119,22.849340358700225,24.581187606381803,22.71840321104199,23.965770867201204,24.682672880839597,23.46154851191401,24.565503457953206,23.91576615782242
P63329,27.918213955291236,27.70073221816065,27.608762658942286,27.970244942600797,27.897314735496,28.412761757593863,27.201672981902032,28.145180536768496,28.28696459453762,28.258912774946804,29.5166676529166,28.368607381352167,27.964587050883285,28.893589696716823,28.196497931611184,28.447522100321887,28.37481664118446,28.140597552656494,27.83766970687057,28.0499013381944,27.979131875723912,28.405236387714655,27.721691335886604,27.897952714388747,28.3920868792747,28.500919391918806,28.477884613887298,28.67294928238403,28.082276844187408,28.340622451469955
P01830,27.2695618957329,27.348731984532854,26.718820191375627,27.79948194867806,28.14556768297118,27.759859888128542,28.34916515715082,27.843991838659463,28.61014216047807,28.335879692789824,27.95856041885043,27.838478806866544,28.210647761505957,28.47686369480572,27.77395315669425,28.46820339043993,28.667533230449454,28.194891838639922,28.110443751552925,28.00333529836999,28.301294214340185,28.51012112825638,28.20653166893725,27.56292133931321,28.603129139708212,28.82551126218483,27.986008839903437,28.71126984665918,27.85666516942113,28.67615369620526
Q05140,28.684345167944173,28.01986875625668,28.258830751552036,29.060507661203477,28.89096361838151,28.378894178360714,29.059162252155573,28.34687418173455,29.043431777680162,29.1080883265152,28.4791249161035,28.538357378704323,29.063353313129998,29.208609560280216,29.020826526195812,29.15268267399703,29.338427442959272,29.143846824790028,28.831644391588604,28.947890119478433,29.288374138791532,29.398665325086867,29.235483200721966,28.823239111458015,29.28232559857072,29.38917530330057,28.79734537898834,29.20524399624288,28.814045936890402,29.417214742223933
P37377,26.058195905924567,26.041426353195487,26.43250250879231,27.000224082708726,27.18745780856641,27.190631274122428,25.69552727714231,26.70406840506844,27.439924112157414,26.479238681996986,26.049785323348736,26.771791743189986,26.829841976502543,27.568971765919898,26.23515459017943,27.089257653184063,26.981354633754968,27.222755865876195,26.933749666655242,27.015077635812432,26.577811565621552,26.854418263796582,26.34831004866947,26.228031660966924,27.31123421206093,27.52639815223828,27.086371099716768,27.363239159165595,26.918571974799654,27.189067030307783
P55063,25.404879319497937,25.31157527736208,25.59235651993194,25.796741953502252,25.911355380612832,25.87836170106492,25.690942846935542,25.580877000022113,25.966955289070324,25.919605468410246,25.98558224764525,26.13088491897714,26.167900413441476,26.359609487919997,26.03513146951708,26.02986408988247,26.31452242041938,26.061792851487205,26.036273583096037,25.60596024405116,25.423583164320327,24.94094967753024,26.369371580261287,25.871462466922594,26.043524471973058,26.07497290697003,26.19855726754959,26.16712138392362,26.08783452627954,24.611194894395815
P63100,25.156731292875847,25.004807082180644,25.412294295957622,25.452888247015203,26.21762247672037,25.467535985796054,24.924418095603325,25.113345640018466,26.362082449906847,26.74512506252721,24.979891601619055,25.40651008787153,26.110111422174455,27.545935285404067,26.14132098048826,26.690671579700503,26.51369720180126,26.4160122497359,25.855497816842064,26.7357726803635,26.27172793478513,26.938074251149654,26.510864753162146,25.061820870160986,27.410776271392578,26.96891857030228,25.281363971714267,27.20438518374815,25.89866494517002,26.512694535053157
P61589,26.364633202671858,25.919282526896314,25.80468738818807,26.32679144751166,26.72534703309377,25.296537973195175,26.217565296482604,26.04429542921097,26.879371563240635,26.751218608862324,26.098706363489946,26.58218938661311,26.61345897057251,26.890561890479496,26.32478912628345,26.851707848377295,26.355333686949262,26.771135171649078,26.446041768940642,26.284472569253758,26.765708507295397,26.87469309425155,26.368450886884556,26.258825126283757,26.789493769318618,27.348559120201763,26.544925315990692,26.669451535137597,26.525820090402217,27.033545140808883
P62747,26.83386397713574,26.49529983058315,26.461456009641644,26.971644713203094,27.26952901227346,26.4476003035998,27.034866304755464,26.613365745878795,27.294910128328777,27.218901703375064,27.007599992810526,26.784722001080436,26.873470020424005,27.304258634930054,27.190523939366074,27.043861719195068,27.17894629816338,26.936715215406668,27.233599347238666,26.726985448648765,27.15316832921882,27.268109235693384,26.780316874036163,26.951461467560176,26.936792076361343,27.60201961367071,27.054284673940522,27.195324096635844,26.895668112830293,27.161385514220115
P49432,27.66927500340686,27.280520285241362,27.445451187456666,27.541289742863718,27.734362679009354,27.555271989335857,28.093277641018773,27.67087078057439,28.254496197122315,27.676642375317904,28.164460844982823,27.753854527907887,27.79558280012056,28.11306231803662,27.822909866444615,28.08539741739221,27.933977209377808,27.98686393275228,27.78490043563918,27.7169542722618,28.223495912273247,27.79980509963495,27.64755192537442,28.206237361688892,28.26023874590338,28.266303520835756,27.972910434149497,27.960260947840837,27.99012760087823,28.174948740488638
O88767,26.59089492355797,26.6969530039876,26.284046667624057,26.678685326653213,27.0802145253974,27.019955516422225,27.355688321551686,26.99106752579378,27.65045403721285,27.363940817800326,27.293158593294855,27.025168325677505,27.47188096460787,27.678767293614158,27.642056006478878,27.578608803655847,27.894958196927337,27.578196816963818,27.61851388662746,27.707417267628596,28.173776442666554,27.733288742935176,27.438821549265338,27.830871396967126,27.693106007177942,27.835042093410518,26.778525468388494,27.70821632691519,27.305048998014005,27.716091485538886
P61980,31.636688723681058,30.555814336340653,31.113001092667826,30.67532228630014,30.47912369697757,30.561773161367444,30.038049112926853,30.07158291255817,30.53703533796134,30.415134615519136,30.705071683587725,30.60895901680897,30.521314186509468,30.600849887417397,30.518850750295048,30.656964023177682,30.78124332162282,30.811303385367154,30.429671227739295,29.981471494423232,30.614150173976075,30.595725654188517,30.267691066461765,30.43076971624234,30.49952799165995,30.950502952195436,30.93962463759781,30.435633104925735,30.7960777750403,30.847025083998115
Q5U318,26.65111668717795,25.48165648030145,26.100633543371256,26.622729847061027,27.585530508496785,25.771368468137936,26.73723000078541,25.654099304423205,27.421988283510835,27.27809196862501,25.889032295201698,26.250501972264658,26.94917125477402,27.415349651974942,26.608610414035123,27.298594704919363,27.065966951177067,27.19078078232677,27.19675334374155,26.963951976897928,27.394607565725835,27.194416416569325,26.87172489018849,26.80433650542508,27.027900652578,27.589531088924012,26.091052634274877,27.00448970674336,26.47659818457706,27.55514883376123
O35814,27.712567316791556,27.8291463525928,27.60507693026411,27.74667128170577,27.45822850791315,27.75669501340362,27.61914514740028,27.790665739658614,27.794038881872233,27.8652087725847,27.660014372899752,27.69135409664884,27.47338632554568,27.51754803132054,27.698169719358336,28.318764975460596,27.83845124427097,27.755773344379723,27.779130901283416,27.625032893496314,28.304079229993654,28.240857803630785,27.632959273548753,27.983485826052448,28.304819063666674,28.1884895639429,28.032441255143652,28.051810431895042,28.009096045540144,28.044284665186943
P09812,29.35331378329692,28.66321643838492,29.14701149994977,29.05972741249669,29.12918144157093,28.7349275378052,29.20725435551442,28.516906863657983,29.501892922513168,29.584403489910198,29.314435030426083,28.89036229356319,29.487186713894985,29.34297282394509,29.524459900974804,29.582170183060086,29.462825068837038,29.707058696251252,28.91425948061458,29.23454700180442,30.109365417826147,29.407886828881928,29.543972215687795,29.731791870159533,29.622632883698586,29.795912976396664,29.338452785341023,29.262225472884147,29.379249548186973,29.860571637463302
P47858,29.95242128059064,29.21223275134751,29.581577147417963,29.767134677566233,30.261175801984177,29.480631594044926,30.69193023595153,29.445748244265776,30.553699541454872,30.68813747954212,30.137357908833817,29.877361690402438,30.746067507198052,30.74812976597384,30.133843100375973,30.626277282196043,31.11137058531804,30.710357520956048,29.319571881454188,30.312240330292738,30.850735993343736,30.89426502239487,31.136984750464606,30.34246822589283,30.960269412642866,30.96651835424264,30.236257568034762,31.150685188065072,30.336414912891286,30.90036631750604
Q9WTT6,28.870149106315186,28.5733612817941,28.77453189009874,29.520278583532278,29.132803464825486,28.661590288774,29.95988419391563,28.66691948681124,29.790656563153888,29.142576858330198,28.963884178307843,28.751169299128133,29.42644581707348,29.404577018806297,29.26204915608301,29.46119764274969,30.061313436317278,29.706773700192926,29.274976878900706,29.357157249612914,30.163288314556258,29.370820425228448,29.572938618558613,29.636313320400305,29.3777201671983,29.741024367569572,29.347022514083683,29.67259575807175,29.46672021835993,29.729155616701167
Q63941,25.071566039435435,24.779543699879966,24.531750043831778,25.327813967657644,26.161339878978477,25.27454432904609,25.005794263334998,25.004202795704312,26.087301082499135,25.789428285911697,24.88458746418576,25.53540903293513,25.598814178209235,26.209636352860553,24.818282272561603,25.732907408742513,25.307396639430138,25.734698923349757,25.72380615514335,25.63003863237634,25.487523846200585,25.67293081833097,25.119503873285804,24.951728674585215,25.94656321348984,26.213030530945677,25.110002787281253,25.886893069565424,25.557110356893226,26.028443447003628
P48721,29.14552751002738,28.62336872526649,29.133474323792075,29.130847723273202,29.606441447520076,28.72998436051083,29.102584643825438,28.6079047725643,29.74699704432294,29.47046253959695,28.67464437642024,29.120248446278406,29.336400666352247,29.488346306937338,29.254342200545825,29.696750865272882,29.517605162211666,29.5166942011248,29.423297973922878,29.381655886894254,29.575330662670815,29.52958699187019,29.22168672358089,29.34511392126137,29.52039174933844,29.946156143680223,29.117885373060215,29.598613462933084,29.329388444219866,29.84963000377235
P63319,26.068395117979357,25.33046841439716,25.691969364000084,25.856519916369766,25.863978850071312,25.58642264222355,25.989526679333405,25.736916098053854,26.28407638317971,26.553573039045233,26.36532973943063,25.698154815629668,26.185089841926832,26.85461213681413,26.174720365833725,26.469635019421233,26.373488026777856,26.004816290781616,26.201376229186955,25.60283735760284,26.25846391778831,26.441592243950407,26.420275858262347,26.585100760981227,26.672844374167823,26.455437202692327,25.856854136996645,26.907865947777196,26.247628652451443,26.680138880883767
Q63942,23.774643295405987,24.190094404411987,22.92485774533047,22.035977362087646,23.035436033966004,22.196611430996395,22.467941190078573,23.717958984207446,23.453467047140226,22.34158722976077,23.085720110670053,22.72932117985282,22.96261990230356,22.9955195231223,23.14387673650203,21.769168752028996,22.96411767179265,23.214138552038552,21.975627332406727,22.794862419133914,22.847478725325864,23.078261910930948,22.377950400864812,24.232529401137263,22.91518634807253,23.40754564928653,22.93325031217163,22.936886538510464,23.51499409768302,23.218956383038368
P84083,26.774265425957275,26.49987879715588,26.731642938754327,26.921803497561317,27.572057242565688,26.913293269064877,27.09935425072364,26.8993525777884,27.835063233666276,27.20055226025492,26.886551395099215,27.1347665193219,27.3640211680925,27.79274170557255,26.84110011971053,27.679836497494048,27.48939527797192,27.492328255821107,27.348197117578202,26.713342894806466,27.52380927581888,27.64533091278477,27.163660162871,26.761268937707584,27.480126996229515,28.052788057166172,27.25483861640936,27.62476072692782,27.23540760394279,27.877575734694396
P07825,27.086074387790887,26.669883251638243,26.64277523339922,27.24719225416235,27.910811575925056,26.98368537997565,27.716475294748612,27.107231631830146,28.102912804979205,27.569335218089883,27.201914873430162,27.18822738397323,27.600749351958857,28.221143797691155,27.513026271069613,27.807597425044996,27.611192222159605,27.91662699272054,27.76295552299246,27.594195496523376,27.752653759059783,27.849829618066533,27.499019713866453,27.07374388682991,27.982511777178864,28.122174795978463,27.284073801617502,27.901833383531528,27.33650353567905,27.75426518250327
O08839,29.08598441786708,28.8761343326849,28.776423300782437,28.93477393509832,28.740165844329425,29.288466360950363,29.03125798643155,29.19934263163059,29.037870553670697,29.081852986952185,29.399727035363995,29.171212515306397,28.981435854634146,29.263241165668752,29.295871523281264,29.19882677896302,29.402792293290492,29.098399853618556,29.234895398665454,29.52295850608409,28.508565789483185,29.528704915121484,29.244974840466195,29.341289743520125,29.425893665410143,29.448555607779653,29.505100800966396,29.453431445064762,29.10747940145129,29.44604679627645
P16036,27.97219767132481,27.872097423821426,28.03553530828611,28.593230858341357,29.054051658949373,28.35515514663189,29.100196147319767,28.30571675043787,29.18929093497642,29.01957664327453,28.266130268703535,28.56763654634465,28.824319506471824,29.23561851023716,28.724468619550642,29.082795750105316,28.989178267526075,28.963487867845085,28.889781835953904,27.763734485076593,29.034483416143626,28.931310212731105,28.48220380421999,28.865526782515946,28.90151357033109,29.382800291453687,28.604683723214983,28.90752752709817,28.72975999213719,29.30957000314767
P27139,25.619311973707255,25.203202578557345,25.500074050585333,26.250727232024094,26.84228726224554,25.478266002056678,26.965410556483167,25.642984913721456,27.143847662688803,26.819900600666777,25.885066850776102,26.085860318855367,27.02422468370411,27.250110733937586,26.944547351771035,27.011665142116684,27.376663464952653,27.0141529061794,26.683965845664233,27.521455841632232,27.212145149375313,27.563378935554578,26.895987618888196,26.372071380810908,27.080620555120774,27.54966792704612,25.89498415487577,27.155360241020205,26.232764678824154,27.251919928519914
P37805,28.29589107606259,28.03522572579686,27.915504987466615,28.262020062070185,28.527424594211155,28.211995523918926,28.209308096597404,28.107006493740403,28.765910234337884,28.266941870078284,28.359433503264746,28.244795786048147,28.443857658669355,28.735922063878135,28.09310301452485,28.5499132859624,28.617713795234014,28.57242960453024,28.222715447286003,28.113338762531274,28.5786201497971,28.72329805179013,28.28880471725992,28.24027141310926,28.813132906032298,29.15634692117782,28.638939775296944,28.71418391953627,28.359767575719736,28.760588525720046
Q9JLT0,30.81048450962921,30.591094537030976,30.459065270456595,30.591746223525924,30.47627936469528,30.34284126957486,30.638785908771805,30.7519476818923,30.713034127902723,30.403996963174446,30.905677030747086,30.699988894773487,30.604587693626094,30.7407509327549,30.49926733532854,30.788128557242363,30.857290807032086,30.993551222258226,30.558148219573763,30.850286670213546,30.696195005626816,30.502707859048297,30.15251673996806,31.06515704908373,30.793610701317032,31.162648242295273,31.108823566583453,30.54070334743056,30.917909380421058,30.491043343920254
P48768,26.008213114051316,25.882904149324162,25.815965737102516,26.505846970082718,26.881712088259608,25.649947737527416,27.165946184993757,26.39741506138807,27.72329134042398,27.182448867026764,26.32762808748466,26.59544303379366,27.239266932491525,27.319178830213414,26.58025458639361,27.25704809761405,27.479425352242796,27.327521743085384,25.997558223848536,27.405405166058674,27.21768302163368,27.381723223120012,27.020000778781586,26.53073005608282,27.262737079168577,27.58964745016651,26.702498065446974,27.5221560486795,26.748316671784284,27.369257958463006
P84082,24.450367580288646,24.41759000323757,24.811838935597407,24.928462181986998,24.952949285724923,25.732493919971965,25.53108608865876,25.055076445063044,26.27296133276435,26.30109653807797,24.759975569185322,25.459960258979695,25.557508268952354,26.08831030236936,25.771272218197446,26.307387644858107,25.476565509702898,25.55910931524556,26.15907502258945,25.148379403101167,25.32212575820474,25.76201207233794,25.1640184748318,24.620515526690195,26.061449031984026,26.00138628783147,25.232217033697996,26.516325163233304,25.433466771971595,26.348660372482428
Q99NA5,27.06517063909265,26.592034115392696,26.730562136364828,27.093025609835575,28.0350099883818,26.5234807125301,28.30031586550133,27.208997112996276,28.43420308254038,27.46527967564432,26.81831238289781,27.089416371477988,28.17251220750293,28.189734662750237,27.86377546766466,27.90328628082821,28.181598830685783,28.30688391157557,27.562036394313715,27.188880698007253,28.170328925868517,28.224743395946447,28.169760763591643,28.184431756877153,28.21747022274875,28.58676850979175,27.257828530943016,27.982336010642545,27.38455462785531,28.03174910439151
P10687,28.8655698633531,28.152719984970794,28.479102892726342,28.606282327294455,28.459718669553222,28.25626950469833,28.677180929419983,28.121861165283722,28.943294123765636,28.48904759026118,28.285924674517464,28.34300913419819,28.531173261657365,28.567205993048717,28.652355712639167,28.931287935028113,28.80281372119815,28.77954399966933,28.60704911796126,28.349230547755965,28.743106644415718,28.871067399265264,28.41644879145339,28.73103122901124,28.69501458898864,29.215972376783085,28.662171342591424,28.929386330628677,28.717378944114895,29.012695423277773
Q561S0,26.655649441530613,26.44792834284274,26.40260417448893,26.644147223211192,26.894033591161833,27.062891354220636,27.082488686779094,27.12630284022221,27.10390926362142,27.07558951509279,27.504137209013155,27.108850651047693,26.902506824540723,27.01973251727495,27.15649233995689,27.165360268823587,27.10891563186958,27.015110517569433,26.694455758532822,26.80971616237819,27.019885551385343,27.027076358886394,26.627449888397024,27.112935690978777,27.28970877669817,27.29130547252216,26.9835008730597,27.08486783493249,26.814577751606787,27.372713372260048
O35179,29.557005396885646,29.241895463286962,29.379180044790726,29.393946947337827,29.11125297473846,29.254896114579143,28.92973060417961,28.907208737926627,29.387205043221382,28.970226785577918,29.179418384547656,29.244451970913882,29.040545688939734,29.432758178368477,29.321246632757465,29.34460740180755,29.262076033314607,29.248269686656876,29.084907785918166,29.371490340327604,29.152099998383374,29.200399957387443,28.864975312902313,29.162189314987724,29.06435944045632,29.470328827540698,29.292273464786742,29.268941782990463,29.35104438210568,29.394161035404217
B0BND0,27.473918843364917,27.52922310302066,26.70178026049752,27.478795122337097,27.278727375353945,27.39598444573348,28.07948795072014,27.74068604777768,27.636915854568414,27.85052247892115,28.471939749838366,27.732498575080765,27.539054872515337,27.69514179469931,28.06449193154133,27.98028323219263,28.366946203281326,27.88561683371579,27.64847299971811,27.862168941916163,28.10737067863805,28.06651785513039,28.27838304646368,27.968463165784602,27.81190151004356,28.334190460561185,28.371459290152494,28.3166436458798,28.032565330424756,28.14021187191392
Q794F9,28.264548259981236,27.725956040459508,27.943335821796804,27.932152246802907,27.865700399486677,27.21260324152971,28.26024122715417,27.64480544049744,28.333638975595306,27.567806581891087,27.705378341882607,27.984016287109807,28.294851814546814,28.29953467336873,28.201729684234696,28.38680670713886,28.35408473457041,28.390704084893198,28.260234070303223,28.319543176104148,28.60950653132272,28.25380821254556,28.054626905970654,28.655228835257812,28.130691525820303,28.506697496848286,28.133056706157305,28.245075665954875,28.300973343855887,28.452961719608496
P31399,25.014807752380396,24.991928648985756,23.22391383728103,25.544768940426117,25.969799387372614,25.23529321452013,27.126846135904188,25.618800319035074,26.918582564136216,26.38920029750509,25.31937717204248,25.53416320397842,26.355210544831138,26.877149762459705,26.183399641580156,26.72775792748239,26.5460893123074,26.363703916925836,26.520327340863005,24.83261015616353,26.927263178442246,26.553594957394644,26.704919604182955,26.684098488201062,26.900845838897624,26.857003298371858,25.568362000684914,26.79124496969585,26.231835669463784,26.86701165797198
Q6PCU2,26.460424515786848,26.137768866378973,26.441407416565244,26.689081275061486,27.218684406194694,26.754380950215097,27.250061662808793,26.775806994309182,27.37354374684196,27.30158055123304,26.642229218038285,26.89301180124445,27.09219569417324,27.489803068202626,27.326798189024377,27.60348565233875,27.544460025643552,27.346555200202218,27.45270976047845,27.20251261793319,27.51930529308432,27.520451335126914,27.040374758632204,26.882205616596636,27.331888761664292,27.674903349337573,26.948062286651748,27.609965592768145,27.147306471815586,27.41328469858399
P01048,25.806310906834664,25.80579009881029,24.974934254783605,26.05598816290428,26.008253927818284,25.41268656265863,27.14384479150205,26.188040436074928,25.80669512380632,26.87499654612839,26.224472717969448,25.898710343397973,26.086876370609843,26.020183963086538,26.9782788433323,26.67195321529378,26.365815918555395,26.36848710903661,26.939796028203045,26.250026665373344,27.400520601250413,26.638924768500996,27.264688891042272,27.526942489376257,25.95744638650959,26.897213144839405,26.26899239713207,27.01607919194616,26.62287976339273,26.78376275770818
Q05982,24.901884171990236,25.096448396201907,24.858305163793233,25.792315502185236,26.345981193510575,25.347713120704515,26.070313884910092,25.451092208938174,26.568278125131908,25.835291227921505,25.448052035403173,25.42252412638435,26.06027975867683,26.133285544779643,25.79452663132023,26.263972341481722,26.348799241455655,26.204773889968813,26.05799532116092,26.763966046859878,26.26928087440031,26.381536857777405,25.929342171457847,25.679930097008867,26.33095998209136,26.86048484554823,25.643504662568407,26.461159860807584,25.833016189602468,26.244478463737998
P0DMW0,28.139391343552738,27.28008403316557,27.895775748402826,27.865852115000703,28.168607287434334,26.68936760267465,27.50444501550535,27.549480955235225,28.55651796413585,28.346108789552577,27.59688724246945,28.037294951679705,28.434263216386228,28.63620875668783,28.034924883139492,28.422437083129118,28.159900583154,28.48558415622853,28.119485217233514,27.951362661652546,28.425020507770363,28.416947616493434,28.102233791468564,28.065377810365767,28.374997618236044,28.74728345954455,28.14943426609958,28.0841785265103,28.166510447575263,28.761620310752946
P81155,27.22530988611521,26.947500870008252,26.750289908240312,27.433437120065616,27.897216625042812,27.297348564983242,28.467511428778405,27.286823039251804,28.422294415932612,27.898850094139952,27.283861098940044,27.503298132366126,28.17823581233087,28.311582299301076,27.840340391907368,28.207222984353848,28.218071095677164,28.122784217077964,28.15691792456248,26.38149053961556,28.513998213385893,28.164544421407502,28.052757463170526,28.110577976664484,28.476802681212398,28.62109013650188,27.32832728871688,28.27315550173427,27.80609355255169,28.337429772085347
P05712,26.629379137036466,26.76457961471241,26.677485384352735,27.090418969993667,27.38834736699659,26.83996933704213,27.5078477185491,26.79151379452766,27.59414037805254,27.27537027177088,27.027648791710313,26.953027415635454,27.29922541142707,27.66961158473293,27.205501444112688,27.334246217568428,27.586165121882246,27.356843631186457,27.275998601692404,27.156813984985913,27.665428005872364,27.444548231575318,27.480217451867773,27.762200419144232,27.508420989762534,27.778256721915334,27.164102157829408,27.6033091559302,27.327396169527667,27.570354567037928
Q63092,28.066670330476732,28.249190000839125,25.008423580799448,26.897835447445836,26.205383277711785,27.63417369616307,26.38347744947768,25.817593558714062,26.369564329391732,26.23228050701586,27.65393098495768,27.551304554412372,26.492004629928573,26.586792414797696,26.62575127730905,26.987829344327494,27.008125353059288,25.987188455658643,27.13192180071137,25.561552655502936,26.986075531250677,27.182981788098576,26.2673961417541,26.771331532769022,27.238153177960754,27.43478614094481,28.27528891741491,27.370141454096395,26.845297463321298,26.508410925553015
Q9JJM9,24.940731231349353,24.378952778941745,24.49701374927978,25.355071630897424,26.507793609247383,25.001059545280402,24.67346310987127,24.950206659954812,26.494718745124608,25.652336912177017,25.044144363297264,25.238968766320053,25.76031147059762,25.80291993981706,24.85953389185044,26.73730604040907,25.648841210876753,25.75911646784432,25.660824447570963,25.29226927451799,25.69805108898285,26.05537711336963,25.50052945592157,24.178729409385884,25.557988000249686,26.283937629939057,24.94589874213718,26.05523312089615,25.537457530581083,26.720382924079047
Q63228,29.1953497070561,28.036599567398913,28.556393478156302,28.325416120273495,28.34188807410146,28.166900876454488,27.486767831949752,27.755340247103916,28.101207940221034,28.156760609001598,27.966892375934954,28.302592345286147,27.80996480443623,27.94163700676294,28.258494020078643,28.29878546993921,27.980141528363827,28.295675943127012,28.049593795342798,27.621436404131018,27.442653426844945,28.040451736897822,27.546077623794154,27.91789316357797,27.937261176191644,28.354896530600755,28.477371372764306,27.701152241572835,28.355248681453546,28.3824071931057
B0BNF1,29.149594502528945,28.29339155486823,29.05887538554948,28.257331649674473,28.06731810644944,27.86925263214962,28.158297110644746,27.748549603983268,28.207489796253284,27.886048685318737,28.620575356700922,28.290580246483273,28.110435827899718,28.329629711485772,28.05049312864129,28.133233478853484,28.733235957342355,28.268755792425583,27.902621515199268,27.68160690321527,28.408708651548423,28.19963599695668,28.15922500178558,28.034593146800706,28.087361783993273,28.427076402508906,28.262144510527932,28.24405149953485,28.191929880138368,28.4893168430512
Q62813,27.061327763851743,26.856853087045252,26.89178137040754,26.837130501511343,26.483812814163475,26.715231072794474,27.19957231181287,26.86215163725247,27.023740381830404,27.06326563265863,27.03639036189335,26.894694564634907,26.758945459944123,27.151723099884553,26.74521317523844,26.950656831255486,26.937098842053153,26.865389777844904,26.899368972823716,26.72491389109834,27.356105544291776,26.88996967926481,27.051667997684913,27.39955036209157,26.830251046909044,27.28976610041006,27.294691738735178,26.91346704229169,27.098271022395753,27.48553548492261
Q9JHY2,27.000968982176428,26.791133086720777,26.716534316778493,26.95429088664914,26.9807985354797,27.08341825809094,26.647281718685015,26.797852269443514,27.231554640282237,26.699760107558273,26.553214943661796,27.047447759733807,26.62707965701843,26.829053590853476,26.636454325198788,26.719052320800813,26.94179032699083,26.929766165873357,26.730803453894165,26.1798225504939,26.67290543089928,26.850258106390317,26.319260729318916,27.01998999892422,27.08585888322906,27.245210554510525,26.976496789996116,26.722050019246,26.719310105824043,26.904911409490083
Q62910,29.496514479159526,29.209736939146314,29.117686777548784,29.372570775826027,29.471202168569942,29.162237305606894,29.995151936404792,29.379288689405378,29.95146348637036,29.79555668789398,29.529323621773774,29.33260341254618,29.56734650471883,29.855273010790786,29.78007617908552,29.97234454390841,29.91689194568002,29.544411137716022,29.64811948394007,29.513279532161786,30.072145723675895,29.893554750965297,29.822198403408066,29.685574733115377,29.697699008316018,30.183258640779375,29.56029753963778,30.025645758863334,29.815916751779998,29.80391797608449
P19804,26.679184546830683,26.1422896773169,26.104629503922073,26.986097699683942,27.50104069062067,26.83917839602447,27.79432168185766,26.819106917476528,27.916481285114433,27.453381430744184,27.289320829646638,27.238340654432555,27.508784100658495,28.145883286740933,27.353120646029883,27.786376002884428,27.768848752162256,27.59847975097667,27.5689491506563,28.27545578431021,28.088514120657,27.81681553951006,27.430081141972728,27.183974636290003,27.8432048418337,28.092374777861664,26.988506290462258,27.93829430387829,27.13441090412785,27.860257034888356
Q4V7C7,26.44816081979121,25.891348568566166,26.137944315974508,26.812051719043758,27.144727886831923,26.88387690957075,27.043567636972487,26.81276346437424,27.83141815418967,27.530489562673193,27.074121362020502,26.93505732857916,27.316785096462137,27.920202116194684,26.966531401886154,27.506027074427404,27.752111814119473,27.216039133568753,27.654431890310292,27.384586066354572,27.53637654362423,27.68154003320697,27.35182924873255,27.05931215996114,27.54975502421338,27.810286124484087,26.962177965580935,27.91796950281356,26.86890223590742,27.71600938061524
Q68FQ0,28.5953902894384,28.316595466753984,28.501167568318802,28.332561052793345,27.817201859214972,27.969572741401574,28.592050687297064,27.99232098663439,27.823414039449098,28.19719884401314,28.909625656936505,28.11998363800587,28.04227722733994,27.760015925168496,28.860357853054357,28.35869854944149,28.58291924242308,28.3266674877282,28.00651605425574,28.38263392372384,28.92827770660769,28.563623079223913,28.49948528502526,29.094875137134167,27.942440541465345,28.736991102595578,28.796102846373774,28.439906033366015,28.721600999780517,28.475957774069403
Q6RJR6,29.370338273492187,28.905970259920974,29.332495596284286,28.929511554413537,28.828234699783305,29.247840315038726,29.01030855395284,28.927207337946136,29.388106349843866,29.207670961114722,29.59485136313798,29.464390002325736,29.252802253526607,29.26775344452553,30.014979417876383,29.599503249032043,29.34047498037312,29.290043446286088,29.245225913543326,28.992654411285994,29.63601064905109,29.671906065785997,29.108794337429536,29.615726776711448,29.408940155339494,29.696978853215857,29.865414204436654,29.405526742366874,29.647873223819584,29.682855253641073
Q6NYB7,30.900583530344708,29.7230485521496,30.379215697174384,30.293017919330257,30.31084870631469,30.23720066881737,29.774255957960545,29.624451665476492,30.357095978623935,30.339200430276666,30.18055216178537,30.260889391531276,30.158381446023373,30.415913219013436,30.215804013450036,30.36717215199047,30.394213514185356,30.332537678000794,30.198556910438885,29.457971826923863,30.20292539474016,30.172038543233224,29.76425591390542,30.034236925296167,29.904512278232495,30.63769292639821,30.478597334396742,30.036521988666124,30.3516915316437,30.64384186397874
P80254,25.470301988343447,25.591498658691936,24.215605867055864,25.97225634116886,26.268317276276424,25.795974380855235,26.308777207936934,25.965812756452955,26.39270177122846,26.093358692698946,26.426590862816823,26.053613958327574,26.572511152881304,26.728419690596585,26.233561714585168,26.447129935744357,26.71634912299394,26.372178489368196,26.42203743922458,26.549989337221728,25.312057981522884,26.13728428002495,25.224496611728714,24.93360920392046,26.307618000715156,26.478312101529248,25.35944104333868,25.812582875036615,25.392113068348102,26.142152377215357
P61751,27.629948657870717,27.197962704938888,27.420907182055345,27.579402865783887,27.954125641990412,27.51270595238263,27.50955830123645,27.4704046945215,28.370626455076042,27.863185537785228,27.676638935613198,27.70034399339079,27.800134445047558,28.244488881079725,27.58007546928472,28.10855785716708,27.90650451097768,27.90792903032521,27.830464423129,27.20958371009797,27.937562440467495,28.282769875018747,27.54830022130643,27.398744124060464,28.157955921773393,28.591605266798748,27.806692740558198,28.078270276796765,27.69939300393032,28.1779117640013
Q9R1Z0,26.703460220664596,26.38413248837994,26.178384652634154,26.879285770021063,27.417351085254445,26.66247749418918,27.461530417652423,26.687149223440226,27.73204846255315,27.355307740391197,26.569930894940025,26.94432767337837,27.51851654222521,27.832107244579422,27.096747410848394,27.682706877816646,27.44493374476277,27.565227271757205,27.62293864295191,26.655846438945577,27.808343196579397,27.524727908507973,27.251481794925013,27.30407908981053,27.760775266334598,28.06409411300227,27.003583051266045,27.536879635960933,27.361004541071,27.851709718647747
Q3T1K5,25.451993713452957,25.81617251882802,25.17167666297033,25.832814339813705,26.193807352763898,25.91314353987226,25.162338641675127,25.93603868878269,26.337214313056695,26.269060221515538,25.701034619060415,25.653710599972797,26.018971717832294,26.948048096754974,25.73316943577745,26.160302898165554,26.086484110153382,25.995369484315408,26.181068754724166,25.69348807081654,26.106189042117393,26.22868708336882,25.857430729561898,25.268935932484272,26.504238312281,26.62959857416761,25.76592534954346,26.18084226253517,25.84482596134327,26.303515112846842
Q64568,30.07007151653618,29.20369026992021,29.78663871110127,29.418020147058456,29.100542804388002,29.15910387064523,28.97741960828063,29.192584537225503,29.180518811708485,29.071164966790285,29.725842175761482,29.490193892681255,29.066785430397605,29.48843454575838,29.40217880650898,29.53269571369967,29.60624317498126,29.314669134998535,29.144900915161507,28.739804202180515,29.35640293006368,29.31726658380394,28.980165842726734,29.418921323076617,29.146081940169505,29.63011945544414,29.753074184460388,29.405041393665858,29.649069323508357,29.547637982401856
Q7TPB1,27.66911974430152,27.624433290097244,27.353325881065526,27.68358634666122,27.603096600003475,28.020365809953127,27.823473109896355,28.046217687969804,28.256642349245535,27.39670204493678,28.051070635920098,28.358246861357806,27.9697445137501,28.11840684179798,27.856906962605432,28.238914493534466,28.129106897803588,27.930159005768232,27.821166997078446,28.02733700900079,28.218415669982978,28.3327807788034,27.834495835428726,28.4062239119802,28.291110657323145,28.39230958679795,28.41842838919434,28.192973066827665,28.423869165329148,28.29334445747047
Q63028,29.333697674913182,29.30873620330403,29.138302831795908,28.987671159378696,28.794626262097427,29.114597323213587,28.396696823411478,28.44980061503734,28.986940311528166,28.577276562679486,28.38564853811807,29.236152647475784,28.722969182955186,29.109755456679256,28.995460194128977,29.033587683249596,28.951312394527356,29.31651035870416,28.769466634464216,28.70886661581163,28.894443029483636,28.68768955006685,28.291167170996697,29.050523202522687,28.891647272525514,29.41239897148096,28.96441111212921,28.95404091985455,28.97537690560539,29.011801134032584
P97846,31.0649965952151,30.561546616746405,30.963715990323564,30.77319760485115,30.372362122343123,30.25079498859283,30.77962472910316,30.285214522385754,30.492169946315393,30.614917831279797,31.1352725627477,30.73217635837013,30.443290614163484,30.508929489248594,31.20448134574173,30.828623925165434,30.99075150467012,30.688892535021623,30.4534242823908,30.158612263588427,30.98406568044419,30.78040425640264,30.69473855064226,31.157672931852723,30.03392635649616,31.273029118848058,31.302647511388177,30.720614042813427,31.12380552472326,30.995585235666958
P84092,30.073497089888626,29.097796645550165,29.79029688345642,29.120335854678977,28.62123997220673,29.31976808084503,28.485406140541762,28.98548468039736,28.959448059583917,28.56700030576288,29.160110048942208,29.315284893025602,28.659247111028993,28.97083501702619,28.872846553319572,28.973562944355564,28.74532493555346,28.963113723424943,28.751784606450858,28.52765091792724,28.880219224220756,28.858513221424992,28.07370246561172,29.1572596357135,28.83717688468819,29.29268010543622,29.63085078268834,28.626324070144978,29.33356924677459,29.066170360776862
P10960,27.507645155906996,27.378808385071395,27.338673725609524,27.689269710122815,27.895309582366316,27.44509558243157,28.288732423570536,27.493249271268226,28.24157542304604,27.98658080331017,27.821860432873482,27.416872418004896,27.9229414118871,28.15964085049111,27.6600030302238,28.04586378441538,28.168618155511798,28.05403059397084,28.104534790845765,28.525277524374257,28.107737097311194,28.308844726742873,27.75433065781054,27.77547906409711,28.102805998308064,28.395452814104154,27.46063899726701,28.22886250527723,27.66728768471052,28.09068800302721
P04906,27.259460547014005,27.34962315493301,26.954599402553924,27.59058120472371,27.18061500006523,27.717421179868932,27.50678931978305,27.486616319758273,27.566966633780922,27.181347537429343,27.81149328067496,27.552439568752476,27.502813914915496,27.561891260250487,27.456445949572537,27.581716175494716,27.911806892488446,27.59186953898866,27.430905902467597,27.368496773726267,27.55320943399001,27.904582807397986,27.542745479919347,27.434776673832907,27.802498819317524,27.89438507679412,27.675290000266326,27.880620667312545,27.33443891201084,27.67729334055743
P16638,29.05766306257881,28.399244653537107,28.907107786013388,28.655356090007484,28.464136601706105,28.497696042051363,28.579297045063758,28.445388226737258,28.64171228929114,28.39043007598477,28.898921878871747,28.768076390063584,28.40838531844048,28.742168818505057,28.80365295612359,28.65484203905888,28.622489361918863,28.572371208350923,28.560447895584666,28.349529675386943,28.746741024910815,28.635068416233207,28.073094870839327,28.675448132734545,28.373792680862525,28.660426956164052,28.78512755761385,28.555366936269404,28.778315535280846,28.882164176571145
P32851,29.209121893017016,28.917842809180875,28.97585057045889,29.45966499267688,28.776446082672425,28.46442627623284,29.49144067940002,28.6487656820297,29.173252755913428,28.60015183660913,29.152187920479896,28.88310552402476,28.82520482955654,28.804627930831433,28.911311506468987,28.99701257844423,29.671789718909665,29.157355675729615,28.695995086325034,28.708259184042845,29.278219645063132,28.894820653227807,28.89644978947481,29.41666544366479,28.68987436681573,29.280305030644612,29.866636935963232,29.1248063736496,29.440607299022744,29.19453611629342
P68403,27.677939326765713,27.255071846028223,27.152213732528715,28.044168916884885,28.906147018863507,26.8731066760985,27.33093176094644,27.71968929046855,28.960006186733008,28.267206005141894,28.325837760740097,28.217259619360874,28.058200319729572,28.318064896219024,27.32318441520299,29.090309658132224,28.394700322863866,29.211459484166788,28.348222483052634,28.55905408029674,27.764470653354174,28.586524548014633,27.475868227665856,28.257983609199034,27.782709469472756,28.880946435834773,27.977759492477592,27.713092276804776,28.071260584666323,28.64492398736053
P54690,26.4531213365127,26.63358188242443,25.239975094508733,26.43590173970563,25.908173740230364,25.474611363496134,27.045688586052343,25.967314095484856,26.049641890680437,26.526365915290132,26.966559670630776,25.888257072902338,26.295192459289915,25.724827505619594,27.270902462897126,26.50365088500475,27.061568937104543,26.360844249798166,26.513014544858276,26.627397217237007,27.525736091041818,26.931684064485022,26.929633612933856,27.55861266963117,26.302125154590136,26.445486901782214,26.599313252132305,26.268371587008893,26.405939098018308,26.397181413066125
P09527,31.892218025663542,29.82856785151632,31.641838893933127,29.981150750224494,26.825517468993375,29.650063906793452,26.591863751587773,29.698729720347952,27.53941799804174,26.706602539215083,31.501521462651468,30.5765218648818,27.183466951087247,26.95246302150175,26.268084388141293,27.22078709546291,26.872834836456423,26.83477702835635,26.741589211061598,26.953561425265345,27.355922293979333,26.933164607271944,26.4085630756521,26.4172974573224,27.061100188864543,27.622291944366292,31.577993552303305,26.860850618730186,26.548456967013355,27.028420432124022
P07936,27.997593091874148,27.55050302235026,27.984143098975157,27.7794781980946,27.50863415445666,27.832586031835515,27.818304196264695,27.699882224228972,28.07245099294301,27.624680254443977,27.275553266008128,27.98975950767469,27.674612489595347,27.713992239362305,27.726465587949484,27.920485215107163,27.973792229192988,27.939645026826156,27.971903631432603,28.209192211231343,28.131437117158182,27.970915497298936,27.776791032541063,27.745146104953534,28.184523375085515,27.98269652939836,28.030945835244975,28.038130644110883,28.050739430544052,27.937871379908117
P31016,28.475301666480508,28.338605263417353,28.316985006382946,28.2071669581999,27.939938639899093,27.86416834286384,27.86861677674579,28.039275887615073,27.850825986303455,27.8499459277874,28.275301218504485,28.10880179545089,28.03269747508497,28.15721045449944,28.25943082449826,28.1872474431856,28.155265397056166,28.106175193117842,27.720252564403822,28.071466559182937,27.953620744067813,28.072861816400682,27.943002966974138,28.384223601536444,27.9036774566271,28.230479011763002,28.508961560152844,28.236821953339536,28.396061800986086,28.18116966952245
P11598,28.93984228831856,28.696974986687707,28.849605957667713,28.880936984232342,28.603858828670607,28.43695847444071,29.050323610940556,28.50741865792471,28.769454145192586,28.683439620047043,28.99952835017815,28.619602380358128,28.766442333765447,28.764860443845077,29.6728542996655,29.161259595571938,29.215409710797445,28.92205029262077,28.971835489724555,28.515398786957512,29.334859351865962,29.184658316394227,28.919114255561837,29.298262691374138,28.396210822824834,29.61942722217969,29.243463148143867,28.832491898227797,29.13222367182998,29.138785411605795
Q3KR86,28.81581757778142,27.993685079982257,28.521927668396632,28.367283820941537,28.300469410220806,28.134519177918364,28.75446707390716,28.083848681345433,28.408420572082633,28.553295428609715,28.470227113250402,28.555802692091618,28.349322366032787,28.39665564160266,28.48384206779156,28.541084430846666,28.641346431632464,28.590459286354584,28.263149179197615,27.872539379095862,28.629208654862094,28.538512792580086,28.329045497262364,28.348760502433404,28.375409288052516,28.624004058520402,28.88193751918213,28.64327753980091,28.501404069952862,28.69138175624676
Q9QYF3,30.63043972178015,30.547292865480514,30.30078875704891,30.52959945894476,30.17631851735629,30.182306876631763,30.690213626437664,30.300061066012383,30.479596572455463,30.230027713947237,30.697304190024994,30.507939597960583,30.501524212749118,30.47118276469094,30.84192352418658,30.76077908345459,30.670043379976885,30.778333108583077,30.44721020846499,30.227396027111766,31.034082701090554,30.794132010778757,30.69488093647339,31.096312797237097,30.543292779373978,31.15840195004008,31.069398869989083,30.57640153854701,31.02374996612436,30.87814863659532
Q06647,27.79183325237733,27.841010086368836,27.503872561999934,27.801753408996213,27.86199841784803,28.109896641189888,28.23788971939318,27.98603432968022,28.228427213472575,27.68318013224209,27.99539383318776,28.106354479604207,27.943877212776105,28.131957429313733,28.061174989365412,28.219379232876403,28.11438970364532,28.04840237233255,28.02843281370062,27.466008492543374,28.165333406973602,28.074952659645728,27.705605518529428,28.354899126647584,28.278951767813677,28.63288821996799,28.21874295069161,28.14576051605247,28.1583781319328,28.28314804163948
A9UMV8,28.484713243174294,28.441797281840326,28.627263726290742,28.94216253067319,29.240412535990018,28.654922661417412,29.799943290662846,28.72334055682489,29.61093956397061,29.6318884269544,29.66111997858413,28.977972006750726,29.327801078597247,29.34108887015709,29.175342557009348,29.62533561246654,30.079011399106864,29.59833791652567,29.13814651567198,29.526316773011246,29.504987086205134,29.70033946179492,29.39325232919931,30.076346080636515,29.654202191478884,29.90930154313889,29.12824233275991,29.99238365858108,29.1727439023546,29.777092089817206
Q00728,21.588650050854245,21.473145109812585,20.909210128851953,22.97925073185143,24.461738577716932,23.528624487653907,24.317838921103718,21.690258328825763,25.128625028365757,24.78714357543762,21.514776076590863,22.53837047879287,25.225606737751935,25.076750145338966,25.07317477897395,24.893531511384083,25.318883750270963,24.775910305032948,24.980254183687723,23.226824846191093,24.569908873090146,22.36023614361122,24.092792741519304,22.160168953926416,23.735103230777238,24.834778395638573,21.46547252403974,17.819105342588475,23.56203065708817,25.575113247610695
P0CC09,20.60376310405966,24.908460437015098,19.030733639057004,20.369111064309802,23.91550814148681,21.156619487662955,24.527538691050072,22.345016696034634,20.067081112271094,18.81877504722595,21.665891359959087,24.087692760817117,18.230401493203377,20.180610020630706,22.85311920992656,24.233367401293524,18.543525363841884,24.22334679050879,24.16940758485495,24.653540167440795,20.944902008131958,17.40175893776323,18.932595582892535,18.700843423998293,23.21165083929899,23.98826619093582,23.728470012608927,17.364620680136447,22.662747356785832,18.776543574029624
Q64598,25.787701823774768,24.498556836353405,25.8376849851732,25.061666298546722,24.808727028741608,25.139532295131527,24.471339821836366,24.784712078909763,25.028922879249414,25.059083402680354,25.13852201673943,25.684485594641774,24.923699449930208,25.026674570912736,25.217755673562326,25.08129702003104,24.92035201484741,25.17712758349463,24.69412475747589,24.592513510631573,24.96634750732034,24.82042607879726,24.379114491599363,25.063250379723698,24.798838455122326,25.371453470785067,25.5885475427508,25.187035689552555,25.34572577302236,25.50554516486853
Q64548,28.421609733872792,27.846237481209094,26.25499720614739,26.17355417314671,26.5353135405033,26.528920420673316,26.38934106462619,27.51170756722197,27.168164138691786,25.86725682593369,28.541095103748198,27.40269190828078,26.6796041364504,26.48924809420983,25.986213485657835,26.803423097748023,26.59964645724866,27.246736448255632,26.300192209577894,26.947088966662523,26.918717945837813,26.444885967121063,26.240426953554753,27.73429457931351,26.50054417666595,27.48193016334552,28.764160226796996,26.61222809297984,27.430278101857756,26.814621670924456
P04905,27.193577649329164,26.24046834158619,25.50635081721011,26.711491801112697,26.558295289126516,26.162388461776253,25.678384578682437,26.16505275579915,26.580615014403314,26.54336645875833,26.148326371530157,26.82499498574872,26.440473546345668,26.885913335863453,26.380796604085248,26.896150871207897,26.43361873800023,26.74939825303004,26.19632845250112,26.10436034623085,26.614768113468457,26.39356318980214,25.845767200534834,26.207451409995087,26.582605144425127,27.04856114519996,26.757231936430355,26.495867861214055,26.033827038542743,26.89126501748644
O35244,26.915985814722852,26.803266625256963,26.42474961913629,27.1979817848717,26.786848037170067,26.152641961033055,28.014641095042705,26.804491758745026,27.783286208360963,27.162512509906662,26.89392071545175,26.949768796830096,27.599321449956772,27.683061421872537,27.228955816065397,27.13533513420329,27.567680425019343,27.79907603761428,27.505753927462116,27.544130670511787,27.761164314706374,28.133504330559163,27.271579686422225,27.53811784259651,27.605580949377707,28.09182059494692,27.211475470164608,27.724763764955558,27.294455980103418,27.922267792305878
P10536,24.93302705026343,24.475130426545594,24.61930730078643,24.682978327672775,24.6448019940796,24.751923900002645,24.0987965278147,24.528394462175722,24.25539188653525,24.361887542153717,24.492965494477833,24.359583525994616,23.781554072097215,24.279413453053078,24.12841724224226,24.252818636610538,24.142653192734624,24.302086782975888,24.55865592621528,23.77122774405158,24.128689483474645,23.751965052686547,23.569620693491437,24.395937174828802,24.239647358408444,24.40280051971082,24.583181065580604,24.444148231298854,24.413597086808675,24.66224601852319
P17764,25.779716918035657,27.2203674412821,27.09112950979061,28.506902558334815,26.459092717313887,25.898025140365366,28.642412399415157,25.763905488675054,26.680345699437986,28.49651611819948,27.856858029655548,27.956315852830475,26.16330307569851,26.909365048323544,26.011386747850135,26.574234878296878,29.33123256019146,26.471492556285323,26.25030697578284,29.52515240415922,26.32590699494992,26.437635531081224,25.816989904612495,25.949263290624987,26.793822153054055,26.80493238701248,27.696363919075083,26.761675736170876,28.39336889359938,26.69832408747379
Q5XI32,27.43360525819099,27.05107727400166,27.48736028882394,27.263693386600536,27.59179890583739,26.551898626178502,27.22803558545291,26.66558945324885,27.51656319383815,27.597006610868014,27.713145306263396,27.263914735054733,27.59163033827093,27.689401299887127,27.346898847605637,27.597754181834464,28.209986132828906,27.98803776137973,27.939335052898265,27.777049398947938,28.129591384504717,27.82361380451115,28.181887084066386,27.780768551764098,28.126884673563236,28.091849590028975,27.52058216170308,28.07118113120606,27.706393975941598,27.938123726582564
P31000,29.28600724731779,28.940589971342185,29.16500371324812,29.121608807496482,29.055049960074662,28.781182082132567,28.923351979632194,28.60934113721723,28.750294836964503,28.992745266139647,29.129980135565834,28.86238958280528,28.7559593934029,28.964348128747385,29.090658885855827,29.10584150229343,29.294571736118716,28.910838445422215,29.079237205797988,28.671662665184087,29.107112137644254,28.896714722383642,28.70452604036027,29.089663726052287,28.604344011705685,29.14151872031469,29.217078460891855,29.06658433577898,28.954050395146275,29.111651258586736
P07632,29.31970770160592,28.984342656093034,28.838232719932602,29.140313878964015,29.110827291978858,29.458957962477754,29.67609080632488,29.29972016687769,29.646851618049034,29.407904823089993,30.032260894854616,29.46576377387483,29.442133148727507,29.451908708947844,29.674593171990168,29.596952302751387,29.95474022052222,29.569319612193176,29.131926266113,29.649436976924544,29.633658048361006,29.515296276714082,29.32873551423304,29.62787029049452,29.804600674749583,29.766596589983823,29.705863577369083,29.93089414373832,29.364572723560133,29.73879977618532
Q6AYH5,27.711107654696928,27.774077363577696,27.334315500502196,28.325413526655396,28.104643043728114,27.757484420083088,29.12254831866625,28.035856686771645,28.459534274947035,28.154740134235183,28.04914463058425,27.95905711838716,27.326173788947553,28.45605614163385,28.341595460920466,28.38461449843211,28.77637523217338,28.39262733805543,28.35918262082436,28.4757340077845,28.435756867061503,28.556696719442932,28.75009640986042,28.439754885211183,28.53040363746894,28.707204964026687,28.76820757419836,28.687410388263768,28.51830707288055,28.71255204163441
Q9JI66,27.501714087279062,26.908210435261033,27.362429315746887,27.31507319992154,27.07882271124173,27.099021760262637,27.786503343072425,26.980867842745706,27.156993796901958,27.145195306185364,27.049562093643534,27.19177885869091,27.1862616919977,27.280415983812958,27.275900469778076,27.093415582138967,27.65968076941801,27.08815714136558,27.38428553465925,27.09263432055011,28.116252748672228,26.889685261442715,27.185872225334307,28.314605163421454,27.15785237039033,27.364244392729017,27.216258191960744,27.144108568481517,27.815550806734265,27.354136933230016
P07895,25.95056282778396,25.893309140756315,25.30034933943463,26.298255424560143,26.792044325759356,26.185167083453237,27.685382236704015,26.265472564606068,27.276370967380814,26.69280826235129,26.32385248555089,26.27530057958495,26.959629413760847,27.293015518764488,26.958884727153496,27.027949770432464,27.185039652040604,26.800660113813578,27.277786127353682,27.249543582061598,27.443222120372564,27.100475099461796,26.750624670165124,27.307233971141258,27.105725065394886,27.31956149660353,26.343735065624045,27.18699583692773,26.834432193814354,27.117803539432696
Q02563,28.499633743476508,28.687208474801434,28.402312275730758,28.395818286272863,28.023945390081266,28.829929040833512,27.680129452120738,28.690163105497916,28.02986949175248,27.681215430858195,28.435844938169,28.538375955977717,28.076718873632093,28.29522151610843,28.265012978801817,28.24013581963543,27.980322548084217,28.109775107638104,28.06005183399771,27.768333313227565,28.326133390480898,27.999431662764938,27.629672374768404,28.136538845961503,28.11953687953873,28.269160154055147,28.667663764897608,28.144762654096414,28.45102308433787,28.019908953947223
P47728,27.37757453009912,27.073977889044674,26.87279489762497,27.382598952188303,26.99941285974985,27.320523372820517,28.13231949786613,27.623234242983347,27.667311383688606,27.63341444562657,27.859843318774338,27.335914859402482,27.096116850812415,27.77854555772678,28.002430470158433,27.833855750672036,27.607488503979454,27.249893925224008,28.137447136891954,27.65511033674125,28.084234831073456,27.9220395403164,27.44687375436764,28.647798530304964,27.402867766883144,28.007118783330473,27.627688018353147,27.426713422661155,27.74600248526623,27.80626314438847
Q62812,30.857119447696412,30.641617940758078,30.81059258999508,30.569959814346753,30.394830407568534,30.651618069396605,30.1081911206268,30.49512523042618,30.461477084093186,30.536346791190937,30.768372258750087,30.647173449542027,30.315668408877862,30.756244848086833,30.593614865368334,30.61916062312987,30.65664805164255,30.49874109862462,30.48093834497905,30.514500714032874,30.42236115653982,30.427641984409135,30.083258054168347,30.482430475720754,30.4564010537389,30.938889113476513,31.084368111477485,30.71320553036599,30.74840102014379,30.74361794372037
Q5XIH7,28.351623664958773,27.808789077327564,28.114332795604522,28.14096512771749,27.72664700438009,27.030152328941593,28.357332039867167,27.05580750383547,27.842836866795626,27.82704523615252,28.041955715188866,28.443928147886794,27.54487274723706,27.783455308161354,28.285677976609037,28.928617034686802,28.04203991601035,27.790870846821388,27.977594954493554,27.950856388878563,28.87201613999719,28.347681441002575,27.700058063379856,28.378395551793112,27.26455370960414,28.356783770686672,29.17497219710692,28.18052719488921,28.17732464618855,28.250244071494663
P03994,27.014250401943332,26.855200150161306,26.5967438107275,26.707320581119752,26.13065684672867,26.53475390655174,26.309329125927245,26.919410753133718,26.463439153107142,26.043581770375738,27.429566014347923,26.96079113863604,25.948854578730803,26.528179460118206,26.935845025030684,26.358378128426136,26.744642647473675,26.584884871755104,25.24370252385127,26.717526719312563,25.784477664351687,26.289133953997023,25.789040873476,27.036645327080066,26.432337479921415,26.698720753163798,26.920216979527847,26.696350886811466,27.01060833043633,26.556951768499626
P82471,27.334878960711283,26.67195120316412,27.069291831172407,26.90317872136899,26.85613973379863,26.99645739382848,26.768704724567154,26.930294481762513,26.84217105366169,26.90465131743556,26.442150172855378,26.785618813829775,26.56624922187257,27.138353631683167,27.139302659298593,26.828130113443166,26.70854689993899,26.7837595183003,27.143353992153603,26.685598684760354,26.837917013997693,26.93031164589828,26.382751118861073,27.16845500201419,26.904940188391347,27.14225242371736,26.987102440744124,27.044027804532288,26.936286743487653,26.88010587557565
O35353,27.791854022582015,27.618130660650806,27.780558270105338,27.95221161418382,28.103162646204737,27.459041293706015,27.958400213552242,27.84584062813737,28.474403502421584,28.176346094721502,27.792278189548764,27.911038791253922,28.269443424885907,28.205494100799104,27.977963985701177,28.494331420125324,28.326679579568882,28.316385207525943,28.275269860599252,28.0661953767724,28.482799655144692,28.434623076287355,28.058097191055953,27.792829345128535,28.466685599044244,28.807393823202588,28.193920013585267,28.481950437037977,28.077207320980758,28.482866493578033
P39069,27.230756854929023,27.17333690706008,27.461389677668432,27.29880307024443,27.424141777460047,27.076976756813085,27.146076615246276,27.06733293390905,27.9375737292389,27.456012533807233,26.73009876487743,27.63613890353466,27.474969404163954,27.834923217011283,27.24436310692338,27.56385051612303,27.430580674172745,27.16443505616089,27.53155712791997,27.49809332432069,27.593639534294926,27.75424788670306,26.788530228427742,27.21876756857517,27.46205315816141,28.15918164829892,27.17834789267595,27.56902580655444,27.48990446532103,27.49485101091344
P20788,26.564415317502387,26.09420732298149,26.772980815172726,26.72343847344521,26.46567684214851,26.170212796450244,27.02555429972586,26.278073709453434,27.15328957952532,26.674267034244867,26.863453086487784,26.480769008441193,27.051166951898505,27.11149893147192,26.824372791380117,27.266854467775765,27.086621667931965,26.826962315925687,26.90963770089864,26.525928691478452,27.102548004869895,26.80650579733694,26.51010690162788,27.24963455222759,27.228130387626535,27.34668298058443,26.920213469256037,26.90806869007433,26.930925682922744,27.05926532729278
P85834,26.71381316343856,26.30251605717295,26.753080258845323,26.446810427311494,26.854819470639473,26.235381283571193,27.622152980120717,26.344814762198244,29.01468571113991,26.63108059016443,26.254416272302443,26.74900668827805,26.47798783175077,26.788879973424258,26.34622498740648,26.970892279284143,26.584739724784857,26.756339253352817,26.90388277018752,26.08313270245253,27.67796704277414,26.560994795027973,26.36590452336435,26.95723134665051,27.641931659542188,27.272041099937052,26.744200670128677,27.339706921086847,26.754497308350928,27.198695145484916
Q68FX0,28.8918193985453,28.389697686837142,28.79121415570144,28.430157943720722,28.81617512290925,28.542347967053484,29.06032674462806,28.683798418033305,28.76305707415367,28.447443413442688,28.645407041867376,28.926380328153947,28.964229805763864,29.290905796190934,28.62819802957087,28.69786289585276,29.363806933423934,28.648774609554952,28.530535352970645,27.98082737219188,28.73459784291763,28.423198313161894,28.104276017095057,28.930098644888254,28.71533084112351,29.556154873835766,29.074749752957523,29.31261726832823,29.085358308838238,28.968288651971182
P84076,27.545760223112595,26.586262386162588,27.037083051749114,27.01339045579544,27.2083574537048,26.45719289406955,27.02034542541051,26.846009487101004,27.443820194653334,27.958902001745436,27.59664594132049,27.378852045482567,27.349382097730203,28.704822746425656,27.522235201978198,28.039407430144497,27.680453291989302,27.538232902500123,27.272519136191935,27.580246262880596,27.240845381743284,27.663461822264342,27.288134605885123,27.298315348867614,27.47387706945264,27.911286371985575,27.42418007239819,27.59521693788712,27.24305144100247,28.044618851583373
P18418,27.969302036873223,27.531466249190125,26.93623911086662,28.544606449429114,27.479658945160477,27.419680430109622,27.670271176057234,27.5728103088,27.851956229151185,27.73808934396787,27.930858859332947,27.618679428737938,27.625720981069964,28.327159438965435,28.73236492385555,27.798669323704125,28.61879889456993,27.7402216128917,27.70675406241202,28.554841950887724,28.25297957276978,28.403593817296937,28.744131440330825,27.874611197171756,28.566491803274296,28.028401756471624,28.17987935509426,28.6998416270441,27.609501740451474,27.98789664072691
Q5XIM9,29.899544724527452,29.143577083650563,29.543380008320344,29.393680146239586,29.262297479490005,29.403540203662327,29.009529130794235,29.138387655364117,29.384523119473855,29.39442854836696,29.717302927061265,29.52778281426348,29.518182606862737,29.52949545181756,29.423878608264243,29.542433044002582,29.616306996375805,29.537067040227605,29.433641554653047,28.951602230180587,29.58675032200459,29.550732590438685,29.34810909834026,29.43709802825893,29.563492517323258,29.867599423727004,29.948312680284968,29.48029317179962,29.906175692650027,29.78498220242225
Q9JHU0,27.344401856980195,27.340600619873214,27.415341322629843,27.653561091871943,27.861001300478136,26.579200009871357,28.24654469412244,27.012759271740368,28.014468513009188,27.782964763080283,27.372386274358544,27.048534855542023,28.056276791264793,27.91487338045274,28.196364288694532,28.22702130081288,28.07950860052524,27.794922298896665,28.11593655211846,27.729994117578,28.564216977171146,28.14147499250891,28.31223692711318,27.679031373133817,27.972926027223963,28.003148040847275,27.99453534121976,28.035571548977096,28.091665917977657,28.047991277466377
Q62656,28.92710959905835,28.668841291857195,28.74708842373074,28.91492350135151,29.1600062340988,28.813305264664944,28.870426585891927,28.76037398910499,29.173514740995994,29.091362943158053,28.78701305282588,28.858815990292104,29.080624052733405,29.19633916495651,28.84609953357156,29.21056668313107,29.302906607174062,29.170474151128726,28.880945476413675,28.983859221754937,29.062056268734022,29.16618377160653,29.126557468720993,28.582353214739125,29.260193696134767,29.494215181359575,28.984541372095293,29.250794051429665,28.738456475313715,29.23679214662655
P52873,29.489452334919267,28.8119149690959,29.173731408986804,28.95774240416759,28.438861977419382,27.691595905586045,28.740003610687967,28.596165173081484,28.723995253574728,28.469672680396812,29.049187731564835,28.94800176202674,28.741514048906936,28.801786371702516,28.61303587897583,28.759192842564683,28.930609948257196,28.802553448572226,28.41947904658865,28.36916839080182,28.85906428417286,28.82871157357416,28.61085588253206,29.230474069791025,28.686707969889373,29.006441763614294,29.508944656474043,28.93267348209421,29.241325014145655,29.029005015336086
P19511,27.230256027115505,26.69161629235902,26.99206890007964,27.195679826557708,27.308990082231023,26.782752402714234,28.02842780660832,27.197903202561175,27.912050273304626,27.764550709557824,27.681238051682538,27.35586401989755,27.71070163273667,28.08052329230028,27.481699389617468,27.961194113476612,27.988182182423685,27.5899341167163,27.778880582262516,27.300612180852337,27.939908368019754,27.980773092084718,27.426709825138666,27.83922400680647,28.041319851649874,27.962595420729887,27.592818632255756,28.09680990612157,27.607590886707676,28.131352624852322
Q5HZV9,30.49453931496998,29.947698585840477,30.25671864942975,30.40435672374579,30.611642030399317,29.390074702367574,31.906796369059403,29.78174665493866,30.668669430801263,31.129351912778265,31.077830315163133,30.06304589978791,30.872785408902168,30.6991549795178,31.365567349562088,31.27047019925171,31.595883770544347,31.053689652848675,30.716528442852898,29.928348581593504,31.815278953640117,31.555293201037816,31.82776717293645,31.393262339193537,30.700406098035053,31.821470627033836,30.985288430185456,31.4011154309844,31.14097094821635,31.416132979551293
P63025,27.86088240893894,27.1939138984973,27.635425650999053,27.73174472118206,27.856618399006628,27.547982029578183,27.41268932525869,27.416777553827963,28.139812643566486,27.789370726031624,27.3134202750361,27.646893207348697,27.824792225925457,27.95655195625753,27.724325198992773,28.331372846358402,28.17369250774795,27.72957464984571,28.066992113563167,27.027033316751247,27.584785310088805,27.325560272535725,27.55026284594265,27.542786014437457,28.042924021189467,28.361858393584427,27.945875114164757,27.81256279893654,27.799231926751983,27.978265655339957
Q63362,25.92061245096241,25.72325285394301,25.45925284332157,25.653003405402504,25.441270514832645,25.7227958208335,26.24335142687035,25.541152387437187,25.932418900117735,25.468105390816206,25.429395446237912,25.68132962798938,25.35436532381147,25.95966462430047,25.967964254633642,26.08759569931795,26.401770190124083,25.594780990149427,26.09852198713108,25.595109215224802,26.309810676479522,25.86031703498162,25.31121695937446,26.236515630115125,25.983606621714873,26.26570345654956,25.60864725129873,26.024752589692408,25.914693868037,26.082137892265735
Q5GFD9,27.84847323911264,26.760620136781068,27.43532719858071,26.063342622733106,26.95565739230477,26.298150864926004,27.555838522613993,26.630488618639333,26.899769726671202,26.884663972139798,27.927800965726227,26.400147451209858,27.25256209593406,27.16636517639507,26.73782562723608,26.668057492699774,27.5875818679361,27.22196258802211,26.87199357199881,27.214447657339964,27.596837556877016,27.40799870034846,27.362787306378898,27.8056764164809,27.018170467467808,27.84844783430354,27.809495063405016,27.16411678143956,27.795062780447005,27.489001378536656
P62804,28.403062287455256,28.289579203285115,28.40996604717781,28.792219351388475,29.06284278960503,28.196274367890283,29.44949921254065,28.17643916449901,29.60151204707927,29.53407918190208,28.857049656674597,28.649883367482904,29.30493720571733,29.247635425230996,28.69004604664032,29.498003315503905,29.622790729678684,29.504874351727345,29.14437156059549,30.174220357581333,29.450192995061194,29.553082369877153,29.369729835733146,29.953288227063705,29.686579032935786,29.687658341407715,28.888493433355208,29.758518931622415,29.13744674038608,29.63358326118982
Q9JK11,27.009651328560345,26.360457702674786,26.623571732792172,26.6164799605634,26.650260467001008,26.825300220112414,27.138108505993873,26.493238098393157,26.94303966713187,26.668528272661455,27.246826644155444,26.967292469090946,26.46758646668411,26.798230656830786,27.17287563715422,26.76981368547928,27.286136346151093,26.827841842719533,26.947622252735698,26.676617547392375,27.02839315829178,26.841185473534626,26.395345827323283,27.092836381797433,26.895791501724663,27.166483853152076,27.182311063443446,27.012474960480205,26.765076445878556,27.06677734451581
P85515,27.24862164194996,26.734948403219356,27.112795497083955,27.084575211163422,27.184154723503735,26.981356344646606,27.064650964524077,26.91136819653533,27.36250908023804,26.759501722352613,27.064692194862523,27.12941508743326,26.83388192096974,27.11203135519509,27.308103539002676,26.98706586089626,26.93630353930247,27.105244793794075,27.160904093282234,27.24489856830901,27.281633480708123,27.012320391700555,26.52239150024164,27.35319449072794,26.896755170240457,27.452824073409765,27.03623647493763,27.00389224522659,27.17259076429715,27.15428093318758
P20651,27.282692735375925,27.344597486072026,27.1371340161703,27.356196309199596,27.18004697288828,27.43768738902937,26.940469065986456,27.54324997643254,27.611281430656156,27.30392001257051,27.22384229212051,27.622566131371727,27.29159982074015,27.521852734228204,27.43244507414222,27.37473594122032,27.30478745759518,27.390159370250093,27.407157089290493,27.388041112189548,27.241513119392845,27.394979997222205,26.905002772949494,27.184434440865534,27.29517969156972,27.719995790775645,27.694592519318327,27.27270237567842,27.66963101012343,27.57563824052889
B3GNI6,27.34706464967802,26.921620492817944,27.03964168509096,27.53269887001307,28.011795465848614,27.618387147908454,27.829318085944067,27.68483093110173,28.340110042960042,28.298987811921585,27.610168489906812,27.71927237562369,28.053151499418203,28.25791756075017,28.21215609887973,28.3987531322898,28.395056176392455,28.238743283183528,28.101516659964076,27.98252614020281,28.141465338651578,28.08819689077477,27.87150224089492,27.79110828788295,28.48097995299785,28.478971713980464,27.732972533142153,28.140353539398138,27.882186428392124,28.56697898036192
P55068,27.504081683410114,27.164163133845385,27.293255472873557,27.326547825118073,27.42514962184424,27.486634789106766,27.957108110772282,27.606883358890315,27.919329980577647,27.87469518831448,28.020898065225012,27.6908543315477,27.660493987984967,28.06423116520975,27.860525504468214,27.81563110305671,28.10598323356591,27.6996363727448,27.79818093585431,27.81354787521067,28.071440964788238,28.185733560197527,27.677051088786275,27.841369404011292,28.014802368293687,28.06080184455524,28.04823601069578,28.27228484664893,27.8147925609935,28.115215206806262
P13638,26.466121502760945,26.42863984654588,26.0050137838155,26.374743953027057,26.699275657026817,26.600255320053755,27.682307202388184,26.69149579297631,27.11785651622783,26.562289191824537,26.628478355314023,26.727899034451763,26.895684738279307,27.202417227346842,27.032282293899083,26.989443704993157,27.047409808030046,26.855555986539024,27.161189343571806,26.106664391198443,27.414519322604754,27.374719879131394,26.846316356903184,27.77651983459557,27.23642323129304,27.512136430299858,26.789054242877903,26.669543278296725,27.02742435850002,27.115807287334803
P62986,24.168805839428252,24.233186448558133,23.765251189923923,24.000291782054706,23.606564411971313,24.692248177308354,24.7648130063253,25.211484769719185,24.370546405318464,24.917737941022757,25.209628871382783,24.943806520269536,24.262740011368635,24.859489573305055,25.0122881128982,24.801178525011366,24.62090356612755,24.342704992710612,24.675103612065712,23.83135146399826,24.76645826879665,25.043171774388757,24.36616348950131,25.12597557948562,24.876084562767424,24.592389087372087,25.241530441922986,24.764669283837055,24.737704156563698,25.087918543529746
Q63429,25.791344695759832,25.556778263137424,26.006585126520456,25.57623572969158,25.53652447742467,26.06216131162578,24.93314786142521,25.565116957564122,25.771798746948384,25.048822758094104,24.94666956787983,25.62449562463601,25.37676833324891,25.91309721901841,24.95785801899421,25.588236825293297,25.317673719103816,25.64772487288321,25.29288692857904,25.328910862882275,25.4391893146562,25.332440493328598,24.947035674881562,25.067553349251185,25.827192173984912,25.93638687022109,25.802784646976797,25.75189541955177,25.711013526992538,25.434302437819635
P62982,27.289356458388443,27.276767675013836,27.24007714485227,28.02784855841025,28.678488714907733,27.484070883044257,28.70112067733286,27.55626956234222,28.959596776092337,28.671428400284714,27.5848036749583,27.697700506601752,28.68135705157164,28.903522235823672,28.02725683282436,28.773881483116888,28.754566667890007,28.57331877836066,28.299963393345852,29.35956756947257,28.675233976319845,28.620232584509584,28.33046312481104,28.378488096682776,28.98356324480899,28.904455760825574,27.5187655967609,28.912711725022447,28.057100580039382,28.81710426203887
P32736,25.64558915866739,26.194149061813757,25.45485463356108,26.172872017398582,26.20637351661165,26.159514800352508,26.540132159691716,26.582567529394577,26.873009556560174,26.327373169222724,26.299038493591294,26.325544669960106,26.811459757047526,26.97778483625558,25.903982170966145,26.362554900940182,27.106482317093242,26.734895448026883,26.541160254452198,26.62780309938849,26.419555023235514,26.917501849934492,26.562406082364287,26.266145034581772,27.18476127785032,26.97024206975291,26.494415167317015,27.38131710301149,26.116367665519956,26.845876541394443
P29101,27.791708851311572,27.29960247825695,27.556891523866575,27.51107988146469,27.111166295805727,27.522151117593282,27.055951600558107,27.665823915315947,27.67047970859821,27.327647178174146,26.712905301189558,27.91354662628694,27.380623936899486,27.382075073077164,27.616585258071485,27.614022892280317,25.997988111233305,27.544252986883972,27.22372873089512,26.185279182022697,28.0451813321824,27.349180802747302,26.26131629010274,28.320948504766374,27.644924482304017,27.67043847014876,28.181628746687622,26.54999041474226,28.012710734061308,27.51007566849967
Q63754,26.15735374236589,26.39153019290358,26.046852285300705,27.16521254732227,27.185805619170804,27.201654825667415,27.602844166340105,27.284352032020447,27.707448519557378,26.44383850944045,27.096669005229508,27.084543261214876,27.130087299301646,27.497756544473305,26.721413904228804,27.295675887300884,27.61957353910995,27.495063467099662,27.141819556460757,27.506983269377113,27.58734638174443,27.251358892443776,27.15060930848876,27.382657949657347,27.825387068087196,27.44776467831807,27.313711544955524,27.80394205489408,27.225502947439495,27.47023638305959
Q9QXU9,26.12565142927188,25.64405820021133,25.907013485952035,25.993235388986868,25.911699355424364,25.61212618474016,27.915735815183854,25.841051232714157,26.433443855796845,26.357164034051657,26.344564768475863,25.78454221062189,26.343779833273707,26.46561981428576,26.602069972666506,26.67448391787208,26.781813918555727,26.40271011543853,27.293871321167753,26.489266840096374,27.423910908278746,27.32654359175926,26.688214787294935,26.88817440102455,26.283353596005483,26.957835028095328,26.243046426872734,26.762416404731812,26.95596519192106,27.32615779378078
Q63610,27.77959701726868,27.34261982723466,27.599494374197494,27.212340656029372,26.913904093662865,27.246906905189824,27.3842384211324,27.565957584217443,27.418145611939003,27.445686009322735,28.201162063662576,27.653296496732082,27.30885949138281,27.498763312962733,27.815143179653365,27.710158569575498,27.956399499745846,27.5712338220751,27.52727100181317,27.557509185555897,27.666796486229977,27.681023507535098,27.320932971865552,27.60073513876284,27.627500225162038,27.67754769179166,28.043613768011664,27.772093997619674,27.6015054537669,27.76784062384625
Q5BK63,26.93751775363292,26.97881937779483,26.562716102237083,26.907318692928268,27.28984683644499,26.91945390091284,27.192533374917222,27.31387363534305,27.56562080555402,27.195352559149498,26.987502845874445,26.996280409419878,27.208753937895327,27.609500836918805,27.300515203922522,27.374576719677748,27.002459617460637,27.532158356300734,27.07398616841947,26.88225366489881,27.365488915211888,27.466160847027666,26.946398463036115,27.08965147797357,27.555644585146286,27.9890289373595,27.393374606822043,27.555623502362533,27.344457089518897,27.63931343528862
B0BNA5,26.133934942707825,24.9039281690042,25.232178006035152,26.067364735755067,25.987496656188267,25.668765289517566,26.289872417978504,25.704956930220384,26.47543987116156,26.660415324562834,26.770693092066097,25.817920358355202,26.030391858823403,27.304214101136,26.825641227704306,26.227407840586608,26.945509189700378,26.25502075035721,26.81632071426309,26.151754194269373,26.754973666083323,26.783330468468282,25.58569762343138,26.923475763330625,26.34028278538662,26.869300334816735,25.522491279045173,26.322050545637605,26.926192436651533,26.671415399811043
P62824,27.40417210916962,27.18768279185332,27.23940554640263,27.429800887867763,27.788008351496195,27.281729614845148,27.648740033586176,27.50017799937489,28.186455949191508,27.62870751589362,27.193113445698444,27.54595942227096,27.761079463325466,28.267227587482775,27.38100693537475,27.984388697855675,27.78809333472905,27.91478096230685,27.718363008909648,27.710694587281125,27.613275603994587,28.033554688288195,27.259203986921868,27.447705817869128,28.108094793850395,28.318810252075107,27.50963210255079,28.33008498950476,27.660673677268683,28.138849360690763
Q62717,29.207528580603746,28.67353260241046,28.858453051686602,29.16727634260703,29.532822692207162,29.03699652672552,29.435706100061555,29.036391647310907,29.681779778400937,29.43314262046449,29.43680983171325,29.24877432737049,29.7055463626792,29.579729030556695,29.42400282481817,29.664380525759878,29.937426099558976,29.678301632381604,29.28172405605269,29.558392835957378,29.5140251497164,29.58324690035879,29.331205116810626,29.44150579004711,29.838923069330125,29.915254983300432,29.370217361929864,29.88759787818487,29.436411193554257,29.880499707604326
O35077,27.41013286690765,27.104495010243053,27.10805553749153,27.180480540408077,26.94551057980076,26.90747896638747,27.843505367168653,27.55801647984947,27.759302304061567,27.30460172639182,27.768009338385074,27.519272758040085,27.492575203064902,27.706816944188216,27.426741481079528,27.705678745724438,27.85016390358631,27.538363592241026,27.607803459648007,27.42667317118101,27.63520224489684,27.969470646797923,27.446445685134538,27.864923601909048,27.93180954266968,27.93490788750123,27.849520241767227,27.892209778907283,27.45512427385248,27.888808917745276
P35332,26.634585198289614,26.074418242755964,26.250115947742252,26.346271962893166,26.38051727148531,26.244968297957268,26.588044668818803,26.407918129469888,26.763728458353096,26.680640909574194,26.608583751922595,26.59632136630852,26.480407553104488,26.937249938252066,26.695675755391814,26.63482179044829,26.656560132905614,26.77155192234976,26.491712111440396,26.556831692305778,26.789882619104937,26.683383751778276,26.160038454547124,26.762863406845714,26.752038722473557,27.115293418685116,26.956735242107644,26.840343919273415,26.811359646241545,27.055048967296447
O35796,24.12502456052182,24.420100930621548,24.422140244024416,24.869844641452904,25.21087241936226,24.75011474448422,25.33048459638718,24.849410195726712,25.554586125567084,25.12750166134217,23.721002576867292,24.804166229873026,24.89737425188042,25.597994787399372,24.71844217906054,25.685753752245297,25.199442595160328,25.291006917521734,25.394632780280933,25.441150637395328,25.49407301354923,25.323576621072913,24.938142273581523,25.093257131940312,25.578133118646832,25.758327706489098,24.60842804493179,25.288634250973033,24.90734857003708,25.326410987885414
P61107,27.259648119217985,25.484770321340303,26.71137468892752,28.72637398587863,27.872863673865044,28.575039908995386,29.25460828279051,28.041966740981945,29.169584854756692,29.37110728005377,27.800252265348355,26.44511987138156,29.57363076875564,29.295464571559926,28.635991485229997,27.320380244358102,29.964147509322625,29.680548100226424,29.299258929403912,29.411865905241942,29.912014414099094,29.60986896267364,29.223117152289024,29.68050742729993,26.207716583411504,29.852511977298807,28.925717963558945,29.775418535126587,27.592866782989784,28.541881151675323
P26772,28.369782254069676,28.512313846737737,28.503482238039716,28.748048881328714,28.517705708160058,28.637486628668494,28.77830453222437,28.84829582405552,29.066556977369263,28.509834823795686,28.669223499368908,28.839033105121665,28.69265042071255,28.97760229557541,28.893456304773757,29.050459477682967,28.880541321722813,28.818984133497796,29.021330429081214,29.016859620606464,29.100730740115434,28.988041570737757,28.42078422241794,28.937215192425345,29.015200285072062,29.329814752407216,29.147852468687418,29.056187424951215,29.119705876019754,29.150759304032636
Q68FR6,28.546245719073664,27.588822124755044,27.973500374268067,27.851667150036636,28.15377550698617,27.636725087322297,28.061230860546473,27.466975819646162,28.190273123552853,28.033119669713095,28.190238512232202,27.822289176597184,28.11702873091773,28.429681991758486,27.697776449186872,28.175048409217972,28.3963821325883,28.262127283342334,28.018746893799886,27.807831955302618,28.31296229091716,28.256193155443235,27.948797963626564,28.02439537540714,28.025808824235934,28.507639773794285,27.930266979976565,28.30723129576377,27.877935561308828,28.50669151400074
P12369,26.687815274617748,26.629764315961342,26.702640101840625,27.47670512931153,27.776015323584595,26.868483922950517,27.484369385990284,27.17398361405746,28.29373026508976,27.462078895235905,26.845015955968126,27.26207250705977,27.682133705612763,27.54339058401632,27.445694330669994,27.97057905988195,27.968122380846545,27.6638088064184,27.73198694117963,27.825224747945306,28.163529744094863,28.064183948977252,27.34440053942466,27.550575742855056,27.930907916646643,28.136064846761837,27.73778757407874,28.038727671738446,27.522619747140958,28.10129436491125
P84245,21.191720912028693,18.921072496950337,21.460878736381247,21.68192847656701,24.035927578419408,16.328943723740274,22.817569188080167,19.262582579661103,23.731189040276792,23.950208473553847,19.24397359582143,20.398258173803505,22.60155090301051,23.312576451807487,19.993349858449122,23.14382515417507,22.42124090355888,23.53354202636672,22.71012303035029,25.2821295517115,23.807825046018248,22.753135457883857,23.063252365276334,23.53250588172171,22.52354267517751,23.842318257613968,21.01372826315819,23.52804206486844,22.370104896735874,23.72624674837271
P09626,27.883650955515314,27.62910728275568,27.80192507045473,28.119141760662014,27.99802380662773,27.942693717607973,28.14067218584305,27.628082473955295,27.998631217468606,27.539263186007194,27.873949736136275,27.698143426448645,28.025650393003826,28.102413704817582,27.898762334006978,28.22882271832394,28.04322819228972,28.30433353491607,28.04465381193613,28.011577628858234,28.089561749205483,27.762906446711938,27.56220723150067,28.43686228288733,28.184187481204543,28.214892673148547,27.947446748655324,28.06845996671856,28.411283613576813,27.92744971827962
P0C1X8,29.026117713769626,27.989537025393115,29.069791232205283,28.45422212442386,28.316984368402277,28.06548153314844,27.794305373336876,28.056994320422294,28.457701503749075,28.46595187600075,28.497784674140714,28.816411849168507,28.355232043809007,28.62378870969219,28.603190081124527,28.582357183103817,28.66252680743456,28.735456222306453,28.221292486916628,28.175273557265196,28.47579047928571,28.52046065040177,28.178124179892986,28.381862611017517,28.433661992912487,28.92908236421637,29.000197750707525,28.312453123380447,28.797324150748757,29.026232771299146
A7VJC2,27.09243713155184,26.408497516222607,26.720561169866517,27.335534869322526,27.060718623235,27.206992466284238,26.644241481788928,26.810584864512936,27.29839303052674,27.032476153195557,26.677442018552917,26.551642262771384,26.78472446523416,26.981707158427305,26.559704745059157,26.87914846783035,27.08030379908778,26.916594468528096,26.881383768016537,26.99629979650913,26.970414104095326,26.95811106829486,26.659133559927174,27.114000652062888,27.30674507082924,27.429006836282866,27.536697292981746,27.047353065185337,26.99044387652245,27.152896017153793
Q99PD4,28.029728711454286,27.64556006807651,28.035573210079807,27.563943644080602,27.83360554639132,27.31400412330884,27.7903918695224,27.421589075754206,27.98957454573167,27.63993251326023,28.035920505986052,27.988330374432177,27.712676672722978,27.930677846550598,27.741486536637616,28.11039565566263,28.13345808554044,28.063877617453933,27.72074164609209,27.66033594214401,28.009106818379692,28.081285966988766,27.781928764771575,27.665764949464002,27.699959343341835,28.435671625869695,28.27486426858425,28.049555679126765,28.320264682148213,28.29763689683869
Q63716,27.09926555363207,27.0777703192137,26.66211647365703,27.160092058422848,27.472580821582874,27.031897592820606,28.526376913826354,27.410406781404156,28.00676735680578,27.84355789949581,27.892226167359684,27.385646032813373,27.915573781370718,28.009465960967347,27.927321353939966,27.9114819660747,28.42504886007614,27.86951195548187,27.936070663805364,27.98801430381754,28.347458737992582,28.459862498837044,28.062419476133275,27.828108884971652,28.22682271754414,28.3708727641394,27.618310212591183,28.42272727872784,27.808617693535453,28.188784767948952
Q64578,30.001981927424662,29.1133115438818,29.485054632292634,29.453034851554726,29.418908119241394,29.445768632698123,28.999018338129353,29.21877180885987,29.60641318488245,29.330256973190195,29.83848476831583,29.6522707088517,29.213673032767772,29.472965081086187,29.572537006509453,29.67809116126768,29.53178672776878,29.47120350175082,29.395681474425604,28.99460738984379,29.389517284165635,29.543106610828037,29.089427959342366,29.288010190840495,29.29972268225237,29.80162078192178,29.754903868090977,29.409071628923705,29.5255449751387,29.632055612548516
P04631,24.867092971756232,24.651050739712407,24.77426234957219,26.206462105382755,27.08920810965725,24.54894314080104,27.472896857085424,24.57583580370245,27.312518719280238,26.93559828666739,24.6953095596188,25.657220835954828,26.921120852915465,27.30952335136685,26.143482029312587,27.22185667269345,26.66029819647642,27.0909571429601,26.692485428313837,27.722461221977863,27.39863695581158,26.9892856450168,26.962087660361497,26.968404910909257,27.297756326870413,27.38286807237382,25.927370884228658,27.095157175407856,26.10831640757515,27.22175963057907
B5DFN2,27.703549076951102,26.917416858297763,28.023166314912565,27.561602081492932,28.231198589103617,27.27049936005899,28.367261812157594,27.172606298420405,28.41150365814843,28.352325558707193,27.51092178594528,27.596177405337453,28.072971003191874,28.345028417758467,28.119072230134392,28.34542285890279,28.324759608933803,28.320627634235443,28.20119525440033,27.48766473979758,28.51312004790812,28.071297059857848,27.934299320502618,28.212930718559168,27.832262986075552,28.24094535728713,27.687651606602792,28.250079243964432,27.86892619497128,28.46072348723776
P0C5X8,26.239343386216632,26.310745339255124,25.886734411420306,26.098494835391772,26.242359527585904,26.010694826888624,27.032291100830697,26.468603978702294,26.795151559962747,26.45537255343511,26.837695920164485,26.62632841182815,26.33484999583767,26.686391833392907,26.452999930984664,26.667044504091777,26.213127508252057,26.45378850470986,26.422591781183343,25.834683567966607,26.744387944669803,26.519842665993522,26.275146728848824,27.02615624267914,26.769647631280975,26.85620286236945,26.811207693954586,26.580521202776243,26.709333076683144,26.582256964250664
Q641Y2,26.99195679659683,27.12223014060905,27.592376245041784,27.337941489371197,27.349120077149223,27.23359062554064,28.477599443181347,27.64965273468123,27.92074949710629,28.108665351202408,27.689886506948206,27.72389811186109,27.72106710826261,27.84635853958244,27.635072683663918,28.199827536792004,28.27254169408014,27.79436486135942,27.901142903663885,27.674012042963277,28.241677051658158,28.14536318144314,28.06104759637443,28.120124327074517,28.049992317065424,27.875119867808916,27.953406618385085,28.344168630245097,27.73452889727866,27.83290129897345
Q5PPN5,25.534102132843074,25.102969369281467,25.688527150455776,26.143250964674646,25.779471794716255,25.236811293493755,26.602745965596675,25.298705113530705,26.199235564466345,26.055792220965213,25.433308217779967,25.888680490555995,25.075956100464783,26.18247577201574,26.68751382363494,26.040129411876038,25.765566304518106,26.278668943451983,26.637097395109198,26.108004203326413,26.566702922983634,26.732030918567286,25.702319746366634,26.875962455043545,26.583085315624338,25.57661168447507,25.851529515291336,25.75613503991909,26.585118546830962,26.252349720087427
P69682,26.087423740591266,26.14506484974842,25.750221719104857,26.250549415904732,26.379489965550718,26.720579660294355,26.42302383072873,26.717163971645707,26.640336895302838,26.474056739233422,26.627205665105734,26.59314758459947,26.264174367369787,26.879367839685038,26.817074492823057,26.7330394710007,26.41491911526984,26.47411449858312,26.872453912514054,26.44393608330124,26.634822886856146,26.7378285953885,26.24191137249037,26.392455550993375,26.641619552691196,26.912803021193078,26.804973617804663,26.483382139033544,26.460131744492863,26.839714186619272
Q62952,30.128352056862326,29.761638608774238,29.806741917270184,30.143936948355222,29.929377065789,30.358212976612908,30.10050473476834,30.066390274669846,30.175179316910075,29.64372399742319,30.60680335065477,30.25174916575551,29.992531448178624,29.83018356062072,30.403339858784072,30.323782152429988,30.469030988712216,30.201589047309486,29.736357293165803,29.802207930283085,30.23779260779379,30.141105158175154,30.00684140435245,30.357724290404054,30.103126614139786,30.54638462128166,30.452835046116718,30.209342690693322,30.190679010248708,30.416403421898025
B2RYG6,26.387755868568096,26.334612088910912,26.239717315009123,26.435345358191675,26.689759134792997,26.497658548806342,26.633992604651663,26.411399100498873,26.647095304369067,26.503726473585804,26.465479896158683,26.305578740004886,26.46379773060415,26.834984319159847,26.178473167392546,26.52781051131511,26.546090884019645,26.57868750876404,26.45601466567159,25.838223942884945,26.642037183460108,26.407167251954693,26.159521854569736,26.02588271089002,26.476284481799777,26.75172035647108,26.091352100808653,26.665337903032743,26.0794447485077,26.557628015899976
P85969,26.31029276066494,25.87126273665807,25.830980073995434,26.45882563266316,26.566829160823175,25.37254809473306,27.1671204648983,26.32583025764649,27.055565219676733,27.308768109968515,27.302253320927182,26.307373319007972,26.809500578230725,27.004687725446203,26.637291139584704,26.959051278020063,27.249872703406744,26.9221135786338,26.820778107823767,26.988941799420765,27.570595172297036,26.74759272131362,27.212442731407183,26.924677409508973,27.08257709422623,27.171818193002196,26.59024493920876,27.409207325892822,26.553334627107628,27.168530059146697
Q5BK56,26.196093975523837,26.00703449248711,26.08736994233637,25.725281659048946,25.667590702199668,25.712377232059744,25.930834605979523,25.964094122689076,26.22619888867377,25.572632159952686,25.821854457724722,25.98278089601315,25.63185806075692,26.2688095896894,25.346828384304057,26.111498304654905,25.94697543944622,25.87075220178328,25.636710305114022,25.192431753298898,25.974536191117096,26.183949157274586,25.405848770542935,25.825280386178523,25.926884596230146,26.46148275715556,25.939994916697092,26.294061729848195,26.027882791245204,26.011790767832434
P35435,26.949319339160574,26.594608524570425,26.832788357522002,27.167257472187984,27.527245851249713,27.151758619682788,28.245005577559457,27.38513391984018,28.105802193781244,27.889425874465793,27.519437189342604,27.456393197225623,27.76321929835168,28.0966741469593,27.641441858222258,28.022263533532726,27.985577284687793,27.647764799241834,28.02576371172574,27.295692582501484,28.128284358773325,28.105108275197132,27.85703907639605,28.000113478557818,28.287062137514102,28.240876970726365,27.810915689246333,28.348788268828415,27.918378438361863,28.10665961001907
Q9Z0V6,24.4305226670392,24.630422884072086,25.031450701304188,25.43800454804095,25.49255358260922,25.29773445253486,26.352235419872326,25.381087004963465,26.29712804114165,25.354683876334256,25.204277458937977,25.305964941188645,25.794586190391957,25.932589337526487,25.70046133032786,26.09430117971927,25.942038280894664,25.55648838214723,25.969099549228183,25.51860123028097,26.31589418183544,25.80277956046284,25.674674220693248,25.898627679158512,26.21732263455191,26.209944325086433,25.447621848246367,26.026416889149328,25.535251536198032,26.023217429627376
O35264,25.568187881247788,24.87045480922069,24.579549707133857,25.761629432500754,25.975150080480304,25.090971212614352,26.361582734365463,25.532381542463693,26.238722610247812,26.0681799335703,25.456859518430527,25.742509056280433,25.882809239159297,26.16281848122505,26.337369944281754,26.118307067247354,26.20433742479887,26.015485056101678,26.470932922685442,26.358809765160302,26.750520246696684,26.357653319815356,25.986950474134574,26.39658611915737,26.175218765914597,26.469022888492074,25.60094667959329,26.21305780125583,25.945657466967564,26.60077960835852
P19234,29.533840549632277,28.664823353532572,29.861723904572575,28.756450005890855,28.774108954469053,28.676670273020683,28.79549189934735,28.373360264395995,28.789800059002296,28.796342264999016,29.06936179369896,29.297233521395082,28.56726833983592,29.2833476958373,28.842291446396867,29.243512111118743,29.180746652913115,29.04426930911419,28.56804590647613,28.223152334673156,28.682612498529036,28.887893151663985,28.28622832861535,28.122179182821043,28.553304718936918,29.170574578467615,29.37039399912141,28.96444547283478,28.391068988939242,29.39056131957667
Q62718,23.487852956896063,25.042696011216865,25.285190009738287,25.477229746318038,25.44407052435739,24.969299885461407,25.543187809768856,24.918264004884037,25.84710412162632,25.260524402189525,24.097150358553108,24.75837755077202,25.155521075251443,24.87253081490596,24.182133176625786,25.405406529494236,25.250936107230345,25.34187370194743,25.149045346837053,25.078073115940573,25.53523091818876,24.99687126318322,24.94671831706315,25.52699935028435,25.857920853320145,25.97125273007023,25.019289918894543,25.833346194658564,25.06075314988937,25.391881462791797
P19332,27.91782675156117,27.561391041608722,27.38810967416212,27.869537394139687,27.74558237075283,28.10554679744989,28.208760617937315,28.016105531567213,28.25229352800112,27.78265256965176,28.024542009685174,27.921591438886825,27.818461856410273,28.262662123428715,28.230027049432955,28.1335691819819,28.164002481896425,27.978946782433283,28.190171266634493,27.996660100484636,28.265074974599408,28.29579208498768,27.774288448985192,28.2182543177312,28.105719907435226,28.365844397079453,28.41571486370787,28.38248600924228,28.044778333601702,28.3309218495797
Q9Z1B2,26.57848050122042,26.67808166274375,26.513839249073982,26.633440997396384,26.63874093624019,26.861083441188065,27.67920537217272,26.73481139806779,27.371404287208716,27.061417310635825,27.22133801933265,27.025038917557666,26.739046416321376,27.730326821852817,27.06077198079781,27.691757770161466,27.963375876367163,27.286855562410693,27.17207186668927,27.274762842071766,27.464988407387235,27.643326150238714,27.490724930702193,27.61616324264089,27.224341386788332,27.53549503227201,27.588045130929537,27.984291430524106,27.31754070550101,27.859091633259737
P13086,29.038861661938142,28.881141256154084,28.357964455087878,28.831190193249675,28.90151214887274,28.211368410041363,29.343145482067857,28.562034323855034,28.926230678427842,28.833254093208687,28.945145639798653,28.554124074436842,29.282455482883073,29.225240147328044,28.930473242842417,29.215688248043232,30.61545330561096,30.32649726263393,30.085830333401695,30.307744877970592,30.57663767982141,30.464658375829988,30.896166654004432,30.09135545903474,30.57262817423341,30.285445964494336,29.67404056915679,30.64598588381409,29.680004574683448,30.013342018889446
Q6PST4,27.891609772789355,28.2246995483761,27.837309899848794,28.097854293728233,27.655820694719655,27.91021025445525,27.21008299730694,27.83019918442089,27.764619199440318,27.44472634561364,28.400648332877207,28.439505702310335,27.41895027876863,27.693931857030016,27.76969864798657,27.746694723063175,27.73718522240316,27.833752041005372,27.515532764851233,27.372659100467555,27.54361021842985,27.379979977924002,26.89161946311074,27.927997085946295,27.171627491835412,27.986567560627204,28.721884693053603,27.6543244570626,28.404347800626894,27.89385048038882
Q6IFW6,26.766476025432677,26.484931441115197,26.4469838047385,26.917133220087628,27.347721051442704,25.99133776491638,28.05998694832376,26.63450940649933,27.634732120604188,27.418449306598795,27.820053933981328,26.888182479025875,27.766396022482887,27.719598782198904,27.819563409462777,27.997747753153018,28.48010586077767,27.60958049048424,27.81628172614447,27.652340237629847,28.23075777301344,28.423764874287542,28.298454698250396,27.74878332196003,27.878600352058783,27.959980213742064,27.538266082540126,27.975736577016495,27.560284704007813,28.145337811669194
Q1WIM1,25.633864051734708,25.501756513532147,24.868638262950473,26.63363745225137,25.378222086421037,26.383217083340867,26.750893461259754,26.238386716341857,26.531462985077837,26.401038968337765,26.657048982233107,26.254600387704073,26.319167802286387,25.606621533554968,26.648290592729712,26.638983694488303,26.335679912470777,26.089647611699352,25.585737244693966,26.824260448284765,26.17918910917806,26.10559993807434,25.482246222951925,26.453013381949184,26.022403145769935,26.47301533558214,26.605828472147365,26.04358605410646,25.97309379596235,26.08189970969765
P56574,25.87003762001085,25.729085878443097,25.900966044313954,26.61303564156626,26.694583203640715,25.83436508895699,26.8247650026221,25.77729104402272,27.241156827167476,26.84755631939052,25.95342987766632,26.51135561889006,26.9332303207745,27.055179851961526,26.603988715108954,26.95840713367362,27.123265995117322,26.997559811998414,26.913724633188487,26.743330470920377,27.11265659500745,26.919003090767188,26.657195364813692,26.686094287045474,27.01053454619722,27.363219986342674,26.231990137105445,27.08462872411078,26.885897748423478,27.075908061141735
P86252,25.853523668140795,25.724164395721427,25.670868065548905,25.742871044385346,26.15502396182244,25.745572107595997,26.268131354093335,25.79515134315826,26.37911876043571,25.86744320319963,25.351832014021387,25.850659138348487,26.132988323367403,25.97731412307313,25.675996336959756,26.042349065892623,26.01127916925219,26.014408288627838,26.011849927536538,26.126209223029623,26.093411985370174,26.26246880258477,25.66749938802728,26.20196972848977,26.168529652683674,26.522867898957816,25.946080354086153,26.18094274100887,25.967389387441816,26.292998095077422
Q62636,27.214859898503175,26.67053541981031,27.04428086433758,27.427829977335684,27.13308471177284,27.103528400208344,27.880227566697542,27.027993591725316,27.545716495755403,27.27005268659234,27.827462671011574,27.37502003343837,27.549054204563834,27.82972043996631,27.688521388359327,27.75785843829472,28.02756456072404,27.600165088541505,27.543155257481676,27.297777934173478,27.822522800362968,27.7458932976905,27.412860014308873,27.776389807477962,27.547001695821997,27.945318767126704,27.641353952695514,27.77798364316233,27.29887491232715,28.00685774722408
P20760,27.20006640973162,26.547515662657993,26.683737798937262,27.12137045869211,27.38841622069221,26.708524499576722,27.315624736046413,26.52177928872241,27.150836412047898,27.33415711734002,27.135231944740244,26.852532651037343,27.390442555421693,27.382776333069625,27.108101200228205,27.49740291285078,27.863038052150635,27.591277055498505,27.25324264580772,27.203396114141785,27.523684851120304,27.43384895270269,27.387971182477077,27.337527365321733,27.45152279917221,27.963877309550938,27.08353993052598,27.449627834931693,27.074573084206403,27.659947666753272
P11348,28.4972754639889,28.796895992257213,28.27378733999471,28.14962767805964,27.421772132333945,28.26586245730929,27.65621964588868,27.33482817712024,27.559075372460658,27.296948334740005,27.520460713629,28.36504142788331,27.827940376588163,27.800921341293076,28.360859258668984,28.059224554759872,28.092910758448788,28.23669262398939,28.015557148587995,27.756955234511366,27.89531772272953,27.975744118856063,27.19733913721741,28.230739716077025,27.629818302245003,28.42507280263453,27.973256293979176,27.925991540993856,27.83748364472955,27.709331798026554
O08557,28.129789047332707,27.097489066701314,27.88201731622411,27.45656352449128,27.300864982524825,27.257767121926523,27.45200668809634,27.051174999147705,27.43504024022433,27.152503384570203,27.372042851515538,27.43119207991122,27.22551894029307,27.373468611109875,27.480019231713765,27.499235987518993,27.415068206588717,27.381158811477032,27.44601519224255,27.27781520355595,27.507886427821383,27.351411303856413,26.9042651660386,27.3443242355616,27.080226367801473,27.684971119975554,27.688090466899233,27.343926021602197,27.734701663785863,27.43159053217146
P00762,27.080072078169007,27.191039671049975,26.567947200267653,27.75236580631795,28.513547133693102,26.480241489194718,28.925481506421647,27.211442828416033,28.495438007309733,28.38541662087122,27.347315792596547,27.177848192891453,29.021220337708854,28.84369497538822,27.803085283242865,28.691608047047065,30.282437424953663,29.9198755336574,29.757248236634837,29.933570183988845,30.25640518170698,30.188925503358888,30.71880131141942,29.166734104101547,30.438604116530037,30.038226271765357,28.22560721348194,30.204191025344468,28.49496108811621,29.72121386071418
P62963,26.46927451839553,25.822412532131032,26.641787847847066,26.646169773952767,26.319613386195854,26.18960949385938,26.036871133951355,26.347143881560182,26.538483682286266,26.501706815688276,27.073218752996006,26.163302470989873,26.68330382471974,27.01305761307943,26.664060184127422,26.399704277618667,27.2989304368014,26.410017961909894,26.685867498846633,26.240969741901704,26.97500825432814,26.27681204770226,26.74198369047545,26.463751547876377,26.979058710403805,27.20634703615942,25.608106295359732,27.18099570120055,27.14409166084816,26.562207146417226
P14408,27.110739827641822,27.071968657123143,27.409182385018894,27.07228434351748,27.553016462479288,27.09659097735649,27.539093832565047,27.26104543516807,27.48242716501105,26.588410469847563,26.658760823556303,27.234188652282445,27.44097498007756,27.72140660917304,27.673161889661404,27.692573915170644,27.161702226921467,27.54847913502066,27.11475478219725,27.16214921689897,27.278731453403875,27.811540167506607,26.88359404986823,27.68313566448753,27.514967518546868,27.475447164498185,27.114086177255487,27.177008092664984,27.08339783346836,27.620940766632042
Q3T1J1,26.495358674378465,25.460664083558115,27.30913309249024,26.15235670568896,25.976225627996715,25.204699352492987,25.998383010819474,25.285458743821945,26.42659655906809,26.02692941087589,25.842883484781837,26.041980905411737,25.959933651267814,26.295370348086497,26.22390073238101,26.42270391467194,26.342131446596273,26.11665160570591,25.68929984779973,25.69123246675432,26.260201085730674,26.035593174583045,25.82865577454661,26.122848517821865,25.79570377913338,26.653022218329383,26.134705491435138,26.305378950770738,26.242186817310778,26.56290716326223
Q9WVB1,26.399488270762514,26.117870344245457,26.228595774587077,26.69252764560522,27.224534781151245,26.104675875178017,27.49468702497247,26.189486600777673,26.866114522736993,26.105824451318544,26.31773528398351,26.235767790667285,26.593334701513648,27.081173187716562,26.312814456970525,26.84387860744244,27.56524661782655,26.46593606079228,26.561286012948127,27.024626871825706,27.466777540099912,27.4456498331011,26.32941193799462,26.56546827886789,26.8544571828657,27.237581025944205,26.131041375392588,27.633388496009587,26.295248825069777,26.724662093354393
P63331,22.235297050817717,22.894471209886895,22.74539504121896,23.345858327773723,23.547769374703684,22.484237298000252,23.076638762569768,23.113149152314975,23.565949715804006,23.082423943707596,23.557574949427423,22.748416707237084,22.637670725366544,23.690453765870654,23.41917106535445,24.10713698153099,23.413604172022744,23.624560492960256,23.75289201576717,23.489801528681937,23.693279194144413,22.97236094568822,22.602968667848295,22.283486701493985,23.249087097438935,23.454241206198915,23.07091966993957,23.645835740993356,23.240680858785268,23.229608310424787
P12785,28.146282413893065,28.07020670847567,27.95497512381104,28.269509355851763,28.476443643025505,28.49364944964922,28.327472242829156,28.14269850584015,28.569147503755197,28.351885499313315,28.173493854737412,28.31128501813995,28.36543029962719,28.53050209976793,28.739843128839208,28.681003241843346,28.744000900599943,28.50788709751875,28.606058416046597,28.047464665326476,28.522423517896442,28.628953470189483,28.163586151618176,28.52562775045431,28.511640422476667,28.90632279244652,28.594709225555818,28.511155995857436,28.44543224634763,28.74207959935883
P85971,24.99058214315779,24.873672079692447,24.576942195347492,25.149560271267138,24.724481053256767,24.07520108906885,25.62340716018717,24.21407082365905,24.908416489835442,25.07420695123852,25.064590027078875,24.62375454248613,24.80627647654169,24.883491175858072,25.791039434669813,25.456804898674847,25.327670665660314,24.978078619115536,24.95904739859745,24.66022935157412,25.717308959236913,25.27428173198163,25.12685771447567,25.643011500847894,24.34837271621519,25.70907589598433,25.221475674507207,24.991746529149438,25.489000686372687,25.275858786351712
P60881,26.765760047540233,26.775048400084017,27.089263975620725,27.338745647030443,26.797524283740852,27.214671628847103,26.520035822391463,27.09415100695185,27.185963101833924,26.699697882858764,26.745083965983973,27.16586557108105,27.141717681090697,27.20353879045501,27.10854201634921,27.61945144763113,27.191395330398592,27.683905222207347,27.45066501959204,27.406270760352605,28.004060521960167,27.399210245933734,27.24240016509921,27.897088991231666,27.478851239385786,27.378761194381894,27.730825997772744,27.196367805424842,27.594271533952927,27.58411455626
P63086,30.1546829423471,28.955827075194186,29.730829931444195,29.011346842402645,28.170916413304628,28.95938426196621,27.835314634954084,28.890147805269873,28.53117849834561,28.16182795127752,29.363784603578544,29.448030343777553,28.12535653986928,27.99876384104661,28.706989819960405,28.522020945511247,28.748838622280598,28.723595145662877,28.309401973018662,28.091830819079085,28.121905694438034,28.380222642599694,26.244391118428453,28.86169186440654,28.05486719540589,28.72353333231773,29.847166315113313,26.84262340054224,29.36179918501424,28.710043795718764
Q812E9,28.573088422033756,28.61835621403794,28.586893519854183,28.865550910827267,29.079817992566582,28.850622518530045,28.862371697029438,28.982741007185425,29.687854177353742,29.263930430842283,29.06428955854001,29.16968114362251,29.137707296554417,29.187713725377073,28.885600875936998,29.350290296672476,29.354021295213442,29.303493497398126,28.970062301610987,29.297453651382106,29.074773403605864,29.213389622047092,28.760046743107416,28.8848143141573,29.436928764858852,29.607950988025113,29.303332631128818,29.679019836175527,29.156997479339793,29.400754939386154
P62749,25.563599531423463,24.5136552550832,25.256106418927857,24.998701344372616,25.31945068288472,24.393940189796155,26.00272834179346,24.40028879413542,25.641439261669756,25.612967007698725,25.240017185511483,24.827459016987095,25.47569872483648,25.530024241755797,25.143736014165828,25.453769265133815,25.532242020665887,25.7377453075512,25.583078300880107,25.977732995241286,26.08175859933098,25.109024017265334,25.67527288271178,26.4120330500435,25.36199396043175,25.356624854506904,24.902076626679044,25.647319409740426,25.338263119196164,25.723793405041697
Q5PQN0,25.333731512046032,25.307778559491254,25.21955913367168,25.867297146523406,26.292326916253003,25.77057434496356,24.81158526070598,25.570171650668822,25.54091770074626,25.032975265166108,24.787443259925123,25.15953333564353,25.12242716371735,25.045410858580638,25.677663013509427,25.174305138907997,25.152430974820454,25.26655230811322,25.277271115872935,24.922908505313035,25.056581780426253,25.388583792253268,24.749966536599207,24.964722887944244,25.427242542608905,25.812057588378945,25.456636312788365,25.1030883472822,25.311754532888312,26.27812917491241
P62828,24.85756184217626,24.853118451243333,24.959902590363654,24.835841001231405,24.712872147804244,25.189409054933538,24.404245795796815,25.496272786098267,25.457221653983456,25.40705962337489,25.88735844489745,25.639853545450833,25.206591191288716,25.74686175873305,25.39833941339145,25.75182256269758,25.503092062050023,25.446032079637817,24.653308500518364,25.542260866441403,25.786766809061195,25.497803926498964,25.17744805296561,24.753764872324215,25.55528756140055,25.527000245449475,25.909474978775638,25.69164183162519,25.15775839171053,25.524392333423073
P33124,27.345128621334556,27.197976528262874,27.17074549496928,27.59562186699891,27.578996540111355,27.417164662212258,27.708718145480592,27.632385447425925,28.13751278653721,27.31047430270839,27.989217989673598,27.597216459564173,27.735448018395353,27.86760117372417,27.61209836168539,27.71268103045634,27.97823766423181,27.675791483624582,27.66247381851065,27.71449995625389,27.93549200146311,27.950575470434906,27.57950009294194,27.953299087834516,27.830652465835815,28.144718654271347,27.99420073819682,27.91699013424316,28.008108478416645,27.95921776957951
Q7M0E3,25.699400532371513,25.756968042725255,26.06181208051277,25.944665893913744,26.310814684913133,25.781810457513366,26.23254128656526,26.418077622864267,26.797808875382866,26.31698465988883,26.258857456784092,26.645924835346193,26.489953461838432,26.574471726451122,26.568075472658965,26.681165716378114,26.75663694732851,26.678177701298864,26.658213219605244,26.18499820125526,26.85800613551034,26.663057672188703,26.238409431539473,26.557131106105622,26.682336308226283,27.02660197395961,26.47980642057073,26.722515451047396,26.520769365781987,26.657966219753476
P63004,28.57826008264711,27.734512290349546,28.128217413023258,27.822200678703904,27.87353189617023,27.81305920704983,27.84904965967854,27.69743067969305,28.20555316697999,27.859556132067123,28.231632172289544,28.328377700527913,28.01060670590244,28.398448268368522,27.778121149566594,28.296150590328786,28.45443788119889,28.113795608202437,27.757970113303454,27.85884466055032,28.230453352749194,28.20852639486424,27.788970024503087,27.989908960064085,28.15025477655529,28.29801733106475,28.771954878257876,28.05755102727419,28.241171655913792,28.497119628846008
P46101,26.386485191985706,26.209375899309514,26.05746464325119,26.362582274575164,26.665905706019075,26.2825556782596,26.862684286815362,26.29095558226377,26.85799734673022,26.94785385907851,26.14382396845061,26.381528384928274,26.56482350178074,27.04815854757641,27.081462117484204,27.046857774163193,27.118686936695035,26.510022221062524,27.02501470077193,26.54070395392115,27.201758322869928,26.91206756608467,26.66288281908022,26.975250932157728,26.612257279869706,27.38861344397302,26.63040063728133,26.782581473621704,26.70064208783879,27.090691949789864
P54921,27.287398472936072,27.210480037629807,27.46598205837414,27.48531690610665,27.546863785030226,27.255281443218042,27.494577155018387,27.494379393574583,28.075548051201416,27.660313469250976,27.499733616051035,27.500840113440013,27.77121643911511,28.28580068180884,27.59041358996528,27.98504596493315,27.890224700533814,27.776236400320986,27.86336666632724,27.788510760656873,27.82400716665432,27.91001298966792,27.38057793733892,27.40420628270443,28.050591359585134,28.233751988772923,27.676506201467,27.912438978970016,27.727595197085833,28.130985384842692
Q00715,27.913696489551842,27.791451501178564,27.9595171341515,28.268646906600033,28.462893645346924,27.771088399310795,28.692234016064784,27.940434944751356,28.96919739294979,28.79462768941234,28.115841897743568,28.145224165542388,28.477577292801566,28.597188890238293,28.203615172998894,28.593066689633638,28.90943442344098,28.920394926224013,28.444397022979622,28.98364913274074,28.766612802396697,28.847747622740552,28.729788019698237,29.489882119281642,28.86870414248167,29.182823279936404,28.382454651854257,29.14490826115174,28.50164058202314,29.02287449936589
Q6DGG0,26.008023853716477,25.86022890944822,25.76003289053772,26.049494748791815,26.068111869070826,25.32321846242652,26.284693282152656,26.059754525233256,26.516057705767967,26.122922848990378,26.3147536227665,26.069141905324322,26.540307523249368,26.554667456585275,26.105891978165765,26.731938941814278,26.658865200741158,26.10031115844243,26.39187220156453,26.534637535792772,26.70969579795753,26.692370333156415,26.155604759226364,26.4444955019882,26.404649510917007,26.720366777317892,26.438061644581765,26.65683256267812,26.36521320252674,26.430453460930043
Q01062,27.056397020374632,26.915472018253908,27.10562827372552,27.127396490328778,27.360114518407684,26.87534844049837,27.556360438086394,27.112170869729148,27.67244038510594,27.562902972996444,27.687603915668138,27.34188360958689,27.313396382476565,27.570974856246785,27.311898538020834,27.656063343539373,27.696234009914168,27.56524491201937,27.336112594725876,27.686580202833724,28.10935163498663,27.602614039574892,27.35031614062033,28.07141029682653,27.59881144213157,27.70685995537127,27.56457543517001,27.96326452432494,27.718598908547154,27.618529891097715
P10888,29.713147183532595,29.09220654605813,29.124514231278443,29.446284100917712,29.55226253210023,29.39653403882394,29.76843951893682,29.49703945409559,29.79259115237438,29.69859170886193,30.067346969765858,29.645494209904836,29.64527657674299,29.99683721606951,29.751467467315834,29.99501621094568,30.015153196254367,29.844569871704635,29.76325748137378,29.294200142215725,29.93211500192713,30.07573768303078,29.682753938543225,29.753951485571374,29.849339659925093,30.188617780945542,29.88064478393112,29.95255113743009,29.821759675983664,30.25510552704689
P14668,27.192992199493307,27.358161063755016,26.704608181306575,27.39598305089994,27.33191135557085,27.236318403123185,27.41528979961423,27.319855239896683,27.65100939309438,27.153525928763614,27.627223001578592,27.520830168358312,27.44953941182864,27.621705514836428,27.36349792608739,27.714357449460646,27.725879197143193,27.769348983361347,27.00690503871064,27.803219786380883,27.764965460952702,27.43922014078587,27.505090863625625,27.58663741661122,27.483293297374168,27.902028824589426,27.578004380566608,27.5765338413609,27.538338137271023,27.66805536514729
P54708,29.13915317088299,28.554881959782517,28.811005782130007,28.701732700905414,28.5935188688544,28.986691245300563,28.654307367189375,28.707801727796706,28.812034913669684,28.48094369460699,29.060982884864796,28.92102750929095,28.494599621090376,28.926565835069113,28.94295604516833,28.827418176992992,28.873439675062798,28.734340484939334,28.661184706904773,28.24200647055212,28.734455801264687,28.620947200513516,28.096768908824217,28.61880399764363,28.47082059004586,28.8957510812727,29.030165492717128,28.779899899460194,28.82100840610166,28.61402372313902
A0A0G2K5L2,26.016118750062958,24.647508334013413,26.78144959042185,24.083370390517587,24.786689012699473,24.98522750179013,24.789092832543435,24.21475620784435,25.55601389113994,24.845920816628023,25.22635453179699,24.926122311897867,24.845678029194286,25.510522395927136,24.99411226330304,25.79351415381898,25.084538050092082,25.426131577989327,24.704815049210005,25.122242921700547,24.88035037598004,25.104466874801755,24.51851134214981,24.61452924400859,25.37905593329526,26.14739829934486,23.941063349578034,25.50403802193033,24.95598393848715,25.597672385741443
P14604,26.606240166102122,25.566481479243404,25.861477226438303,26.61362454486678,26.591260272480167,26.962151974417512,27.628311312678758,26.460154435986777,27.238396331512973,27.29789702321255,27.27735945476557,26.722009161008135,26.59934621830491,27.141963790163,27.277544924836725,27.459069019965927,27.64001357643781,26.794340892361387,27.339639554023282,26.74238251631779,27.152546794345813,26.972780654404595,27.51092899968751,27.167712946016987,26.904087836803587,27.317921787714102,26.828223682249664,27.842568768824812,27.206663618607372,27.54839743784335
D3ZQD3,28.44256630514748,28.35732429630052,28.3454126061288,28.347054146726535,28.072774113213004,28.563496462844466,28.480107340842522,28.677002454717073,28.405719592020642,28.15313371182654,28.526918676841465,28.672387506556763,28.09119046413174,28.442853624207217,28.609057446738166,28.577912722712597,28.572420146276663,28.403680281767997,28.657794355953417,28.39003853939855,28.499650079386928,28.72708914138783,28.217749973860197,28.70693160915467,28.4688262458754,28.620104500302723,28.95804159167597,28.554561769816274,28.493046503053687,28.639218706549105
Q5RKI0,27.604982237368333,26.81482375791713,27.052370709402158,27.241093846068658,27.87925623994212,26.395664849633697,27.372528014644733,26.468041776904474,27.689154102709246,27.523075090574856,27.198195888945055,26.737319997470536,27.500759499295544,28.012017910280736,26.89283714420337,27.622976885506162,27.725306588332383,27.685290569482135,27.437512364889653,27.10779675675873,27.765098745724096,27.540407453645997,27.328420764332296,27.670863017799103,28.23155141942471,28.340907536210636,26.625463596730537,27.819415600418452,27.256622907841745,27.642973679007525
P18596,28.895043186768884,28.401296644532476,28.880529996238995,28.522186823965093,28.266021220915672,28.48513949050311,28.321509619759265,28.381047472663507,28.466846113388492,28.26566482587121,28.721259659972574,28.69600585074215,28.332514951718874,28.475965137362042,28.55956941836188,28.692982382261185,28.76427507706579,28.644793541920908,28.47175464396724,28.400262068267757,28.699065519469503,28.58072554040482,28.534647075280144,28.560517157086988,28.663163147668644,28.78889213377966,28.892832352728547,28.569547746171217,28.77697436206551,28.697125934279605
Q63965,27.477842581308852,26.956454992566016,27.047965863801952,27.050241191789762,25.915151780704228,27.650253552442678,26.477382138396074,27.716189592054953,26.716928717576756,26.231067341611368,28.982112331612313,27.837818717920886,26.021826685888982,26.419449790573395,27.661659389268358,26.67053250071132,26.815231273465322,26.572596527385155,26.299339223717986,26.109118617657476,26.325590495076728,26.038260437107713,25.562184231261586,27.449143617273037,26.26290429065439,26.313632773492902,27.962184153818484,26.607424394452586,26.96877384138656,26.59296225342962
P09605,26.536443150960373,26.255632156123887,26.356496972040407,26.47138380178183,26.45183619819296,24.92392500261763,26.97918923457926,25.45211481671795,26.362671414512683,26.378486248148015,26.214355691839927,25.71497270304989,26.420534597006966,26.533095740798807,26.843426773450577,26.978023259376098,26.879040286953906,26.809412944171033,26.353224624775184,26.684425843721918,27.508795330370116,26.697661178079027,27.28432760849076,27.380172834145803,26.028737868060567,27.029373067620828,26.571783722083573,26.348500849118526,26.86245268772774,26.801652145605026
P11240,26.334067179152388,26.470168837846224,25.505586252776357,26.47328922346932,26.869631963872884,26.29197718531913,28.006049068396877,26.828833491459143,27.273836472159886,27.225013886151004,27.045866943327873,26.709037593065,27.118314096861766,27.550584145752527,27.161512220017553,27.556922707778877,27.087028466559204,27.232476836608896,27.289178092013305,26.495883929211132,27.713960384023217,27.533785307164187,27.508541811469136,27.437663462950407,27.600756799610572,27.75298893369495,27.155547756122147,27.41161844058899,26.919911559605584,27.53118389005288
Q63633,27.85300561870468,27.455835310158804,27.58723919810222,27.55540980548163,27.650237996223996,27.545666887801897,27.922915301559343,27.46180180823841,27.871308944387984,27.74957793829431,27.923876644589708,27.79990461391352,27.63947657922297,27.66589078111713,27.72059515278615,27.770344891755705,27.922109091614185,27.820293570601876,27.556263929375802,27.4527421682564,27.733067213839842,28.01927748312873,27.60486145003515,27.91107378056316,27.92578905924557,28.14523739695337,28.138435014530764,27.93646563473908,27.874344756396425,27.93241639096739
P13668,27.948589183710087,27.942884079476258,27.998610405568453,28.303247566205282,27.806044356999777,28.199467043489232,27.997436104187518,28.099149153158816,28.299258308650213,27.85766446011215,27.990626834345672,28.193928352823722,28.150867218157,28.063010488396113,28.020779893984233,28.015194307398883,28.46729089822938,28.310068650131495,28.061610244391296,28.716267013921936,28.12877606092295,28.211093157480466,27.804216976330704,28.306424806286916,28.330003763316576,28.490386281581518,28.341697099718264,28.449220969525452,28.155116520285343,28.293595191499467
Q63081,28.6783670829449,27.92926571267757,28.054167733904638,28.149936123626603,26.33222345804591,29.117377382610258,27.400040194710492,28.517565238907792,27.100824326916833,26.386190994556554,29.431988684688587,28.43409145931845,26.723638706098708,26.480795107828325,28.56737566849718,27.129147367851242,27.89623391241821,27.190406642025582,26.501517312478004,27.278037448603186,26.95433175562272,26.751257321551158,26.754860309738238,28.302351208840058,26.536108179835168,27.041345861178073,28.716416208360656,27.427624074929952,28.11794487662171,26.913580232743023
Q68FS4,28.455266651480997,27.619426347472075,28.198216982885494,28.325306810575068,28.687511307858202,28.30236328307211,28.832966146348525,28.04742266185995,28.82077576874027,28.688344335759353,28.92971512605041,28.564665432457087,28.75242041876236,28.938748910448897,28.501497596625683,28.791537546254162,29.249207940590352,28.944192237055347,27.964704748636525,28.78734474023235,28.40317223877772,28.65244193807273,28.29432648751424,28.50307263790305,28.926674589387478,29.004643705614082,28.43053439015509,29.043421370312558,28.33182008241701,29.011082322096563
Q6IMY8,27.8962533429613,27.220757009954347,27.18050035638701,28.049124350446743,27.542211578457366,27.784728320559754,27.702550725855776,27.428467495746087,28.037184129022293,27.61522087901318,27.51018582653633,27.747841083789055,27.22911934961871,28.047795783865144,28.04371547583138,28.265339138695328,27.750030282930908,27.866027127014654,28.0379459724911,27.543747691634273,28.356811775827886,27.863237654565864,27.725093571055517,28.50187938669261,27.83473868516716,28.088497114890494,27.771071989400323,28.07270051680108,27.747738176309557,28.45761738304684
P21571,26.28424800173868,26.18960603719548,25.96386419431222,26.25641034384911,26.319264698695896,26.199040117437484,26.70310240184053,26.354485739532326,26.754418486572636,26.572610578620424,26.258963646784718,26.2725707429723,26.430434637442595,26.780129826180513,26.27776970686215,26.734555748105183,26.56207700200601,26.506101417051337,26.541523925947253,25.99001812488121,26.71753217265771,26.651543833553493,26.24145965485704,26.57969952344709,26.71904305480437,26.911418890465445,26.626071934165658,26.719703217483122,26.436918958653326,26.745481007759842
Q2TA68,27.960949086980143,27.233402018296665,27.984931524401812,27.582714871907513,27.555326884676145,27.307981626947402,27.88799463355647,27.34644342885488,28.023448589604968,27.7554941477052,27.955249487958206,27.838810540485138,27.959324546484407,27.995025782240077,27.873799023320498,27.84761065661529,28.243895055627657,28.11416103820947,27.819991452232944,27.73475421714094,28.284790355386328,28.094033861372207,27.969152266929626,27.951359078348652,27.705479649620024,28.365733037742473,28.16785894150447,28.39439663182725,28.114155054069265,28.39757060888929
Q91Y81,26.891627092747417,27.525933994128955,26.732252671436473,27.28184135411981,27.183075813849914,27.329060748633086,27.517527011148506,27.240760395704736,27.373063557496152,27.044871358719032,27.613688368935733,27.34683864128416,27.132046933441554,27.335389547493392,27.242282976182103,27.46590890883122,28.374529881102948,28.3369930226905,27.84331571155993,27.935093381475998,28.596234432723502,28.26676128778105,28.512965249805177,28.2272683296222,28.230942515865028,28.240088314142955,27.91770051792482,28.498694580494135,27.78047138421962,28.028144714766245
P08010,25.81111351502829,25.456665578831636,26.582717911861753,26.517695538644876,26.705300320060275,25.371084265314472,25.31317713460401,25.32858527744905,26.66561458010823,26.821583875596527,25.58304155206794,25.826744449348602,26.984791214700532,27.3258328207679,26.107247553775995,26.989522713854264,26.767625673780017,26.59566633977597,26.94027144826503,25.740143617665417,26.72780019798385,26.861146128947382,26.80382268759708,26.397788668874885,26.681393860636636,27.020228156035632,25.480037665853256,27.284881862078187,26.454300042841346,27.04229902797479
P50475,27.495516917496115,27.361683404969735,26.93389027589416,27.423547275342173,27.46018559140372,27.42957139746152,27.759206195544643,27.171652012823248,27.709757707488365,27.141325247976273,26.96862146733093,27.36444765464457,27.319483697477246,27.117052670803847,27.44883815351057,27.44506067691304,27.307685805016398,27.496560201580564,27.213730236265953,27.555976450987618,27.831501864440764,27.4103348393576,27.24008770437336,27.58660252229945,27.258361387819598,27.675329470118708,27.50514068573308,27.497395838172913,27.478814198570234,27.465195719010453
P12368,26.100317335018165,25.493292759225948,25.426994534456533,25.866190754004545,26.495984634051187,25.179524298095025,25.946828359506945,25.80949189678847,26.597935673275565,26.364758687084265,25.958601537627512,25.696116641712127,26.489531660916064,26.41958993329359,25.460160865487783,26.888468718150257,26.548113562848204,26.594249473361092,26.41846574105195,26.229418557055453,26.679607166437115,26.646354876036963,26.57304921487665,25.965034319705175,27.62226967359736,26.894875892272854,26.125088789830144,26.670721779983822,26.12080798436483,28.07177269712402
Q8VHV7,24.396196243623663,23.889957483896318,24.72555221228525,24.192701469682763,25.166735107160758,24.03081681586765,24.28571306385789,24.26423984220394,23.714859034398085,24.335356311311568,23.790609235789432,24.65836749833869,24.109536262163314,23.991168090145827,25.119033826543,24.63275986062985,24.49219859485459,24.742444384648802,24.911621325534504,24.006262668457442,25.06544609899171,23.583600902349268,24.45661541538145,24.814212291128463,24.149573304820994,24.63027377775609,25.008382143928873,24.52180108810743,24.907736146986277,24.031070220418684
Q8K586,26.97331232282655,26.489112000835078,26.93134488776036,26.88825186376437,26.58183990138183,26.926244756121143,26.817967269615806,26.70562236743201,27.16220490192566,26.641190167291324,26.971714068440555,26.955884172869307,27.090168344182764,27.09510781897133,27.092367185284026,27.05370994964818,27.052016823705248,27.20494749347141,26.65933485653991,26.52535823922732,27.00161794361541,26.901778882538025,26.5860540136211,27.02266753706894,27.06484626472527,27.24572539710105,27.11221863121461,26.958371086170672,26.99095675112326,27.171262518537322
B2GV06,27.98497141205674,27.6920451859596,27.562312806631585,27.291816779512896,27.03249415480441,27.23405044669507,27.628559224990205,27.719690550187643,27.51617050855785,27.203856966958927,28.45242225548386,27.7467199428767,27.417242185324945,27.260078497762777,28.066801568190883,27.561770272336375,27.754356539410022,27.43022946182797,27.10923388772423,27.450784148900734,27.723752957380846,27.379891267598666,26.92286736111811,28.07247682140331,27.19245629750132,27.435394493618343,28.46501957040792,27.21333870726026,27.95333783107654,27.459431900063425
Q66HD0,28.588309926873926,28.339004818200905,28.268829753510214,29.162664921733043,28.845929100796578,28.46333685200578,30.268411189555838,28.582792964447993,29.307767062117012,29.11710608268565,29.098365528512417,28.702024527195444,29.044031983006565,29.11649586450854,29.299807860401756,29.400462207867797,29.837614711592114,29.36888203287463,28.970044512076374,29.182706336455126,30.043360944412314,29.518582488768544,29.611516122829975,29.776787773838553,28.976113575285595,29.397478553665138,29.422078209587855,29.695995494177957,29.32219794966049,29.666112642437756
Q6AY84,25.60689639712929,24.941913492361635,25.12491760225046,25.792330941026055,25.59195855791404,24.81123248508217,26.421475339957897,25.090259379401086,26.315368301125236,25.652997567594696,25.4423169950691,25.496784523727744,26.132131809913222,26.168992986833153,26.18574250127169,26.31931306262033,25.68611450306166,26.097765314461846,25.922924254980316,25.78462990368023,26.536378125027102,26.794237761898984,25.62076021921147,25.872677422126085,26.029504617725298,26.55794764601929,25.622409488554222,26.27731730068815,26.142627119451628,26.573012725430345
P35281,25.239844970575952,25.105731006562383,25.776913128114693,25.691957435587618,25.8958075350573,25.39665636893076,25.863170089149794,25.39307388666307,26.254584097062317,26.03130410287599,25.33365246463176,25.65960155311443,25.590073257188397,26.25956808774418,26.03904087079875,25.754731132796163,25.230936166290082,25.79775667975025,25.804903371247377,25.87394567341028,25.501570034343573,25.414505804284474,25.520171736482535,25.917931956296027,26.139352423062626,26.092621178763036,25.868126256919172,25.988990140987212,25.68110714428981,25.974460153889154
P63142,23.851455935338134,23.49194056023275,25.037262212922602,25.146358082598248,25.293346757168493,24.65719357220641,25.422374097205747,24.49023036472546,25.314905966740614,25.004313293102705,23.363949914501138,24.686607286055356,25.339606592928995,24.96704699263874,24.811442460547784,25.385440436961083,25.2648111827109,25.316184602575213,24.424853575037034,25.21538839862793,25.271171739480064,24.865230606115478,24.970707610425386,25.372937067944306,25.432591119937992,25.79449516211746,24.664739863172425,25.311706633710553,24.17624688482187,25.690684592609543
Q4FZY0,27.9470736381944,27.63670333794503,27.37614547972511,27.577178092461292,27.396550146821845,27.89296252227043,28.406420055912974,27.926506608486147,27.987129103590302,27.550678963003982,28.421266745437272,28.041808043563226,27.586622880511435,27.821711958182387,28.066020580823857,27.731712213143506,28.010390077662738,27.60518744479227,27.77495811428121,27.799486978029126,27.92051639201832,27.756085858758908,27.78632802460723,28.284799573291124,27.886181827175335,27.9318712214064,28.135058180204318,27.981860313087886,28.092574434007997,27.800686442862997
P27605,26.584379609022857,25.898405243578498,26.425611440002022,26.23597057666872,26.74158054673721,26.13909513105233,26.976032437066618,25.783496128717342,27.03919517353132,26.865127978787605,26.569365745740203,26.602326663807055,26.8446492355343,27.039383473002946,27.00715100753356,27.046625707125436,27.134646264980525,26.85579732607525,26.906142714385595,26.574697318573463,27.137201789190566,27.064262991166768,26.66778370774528,26.801296679509623,26.7382405759566,27.342856964733446,26.559871291076696,26.80103589708196,26.840952042801923,27.19161662839242
Q01066,27.223998378339527,27.517066398424294,27.595031463200577,27.32508475028562,26.956771233592978,27.706298354771658,26.827668987992624,27.64438055384409,27.55745218704521,26.263772071155906,28.060850254995916,27.608740589303515,27.249525874009386,27.598963798446885,26.523214895854178,27.579696356208036,27.483857571325427,27.49061925739498,26.25398621831281,29.528175195481076,27.43626490578564,27.62232502840294,29.979474619010716,27.108918562254516,29.491579467004886,27.829369444759237,28.35711575553399,27.64745771965323,28.33988522067983,29.780362294512962
Q9Z214,26.170166367261444,26.63058683193202,28.87964532342516,27.062899190664414,26.78338736351533,27.116766184718134,27.018570914492066,26.849159935208224,27.073948201295522,27.097454967634768,27.032729571537438,26.808156912179214,26.684205051184758,26.829230349788123,26.68752340865823,27.0137482090636,27.02118724206035,27.3810449726397,26.628738452371238,27.032067038824067,27.10593601929043,26.927881911431967,26.89931026246499,27.041451540260102,27.396590091645287,27.166204918278734,27.24897099147538,27.488872246393246,27.032908321897192,27.818422185129396
P02650,27.864088204683767,28.042819341421534,27.331802792060614,27.804082037903726,27.572362146903476,28.338234849295233,28.66333120584469,28.786937237436135,28.099229771976383,28.58243503187054,29.448433216251257,28.414807162889442,28.145540224200786,28.357501120615137,28.716823916649624,28.613600288714633,28.697915150164405,28.225174915332957,28.317518970870466,28.355576011456247,28.477791640340527,28.932645504988443,28.757312825914575,28.48883926539032,28.39301305129564,28.47248436686073,28.91478506427601,28.917331123370314,28.419840877463454,28.608693707382137
P26284,28.486863976319526,28.399702925842988,28.40420480035861,28.633911936805443,28.701339042232025,28.537868009812602,28.6863941284053,28.41249327198979,28.87869572639355,28.559654746379287,28.273871380170444,28.563425618142645,28.186874119445402,28.869617292255008,28.607536402596836,28.757997768370625,28.450737499773172,28.52648569966597,28.8134669215648,28.418641048750185,28.604425003190144,28.783384961967673,28.362863665995373,28.760918953054393,28.655849784887295,29.080602268354657,28.6419480165972,28.61731732023989,28.714786065143667,28.893236667167443
P02401,28.014590654756947,26.55045596138574,27.651867312052048,26.46074762360096,26.055712550419916,23.89089737639718,26.520322483149457,26.478306827801827,26.30795591694599,24.828155446433847,26.383255712585658,26.391147482884552,26.235415935602525,26.37520094716784,24.02210764596779,26.325438902092852,26.86639831915469,26.573167903737065,24.890953289895368,26.637857922707433,26.318635904126747,26.29733884715228,26.303579436058968,26.66021190857552,26.341821309214012,26.378715322322513,26.596856887448098,26.583114356356386,26.052248235157553,26.38504706816067
P63322,24.651969926580993,24.50219027307498,24.368799271672433,24.910992998647973,25.115657344771932,23.61801186379997,25.105304861156895,24.251941430532753,25.164598393964255,24.925461537601898,24.33713248023154,24.289996762652716,25.000158446439336,25.052561500549867,24.62476918965519,25.172846358231585,25.137346993457168,25.015366730268383,24.88481592588811,25.419945491207958,25.29634352060355,25.2468672401094,25.05768951275091,24.7955562152066,24.882333284099595,25.472834037889413,24.64919668699923,25.340665844703533,24.652127336764206,25.048243225946738
P97697,28.509012163428608,28.574444670534852,28.28184112755844,28.80525996912463,28.544354354104538,28.574098581484293,29.128229215706895,28.66539613548416,28.707343726796687,28.319214331031166,28.44447152045394,28.59043416686025,28.479740181398014,28.536047247967424,28.757150060600235,28.785623262447537,28.952147301301306,28.629098220150897,28.723078989809295,28.596328862071204,29.052242397453732,28.830998095370166,28.478096628557587,28.95430782156977,28.575422654565973,28.92738532930057,28.836321841007084,28.745989816466995,28.826993025768985,28.98758826510087
Q920Q0,28.83040334176166,28.789591322523222,28.57249345676459,28.790561247783806,28.35590125932349,28.334619426338712,29.082775918662836,28.59386068189822,28.379529280409766,28.59972911146214,28.96448715404333,28.53855844548858,28.53852841893705,28.343497592330575,29.65556065305095,29.098426266379043,29.007460253893235,28.75346278056927,28.744109034022724,28.294028797920518,29.332439623651872,29.04588798044136,29.025072578762636,29.512885745042553,28.100838202944868,29.43207711098139,29.28582724099975,28.679746467231244,29.13509242965953,28.953108695901978
P50408,28.436573462993437,27.272461724363623,27.8556653650739,27.452418518240783,27.401866208429208,27.84661697641273,27.60072691928618,27.525115444348287,27.967489150481814,28.010441289299983,28.833224174714022,28.17500247926475,27.728262931961595,28.13766631556536,28.19721992356761,28.234281445614577,28.207045691683582,28.112155857602236,27.812614230618,27.29881325327909,28.214946066887215,28.161660282734733,27.696438710731414,27.91219931528977,27.82213812115242,27.993092249558757,28.371625551289927,28.092867087191916,27.955313032991413,28.201603362434746
P52481,27.831413706007574,27.357660282706195,27.15077117055786,26.921214201143677,26.556416620921503,27.825202683266625,25.7639889129744,27.619008393522325,26.821408850617637,26.693239417503424,27.078748267874232,27.540594228662407,26.56404786533416,26.958558408304793,27.166215785909,26.797914323611547,26.76714200347901,27.0065573371076,26.094697669321345,26.884545751374446,26.429350367018856,26.876083073023665,26.298202315227307,27.18101015101642,26.778207394831664,26.81619576576225,27.822319333738097,26.64604200921996,27.225732852708525,26.934282544931644
P05696,28.349752079891093,28.03998204408583,27.794243506197436,28.18519912390015,28.418052545001995,27.781551756016068,27.263889112623175,27.68920162524439,28.144706632347354,27.550113776517623,27.598914404769534,27.94649799330336,27.754302341525644,28.176936938121344,28.217694424577445,27.894840182300737,27.873816399215453,27.959093457514708,28.221294918214422,27.748844845352952,27.93515644886447,27.947645610727832,27.350916970066294,27.851245741705497,27.734943278894722,28.345741561163063,27.9612372517211,27.785239459180524,28.05621745911401,27.75973184073593
O35509,27.106509889724418,26.93460561650483,26.690200876221464,27.08921919918875,27.27147294998908,27.60178458148318,27.384721601402457,27.290722619469534,27.66294691737955,27.346162175265746,27.296826439532893,27.476509467837896,27.323430944889026,27.56314039427827,27.25314090923753,27.524605982487703,27.54033134124579,27.386711224798145,27.340173963775438,26.98171712731669,27.58809786689251,27.600631582516666,27.035767454882492,27.33948059136711,27.62930486355655,27.8972358906795,27.618541010830246,27.813493788754716,27.40236193614799,27.64347857566796
Q63357,28.896654566458736,28.49701751129062,28.66457646855763,28.743437263139665,28.871212153149187,28.469724078559384,28.635070261633583,28.456375927835385,28.937506532073517,28.57288218123942,28.59800076995958,28.69139497772998,28.645388773812666,28.741799816458897,28.932374333492426,28.778864553818078,28.97371383731307,28.864433026583647,28.74722857990194,28.562661232120252,28.83462002513621,28.86416549537816,28.435426056601035,28.895323021679303,28.653539375260113,29.169785215491036,28.8709755976919,28.75537347522356,28.950628536488715,28.95365054893377
P08932,22.263956568661932,22.22982084985311,21.478532153478614,21.98480600572471,22.107026103894817,22.92731835688822,23.928231546395818,23.229456508809154,23.31735623254501,23.325620991453427,23.431379512475576,23.545704202245503,23.005297431892267,23.289809261233987,23.670819492989338,23.21606537946362,23.302417060819977,22.81340974648725,24.856222545876594,23.20781017252155,24.712754834248052,23.5173678309113,24.197688674579897,24.834312698204894,23.458030812395045,23.69440720149557,24.0099886621178,23.90571646248418,23.588029015065374,24.000877532512277
Q1WIM2,27.681831551631497,27.263903735564824,27.39156459653077,27.21441052581546,26.978787679806658,27.496398275909343,26.761565872294288,27.16036695374445,27.255142462311323,26.82734196973455,26.90880632486529,27.288241162578895,26.793090014771686,27.27611946769936,26.993483117538982,27.291193942734004,27.29292304514093,27.30546865832208,27.146549361360485,26.839800346906916,27.25932026464342,27.129892343171406,26.6987472532681,27.43204031179361,27.34984451633576,27.41591300147996,27.376714688259174,27.375142356183822,27.324134662742313,27.168108268256688
P39052,29.335189496790363,28.230354105321624,29.257448909713652,28.441090377255005,27.739513427988996,28.269347714834247,27.649293228486957,28.060042910399925,27.80736959578844,27.550633845688616,28.437598014141724,28.534852714864844,27.631771974453997,27.904505422731177,28.15374239292055,28.026194438308494,28.113017860933024,28.023226660951103,27.801653162317074,27.800927645159554,27.97160044688248,27.719851644019446,27.25725522504688,28.258360484115347,27.516985858686432,28.140428756916755,28.93191360268208,27.891077899902132,28.550223956958888,28.107554350430476
Q64119,26.109127120806033,24.758449943920695,26.254984435186604,24.858533624831146,25.256380336126288,24.79367436707891,25.554094488848015,25.22194898499185,26.209255144331085,25.439860346326874,24.685365469499043,24.98945251985503,25.50575330811045,26.39727762656158,25.391623674542284,25.93687204665843,25.7763656834864,25.583430361086926,25.457014237400767,25.587437922041904,26.016518656598365,25.54097473660049,25.419214617949518,24.966275477044228,25.670756747214657,26.44515637694642,24.981394427453154,25.708048391644773,25.067490137835325,26.20098690994763
P51650,27.678602977072735,27.737098175780936,27.6046552941343,27.61878963244977,27.66148386702896,27.98196066996384,27.79410352754234,27.699712732187997,27.858936361118133,27.825794048973076,28.16458370660643,27.7202892536301,27.748975833272738,28.113725132836567,28.35618903608297,28.284276273324163,28.310901982530673,28.143681489570575,28.100191070459406,27.949845482656357,28.41128069597516,28.343481529965747,28.01073073907138,28.397281787666312,28.03156109173061,28.612597225496256,27.981529286675656,28.27910050740418,28.27713937270922,27.86918030937472
P55161,28.920929158517936,28.660367594714895,28.945498232932867,29.236040444827132,29.12181593846978,28.828586981056453,29.109595019972474,28.837828959929475,29.079536865019158,29.06297872901231,29.245368209987124,29.069588679025916,28.779300068998573,28.9060039027411,28.93243693512346,29.010157156731314,29.136238828151157,28.972607046894563,28.805111668779265,28.713873864428752,28.967197630742547,29.040821591444136,28.568784119554785,28.897761748503253,28.835885188255745,29.36517932026647,29.331754855709068,29.21577517987991,29.090492628565276,29.287002893911907
Q5PPJ9,26.285259514712404,26.660053114536225,26.234781158164385,27.07698439770171,27.4199955390561,26.95817571339252,28.056593203217176,26.98526582732953,28.14457599814091,27.813893943987345,27.84019860723969,27.30283826500532,27.89343418342585,27.554969297573898,27.6476705491007,28.04632107272354,28.09567902225333,27.897278613153322,27.271867078229825,27.719044226933352,28.069331612669203,27.726652463246786,27.526713031193694,27.57698035184258,28.181217302467076,27.872703577147906,27.143278457393947,27.947364519580184,27.24101659877041,28.034039115307024
Q9ERB4,30.047453455247318,30.227631605862015,30.009288660459564,30.66529121183165,29.663920466787886,29.699649764191154,31.17535779850339,29.98742270385141,30.180762253492713,29.523761968179436,30.402241141805693,30.095018562433623,30.090777738897124,29.846477335201207,30.106019585579432,30.11451283515171,30.973113574322078,30.45213645401649,29.610259628574845,30.42681737096821,31.05354952281636,29.999592778814012,30.696888858707002,31.00223688738521,30.224419321707753,30.530078815189015,31.108025366537014,30.57323145134311,30.84503458610118,30.400030606412457
Q75Q39,28.298767158681912,27.42613616681774,28.07270292017506,27.485516275433945,27.27547782307729,27.80811080129628,27.19409223963798,27.63763762321626,27.74206802272462,27.64653822873153,28.046595586768323,27.922206725766284,27.549104975611165,27.953098291481844,27.734902260785077,27.980934323127922,27.63159905458561,27.820631130202578,27.280948027800477,27.633033926076397,27.47123356971667,27.8938369305002,27.5726978255036,27.7629729372022,27.78740520575476,27.770183322301317,28.15768085374226,27.72023676402469,27.848311657470113,28.081013271556138
P35280,26.43932975961642,25.66127527047113,25.86457928992351,25.60820164100941,25.433893731442936,25.19906410470313,25.646035805310017,25.543957857510936,25.571366236917,25.34328365564726,26.053494206836156,25.596376489665133,25.459089551499744,25.790159123559015,25.015117091171685,25.590198315864352,25.920495534679855,25.819679780890404,25.470447672148293,25.96761801407726,25.684983336957565,25.828947375637124,25.54555718009674,25.891143745288506,25.691975696614623,25.842457183023818,25.871275910424423,25.96140160331448,25.767552337892027,25.822538982944423
A0A096MJN4,27.114383860088505,29.068997945077683,26.626576937481577,26.665630768675527,26.42050636967594,26.361057837120452,26.85657287182905,27.612974059806497,26.856983302081826,26.76515709796452,28.820394064523413,26.81331943792947,27.274861054692163,27.077002214183544,27.88147985833594,27.436575141783216,26.86554634807173,26.96124584829882,27.18613532431294,27.720314652015404,26.81731178374055,27.52068540874992,26.48672615471469,27.034423121204732,26.390159643988802,27.399823312427376,29.194327739680574,27.784778927845306,28.757620513674976,27.205002918156943
Q5M7A7,26.667871199891167,25.966966539938742,26.473730201426562,26.432088332500346,26.47350528955085,25.678612591471065,25.120127646004097,25.90244144758601,26.69310081391542,26.27221276201882,25.88485527048012,26.154574498293233,26.31646472655559,26.462468728886602,25.42345346871399,26.17662453220219,26.357584647394862,26.492919315709134,25.94875325661647,26.12158240528191,26.0440792733692,26.33850913827777,25.679486045898212,25.725872895439228,26.302980558801995,26.793227823165488,26.412652319403147,26.393585769458625,26.23481797004377,26.540451511730662
P35565,27.644692738022986,27.901661046621825,27.433217447848268,27.72972127798818,27.63220501963647,27.667333153792427,28.531509441771817,28.178668908322276,27.952808067927425,27.60888147131757,28.40668218924938,27.750093170061596,27.729028198143947,27.821437383111498,28.1801020778164,27.95527876669664,28.01299998357576,27.758504380053367,27.842197053390976,28.132386472577394,28.158484756894868,28.275127481502455,27.953648748089876,28.191413890076856,27.81957466196044,28.024712827711415,28.351431559481835,28.28966192669676,27.957917825728465,28.163034556832795
Q08877,27.482691030226302,27.16741410318693,27.41162019614496,27.649245882080795,27.54229125642977,26.57321318381033,27.280137945897174,26.354620375313193,27.195420213892508,27.301515185653393,27.119851879952304,26.901422953111336,27.514268783771197,27.956507492699483,27.37633028745973,28.013002430651138,27.796214907504663,27.91820701625906,26.98273007083136,27.4553366376714,28.285978124510393,27.718621760089082,27.60313479076602,27.891601756549264,27.52921518623695,28.21403060698132,27.707916696173854,27.639680178636723,27.83188220408734,27.890249525219893
Q01205,28.835648835609167,27.710776540424266,28.255371044578236,28.596136447648156,29.067900477844027,27.90024037504805,28.304629051330412,27.57774104631031,29.03245419803583,28.905847926214218,27.856031252671258,28.340721217405058,28.753144002071394,28.895503711266606,28.44441057019101,29.08553347951974,28.92776043387136,28.994917098676932,28.422655823159225,27.98515557689273,28.650929723371426,28.80415506585043,28.15485925818086,28.170209544951113,28.642733384296914,29.198483495821495,28.10190266583136,28.526482605578277,28.346041339166714,29.16573269391382
F1LU71,28.326352823115577,28.1125662106396,27.823552032491037,28.099833329236674,28.407159676825074,28.727047083419645,28.840083767336544,28.482183330168183,28.956955927202063,28.62752151580149,29.261448268381503,28.605295896462387,28.69846800026667,28.909931554274394,28.782276774913,29.02371008121291,29.217498173108787,28.899324823309854,28.61346117315569,27.914990702098326,28.92423017904224,29.108551384897357,28.588946543420025,28.988966114769255,28.745813211587212,29.13292549584009,28.796529752722794,28.98345286443426,28.62822972553268,29.122754313399117
Q8VII6,29.483808172086118,28.926622930381075,29.070982705690724,29.380279002030974,29.084634683896944,29.57000143384759,29.968611878707577,29.666452298402312,29.971222767134087,29.565048097502043,30.887981615612933,29.929164368413176,29.80384449882969,29.211026293788475,30.141855244660427,29.789527481468216,30.320157608850188,29.945999295840323,29.208330802492387,29.59594481372597,29.912605862062385,29.858858205646246,29.839452200999176,30.0873701061098,29.979719118408116,29.70095900091128,30.205965476537717,30.00098893566675,29.75365140302727,29.89275948313832
P30427,32.07013597644212,31.658931122547372,31.8194076416024,31.775450917198295,31.35532502411167,31.712722091909075,31.86670353701472,31.574093008747923,31.714091236444105,31.767278200482096,32.092959002753226,31.87494820655743,31.752755633237825,31.72215316704646,32.08396491553063,32.04637900469979,32.291857205819014,31.936718606811027,31.726362285890566,31.687998814933014,31.779122321253862,31.8656508311104,31.76850510940855,31.957408751380598,31.824877122909726,32.048796162616874,32.120642280489534,32.11729241518018,31.84816536067086,32.06071916454953
Q9QYU4,26.022198466325772,25.364640968676298,23.840438776708798,24.73784415794655,25.19972658854862,24.733531298615368,25.59248862469952,25.114806724529195,25.258999065293857,26.27411715704123,24.693931285592317,25.927132380544545,26.271875428991553,25.8635088139561,24.78906994409802,25.105345529176308,26.358467626485307,26.048804222593606,26.18118122431923,24.076829590001022,25.314324673717262,25.15344042197522,25.763653784481917,24.156751636929837,24.088524261470095,25.332842370866477,25.61619348780488,24.859694963871547,25.181242887838835,25.33790533132963
P27791,27.095014324159976,27.344819859773494,27.263550488987047,27.23727381206892,27.67998795122051,27.437198070235127,27.164975317820847,27.413882592174065,27.95375609108311,27.419248314440964,27.237554167117768,27.543272027283646,27.478800595062612,28.13592063959311,27.15999281154947,27.63792687984541,27.796402977689738,27.667442078131998,27.4954262204232,27.940241542230407,27.517991847954697,27.856143534119948,27.302561573912556,27.286420314347364,27.981008171102555,28.319198514422858,27.879553028548663,28.194320429105723,27.71388295561541,27.94052587866209
Q6RUV5,27.57784668175742,27.37876466314518,27.532897646260228,27.549836996535184,27.71373652958842,27.633040015905365,28.541716598920008,28.01100796987795,28.874592389520483,28.58077131043979,28.864883185417078,28.286636325660112,28.168363562308308,28.58732237509514,28.287320010932284,28.551829458810918,28.767710067787387,28.31862242214037,28.31426959809716,28.265289736550088,28.807398781573557,28.744757428675726,28.31703154693187,28.157101061749174,28.77385862474144,28.393698445622377,28.426297237059657,28.920006933230304,27.98292173989929,28.555409370969556
Q63564,26.860021736475534,27.07516220787231,26.04816779546445,27.9271119575935,27.372539038593857,27.47873600063377,28.32473347594721,27.691169087584786,27.843488495932807,27.320606913812156,27.60751665770531,27.566469590049074,27.71253509651577,27.981493546412285,27.97481678696863,28.004723630948554,28.09978571233871,27.87165163365135,27.472656874145375,27.761768646911037,28.343388637923866,27.962032206588002,28.236338695933714,28.090238301370345,27.956608594152886,27.97824897008391,27.991664669752677,27.948645203531278,27.811373394595314,28.28316566143306
Q63862,30.80517094662385,30.65801141548922,30.386170763233398,30.334578826855292,29.741806153666108,30.145437174467652,31.18299216139669,30.721086533764765,30.46014075746808,30.7427681053005,32.27869732019891,30.73029252212629,30.323826900508397,30.360592056669713,31.457659124877267,31.004063691008803,31.145074339132517,30.745505920220854,30.510207161868802,30.069165481989177,31.32644019420807,30.752772795013687,31.019749721409532,31.47778838109377,30.4424348201875,30.822554729702812,31.589833644277544,31.036783592488128,31.177415306883084,30.996487798578478
P21913,29.43618366469454,28.44744681848556,28.87686764876156,28.903668894314993,29.10328502280829,28.57100531524875,28.91258783457258,28.52265939836141,29.140639578976206,28.817530574924895,29.12791004194395,28.880749426667727,29.132091014876515,29.399019838433503,28.841682481010185,29.277143503690322,29.477857315673525,29.495155267636196,29.082382111830736,28.569321877433353,29.438573771821712,29.419301811066116,29.320657344904774,28.98853818227729,29.361968365705188,29.84334440457652,29.30766598480882,29.298724800259812,29.29436254477443,29.86993149768041
Q5XIT1,27.15038482253155,26.888744358258496,27.099795485306093,27.596351474321168,27.261874755773775,27.062453541037627,26.979545434729697,27.434739312222995,27.587945782207928,26.12028127101805,27.255712381893723,27.307063886535747,27.054126685047745,27.11574988833418,26.670148355523445,26.76872617584316,27.84386492059925,27.556836692140724,27.24030522901138,27.46831116417679,27.71169225735631,27.47054056720445,27.70461932128709,27.059506877448523,27.516514756040223,27.724538702162818,27.67854159665427,27.642599242898868,27.55092959961294,27.67383545496233
P35467,22.739319714380123,22.713346341524925,22.893794129486476,23.453899632471366,23.983682058832766,23.134926753118517,24.260735697025762,22.93129104925942,24.180240283465718,23.67055798058264,23.150571044428876,23.31975731416901,23.778978159428966,23.949950908535932,23.89266722793053,24.07048266231374,23.840978314289774,23.68702609057041,23.88782181272377,24.204540361941266,24.274483019275923,24.208173395816775,23.601538335903957,24.192913168609945,24.003757695473865,24.307470439708624,23.272672352626554,23.73493330628922,23.82672550794613,24.013769993930733
P41565,28.53675602041928,27.376277746730565,28.29024191865732,27.648860562325876,27.815403903043705,27.61649223605773,27.725054584760745,27.07663381777251,27.908810081988545,27.73547951593024,27.731610943052125,27.714335239044093,27.65104536759402,28.02765334511306,27.58433556031144,27.861493006760696,27.952402338737205,27.792188417955952,27.417228273922895,27.04724911265197,27.636329035919395,27.523865444069713,27.1719323234747,27.550646702684904,27.615058303812287,28.053353548250676,27.87314342617328,27.597284187808462,27.60242790197661,28.098835491463454
P15384,24.7689069316374,24.172933050246314,24.925617480527446,24.068902709913562,24.797113216730782,23.883682639228425,23.08542277789617,24.24550259865103,24.24123226808715,24.137448754053416,23.744365417025698,23.756152026723434,22.84302134982733,24.28109299534529,24.206506116520757,23.775020786293336,23.44819342248645,23.34713005495138,24.050160737517896,24.129332507789208,23.61274437978261,23.758349254630474,23.278352573069043,22.6356567405684,23.3290421991416,23.629245852051465,23.763928238645597,23.37938596940745,24.286790623571527,23.881546094369742
Q05764,27.448841829472688,27.79044899482406,27.64996356617648,27.59666659433471,27.325937204466992,27.456318563073733,27.471784639653873,27.57275569756103,27.709242205424353,27.03336609975836,27.45622218548176,27.706450315237838,27.561941145588037,28.07468218637977,27.239200926823408,27.605073433057846,28.132545038723126,27.99265738012906,27.895710468674494,27.96830831278744,27.886414198844776,27.91535715425999,27.567385147284984,27.909707729629037,27.99566625973305,28.267761558821437,28.34610411960553,27.966779570848825,27.899191273410846,27.936465817975122
Q9ESV6,25.636326051967767,25.013471426505976,25.32137557222473,25.484114588751755,25.85137994772908,25.230277189112666,25.78235455273982,25.10940168476731,25.924885699829915,25.48385698333462,25.59148824478338,25.50092048286359,25.876161432921872,26.28655776160796,25.637158722249936,25.88153546997046,26.01065518904897,26.122348715703772,25.858561885969426,26.083737273808747,26.257051677490196,26.335510386136455,25.888938935918222,25.58460476112114,26.07559220540082,26.395610199072607,25.415273831109495,26.081911175451207,25.812207216029112,26.31949504384823
B2RYW9,26.377174953592874,26.777960511966196,27.062265844351757,26.92046838621368,26.33230495188622,26.552384579469624,26.772267038667824,26.477396101267036,26.79291633443406,25.940489898260726,26.67278915068574,27.09208009490302,26.69944028182351,26.55489912624153,26.188157444599266,26.869256565603457,26.820546783368734,26.84100750460412,26.08923715697595,27.028362591620898,27.63575205467087,26.315089740212297,26.286144462665032,26.941054011149234,27.03135169757672,27.114976694164714,27.08207535220424,26.474206325307293,26.863188529254202,26.602467871725008
P15865,27.455346396058953,27.59165456808532,27.519447143884737,27.710489419043608,27.38514414173622,27.674898858524134,27.53421089907216,27.646240348983973,28.06396414016168,27.717767434149813,27.65972003847922,27.726903803088675,27.574792855105255,27.849178062256257,27.676845772365123,27.955064201754567,28.04352226528168,27.972801838932686,27.73990273320591,27.795900219927336,28.019907096885078,28.181656862585054,27.902278015420805,28.353159904798282,28.087396964858527,28.30847969261207,28.215186885744256,28.082282370613086,27.712227038074612,28.167233938858555
Q8K4Y5,26.516321860808734,26.21316366790775,26.08368648664264,26.615296967288895,26.68822342705631,26.607486514489263,27.03479573867772,26.707403111241923,27.065951213987063,27.004800209002735,27.236675083628022,26.838825602381174,26.806400587240276,27.249297424264125,27.11519535747912,27.11034798991623,27.153163322111407,26.784605380455716,27.006740017244176,26.701837730815278,27.082045621496437,27.060462866709074,26.70817428013903,27.018912368073366,27.17912755584725,27.358276991992568,27.315813337082734,27.313716680923903,27.064617058744098,27.291695587662527
P20059,24.813801553819196,24.885645165959826,24.58100011974921,24.719154624807743,24.836539524750556,24.634579056128285,24.648973404331944,24.743936201742414,24.957037305424866,24.80733097941704,25.069904589118345,24.816184707032345,24.671539069138866,25.059232688080787,24.949631211146805,24.884448058213966,25.237356676866312,25.023109248707936,25.75645666855681,25.080955345984346,25.768776252814963,25.290234104798934,25.31777706958958,25.367504561671318,25.208327364955,25.36134974988644,25.40136123289384,25.116612417600336,25.202318736792424,25.169154131717946
Q62634,26.763059760061182,26.751929075069032,26.93977931958916,27.044773442368435,27.327107955030147,27.381548670176542,26.59207778706581,26.934206607879176,27.779717619271963,27.110369423714804,26.879142299047565,27.228498406052086,26.943311839829086,28.012108885023306,26.968841786085637,27.339645041272114,27.496904228479412,27.470224356458445,27.025750336475006,27.165798935800524,26.79223179131032,27.49585835124605,26.94805482852905,27.06569955350517,27.557324626550564,27.992847681751837,27.410147163128133,27.951180940030156,27.3286276690381,27.59793316278913
P60892,27.18650747675593,26.289300017770877,26.841789882863743,26.67650350122957,26.571627078500534,26.05817273137162,26.073173011377087,25.957823847594696,26.72473115777162,26.841068259608694,26.773914903674623,26.64464703125772,26.79135839667608,26.706214448708465,26.703442558244042,26.944023902120982,27.01182365862187,27.01715995797497,26.714709242667634,26.236700841042815,26.95615401057539,26.6082607167511,26.347826928494502,26.74241049288342,26.35856839116216,26.952091550038794,26.85215016086716,27.01203807638276,26.955037501317978,27.14192543706198
Q9QUH6,29.95601488422946,29.330125416248546,29.8006184640272,29.565243334929143,29.758291305489923,29.049726070295225,30.12173739191748,29.377514589275105,28.977710919297405,29.58132092670483,30.372520177660085,29.60371797578106,29.85341599284138,29.11009345905267,29.204055248576772,29.6004600488051,30.741839635045984,29.797093111328913,28.889821066380858,29.68265413573852,29.588175748371462,29.77947137508185,29.456305397169743,30.090596565986296,29.63867691869712,29.58111448969087,29.730669001952638,30.442285985847942,29.835883125519953,30.033263070962143
Q75Q41,27.148151886037425,26.142951024222555,27.04019381260273,26.060018957379732,26.0117570833313,26.228382335484586,25.78150026966155,25.91750331174371,26.565577933423768,25.651528358600448,26.401845441590805,26.421780849534617,26.298954374641436,26.877913211839115,26.351304633944185,26.682608008627753,26.752314846185044,26.681249928075584,26.6403165137122,25.82262061332326,26.53589653136716,26.85414907727626,26.305949464346146,26.499560304907167,26.413602017411215,26.885437548594556,26.66417920491841,26.593775742719586,26.753771180062547,26.782687852465873
P16446,28.454725421586943,28.568819324540105,27.817677050028827,28.599269151498312,28.72726229396925,27.979387604323712,29.01728091221478,28.392982429537877,28.744239361837344,28.532969808783754,28.57300580198639,28.345881615790255,29.293753694602927,28.934470017492323,28.496015534463773,28.974729322701815,30.436330728869496,30.135347289063013,29.891828835104782,30.190901080543796,30.33824115408919,30.279868859131945,30.700088799179998,29.935938435694652,30.427489818290322,30.179917394084377,29.48781294127102,30.420005407948377,29.465705863592504,29.88808018851601
Q5XHZ0,26.54284219530747,26.122634551795134,26.761639326084516,27.2121775055718,27.32160082208018,26.34534755562989,27.12156261515255,26.28862012268549,27.339586310274562,27.126749025199338,27.473450624785492,26.590878858230262,27.738935965014498,27.241022935825082,27.05463720079814,27.367707324866792,28.520643219075733,28.372341301160166,28.10742164684585,28.009840863948813,28.41147215224103,28.345072843295704,28.3933708791642,27.91003071874585,28.19729124200075,28.555009091822654,27.74840656499856,28.47557551519713,27.780380466175533,28.279377569051483
Q62951,29.748846672441502,28.136429201022732,28.878239147430634,28.860400970827197,30.13886621028172,28.607056509248576,29.51716370478209,29.041183083209447,30.28644824650018,29.953366906559967,29.36363535674309,29.18033579829446,30.08096863075053,30.258917357982803,29.100048951700593,30.338956117352097,30.220329187609178,30.223604333451288,29.85657544091467,29.376567310398357,30.09438561146481,30.167753926657245,29.791695309755315,29.366995455726094,29.97468687495933,30.611310807443072,29.79842361077732,30.004306522396377,29.487509038478912,30.687190431367117
P85970,27.24821237203458,26.422956836840942,27.221944066418807,27.208135042282112,26.994436570876978,26.48623585917726,26.949009337340463,26.49286121207209,26.615276135006177,26.644450625077617,26.250439402902845,26.62733260072286,26.195441619544276,27.189286063171515,26.988155771616295,26.81189461869075,26.526928369381324,26.824582075523907,27.139523699519042,26.74362433349413,27.294381298499346,26.601588415951717,26.28184733753746,27.21360277943434,26.811662941706235,26.935532064135455,26.340084744351064,26.57030333460394,27.005868513057795,27.0312900196027
P38983,24.85991681349147,24.747302296592633,25.95425694686658,25.657829276461214,26.150648433936237,25.25831110977474,25.613694993186193,25.34406168769278,26.461562613259492,25.83305721385364,24.93305704007313,25.40458597501887,25.933925491688566,26.20720122498423,26.427009327402793,26.06094406005751,25.97120859975593,25.774615343160196,26.096755324050566,25.70969574866442,26.141778566528153,26.12460697318902,25.470889057928883,25.54681841763993,26.149556019589806,26.38875941057513,25.010186467712074,25.874925396344985,25.353318936730616,26.273029350029105
Q63666,22.736028061550282,23.930098886934076,20.479109952159064,24.230642635273412,23.106933882339927,23.693375554967226,25.055703977094108,23.43086813747912,24.444582417176743,23.637173367254825,22.438052869495213,23.75586291591761,24.110714256174138,24.454584801187547,23.46962070372828,23.808961203853595,23.769948954721244,23.152510030722837,23.830503867599496,22.41422553421591,24.842672019270214,23.88710104570484,24.181990584655942,24.452509246262142,24.564810333594092,24.980807057813777,23.092683517867304,23.455977013535268,22.60438381058741,23.908934914538506
P70550,27.361121197697855,27.33359034856945,27.168135008536378,27.806586702927877,28.40809596918509,27.643930037234952,28.43161421299822,27.52768572127193,28.651823542169563,28.11478109607386,27.544621934849843,27.602763775893106,28.08978777393335,28.55128625416358,27.74218631655305,28.081242466387465,28.456981432114148,28.1941813326515,28.415849203840953,28.134790223885105,28.489578384621744,28.52737025448372,28.264348934595493,27.907635041803946,28.627827961355877,28.92462302290187,27.84896564211986,28.767645336193127,27.947234854584828,28.709501508416047
P14480,28.750270141205295,27.804101321359077,28.50250305502302,27.9571377665362,27.81394984130516,27.8758090185555,27.256077603386363,27.724373698341296,27.906251880868286,27.353077652102026,27.940596610291994,27.902151048440757,27.433332725145092,27.983228693205696,27.64337743619445,27.6158087210658,27.401055755553926,27.78915007539423,27.79564669162616,27.486411198737958,27.714628716594785,27.168385091628195,26.685980575027493,27.92888965117127,27.58033133712953,28.063612781396955,27.947395844632133,27.521966464794914,27.847345929137298,27.803230685456192
Q6P7Q4,27.178839627025525,26.29701757957124,26.98847693437668,26.222172202243115,26.08466486541931,25.32879000293654,26.595462295023268,25.887602329403155,26.48660055192604,25.801988393873447,26.201419201505598,26.081365237440764,26.17393183516445,26.76423863798911,26.911823672213952,26.01939652003275,26.739020882890884,26.66256704372787,26.384355179255724,26.72209053748492,26.584559438909885,26.34965424622674,26.113243004679628,26.830509564499305,26.32055900962123,26.355336228644962,27.277697712061,26.2297833327689,26.67272143198825,27.118115398958594
P49803,28.52584393787438,28.380629568829608,28.69340743888003,28.24213395824118,28.13441531971573,27.913470341463476,28.558916637392105,28.27585843927117,28.771954921928167,28.41300122028172,28.412062914218673,28.93569135559505,28.50915360029685,28.579215151326984,28.18182862086345,28.732948649484353,28.868869062548683,28.742439302641372,28.533471447985235,28.88357685336635,28.773996092500848,28.844326492911147,28.618767284950263,29.46652203896195,28.832286286838233,28.93375464453186,29.383801937146963,28.983495314288245,29.03664664845686,28.90104756373532
Q9EQX9,26.575671815699963,25.762289861777894,26.45825594710053,26.557356699998824,26.484568196319014,25.963471171603025,26.925096271133796,26.009901147851675,27.07951661393569,27.340524119272676,26.320509516815694,26.72341197259985,26.66913286138332,26.98401017364219,27.8703645814093,26.88151013679276,26.987479535814394,26.827788247872558,27.471269452685537,26.130745631441947,27.071919459661782,26.78599590035051,26.261882525848225,26.92295162089391,27.100307102543493,27.265184099503745,26.643489971596075,26.92222530999797,26.816944177293937,26.788629727307814
P62959,23.63486597281339,23.47896558588009,23.240068817315063,24.391398726596893,25.058883366617934,23.897045330962747,25.95528919559486,24.612151015516233,25.399880019567917,25.080354147500802,25.355541990313924,24.616030732877476,25.211864025356675,25.483736174963987,25.31911356821313,25.5156775987823,25.56411180143799,25.106005589667195,25.40539312232192,25.442284513439702,25.94011656876991,25.520100416981137,25.267252435701135,25.153223063115906,25.605543791778878,25.348666264471888,24.480253856376315,25.64410631341722,24.636816018487767,25.683671750159053
P36876,26.35662720504641,26.340137412468167,26.272426367853516,26.53536349023778,26.437840321151615,26.487589285281615,26.034435601587216,26.42429486452801,26.60687299673417,26.28758806678476,25.971792386589975,26.38441911005776,26.275859887242927,26.62188317057059,26.63437804753892,26.58934735009018,26.45880192897249,26.45842520924502,26.452455772406637,26.764761425909448,26.525551749772298,26.508754513179365,25.84951529762884,26.446559539109984,26.492266273250316,27.010972677308676,26.69708297460448,26.54778397785851,26.554223250743906,26.56014601478945
P11232,26.61899655453944,25.68454770394757,26.107777792838228,26.361333220106786,26.402403354018652,26.61450963890899,26.314685325026613,26.298261836360332,26.548149166747237,26.136097869919894,26.632549243058794,25.976388783660315,26.265848434467948,26.59730750712442,26.4281633532168,26.459961286589927,26.46645711182519,26.442391844008476,26.273079475793406,26.620616016943956,26.452459142565058,26.447498629176238,26.051547930922712,26.291741517174188,26.43117265719504,26.9322098878613,26.52669401062379,26.609774569103898,26.45429638989279,26.574164043149306
Q9WTP0,29.260924734341614,28.197194685681822,28.803336157547378,29.10872978602384,28.373206076706868,27.90033181828847,28.200124062590255,28.373192487519137,28.226125301223313,28.170694382785307,28.791045210547303,28.579345582279053,28.139729955693607,28.409883287004682,27.940949940114642,28.542943158860634,28.47838978839895,28.41161753149703,28.372685255184255,27.87936037684141,28.663833612353077,28.536256754034458,27.7855669243573,28.383346246593426,27.998247603888387,28.755095836139756,28.845131752012705,28.191626596263063,28.553981518528772,28.55492119365286
P07483,27.229248782507657,27.167950790523637,27.646759691624165,27.091676327296064,26.47903498298027,26.606798777105144,26.547402810811356,26.97703011208696,26.71587480284607,26.613907357000418,27.526485401171215,26.94934134381547,26.631813926705163,26.602123769605324,27.273809112152932,26.83457774535628,26.59605982562242,26.884638463147088,26.602937516054297,26.795121014986947,27.55054967521454,26.970134672299004,26.750449840961835,27.152716026931337,26.740377256121633,27.081117591675984,27.3999944912585,26.981068336395378,27.516049078676414,26.889483208573573
P62898,26.05546560285311,25.957536377187324,25.5951394282612,26.399480591286014,26.85706703154417,26.029792543631327,27.35911954430549,25.938851021353532,27.552249141327806,27.19356704109153,26.303350675205213,26.155524567508493,27.084537562874896,27.490022957840026,26.469323046020246,27.29290200769082,27.24932823443568,27.197532176167982,27.023100130348297,27.57132996891873,27.352192009048842,27.370382241980217,27.052471658271738,27.087987021213433,27.400783395530922,27.756654858656756,26.63758990407591,27.493421672891017,26.698429907119163,27.354104128255518
P12711,27.87124846907377,27.565077180279538,27.545456562728692,27.815808851356046,27.473308580240978,28.12777498477345,27.802135133409575,27.690139580730666,28.0449937021604,27.38043171962175,27.540077337806355,27.94557231181404,27.94486396040953,27.919230600873103,27.72879426736975,27.633612854313192,27.439704410147428,27.832956998343576,27.671857480088878,27.41518193496968,27.499403822049114,28.021558545308718,26.84775489741204,27.640709216389755,27.632727750162864,28.479475015043537,27.928776555911988,27.851829539707563,27.85571443538465,27.624276079774738
P02625,26.78404912145766,26.762286966944792,26.72167583968145,26.596633060192044,26.631375920739497,26.894652455025042,27.13145291709522,27.08645900620564,27.308127074300366,26.80415832884574,26.83446376076465,27.31129265654786,26.798175637148272,26.954718798917064,27.388965482128885,27.203811240234902,26.64341385138498,26.935255342412933,26.940548717917363,26.566976497392787,27.521791790608,26.938992866917648,27.028031180670695,28.286869165032222,27.48059640539475,27.35458492167229,27.329593491872057,26.84416236225252,27.267413453210104,27.25940429909443
Q5U206,27.41184535222767,26.852084536832955,27.122253654027713,27.55655348730112,27.63451569955397,26.990215846662874,27.229196860586725,26.696880494586054,27.793259952683577,27.474942876829545,26.654359920023218,26.809389969498646,25.059898010448556,27.955090431810017,27.063831690417118,27.468055561403286,27.71850660790425,27.417062723375565,27.43124489191496,27.41675977597669,25.355043248771224,27.555949624388912,27.28961051442706,24.09690669180925,27.61909211049018,27.90938878398405,26.77399515668471,27.768780121620658,26.91931547223089,27.665254210404257
P62168,25.86694300671753,25.74579934165875,26.38366684817255,25.79927591037406,25.518327710442847,26.578292635433712,25.212119634135547,26.054144472878153,25.524742492735605,25.353295520241073,25.146614037784598,26.169667205080895,25.136209709482525,25.538355328566706,25.423072872005438,25.29974268815977,25.479082819033255,25.828437407689393,25.513102303764477,26.009193045699906,25.492362495436183,25.596021045076014,25.05290516218763,26.761808788741064,25.624016234416548,25.92402138169535,26.268249507287457,25.743814621871994,26.07444737437091,25.48761561685587
P29994,29.840318562081112,29.32391618680914,29.667109349796974,29.69014986709929,29.83475766736385,29.636009356091808,30.01037446567881,29.502384869070205,30.20037474920075,30.00466367028702,30.33597099735377,29.96022018865155,30.018431520505505,30.219099494071735,29.90649337279432,30.25526754004494,30.297053868014387,30.190811244113252,29.801073290911678,29.96651189171125,30.24510617473104,30.158199508577546,29.86112429199652,29.926175118790344,30.159879531844943,30.442512806562206,30.02726096431986,30.223889507563012,29.876536577519193,30.393908241551667
P97546,26.271031454992624,26.292333009944407,26.24041432195039,26.54877796932217,27.062689010407997,26.36893257730543,27.643295287034015,26.88858464532678,27.894074650985203,27.541652187308294,26.613869537679957,27.054241830349365,27.44533559313938,27.641740640289743,26.679462229977883,27.71515003764802,27.510798440741546,27.59269643975394,26.914014779064406,27.135383212956725,27.576446246561517,27.535933013992523,27.07807665362373,27.094157556420974,28.08759430967369,28.027002666529185,26.870559590694,27.788670816086192,26.896449192907657,27.879130450849008
Q64428,27.90046160997,27.904276500552395,27.790610049039547,28.65143905479824,28.03542673211226,27.946991605298287,29.78358679171362,27.91428916014909,28.55497435256751,28.040527452344755,28.278046800896004,28.09575423337936,28.1878118591147,28.143040134262886,28.635410238319974,28.55551888101503,29.05053738122585,28.574897547546925,28.384527151799734,27.882522470274353,29.474136567591344,28.636328200573477,29.03751484717674,29.220797071919858,28.030089177613398,28.538445362573505,28.80173113925986,28.943791166839507,28.861168806986925,28.90938312694887
Q4FZU2,26.81575013378569,26.581637136261985,26.712409213548966,26.395817527885356,26.145923013861978,26.56764206572965,26.277835150541343,26.24180101439327,26.166456011954818,26.068835102880577,26.30273113840076,26.302225777287866,25.908700451550118,26.73130075623517,26.40520838363569,26.21953909201534,26.335095391867767,26.161525582713725,26.60891307557893,26.80249103241285,26.470503485488162,25.932212970529797,25.96741346277687,26.43231638886868,25.983553827519046,26.54038106766798,26.574401391991753,26.224290760147927,26.590493891645735,26.901492050326695
P14046,25.52923637150208,25.36669855908789,25.09996763001411,24.419459365830072,24.580652008354644,25.71194372730196,24.05247936073837,25.21636365576352,24.839532959881915,25.460724891643952,25.35163801717915,25.295923819400574,24.615088580921547,25.084359224631,25.282001653948416,25.306828057890364,24.812658271712007,25.217977673705658,24.23821399226115,25.237725860911183,24.80988436781986,24.500763697377593,23.719110184590214,25.018764715416083,25.281801280385896,26.220169652238418,25.839041583567727,24.78246008281045,25.382355540669426,25.227686894338543
Q03626,26.822393646221244,26.685403799504364,27.296504353823146,26.849519902116906,26.647111863379852,26.66134393974803,26.732976119617884,26.66735512340699,26.8183007673744,26.459357259631062,27.021516972868987,26.93163089832082,27.359995588141903,27.318657858141805,26.9175587064639,27.207723925892342,28.430487015829357,28.138339456285973,27.809413528001716,27.679323019618806,28.17699174094381,28.35035413716914,28.518966983427564,27.739649110069717,28.272457867159986,28.41221341030994,27.84352010832575,28.282584848488185,27.69033181149776,27.83601664455934
Q5XIN6,29.535474358066573,29.136371899177032,29.26039743611576,29.46591458168433,29.33508645545959,28.689256380925393,29.57303207732937,28.80197399880588,29.345743934160126,29.40156024213578,29.477559881490325,28.958475535503847,29.22549770454176,29.572725354480802,29.724711629979108,29.643784112732522,29.758166725015514,29.363775628393682,29.444084752284425,28.805005171500294,29.831293238073922,29.75190842884697,29.449479094950203,29.551695149172982,28.96481160610232,30.057277320854862,29.62269343062493,29.465360319846038,29.641004666060404,29.774187738842077
Q5RKI1,28.77264634818411,28.76853172665628,28.7705085931462,28.911983527056154,28.77523868131301,28.84776014959996,28.66324276681698,29.009276988748457,29.105152056690972,28.618358593505832,28.586954670929394,28.79695706921133,28.66988236982048,28.915223054154193,29.035334532222667,28.95677583727492,28.86850193098097,28.779598214008903,29.008675362512008,29.199062842818332,29.13606116799955,28.922322623319648,28.290989578829453,28.88916455176524,29.00379008378571,29.417016485540856,29.101817986634835,29.175812737562016,29.013929520560765,29.03521203101286
P55053,25.92685449064525,25.910664441038747,25.854135570399507,25.945197011439753,25.640970353359712,26.30310621592482,26.006152712272186,26.071942552178392,26.1747004896482,25.80739139420304,26.173920954041986,26.131172056338826,25.676859116861632,26.1929647367764,26.00268645670311,25.885649663113337,25.962963842798715,25.932857136114627,26.174042394911282,25.97021418040519,26.32155210042022,26.07098650399282,25.544511457460494,26.139768183051405,26.004438721413738,26.414031274334654,26.36241303753997,25.905872378556033,26.294263112858324,25.946822384909336
P21396,28.213290227678705,27.804502525512067,27.748948931940905,27.81577413099323,27.61792109142818,28.07957751287475,28.085107060661468,28.153252278673406,28.062235147303465,28.388634714540856,28.44508052990192,28.226695397159684,27.99250224445365,28.102351329795994,28.32097411882195,28.381183296050178,28.589878240380305,28.00410303305757,28.222939361637856,27.90402490451157,28.27058458252677,28.428871376560267,28.102979146587383,28.19883075253484,28.18745876605284,28.130669407866915,28.413028858688293,28.478928097062443,28.24029709274729,28.59596644761005
P62716,27.89516502529945,27.792180624956153,27.811218307727376,28.140869926182823,27.68772327867591,27.79575710866448,27.508049489361937,27.60199030612127,28.015088584071442,27.609373191831683,27.56817055242758,27.811167975461135,27.618700329191125,28.034101324106903,27.90627393182835,27.99557383886045,27.907286678188047,27.890922956830675,27.914554712409178,28.079023596181724,27.874891466244435,27.876833846143658,27.027868763492865,27.87391464191485,27.69301453728609,28.296434296361003,27.97008783969405,27.782685400451538,27.96110933767481,27.85154630913721
Q63560,30.246215511858313,29.641559565991376,29.87027497477266,29.805622048081624,29.29768124441077,29.34905483716081,28.879553473668008,29.703253676166636,29.558862877905362,30.07056052157221,29.267764988125176,29.90868127394637,29.73994481290808,29.704134265446637,30.706555029977334,30.36769734457198,29.15194503137044,30.032947529773036,29.76345009236271,29.321025406136588,30.776109922099895,30.189008344567565,30.262874936590578,30.84135671634749,29.69524067917242,30.390096896617433,30.661170199218517,28.856370678289583,30.53788308874915,30.501653069774292
P55067,27.279154831978126,27.20202876831144,27.19986330840151,27.471030588909716,27.155986567430535,27.761533231217204,27.07466869392727,27.491608607172953,27.566549160680324,27.43001511004292,26.9096773549157,27.55886726621681,27.09665984569258,27.703408038091283,27.5004340243407,27.54549987679835,27.320274089647565,27.286409288189244,27.389677457309002,27.31034089724277,27.292039605257482,27.469046416109563,26.921564163137628,27.60320295000087,27.60296700208386,27.79032987006572,27.70808621080219,27.484254526677383,27.450002211147893,27.596847713032687
P28480,26.585872824477864,26.346894180083222,26.34276878423158,26.63053680737987,26.384286693497767,26.808421317961457,26.600452308069073,26.809158262211632,26.592547166227064,26.767034801734937,27.074550905867397,26.740745052579236,26.369401502139688,26.662889787303534,27.02024641115093,26.569599414258235,26.730973842808712,26.473485994841184,26.917438673286014,26.490431805713282,26.71867624072609,26.827914243545308,26.355267985712388,27.141664603816558,26.79059233724933,26.650166021889223,27.017845510685486,26.694533056232338,26.95890245472139,26.89566555153469
Q568Z9,24.664631843294202,24.91671421947702,24.935190520378352,25.12379697403856,25.065074392685357,24.50637634319799,24.99988519163804,25.38043070705778,25.700899999269343,24.994678390310952,24.949925007059402,25.187281461236967,24.917568226672635,25.569588311669154,24.980845097595964,25.598512653231374,25.044059073887592,25.330659449462924,25.139047977489888,25.207110585345852,25.421500596906334,25.533022245621535,25.166548370522012,25.554935618504057,25.63620470744105,25.512341620757393,25.522730576745207,25.63747193329216,25.376356672778606,25.394170340482212
Q91ZN1,28.595121488763443,27.851717291654772,28.49520203590676,28.26081350715823,28.567065610816055,27.65175152288739,28.2223726356141,27.69160891889562,28.587281435764538,28.32306101560964,28.189191232997853,28.284892835951336,28.25230798129809,28.566380847147187,28.128176252394727,28.605364456859274,28.477306244287085,28.603841810777855,28.173967406072084,28.116393480777703,28.682242796035702,28.38273398100628,28.155143870019327,28.41371088204223,28.0929889983693,28.645294850057343,28.424850340697226,28.33960813366696,28.449157781832568,28.717615221272172
P19627,24.407478691245117,23.810783317979627,24.847769265974982,24.40534548202737,24.720109644336826,24.384001656903415,24.777833622295585,24.718098912358364,24.777405201800267,25.002649677501196,25.003496643402748,25.03961812355558,25.110216127802932,25.282989658660107,24.792693499916144,25.248443776341134,25.444986973059372,25.068585060313833,25.158691077197208,25.102689935390405,25.247686432461496,25.428728532980294,25.019906286979452,25.008208649175412,25.376055209330353,25.556810524562685,25.39851547252924,25.665550732091468,25.380699865103853,25.55624776431448
P52296,25.397400440285747,25.411276757418268,25.40986144845018,25.7010183038821,25.84517411263785,25.62019577308528,26.224686327075364,25.701939113606183,26.344068038838465,25.3320732062181,25.617691018850593,25.876905730116032,26.23667718638445,26.079170681976677,26.114858456538126,26.295443962531323,26.11829958083745,26.122184348007085,26.056919443308555,26.088427618203596,26.19086451821098,26.02280155685828,26.03398278441134,26.33558649316461,26.190534846688543,26.25126613701984,26.32023584905294,26.44059653920562,26.034680195552866,26.461037632567162
Q07266,27.300361169527633,27.296703731139825,27.022545014391877,27.76791672828782,28.10255789797214,27.624549962906187,28.113920947700464,27.397441553820876,28.213119597445907,27.803400097933988,27.247250146174157,27.44014038290242,27.804422371156424,27.938709622374386,27.708991963904936,27.82029253802665,27.847995880406366,27.632229758400623,27.96257053230136,27.67468038641884,28.08994160364147,27.81267131732372,27.591667234204717,27.87358314920494,28.127169806513585,28.361621588904388,27.366464854816304,27.82362417367305,27.706520387724947,27.986632976995388
P11030,25.85428725460768,25.750561257356093,25.10147617817143,25.916156524154193,25.958858566684455,25.894362423032035,26.97349047669657,25.639697591370314,26.388909105728654,26.018440606777062,26.236184943739737,26.09938660992001,26.099524988372565,26.423672648713243,26.341026737727404,26.15635809208525,26.31922891791089,26.187504712560436,26.287237069994053,26.553471897061264,26.600009783954633,26.270376951167478,26.047741822344868,26.851300986077902,26.435637712759593,26.659591519645957,26.285256449586942,26.436690491108628,25.87253211825125,26.276491336298154
Q8R491,27.569049427617298,27.600804259988738,27.34965837062853,27.420257718073888,27.11272481503098,27.57733337315609,27.675024488931363,27.779897442262676,27.538286108808162,27.40092664525626,28.640375910798305,27.713700273866838,27.518537185701835,27.6019840975272,28.16912418266461,27.90538564278577,28.154016489475588,28.14069564914684,27.794469861694456,27.564708877664593,28.172226360168178,27.792291870353115,27.979863841646136,28.318514380165183,28.002384243717184,28.068819985897616,28.437435665437558,27.82099309105954,28.170301309519655,28.30926893408846
Q63598,27.421569730725608,27.12236322375444,28.767240303396232,28.113572740462114,27.964095394613587,27.48929886341675,28.07843168422084,28.713497219476228,27.744493871933454,27.704782792586826,28.07469715291407,28.517778495855044,27.240732289451895,28.029412679319016,28.983218371133642,28.637122200664553,27.641827496230874,28.282835851563558,28.48263710402059,27.28147603806097,28.641699518159918,28.51840636419861,28.039196423762228,28.747563900745764,27.296237687070825,28.341940140024576,28.73197209029774,28.405429003677188,28.78946828852803,28.416830017618857
Q794E4,28.515151838375292,27.19530210425093,27.89704649221862,28.219462184998626,28.50995128591817,27.266482885655222,27.77781832140313,26.804671799484,28.36349537262105,28.30406376793757,27.684077647654426,27.81018895055428,28.04550056879052,28.768929602482714,28.141271997276455,28.682591795978922,28.247595004660756,28.401928445119452,28.50001837822048,27.70987622409441,28.26692008797617,28.15794313473868,27.997432615844655,28.048327275658533,27.658268842933946,28.551117798268198,27.811512624467202,28.05713407532131,28.24338284497247,28.916741583158753
Q3B8Q0,26.144810148993663,25.893410728658242,25.746030601816038,26.204356578334075,26.09728140856377,26.081156586098505,26.39327344516547,26.312443108051465,26.80784141886548,26.440226730513288,26.575143084958096,26.47993478433348,26.505454492679625,26.404194403588974,26.508800375307548,26.580166472625038,26.697681199524393,26.53481566375771,26.01421757424962,25.498996495081542,26.790666430933005,26.52993120487849,26.031320214687266,26.343691454910967,26.45744440092179,26.67566178799525,26.62179448601754,26.556475058177575,26.22955735946804,26.713646503874312
P83868,24.525545014341684,25.064952841276863,24.879394855330908,25.081120093874084,26.08147223941617,24.37431703942051,26.06594311267836,26.0154556922286,26.33562283094845,25.85318127481365,26.278064662055503,26.193653771632082,26.47359543848749,26.684867217123376,24.949493171240217,26.73926989545451,26.906484963369486,26.374801114160963,26.236812479318548,26.367912810864784,26.67775423430805,26.85853306202587,26.06983949485426,26.17799263014433,25.98262390195118,26.02258459013336,26.368674404629253,26.183949275551623,25.69224184006888,26.842958022336738
P04785,27.32668055673007,26.985289002832467,27.076940607415906,27.39937951002089,27.45695699088317,27.308516773296297,27.635415543123383,27.292970495627355,28.043772812269864,27.653704341197084,27.647348140509212,27.53601287961879,27.725084560399782,27.764781294646525,27.819114289270093,27.928745217099575,28.112304084984174,27.942866861050714,27.47425552636106,27.767158757953844,27.916771647949275,27.96412903916663,27.47236960330918,27.80355032437516,27.946155432335395,28.36396993215672,27.783358590348033,27.911161540904516,27.667821829854592,28.024024355002144
P36877,25.512655644729332,25.426930014170367,25.250195760097164,25.232392674067036,24.465788206943444,25.548920731953757,25.617913368082267,25.935639030097985,24.834204532505247,25.58753485801532,25.936426230024715,25.79056679876032,25.025850040416383,25.689891156661435,26.192734917941344,25.50362421343646,25.944858033160795,25.205247553891006,25.727319895963042,25.999440367414376,25.653530616186657,25.751811545123918,25.281548615167015,26.206065548687413,25.382807487804943,25.40802486873857,26.340983564322684,25.876429603080723,25.946830791700936,25.714474678631685
P56932,25.801781700860197,24.9526836486825,25.379829112242184,25.59973591881448,25.55353894378345,25.311478581973855,26.730497262207024,25.5646062744687,26.186011385821413,25.877803777006573,26.02021014381283,25.489053986813175,25.707619847386844,25.767084103131207,25.957404411432652,26.05546234464448,26.54048352138422,25.95213705792015,26.23988869866941,26.171349685195093,26.86902892360995,26.049379673221782,26.497272749596313,26.759234437574264,26.570342698634278,26.10037804842265,26.45233533458237,26.908883317459072,26.475413359905737,26.744712522491938
P70566,27.850018807705293,27.96958382624713,27.941048156405028,27.97171674995416,28.085781317406212,28.424168477777574,25.976279193003275,28.019118763910225,28.2716599685482,27.751126480650424,24.731767207273656,28.080062958825305,28.003698992360007,28.035385243613224,27.40361464887515,27.98193364994633,25.980887469119494,28.134369658283994,27.67252956812349,28.060693147755966,27.614011262238296,27.9360307110684,25.465494430099096,27.351325402351737,28.170754148868983,28.453378152281626,27.92760746917358,28.27268260173076,27.809326674170183,28.081010217885684
Q9ERH3,29.9178555880492,29.754488427317593,29.876373444971758,29.62399952849587,29.16051958765882,29.70867901493895,29.139380349581348,29.740935850619124,29.430283569936723,28.891943204869907,30.115216115461067,29.708586010118022,29.168646831081816,29.495983513405765,29.563969840991025,29.554533635728177,29.71046077550751,29.58005022945695,28.95990250885622,29.595111767876386,29.427184069157022,29.382711008011015,28.925149822469727,29.883352500363472,29.370823619469157,29.775716282536738,30.01427231459564,29.559205775149895,29.714296732473898,29.4889567000117
Q6URK4,28.903496745294323,28.481489688211276,28.720685086654,28.72566462801186,28.46966831742439,28.68915010551751,27.873126749268508,28.476830572178265,28.74857376046928,28.712763620142727,28.59539778245347,28.833774081515543,28.51248349148209,28.721100789530592,28.51462452104811,28.712138574022227,28.84680592597747,28.792312142081958,28.277298141453226,28.13574222465304,28.25401253776102,28.73193268351258,28.241653141580205,28.526986158423224,28.731625244187846,28.862338959893474,28.93273862232064,28.575806236576348,28.472076248834938,29.0455926492402
Q4V8B0,29.256750957727807,28.54597389386712,28.721269755255502,29.338233292094348,29.07660511414629,28.764831007201707,29.14423763973411,28.007717087486856,28.355227813730814,28.42132180828188,28.25276092066582,28.621653147878057,27.759187361263894,29.38478940930194,29.00717403199666,29.198502089384803,28.416379020162083,29.512240861115316,29.30527331764771,27.731480759502897,29.538073277816242,29.39500811509946,29.603681214255936,28.61974824369057,28.03153664107784,29.223253695741167,28.475530122520226,29.536113023255748,29.088933119797495,28.226430745262068
Q04970,27.125256941459174,26.124680910035373,28.319178190509795,27.62912473408763,27.075676464329224,25.812913489588116,27.087410400763698,28.389243096221396,26.011435435400273,26.678316389980726,27.78841575771707,28.119070872955213,26.33483156271308,27.09328079037427,28.50169223586159,27.626022146628944,27.000863180621828,27.708327755451126,28.03148807868361,26.387086821041922,28.18653010067063,27.718830490282897,26.85660203770344,28.273229335659465,26.377551670528202,26.616870931108664,28.587667056996477,27.870778953085853,28.33906770715111,27.51808374627841
Q6IMF3,28.13248077755215,28.042338552528623,27.857751396328503,28.297017043154202,28.29709061545399,28.085492174922386,28.818376929489677,28.13300845132584,28.541324731723144,28.272769299955243,28.424878928797117,28.302270192709532,28.175550370323265,28.27775215736604,28.399295561250664,28.463673861810758,28.56533499059027,28.296244778588562,28.325002713755023,28.33281388514585,28.688392144695765,28.443009601895312,28.204221460853436,28.590919388739604,28.571634568175092,28.83539337552358,28.442737712827093,28.51153198008743,28.436036609734774,28.554070432108016
Q9EQS0,29.312819451997058,29.082388630337178,29.06854014583116,29.20035548681451,28.606285774186848,28.41272403747813,29.12976255907634,28.666402239480455,28.881804281943044,28.789683948034188,29.42879574648716,28.96538169450159,28.94423344652385,28.806969126445164,29.535688648055892,29.2238346593113,29.410070685105502,29.094583538781436,29.089113518678044,28.79826402955381,29.426125097280252,29.405576985816467,29.07371389903109,29.47922502417787,28.720231196925994,29.637454780003836,29.729410464549613,29.14570638498966,29.465187445882375,29.373393431012822
P49911,28.38005010917502,28.00816663163819,28.160866838030728,28.201359220856162,27.79340643064873,27.80126074071721,27.792549102501095,27.8706644108511,27.920794750132988,27.903172338729824,28.709874488782244,28.027173073404235,27.890024145335346,27.586566287706894,28.778370142936055,28.186641669563876,28.478689103316004,28.011914202536648,28.118163093110716,27.77108201773393,28.32766522261022,28.48658788805422,28.082139778376636,28.335755859377972,27.65715689142799,28.682701612665312,28.93319771208075,28.164067449095587,28.5708364964722,28.495838183446406
Q5XIF3,26.109588295582082,25.761048644893293,26.185604939510977,25.95873670681267,25.962623567368084,25.11000121612231,26.555645294512658,25.211325524848373,25.964742948856124,25.920106048252908,25.532236052233387,25.612145034650446,25.803619693490276,25.747090165086714,25.908082788231546,26.294691687252456,26.12938742137757,25.848816765659503,25.784312127894502,25.790531056001015,26.356334734947282,26.08540762445979,26.124131749104137,26.211135490491046,26.065539172383012,26.38369879725745,25.892924582454608,25.996746884094684,25.906891048496096,26.22526137153372
P07943,27.40509879863232,27.170745591654516,27.174232271675596,27.14772877754753,26.987893766909018,27.51952522135127,27.39766694483158,27.36184167202054,27.258294867158657,26.826326875549924,27.562760884221927,27.21453375423819,27.33875881584304,27.747796455119524,27.18113553075218,27.292690793642933,27.87945821901534,27.683787197563024,27.632881470973857,27.73163464172242,27.360725260389668,27.747692370068073,26.806683503739226,27.776334657367737,27.69527600105924,27.934135892584138,28.06421385728994,27.942797626018166,28.241896711550165,27.752502154307283
Q02253,27.679129484112927,27.028736498260276,27.407113085800287,27.564974979512737,28.033459483716516,26.6040982931799,27.79257108605058,26.77669866529484,28.055035714991714,27.855171174671764,27.033944978158857,27.140199721546765,28.019448837350428,28.300990911423813,27.40717673873205,28.018539268183073,28.262669521006288,28.08318607487681,27.696306026301173,27.410865365155725,27.903505239897974,28.18645590631672,27.880589595887812,27.227071199211085,27.86962411481119,28.379070026558068,27.24929857500164,27.67432108182093,27.379959261215376,28.095439800877667
Q5U316,29.032320352649162,27.83529453157197,28.869813285237598,28.0614657730963,27.815073258524816,27.96090251331481,26.881970927455754,27.395447105274922,27.74716643925909,27.727305412492758,27.988190966727725,27.976694102644913,27.356024894689064,27.816365826173907,28.012965798653873,27.890873949005854,27.705693167839385,27.752117687138153,27.772249199760097,26.93712300295799,27.607177050545893,27.5767025092713,27.122425303627374,27.437829559400523,27.062467352313238,28.06772016280282,28.263201380799735,27.296611844776706,27.98003272171243,27.851624121509403
P63029,26.396935255198155,26.478497728696226,26.300327670227826,26.848693040496215,26.60039746108395,27.071577500666475,26.48096384377874,26.782165205450475,26.925080417789456,26.55224257703904,26.408599311484128,26.868702892561302,26.472976629881874,26.679900040149175,26.96976379010835,26.654828552606265,26.600586351633222,26.57879109765373,26.919708623257463,26.76835651765203,26.678279210432766,26.858102857480105,26.117796679449256,26.767069932880357,26.807045630317706,27.175871593507644,26.87337804032843,26.838031755819777,26.989295361341124,26.83675106722848
Q6PEC4,27.77039812561159,27.32387849200141,26.904351497706138,27.222428664305422,27.106988926542147,27.032846174582644,27.839004992685112,27.369479505141467,27.586591873687087,27.54931734282532,28.3096569196487,27.68417521287099,27.167210117369326,27.66073645817406,27.729216371678714,27.786030008454887,27.95953169355195,27.681295399125112,27.55422293780252,26.77650956465542,28.10806196118511,27.695804020159816,27.37210542731567,27.981005931566706,27.68252437930802,27.755254932929706,27.76268787441589,27.934540345057016,27.763837701890466,27.996712797348493
P27952,28.772698099119754,28.175239666930302,28.39672902844859,28.36662348336286,28.190235336908973,28.121348460784922,27.89771203528642,27.890534448971163,28.267063028240354,27.898527253319042,28.04969183002272,28.343709738653406,28.10195796961628,28.323496001146815,28.045414793161783,28.21404584228284,28.29095646303384,28.31980703354798,28.153903732766242,27.91828247285383,28.309184294215935,28.34480892613618,28.02349186655002,28.33987396347843,28.304120142682308,28.756705021200585,28.648361876318987,28.39160163464334,28.487451220161045,28.477332168007024
F1LZW6,28.319424899399444,28.083130896596014,27.979889681254683,28.367411221497143,28.223697649313735,28.05361962412887,28.536124125175636,28.230401496066612,28.474382005395793,28.482647811679648,28.522443478349867,28.309439061448845,28.348315469002312,28.493030492223678,28.713933754167357,28.625603364643606,28.737214731242396,28.491550333057297,28.539747780108943,28.236468261588957,28.691834691634547,28.767857167019095,28.496052599032886,28.619362411096695,28.451044672163725,28.90672228106033,28.7380132385775,28.481292208007986,28.60024500395027,28.814095821715
P08082,26.657669626291998,26.344195483486253,26.658787371749725,26.722728561902098,26.488333291066823,26.756200294790254,26.002149465595572,26.69654307692691,26.80452107742749,26.754441775907083,26.061005582283727,26.829787817900858,26.5131917311982,26.89340937351519,26.909383807074754,26.881728729748737,26.24408020969469,26.871647668721355,26.885784862062444,26.340428573442374,26.173019350175316,26.36992280707609,26.26181497612339,26.867942683000734,26.74189992552962,26.97650931188738,27.005861033392627,26.27851954346403,26.687200368544044,27.002904038858212
P35289,25.66832514015921,26.24056424716047,25.540668176890474,26.800670325691243,27.43220434681626,26.394410533603736,26.731332702164707,26.333339712464483,26.423932129080534,27.217196258715223,25.935041950448714,26.548133622655744,26.76463984704952,26.449667068838668,26.58371638911867,27.174890835657333,27.027643709070386,27.158621033307117,27.025895008028165,26.97742614775064,27.145743989085098,27.307712929535462,26.64934123852833,26.804475240904207,26.92325980874731,27.613068371653622,26.75442361267576,27.062703783315982,26.97310987232766,27.58740293307254
Q6P502,28.97418032712555,28.75831417139326,29.289392349970903,28.773368213613264,28.1545026644215,28.076299784696424,28.871909803910647,28.329060443264986,28.383887154053735,28.611354011510244,29.102273833425382,28.73884108876059,28.51079824011952,28.44159424635745,29.398394110312424,28.971519216487422,28.92276880275933,28.96129661546477,28.57459410700361,28.241079574892765,29.34800722280279,28.687869789137267,28.900023223958364,29.582230183512838,28.376994295138825,29.137837614943216,29.46701612968338,28.87976573914018,29.578021165378573,29.06769711335571
P35571,28.308964147584888,28.29002107199079,28.54955098460532,28.633897808482885,27.83831253232664,28.008594737562092,28.213068927848692,28.112417366680674,28.175038945590355,27.639114507101045,28.104181615498447,28.11922418344575,27.85633917052786,28.024968243522434,28.061052180356626,28.18751713435795,28.40068288183234,28.213146672797002,27.882215769985834,28.156372823449665,28.37962195786474,27.775905783205225,27.871131515673056,28.434451587658693,27.791323413199688,28.28921859690185,28.743344923222462,27.983738658881613,28.339550074839437,28.100707708113944
P84087,27.46534696526046,26.660770710009043,26.84752597404696,27.23495079899698,27.82162373010293,26.95501723568595,27.21194297094192,26.271966701090278,27.70178988998355,27.159043820851885,26.746150366351696,26.618791208733732,27.362485463379887,27.78859495178595,26.937586329842485,27.335059414132445,27.42885286104596,27.617904101588532,27.36997918822368,27.154524102513324,27.687291771819556,27.218967938966603,27.237154510886928,27.019109288810586,27.536388555514506,27.861719950250215,26.811787619403326,27.35473416595754,26.856761095836358,27.62164794766697
P19491,28.8828532467665,28.7059253192527,28.717241961751096,28.094719396663308,28.155974379761613,28.434305956798358,27.83346711662739,28.693243965431353,29.20965670364321,29.028778538024056,28.632679112124627,28.65383123853135,29.304927089812065,29.198712385154007,28.722407267339992,29.120326050909696,29.700032276914875,29.183879247639364,28.928048804741785,29.708382972495407,28.811376725143298,29.01582697111973,28.969299341774768,29.300765988430072,29.21353741120681,29.352823040504937,28.818156749670738,29.02309864279141,28.7342414385776,28.76158584254713
Q9EPC6,25.946712492231658,25.996156004976214,25.644365550294307,26.017579079303466,26.509902002616595,26.610822765566535,26.461829580012378,26.475462573447103,26.59565014877808,26.434049146254534,25.950106543039254,26.487883125612388,26.189420465571477,26.64938780527718,26.600420590999647,26.662859964836723,25.806312438126504,26.594387867234698,26.705907499694444,26.15542319603132,26.528969580734696,26.465078446195633,26.01108563075807,26.407090378691116,26.402492065710025,26.888189304729323,26.560025922560886,26.509506854209103,26.571703647729688,26.30112145853736
P31647,25.83870900981311,25.764514725696625,24.656632501082807,26.233763071024455,25.74045257654312,25.962381719332942,28.035247409792635,26.29478717249021,26.894314334653004,26.779136741867642,26.92591556637403,26.33454004223659,26.687950930282238,26.968941939197457,26.89455346101943,26.70029985308546,26.986691600589957,26.926765154680155,27.46373875198689,26.606885414676984,27.90826171402519,26.715452738897827,27.210501502009443,27.49611807252263,26.771616279290104,27.30511162775192,26.833587754402746,27.175734403858993,27.242521301894257,27.139857924638463
P10499,28.525976465078426,28.177587338222757,27.952949607668682,27.885271781964022,27.47005586244918,28.144154769975966,28.081086830161595,28.05956225767092,27.7540644231935,27.575961333743763,28.105797845508125,28.189300242237465,27.567322961508697,27.66769913767405,28.205713962779587,27.80790768048704,28.01162681910814,27.75328978076951,27.810925084352103,27.269060511697333,28.251772678820522,27.83996549040363,27.74320863490381,28.248244285416224,27.871268093438662,28.108176259876252,28.43345884392966,27.770169667759795,28.19481299979552,27.997460368909476
Q01986,26.496862943617646,26.30761813533035,26.72902684403417,26.688288482522722,26.55852288376812,26.553557429696504,27.398223272345565,26.750431868404323,27.326748539128513,26.945079153580394,26.790101769941963,26.87240051039312,26.93018878272875,27.370256731226323,26.83367646048478,27.237048555341634,27.36446867084691,27.083828697976966,27.102750325684205,26.991236572651758,27.123537882043856,27.336309503449012,26.946191427399267,27.150190805873496,27.425338919558648,27.57156727994939,27.124793338688736,27.63884455594175,27.088328023764713,27.354661348355556
Q6P6Q2,29.14670657480801,28.496978056101014,28.807404088343674,28.811654940395112,29.09902058421984,28.582744043451495,28.696893016867335,28.407594229148316,28.983873823794713,28.49428757149378,28.911333698566654,28.700853047340345,28.73855202285141,28.831052932296696,28.73014991692171,28.988590347310446,29.266571561999715,28.997066699663414,28.81387009548231,28.53437363296752,28.916152818154607,28.879927687369175,28.727934946208954,28.812200556845823,28.785473317956722,29.128718854691527,28.725934957128256,28.965433060907063,28.54285175563235,29.03103811135585
P60905,24.736006151609274,24.97926519131415,24.428515938142763,25.307871890871283,25.691036456063124,25.210477442304615,26.010179855595077,24.822441902967817,25.921284039849656,25.57487575246979,24.839875040166536,25.25359685590301,25.774687428731745,26.08458304316125,25.03943213087376,25.625589113789086,25.745654015282355,25.78332190759179,25.662270646732324,25.345426312786316,26.20179746721361,25.79044099889398,25.861680800718744,25.61035802969992,25.876135296591904,26.187745643255703,25.364693691248558,25.978471702205276,25.474544637815,25.681145594301142
P62882,27.50966813756877,27.402510515347302,27.363153407767957,27.307564988491578,26.864987641614828,27.395144955309625,27.47329289155164,27.30518520749482,27.503915176624997,27.315416051893614,27.96254498292469,27.495352789678023,27.26067739485058,27.447718113457658,27.752830281300024,27.748440080262544,27.75567930794007,27.607445717430206,27.46520196281715,27.169145673152553,28.1880647808513,27.664134311691903,27.780961000695218,28.24576611782345,27.772725215944668,28.039624359631404,28.09466764757423,27.740377919639705,28.00004656892557,27.74676221433275
G3V9T7,26.549949304807704,26.568486953203085,26.586883936507565,26.91161712574752,27.376754355113118,26.131215557590938,27.666704385403424,26.239256265653786,27.2143243763957,27.281534566825975,26.524960260789765,26.483872367093678,27.39402999088598,27.396863523993208,26.96131302364491,27.42838924022519,27.482012955296028,27.113638997604962,27.217426550021614,26.88457633671482,27.418994249054258,27.037666192084615,27.41937656411121,26.948899082144777,27.299023475206177,27.01945800864305,25.925608794209595,27.126314027395363,26.672717140040955,27.00730349840237
Q6IG05,27.711683856275293,27.20177803653202,27.74202264573666,27.312298004301592,27.05606959043207,27.074621057876968,26.96464026626572,27.05492958740432,27.190958513041895,27.41275099890242,27.421752994628903,27.40264096482696,27.097736983277358,27.23485861159693,27.472274697888313,27.412221110023893,27.44715768341313,27.494340711248736,27.174363671806713,27.098280562682763,27.351728383397408,27.48389511288951,27.23178108333076,27.409552299446208,27.223097405185257,27.595923495321717,27.605433278493457,27.432229543095886,27.535178894372503,27.561637328805624
Q6IG03,29.23182142522544,28.156337467598348,28.62014844165389,28.403195013195614,28.24943673327536,28.31564754700031,28.53716614140213,28.356027171425588,28.73138808748826,28.91664006600223,29.340153496386023,28.97091441482698,28.51620235642567,28.988425206281338,28.97888819521012,29.054987250748447,29.176321694856153,28.915671288678595,28.718341716273418,28.32708440081173,28.906619054595417,29.140278896735122,28.620653409137855,28.854382791552585,28.67387303892405,28.87234420751993,29.147911858229527,28.94159854054387,28.691266523284714,29.325683628881052
Q9Z0W7,27.63106309892562,26.906414848276064,27.288666495323145,26.31568761587387,27.131790668817505,26.512162474973263,26.975843370409628,26.655570341955308,26.596517618254016,26.864071189232675,27.650483922068563,25.94461438625053,27.101229976509945,26.8897195926887,25.89550983323689,26.283001509937776,27.633415840034576,27.323150019205958,26.771998031334356,28.130773167307385,27.31101350353829,27.27443033171407,27.29944612646141,27.522677482925417,27.083799165499244,27.484368609963997,27.613523688274352,27.454016301327787,27.360848813160107,27.450229522610424
Q8VD52,27.252296326821146,26.69638273716746,26.695386023949506,27.396920538540304,27.01226433059715,27.63419790785781,28.174997029732722,27.807385081664194,28.077771310642156,27.801551011165003,28.913920285656335,27.92994515198284,27.87073232314573,27.540683826102292,28.36373073414157,28.145344233366348,28.429817234506118,27.946568782371212,27.39456507406404,27.199397165657036,27.51821363753549,28.016594516671322,27.34439768524602,27.936725448842896,28.058021760684586,27.818844486026922,28.137676031364425,28.516338025520177,27.772876376779134,28.293731195136456
Q05695,27.205946816925238,27.47591685716022,27.10820982881712,27.818624363846446,27.954713054130785,27.355701565522573,27.688514036786234,27.69342487374989,28.28963451495169,27.8144943049631,27.34635615093771,27.562368584813363,27.94129494902548,28.18888034379756,27.849380825928353,28.175542009552732,28.21112505816415,28.013148778584387,28.107207542450844,27.98729616077862,28.06392772155424,28.019783713121406,27.591110979436635,27.779242715816366,28.115957391613527,28.444715619558206,27.526629074948556,28.015968243581526,28.071134074261685,28.26452947261967
Q5I0G4,29.09759132107963,28.5293877512417,28.661494848514067,28.48496714700977,28.03186182469082,28.630491627707812,28.708333603036436,28.465084624808586,28.46721826604971,28.420090512715635,28.686289357107654,28.796228053717826,28.22022101827976,28.663292606860377,28.78936644288211,29.059973290909323,29.106985201580592,28.350790580093054,28.682767200096244,28.674282077342916,28.98359215541675,28.791896013076986,28.50252304522188,28.91342081528649,28.350031516667272,28.906609108822664,29.096975030948876,28.963476950868035,28.906364074979294,28.74669309994122
P10362,30.518538300102566,29.458944892332575,30.11766131177557,29.47942784660263,28.707010166499085,29.49259023450783,28.89771574749368,29.442315576089666,28.970000370681685,29.134919221525223,30.381671689603017,30.064976102089016,29.039871484837818,29.105881361275678,29.639591653183317,29.33150871938352,29.443433129890167,29.402423960343825,29.147162698488657,28.610217813793493,29.240643611685513,29.137727494803315,29.022758027086773,29.575070661828594,28.847817850083565,29.31468535419475,30.45774068062183,29.064560041444672,29.996240233707642,29.607060740157007
Q4FZT9,27.52908719775281,28.103306847156716,29.184181456045987,28.799876345991628,26.779043471337456,27.6973226983794,29.028387485757346,28.057404264186733,27.894017180931808,28.799307113719482,28.93018215551407,28.781825263057815,27.338714832920417,27.466927725790825,27.569212022940988,27.45870492620979,29.60972940450248,27.42607710942742,27.646808462704968,29.704743800513658,27.709001128648325,27.685992755068817,27.35092116302491,28.106350821963378,27.508308698062038,27.828159356002573,29.015084363968874,27.987685990356766,28.880390836636682,27.64243356526834
Q00729,31.549464357327977,31.63823696910704,31.692289401739494,31.14073800924584,30.370726154341828,30.260002842677398,32.18071965905411,31.12604417604897,31.308353389127333,31.909946578321478,32.7868646021683,31.421358847395236,31.34307650531007,30.839729844182443,32.58359585544229,31.915190934335424,32.24536561588837,31.606340030131566,31.423929927806796,30.327948537718537,32.64761519684964,32.04218134819634,32.51353639739318,32.35362813568661,31.34540266842985,31.91332478980865,32.55082358987343,31.712941916303784,32.088769668893065,31.766359598380138
P20171,25.146846844780615,25.194429855455336,25.76921330388229,25.718350519250215,26.03350371559514,25.04280202644534,24.41062093336349,25.276210913282636,25.594913210040325,24.913686501737267,24.41884148843418,24.71781035579404,25.765595143888195,25.886484384032055,25.486746679939785,25.567332327425767,26.198310609451067,26.007695224559143,25.01630249035605,24.3187110988499,25.878559900351025,24.964155699973322,24.455858205003832,25.349802478986437,25.416590765236982,25.77332556648315,24.64909700746788,25.536322861055645,25.05102098680917,26.171725040387358
P55051,25.187972934425808,25.458467155726503,25.514460361773885,25.602869964226677,24.951748636357667,25.763133677756933,25.219489715977627,25.786955830633982,25.725402167995092,25.014652270061326,26.219290089760445,25.94997145133123,25.1777386312102,25.72571748965115,25.52290678895659,25.993598668613267,26.125208517888737,26.007844673900696,25.64438025298379,26.022276654051772,25.929811734569537,26.213962090442937,25.675805202537028,25.631438841162385,26.414403177856446,26.424564921067194,25.952523419835078,26.57774906560708,25.728159028314547,26.011365824122617
P51146,26.30912868961533,26.259023895009708,26.09792807113393,26.303452361093683,25.535699428146618,26.52088467959325,25.561364936704194,26.343519497409062,26.24573343141836,26.073036136097212,26.481195612062777,25.976881320485557,26.262609887960327,26.04672424840655,26.456343717625337,26.4093741120897,26.357149987403456,26.470253997969756,26.414900015440267,25.85127892954439,26.25268265316766,25.98549436942376,26.379296199374373,26.679809379338785,26.482426511039836,26.094100056775098,26.89418003933633,26.732622829355734,26.88373902819192,26.677400253616625
Q1WIM3,25.158017486543674,25.215354767845437,24.26705952504022,25.20724773675079,26.584591434474472,25.517140645210308,26.737496629232478,25.395068351178796,26.822741287880213,26.51566952625834,24.97265730839796,25.46450979248835,26.37006950242869,26.477103402802644,25.575921184391973,26.495185772462555,26.89609184130362,25.18713396973401,25.944016208686794,26.29076423045536,26.240403528244407,27.016371376969936,26.1069493166367,25.553692887877187,26.681224805602636,27.253841724613505,25.67225501513767,26.892442447664827,25.55664486197501,26.59138813902261
P09330,28.733831632595823,28.012040818894896,28.742888099166482,27.973347076795974,27.512502370199456,27.925130877719784,27.486854725007408,27.917028296421908,28.02550070572751,27.038260426640115,28.49653025186568,28.365020839299284,27.70496940443867,27.747381003881642,27.809095727788165,28.087865472953933,28.17138677124859,27.94718539394078,27.8909934535609,27.421432716851477,27.839649842130438,28.064645781902925,27.382328007753134,28.201880970896312,27.689970044164887,28.30800054376853,28.698055077221518,27.75463553314189,28.343737325558912,28.231028891293455
Q6AXV4,28.625008571388715,28.431213954817125,27.25878762262453,28.638012160526777,25.17779080640021,28.192714068711915,27.944502741140674,27.40403746507331,28.862418132296916,27.838983490041006,28.350252267876396,28.34365741467371,26.5287772929589,28.83686939894696,28.492456096730713,28.757823456771977,28.91500882348648,28.724645390269707,28.532073772296243,28.678776851730333,29.05960664228123,29.079936563958864,29.348107560518823,29.069473529808462,28.025686099491786,28.740603138243497,28.671875296099234,29.59906367865096,28.852914166102753,28.84734359541863
P19944,23.808253546310617,23.13571378669226,23.38475747162532,24.011000977836883,25.091030314260124,24.223991339096635,23.773901411703754,22.90577556820015,24.01906620456475,23.77650672777575,23.846883782935365,23.298178174769863,23.563254877439515,23.903354383735604,24.56505065383657,23.743264117212153,23.66763983019646,24.14889542322885,24.29020486192502,24.627128632086595,23.62125737265428,23.841013118173795,23.105724036489075,23.372097444964385,23.933345100778105,24.750270170809646,24.528457583482734,23.694691522799253,23.496596901704663,24.902083914338174
P47727,25.526193156371527,25.305471878679008,25.544549951703754,25.82991891152345,25.58067257311698,24.93630216452593,25.611955142456953,25.470095062223997,25.89082944953702,25.956023096594645,25.23873250330059,25.47453563800031,25.7755346432989,26.001534255356173,26.1367239503285,26.07324382083908,25.876030043732424,26.393276738289185,25.94899815817934,25.38513581234639,26.05976478627532,26.271444495958995,26.48083848733551,26.47039505691503,26.027789359942535,26.34691252826519,25.93320564566654,25.829296796302,25.98226838974272,26.62060311801524
Q9JJ54,26.75236400850636,26.19318510785517,26.952556203507108,26.203038507207665,26.278829766138916,26.784210743428,26.16910636111442,26.411833036930133,26.67242251605772,25.8618578819958,27.059252481506253,26.715043668152823,26.569178594583878,26.715142143250528,26.92791690889747,26.695535704802882,26.876164094549345,26.504920288367646,26.41418557761585,25.68774103386969,26.56784943951197,27.039368938863515,26.369088212243717,26.377472321643182,26.645538313522557,27.505697827979333,27.00488235958138,26.22431733998823,26.707946144953308,26.854827510985725
Q3MIE4,28.530607949412577,28.754368614038675,28.481643525298587,29.575570638849154,28.427787552798105,28.646919791838837,30.253463973907227,28.68775260723303,29.205649308319785,28.296889503112894,29.351284907682395,28.755264120883027,28.727599681401635,28.620105567685318,29.37329249714862,28.972507011641763,29.881329667876926,29.44733610921461,28.929499385417746,29.155222666553463,30.18993499313575,28.951697262507015,29.34432025178851,29.923774705155374,29.168477369974156,29.30432779283025,29.992013385043283,29.49300716465961,29.77383457793128,29.33506424751948
P16290,29.87084147262241,28.83851181708106,29.65008907968869,29.295717201604162,29.218252716281643,29.572945837908687,28.949120786839213,29.197023326825672,29.523275705767894,29.49577838002057,30.007449364551942,29.92246755397891,29.519840738843886,29.64659824502325,29.884866235905836,29.725896042713014,29.83209473948759,29.706525624298006,29.611414245250515,28.88453902267266,29.633744795176778,29.740257749529313,29.357909475423835,29.65388076984887,29.51036822225793,30.147175547458467,30.346243607738383,29.56689399578801,30.021717310695145,30.110748842770818
Q63692,28.300875986827112,28.55347668522711,28.566386390279206,28.279175924140088,27.900674335312296,28.45391523159934,28.032978691436938,28.366519819982955,28.84357014829027,28.186055390307008,28.288478164986422,28.15984896112079,28.17091975481222,28.55406607242154,28.16175500271006,28.12248067391202,28.066996942410206,28.263622590530854,28.216622286692697,28.103732299761948,28.127949813746508,27.68524076377313,28.054535243805283,28.30472146516632,28.56232327444621,28.51346767640463,28.641982412659928,28.32834545761109,28.18766475864131,28.521427389995868
O70511,29.612155456758916,29.10646924926868,29.447081666106875,29.458353919943654,29.179802098754138,29.121599679354983,29.0875586839348,29.534747849030822,29.506160702450085,28.834653728448835,29.776751926497806,29.592209242677924,29.325730111984942,29.663277686716437,28.941434417644096,29.28156058523498,29.64370540384524,29.53386154945652,29.157361516918023,29.318597457064108,29.170616909510127,29.386905850310754,28.93196198292561,29.51711403257083,29.39673886528168,29.65316864580113,29.927119128006012,29.479015441162765,29.680400401984475,29.710512419820848
Q80W89,24.800869038344672,24.552453860858698,24.66316676368258,25.08825590838308,25.685912665904493,25.28879249066007,25.563847314132136,24.943682043866115,25.86806684132575,25.202446795038107,24.249629915309804,24.89186321711518,24.932530458558247,25.48050750661523,25.142481666627752,25.458925830636606,25.0645227643419,25.25997764830613,25.743406681274738,24.10076571786316,25.662179419729625,25.425779434030222,25.103972649612125,25.198226681023844,25.819969770686892,26.07985349548516,25.01916285425995,25.551308185277364,25.21669213617398,25.575252664170478
P04256,27.56033563877978,26.717375270849246,27.44107949473175,26.606406187890933,26.058239738174475,26.87005268579401,25.751558841141676,26.061653275216752,26.126653390322584,25.783909654665333,26.617929332157217,26.599143626486732,25.70590335384355,26.051147369487712,26.7426442174396,26.31901953956162,26.179415897067674,26.370710594142814,25.864799949314474,26.189877489692694,25.91620319116593,25.378021623905138,25.22625064982964,26.016860726169458,25.71477396778054,25.924988203971278,26.59150431848539,25.75982640620708,26.4453705618193,25.946755662764236
Q6AY09,27.56469615434984,27.189123881333817,26.516157364807043,27.873304980643002,28.015275356828038,27.422606168245743,27.750468382339818,28.19183745838372,27.82982369028356,28.05016017042226,28.8756999059725,28.189078938062362,28.674072881775256,28.39038404509549,27.971743003723304,28.134110037000713,28.847581356932874,27.787649408292005,28.08275082844947,28.47167779376616,28.322194446165113,28.311893934607948,27.803011328317364,27.761707766602903,28.36296418888431,28.721636028430364,28.50902956777881,28.8271687226442,27.744251767685917,27.93126975962006
Q07009,26.68040507896549,26.393693919154394,26.257633866290945,26.76994359667253,26.291145811241112,26.439607426420512,26.717269795103892,26.5992252300067,26.37309609291135,26.126432740509518,26.67185002118052,26.74742989192774,26.52591858722747,26.577218869664886,26.74058553433593,26.302652024911602,26.87887944189702,26.38195044042934,26.62581474043402,26.765097639080846,26.35978993301193,26.92478828852842,26.441042125267774,26.4821150572221,26.84826471242913,26.775816263792688,26.943351566984678,26.698735865865704,27.168044988387884,27.26791781658874
Q78P75,25.41801323025835,25.75816401255566,25.462726894679978,25.904127216465213,25.940922834267894,26.09335205175716,26.891348895612825,26.476452253351706,26.931594860229303,26.622411445352498,26.704038261329952,26.65146040951452,26.57319663229067,26.64568152642353,26.58781619235005,26.821730807811825,26.832411258224575,26.510165881383568,26.68091103362568,26.61727919780135,27.013174799707034,26.8845266004555,26.50353175984725,26.54743093128645,26.81544067465108,26.935261290625444,26.563469651668974,27.01836260753171,26.428405858959934,26.910232548308468
P09811,28.926838248017432,27.815473416989892,28.655228271318098,28.318711286433196,27.885546482491076,28.082579742192962,27.086226196045224,27.659789469570214,27.834716515592014,27.622560551771304,27.657045702551976,28.144091151384917,27.513671360999762,27.7084901139657,28.160476594441707,27.817558385736962,27.864468752375316,27.93291048056165,27.599337307417837,27.213444553156876,27.770297049396234,27.588733640656773,27.063932380395467,27.678029786887176,27.55172310727922,28.024045220156747,28.33084177695776,27.552395965043516,28.032503873697948,27.924818361974104
Q6AXX6,26.52068980960964,26.14216907839239,25.398636219925994,26.3929918261254,26.08318057854689,27.03741310696003,26.623441560204377,26.63286104877067,26.63561251328098,26.48872424610502,26.70325740253269,26.56126071360058,26.38417525856602,26.8300832715041,26.37458748547412,26.59339993183867,26.64909099618058,26.13235442646525,26.26883526595334,25.52169165737392,26.697638603085622,26.352333024459156,26.077381501334056,26.540879711608586,26.47698504525974,27.23606041827069,27.19262574739961,26.772321101577724,26.776965020823408,26.542031820223293
P68182,27.432243672805246,27.042458230275898,27.389979520252147,27.232341660010324,27.287237119197304,27.179868178913537,27.817234526030834,27.393306751762818,27.89490736113827,27.602000978449233,27.89047651119749,27.69370560503112,27.554272803515207,27.67549605084278,27.672366442612645,27.936632897269703,27.885116550590798,27.625947219842597,27.29715546002164,27.331209159191864,27.895453955210193,28.02471171428093,27.669496576197506,27.817481794235874,27.8802695098401,27.970725558295296,27.964862537495307,28.045405135060914,27.73432410796379,27.866071869009307
Q6AYK6,27.795066405994387,27.649114662909117,27.681608432024106,27.855289875305218,27.96787452315458,27.514241329345825,28.197441489441704,27.84103029440622,28.18968194581991,27.94323273860786,28.54910830806443,28.039836276720386,28.19403184699694,28.13634921924973,28.095469327894918,28.370396052288097,28.5871767370973,28.25449443076223,27.695971407849637,28.382547831739625,28.36218099358197,28.3162381348124,28.097005274968392,28.323713153002707,28.278931814666525,28.42644241883884,28.227480508537198,28.016076655339656,28.206089999477392,28.276436884989472
P51635,25.828068301016454,25.879381200032526,24.93952200425492,25.414295519121737,25.51647645323597,26.961331244031832,26.14966463329838,26.713981204440017,26.03219924752686,26.01675260938703,26.34859669441056,26.437702709110415,25.527745203221453,26.043963285398544,26.819458775037027,26.076083866112533,26.301409476052697,26.384516987415232,25.82710502185941,25.483119938699776,26.30550683028771,25.972832959829685,25.38609044446606,26.33669421805298,25.981130925023333,25.76237395302786,26.98316490002781,25.874068207790355,25.934496332908033,26.04414470210958
Q8VI04,27.31905979791689,26.97306132304712,27.53731001600516,27.081427757497092,27.469517692336225,26.541382695936218,27.628642416526972,27.01625209882453,27.6389780386764,27.015788467291017,27.66124361258565,27.386645440795405,27.46398396437463,27.71266520965491,27.498006082157072,27.70613634896603,28.140234971471823,27.63573202069968,27.34729394508356,27.640753248069412,27.864626997258046,27.803050735838667,27.419457193825,27.44866579181178,27.677219287382176,28.04007569797632,27.624802975588718,27.766917744707296,27.725352536601438,27.80033105890244
P35434,23.7174432987021,23.644550667401884,23.22991566024201,23.981404923867,24.261871606943107,24.05792439949931,25.72597453173379,24.662718730649654,24.833661304023842,25.26795958393766,24.650166871200206,24.49211463912378,24.760886506666058,25.38178099060141,25.073917141647843,25.320755178096082,25.09386482310764,24.866117977002965,25.223210912522674,25.54317029975679,25.307139266544585,25.442535898697813,25.003302712170672,25.34615216817762,25.488603936570264,25.08541864446583,24.691215278104078,25.443754519891943,24.69409417604083,25.5052585296301
P97874,30.171543405214454,29.78358392889688,29.845227130943275,29.567037123767513,29.230310026998197,29.642789648799763,29.78234752172339,29.6840235172014,29.594511830933946,29.021867128648964,30.23987836283287,29.654612322999974,29.500346817400025,29.60442001734023,29.109504323484536,29.69289598613251,30.07573063035887,29.74711051584051,28.970101627047942,29.446666905300795,29.610988462985663,29.54580551150355,29.57563399427385,29.880505116681086,29.534234585518483,29.709835818349358,30.04303000597138,30.01362602899372,29.848129122366892,29.778138010892675
Q4KMA2,26.511652911690526,26.18639317817706,25.915483686144,26.61942350136156,26.166684661275635,26.790150150899308,27.360785802124603,27.221989429668646,27.086524593429953,27.101465678392735,28.467089228455404,27.13913548964657,27.18070412106417,26.852669904409396,27.425342282873345,27.264014442518466,27.82503067792117,27.210235507302716,26.978709739131236,27.373959205470754,27.449380314714862,27.38999755185069,27.48230845091423,27.566795758845483,27.752986354542063,26.724340687505013,27.349118908142607,27.84118833097486,27.03182826139431,27.385928679021806
D3ZAA9,27.56669237866314,27.43819106991743,27.65680426209751,27.60286920781373,27.615458678057283,27.758539838170382,27.641980165313875,27.722218404717957,28.027362251025266,27.81027214700678,27.96542024364681,27.69333699246545,27.791785134324964,28.01744026450766,27.86376126871077,27.920592523591615,28.239121186910506,28.00033765513676,27.712035482342827,27.373167874992987,27.853466473508444,28.14990148384244,27.69663952259389,27.629868421749762,27.905011279991914,28.159100676966265,28.038178949120304,27.98725490696033,27.78219591033083,28.009280002179274
Q63416,30.280918015433787,30.368378187254454,30.251727236706298,29.997267869235042,29.127054744210692,29.195627753481578,29.424899983111427,29.616820677716582,29.061968728006224,29.38088449777129,29.462914823996453,29.826870287192758,29.26899314502637,29.319141178756944,30.24656041255439,29.63435671123574,29.554049284554274,29.818547085832083,29.793594968629634,28.905022705869754,29.961366301274875,29.52910661952733,29.233395455667917,30.24065721499412,28.986974174063306,29.887110822251874,30.21567891870511,29.67692950332301,30.311535788197695,29.667320663321554
P21670,26.314767035091624,26.489207771230802,26.336817347531614,26.47207458518268,27.07314154676883,26.73574344518818,27.24465704864408,26.722351179462184,27.17094748195518,26.886639809594325,26.752407225553775,26.496736349282166,27.083329537091448,27.276835292925377,26.99304839006295,27.17918454090047,26.528095034308983,27.048007396988865,27.10826878316008,26.854475415878866,27.104774025885316,26.939244390043022,26.684844245457487,26.840691861434788,26.76724802516195,27.222967249412367,26.631254618878856,27.06824846902606,26.90254279735008,27.047910450999723
P14669,24.533360442835054,24.572711652504125,24.13539755198826,25.13726969341046,25.261356809597537,24.24706050001306,25.23587553128354,25.018537611434972,25.163464821358712,25.15751079088625,24.947395011312896,24.90870351186287,25.33302195173306,26.041912157376036,24.902949307964395,25.57620733150083,25.605695075918067,25.69287079239107,24.956649204198726,25.48446569836842,25.44379721020987,26.17574581967916,24.95927020278829,24.417311893253896,25.648886362711714,25.973663880013742,24.944297123729555,25.600312577319244,24.943513929190228,25.658428682191996
Q05683,29.370754617334573,28.600851121244542,29.159995281785942,28.347784650849214,27.419889004398907,28.31897463808314,27.440249047787326,28.209334185154137,27.57668512927081,27.545922722266077,28.4865312786559,28.495812730683415,27.546322735147278,27.681355235428047,28.1240101879562,27.78219072336142,28.18718553364316,28.111785691281,27.85673858990707,27.513403055010325,27.789838444537367,27.388520373420192,27.453106798598327,28.28995041214898,27.500233446860307,27.667678510549855,28.787926439685243,27.844261893783834,28.445402569486482,27.931521525991354
P11762,21.712509893086775,23.43428360880092,23.470456873022634,24.84136425439411,24.7097128499857,23.80539372448552,25.54536413232372,23.031994528741922,25.089408337094945,24.744133832212288,24.511404266265103,24.133826163238535,24.58558582465379,25.978939698368443,24.27348940092938,25.127141541610808,23.246699360569036,24.67125638466797,25.464756867750477,25.22298334324898,25.58519864581998,25.29426629402153,24.451338220084136,25.158258395184287,25.350021542213355,25.63316182268037,23.3774250246531,24.93886335353098,24.21273392520778,25.268253249134375
P09495,29.118005230849445,27.961627299809624,28.63309654908204,28.028116578486596,27.185266717602687,27.967126570742543,27.04029075814769,27.42012856288773,27.495754858998943,27.190341924204276,27.907180386648793,28.015590980576047,26.865891324019547,27.625874205518798,27.66335043554216,27.812444444589275,27.698287595127468,27.300622382556806,27.4703130667723,27.34541650710903,27.420649839158532,27.330338140841956,26.50832071290777,27.36763849536743,27.147825126854958,28.093729732095934,28.181897003977127,26.079170984681145,27.6442584724762,27.745088570524853
P62494,24.578294654793893,23.979268484474687,24.564161005734498,24.364874248642533,24.371247219654688,24.395805008625622,23.369963497282523,23.852905063931285,24.415771871738645,24.228108644790805,22.933956686528518,24.455747710009454,23.652792002227645,24.0610710241054,24.357132842985564,24.400286994194435,23.154259855200106,24.177996457386108,24.048703253839108,21.914215171205743,23.93563349152747,23.818118228921918,23.223691865094803,24.231664648076126,23.570866642316037,24.64810140391283,24.660005089752215,23.56438374178076,24.363215462334065,24.433522343153772
Q5I0P2,21.98970094934621,21.6111277122774,20.908920305189923,22.03053988846549,22.680389089554204,21.372666889285604,23.634038893711377,21.882572995337892,22.684076013580942,22.036619438002617,22.153751707413452,22.1590825506642,22.65275729806905,22.646103256534126,22.84511624683414,22.375248480797232,21.86285875520955,22.0354126156694,23.137288834341373,23.211892452285852,23.457529487914222,23.215418353204356,22.79276840444689,23.436661287583924,23.261715254935883,22.966477244068685,22.10005199918459,22.74235025031291,22.670039299228872,23.01573958619344
P04692,26.323279795447153,26.332674565633166,26.5730339819253,26.410197951925237,26.29159963632199,26.2624287247744,26.58220089208654,26.420527204426957,27.046523880655077,26.04239940476581,26.64055219124002,26.749926314380925,26.55843031324443,26.822055870671335,26.16549447233605,26.85322515388989,27.066919861063404,26.851992128463348,26.592744666953905,27.186981001381255,26.86850322546048,26.436253305603877,26.54348236841707,26.806975785628016,27.070192413256816,27.198697287942522,26.913126370220912,26.957489885393745,26.87538705683492,27.017770344571648
P38652,27.546336604952803,27.30583632551367,27.050466389090612,27.204798466415674,26.377312948499263,27.08997218419101,27.358183873628814,26.993720088424677,26.66983735739146,26.699684360322703,27.15766801217406,27.421910972393018,27.5319047873492,26.49123722687531,26.906601697458342,27.003167791025167,27.17105470837129,26.87730543763677,27.008328546069453,26.186381259451338,27.629976600694626,27.830713324753408,26.474068681694817,27.75007746066883,27.816542503836942,27.07973180351703,28.28024240877086,26.608780705255636,27.172948117363006,27.450886511625047
P41562,26.568381364113858,25.85844305481807,26.685237994603465,26.72832302762343,26.601072799428998,26.347503208612576,26.34978617484533,25.912470888147023,26.744098204058723,26.53222991282376,26.230169997011433,26.30285182123829,26.65789650386365,26.715366300983376,26.43138326476429,26.779036750872198,26.38130879649815,26.891984260875773,26.23268665664187,26.910044603612565,26.66254665292404,26.306441955167802,26.2676664036041,26.40087122586813,26.4514736641723,26.836658267295615,26.3461786287204,26.51695562014858,26.44485037271684,26.764612970489637
P08081,27.256236338235233,27.152278985363555,27.085010487786093,27.244679989942195,27.457263520971185,27.330842129420326,27.547616929824585,26.881625847066708,27.629503807136732,27.682103182129726,27.148490602560123,27.05749956580451,27.37099128009725,27.745337401400757,27.496922386003597,27.72993071090455,27.899864073821004,27.82151562227312,27.980314927985503,27.692505245691116,27.707204802724274,27.983615544678095,27.515340648688607,27.64277282383538,28.02783981072438,28.112881556576436,27.496734751438357,28.062862977506345,27.375022174960392,27.908506971640378
P22062,27.3397486824363,27.288226862095947,27.275317181409285,27.30281967099668,27.065630660622528,27.504091664045784,27.328279239151716,27.229238659152042,27.478824770497813,26.731887049511666,26.947204525316632,27.29188983303679,27.008036702196957,27.256772053868488,27.533851390175442,27.444201369091473,27.334850941829966,27.19811344070159,27.332040762397423,27.326317738004654,27.514090596951668,27.25305174961568,26.86255790714505,27.657768394219424,27.356852245172387,27.751727771150495,27.431002567962047,27.483967748118545,27.51637527686848,27.159700003020554
P31977,30.09069130645441,29.814706527863088,29.93332009791517,30.06460047512967,29.626070534817895,29.77969724297474,29.904538727118474,29.903988462198605,30.019083400113853,29.606666047526158,29.897245332410392,30.083910934383194,29.674198451561296,29.804375554978332,30.095564989129763,30.07388115002827,30.035917394127324,29.87683636110968,29.773788037477242,29.58597841586035,29.995890194837706,29.828074302942916,29.48824088382164,30.29616959835586,29.966856768565364,30.24612948662947,30.320594806218455,30.168129770445027,30.226809771580218,30.070257964307054
P0C0S7,22.318310689601585,22.70322218639286,24.11316746554977,22.155483003672796,23.11240657522364,20.958613777486402,23.306100221721785,21.78055728828145,23.581464608161152,22.899166877320866,22.761748227102352,21.6901965614836,23.06714858416147,23.19845253548543,22.433958369719186,23.30355878204923,23.96612140831403,23.4828836415298,22.825631278241953,23.25121843782675,23.360768870366083,23.476339177403492,23.260763652613775,23.75410406775419,23.389397513136,23.976109661218107,22.677158839817636,23.60353353326547,22.778219334549686,22.942944336406672
Q9QZA2,29.00585375947473,28.986890675130894,28.876258298203343,28.73405707434981,28.472672647938538,28.984392427133034,27.909702096015536,28.684222271924924,28.581255021265036,27.986320963649405,28.60222202421399,28.690302194973103,28.297983602981848,28.556815405273525,28.40810961326342,28.556825837983048,28.51665676853244,28.66672683011551,28.37145178241242,28.663820219711685,28.388921558759275,28.29903842752035,27.73975740721616,28.58417520778966,28.845257275707237,28.80978333515422,28.934095264243034,28.39128135494024,28.676231077245305,29.08900528944653
P24329,24.658417731399105,24.574344708674627,24.326047718710093,25.02352983123002,24.761883201603855,25.035673175454914,25.579390235769015,24.651283205743024,24.95391090217377,24.80225347156207,25.268489914062023,25.107100400836973,25.05212291824595,25.118421457927617,25.61944871761664,25.364853698364392,25.16994184131193,24.995450600696568,25.013333722873234,24.9296998105156,25.2786927413691,25.20959769368707,24.91606779969633,25.75389016771768,24.986608850378264,25.500947250155562,25.249620738621363,24.7825832607261,25.29008137033755,25.217385743778266
P62083,26.502983937279264,26.283764678704024,26.58260402112051,26.348008314857474,26.05496116717548,26.798012550365133,25.701035237281378,26.658657754676106,26.397513832830214,25.782024726585973,26.414725795423855,26.708509941292522,25.864003645494904,25.965095859626782,26.183659458251917,26.092457761771044,26.32147827723966,26.141227260686193,25.97109802954434,25.888253393986894,25.757263567665408,26.061498386934222,25.47572629656733,26.34035773583313,26.097010641622536,26.713973798801764,26.958588362932222,26.353570688364403,26.680222083440526,26.342556151787452
P43244,28.528688478230457,28.3917153036124,28.425504131937533,28.72905039550901,28.86767609858866,28.647267896768962,28.199423737631832,28.43960280878717,28.915863063180275,28.690800653459192,28.526962520867876,28.603746643603262,28.56080304926003,28.79342910058681,28.586623565413817,28.786878254728524,28.789815125707896,28.645873944711514,28.688701969098997,28.55095392063472,28.758033561401266,28.7534047058015,28.638463552006673,28.37885883686852,28.638519211825024,29.19112920668319,28.69848360908161,28.834848814947648,28.796195998164418,28.989799199719858
P97710,27.72287083974896,27.643026132700424,27.54029567692955,28.03737810490065,27.69968331589055,27.792389489195042,27.944574350030596,27.958770810281504,27.960951372708337,28.052460136237734,27.942990474793014,27.899733280640742,27.732250423053653,27.829663171161705,28.142910763707956,28.059346371168406,28.05637526735698,27.881423504261193,28.013546418898986,27.732329894217457,28.24563291254116,28.03407453506105,27.827662806710066,28.24633378277937,27.806676866635406,28.22146671109982,28.194277450913294,28.105522769213966,28.142562853771114,28.19119494703515
Q9JI12,27.07436141530503,26.59460172390117,26.844970399274867,26.781986400996733,26.75151020803712,26.136440799506083,26.145891624742415,26.212334774779002,26.600932466569425,26.45365190326517,26.62720988409144,26.502396014104477,26.7566728858664,26.927974595127836,26.468323687466363,26.74607512071888,27.063395888803086,26.88265138612388,26.83887476053621,26.527634986546015,26.828788026045597,26.468427140538882,26.512158198761263,26.501219816818885,26.48406084037393,26.79740431272712,26.71826440709698,26.567447664040646,26.568028357980804,26.74627644571859
P11167,25.828324224813645,25.510935051263854,25.60113372142165,25.969198705778336,26.667984318651886,25.806496165983777,27.071476898533767,26.20334111315452,26.98453422207937,26.145235357072245,26.241307434534978,26.3809783250635,26.763737087225334,26.866580013095977,26.228810453649942,27.033427081852892,26.515187284056474,26.92662692143934,26.88135099931479,26.331764366881025,27.051404271453677,27.04639952141838,26.661710421648543,26.698422367401246,27.180935571487886,27.277645188324566,26.60927994054683,27.151886716153143,26.46844756457397,27.12512385280897
Q5BJU7,25.862929202731852,25.40707675004892,25.678328278065173,26.193555612681344,26.380902383766514,25.795973033564017,25.181746975596354,25.880887823154527,26.067219338530986,25.819195246296093,25.608968374591157,25.571370233583966,25.857730620037202,26.32286796193297,25.91180741382266,25.923628992102618,25.6868963510597,25.74080289736985,25.893093889637495,25.466120741173125,25.496738470850357,25.754262934610598,25.16198755664328,25.589332240034253,26.237546466049867,26.584438245354963,26.0482338076664,25.94363318359336,25.468189238274622,25.9207195801741
Q68FP1,28.00802604710891,27.59918485012783,27.84955232382141,28.249020124729842,27.919712864188583,27.819487285025307,28.676593687749264,27.799985878185787,28.089342192544454,27.68128571356312,27.749035133675463,27.900206669592563,27.87399255077348,28.07687465723213,28.013716910624748,27.879245529637966,28.37433390672767,28.324814286625067,28.01379125744846,27.957588755394767,28.361259206386187,27.881037752292556,28.25324674016993,28.599479923502326,27.86042927644503,28.32948568941099,28.442364954269916,28.197246007504106,28.295433505180082,28.504139297226097
Q641Z6,28.17887957947854,28.200428346978768,28.51514596616801,28.14602797348088,27.897540873588664,28.420481505164158,27.736860489589986,28.190584341278036,28.003687923821165,27.639166709943375,27.989967564175604,28.409100661934442,27.72086592795793,27.98310249881921,28.332808307844317,28.23852103932865,28.035535796605174,27.90387709461787,28.162140186753977,27.843982956042403,28.049523196874553,28.00786061980135,27.593144218510567,28.393002596581276,27.68639031966377,28.56923097787493,28.510780540243296,28.33146880799308,28.30357664421414,28.134800600168916
Q5BKC9,31.548268881267738,30.78324929519741,30.98106034685794,30.559452038881236,30.27058139681788,30.55074897844701,29.99706825032014,30.027353788456097,30.39421745129494,29.93723337448097,30.58238317561983,30.58170714943524,30.19562351281903,30.46133377550568,30.26810062873395,30.42057874201287,30.660286138005297,30.607761230083984,30.1067539892491,30.216698675211944,30.345975047340513,30.366187187084062,29.918030125302813,30.518739457374338,30.28517601734744,30.709986934133493,30.85029660577546,30.338333307572515,30.53576878269256,30.39998704021578
P62628,26.118527185365,26.641007499692556,26.850214391872793,27.361559475676497,26.508692714827564,25.73359403089621,27.22025882925818,26.51220350957144,26.48600636752783,26.180853890480485,26.01304659081015,26.11183804183103,26.18149248701131,26.30913403712845,26.753933294455074,26.646532638078654,26.61892037504248,26.38749578899004,26.207448337933194,26.39323054998231,26.81347413664394,26.5257842820581,26.024956748653107,26.700070826075585,26.34270761184787,26.840571694718154,26.6153254773209,26.36008847030728,26.61967310993012,26.67848484756505
P62909,28.586714945967667,28.63993520230813,28.67842167953533,28.846865144824125,28.94282701430278,28.887141020537335,29.092336455699623,28.81840082913817,29.008406529978547,29.141385902076678,29.004072797672283,29.201854858480857,29.193751456937093,29.288868949613892,29.018848727694284,29.173285586930984,29.04629266096899,29.41247491127729,29.210592635991777,29.36215479695758,29.24539939300146,29.12289020460415,29.53299066336625,29.19647118103627,29.160031741070444,29.379001054940186,29.383712674801718,29.54133885946835,29.400466254440705,29.472323457860714
P21708,28.15418159604036,27.92811089620135,27.93671730435599,27.989739387631015,27.743918090091352,28.290670720208883,27.948222115491518,28.171838698747326,28.175017933663522,27.658095108807224,27.744496562950943,28.272367882652844,27.73307752673243,28.050882850893885,28.277344370302714,28.133009197367645,27.80073072385582,27.88638109591688,28.28656393038801,26.54203748619434,28.208430477920146,27.921489575933933,27.488530939682256,28.446912329395467,28.1037964246657,28.4180639153562,28.425911523091422,28.022230725759247,28.385130141507627,28.199880058016202
Q5RJL0,26.478573572448518,25.41952101143564,26.26446880846666,25.342244874673383,26.076542049911115,26.298570093632318,26.762415263356132,24.972731690799296,26.497463704347705,26.437750316537144,26.479967426821567,26.210339143619798,25.557850913932345,26.273099414422052,26.45657748910441,25.986608096362005,26.871614195304552,26.39814565337403,25.04975265133323,26.319039357344156,27.059336894212677,25.58155440428846,25.570982537889055,25.76706378723687,25.960952245170144,26.230270108278972,25.33065463735496,26.665462611156205,25.543405489698632,25.094176985949655
Q711G3,26.83003925106316,26.92924058018785,26.886643931566848,27.298408716474192,26.92382323595652,27.41241156058339,27.00632896936897,27.35791939346015,27.49907776204597,27.0447580847403,27.275866181838662,27.49331560801433,27.262559360144042,27.412519063207384,27.500778212524843,27.514693808005976,27.382241868581996,27.40796595007924,27.355052940650435,27.702477048949042,27.431024354988192,27.39679500084561,26.88571544765276,27.64838118222966,27.356854723079316,27.884032681805813,27.73208377799502,27.619380498373793,27.765291230279637,27.608034738351225
P24368,28.150468717497198,27.23906830305687,27.71140488717041,27.160228975468897,27.160496633598544,26.843685351053832,27.6455600111745,27.23556338888785,27.250048802890703,27.347835078997356,28.155862009342705,26.92515523068628,27.37819496348288,27.190407410483605,27.32673252622811,27.145081877815333,27.930321781732456,27.601486210287693,27.132949083938513,27.24578578370204,27.923006742329864,27.636139088002768,27.424979139684854,28.067240388472452,27.101712528206765,27.978305821447204,28.244889894385366,27.475690682982393,28.118161613756545,27.936978034266446
Q7TP54,28.18198755821737,28.373442539012927,28.17193855602186,28.180244386379762,28.04292799699322,28.890933891994298,27.85011399360779,28.41851483447167,28.30834694511736,28.14555202441129,28.556730902866622,28.42219346688289,27.8785634697832,28.093769655622502,27.901041564151008,28.103897196838634,28.267955750455684,28.07454834408268,28.343163968415386,27.813030864468978,28.06897062015186,28.248188997145082,27.952336133250824,27.897888567166465,28.30094307943402,28.598409213762515,28.753026080110633,28.480320592419243,28.239503794282346,28.287767800100575
Q9JJK1,29.207866090216047,28.12848246001452,28.765641824229494,28.367349923787796,28.105125918244664,28.319016362228773,27.59658808107467,27.756915385565897,27.980672861077228,28.028231669909555,28.47284360258091,28.27734799246176,27.98949346480997,28.18934463266879,28.477335038284615,28.252345363948987,28.345274016797187,28.37075604287893,28.23501991113632,27.602268959588862,27.952826402160554,27.9258178355971,27.547897411984454,28.19503088370366,27.82397768649567,28.40647292469403,28.51196790391674,27.908920784364735,28.25549216167869,28.277614391199567
M0RC99,29.359139315362526,28.611482066728076,28.973936564336203,29.15032813429285,28.755167300357044,29.428489295443946,29.66223421877237,29.28755920284367,29.74739773951229,29.23047831589108,30.827869646883013,29.748875876160437,29.356450885064604,28.91145285020183,29.977252073984918,29.543261753340218,30.135530349455895,29.501826726421477,28.64724578704705,29.167129388274365,29.5024578759967,29.31760148471715,29.114057193934197,29.66442421007744,29.815099763048227,29.46007777689866,29.875620894156764,29.82286636544659,29.354852083999468,29.600808230860114
Q80ZA5,29.578548670901455,28.991063541838894,29.225517678245435,28.82807407546759,28.367814309188745,28.88571584815246,27.560070334055695,28.814857134201006,28.867278625913855,28.084930579866175,29.01455421154072,29.30435625712845,28.290738110347572,28.712486308340292,28.64997071856414,28.780664087483927,28.85644654347228,28.97936811040039,28.413954500478894,28.36098839265675,28.479132538689736,28.584415154835188,27.895281834946857,28.877048880112536,28.052877036853204,28.555957746997894,29.46195092355265,28.48119464951898,29.1349737815535,28.622851105012526
Q80Z30,27.664243561324323,27.38496314810162,27.54273624724608,27.689340464986206,27.454074719632743,28.093567296283936,27.722947464935913,27.77494363581068,27.95337033118695,27.060849113075523,28.710306378396343,27.847917962417558,28.016777433403448,27.90051641842495,28.390200524795393,27.82590362493289,28.14050793385937,27.71686984247658,27.55995776396548,27.551349083681373,27.798650891037806,27.35860506112629,27.494609883194904,28.03083015409361,27.18157942459544,28.12841716603279,27.80322688715127,27.976915448957076,27.726756138514265,28.104363668337353
P48004,26.81247138538572,26.201039577750603,26.493249298233838,26.51937929912841,26.214543799506593,26.855576587744277,25.918139667688216,26.103567296297868,26.48516877291671,25.92444999224253,26.24185710575835,26.46422007166943,25.762985209921162,26.175972209433585,26.213399152344575,26.351963299392956,26.318869518734097,26.187696761951972,26.19113108236411,25.752828493635384,26.253717875518962,26.239601041986013,25.256624995782232,25.762240146144933,26.065557183409236,26.473713832539474,26.60983300643082,26.31148917300922,26.340988991301263,26.238746112969515
O88339,28.22205217035749,28.241128753362442,28.156264343356913,28.606945505934934,29.101360611275005,28.0706582161336,28.94670975163891,28.25830760042356,29.232747768125297,28.75282748139521,28.402253077682293,28.45710356697136,28.996315374221062,29.552789786272115,28.376939927422868,29.007255896118057,29.150480134658117,29.00482189371751,28.83218429558392,29.04861671683703,29.04685658859668,29.16561939649017,28.708327009390953,28.396380735714736,29.152186564626874,29.5809961591021,28.56366158586034,29.418009424429705,28.68477378692704,29.142648077797837
P30009,26.5673746124832,25.469687054759426,25.908966985031853,25.78225360717415,25.842927394837986,25.739449016474428,26.91680708036848,25.981684591415878,26.082396065072032,26.08956683172454,27.353477667454403,26.252993409500633,26.094699727821098,26.026111491362723,26.407953561240948,26.42136464799197,26.894317958026214,26.144170854205093,26.322761237055985,26.318005088237168,26.52818704251825,26.331014484046957,26.055224596931932,27.396956874987765,26.158326163131623,26.550876633320375,26.410395152392987,26.68168291153441,26.18458193785888,26.4904946816812
P19490,29.100436410356348,28.69812965610272,28.79085668559824,28.798428182320134,28.51741245015726,28.825952146423614,28.454552153866516,28.471639075782125,28.562854354290874,28.498331753086212,28.62949932083807,28.653865007390305,28.21399054209078,28.447143408533652,28.818508618073487,28.531423212651596,28.597908388146163,28.516811686503967,28.430937888809034,28.487458147306892,28.583663698956173,28.46612985782957,28.31611679560472,28.937641914216396,28.449097337658817,28.802747532689438,29.02621293441742,28.51708207243804,28.927099641500973,28.59619486139815
P84817,24.08095885199504,23.270599147020363,23.615862355336482,23.482190431144375,23.09987404842765,23.591056044199178,24.649958836716525,23.87177339564515,24.38195423998709,22.861731540815736,23.117137498361664,23.514429788068263,23.642459826866432,24.236236411735995,24.37434044058592,24.4359309695347,24.65065655955488,23.72034223389483,23.875957863896666,23.476006505840825,24.922978912589073,23.718160305174553,23.184350945205754,24.63258375251173,24.2180802147773,24.03790171758494,24.145753887313603,24.401008102061542,24.718090455388364,23.682788283483895
Q63413,26.05188437212955,26.55528199020409,26.778123322787383,26.51770578323927,26.675001515691534,27.014868269276512,25.80891544146035,26.391643489577348,26.5515437062024,25.98474788222354,26.346467607262515,26.607782774126008,26.030037255514447,26.382249793262172,26.578431640725032,26.52674315357792,26.377932300909375,26.623865638749734,26.494308591711658,26.296237121914423,26.232403115210396,26.379293505340026,25.58909402855813,26.015385636573,26.36024569390263,26.7680263934582,26.79877530223472,26.32245182457122,26.360521540663424,26.38781584314798
O35987,25.170030145892543,24.817358316782055,24.530469831836047,24.645570168470005,24.693231280557313,25.107689770499526,24.680063373580023,25.084784367044094,24.951069130594018,24.56959046547038,25.406060979932818,25.263486491714122,24.6029007087598,24.81161107114085,24.6217396712259,24.791619260649348,25.18366166101104,24.8547876969963,24.51325290221465,24.804138713058016,24.519218677118086,24.797744112264194,23.518916559808783,24.927277663628896,24.792616563137752,25.059897447167568,25.428873078060306,25.09091955424643,24.864169628320273,24.846306658119136
B2RZ27,26.40587586430872,25.34499534048247,26.1440528316947,26.744627535774054,26.993961347444756,25.995640120011174,27.203649385461798,25.82659860231647,27.287113926424404,27.19154644486865,26.127779515714845,26.372776321598916,27.309173090399398,27.587608443564548,26.744238269758217,27.45313405124025,27.661278235548004,27.340474148952843,26.536714089826837,27.680935505335725,27.143190473494624,27.196310334715083,27.238157018622015,26.55535395143605,27.146094160470334,27.73945934501156,26.47837788551151,27.099984759987517,26.555590001283214,27.491396845944333
P05370,27.08577379481562,26.961411272927883,26.94442044567741,27.204034139843042,26.990805195143107,27.194347516387758,27.231503708235703,27.160061319546656,27.47350759264655,27.081920640468745,27.055396889294528,27.170086253634913,27.05566624196192,27.433718592604315,26.648287210725446,27.319739657948986,27.207954113669192,27.260963156886334,27.304101915606083,26.686976728653505,27.19612551209008,27.1622183776793,26.81018408471287,27.66451192568789,27.57306866542195,27.663152633028393,27.483242841908435,27.210782216522478,27.4129650696153,27.388308644331026
O55012,27.9542840245935,28.095129214347345,28.10042853267179,28.56626406747183,29.187478551456124,28.369628279425207,28.693540492025825,28.299047033098535,29.39638595034519,29.035987046732775,28.302927213070316,28.508289414990163,28.981479412593387,29.61449458474971,28.517210795547033,29.165257750347212,29.266743508653768,29.02666360256097,29.068592013554856,28.807397892991276,29.057576903249426,29.25479427411373,28.77541141380615,28.36040852376063,28.959459672219186,29.545959697667595,28.5058595970764,29.3138804912648,28.518479445786628,29.330445446323736
Q99ML5,28.176752216934826,27.548603034174736,28.637024022182562,28.047278213101233,27.695867513727723,27.59065672998119,26.907391179987755,28.832261491703306,27.220453426080862,27.614231831288674,27.59484891822633,28.513581096939266,27.147251017072964,27.705530785084306,28.935112054785233,27.885713848561604,27.314712294769553,28.09506287966098,28.528625981641465,26.92024902882328,28.275447545967918,27.867866296919026,26.801795819030044,28.40455220476484,26.775209594431452,27.343937940624855,28.950559467051836,28.13943300670977,28.519799012529674,27.901979797833185
Q9Z0V5,24.462422265658578,23.962521546033557,23.921981046841353,24.10660594903794,24.198460816346696,24.84255358486346,22.55793142223456,24.111137023703325,24.429309520025036,24.035147447508052,23.92819124887874,24.321146221908236,23.684132477524194,24.272268158438326,24.014939178507632,24.019255223105407,23.324547796860095,23.869655612277278,24.09500049893266,23.142631902793905,23.364102853264672,23.875482912054352,22.99518708654672,23.495096022659265,23.57634219449973,24.31261118412,24.431933765029182,23.66375773448237,23.715261567433416,24.212392592938365
Q62876,24.42291450127314,24.542342544657096,24.17849993767103,24.76810834746805,25.01703153178305,24.910731903532408,24.40498868980928,24.911698045205856,25.43365210968572,25.12785505103393,23.882276394061346,24.886954286921146,25.008086090818892,25.737640442412232,24.562686547912705,25.169282006135443,25.034652298023687,25.347711853682892,25.070723760575717,24.992582679466008,25.041667307573192,25.280435498832922,24.770581978414764,24.876389992900425,25.838737470028313,25.74373469190274,24.949217747672773,25.04041235953224,25.191129133421253,25.39271246197588
Q62658,27.749497832300985,26.649401675641492,27.892388685905136,27.30708547733617,27.04119606739309,26.80427455299514,27.230777106680826,26.997511235355365,27.40094841494087,27.374132063980902,27.5320736278072,27.490469512477414,27.418934185910068,27.117296755800993,27.98376320042705,27.798977592685254,27.724466391632884,27.33946488020706,27.149662782561165,27.32574047289648,27.72074578383933,27.732707661838532,27.019305698109616,27.471276764228005,27.28700309626298,27.812558122403654,27.847802716414638,27.354936120070004,27.816018855596226,27.851342303188474
P17220,26.370653364232407,25.437391176587088,25.621141749489986,26.021129731823578,26.50210847732529,25.26337945648992,27.460777157817876,25.766641743760825,26.579771000690407,26.93290633173714,26.58697041192913,26.305596777753347,26.34573437947039,26.850040347945463,26.8097213287414,27.011321136231214,26.814407983014664,26.98456278390454,26.51165409350459,25.576296053264727,27.029892476289124,27.41324640593136,27.53744486285094,26.928836736578248,26.39249005436757,27.405060193717937,26.765901441062624,26.264141977910082,26.756944170991655,27.450046297563468
Q64559,27.020036998711117,27.51127150131493,27.232107282792764,27.337314865139493,27.01657193685708,27.54620074503894,27.02284215183008,27.738298262406065,27.756760708531605,27.148392844653277,27.193975019616953,27.931574796568626,27.354077012974535,27.14852933670248,27.452704119402817,27.47888226986045,27.446658727335887,27.39900993626009,27.232590673072604,27.45266667922315,27.430728791168754,27.522749446699123,27.09295484190446,27.5832319815311,27.737887349691665,27.713636659889794,28.069459586011156,27.588220251303298,27.564013712267784,27.39017257936516
Q6Q0N1,27.802568559082008,27.21498620943489,27.104049996595336,27.475875871946645,27.498082471394092,27.188842713973834,27.618509473229715,27.2894360586099,27.579114045047824,27.30094475438479,27.605056476745915,27.468253707640006,27.499907039397137,27.746027223292604,27.555203156793976,27.715704478366884,27.793026677981892,27.666057380622906,27.40303055592029,27.670326326093384,27.748345395735047,27.68257589498312,27.304659081336382,27.57478497090952,27.442244660938385,27.943096221432732,27.53215487575505,27.599536518118846,27.54537840539075,27.80382506604248
P58775,27.594871636417974,27.234051787872875,27.251493024125764,27.03728847312044,25.890604998025317,26.25446330440012,26.783756544235338,26.3984979207913,26.390352787021115,26.698010625398574,27.165271750127392,26.64824247312627,26.415138559731574,26.346286801779083,27.325458910948175,26.80383201124993,26.78416178685955,26.796082454894893,26.648360126279112,26.555020570790447,26.82159163273028,26.274731279766677,26.59914069057563,27.096138439046605,26.460964193819237,26.853294934015352,27.215280967171392,26.700860934762833,26.979130448803385,26.804276673517215
P28023,28.849097609249885,28.725344879064565,28.859554314797183,28.929692073819407,28.620463623858676,28.918315381225263,28.5823115712656,28.94389993355926,29.27049540849293,28.56430291238962,29.19753826892678,29.13982936392422,28.798745689001944,28.991988886500458,29.348177560806423,29.304922461381423,28.70908684700329,28.97095017984284,28.68906347239212,28.812922881444358,29.490273530567194,29.110064055387692,28.776574027403868,29.407363913273393,29.118526159051445,29.272736272926103,29.345945774033442,28.781544665492007,29.23947997242644,29.07795886551037
P17077,27.763175714451226,26.648790813795816,27.366352454732812,26.939206058631,26.680843725272524,26.274302662760455,26.931139042972344,26.179901193024428,26.889944896891834,26.64620266578437,26.920830675777058,26.85003658220023,26.6022022414162,26.774530061648694,26.76552142175588,26.758536981817112,27.083552280369283,26.84655979609894,26.499862845803158,25.618532678641667,26.986881764816705,26.579408360119444,26.621342620939476,26.819914503437335,26.7045363407117,26.631328531285007,27.28260482905021,26.759443392522076,26.959457481464558,27.067934279788904
B0K020,24.408612830603275,22.78614397161275,22.278720067619126,23.890522132990487,25.051061683831584,23.570469314637315,25.413683793556253,25.077914399883067,26.407606068907466,25.528980847408302,23.58664010429849,25.193675228767585,25.15504027663327,25.426998925784744,25.263763548016698,26.185309936112215,25.145035228160964,25.310947698900723,24.694370162807175,24.31733380366257,25.568593029221567,25.1495778980305,24.98272010587933,24.996061105141088,25.511434180254124,25.610469025321976,26.028513556469097,25.384189749736635,25.00210467108844,25.779766700270724
Q6AYP5,26.401949162460614,25.439223578422865,26.09875782283994,26.613968650705917,27.356868232541505,25.082712455644,26.656386846725855,25.287522986977905,27.249969777829882,27.201263703283875,25.680944017829905,25.896747949428264,27.035435980752613,27.246012535542338,26.381699605208343,27.156402255248878,26.963610300245993,27.088320531819257,26.90241203942544,26.348407357207314,27.131944591231928,26.867805401016987,26.729521700834454,26.120624505575023,26.688382797649883,27.09682771941715,26.018587047767383,26.870857215872643,26.474625572703882,27.345832692337027
P38406,27.703853084311394,27.206764257266883,27.230685753459206,26.863050334639414,26.92610466827608,26.897421957423706,26.450984656788396,26.558165758623367,26.995243128850994,26.751735603921542,26.713545929027482,27.008108642754973,26.827244913307272,27.09193973477885,26.711247292088302,27.165481799864093,26.849947065335613,27.13233509859536,26.764263778032564,26.923224099418768,27.00217658741137,26.752498307000423,26.406303658492995,26.66738601804374,26.76662918975714,27.310260345892335,27.049247511695445,26.69004487319926,26.821764524224022,27.31409249100373
O35567,26.85496292548887,26.645995781271353,26.93925109645519,26.96624384610043,26.802826765804273,27.077858244651676,27.251062267080655,27.13741772604105,27.110916341784858,27.596747128225704,26.801576205056197,26.972986799518857,26.632881921543202,27.271642542133517,27.55724451582736,27.307895131599487,27.057882110470228,27.07244023642621,27.645327875020115,26.95946595394024,27.31905415964994,27.282748778454394,26.788632336079854,27.304314457741317,27.2049355405397,27.4235097715556,27.156836872371855,27.121960513311773,27.31015408653986,27.320847612463986
Q9JLJ3,28.68149760719616,28.58609115959306,28.476885987562557,28.65996144319218,28.091515470951283,28.91464870454969,27.976599020364233,28.72419176359492,28.70274438177075,28.247354527727065,28.76376125579539,28.72834685781478,28.253095898314097,28.31243773248579,28.710072786747048,28.600400307590135,28.568780543503255,28.392700770821804,28.31343748031005,28.462338718551887,28.702140274633503,28.47504402647641,28.141007373438125,28.713195556692266,28.592174887289627,28.735923812915424,29.07875748331593,28.46711217916516,28.723371797446198,28.564442613153712
Q9JID2,25.707530651949547,25.635295199383442,25.121640183397385,25.280442083246527,25.77393324060876,25.485363213684803,26.006843667994133,26.255834376475345,26.10806845622052,25.86438745254032,25.68626780503405,26.041699536645037,25.81986129222904,25.958659019262786,26.034137633642082,26.192628081119356,26.129443064949502,25.796652472008866,26.337998562341323,26.11091560024945,26.124541756769368,26.16430690485847,25.5560488555465,26.192984725527552,26.142405890191828,26.51398294335739,25.70932850276881,26.15655501474452,25.803051400412144,26.523559527734715
D3ZAF6,28.28681746535684,27.508834037832482,27.755218964624042,27.778305706535335,28.012015778995963,27.853957138724077,28.0884205684522,27.670127643905786,28.365424024752894,28.19143849160786,28.221825509277224,28.254387906775765,28.232654404395824,28.244832962671808,28.81032684244366,28.648503290783008,28.62721207882902,28.39713064910285,28.123656638510017,27.73314923801713,28.762376693673765,28.45843751844456,28.203483095955715,28.89489785224922,28.340062138503573,28.87380844090756,28.882423310217007,28.361733525568948,28.829610350063046,28.799929058270628
P13383,31.279031248038496,31.452243350162917,30.96872388116599,31.191208351788713,30.801527157659105,31.443207535485936,31.698050876521148,31.989273625027316,31.291056869707784,31.75018479602325,32.74838041671724,31.769936491403865,31.494015173966922,31.466321505937497,31.903807071333983,31.804292587462008,32.04079093883714,31.522180020852314,31.58192550618069,31.556286905565532,31.828317035447306,31.870060758907975,32.02620579096286,31.92177915949498,31.74591277314048,31.42868163243172,32.055582958428346,31.98405051454161,31.774158711391458,31.783955192810392
Q8K3E7,22.267767482064023,21.818514233020547,20.243508292631653,22.728733748647922,23.574260655030926,21.503400014811497,23.857875180403834,21.2128354670103,23.154590074622472,23.419465200691512,22.531390756845866,22.537022870559973,22.34672999980072,23.606071070071923,22.858785507245234,23.508891404477886,23.73989861682694,21.91535459887423,23.678661854262604,23.806946638900147,23.61344469058563,23.460041512166722,22.657539551850117,23.15811846427505,23.971650757511405,22.986737841028848,22.91468079367855,23.789975233492818,23.3537657377008,22.384555460501666
P26453,29.053739490452422,28.560712174419617,28.512703850281397,28.553487244586933,27.928028740430697,28.503908965722427,29.830784663986645,28.880130257399827,29.09438944284175,28.92477774570567,29.467896849566408,29.13029510898037,28.7250660703141,28.731509160087008,29.429550177641993,28.948127197643213,29.217782437619917,28.639976778711702,28.993657251750516,28.545853015155533,29.314589730308107,28.709901782433796,28.68110819345811,29.736677597000075,28.7717898411522,29.00374613153733,29.314431717373314,29.17488647408917,29.21200207818903,28.86812350607406
Q9JLZ1,27.13097804553068,26.824884800030755,26.516333420318464,26.86579592094624,26.670039995053585,27.19926559357612,27.51546937816243,26.714743674603312,27.230767539924184,26.697690676642623,26.885792838746404,27.06039695943708,26.714570421004026,26.971151577596842,26.866341241309946,27.062129895505645,27.297764576115213,27.038490650328953,26.95072853957041,26.33503037086321,26.83295036070962,26.951693653201986,27.154541107117492,27.213200208557886,26.945335177973057,27.467479108630176,27.17171719539012,27.913392670180954,27.121381891072986,27.501429563548363
Q9EQT5,28.45346643609657,27.700012971449517,28.42827210241835,27.689291187974366,26.55093527786397,27.249429250296018,26.494946684984505,27.095817174410765,26.9310602358127,26.639143416505686,27.396880412929605,27.63417935958674,26.591526200403653,26.821582929852077,27.1957375171313,26.982616551699664,27.221187158056047,27.21757605817638,26.97692039538176,26.859852541262676,26.731632133345666,26.697430787199487,25.87566270544146,27.57118946465599,25.923081566465232,26.91403625854587,28.02477123835097,26.828836747146546,27.676619837201333,27.165896912172727
Q6AYR6,27.486034961427496,26.486422813628366,27.253923292835488,27.02158309219066,26.742892232114023,26.854829452994725,26.99959201492135,26.49821626854121,27.100087974303044,26.62792675588903,27.191444697227205,27.043065457695416,26.8250380164743,27.02666655928398,26.829498263633344,26.937590878417712,27.35724464937021,27.177518475413734,26.769383372220382,26.730338521431932,26.9631145714917,26.803840716042306,26.655099622675326,27.079039686381094,26.857614462437333,27.276771394278192,27.217570914655468,27.243909207536714,27.24201001452603,27.097964356611513
P48675,26.878061416608375,26.389661649938837,26.835394172952615,26.695070711099135,27.222058243378626,27.13477265537784,26.668099112948358,26.774753735418102,27.128116429331133,26.712969923672926,26.629191105947935,27.220531019449613,27.1413005504607,27.338323575782475,26.482101689215693,27.117429974529838,27.151078980100337,26.835979284205454,27.169370305709535,27.088763226632032,27.38032659806409,27.146212709219466,26.839880676160313,27.21601812852737,27.326355533758562,27.544130696312582,27.38929895690542,27.296672587787786,27.653017339313454,27.740132935263304
P53042,28.40812441557171,27.327467408032312,28.031548304690666,27.866407663630525,27.972228282106176,27.525695816612895,28.41964174130849,27.73521626319776,28.42041815733808,28.37696998600431,29.231910727709284,28.191798733377606,28.261470752022557,28.620689124569665,28.282759031880452,28.768971727683553,28.961302154029767,28.542919792493255,28.10733707519842,27.65293713940607,28.73776614043568,28.741886080795872,28.388038069427125,28.29571604707574,28.260344957680676,28.54576418964274,28.603346879934424,28.732233598540237,28.395410941085363,28.78328840035885
P05714,26.789163759846947,25.756377980801997,26.240086335803717,26.31144501154339,26.39119853054986,26.024110494824374,26.035756088334963,25.652682613953214,26.327211223075,26.359395156097925,26.67419234055943,26.262079650314842,26.12044973699423,26.59708932441205,26.46254184780986,26.454786123163057,26.315172726000505,26.33230733171337,26.286287922170533,25.742477996141243,26.622616485994858,26.15077982657329,25.908170898234996,26.539699475019898,25.312433670976077,26.59983566423801,26.323976299409743,25.686153848656375,26.415175261553465,26.697099488495898
Q53B90,27.2564251510548,27.20638806964852,27.248085711836485,27.213555611156288,26.875950759340792,27.56440345851578,26.838319243027808,27.21517899056278,26.934366382166743,26.41240341755663,27.043259673265307,27.18262144143372,26.54317446059381,27.060542973675183,27.202427838435494,26.94920955371345,26.751931747665907,26.682023067685357,26.98190672177154,26.69035974840302,26.954328129066457,27.274078657665964,26.3473361052272,27.170803706067083,26.801071314793397,27.149587320605182,27.40343825809142,27.071377124413917,27.219288329682573,27.179034825942722
P51156,24.921792463393263,24.67082061380912,24.938487550110246,24.43071545677986,24.559918215812427,24.534838164783825,23.3191935088566,24.45768545437126,24.376540866445712,23.496200650602827,24.213251919532883,23.746572711570515,23.44213853484833,24.080308798678114,24.729527285680206,24.039171403737047,24.235143161739348,24.218434732074495,23.378373249960703,23.717526109752477,24.40593800888944,24.140375053157204,24.00626201293797,23.635715743920166,22.920360170604933,25.26994050449713,24.821924069218827,23.413597377319277,24.102431498491626,24.194161551904454
P41498,24.084351428169974,24.67456998269378,24.735119936699178,25.04115703940661,25.038783677721703,25.264938511831076,25.924148948125886,25.035184933789733,25.979418609718273,25.90109108470761,25.07229707954179,25.252749605634424,25.75038316015433,25.675662205212078,25.32236945094002,25.483412872306857,26.239636247154614,25.821321588695056,25.254365220711428,25.20771048229458,26.085135998141446,25.53571554796606,25.225625307193145,25.19873367411374,26.004855318045514,25.98763712449075,25.231986734746297,25.71027781570891,25.117103940462858,25.71583221174947
P97829,25.799867498971985,25.37438544447114,25.28610114578043,25.655341133572428,26.012939793735537,25.514290134447897,25.777233846893566,25.445666963270103,26.325488412117384,26.01420843211358,25.6873825956842,25.886084279140253,26.38746365579374,26.29462954079322,25.843414558633647,26.208762006375352,26.72143492986932,26.471934899355556,25.938837375583464,26.301976956011938,26.59712810201187,26.589771268214758,26.43034727549918,26.291102398768924,26.952869942779987,26.73585774252721,26.224552072430345,26.63787319959677,26.499068981479432,26.450223810855757
Q9WU34,28.987871989016334,28.75917151625004,28.501968490764522,28.750844810909683,28.732815826914464,28.92031400207649,29.5756688741736,29.164251494475625,29.18676845948428,29.041095455195503,29.48109946688823,29.307120280462588,29.410282458130265,29.19745441727104,29.00517931695846,29.43559951457314,29.82104789263244,29.06420583376881,28.9212196578356,28.95832002125147,29.252099478516914,29.561517471045676,29.261907531779414,29.2837816483437,29.693802448437133,29.706515195388747,29.467164666290618,29.891163802514452,29.3153659401622,29.38530902338087
P54290,27.566054313615574,27.273834494622456,27.475623483485723,27.62757190192181,27.303994901841552,27.085544888572798,27.599835262184836,27.234762394762946,27.896996752905487,27.463862666353542,27.65444250732785,27.649427039337628,27.419176540650277,27.666866816026957,27.81261564737113,27.74728488429801,27.28565137374859,27.590031411753657,27.816173545962158,27.24009447325648,27.930762193070905,27.65663995896503,27.06374523243852,28.012678171814898,27.601172969737984,27.88389638584252,27.830527879615335,27.330267836257754,27.757856722005176,27.65460805184316
Q5PPN4,22.718450880576576,22.551929394424786,20.61110812071539,23.081034803306068,22.873249167094404,23.087482184110577,22.196599575286157,23.016916758843593,23.230891962061403,22.895559705092122,22.586885546698078,23.259566226849927,22.877089612694892,22.89291851896668,23.648542746472042,22.72113966845384,23.10557772460543,22.432598383263343,22.84498339382049,22.68273392984447,22.358834140062815,23.10288462975019,19.854957766895364,24.643359170620453,21.30281767227081,23.42961137213794,23.006153618027835,22.013334942301082,22.917939636490473,23.224302362866265
O35458,26.949557722903705,25.92488734384309,26.15254641840978,26.47039518201619,26.705499443384355,26.34521882478039,27.520123710837805,26.47862524999129,27.915024284819857,27.341066464604506,28.374793349291274,27.12284618197404,27.327736701155168,27.541890024358427,27.29496518573538,27.720459274608853,28.049872793284205,27.511294591257318,27.20753628708163,26.81124749462565,27.898341892067684,27.86258080316064,27.378776511956044,27.060542520159668,27.408537451496628,27.361344455440808,27.26614844503572,27.985956237504755,26.937020293509896,27.719222302748697
Q6IE52,29.798443358375593,29.545460045048447,29.161171714179655,30.020406721412158,29.1801649706862,29.118276727272566,29.312794177055466,28.902630256187344,29.24443767518891,29.121664321661317,29.75656093542941,28.926465811025796,29.155835908360515,29.184819115601385,29.20382023234726,29.569183374315433,29.142005890516373,29.7920853981031,29.55566568590076,28.991366065308632,29.484234284857624,29.505618323676014,29.396867651213405,29.819843754401646,29.128248949173795,29.409044625212605,29.32390831880832,29.657811674119834,29.392349551953664,29.517229476379825
P62994,24.509310941739297,25.69561428924782,25.049027471857947,25.546084757276894,25.67726824319642,25.173941020216205,26.28266550194259,25.702052162817875,26.102129899375523,25.269889979813748,25.499098756852213,25.96844388371358,25.32833062137895,25.839973312963878,26.147232871397335,25.952279892007883,25.846120697594028,25.48520852551419,26.142123971773206,25.333690062323505,26.049698733750326,25.517065936482407,25.115648688815448,26.27061477832865,26.13232458442941,26.0182382247879,25.792237951707477,26.132781212562552,25.99186887275823,25.742292813207417
P70580,26.243798888692144,26.2305061377656,26.234451650013927,25.92955170678613,25.606244103504736,26.60461981321601,26.686925385326987,26.562868203416862,25.76760966837474,26.28411778133877,26.691845896374062,26.65919419400339,26.004186293111456,25.85839323794229,26.568995868913625,26.357255027131046,26.708709404794323,25.82868815807736,25.9407833160072,25.982993983917794,26.77428035842989,26.382939269437898,26.171574103111663,25.51353373707122,25.577684560678833,26.317492929044583,27.101386749771287,26.498064021771842,26.723430145776575,26.32250033319724
Q5XI72,28.64444995204275,28.318700808259372,27.857348180373172,28.61017751068501,28.024944264575876,27.80386601505717,29.2637860918118,28.558418089276337,28.15764132155216,28.211378818087844,28.60735592791268,28.096306657851745,28.60434936276692,28.227208360690362,28.386437763913847,28.43218479930652,28.988777986713153,28.55659719391899,28.10155585076747,28.897367783683727,29.147318143927965,28.507027386179484,29.093822797141637,29.49445051379085,28.670877880801836,28.733752543163323,29.056589161575268,28.82858628847009,28.633628652104193,28.66830498846801
P35286,25.974694428697948,25.53210531655639,25.89775773858146,25.85909296806191,26.294747841758678,24.532683647745277,27.67465703901282,25.527053029371164,26.309201866730525,24.300440298544316,26.696816294792026,25.77756940696751,26.63490051471967,26.401257091279163,25.155857769563216,26.986813271212597,27.143217565875734,26.81095138373631,23.493711573928103,26.37151643617373,27.43404112643524,27.032684155425482,27.301917249543855,26.925836590450487,26.35469087438938,27.287178986147776,26.16859332730666,27.102954926671025,26.5131957671079,27.14742419434795
P63245,30.23551135300133,29.897083774294412,29.778267679604507,30.29248526280306,29.958923960919552,30.71423579568701,29.83277005674753,30.305660722965857,30.176016007716314,29.93985058126744,30.760439624792365,30.4382668623014,30.053472095670138,29.704198967327923,30.597259530354684,30.21718714587326,30.388916071899608,30.393267081980554,29.442262141444182,30.263889111224408,29.741968857688306,29.713175361127597,29.466876060620777,30.550879955493034,30.049698765229664,30.308246432278256,30.424750292274865,30.133299690103073,30.173152057689737,30.425884768929386
Q641Y8,28.250193541672054,27.72378110432477,27.986956081129318,28.048781091201917,28.170887881127495,28.23141157898196,28.034925891010495,27.79185104905332,28.44554805639143,28.288605312804844,28.104201626741663,28.088742351942017,28.031273040670868,28.31174315524558,27.813128367848392,28.30127827023676,28.02091573746118,28.31350450323494,27.806630757105246,28.210434903272276,28.237493549513136,28.157080523796257,27.88482481948093,28.161534511931446,28.23215999889506,28.556457062423632,28.167520973435554,28.030737851609516,27.931865549370173,28.2897656047054
P85973,29.2326027476998,28.37233772045088,28.733035986536766,28.819746856840638,28.78372305138815,28.887987502174386,28.642239560656208,28.48145830283753,29.027790281211146,28.98430022768359,29.0301979392974,29.01792384771078,28.948191783816952,29.028022017594857,28.8812300607068,29.01216848933948,29.13087644777614,29.070204135605888,28.937967141278197,28.595202874645476,28.996137636471342,28.899033911631268,28.618381511861735,28.92079149605723,28.877599758567637,29.43880618356861,29.360203598456405,28.98463703847297,29.210677845295706,29.43812419032141
P43425,27.513342832163765,27.508121451719248,27.516902292476907,27.334848441553934,26.769304246506074,27.243545988754395,27.02391120088062,27.582091821984985,27.076757924382505,27.275186453247425,27.6133720778273,27.521885542406974,27.10775596326034,27.071891316855137,27.696425838338925,27.590330084505197,27.52256437731564,27.46160025064858,27.344651190905857,27.219680779098148,27.544323321380965,27.25257381522897,27.612644207451847,27.760985288229502,27.369308542513615,27.389966866789205,27.94595449225376,27.701169264719717,27.8749983187067,27.70123580954908
Q63100,27.59026071314611,27.330743462045415,27.535828607792315,27.36403496948021,27.180539573468444,27.467694064991832,27.90979845373829,27.634523640698895,28.38819191905018,28.363315806390776,27.998104294281145,27.898527403237228,28.0891457559794,28.297599088006308,27.96999514256595,28.19593557093641,28.131593984979435,28.286558609670475,27.97395076318052,27.839133187866842,28.338466552021746,28.094263525738693,27.933801444805795,28.031260207606532,27.90965862483493,28.566748636373088,28.275328882172374,28.28298138413132,28.410931576781213,28.757010476103083
P60901,28.3298276405944,27.690339975637997,28.125925047402852,28.090426379747786,27.00075032638826,27.411889512572007,28.010639869772458,27.877856310281803,27.953682222298728,27.215208834034932,28.47132772495996,27.97764395119191,27.60906624961592,27.459736910260364,27.213132113886036,27.787618897096095,28.37270004279012,28.25278542060176,27.424008212330698,27.79189394945912,27.946678320017345,27.451369519794774,27.4024706903386,28.315364789643482,27.309453469260475,27.904622220203375,28.47429266046571,28.038668620990418,28.18611280699188,28.085376015241852
B2GV54,24.51726579328346,24.857410926077968,24.156925209618162,25.215802823825026,25.297675325022578,25.22892005006995,26.179219443200815,25.471981015579196,25.747714546553166,25.65159857790409,26.334647831150058,25.432748826223623,25.762862719540355,25.30099491939062,25.673500574643278,25.73516874245539,26.25715315383974,25.89411003288483,25.736309118187684,25.69081527460025,25.79468628449817,25.788755596348352,25.931350012649165,26.155834666737015,26.163814366917983,26.238928473790825,25.721123479625728,26.490637530769952,25.705191062228856,25.761390837422258
P14841,26.686906614569274,26.676453320617433,26.226817093951492,26.74177004907595,26.3531897061314,26.93100328280918,26.855454990019037,26.705811623754624,26.69471268791012,26.47541502696038,27.34115646444359,26.753593883542447,26.92998431239393,26.801465603433055,27.222323087244842,27.28181433172846,27.26720572815864,27.33584629437281,25.98037866615766,27.498817678332422,26.331733233546743,26.701013081994258,26.01476590997741,26.474021377514973,26.929493033866624,26.93361409074626,26.804839934144347,26.903173123270065,26.6177679051062,27.027373669725353
A1L108,23.870609155308795,24.0651347253182,23.21930262837765,24.226035483804328,24.444082338389336,23.936689400909618,23.66430456092293,23.958016895687592,24.61915987974798,24.19052620937694,23.094953761387046,24.104830809320458,24.35879388940055,24.8446815478544,24.074672677102857,24.276395930340822,24.002703054244773,24.34761099519201,24.26130008682059,23.99305319642616,24.247318801806408,24.57261195185614,23.86714929099442,23.90789354782788,24.91516647813567,25.015053034502756,24.06910656159784,24.48320428876125,23.863476332744114,24.807237883116414
P29147,28.551088499203992,28.443713619613526,28.204130113036243,28.381776040269045,26.148192508575377,27.401954768811756,27.9974239483706,28.473741970984733,27.593503267220374,27.75267592101416,28.416109799469275,28.40250349272021,27.798956103291257,27.545748045948777,28.360105030482394,27.706543769164806,28.024282359381154,27.5850989427961,28.11513003528284,28.05342362058694,27.87007349269481,27.646862486006118,27.180505536862363,28.372207502579567,27.529849690960077,27.69935745295588,28.585625742207846,28.126515401064623,28.4391437638478,28.038374034062986
P52759,23.434568284969977,23.390184670869125,22.949717567031716,24.507653577290128,24.643962378274267,20.58724473886047,25.726542143950624,24.226938599087305,25.47580361363995,22.36137090028122,25.44968685903221,24.4813591042841,24.9794783043683,25.178894097091298,24.715743327908037,25.175861383565294,25.49815299923114,24.94495906108386,24.886204404258418,25.016223956919102,25.716179467908123,25.514319535244297,25.165324083086976,24.932099000360463,25.50951209840386,25.3467082680921,24.28765262851233,25.776151714352366,24.535535498484258,25.28077576923179
P17105,27.34498286662252,27.262890722849797,27.08640453454343,27.376650157958075,27.150444514972026,27.401378176076218,27.52132037237168,27.44925201628536,27.663037048601087,27.495220472179962,27.341964492607165,27.298447054661462,27.287326488032264,27.57250975063738,27.500360178410617,27.593318725741074,27.52186274861799,27.47791276661244,27.510318978430806,27.12858061625241,27.5996385959914,27.468818523860143,27.210315649107713,27.70835957088884,27.528114751064106,27.7982881270031,27.69067444230915,27.55630444220211,27.472167361742056,27.858505460214843
P62243,25.733460349799085,26.107020544194928,25.75535867041874,26.42550733830072,26.11814793058699,26.35962620291369,26.018510800768077,26.295289945211472,26.32839535220437,26.320110878586792,26.01393692624225,26.612613110982327,26.210001237822063,26.367412714012595,26.712460217969337,26.631097772342848,26.2111792409078,26.49417727708452,26.441862177781726,26.338439831164802,26.843754891883133,26.505774174295468,26.3027052043514,26.61754642758256,26.628959332363177,26.55105177606906,26.819778709357685,26.333914161087158,26.57199891067938,26.51388622910977
P62250,25.2864104961848,25.036965786252825,24.80268148366815,25.442866738147444,25.51465018568015,24.600987074857706,25.10432508493594,25.184803692329314,24.76000123110212,24.930448716167508,25.117888318210532,24.70790752906312,24.770505352232515,24.7157076707348,24.18173860298025,25.26563806151938,25.308720097702732,24.673965551517128,24.917769820693824,24.975020399527725,24.717844850019823,24.665406972227938,24.880971436007826,25.28475773090325,25.516666030859184,25.694131195240473,26.131706279996727,25.528057942487177,24.69100737374896,25.069473942431923
O35964,25.156785474751427,24.805239610072405,24.595623223839887,25.08387089627876,24.99113538545596,25.645208955627986,24.80288357626089,25.60084684528672,25.362460319225868,24.792874376049596,25.802090423132878,25.45984270804177,24.753537941142863,25.36005127167814,25.511373424119565,25.44841990249313,25.208888319871512,25.087938100245356,25.388046724367552,24.76151081199256,25.270300566989743,25.1447187600089,24.747605269212354,25.4757711893599,25.405301248999674,25.6729779816062,25.86040650796126,25.396979309756112,25.60370996238468,25.343085828067583
Q76EQ0,26.968283586243384,26.648921282646548,26.945309283854762,26.72382972528726,25.809914644740097,23.11791742525103,25.89526504396388,25.97097063246024,25.888443439651684,25.81688252899769,26.87702734980907,26.07577955325254,25.541532666052404,25.928140087373123,26.723378924695137,26.518607733718927,26.775885814409094,26.24784075690237,26.13674102579847,26.0553045435076,26.632807778464297,26.44208715560401,25.723043767549242,26.380191594072926,25.329835751241756,26.837613588055373,26.739005106807863,26.03083190397448,27.081528561445147,26.6287001623717
Q63041,28.372579045107422,28.190489082793274,28.01421532979839,28.219411031974857,28.068895213121976,28.5597718888382,27.837419173044932,28.264639903967694,28.103057119372302,27.93127838514657,28.052161491314425,28.34908036019235,27.99055270553348,28.216564286853227,28.40923042136466,28.277850029282355,28.2452538221504,28.263014956407524,28.1825211342728,27.728484256025222,28.155276816436967,28.281472975250324,27.74828688583828,28.039798807846488,28.369048555510275,28.647520531870438,28.622306129699204,28.28749473931452,28.32277694281263,28.384838795325763
Q9JJW3,25.906308781386414,25.70795177282084,25.405339668910997,25.724362184910337,25.739875961045204,25.687977232376944,27.075303432768052,25.82927982727797,26.75207007207921,26.04412926261217,25.777081853744214,26.101411895885352,25.98220216133421,26.317336564159227,25.768806837073182,26.36347561104076,26.601651074662293,26.001003414280476,26.15933022359519,24.656112967692362,26.798798967127563,26.168143468246186,25.93191905655789,26.445854543994482,26.705891755900126,26.460966013336808,26.113792600166533,26.516588479900232,26.06247715419852,26.326899655001895
Q07647,27.77381941914001,27.351729264688135,27.590138324468594,27.29345991614769,26.486472742985384,26.359144727896176,26.72058890827321,26.577382298774914,26.7401911276559,26.684956238485285,27.41353480523069,26.87940132066351,26.68697716764868,26.564057527908677,27.626615442259254,27.11863739116499,27.384376440771852,27.07317585945478,26.969828881073745,26.891107604123636,27.339407646654173,27.000319094640844,26.89452285301531,27.42755626010774,26.40393600964104,27.569815955828112,27.739490125770473,27.02114094408326,27.527791505209034,27.140288734086944
Q9Z339,26.396104409646675,25.96083310231385,26.713262990254663,26.00165292390668,26.337456940200166,26.355423849290776,26.313470159764066,26.063198728675417,26.40601816008772,26.160900662095614,26.430958918298444,26.029784115624047,26.102450791880287,26.540975663768883,26.34855775262055,26.364409546347062,26.869470914989655,26.324377802867854,27.099228146904334,26.45268556436914,25.944154840649652,26.367476633469575,25.438238245736787,26.033618465614545,26.35784472085269,26.829474744273394,26.19086455882143,26.163683713484925,26.533337114775687,26.392502783599134
Q4V8B7,25.09736131020236,25.38939088247716,25.270419703419858,25.291357268531748,25.32577544906683,25.74885089869303,24.90277820706709,25.49009220392374,25.530631488192856,25.154557164238742,25.380164005374578,25.600684371648644,25.198521272687692,25.44514218538213,25.541082756944043,25.46813585098983,25.409994942244555,25.459625508229365,25.254135005692987,25.080825790374405,25.428016649756135,25.733063151066965,24.78524391462057,25.649579042133958,25.56513006392317,26.167091979609612,25.971229494523246,25.910249676651475,25.707553056229415,25.640247418977275
Q9Z0J8,27.824724517931674,26.707502435061794,27.164417574024263,26.84573625525307,26.570850024053176,26.91556584781447,25.780368114859773,26.48154767520691,26.578552623708966,26.320443443425834,26.82325626178941,26.83709644009168,26.280203569357926,26.43259337380273,26.755071097884997,26.63126319280109,26.59023949156647,26.615111760718534,26.316703521654023,26.142986152231295,26.26668060889422,26.228882478597434,25.7663697548551,26.34364687193185,25.898936409984774,26.807791965115825,27.061752041545788,26.157110966712317,26.774693975504047,26.61829472757242
P47709,29.351610908421186,29.252511883525425,29.17277004192033,29.31774640775949,29.260697064170547,29.442174662070837,29.449951703723936,29.408842427386976,29.389383409229595,28.966966495947247,29.30077343323842,29.364256085699022,29.16938344856415,29.395797201011234,29.345451366942186,29.388977983411625,29.263437371411385,29.41744810688342,29.429744867170967,29.124770377037763,29.56684403679521,29.414511383001123,28.907955095714943,29.567811000266857,29.471601104437653,29.742271204627297,29.608509151873662,29.495611442327125,29.675976460871563,29.47629232138561
Q68FW9,26.470157977515303,25.949989634688215,26.315960231839462,26.737819786790222,26.276436884989472,26.25893778973585,25.955752834347486,26.51658674798266,27.077209600085627,26.379253873116888,26.301179481016252,26.149886241916484,26.42504460591479,26.415640228980063,26.908189507314223,26.368651329713135,26.60283489809785,26.579127549198482,26.683017611598245,26.21376467655174,26.95373296257713,26.586496003557997,25.922159874671838,27.090663272427182,26.569759751068613,26.951349659713166,26.94006720662753,26.455322812446184,26.119979345557446,26.777000509851035
P13832,23.261511880080356,23.412113493433242,22.97036726684555,23.695490117856504,23.683271108629057,19.756727638088872,23.3074666386066,23.21617923435184,24.38103968394983,22.90155612532244,23.370761626582983,23.859811732952323,23.18305560034834,23.642478129652304,23.375685411018466,24.38339271277333,16.87779495937085,22.97436686331762,23.340372845799426,24.55582715594992,22.829081725623876,23.650446640587674,23.958040324258796,23.37235867798897,24.47661312643707,23.840256412459095,23.888248759759612,24.47475259554653,23.338296120563484,23.162732655629664
P18666,26.117879494852644,25.84504831093847,25.895423580109668,25.821440030169015,24.863858817896524,25.72063982572527,25.46358433306995,25.636501963179857,25.38232419165566,26.092269795857728,26.377947667093864,25.727125208303967,24.92260681327011,25.036582471046387,25.933572137507788,25.40773932185489,25.170176499369433,25.4214750951712,25.104358401457656,24.768567580593515,25.654627711883897,25.069880221636303,25.175843732469367,26.18988055817141,24.695547283422236,25.527818596802412,26.446320121212956,25.638625566667457,26.304114227532146,25.35131778656643
Q5U216,26.441557832586376,26.063216496309693,26.052618886814106,26.40588753487571,24.34312675663098,26.50354683951287,26.077042397586307,26.066475658146604,26.319449873176787,25.393886230582634,26.50193148571957,26.552890581342243,25.968456257338154,26.420246545479888,25.396016266156092,25.99600438859676,26.394383076456737,26.206744193081395,24.794923005171846,26.5857602939273,26.084913557538105,25.771111152522842,26.097999584150212,26.66495054324942,26.045219129142414,26.72446794481252,26.818220550351434,26.5458917193491,26.45583243548141,26.131040630633024
O88656,26.567445593173147,26.4488615721126,26.69745598367001,26.77721196119309,26.681438971922216,26.73812253469369,26.836833024303925,26.6665207112618,27.089883513740038,26.749845658839156,26.83635629969711,26.804629083141,26.359518434821773,26.689720392203004,26.718983637391695,27.03382453958429,26.232096832572978,27.089903922496248,27.34282656779558,26.8981763689178,26.680726173694914,26.306092544905162,26.203205837654362,26.795032442670202,26.8407761051165,26.891876242123434,26.663401630963445,26.7270164609798,27.022220125290012,27.119341664916238
Q5M9I5,26.157350829213474,25.82416165554379,25.761821433889455,25.971543327838106,26.14738579931383,25.942750507754262,26.259779533898968,25.65271341758125,26.36920407300414,25.724905832487888,25.418086171104555,26.04286821222842,25.600835196969363,26.015310020503357,25.80589911628468,25.85040390627613,25.995937990113177,25.973401469017702,26.17258692686044,25.257183121602736,26.15999075274025,26.107398722740495,25.67531204046465,26.134793848678658,26.25717330030361,26.353897522186102,25.91038446571047,25.606238864223755,25.616427524526166,25.909336590769154
P24050,27.431926943561237,27.18246209640184,27.489555134446494,27.340690987502068,26.97467426912607,27.61604754601277,26.707700576392106,27.287603958713138,27.11132848939733,26.814026776825983,27.182296993434495,27.415929760525387,26.806083239514617,27.00616807726274,27.534310944626228,27.18312151405421,27.04468563697815,27.02826549567391,27.193506306283847,26.641150623725125,27.04092609611922,27.050966117935502,26.380851996160825,27.502848086737536,26.728022217651546,27.356874962963175,27.707281976461097,26.91759734031028,27.49805244944711,27.299977672914093
Q91XV6,21.86710964323412,22.19336112196763,21.72364521833645,22.457525292257216,21.268375374834154,21.599072102089355,22.341911980728714,24.26860407011388,23.072019555453853,22.217128514222026,22.35363454685558,20.746106688298195,22.685009873310204,23.695444907929414,21.99053066935457,22.916241626379815,23.876811255772918,23.694817983373945,24.41515053044817,25.13543151168446,22.1487722929335,21.579193806293798,22.034858979831085,24.040126724579565,23.427120323422123,22.65650265956754,22.372536642225715,23.690897857063728,22.883041597622192,24.53092585836873
Q91XU8,24.34598363122534,24.343177377641325,23.783311398472648,24.654722865630788,24.694581036394197,24.850332038570144,25.054464228177217,25.29034864942932,24.944845185877245,25.29149768679335,24.329209158973423,25.18360145243153,25.1951634339621,25.46234752720487,25.260463675948216,25.13384778435148,25.29944117089465,24.98732269271513,25.215651173167487,25.424768313754402,24.564406416911392,25.093384643148415,24.980641829390247,25.546041968734695,25.388459200234486,24.869749543206073,25.623124904988458,25.45702149772703,25.277851984768954,25.421050052726027
P35427,28.41717477324013,28.280929759606934,28.10203166203057,28.402004648244052,28.21441474867126,28.435865817163798,28.49699363665988,28.3147945539492,28.47098449803425,28.418655771040683,28.31725679877362,28.329265236089302,28.345507443887424,28.4700643504487,28.437279876765178,28.499298016424703,28.65448167843166,28.360389196061742,28.289714907838047,28.149744666024745,28.47030021693135,28.452480668532875,28.375119760031083,28.5653613726554,28.35914246944644,28.483381609475188,28.56983935723667,28.60306235051103,28.56410768146531,28.489319710042604
P62839,25.285800916566437,24.723550064124098,24.969758127559047,24.965749986786236,24.833211736708925,24.894819381967277,25.81520244653479,25.312286106125946,25.05966850357303,25.889337579777422,25.73324598876817,25.71042614677072,25.5020512492286,25.576167959537848,26.402432614800812,25.967795865622307,25.979625071834732,25.531176331057704,25.622582678488694,25.964267354440235,25.51710764210312,26.275807922485907,25.667452363389618,26.442968395558797,25.707293299899142,25.76465320763894,26.247173072721996,25.435751812928753,25.82249423652412,26.409788213963036
Q5FVH2,26.317738686210614,26.190245260157262,26.137226134263027,26.15938227715122,25.72255560771314,26.073689083206208,27.173912177385056,26.47127091616002,26.873098430713814,25.011303760343576,26.964968069402016,26.888499776390486,26.65683978602093,26.52672741816605,24.863918969595517,26.688873149612533,26.87574371176932,26.33453965131806,25.55899837172425,26.081478861617757,26.896406318824337,26.60491002520751,26.348147069277147,27.648692450048927,26.846751891990014,26.945806987328325,27.38331357428529,26.90072797964002,27.160260833318763,27.09075030964212
Q4KM73,25.429324376060244,25.218540262647128,25.12025139854534,25.414465387682856,25.725976975231987,25.23410016083257,25.68034602139759,25.40297956345326,26.111474714248295,25.78402903370207,26.009455853618448,25.559752144025133,25.66576416666723,25.885477714098702,26.141466377401322,26.030862889863666,25.607429432324956,25.889029004965565,25.75270464661889,25.653872001372747,26.097058840115896,25.84189491543279,25.645262679763086,25.908753437844442,25.78590232100067,26.02805817144501,25.69905033573318,25.66475536996039,25.716524148238744,26.07280048033214
Q63803,29.847623533230937,29.755217525246287,29.722635955349052,29.64966332614571,29.516074403904643,29.47284488196674,29.61820752886936,29.515767007223108,29.994527661287634,29.52870023670669,29.48287046103092,29.928233829125528,29.742327604385505,29.81366339080846,29.662923665418063,30.012816597050186,29.95812543472759,29.75388436256422,29.723436907255568,29.547695306029087,29.696676012921063,29.810523925332934,29.489216038772923,29.48090126608087,29.73965349707653,30.158154084345124,29.725975051931993,30.02656475049571,29.75528608049122,29.979768164375727
P17074,28.101064818120918,27.494484261563947,27.948581030213536,27.767581241966305,26.999253751666107,28.04823330738351,27.38933082562002,28.014515193206485,27.394361561178208,27.65537384107226,28.384239885016708,28.348885059292705,27.171427501215156,27.99925668561891,27.91616501409699,27.935028236978756,27.862392812603062,27.308952491473992,27.393782516427656,27.66613914819544,27.48226702072851,27.619464857992515,27.322668469697717,27.842561754176714,27.440225822931392,27.5910317383238,28.45927261826676,27.808771290672766,27.708451068612284,28.051248516157226
Q9JKE3,23.364102452397887,23.22150286170928,23.182715165724083,23.543118397320278,24.49095306356307,23.574210357304473,24.813288634440703,23.82970768822657,25.073999407661706,24.73994903753692,24.062053983583084,23.837289049583333,24.65497515381753,25.454778213873336,23.224886960172636,24.608592223719725,24.66243493723789,24.374363144826567,24.686118548235115,24.07341106572246,24.146872622259693,24.618778783911935,23.949985272483932,23.504321114582098,24.943301149217525,24.853451055417537,24.078793198241893,24.942410875778254,24.51972106638269,24.725711051556278
P30839,26.497123332450776,26.11047052190437,26.462883081388473,26.40326117723045,26.409061460692552,26.919090056742558,26.178062462496488,26.48358482066726,26.665159242060966,26.627914937263395,26.020072635372063,26.78046593056575,26.1870050678312,26.471416641708974,26.443109775698026,26.597623966713407,26.20113992750894,26.307259990591323,26.452295653193232,25.659785831261257,26.397788001905045,26.360684513095137,25.78964540721063,26.692987149168985,26.2701194595239,26.942646959457488,27.02168447792381,26.12305042048405,26.54055436873945,26.971906269780295
Q64057,28.05380080281847,27.02851949954532,27.66737677755583,27.669552690759787,27.975817318904074,27.019345523221894,28.22008368974401,27.54450443871625,28.47176941566134,28.29361780229526,28.515802270756712,28.043228326596797,28.282306894628924,28.477425024960997,28.135447517910222,28.604895101125216,28.55284941429128,28.423448883742598,28.15165805337787,28.02406749691099,28.736577346183473,28.48725692786829,28.261445626708532,28.211498620304766,28.377762951851384,28.68877941668016,28.225862174148148,28.45870261695971,28.332397922837878,28.81029824452225
O35764,28.600859970738203,28.228910590797827,28.859048607635465,28.528993245868055,28.82000393814402,28.71710304562145,29.108592844743804,28.6373913530863,29.106658181202977,28.553981958275827,28.780508154387377,28.86052458328575,28.897470555066505,29.18426163030244,28.98176105200013,29.00922943651751,29.244380547824164,28.659493249024894,28.603567751380993,28.120240277989076,29.076225042559507,29.11787144810379,28.351159028679774,28.95241214349736,29.19665586559411,29.54831447500271,28.967958989254193,29.37944998961166,28.903566970385853,29.042275380051112
P48679,29.65072911376604,29.517782543617137,29.556713083046734,29.663809494441328,29.574374534794142,29.632925301640963,29.760206692857942,29.73511187001756,29.882212560002145,29.579325729991627,30.19815980514878,29.767709675692842,29.690146209725242,29.91126672996847,29.62321543515709,29.932779909894165,29.872682635704212,29.896118713037833,29.708663514911507,29.668619260027064,29.958218541996416,29.852873484854012,29.603698940672995,29.958042657481307,29.698403745015096,30.051378207056555,30.112643649493542,29.897478828460525,29.956642652339692,30.024256374899817
P17659,30.629494117348166,29.275360567400135,30.37717389736021,29.54883751769421,29.378739505832378,29.918151204081628,29.563414241997993,29.448801306870045,29.76949636229936,29.68611878373,30.49225630012326,30.121714928178257,29.5415788083928,29.859702865658665,29.879644885271585,29.80122155876488,30.204368326885724,29.834044313179156,29.46274578849756,28.943193110901735,29.464447159645104,29.68939535329164,29.21006250589054,29.62848711262301,29.38093808080123,30.095460291841675,30.471245431138875,29.884160822530202,30.097093783267933,29.99187239130098
Q6IG01,26.27467015537281,26.42939788618866,26.022321184140182,26.47792286254182,26.549361560484606,26.534514478658046,27.315275327390022,26.499190745217913,26.393126783562924,26.580992520901997,26.956610080043614,26.52407012762376,26.734725032372808,26.54160308898529,26.74222068106943,26.725650039146995,27.216655904128885,26.633120556110484,26.694251325139746,26.831179107072455,27.109232203931523,26.82709957202605,26.94950156691854,26.909068366256083,26.82374107980114,26.96639801177855,26.752447388634405,27.149561441384684,26.67966387097801,27.13087188789708
P29314,29.852787691974683,30.045356189642142,29.378889108133222,30.319463918772378,30.558888830201276,29.710023185344557,30.50567644386582,29.84422101885309,30.44076935631583,30.604948994462767,30.006260160759403,29.861781971187323,30.506746522590273,30.520949545663008,30.2394919333377,30.591952802515415,30.884778125778773,30.63484626854379,30.575869813148348,30.14300835777071,30.62392456682836,30.603420781894652,30.957292489049966,30.252142162676844,30.723226913911862,30.468466687324664,29.812564035962254,30.681980051002142,29.888742333471328,30.50327043158049
P04904,24.95924223459322,24.23908893019891,24.850661129191,25.076151188484175,24.892212467919165,24.678929703738735,24.15927838232529,24.132300758410807,25.256959607537812,24.52559679495634,24.173301866920745,24.899097586515726,24.834091810986624,24.785046234915477,24.817349781617754,24.94555109933022,24.990003761966403,25.223690668436312,24.671367119025277,24.733633644435123,24.570395728253406,24.788012499586568,24.435983768254985,24.938487763235695,24.673590899899704,25.601711191314756,25.053998589368888,24.809911854973496,24.943594940319894,25.13696365324606
Q66HA6,27.857949889654186,27.06051175163347,27.381421193417317,27.14214366448682,27.440838905275722,26.628650999035322,27.76823543269759,27.285736058091896,27.711106849132353,27.337439192216685,27.884550187911938,27.244065908291194,27.50945714631876,28.080007142342918,26.968050050375656,27.489728537824156,27.98840567541166,27.527289912227186,27.302104716228474,27.234104737696033,27.589225055229925,27.63966775303819,27.42462109846545,27.270890368992347,27.445355717156744,28.080738566513336,27.815428283177614,27.781683293861395,27.579166948398314,27.898644320851
P62483,26.343781883509543,25.98536394416084,26.234736292987304,26.262202508654497,26.367516365589868,26.342966889258552,26.258382353150036,26.07216414702221,26.63666216239867,26.193638412854614,26.243137670269835,26.175561430699695,26.304996381804997,26.706661011519074,26.30446187160216,26.41419572517256,26.646180026545554,26.539354784048086,26.447087539074726,26.069023490953942,26.718973231419795,26.734198200138696,26.14693684733144,26.360561014797675,26.781762470375075,26.987248064194148,26.351087526733423,26.514847733127695,26.14552844348068,26.685599708111862
G3V7P1,25.245362072284397,24.663337919085624,24.446403485280147,24.40070794005129,24.43536157406606,25.1608458004595,25.1551917542215,25.343416816199934,24.915953132226658,24.897208698466713,25.324308367262695,25.150097979579787,24.3325318587516,25.15594050060034,25.333151706940214,25.22120684487752,25.145210518645694,24.77510827172565,25.065306092400576,25.465446406039607,24.90684532906467,24.923618350846247,24.638453190698765,25.34901429654282,25.083054474925397,24.924877603586182,25.35575314056359,25.242981667942164,25.04839772478606,25.104695373025123
P47875,24.964763469352047,24.69836075650996,24.800190373390322,25.385297676934762,26.76566906861742,24.894815242820506,25.931438670202915,24.578615965222745,26.896033157499346,26.170320198076453,25.530500841435593,25.367379172141323,26.08454723939552,26.78062337423417,25.81219015499081,26.64720640911683,26.297649769976527,26.024296582571264,26.310778911126555,26.36269021322183,26.562509693260882,26.081968438112604,25.946686699851707,25.016720803635067,26.763386626765048,26.768727022026805,25.548440936566593,26.28794603689436,25.36536045443918,26.328761627516048
D3ZFB6,25.040474474419973,24.28336972563995,24.78260255631367,24.724237743723183,24.737751450447238,24.390427545719696,24.72444057607874,24.448061577202104,24.9464993245847,24.559701221236647,24.375749847277472,24.657732562701774,24.217462395233508,24.77921151507216,25.020645445353495,25.150878459711798,24.509574813012794,24.82108779160767,25.06607435366921,25.003764672118525,25.03932405292376,24.8237938154382,24.174075654549235,25.352260258700532,24.856306139897114,25.00569799529252,24.636867470718364,24.45552230501716,25.1333095015431,24.588508691984632
Q6MG60,24.706731286787345,25.28379702793333,26.02343423510937,27.284880739375843,26.08251030437914,26.97698839846885,25.88034365213431,26.721288902847405,27.554890033213812,27.66323932725639,24.157859035906082,27.42164412053029,27.705050338344943,27.68009458260424,27.880034099412356,27.857986688335124,27.527488798708763,27.84929403447139,27.310692263080337,27.7322730905228,26.322371733309566,27.309338808869125,26.99659669409938,27.908671976588966,27.50573414025145,26.788096103932602,26.955894992296326,26.15592731219194,27.372848084832217,26.475881703310097
P12928,27.126166091930966,27.341232509135853,27.34405069591057,27.337425874173647,26.947625875288672,27.48793617610722,26.56170259544108,27.270001113953075,27.09664604941907,26.73610371766459,27.10906662366753,27.29236580615765,26.65508794009754,27.03437848324199,27.32936603252677,27.358471158272522,26.975526644724173,27.189767077834713,27.09175668412629,26.580759446794247,27.093781751382476,26.909831607780156,26.62378263213227,27.5257056555003,26.723073557492487,27.181132091647726,27.58783375300022,27.085317539054085,27.502833001662875,27.116504613216897
Q62826,29.710213866370548,29.506867825126694,29.55415860508889,29.714230742028597,29.554016731008655,29.649116875125426,29.525427530460526,29.674092746475914,29.853532173208254,29.590408819709396,29.702123062510672,29.64833698498463,29.53859047690813,29.735972524325124,29.737463346977506,29.80163030664611,29.894600729176403,29.667830431442002,29.635641717474563,29.638395480993193,29.577587107660097,29.78903994447642,29.32266092472185,29.611832781483614,29.697812230385978,30.08041959063114,29.891539049826775,29.785694722409165,29.7587475384286,29.885259092726688
P29457,28.960120686294655,28.132768246584842,28.9014307966843,28.346416372245436,28.2914085963605,28.557933089251453,28.099361643730823,28.137802416894054,28.641248584788734,28.514842612318898,28.47709863546963,28.612852858975398,28.27454977915406,28.50282381828923,28.375490147147666,28.555379294804638,28.46173514282394,28.580790033034194,28.36621431819814,28.572307782784236,28.683947254437737,28.229432547977048,28.30324544036438,28.647309486294724,28.620712160162547,28.9370373180749,28.90801647172353,28.655971364224825,28.825896270884684,28.776873049917466
B0BNM9,26.323495681713883,26.237095792814763,25.74329370604803,26.600403366780437,26.433823028737677,25.899472193876683,27.41219648081584,26.494364851579643,26.838262680533788,27.2359386658669,27.280934092422115,26.769724895660087,27.014396675389644,26.80133506298933,27.627414080428057,27.474993611560006,27.492296835044243,26.994833305991765,27.135417862721965,27.131061763496362,27.584938435489725,27.83259204004728,27.638135710238707,27.379618874831237,27.07665994881469,27.259266113337492,27.127348315884024,27.234889010947164,27.153834221145658,27.546747316168005
Q63768,26.80496860937067,26.73979887401402,26.444701618876834,26.947297505458636,26.721099200118356,26.952632043962325,27.042892213346033,26.691313604969945,26.942835733166397,26.971724499870426,27.38990851840974,26.873066173494518,27.152830066330655,27.06758503469427,27.452465133911094,27.53241239859458,27.524441808921406,27.473643934198837,26.21356981151132,27.579017474320178,27.04091347585157,27.24959952380416,26.446943270879963,26.707886553356204,27.159134599920872,27.481692447274195,26.826413029820536,27.15189199254001,26.964597374929724,27.5136378770366
Q5BJ92,26.227950224039557,26.175067765308764,26.125188373362413,26.330699146604445,25.696086994839263,26.257321831318496,26.022550230107875,26.289409240214496,26.309816109265633,25.868173308293144,26.832363874601,26.543545334522776,25.97994462264346,26.345919166766553,26.07316941487274,25.830321077353315,26.42471503090166,26.144508271027327,25.7647486562533,26.586400340032192,25.810416524864568,25.854279407828717,25.518841641034943,26.55882714453646,26.039865642582146,26.006168110040853,26.72124139749392,26.41943779230996,26.53223304570978,25.90672556595014
P36860,27.14040308407507,27.063358665913587,28.767843080408642,27.1030720272198,26.933445837804182,27.48434269111854,27.174911840508813,27.35240546819013,27.70208820740912,27.587298887561133,27.205445476912594,27.69224970610812,27.49529825307069,27.735201012078672,27.64095850755216,27.588193732523255,27.707850675964696,27.730407979958798,27.39368121491434,27.661564253771157,27.752128587499563,27.716742833308793,27.273211715557846,27.530905333050413,27.871377743681553,27.814315368264346,27.84307508545431,27.920896508511035,27.588445485771487,27.802973025605475
P70569,28.81605762010589,28.501317825755024,28.76616420123311,28.646986624806097,28.66956452541417,28.83974360163677,28.469185267394824,28.645646771170266,28.778958185721233,28.66808784412906,29.156717716278322,28.887923851271772,28.668114964404978,29.059352380386162,28.91176895813448,29.032877290929818,29.237770762829292,28.808148027930624,28.680974841644694,28.41898268302829,28.965082302905074,29.02180579770174,28.529197041921112,28.834416810948635,28.926986775775177,29.247556765974768,29.175872378964886,28.81026320872907,28.880474659848502,29.299884106920945
Q9ESM2,25.99005013515842,25.01384572269762,26.546578841800436,25.744610730287604,25.6332974459991,25.3963397310607,26.619214838129686,25.452116136716995,26.032627053733314,26.509831906106548,27.631551584431357,25.75408763120939,25.75871567309231,25.911511235649424,27.08496182300943,26.60893976244032,26.776741151660424,26.35495197635473,26.271716894259658,25.519775946603037,27.154862500410292,26.63323315125507,26.59915768063704,26.73846701068095,26.076278587665794,26.594182912631126,26.379313109283355,26.316258848742358,26.34660743662667,26.616805234201614
P49187,22.357971145145992,23.842537745120342,21.53307133691522,23.98050811696923,22.754722695152527,23.610105848153488,22.12869185535199,21.97768872566399,23.3373388380969,23.255915864747458,21.772971766487665,21.89984589171816,23.172986000180796,23.040850681097595,23.15589175016215,22.645397431462282,23.569498676646027,22.344238400004627,23.191832027299572,22.190784124345043,21.42164158066183,22.486457102095148,21.11173593832853,23.305027140442782,23.013446851037177,23.040082237212133,22.86821078340857,23.174894146845862,23.593768299895448,21.400500332644043
P30835,28.286562276386448,28.122696178505926,27.78311106475339,27.877500346234417,27.516579395762793,27.820916741398886,27.825178373907463,27.993583857468256,27.584364824559536,27.514206361375237,28.50553153922809,28.016922445120752,27.576697176015372,27.72781556242535,28.325057801337415,27.870744358813955,28.080769910336922,27.893099560263757,27.817532817569283,28.237689290665784,28.176747622063868,28.059440999982883,27.711749373565294,28.443366359224353,27.687936991516416,28.000226511584337,28.409611011872336,27.834808045004362,28.219227920200133,27.88739018657091
P49186,16.00950625350625,23.331353142990995,24.170663802687507,22.89762453358739,18.124035936868644,19.67213686787712,19.911073838796504,19.808934135737104,21.399907246024483,20.865268240354666,19.835400055390014,19.726381369148505,20.25436137283117,21.134662811867692,20.32800836868103,20.04486650441283,20.43219977015357,20.340864046810786,20.5130835115115,23.26833771100394,24.163617809181183,19.007841525507633,18.446824209899873,18.052414485119975,21.067158762128933,21.36030592920267,18.62675899175345,20.648917295487585,20.656449686532838,21.097663747023397
P11951,27.366353099914665,26.8238788345398,27.019893218766118,27.431364971019164,26.835487807936108,27.661055744400446,27.6520974320662,27.760194133899965,27.611903015573414,27.32780004232892,28.863407635136227,27.948168681707536,27.164228908845544,26.98652596590072,28.383599747950594,27.584902305537575,27.768668922046952,27.609972946335994,27.06541321217232,26.973491979771147,27.38551335035013,27.084984917036543,26.846484282453392,28.023848722925305,27.61537139741725,27.129591356256466,27.906197579878725,27.664767350823226,27.51415499445777,27.4830300926551
P29419,25.22708258903304,25.073750828656685,24.849263346721944,25.53611487493294,25.855254886077983,25.351347339506685,26.431015930592494,25.327249892871745,26.294827446276003,25.623306896877352,24.762427434287194,25.39483655331446,25.937242960805968,26.21136420738078,25.676553205973494,26.27199420844705,26.06723741323435,26.001760956974522,25.969193533779062,24.56810826410338,26.284849762151552,26.092082312186925,25.901465356127407,26.036403491473333,26.558745175652977,26.61747477984777,25.26513064414391,26.279170069973606,25.803392736638035,26.230523466417647
Q5FVI4,22.73656974759143,22.988284857023675,22.962318076830723,23.57605816513237,23.093922199941954,23.698407887322926,23.138561641938075,23.890964401619005,23.221387434724033,22.907451608577563,22.18053925810705,23.417676860624894,22.823313103599727,25.104918147941856,21.712386462245668,22.208394270372445,23.68307625932001,22.331339282573023,22.972464155315222,21.62824945398748,23.24458823843803,23.17730760175346,23.094007866264285,23.618094539540724,23.11148416637655,23.781134836500847,23.770875685965542,22.026625851503034,23.76845758110425,22.97120193883416
O70351,29.632174493385513,28.44172194105981,29.241267397951077,28.725560192936072,28.897536483852768,28.466630261541166,29.252101129703643,28.23193430819953,29.45683304041739,29.046846732521146,29.084189113568378,28.76045638570303,28.933272172255936,29.327573940060592,28.637247402511317,29.20544811189428,29.520657503858782,28.99084359252527,28.656689769384847,28.461138038895054,29.275554935731932,29.020005164245685,28.93531120812917,28.619824437194353,28.854946108409802,29.73921087566548,28.938885951385586,29.544247337439067,29.23813204303412,29.242613222416153
Q9QX69,26.381070635819686,25.567241948186275,26.69916338808236,26.26671169056346,26.167784164619345,26.20700675292105,25.3416126820268,25.822097292887914,26.473429891134643,26.084387762715366,26.371383373761727,26.16266105757836,26.576269268882264,26.24043864559493,26.371655884359,25.942191520025936,26.573664940868756,26.226915646018195,26.07535249010232,26.738948401003373,27.181007490279537,26.15538805799506,26.35544703907334,26.683504422980786,26.60400492594738,27.115952738461083,27.00604871550128,26.015043301299333,27.02886664060213,26.452158776259804
P50503,28.661179572316286,27.91863686938289,28.200644680483173,28.36303069339915,28.1078658157292,28.39780958597365,28.23887319980935,28.184877297953726,28.74723826919162,28.183694733343216,29.034560911613106,28.614898215996863,28.228444289575737,28.68623799641002,28.291891218912372,28.74988567117663,28.833176339126688,28.561134482039687,28.298808417324498,28.22130641971306,28.873747752416847,28.808887177554755,28.276137401556277,28.400609601817422,28.60936316574498,28.721961082673857,28.79702745790618,28.73767305766982,28.636434357160013,28.793161220365185
P61227,24.99941259192567,25.09508803214857,24.561077407559093,25.51773942208652,24.39734081386966,25.670723673182895,26.107127197745736,25.60009925224509,25.012297939311065,25.95175260422719,25.642369060071807,25.772529585574993,25.15875070047603,26.40900730312432,25.38400073950815,26.14489315079196,25.929697178132038,25.624712305788474,25.053816761126775,24.63802128689015,24.892297135386624,26.217926035380685,25.384141568811433,25.411410835578387,26.236681223120854,25.040576561530184,26.20347481469981,25.27307129878561,25.419935199222937,25.38840874893795
Q6LED0,27.563492690293405,27.30174909796882,27.33526505217089,27.83037951053385,27.62916377978786,27.951491549059234,28.416351992802785,28.22020249391232,28.168086859173396,28.41252286234833,28.418638155539206,28.284078420177448,27.923407911545972,28.04465447238681,28.116247269660896,28.42060379921553,28.650105733658897,28.376602481099177,28.13009440864494,28.523780364033325,28.406128849567104,28.584757163904868,28.359232682911887,28.935413898806377,28.38826814746071,28.364409487377905,28.372454924623938,28.732288434092776,28.206937110123388,28.709414886161554
Q99MC0,26.17636696246826,26.295065741780327,25.746018892411637,26.781594202192625,26.99070623264443,26.214086033632007,26.484230797211616,26.48950874877046,26.88667124442433,26.521495600906363,26.330199636885574,26.723904217817555,26.96865576703981,27.284396829574064,26.489794677842795,27.040802892613772,26.999978335397785,26.888101351043872,26.76509734082661,27.578025524040086,26.98732169678089,27.146252735647447,26.43567088876622,26.476930918618987,27.586135615332637,27.420513730238135,26.424429995479322,27.109831092562118,26.49837958014637,27.041271931811128
Q5BJS7,28.274693513156546,27.063022172138936,27.416867491270107,27.317780652819824,27.151023706179572,27.672510936630815,26.550798214158487,26.978922921293616,27.340785995037653,26.69824690299644,27.62748670392466,27.395163920014937,27.233295294728055,27.6637358440177,27.543348659576193,27.458331865953316,27.172542818851664,27.282866494357698,27.184097490391,26.604308892287946,27.184057948387775,27.181811257616385,26.479253119433864,27.12990963598874,26.55235733142092,27.446393385253426,27.92171380083344,27.203043640647078,27.665100215618565,27.456128415387028
P10818,24.292287538690136,25.45964063081911,24.18190515773572,25.43529733349252,24.47854943402783,25.796340983812716,24.417062795828965,25.89812304751472,25.06201349250208,24.945962852929004,25.885331703673135,25.683013726771982,24.78964245982822,25.024656910777857,25.20883803621358,25.03349766370714,24.859446417546295,24.692462713985595,25.00374802513996,25.433520106657987,24.876409192116977,25.052482211094066,24.99357563363732,24.842974279933703,25.752502404732788,25.328643793585233,24.98397681446279,25.934241468251724,24.889633162380434,25.059244683581554
P06302,21.300881911179093,21.78421397655655,20.871390911623884,21.331959626169798,21.33201291196123,21.963665620561596,24.48156761343044,21.602353851565034,21.963751862449527,24.148652151921933,22.257556173537328,21.832703947110712,21.782325894898104,22.104575399974593,23.980158873198473,22.274919961953753,23.871287140369912,22.087674708318566,23.180082889148732,22.695172100827286,22.225986554774266,21.441693735973917,21.27753941017044,22.395898599691648,22.278181014025023,21.832045615907834,21.54786403522686,23.62546522313515,21.17185663984251,21.994939747519634
Q5XII0,29.763833680540458,29.81798017470847,29.293949967167947,29.28955205529129,28.060473962950148,28.748310320156257,28.54569570828573,29.415997410565787,27.75581341555263,27.640427807275838,27.51227419181992,29.147970734806574,27.869234289803984,28.136626351559542,29.019319144510884,28.446470412563414,28.594585282042768,28.836665387444818,28.790116975349623,28.715521026429556,28.65871456177468,28.45413312159633,28.096785671620314,29.61491865937509,27.62901603946702,28.450487441608985,29.09169873960678,28.769065070144094,29.456208146303,28.26735612747315
P15385,24.85436404644267,24.68145364677746,23.61465708308499,24.633157491117476,25.54410066387799,25.06232231831681,24.78442959364781,25.546769861813885,25.27734444679802,25.31144124986198,25.784425418666217,24.99848693114379,24.570732815179472,24.648410825570014,25.412395591485115,25.481761730651797,25.529729585856238,24.439533437494443,24.877227032324473,26.32653001149776,24.907428961360278,26.10705324026228,24.209449442559904,26.95860871120404,24.89389552597517,24.139615792005102,25.527332000153788,25.016133968755035,25.414998571555532,24.097392376592396
P46418,24.714663135919935,25.38820098603022,23.198605049335548,25.217778064592856,24.017564292637736,24.84762756893856,24.279170521721564,22.9095809211545,24.738799440037496,24.756123839640225,24.01098612892938,24.936330168142664,22.383636371116005,23.951373745727242,24.930103763804937,23.81049948755577,25.327037695290468,24.498673420282913,25.329620088935332,23.87448513762026,23.300532133408726,23.453330110813155,23.804787880749597,22.89992391410871,24.671734865383257,24.57028168582973,25.399541495266607,24.75836957605665,25.168818174363917,23.46322550370313
P62775,22.1272174326533,22.332859994137575,21.181447715615754,21.49348644989267,22.592792508788946,20.65132152640178,21.169098483640642,22.511480863538655,22.8447870179878,22.230443785992797,23.777631960384994,22.738799517331376,22.42902126530141,23.12636808355882,22.261356944115306,22.989366692697622,22.531983917294568,22.849357707902975,22.581077690372066,23.361776218402618,23.147000302641715,23.203203216372255,22.580877178780455,22.73586286723532,23.027442958153493,23.064963420083068,23.098626011361926,21.27471981072347,22.547954734092823,22.952550063394483
P23978,29.04400162925149,29.333499660217438,29.045344674195963,29.125428689558913,28.586701102783746,29.763097459459292,28.362680495187096,29.15763072626114,28.64263846570018,28.058590430849428,29.616637410372903,29.201472041309994,28.29725513748634,28.484332041773094,29.086375424520114,28.8473927812415,28.938908227188676,28.73053950961279,28.723783995113525,28.827099998789034,28.602621679793955,28.79661620055949,28.09300511040111,29.141337952906532,28.687542233962514,29.040167289009055,29.598599229150334,28.72438556787474,29.041335661367775,28.609645184497346
Q505J6,24.193600625548076,24.42609175778069,24.68276491039761,24.835639151801637,24.922135295951875,24.74977187697751,25.825758862158743,24.965464966975066,25.18943275276222,25.45044924573153,25.12103893274044,25.21930425802056,25.385469175693725,25.67716065484436,25.42507519236526,25.440456342271084,25.615682846476354,25.37905518942007,25.569623286323434,24.547935012758025,25.150140930244152,25.782281116466688,25.29240227313098,25.35100781705721,25.50883268279139,25.531843794786184,25.142557470730885,25.438451439424565,24.980947622087285,25.64506004058902
Q68A21,26.738570780178872,26.65399140963866,27.071632782822288,27.030818917585155,26.68637162460228,26.942748669727038,27.010276795587995,27.01358034615539,27.271732163996294,27.052107182885194,27.191732247928766,27.039781851315638,27.101140523138707,26.94343180681515,26.953068429030342,27.101166412592857,27.29060523144599,26.94282345377045,26.859846654039227,27.102091496536737,26.933561976647926,27.284401890041927,26.72003715633029,27.110857610004654,27.231687462779085,27.438265814907414,27.324530367892947,27.3362456780469,26.83138964511417,27.161236117828313
P85968,27.052528925030256,26.485076124591068,26.308418613051682,27.11436936900809,26.717872510812867,26.725588786486178,27.193664520211872,25.969801797354346,27.14917168403663,26.65080251557204,26.12458084254482,26.324140946332058,26.80850773400815,27.110427711755484,26.62093693422541,26.916945732853232,26.8188788774172,27.142618797858837,26.610093186334858,26.538912495785198,27.14005262278564,27.228989868431235,26.823646147683874,26.72878343087508,26.860967297274705,27.002078381292932,26.98079606005832,27.1046316613898,27.02972169011093,27.2395421428741
O08651,27.030360040544174,26.764697598468373,26.697771564295724,26.842622155378514,26.493668258163105,27.219781762698563,26.89172282957997,27.105886912413833,26.98705234383005,26.42874450198355,26.959330358450266,27.274534866268485,26.823737720314806,26.877998681693764,27.074551753095907,26.99700529474063,27.013653000050372,26.94211478658422,26.617582966411124,26.869705415681516,26.8605037700709,26.88895854595016,26.715911346303766,27.402208415303736,27.03939491580545,27.414060639805747,27.3546301730121,26.926166200193695,27.117102225489933,26.942096119251968
Q7TP17,22.582813394654043,22.489251815744023,23.3768941138216,22.465375523063198,22.485285214196992,23.027585032017495,20.72352294487059,22.21885822577634,22.000778100306437,21.36364993639589,21.768669881040527,22.747372859297904,21.387907672274014,23.205631892978957,21.551104655693372,21.496133434693487,23.055299509527387,23.49383082283248,24.71405019767079,21.37482529498339,23.122166087065718,24.163527261158574,20.906767129713263,22.29042722209992,21.681778332068294,22.257792810612735,22.749238918293457,21.56551677869711,22.535870931120073,21.797583119731286
O70352,23.34198348940333,23.70418354887933,23.210432423410925,23.76219947881413,23.741926270910255,22.685800939212797,23.856095925465635,22.887059187552964,23.559276019085065,23.37431627651291,23.370796141468325,22.824881508201365,23.61565242224234,24.070680170373503,23.486693267337238,23.53796655649849,24.188842425176304,23.564937118155676,23.82162802687966,24.10453477022568,24.077274715118953,24.221335987453354,23.876093376748166,23.068081211570387,23.69723034151479,24.1951644274245,23.105630572819024,23.69550703495825,23.305999541764933,23.47366054480742
P05942,22.585739652946945,22.904381171083322,23.62752643984427,23.807819421550818,23.531695464803335,23.733227942052668,21.43490967116439,23.06966773757036,23.39841295814644,23.219658650080625,23.282219801741785,23.661414090703186,23.785727508165635,23.371038803022135,23.168770038831696,23.49568120817703,24.170049282218105,23.76875313754935,22.70887370636866,23.609415373908266,22.26639209705635,24.659142626612507,23.163223837510458,22.604305386646036,23.327282114768796,24.295482464155455,23.883424746469455,24.136680891675756,23.31563292909397,24.133040333815913
Q9WU82,27.786271326828263,27.9746483305092,26.90396678399495,27.623289983865572,27.85003800777299,27.693602776103546,28.468856953923087,27.68890330557633,28.292482363716115,28.545014517780306,28.055934292223515,27.579081017580776,28.08002831191175,28.13405472925259,27.71861837453198,28.32319418548411,28.49727139983465,28.077568053560686,28.1521468197783,28.367509958534008,28.64988174473992,28.120859114876293,28.73601770418343,28.050940218365486,28.58910244185629,28.250093806171236,27.694226481925135,28.58053591841187,27.686433426508074,28.22664963448928
P62853,25.083757668269776,25.008615027199163,25.8787105114954,25.290047489177446,25.417371698004473,25.741136499156493,25.02811979601629,25.40244384157762,25.62074006072824,24.889719428799303,25.038212236930082,25.463112191346646,24.733063658712112,25.388692402092143,25.406046723016498,25.2604150751673,25.019157714455016,25.382996778059,25.094303505607293,24.949580837740015,25.41623484565596,25.294139164203013,24.65768937922604,24.89043896167373,25.70112005584271,25.901251703457728,25.554407705982317,25.397694088657246,25.682292390521408,25.553261542420476
P36972,27.07787796431382,26.855090077493056,26.839815706258857,27.104347010233482,27.507272790154154,27.45608923045718,27.538159108772803,27.367083037867914,27.805304298242998,27.50100007308327,27.299273298248753,27.233011655689896,27.524260131993298,27.47931712761555,27.863842861875003,28.0358842307485,27.529854461909927,27.38621753272259,27.720917729893685,26.44887281296561,27.908761997228567,27.445275947668467,27.258492910348643,27.945076590981976,27.74241105828812,28.01212106429748,27.70871592085271,27.62315855890812,27.873255745112825,28.00057692807468
Q01728,27.065415366813532,27.195002424673095,26.03744123786809,26.89019092392146,26.266136729073178,27.70945360223563,26.9352112210243,27.33901330410669,27.017583824543337,26.59151772409768,26.866891843245348,27.299122956536433,26.40024985667555,27.016754387715334,27.21073999414327,27.04209747828419,27.127260651659352,26.496475787847203,26.82511002271951,26.94871672623109,26.69741768088375,26.65039636461616,26.23171152149834,27.19641307889754,26.94491765213294,26.654795312370318,27.191275615516496,26.675794303788102,27.048957981457313,26.40985737884138
Q4KM74,26.49732023448838,26.410651824738814,25.103942837289697,25.950695330957387,25.259793087859673,26.088342879894398,25.46041000880214,25.793047167365447,25.42344130220271,25.370150477868485,26.774913837442014,25.840216799202654,25.79976561030385,26.32353604888637,25.677749181196297,25.761770649769772,25.911873265745733,26.032386743825295,26.072060676721406,25.285936810006493,26.22117722463865,25.91677355104231,24.866555609735318,26.603586803466523,25.645732641121324,25.935608815339975,26.82020400622012,25.539445029344144,26.60246742792759,25.95858231066254
P40112,26.059261940318155,25.88274384516381,25.184570853023796,25.999284570979672,26.152490870668977,26.258762864082833,26.37238553949179,26.197527824516428,26.500439595341454,26.109367593338003,25.99973706562545,26.206742251145883,25.86602098148659,26.232284800846305,26.1717864318998,26.403294419391575,26.63412837845031,26.19140396956846,26.444761484541623,25.99936390019283,26.45448168593333,26.12658969093259,25.952742256347705,26.278337878430083,26.479356178237804,26.718257455850516,26.151441833916582,26.576008478038336,26.258449394331823,26.42273271448272
Q6QLM7,27.87006070086768,27.97067475192401,27.605427339038915,28.034617423385942,28.09728208900225,27.797814231167575,28.95613177642711,28.208447013824465,28.61513909348558,28.865625007766315,28.8005068153181,28.40221679724224,28.605250655688174,28.769496412940832,28.6359061613218,28.8889413172264,29.164561187838494,28.76724128425973,28.807393338170762,28.922235267676605,28.692517176252213,29.17858534890817,29.121475964220377,28.789593767686327,28.92750917089191,28.730383132951175,28.80918979314597,29.097412887723113,28.4285082504043,29.169081748646132
Q02874,24.14707097244753,24.441596666258697,25.003295018779117,24.472023245916635,24.919084344536287,24.975121166290336,24.787532163940813,25.390448235143225,25.409383595494823,24.990375176480338,24.810285574337062,25.152838834407184,24.94582415744691,25.090315124056104,25.144530675897634,25.7014749682592,25.354779212985,25.11147187362291,25.12597498847734,25.6686752887936,25.06223789094147,24.833491411697906,24.746735095532276,26.01082720031219,25.294653287204063,25.430058371410773,25.73423112552091,26.074847828990347,25.430450302429804,25.31094613923039
O35763,30.005263827037957,28.95116351943521,29.625416709011464,29.272078828531708,29.41367176615586,29.070611634552613,29.242171965625545,28.815396151507134,29.47076768613143,29.193368466194485,29.44348559104114,29.29319699586601,29.30728032673189,29.50375872195432,29.083417951203806,29.438516222317332,29.795654022212045,29.544745017814286,29.00108652983777,28.870986916388603,29.380197867509512,29.32074326730229,29.18157413601886,29.355885370423344,29.28194940519496,29.78508976816224,29.54837478198771,29.566254532413243,29.401759543657906,29.694286012666943
Q5FVJ0,28.718677992324384,28.002143335076894,28.57511377701364,28.46681339917895,28.310578255255262,27.928963872306788,28.687018090582292,27.9421770806655,28.51446723004553,28.390948127556054,28.752835489594904,28.383982695738272,28.45551133411292,28.54784760665983,28.711290884328214,28.786670580932885,28.903797654002055,28.729647565304695,28.331782741553162,28.393685827164195,28.906351206461494,28.716622128654976,28.552323487326845,28.80312721560936,28.392773977776706,28.795796060259608,28.908151215679354,28.501081451318345,28.676007106356366,29.010333646845663
A8WCF8,25.790072194878856,25.95742976896682,26.02232855348539,25.122489271078067,24.245654446131137,25.203196931432196,25.45566462158821,26.05048732680792,25.14853393081261,25.134262498975293,24.829175615398853,25.8774228277098,25.29742986841204,25.476288460996134,25.960407270173715,25.037305819044022,25.149825008586888,25.213594831258217,25.035669045818935,25.472675326106415,24.47910701239224,25.503683846752754,24.986846179110856,25.8979338776169,25.793452423286737,24.977311011076527,26.693979056338158,25.348536892625436,25.434969158736894,26.10779418070263
P00787,24.019685874373423,23.95888376911055,24.37668568767559,24.555044950747792,24.07714409492202,24.08881674112482,23.460607547498352,23.994558927328136,24.720078395087192,23.41893408340081,23.858303385060985,24.219911368105656,24.112849696220316,23.80577899538536,23.867674014378014,23.691243211220986,24.156000324485586,24.468888991784628,24.314816414188268,24.33575919169199,23.96134529628942,24.471962233119584,23.599509298497665,23.95785259589496,24.011592159122987,24.640652381874517,24.187113677881005,24.663994459360023,24.402129812633415,24.204536537426833
Q63377,27.54433630660164,27.15058596546612,27.369559823414118,27.415937582555124,27.12978200095568,27.4244008863725,27.38611733969558,27.380207405925283,27.54524759411844,27.080230211349047,27.68572792831257,27.47428303815823,27.5675297483318,27.44486735765482,27.130590545793027,27.454120968829546,27.84278789346776,27.595567121046617,27.3505718298799,26.983949854596982,27.69872751896518,27.595435665149303,27.50081821673402,27.786434164955256,27.737914330381283,28.116990747102115,28.30408538899134,27.92724016392541,28.044993678717965,28.08789200848587
Q9R0I8,27.986652343973006,27.846320198135736,27.315090512411114,27.593386125156485,27.472352872268193,27.235656456721944,27.361485764039053,27.245164921382237,27.805459915648473,26.79826936302953,27.374168237853727,27.619416302071343,27.216239988484066,27.398567562799673,27.408549987286342,27.38443091740916,28.19722193871786,27.41298780983536,27.201518430021903,28.10157639796319,27.61597529098917,27.441420441126112,26.90235918560578,27.785800415794668,27.794020350429054,27.834030456216936,27.697373542927995,27.384284432920566,27.50700246248472,27.22657731539539
P10760,27.155939897320117,26.119893722653643,26.40058363243497,27.880074292985263,25.870726886488317,25.520268436879796,29.282619147813328,26.158048976613177,29.213285510274986,29.13557381917653,27.49014560467289,26.22244239525102,29.334529634177688,28.97015408130082,28.201999983123002,26.320804724867152,29.735923084822435,29.283556491962162,29.029614600682603,29.018953546450717,29.70023371410789,29.52344449144754,29.102849705996544,28.52835631976873,26.171719255127247,29.663609975881823,27.336820043870244,29.761246674107362,26.68318693700977,28.346458936497488
Q9WV97,25.480329387792747,25.450047584048637,25.738139685775625,25.732560942709394,26.150235868325012,25.5295996969639,26.52890926737071,25.744186643110304,26.330620424877335,27.11812089316362,26.125200318193766,26.204664482918783,26.081039739393184,26.034027824370252,26.73766907029441,26.428764094165885,26.12418977779237,26.124449175830645,26.75707998999866,26.871657595161384,26.43160189495229,26.152698917101382,26.37628199084415,26.067579071529863,26.547021108974324,26.437478590269404,26.260636035791418,26.65047155364989,26.558518341368515,26.63785980340037
Q6GMN2,27.71574357866032,27.40598951559614,27.846960577395738,27.817085563037438,27.964475849825313,27.65427617247449,27.384801536360005,27.133925520205004,28.39024760023628,27.60935437546763,27.588946647877105,27.761726913517236,27.48161746158335,28.235398677600248,27.960076444908093,28.045880054628054,28.16306830491386,27.96280595875282,27.897722492904993,27.640865162192803,27.951214267937196,27.843237391723857,27.528882335938068,28.07049899215877,27.55469504705598,28.405028862360275,27.992369116248746,28.12258593028302,27.846689567070968,28.025548775411906
P04094,28.931094936449266,28.86509529390223,28.46001057829805,27.790725984143307,25.663211824051732,24.87349293862715,25.512005823939813,25.484663335465626,25.95437286473957,25.368267528940677,28.403169695867618,28.084630703264907,24.278186101882685,25.973728306772784,27.55313339518832,25.043974285107453,24.46372407369341,24.90192125331041,26.573042100586353,26.84211656857788,26.252954063768186,25.562831922172144,24.23807089490492,25.137655048142648,25.230924412869612,24.92222405078166,25.169276156106736,24.387315528158773,27.663752759328826,24.412566669097323
Q5M7U6,24.97408037273531,24.91125428656835,25.086246659293607,25.163180089062834,24.212021340918202,25.488900069196262,24.688638853379,25.067454261239895,25.66803817210806,25.00871118293214,25.23161293661779,25.310657042543937,25.04290379248388,25.738626793826203,25.31371749818008,25.818206161838905,25.265562646568526,24.88600124127663,24.940537756184067,24.33429055007728,24.714116710014093,24.764801195531273,25.06851119783632,25.529835946167026,24.389617095462707,25.51273235640614,24.851804884814374,24.610353840354435,25.126176129090393,25.694126498133336
Q499N5,28.624080277145165,27.64088939616544,27.95841059095604,27.69490039555602,27.340491624064747,27.62614853601943,27.707586205368475,27.42091546991929,27.458377656299124,27.5617148310384,27.677448613104996,27.865203967481854,27.662167933589117,27.635565669276154,28.3200077435937,27.96357966426867,28.504696641112922,28.134397288828936,27.89871511417445,28.23146313586127,28.5127122185261,28.436290394181313,28.437026754566414,28.466352628035096,28.267753411881877,28.40338078447283,28.23406507277721,28.19840515175715,28.17866985392711,28.203581717368746
Q60587,26.329462046467917,25.494752987173143,25.908789412679983,26.145815677443412,26.54736306684792,25.830529388628637,26.958065525767026,25.915919449168733,26.936602407651336,27.0207009299136,27.075465493777763,26.480850296768445,26.89665740332182,27.094168192597294,26.692259966112925,27.111216687027376,27.159429492599315,27.022312780176442,26.716639005397564,26.846167897386252,27.309178393286192,27.12388175154577,27.000974476544812,26.849772039342845,26.96096490685077,27.190576897506695,26.453428284174414,27.12757949882369,26.61184628680855,27.30630986214099
D3ZW55,23.45369820636449,23.104364075788563,23.20289365217986,23.247194500131133,23.07461000651848,23.592131655739866,24.048075319764408,24.18449984941936,23.798441196556023,23.876827096742662,24.366000910708525,23.91561572492591,23.436401695894876,24.041365549010422,24.00679181362783,24.022910752686286,23.78537613507438,23.601382250968477,23.678596942464143,23.381294969567517,23.74229709906211,23.962923268638,23.729634291427814,24.168069147380297,24.101734280382026,23.812448938303387,24.013975505299033,24.059971479996655,23.734505177311355,24.059087039630548
Q6Q629,26.898302953216472,26.855339058277146,26.893708813641396,27.180634639930258,27.434339261384018,26.545090780860964,27.49252935512824,27.22113551114634,27.47692091711258,27.574181263127983,27.542180754042835,27.188185299110664,27.454816733509443,27.40110854375699,26.97256841611084,27.526583791958245,27.757940129726258,27.87032582893107,27.485924173803635,27.694189931041407,27.879316459041487,27.97235931448954,27.96526727444341,27.869694564751512,27.71418514557871,27.71912877687613,27.623969183241876,27.790731102459052,27.754413499038407,28.093963289543446
P37199,28.6707497303722,28.089318226315093,28.695566421468737,28.446351895814534,28.788181850176713,28.182323354495953,27.45663129015401,27.974129123018958,28.657432663264494,29.059947945014244,28.1209962762897,28.754637006796155,28.746975044145085,29.06754002924628,28.657002260345976,28.996354521332503,29.232675767229882,29.282098617015514,28.508457669929683,28.599765754062464,28.626385033996776,28.767809090505324,28.747388811615743,28.706301561433346,28.227580739183175,29.337379033276008,28.934578001704228,28.76601263884165,28.912173382873043,29.068871183897105
P45479,24.180355502136003,24.41799405268168,24.355888964181567,24.66724050510647,24.517271793929538,24.842106312742004,24.302038736104237,24.841548794041895,24.75473138442766,24.07111335284123,24.602591538542963,24.712669761524765,24.385880646625672,24.60801864457649,24.748555724139145,24.59530135181085,24.564049799308357,24.591159123426173,24.557449400604618,23.975919833445708,24.682095970286827,24.87828382825185,23.975449806877055,24.570249803880078,24.801993153344362,24.967197515283367,25.059373241439072,24.556911381620218,24.828002651645217,24.848374070141983
Q62698,28.878327537297768,28.005073560138886,28.691963873466044,28.18269642092398,28.028385429898623,27.175441300560824,28.0785556270489,27.951293576041834,28.47190087673697,27.796536733719286,28.563245636872157,28.413107162991924,28.30852651132719,28.653509738079766,28.072658314853072,28.70101740340121,28.9738395054014,28.478216293761026,28.210529278831267,28.25395779080889,28.334268628246615,28.477506971996867,28.30595835132374,28.599608312105772,28.717542436232065,28.817379303738793,28.76254525873575,28.508796537662786,28.480165289510047,28.420547350975614
P47863,22.83655533117025,23.441485200167993,23.247596508440385,23.495937926812736,23.708801208953275,23.55507499033085,22.893559608343104,23.42416116187349,24.191403258856898,23.685177196871003,23.2207353938744,23.66873509888232,23.397791501963525,24.513427367233792,23.85628408256611,24.080841309611564,23.207861359859677,24.10276951095736,24.482550860258815,23.855899690563646,23.561954003236224,24.2120017371508,23.592061590506656,23.710189995008886,24.04877199597429,24.084128324064366,24.035390464245683,24.581037646329744,24.022201387724895,23.354541837900147
P30904,26.63546981957819,26.417994565561983,26.346367362428683,27.19617392217516,27.713390720362536,26.98948418452907,27.72842634692649,27.00496213779578,28.03500209700285,27.483381912217286,26.972711303183967,26.98985362198217,27.705738683965205,27.96928326698373,27.083637117936302,27.587130954503394,27.74744285111451,27.622832880648158,27.700997286866926,27.929567430655403,27.879460217253083,27.976238297713035,27.544164389680333,27.394228272156777,28.033861729518854,28.108580733887383,27.13390006505798,27.94290480282126,27.232700141651925,27.874240536820217
P52287,25.784597008878176,25.827199228926634,25.57749402149389,25.994843273588444,26.279922884344845,25.91540204695481,26.59211446686264,26.389748617559114,26.640081400332257,26.663197785472757,26.010160277894204,26.210441845816256,26.659059725071227,26.680243639653458,26.521096161178413,26.975954353542598,26.717130558809515,26.686431498708675,26.768541062621452,26.790175837980325,26.775119902949466,27.040410343275063,26.61214147503903,26.64971095903335,26.994734576949124,27.080548350761507,26.402439887208576,26.975997948210377,26.52485393916043,27.174606603333164
P56603,26.55095050118931,26.320875798674294,26.279247378819946,26.307651202385735,25.633939835874788,26.876518149711213,26.057401053447446,26.35220332632367,26.24997008402306,26.40789347315072,26.437223923701705,26.285738126915707,25.404829025865943,25.840583207339808,26.31253113756206,26.106052350373634,26.02346686085952,26.49508295648008,27.000233427744934,25.29245193216527,25.949765278778592,26.436626132975054,25.74086809245759,27.12109352048285,26.693041654051665,26.216471707990188,27.43612905408177,26.097338279372465,26.395529959865605,25.8842815606658
Q9Z252,26.949728779227115,25.225952462464075,27.042949382968548,25.6731534608898,25.298174820075378,25.39078405851517,25.004428735504106,25.12493148997466,25.239754310661038,25.54302236256168,25.842690969731095,26.03367666283613,25.478010769873087,25.86690682624794,26.12429490646692,25.881692838433757,25.837147044426054,26.105120626664714,25.370985106635775,25.258724007801725,25.492870710309212,25.169458193678118,24.854065613873832,25.355957339421906,25.017675425187907,26.075032888303397,26.323923973984893,25.160948195622364,26.085614716089594,25.940881944819946
P40241,25.818395352991814,25.852656746771263,25.153592212577173,25.750154433021955,25.651589838311942,25.186044481101472,27.361099619971917,25.70458779653545,26.88086844631505,27.16607621397383,27.088508673652512,25.907581424942556,26.56955956685149,26.25007632574355,26.6166883844106,26.69177433181129,27.30237192318252,26.66961151462299,26.578529552606735,26.465640718861113,27.002530951422514,27.535262442169493,26.996473830846497,26.398005625754568,26.578359962113915,27.083552847169965,26.551027028428692,26.989443678092705,26.477270358175744,26.811470934738924
Q5PQK1,30.32624439427464,29.251129132887225,29.903644007652346,29.52427586304206,29.43617228195946,29.298478941829625,29.108181550544515,28.809812569109422,29.383427290398487,29.30064814462806,29.317179460581887,29.490439466180373,29.1495002973839,29.211275971202824,29.448371287842573,29.452359590329394,29.43037229684495,29.36461492325565,29.249502627198805,28.924282728977868,29.388480071356465,29.320044534141957,28.850045181084685,29.287153757340644,28.882255157031587,29.689478811267843,29.595823155991727,29.12159424315144,29.4773698913376,29.577155484792645
P11884,26.074902878822453,26.492370296850517,25.73808013781345,25.81460399976872,25.71847738819359,26.378642903709768,25.716291675021345,26.45118105288285,25.948253821627993,25.703611874579163,26.761240538090778,26.26690849580856,25.944139064072143,26.00398611816082,26.13498165485953,25.906886565476103,26.316682252049244,26.415419831211207,26.281370271085034,26.22907010263772,26.126622430786423,26.523953765318115,25.76730001328254,26.890614636893485,26.31492983755347,26.670008829546287,27.525671640962653,26.462953182320664,26.932763673887067,26.37194718082151
Q9Z2S9,28.127031599672545,27.75302497976408,28.340932908775617,28.070569244467418,28.19386227673444,28.029248590260362,27.656629966219768,27.9707546957708,28.416988892162724,27.897760373643276,27.818428310034946,28.143689772501492,27.970803944863047,28.259153250984074,28.433888224687692,28.453900114107082,28.10556468864403,28.12985781647086,28.195029425575832,28.23955281727181,28.17970716513893,28.195223960862236,27.581191413379464,27.86717594672196,28.22622645579226,28.5361493417321,28.355525707851424,28.33142481635852,28.382663138120208,28.392922108731632
Q6QIX3,27.826475649663173,26.623732413242728,27.033612388610777,26.419013023424316,26.325530714132405,27.12253160756276,26.009296512023887,26.296212690314373,26.29155577267109,27.045743499804228,27.59589257506959,27.433255714100106,26.85023480864168,27.23176273683932,27.59045367265403,27.348812565172608,26.31740174053862,27.28597165127214,26.538593613500566,26.46279484404603,26.474938691390797,27.330861861311096,26.265775705938406,26.675393112313486,26.51784523425244,26.692535809279935,27.96656246272722,26.574132723397028,27.14012709640274,27.73447642439529
Q9ESW0,27.75492317886638,27.357001665422732,27.453755884981653,27.2490095604292,27.58213586824035,27.58416808138393,28.354588280658145,27.62847737754449,28.07378620017641,27.665187536394374,28.222982478123487,27.6510272745697,27.78014883734826,27.949979062301416,27.695326049429077,27.881696522084788,28.259788785068878,27.87612754249357,27.653963340182976,27.843634062862694,28.16235489198634,28.09192100565863,27.782456079054896,27.983328388780564,28.08629421511299,28.29744697387779,27.916982882356198,28.322651004850965,27.856945074985276,28.06008333503262
P62744,23.275077355088182,23.09912902435736,24.48179031824022,23.846308309712025,24.87111934081675,23.3723671261829,25.31394427968937,24.120996294204797,25.95452508155986,25.42841570131408,24.02060343084637,24.520806662087924,25.414746776312846,25.593042664567133,23.960938672255207,25.648425391085798,25.506018837972963,25.274448632056433,25.00282158110524,24.668813302482953,25.215950978823653,25.728531389282768,25.016258645970346,24.461493473195983,25.728576383548326,25.86248010770841,24.580029956923127,26.073092961490996,24.87475971001293,25.778544043477588
Q9Z270,28.497624326166566,27.862371140061363,27.96479597468518,27.714536216039434,26.743852118435484,28.703197571555165,26.348506604574382,28.192753545623614,27.249376227316,26.651160645346867,27.819052907278024,28.034201866757925,26.592770453632827,27.571771821362614,28.06106599153101,27.38310901599409,27.50007662611472,26.952313154784342,26.071948841822795,27.111535027712996,26.345964490930875,26.70118173908745,26.036739171296205,28.05526115249116,26.811209007950172,26.980739532015257,28.26417970149164,27.011450080401612,27.96469886955764,27.514431808761504
Q6P799,28.37382073015634,28.291994798711777,28.39122111190103,28.544844884698627,28.253816808646853,28.623649461092455,27.99092006648101,28.472596625498582,28.49318144901001,28.241339304951868,28.450098273405196,28.537064984320114,28.288651435674748,28.388234137116015,28.564198553279933,28.44353700942742,28.436461227842226,28.447068027347616,28.462937016038907,28.513616624055157,28.379508680135626,28.416823736668473,27.854002234678184,28.61712842937339,28.380489966658132,28.789881593675318,28.865104363193993,28.536327497040446,28.788814959399243,28.693776764228826
P53812,31.27155232365368,31.52276737372166,31.048142754703402,31.067382229036177,30.386710191903045,31.124510952785293,30.439672064553278,31.09180619994068,30.36473322356564,30.440405322904375,31.309657058274567,30.974475915019447,30.528172364611294,30.375782135777744,31.04422476342791,30.68659625990271,31.26782832802339,30.88057835552909,30.969116686295752,30.61756370909274,30.858984074849122,30.745838476360255,31.008137010877057,31.22029146252496,30.834787756778724,30.70067817491007,31.42274584094944,31.0965631829284,31.094126509036705,30.719538770799975
P27881,29.97616063683827,29.703118526549215,29.658042959071988,29.718564071853805,29.539864089792836,29.960093466757467,29.24666271981588,29.675047674499876,29.741402157932782,29.674831251829758,29.721207003944137,29.71910321333946,29.474081303586996,30.01112239035697,29.55841194303919,29.707245525249657,29.77753879353671,29.656382243344098,29.62091931039698,29.63614175635773,29.417254536034182,29.576926643597606,29.11401066868835,29.460696849147347,29.61489459824809,30.007409340687673,30.026157863487175,29.91478209832771,29.898009036124115,29.80245497852722
P20759,24.66863463822711,24.24977164241408,20.02940670733756,20.75634324394518,20.83339855868827,21.385685489828564,23.106627153359838,23.013056297098483,22.401684342887126,20.557415320138226,21.816309873596463,24.238304005798753,20.614013434130317,23.821987452144057,23.6506627360618,21.0488633249402,22.267571532870722,21.825102708801207,21.254213649724374,21.06764771245895,22.545537089956408,24.407135282415823,24.653299286341735,20.603025792761812,22.684745196646297,22.36901072537282,21.723053647674554,21.694010939166724,20.468270660618032,21.370340465175943
Q6IFV4,26.78023799445394,26.216125560627443,26.25830796214325,26.579186536077042,26.218086325333392,26.19350919081032,25.535592509292876,26.18196493318616,26.40068871628725,26.164224251732676,26.685890671800312,26.5817310997935,26.243842592420748,26.65472554890824,26.509713370467793,26.523416402788413,26.063261848052857,26.376582492033066,26.516904146322,25.91407103661588,26.252718760747197,26.224210104414748,26.054262536065693,26.009163747072044,26.202008736275566,26.792903256304655,26.713497707115557,25.993869837720787,26.418858875820504,26.048203379755535
P22831,23.496746827589504,23.65331793193364,23.54542146310916,23.700882095523983,24.112146715682726,24.27063493593934,23.569584639607193,24.139764878062227,24.40170217831306,23.501759755048987,24.40149845728618,24.003748947147983,24.08364800185925,24.539272329985558,24.009106957173717,23.779867157953685,24.194408874534155,24.22242738252886,23.578613570240385,23.854564437470984,23.951942532377387,24.414990525752618,23.396357774579155,24.211737865398856,24.337208174160466,24.642479809806115,24.419104696967,24.720773274931695,23.800379471396553,24.360326460629857
P52555,25.226620068372963,25.06189367291669,25.14068114329666,25.118821565195862,25.40337483949601,24.81635493431958,26.307061778562566,25.717296694229265,26.302733459675878,25.397777044790608,25.82312895643992,25.498059019540264,25.571988104470144,25.811199050345405,25.42598875614278,26.294101728017274,26.262922213247098,25.616750697415657,26.06786386299705,23.967235880210954,26.082828607483542,26.13390950119671,25.666147596032037,25.77538856876698,26.25134316087692,25.990021783234553,25.685744460343766,26.19506091587946,25.675309189910347,25.949843493664122
P47861,28.01641522390772,28.32963441127645,27.863740214042988,28.323934489765307,27.875095335962197,28.24086521117441,27.855481643324865,28.39245639057581,28.111829433180933,27.687173451458246,28.10076279843679,28.33445630327013,27.835561392893837,27.96856896470485,28.311418289236013,28.262660603281777,28.27990869547482,28.164109813583615,28.07670527826407,28.01688724963331,28.161599241251157,28.273818302065283,27.6473899776661,28.36639610040016,28.246886224353304,28.501792194488196,28.59560941107689,28.35737345827546,28.352387050155656,28.149286280770877
P28572,24.527115485861422,23.942244254735424,24.20763755542901,24.297159645964168,24.305988673473784,23.689923406476737,24.420927746568978,23.88374074671139,24.19263332932972,22.48083496740104,23.816268205519858,24.428836844833352,23.14823867434225,24.34963557423801,24.594758939337602,22.80595853357286,22.41236108943178,23.615262062453976,22.804862372256192,23.889022074767794,23.622890334246073,24.00311780739502,23.455006197347192,24.389144476091133,24.35376350866642,23.666278948150023,23.66412579058415,22.709732566860872,24.037876871579265,23.965754191511916
P49621,30.687412316046196,29.395070423554145,30.42362679109695,29.67164458991026,29.557539167768116,29.99101138771881,29.67185148379988,29.595404753226084,29.913015652313828,29.77928261452778,30.565912797000202,30.216298271704655,29.651311943873008,29.999986820089656,29.96874772644113,29.939445243417055,30.291088338195706,29.963286990063605,29.604283619039624,29.1336159192585,29.64133148317578,29.82829026916525,29.35557761169479,29.75625814398043,29.571528812077418,30.234658089812037,30.548791331043013,30.026396688005214,30.20961978218183,30.128994026591577
Q9EPH8,28.615255377965525,28.350971313796308,28.311199443513168,28.509282926179548,28.212682126100184,28.28882484503229,28.16950881431537,28.505577732350574,28.69442851964673,28.360036942192895,28.60270444963222,28.61982799254519,28.293625289271933,28.469042060706983,28.591244627714836,28.436210048873445,28.67925267563332,28.45184756081652,28.593618423760635,28.690860915030267,28.708258431933626,28.642011079159147,28.070282549682084,28.560474221169034,28.531072373190725,28.900256688727634,28.736873962387023,28.485748903912466,28.6727698904071,28.568522124443685
P21533,29.047202507832647,28.859322216596702,29.00737713520417,29.301157933859212,29.424725332120744,29.081818815386654,29.86971817792695,29.153323736800512,29.72444291927206,29.535982195615198,29.80771405791615,29.247301563866984,29.578025238073998,29.468666102925745,29.833768370400563,29.70904498758019,30.24052123157849,29.61642800073625,29.32901194062411,29.537965271461076,29.721957754965512,29.930982963279725,29.55801052969322,29.56908409255636,29.531823580437695,30.001689290849022,29.426613534132116,29.97010991166555,29.454906690041632,29.79745432019006
Q4KLH4,29.193006039340585,28.56200409828968,28.723178794955714,28.670662795417446,28.255580522900576,28.57791914558136,28.709633043591577,28.52037449369935,28.319955087282754,28.791716757364142,29.0706167227193,28.662311979203512,28.426641727163933,28.710720562956347,28.78758887718562,28.851141779134718,28.86388638798264,28.65706339050231,28.21342609874259,27.998898059280986,28.70551636793746,28.880867553239092,28.85901774314443,28.693048338393563,28.278737176720398,29.12401816355041,29.04680109707567,28.72116406148864,28.773413477840815,28.92953083377271
P20717,28.34821460362269,28.049721881588138,28.010980055055796,28.45957096091185,28.399158736691174,28.576404109872357,28.72844051808407,28.299233687798,28.71104295818044,28.543082282678878,28.67519654138959,28.431502172189727,28.324400153626883,28.349014342958377,28.900572925182836,28.679798336755738,28.74963010917032,28.489553414030603,28.421236012038378,27.91101233021353,28.430980534500087,28.45370237392372,27.992516198523088,28.692806781938792,28.630755088243212,28.737252753771127,28.43473773567021,28.40973875655891,28.294510210750094,28.70107854432277
P00406,25.263816600270285,24.876119015316405,24.83102843808384,25.195291190665095,25.078889068084145,25.279392329214527,25.45723720304302,25.293407022477183,25.42011654754871,25.553941744431917,24.687960231753216,25.171779654485263,25.070487411995657,25.56217929337746,25.64717239738758,25.68768839472785,24.99982021116766,25.299712814344815,25.483720503416237,24.419453876286898,25.30727532579225,25.297387239672716,25.132429107303743,25.934757408243698,25.66633806353837,25.58223221666405,25.52054532440291,25.124125874601834,25.138170068313393,25.876212901894725
Q62703,23.884561589226706,25.423623757044084,24.560083939041604,25.659164537533496,25.119533115952063,22.45677285125072,23.436269952163283,25.263216068090067,24.79949576437019,24.311211952028383,21.67930099824026,25.40042712632032,23.335335234000027,23.990950747950638,24.12949539497222,22.981891486014277,24.765268144828728,24.343462852307727,22.976550926012333,23.657593329833148,24.87044156585286,23.49123073652288,22.84656156844774,23.455375480475087,23.76526612745214,24.83833916979378,25.481861238260635,23.781278698040534,25.106837841896205,25.055256407696508
P61150,28.47514297390737,28.15821578905989,28.16496480685253,28.08854713521813,27.666365129626218,28.17268305945796,27.26990418184139,27.86634707813738,27.641153397840718,27.329264925952003,28.107929859408184,27.94970144004395,27.40063633816914,27.668701112531686,28.218089447598093,27.2919810011129,27.738138971285533,27.650821991347204,27.681978924371943,27.97954399799714,27.93738404264333,27.736115321284373,27.293574749232903,28.400053592663077,27.56340225294284,27.90415344791579,28.251075567309627,27.28214167192928,28.259978949887703,27.356527251268908
P04218,27.479456634426665,26.8787180993672,28.170240791518783,27.867777945114177,28.195517735082117,28.50779274177357,28.347205795468035,28.463226811504423,28.62785278985363,28.093427782876105,29.31582636337231,28.513227311208365,28.156736081510378,26.49809466458064,28.6154824482639,28.362552459714248,28.72074637247378,28.345350111807118,28.123074529304215,27.618129740949787,28.149435979635317,28.305093374999228,27.887714155753137,28.358045481056294,28.37314336137824,26.47667244430708,28.680883761331238,28.807643489297636,28.329079639081,28.613770607938832
P29418,29.71082945035616,29.471946612609155,29.54719051736315,29.49178352767008,29.31367835827831,29.755510272964926,29.104462122264867,29.52721644792587,29.573214099520683,29.51704868021796,29.634158797863435,29.602568001410223,29.30014714386542,29.885302171248988,29.393852839956523,29.459263989819473,29.63570539809887,29.468194016867685,29.482654254601435,29.373861813399532,29.20934380968275,29.419523645954797,28.862146802495698,29.214323521696905,29.411939073913896,29.81783740594553,29.88733689103143,29.763460850647228,29.661999238621387,29.617485571636667
Q4KLF8,21.860935618425067,23.045642277553277,23.393086872673507,22.866992909375497,23.691002273630698,23.136843811653698,24.07654256340844,22.261499633501355,23.951996896159237,23.9581323348143,23.55997902502446,22.342939492601154,23.972309913359677,24.598006540339313,23.551598701876845,24.595287193341658,24.55391709939936,23.492807047628595,23.407159798665795,24.10011572033716,24.66753534661205,23.242383886606174,24.676716980932067,22.396025839817238,23.908410946384155,23.686439560549918,23.445282002717885,24.128718960840178,22.67755046967136,24.336543231950994
O88778,30.387992083762786,30.107741398497332,30.163754875332238,30.26109728377712,29.84732513510417,29.76497697943658,30.368197047640248,30.233117019141925,30.165442207068896,30.19221033026245,29.9490877966718,30.129587263400957,29.93650500314384,30.050527834713144,30.517688261111957,30.273992359440562,30.375892470346443,30.188871054897234,30.26981177894965,30.022343506714098,30.321984876932422,30.12507174236643,29.962739642662726,30.375345308922984,30.00980320416374,30.435399843322397,30.452127618490913,30.1249781293042,30.335519031246637,30.259519602696557
P01835,24.195019333591926,21.902633643963636,23.6790131741118,23.10102574112986,22.779570885975385,22.190672443297373,22.759017525683603,22.581279050579994,22.9583902689312,23.51995832586802,23.753781854388645,22.67271529581459,23.107210369655718,22.65512106949855,24.234614634333212,23.796793946872178,23.549241652220633,23.418788633513273,22.535381347418372,23.222394067455166,21.858715992188937,23.603322477560386,22.661011896359426,22.799450630998212,22.760159127850365,23.071195062690805,22.84811987846384,22.22040061808917,23.032809531103286,22.79600087990629
P19132,27.699942228782966,27.070628911308518,27.197497156951986,27.08955867316786,26.928809765798093,27.050231321664953,27.300212756072508,26.93545830730936,27.152650233472865,26.70793584660626,27.010251085018165,27.016279947902735,26.984102186580685,27.155672127246255,27.33530334056256,27.272022800186146,27.03532384535537,27.067223824525744,27.136965911361436,25.795335432503737,27.278911784277458,26.939032156740467,26.655750298329487,27.437222804102287,26.929062303336668,27.49470604551387,27.25565375762647,27.12183025785964,27.463503214865145,27.172687468147416
Q62847,26.765518660204837,26.319736736261742,26.574773899585725,26.613920673695503,26.518460791450234,26.385531767371628,26.83741995337619,26.50046039106896,27.02651118107752,26.530012331166866,26.52581987109398,26.518389191264625,26.693572974924184,26.800417643213372,26.794310307168082,26.937746426289323,27.268329178834488,27.099725760102547,26.98492020995408,26.805580995963947,27.31981810987485,26.925146687347045,27.144258719828724,26.92882580971122,27.319065374367405,27.218226597640847,27.062115772120954,27.297286725993803,26.795223153216337,27.064052614940852
P34064,27.21889563090548,25.692067445087787,25.602186517257405,27.94244047015181,25.659438530378623,25.19450060686539,26.231990381928558,25.253991104902624,26.384561246814513,27.50998701716974,25.66216379692593,25.486470819171743,27.905941145761258,27.97777097528088,28.408687885930473,26.094491975658592,27.804933552153077,25.78972157381602,25.860300607513825,27.374498727437054,28.277947101668,27.287435465860685,28.155734376934213,27.84041334933418,27.70071358815912,28.281801399472055,27.495402226039097,28.832033105092837,25.93547429853204,28.153958927552907
Q6IG12,29.25951802051865,27.94783859445847,28.616750548266218,28.562935090022332,28.79571631300717,27.984871887283834,28.32157173937359,28.017577862130334,28.663984805348022,28.446057706982245,28.653673437226562,28.605435581675852,28.745881075003265,28.99972200088338,28.611230872346283,28.913126377355947,29.056675300180444,29.047609148150137,28.505847969307794,28.146788490298434,28.94985357597277,29.10005798444448,28.806035084712942,28.68779010439265,28.756279464335332,29.473605857863593,28.895604762704505,28.845054998234993,28.858592987883572,29.512620474429514
P62703,26.506218955700486,26.620398778636943,26.538988179434018,26.46436759744103,26.611618382160984,26.693818465403005,26.90885569196888,26.998663454790407,27.08581076613368,26.80944691712672,27.38327317878324,27.149483007492446,26.75983582337359,26.97187808514092,26.648035970111014,27.161108229993907,27.586692037235192,26.873541943491073,26.384346841320728,26.73891375718279,27.09463343158045,26.99711421894504,26.859993230760185,27.176226015932734,27.159087776130967,27.357215437261367,27.2883794816543,27.256712312063648,26.86093945643959,27.276261984834726
Q63421,29.80686452598373,28.955649232414043,29.625848911480563,29.253640120702553,29.584101432180553,29.174178310528163,29.342527742348114,28.998958581316526,29.74836072028712,29.47350020047047,29.713641955033946,29.41376885998426,29.53837063583594,29.89508707420177,29.31673938265626,29.727011435747293,29.929758106009043,29.671075245284495,29.302709291979806,29.038284216354835,29.560390047263983,29.73727264773057,29.28371434922548,29.323861664801566,29.471929230266504,30.055296007842635,29.741060963220246,29.744718621686122,29.605741056343,29.99746679721991
Q10758,29.344214788628918,29.418887722213128,29.39546468331476,29.187015951333983,28.806856797925338,29.37754569183108,28.670204082936106,29.215591279315877,28.85171822855244,29.08570581973519,29.35581343530413,29.25576807359221,28.885078832881803,29.015056253127042,29.30145479648149,28.878278809207053,29.36445547436945,29.278510640222873,29.25810733090957,29.206051390608838,28.991970835574165,28.59417781449337,29.084132835105937,29.432229108191695,28.854701686131847,28.85871848610062,29.549845434526326,29.333403537089723,29.382594970570313,28.698346617431596
Q66HR2,27.705493809238067,26.524676937267504,26.92988150673049,26.77243670337723,26.40792487502189,26.69921763437325,25.810622035119415,26.168592198823234,26.400059874119663,26.116832822289673,26.723217430726066,26.62149848445372,26.023027091477335,26.44922112526158,26.608663683032013,26.460164016255117,26.39690505511486,26.404565028549705,26.230596427362165,25.75373480899026,26.185310739637618,26.111753426525073,25.580760763784095,26.133626022757316,25.850769393507324,26.536408492813976,26.789682466610678,25.946517869669638,26.5063554370066,26.365013744072353
P61314,28.680461307451555,28.469069523044222,28.38417928493529,28.767581056691945,28.97958672663635,28.574170587866426,29.15942607113735,28.48280157352418,29.225734786771635,29.026385750398507,28.625994836014513,28.74234055988935,28.919746881566425,29.06903273510185,29.00500092478722,29.215296608523854,29.273946704315374,28.882446862664224,28.90411292155621,28.67281168003488,29.026179340217464,29.267320073901132,28.733799992414678,28.975583282410273,29.00290215319866,29.552035746788587,28.75579260254118,29.17531434649059,28.93787908040531,29.20135910633504
P56536,30.22519559595405,30.035937111681083,29.688767834567322,29.819746760404445,29.493179852474338,29.118073237891018,29.783550186021444,29.289640238648467,29.488193194334304,29.61482659455189,30.073681008216305,29.585999241955324,29.76060205351023,29.72049001911612,30.06441567998234,30.124500853115382,29.90420020107556,30.12560741590416,29.472460935431535,29.15434303769086,30.35724464160181,30.182029532300927,30.07448519988291,30.248612165016638,29.69640844342923,30.48208767249555,30.318350562444543,29.572730738009874,30.11053706797772,30.1340576170527
Q66HL2,29.69583832611472,29.3036053840461,29.571699147022837,29.3893639890936,29.007253538178773,29.176543493001216,29.24847560748198,29.139660793935764,29.205774826457194,29.354752764621477,29.462848489536487,29.424438696447492,29.26411963477265,29.16623256260946,29.784525929459704,29.522148171026153,29.437183001319536,29.407292949225088,29.43762113277812,29.202471568212164,29.50719799903376,29.338816803337703,29.329238516597343,29.63532722238742,29.321629830219244,29.748122378377104,29.66553928229044,29.417093674985463,29.6705183115944,29.536279698773626
Q5XI22,25.957191705062638,25.93629606156951,25.494059529790018,26.658561130488884,27.05510921141754,25.96901268882135,25.721140346584257,25.70493299036521,26.980173452034176,26.673231898889476,25.766291471652057,25.61876789198013,25.97936565386242,26.56972817442074,26.77009301888682,26.29256702870462,25.828821010247445,26.153228311661298,26.19805512004914,26.6552851694635,27.282724799389655,26.006038950461203,25.88591878902827,26.096336543198284,26.103854891975175,26.452432023723507,26.105636272118474,25.698650131303467,25.892699785115234,26.473364625366166
Q6AY30,27.438222343791573,28.108492774234996,27.95826745115177,27.806104849893746,26.928460993150942,27.857101453911824,27.28325771424747,27.752289473126453,27.14727886042152,27.117944201525766,27.865685619257548,27.537087671135232,26.829939817555996,27.41874878701206,26.998791391009025,26.76574722033953,27.85866626920566,27.4733666712567,27.529698969191724,26.834000913347165,27.396895972006188,26.796191711631124,27.41745995508346,27.76501884781314,27.400363892839117,27.100266072900016,27.95185060686304,27.722544875710195,27.752476058774292,26.930134243169178
P24268,26.2416485823509,25.73502241548937,26.073014511460794,26.4068091749813,25.84429587312215,25.421553561225554,25.285953754391453,24.845702214078347,25.654221008416457,25.098547938676422,25.244898296186708,25.494591547535034,25.94498097182172,26.236423562044774,25.513970788566393,25.625821068917148,25.389715035141613,25.35536764552458,25.501179219513194,25.022583427440303,25.943517640320355,25.259257309825603,25.291764682242817,26.152228903033706,25.24047641888106,25.863314372149702,25.387682961622083,25.74083212467091,25.759252862031246,26.020542875881468
Q52KK3,26.297060182257834,26.088907926728233,25.82027882456617,26.063064005953393,25.33695188596885,26.63501801590508,26.11152718894579,26.926712727913145,26.067445947179582,26.48049126259455,26.438699363588928,26.713981303552934,25.92449220946369,26.51200528122944,26.615169548057192,26.382902191678557,26.28421588660205,26.19390587986922,26.19125937020927,26.385860664875306,26.418845954901858,26.40998283159315,26.217664800307357,27.059887150171896,26.511297971196445,26.376732644651447,27.334482380808463,26.162976120513456,26.445196873455675,26.691304551007047
A0JPJ7,27.826257933879415,27.37963942550948,27.093372071150466,27.471620161452883,26.97191237430171,27.355238297653205,27.776425591871682,27.57402884821057,27.251031222386747,27.90089027370725,28.380508546098447,27.60911003329068,27.41536186172891,27.299292725272686,28.414751030018344,27.820008713897472,27.884923785515912,27.601393655758052,27.494469818859976,27.39649745491232,27.798239008872766,27.59744880930347,27.532603772745386,28.37049077099433,27.016105627897844,27.66968185155934,28.3379479750814,27.551493045201727,28.060606048991037,28.07850746934439
P35465,25.736988382224915,25.651096022662518,25.529774884223478,26.487831760427795,26.741408233038104,26.12805627274598,26.28961718680909,26.030642041688246,26.81023354082047,26.33204253425276,26.072037033286133,26.29723841552705,26.49082182177757,26.72409033308292,26.17820421416945,26.569835810276473,26.572210329502603,26.826979784094345,26.22279122085158,26.945714118946476,26.538695559722747,26.443992005301702,26.322686070504,25.954183300672852,26.717738074057106,26.947112243042852,25.860476492188624,26.821773320644862,26.167772495444403,26.95491500218281
P97576,25.709580446653348,25.46193883762089,25.74217675776734,25.44156226093627,25.127463057136083,25.65702813282639,26.524759325679806,26.248666633650352,26.47774860257853,26.098242903849616,26.15392118336165,25.907786956166557,26.03937507142138,25.952904113025962,26.698522783341897,26.6968763253033,26.755559977520214,26.30799744626577,26.02501105481571,26.30598886394129,26.33248621837847,26.318232525561946,25.781930342284618,26.29830354350717,26.4911251241579,26.735430468894023,26.011830172589708,26.59148070097821,25.69799783990901,26.772474542547364
B2RZ37,28.55285773114232,28.5320977949086,28.940121819280606,28.54968776422972,27.853255268105034,26.9265953916942,28.534698141154866,27.556522711084092,27.883845902372542,28.431698156211297,28.215903542513175,27.791721196920136,27.860073408796904,27.64132551094262,29.022516946690512,28.377573246630117,28.070965726729582,28.26642803182136,28.16110934752352,27.362934448780358,28.841584956259748,28.28075633015165,28.50661782548885,28.67225766347488,27.949394529275196,28.647856916548445,28.779887559631305,28.260486695913805,29.273780313793164,28.557494102149715
P25093,25.567801405098137,24.97238382130912,25.75986625973049,25.812931056032305,25.580990534955543,25.155473888541213,24.86370912026425,25.000410174052863,25.547813602837834,25.586953702625323,24.99816896463008,25.680821976865708,25.25413898936951,25.67034851971375,25.173315331166368,25.917095523365443,25.59425753580672,25.883479283934598,25.298977134770677,25.026906332266808,25.506618994411575,25.603589454456987,25.099289955345476,24.9369169815938,25.350249931696307,26.114645267835304,25.700017038630737,25.142151473801846,25.68669347547484,25.685661599061657
Q3KRE0,30.5656487975106,30.37789284785563,30.249044235508478,30.25936372935402,29.738809059759713,30.37995495152382,31.056664419916242,30.530641510150332,30.137299721487686,30.71510537404728,31.755111232427154,30.523362924460706,30.30408111008539,30.165737442582444,31.30598901733758,30.80667165661618,30.95786549111985,30.571423504842116,30.290619987650796,30.053487088967646,31.02664737026493,30.750185042832292,31.0040976334496,31.266502481473218,30.3676559779193,30.71860839088383,31.269619560915352,30.822713790941584,31.003381543690416,30.783355684014897
P56571,25.342772770892267,25.900330513902333,25.07961998255869,25.9157388418691,24.760781451512074,26.777764740025496,25.495963917809252,26.83583760548856,25.345165329082402,25.60227690321883,26.655872786694065,26.815003736869627,25.21078870403666,25.760148784116886,27.003303360992895,25.843213181961126,25.631192969108003,26.16991694212169,25.46470198634733,25.176577775118783,25.364075095325436,25.372537647891306,25.17908495101972,26.974567061634858,25.836197778429884,25.523633207457515,27.374917904945203,25.953519527971366,26.403163297375542,26.001697474771575
Q2PQA9,30.2059558288626,29.792111797685063,30.034994598062795,29.951020138221597,29.809594528847036,29.530107114283737,29.79767003278625,29.511024292448827,29.800146255790715,29.798429443692577,29.920995597920722,29.761813387755055,29.736629721089876,29.8014250556355,30.17777106738817,30.021059066299493,29.957594576692518,29.848995253849512,29.76684681652402,29.52364772821868,30.082178157373814,29.947485397690535,29.677034224632422,30.036769960496713,29.737259534097916,30.294816712140495,30.215732480115552,29.894606457211538,30.362271549805534,30.149596291465325
Q6J4I0,24.774634362338983,24.72228233530648,25.138111522361495,25.270137665330346,25.549014567597247,25.21740663819829,25.014455485568604,24.749039574826732,25.402342114274195,24.986444866975773,24.594446379411114,25.046606256160604,24.671556561305962,25.172640381828035,25.173943240245872,25.5193124130009,24.661175759296885,25.349942132052654,25.185871254982395,25.75246647859648,25.758583867705752,25.05723820457213,25.00164815684508,25.674098592027658,25.645567955961873,25.47176393339577,24.809254128852565,25.4644662305702,25.334158829576815,25.21969335758879
Q6IG00,29.029090720198088,28.65994116136773,28.84145516320146,28.779933305408445,28.14971357311137,28.431676592597864,28.26177833848779,28.74308608859437,28.39841615902785,27.854831212984553,28.966691045603927,28.96299584280902,28.330071390164907,28.28082137970016,28.40289866197748,28.622940460745987,28.544451703711662,28.648466258736065,27.912241714749072,28.493536611608437,28.838965821838123,28.413472110380354,28.26749368007698,28.838067091970505,28.525131914528394,28.61836246777749,29.12853033050581,28.509361314241314,28.980944177548764,28.72771466102193
Q9WV63,28.5000406870414,28.31247791768825,28.845224044971488,28.501568811853794,27.92871706233586,27.842324604238193,28.21154281747433,27.716408389783044,28.34641643789916,28.100352353496692,28.213364024796338,28.41044926812412,27.71584552323834,27.80140496966275,28.567958283770714,28.315769987054065,28.34299088944224,27.757253108258066,28.189626620364017,27.893715415552446,27.89668986404576,27.98142315843135,27.66310533751786,28.69028300387991,27.967845759970707,28.690374010362593,28.979535642808525,28.627968724573947,28.648198844541625,28.38856885583012
P62856,25.014170716115437,25.961777332959173,24.888170928068988,24.87322392271674,24.06103298861294,25.017691033603075,23.931885037107296,25.314632340130352,23.517852694508363,23.8750347986517,24.82718492211105,25.233304940462972,24.32945228272079,24.557869332811578,24.44840678871559,25.07103995736688,24.307671986914883,24.998807915086104,24.43122051646441,25.208621966500438,25.531355244544315,24.596334779558138,24.21303648093872,25.25328113652466,24.697491223191165,24.970499736447174,25.736325848865036,24.135705988925686,25.39055671240509,24.877249947977628
Q63210,27.863908149252058,27.65867108744617,27.570591866886204,27.658742918526553,27.278537302400895,27.959283494263182,26.43525246464592,27.80635884517928,27.827431903775786,27.48188415480733,27.81696977496283,27.97864669832551,27.386013717129696,27.85258918215034,27.410931323882824,27.863884033986594,27.0878472265888,27.954265630905834,27.839745650971743,27.938410008213975,27.537649680593457,28.096849708539164,26.630407035948657,27.83666595658879,27.728962736786247,28.157193191548195,28.086967666282966,27.519800865994775,27.988674803152662,28.012923015260988
Q9QZR6,29.859678956455983,29.46835211654478,29.751589574118366,29.80691567676869,29.534630375780726,29.75173012493618,29.68625916753957,29.654363430038245,29.91569399090266,29.55427332529487,30.019362326514248,29.833118480305604,29.74685307637498,29.943456618281814,29.729336825537327,29.906557409185957,30.006172385738864,29.953058018767596,29.654325636016658,29.58434400398144,29.954949785692758,30.01869641880402,29.439168810361693,29.96416934682228,29.835931193255707,30.191410808972638,30.093064445595353,30.146984624432864,30.126151452870968,30.23016089093703
P0DN35,25.730805011601056,25.280239003535375,25.377887322743995,25.512019433089456,25.523536721121054,25.479344431742906,25.499099878645435,25.641622208775818,25.8647968032935,25.52822622332348,25.827077787633847,25.929935639049127,25.857047547968758,26.312658860711597,25.713089140935562,26.05101942011946,26.112971197173145,25.954188596112186,23.767650701205767,25.176496179897217,25.47659253571414,26.04454872868837,25.693090704909125,25.479069848008123,26.021621072222153,26.200760853363533,26.06343343516007,26.010351750116797,25.782464132251647,26.378086057224483
Q9R1N3,28.72317994236429,28.329660056446478,28.66063940841482,28.33858751906228,28.139658990616844,28.450208939215916,28.40122619431455,28.60181523306455,28.506312468379004,28.183195310872023,28.818687910654067,28.62198136039415,28.079239736695673,28.60416374062828,28.726692288954172,28.654875439665258,28.824760051616853,28.50069977572112,28.363109943689018,28.368048632978702,28.549117751312693,28.650458962568656,27.952027869027347,28.87460971103547,28.266606612170317,28.84454653447979,28.864722706023265,28.68957980314343,28.840793933834433,28.649489696493212
P62870,21.660135043280743,21.664319828223437,20.981319240845377,22.035152818486043,22.050584867810564,22.549237347700853,23.559693389045826,21.60512837109362,22.175045267971697,22.95611407308538,22.389882190844624,22.09570550467679,22.7800815978665,23.257801584858292,22.914825066911604,22.34802671656717,22.78080065534923,22.462889201415884,22.63441305814514,22.975727335322752,22.497178661140374,22.943535592218662,21.36505306210297,22.16077454259812,23.09140477655506,22.73970810408871,22.435274546737805,23.366897926460627,21.01391997838343,22.80116616310454
B2GUZ5,25.379424397777484,25.460230475722952,24.68538900435662,25.411852605620076,25.133123575057887,20.377863844101626,23.360653165743955,25.978657021794636,25.19955312668486,22.49251675083262,23.03337918336855,25.917557050521598,25.17171371556984,26.327472360078335,21.67401630884904,25.548205335794844,24.32478349856278,25.53428699919534,22.605260748374484,25.64449417999462,25.594985890945477,25.5904775764622,25.163510720537115,25.909400973574744,25.726051142531148,25.668086249866043,26.048383756070745,24.607419706680005,25.90321293597176,25.79550069679629
P08050,27.29616133116352,26.346713152815557,26.89597357713247,27.87974001624402,27.342015683369024,26.680490761791667,28.467676108369606,26.48116795696103,27.670759776638373,27.076969170180142,27.416429989976177,26.856396405750516,27.553625938706016,27.88919136028058,27.187646581865117,28.559373608700092,27.94966971753191,27.68188283628666,27.933308523567636,27.301926943123586,28.598917678690455,27.63349140488554,28.091694569743307,27.460206735039083,27.675683367452162,28.43730799313808,27.206504914837495,28.10780512080462,27.33005201568061,28.53383472376953
Q9Z1Z3,29.897669358099296,28.808168163256916,29.75176824778973,28.989284049086,28.51684151147165,28.951597328876932,27.970022365325807,28.496140275503365,28.530430774940708,28.417299605415863,28.872444864537368,28.93055902247304,28.18172167221269,28.488554048836097,29.060906963441894,28.647083043714787,28.66311718105656,28.682969573588803,28.518712782596467,27.864218265009253,28.47375150160062,28.618491374044524,27.930903277885196,28.585139955300665,28.039560426974287,28.831529051898844,29.130776563982305,28.233031816296762,28.883113694201757,28.667940510075027
P62755,28.193417533189876,28.0971360613782,28.36718061139328,28.32293727247717,27.078839223176473,28.248108821548783,27.856494016168558,28.053579885374752,27.71159709174172,26.81347116414809,28.108772176518006,28.1407478931306,27.21822736918052,27.347474996119804,28.42774654990774,27.542244443144014,27.92663574441378,27.60286243900605,27.023712598413482,27.305951984778655,27.96559369431443,27.240164660720776,27.289197036952345,28.65865786532377,27.261203413065697,27.780007136568102,28.972164389405002,27.69565438207581,28.425307719851116,27.79666139194346
Q6Q7Y5,26.416240781171023,26.46851492726932,26.43543558648706,26.466469210713363,26.186410707758608,26.653569745006802,25.857443636090025,26.60056588624378,26.45374548508708,26.25165602053981,26.19263882205991,26.757885943145233,26.207378154664703,26.440612485293506,26.71481235938718,26.556767638265498,26.593202071528403,26.997296890162957,26.41581343618788,25.692168384767093,26.7669485199905,26.086531424048346,26.03820721492248,27.16597058813904,26.592766528285726,26.837788513551438,27.16333980167456,26.17438074093714,26.872385402319498,26.80731315116658
P19492,27.53216134358433,27.53117528530061,27.323168194400058,27.573721212163335,27.08628239751564,27.809618219885643,26.975053535313233,27.68754949580074,27.347939046129138,27.249376102414615,27.53675380198693,27.71120701638623,27.063160835403618,27.376416048202916,27.646260908036428,27.090223114811888,27.116644642961234,27.45404785661079,27.760162218590224,27.29153795446585,26.827140667832435,27.131913686177562,26.98565797049409,27.663767307321603,27.041834868370234,27.304605684360514,27.966318646971192,27.18741650389665,27.57881791307094,27.05793778470036
P51583,27.856379588675033,27.349887530814517,27.554403080158572,27.750777592708115,27.69160513419139,27.422931579817536,27.69514947855262,27.375746208420388,27.87079720581859,27.706140902539534,27.704170878182378,27.72546287701245,27.95198140096766,28.009591261118484,28.02178695700345,28.046948306165156,28.224895640229967,28.053445900530164,27.599866427400972,27.53259873413899,28.133409403671376,28.03515641923304,27.61166648063934,27.90598171786803,27.929405034123025,28.348006564613797,27.878099792988603,27.936898427082593,27.74122839780529,28.180190840062323
Q7TMA5,32.03733543942299,31.28816555599359,31.7644149704247,31.494762451341497,31.135033595040156,31.24002699313765,31.068736956194815,31.20428270298899,31.237190431169964,31.131416295837226,31.776731810574727,31.60036769810826,31.188656481365243,31.22292631099006,31.757652141532336,31.566657776232084,31.66594389396754,31.521552140863623,31.25522104528852,30.98596176364472,31.601002648150537,31.441878427693077,31.218585782773626,31.80597192844954,30.900761943985803,31.890936042272674,32.06814185709046,31.3984871159953,31.79561356023205,31.690038059769837
P63326,28.012261606828215,27.72540655145602,27.70690460168087,27.6297577433763,27.32484724601942,28.033541029321633,28.377226913000786,27.52608754231534,28.212002644555913,27.92242225746759,28.113113876597374,27.877880431113187,27.81263951662169,27.65667884160764,27.947144820981908,27.89081795127486,28.239434076580892,28.395108802957974,27.809097220084926,27.539986397390436,28.273812739031243,28.432457220465423,28.472176988969213,28.123908827952494,27.819328538314974,28.71012116364311,28.171879483047093,28.505365252841834,28.04019208253394,27.861476460675263
P50878,29.019395642272613,29.043366927523195,28.917479750826452,29.1680921235796,28.88884994358812,29.28327004760203,28.867687035766934,28.98950940793417,29.043965810516863,28.841073502233137,29.12906349479469,29.045035529369855,28.762540973410534,28.989829347550348,29.120106586642358,29.145863522655404,29.134960511732817,29.24179358835914,28.918267256489568,29.13050411751948,29.161622969226958,29.2199565805978,28.728711931562877,29.292639061668464,28.8503445693489,29.482765225315653,29.378797978296877,29.139347737253914,29.22771877017044,29.13136353956092
P53678,26.317124982658434,25.861026264747807,26.12029733544836,25.7768047337838,26.205781347740878,26.180030312527304,26.035799030922757,25.64272776080792,26.24364090153767,25.89720570312942,25.588148264622355,25.793152383438976,25.921644405319206,26.28276019157828,25.91050935510919,26.095792643085964,25.840327463536156,25.957542626359732,26.329036885338176,25.76776926936372,26.10813465654117,25.80614795595442,25.50445070979695,26.112533812956976,26.07189075440246,26.27793586705202,25.97298845465036,26.082878850101782,26.19558060745371,26.184151768178552
P29348,25.149478888838182,25.141497721650488,25.021471054968593,24.93115567703701,24.275625351806188,25.3346656759341,24.082382909917637,24.807556085170024,24.214683063071032,24.040280324993297,24.970283882875766,24.810537069261564,23.761961301267142,23.773791220718245,24.543125589710804,24.33426652428167,24.273116079399472,24.212729260911697,24.61417513707751,24.53752552006518,23.876826066531567,24.005416842104555,24.106409086311523,24.13213487067931,23.856076765767757,24.48149214135274,25.23432662982984,24.819768407289725,24.863771572952253,24.377677540017974
P06866,26.650162265052,26.817925725598965,26.129310059734912,26.752843216686056,26.61373577942402,27.081964854581916,26.391111021209706,26.767471596229445,26.750983794441424,26.6434157162474,26.929342062806395,26.627999480083552,26.51388503594909,26.72661247242109,26.45268719408007,26.665994495979735,26.69497498466287,26.527193024968508,26.507771908070982,26.39600193107263,26.384302651519548,26.732253012853885,26.294345651203304,26.43838035985373,26.673287619381632,26.636711411267964,26.598874033489224,26.55312664902873,26.303661750868194,26.500273154136032
Q3ZB98,28.58984691845949,28.338718634120784,28.672257763546266,28.570000924400397,28.468531960201116,28.77996382813956,28.010316228794462,28.578504359499014,28.6655941247568,28.136511322902898,28.255378043522377,28.68623366098396,28.42677313154672,28.480264735874815,28.69592655046748,28.767680799519578,28.626932299423725,28.63606860542133,28.5678936401278,28.362700293262563,28.79107670670722,28.384471624290395,28.09397928935832,28.73706040401135,28.613804704667068,29.007867895091813,29.033825991841923,28.58461192568839,29.016142463554452,28.848670803787435
P02454,30.343377824886364,29.760791715279797,29.954955065063643,30.07249612226032,30.219362349977576,29.61455644671254,30.12490802579138,29.711252051548907,30.34048371897849,30.12174933895987,30.180605521757144,30.02266443425028,30.070472748885802,30.490415780065874,29.976839765469354,30.392109557813786,30.403400894747406,30.409176684982167,30.08647069630592,30.00703818340547,30.489213562595364,30.43289273556119,30.191722807748313,30.026251751956252,30.301407125389076,30.721067463570524,30.24330922729853,30.391584264504555,30.130040415225846,30.644812578758394
Q6P7S1,31.318806577043457,31.086597162707623,31.593322701990342,31.00071003222314,30.73670911487126,30.34295701045764,32.07907167159265,30.761445147941235,30.780445892102293,31.51799272990158,32.076337612438174,30.93011464670918,31.07872049039126,30.81791469708039,32.25084532916006,31.689546666016415,31.913075611860677,31.442659595354915,31.099853849966916,30.28893263768352,32.0428754973751,31.76994755217512,32.024832975539574,32.11358679293331,30.8402065597787,32.077307499651276,32.12910277445178,31.747301406207672,32.052564371350485,31.681469229484343
P05426,27.09541818750774,27.06667900373765,26.922142400736824,26.941616255579923,26.83256841451543,26.550579659932346,27.26527930790503,26.485439188754203,27.082135001535796,26.915486547606246,27.507510953148888,27.032149016637515,27.019178845678322,27.093110813275526,27.077838589645157,27.104368365892874,27.40402504448473,27.147356509220636,26.93525276195401,27.260037681973227,27.46387918100301,27.00016230285593,27.027929161820982,27.600410609733235,27.177754570595948,27.546004452027766,27.455589238782014,27.6273271284656,27.416933510785473,27.34812406902218
P13601,27.322416811517268,27.232115807983735,27.502350177475805,27.00907877835393,26.26667334486751,26.181346519891605,27.107781130775642,26.3607107073934,26.124066670858355,26.413795352741452,27.35725885347885,26.653969347427154,26.428336629110692,26.140327934095854,27.736041204935116,26.992460929210296,26.932414540783025,26.806601487410582,26.606177599588538,26.060486525358808,27.44965044136389,26.937690472064904,27.22818112001796,27.735324510434733,26.33891167895271,27.418376463943975,27.72974690766911,26.889096736609424,27.712017156654493,26.985256034961917
P62859,26.047927061416896,25.03236008682069,26.242238079022957,25.024987179583125,25.040229636582023,25.36703691799229,25.685336458966844,24.82012096961293,24.95221738213359,24.697728521534977,24.979970323160387,25.35175984630111,25.242588308807132,25.561079035883036,24.73527311285601,26.415277234595134,25.954265128851485,25.1951964961465,25.076228688168175,25.33734563472262,25.616868411301674,26.012983331968137,25.437288490346425,25.062727786034127,25.481687080045365,25.393537148502027,25.71157317895125,25.868075785400976,25.38502770042804,25.982011277882982
P0DJJ3,26.648778128659178,26.211284253207406,26.799281357081682,26.337995651886615,26.19025771107883,26.880130960399693,26.93329330483934,27.046287511843783,27.51275725373338,26.78332210276098,27.220512861302087,27.189358846583076,26.922512793775716,27.449856373997893,27.000227973206627,26.98270010165842,27.092863483386076,26.961259642776437,26.799676140942598,26.472203872608805,26.997326868430328,27.156080705609142,26.653524096748882,26.97100558717147,27.250505695766012,27.110366998495945,27.470297441245933,27.365583260524943,27.411557820072364,26.99781258548928
P05508,25.312571466487928,24.923078613029098,24.877999585320484,24.950297481747786,25.27643876418512,25.61975690244466,25.022102173276405,25.58050721838065,25.457451380940352,25.178465193676242,25.256380297600007,25.58973443505169,25.053237574490446,25.64624770968725,24.76076649919658,25.40985203493406,25.229180817575493,25.3594547315172,24.762572432030595,25.117992792769165,25.497968234300174,25.0121772786893,24.662536409029556,25.157707361153925,25.541853063099342,25.9992743409656,25.848331711952508,25.36643212886128,25.289754033085806,25.82623172563251
P04903,27.535042058421933,27.008969994000296,27.32682905624439,27.263576149332117,27.425905958279586,27.102982496271334,27.2210168662121,27.486134941067174,27.48941227097474,27.58914435309617,27.933534371585573,27.462795830643287,27.238918800683837,27.43563080248566,27.49143779018092,27.797737558732802,27.95168749144225,27.756150473870687,27.615185848655905,26.921728039521867,27.763225175407904,27.702632133324883,27.51623733147877,27.53724364727825,27.55930876541009,28.064977854710737,27.62007105000276,27.639636803277078,27.731189135786348,28.054672890754233
P15800,28.623481816946928,28.530920766763632,28.818744055210924,28.075641127968492,27.1982151758661,28.57857106336539,27.411619441473327,28.56953360209336,27.685143549700552,27.62320397041306,28.667388002194976,28.621345541711978,27.37891923049031,27.878426470296514,28.505193174771435,27.92821333385377,27.828472913411684,27.780477013851883,27.585004772899982,27.497602866419616,27.54889572822866,27.700973227903816,26.899936209134353,28.143376248903742,27.439570968906395,27.89447028616126,28.900530148194044,27.805652785727077,28.34398684897881,27.81864080808915
P85972,29.398216904160627,29.25557982397816,29.37060190677735,29.26276953668543,29.187289899247524,29.516055357328803,29.260956349955126,29.386212194595423,29.342698144433385,29.240276479637313,29.371023102660416,29.438666407836212,29.075871923757244,29.190095400682452,29.508361451811,29.39388416641193,29.308430184032463,29.165097743039226,29.310501584854286,29.118258708166877,29.291633937694254,29.183532433872823,28.925367715466596,29.590205182762816,29.193761272402327,29.45163530830478,29.699968791588006,29.294664640359937,29.48171734982892,29.420495534696236
P00502,26.719354676983542,26.738306044394985,26.67953767898685,26.55221089412149,25.64009375598245,26.256566841601504,25.968282247786746,26.410888204691005,25.61951503062559,25.929151659025138,26.86110797279167,26.293627205953637,26.075828667701778,25.896058900667512,26.380149535653256,26.10281261276542,26.732347266448382,26.349960275078953,26.12333019668031,26.629444985186343,26.294229311478894,26.012657718981462,26.599088692914776,26.790612230908888,26.216081740179167,25.946837429570063,26.84189344918248,26.777084425461233,26.738976860450244,26.1150670879965
P51647,27.615068046524478,27.287566676195137,27.498306651989957,27.658190812492084,27.600051235484596,27.81573528589567,27.61741262685575,27.616036034027694,27.949094431841576,27.52199832743419,27.409471275090272,27.707938135773944,27.4761072824683,27.952356419133345,27.79592365420197,27.90571421197844,27.552325074709888,27.598751044379735,27.706289898340746,27.344530013930413,27.856994589530537,27.736969667999496,27.253113330919533,27.675102321221637,27.80691178677514,28.290001085905697,27.860229574103105,27.654167417917865,27.941903240406074,27.931869302558372
P04550,21.558773241015334,21.478155879918205,21.85731449738107,23.067990486160575,23.567700458001934,22.09733349858452,23.539776721534555,20.86326060774717,23.44956519364627,23.509407170298797,21.589890892506286,21.975831747236104,23.1161169039604,24.159845830202848,22.87848925019529,24.130297102578684,24.105352083914422,23.83574111743388,24.168217732671135,24.180571647496155,24.451330814653286,24.34982965495697,23.923612638832818,23.819396749852643,24.34443990471339,24.064110742480707,23.37671602940823,23.703982071284692,23.42789633906904,24.256863877160672
Q9JMB5,26.015273140278776,24.876682936133946,26.153509813048956,25.704578827969375,26.27262231198411,26.36980145483708,25.52277339454764,25.979921948341932,26.349462023264795,26.12906386492077,25.675321093545463,26.25241984287778,25.637783397628755,26.23977410531206,26.11324269413417,26.205798873990688,25.831020250783986,25.563475745939158,26.14873210364503,25.692376509357054,26.08922566088557,26.01569252826604,25.269637269665473,26.412961789843326,25.88620074918268,26.32732760523345,26.047145330134697,25.935211289885427,26.155707500499574,26.39616371350518
P19024,27.60144167745262,27.299063960164723,27.648663203632193,27.052262419330944,26.064564951673084,26.25285652705642,27.222002064653687,26.692477168221572,26.005806052414798,26.522097202941396,27.434862767059787,26.84877527394726,26.298811724671367,26.1409411758883,27.67884217467055,26.96461298169075,27.082000280749387,26.87154397380047,26.29075617064479,26.799735592008513,27.533448287307174,27.05417312706524,27.198078280402488,27.78691604175064,26.449385522064834,27.332829063268942,27.766050595126178,26.926927603043094,27.731751072535186,26.947650642160998
Q9Z2F5,28.80861527457834,27.832651991756983,28.32160752069594,28.32821960443515,28.509293064162573,27.6151906397671,28.258871047693752,27.621721621470133,28.50702117811292,28.612326741167667,28.256092309586098,28.2254859653405,28.540974956849208,28.758202421358046,28.61698111053501,28.725402216348137,28.723211544677618,28.510832914782725,28.267033868515554,27.87160172261594,28.245395321929266,28.554806735698683,28.166254428586193,28.21241417630423,28.106851033394236,28.914437727055773,28.291570520734815,28.329702489166667,28.362343922388416,28.796166185119652
Q6P7B0,26.140951300263886,26.543524748050245,26.33746818437582,26.21404432542046,27.063374749259815,26.682087582663858,27.32621241154187,26.573505995918765,27.457532736408933,26.409823065838392,26.934471524778505,26.770983195989377,26.687695441864275,27.32552169681177,26.078711846361184,26.839285072768586,26.966334326153177,27.36890556424214,27.193533021125685,27.47554213106355,27.30247239248545,27.144987974285172,27.189980023997585,27.26671754049877,27.508278533337407,27.572273460300043,26.94383818390016,27.20136688527849,26.762348444176766,27.241080747942014
Q9Z2L9,28.53209866182813,28.02556656534325,28.32440285275082,28.218188916723324,28.131731634074836,28.798979093409386,27.859748082417983,28.262802361975663,28.151825906306524,27.589544115319196,28.63072048794315,28.393029209525423,28.08117030394374,28.669121709737805,27.287839046778252,27.31039158580585,28.219365449664075,28.10290163691973,27.539610705186092,27.44230044335356,27.5385757164275,27.895999381077473,27.536219703413256,27.839825683744394,28.006753904574527,28.575714884751466,28.755601218012803,27.90324286554028,27.45664881104363,27.53001522600733
P62914,27.841918679199566,27.75704626819555,27.73069692671706,27.898022441616963,27.574598332468486,28.026802947765706,28.017830708129242,28.07556069501266,28.033553615135244,27.867832376355977,27.870332565084087,28.122734655955366,27.687798911018568,27.740621324929513,28.335849444436622,28.05617075332221,27.840504772034116,27.89137868841958,28.12270445198922,27.593356584477288,28.127085074697302,27.89263531194214,27.46712150874008,28.544373942259273,28.02410932345031,28.377614968095994,28.373592094504932,28.00217327066444,28.45267301013362,28.17853248447463
Q63150,25.918030009396343,26.7426129193045,25.941883646924445,26.72043262561138,27.37118665411562,26.824613440719265,26.73160896868481,25.889501961629943,27.205414707428037,27.047120957520583,26.322618087639615,26.62519397186002,26.788389628526623,26.39377605213391,26.380963099979283,26.70172978497965,26.604135972634438,26.85594965151887,26.88043200558054,26.756511703370936,27.070183226769412,26.64213074337333,26.473478415635977,26.266301292689487,26.431574194156845,27.58106833871825,26.66625770381231,27.022619436098903,26.62090843090039,26.791642667540632
Q62881,19.38711936948346,25.229771029281043,18.13887501177326,19.803969971795624,19.76396443909729,25.3217596409453,25.34360660614423,25.36086240585611,25.671868037532548,25.162235221293813,25.590657557956007,25.661380442865063,25.710223361197432,25.402462383256033,25.688896945708883,25.68162570912677,25.74321544167896,25.84432938323838,24.97773832365505,25.990805443272727,25.369703026851823,25.339112543919104,24.908574343270242,25.509977107767416,25.432171158712112,25.929428649774618,19.921934345097604,25.509898635918105,25.44790498838053,26.04997443785434
O55096,29.47494281181734,28.679424613479537,29.328631312617343,28.752856120461264,28.86722180330609,28.85969864821845,29.109217528311873,28.79830508417606,29.194710942394785,28.97289753357499,29.78279964860703,29.280176917085047,29.12531503238525,29.38379743686711,28.870151151301968,29.17389899711381,29.594651141775618,29.258691166690063,28.72411027577567,28.762478418449767,29.050843881087232,29.132173126029524,28.866762404569794,29.033303480459935,29.023695688014925,29.51507695583486,29.5508266324253,29.49811323070475,29.32708107035715,29.429223678999602
P63159,26.604914966959157,26.515961107960297,26.528161485620327,26.690122274463274,26.94206818467439,26.719427175623572,27.330480779573875,27.096121723104087,27.088580608973853,26.877263294831025,27.28010338725308,27.07820603204102,26.893205683969846,27.127236586858487,27.07818619277089,27.209565841384205,27.272712085155845,27.022452322827846,27.07678607261246,27.467120043480318,27.203324139204955,27.414563046598097,26.935861640568923,27.33635857425112,27.279089071935484,27.155653923439115,27.299444789038702,27.52480908183296,27.22744295091325,27.1509871336433
O89046,28.130548666685716,28.160238293396908,28.091882261710193,28.298656308585446,27.761604956605154,28.259165723509643,28.303896594250542,28.08244005233955,27.734808639270497,27.668177930012472,28.099012935605977,28.080493409509124,27.30631160014268,27.729466723146114,28.14481014671498,27.990222414962602,28.11349029409811,28.037937701915112,27.535112766436587,27.263910166747557,27.744081538405887,27.481061847932338,27.659007933759305,28.363809762773894,27.54195464499039,27.831711345298807,28.632172233269277,27.899950957266416,28.066642024146613,28.070248935487236
Q8CGU9,28.723582094261264,28.007520999577682,28.356794520566066,28.505358144927218,28.51937211204863,28.63716065309763,28.372946528821466,28.167877482328603,28.700902136793072,28.505476425610286,28.655832824844,28.546125396612837,28.562703167234623,28.599562466551777,28.63782287298136,28.726358708403666,28.826513781986755,28.774169811811934,28.29583673312234,28.260451440658407,28.524093188357522,28.420753078627737,28.1666371511875,28.586139271463885,28.369500379643508,28.97607912969287,28.56935713958703,28.470468425428585,28.433782674234376,28.910825234598025
P06349,27.225530548256877,27.34958194984355,27.370814298054135,27.705932051763007,27.7050468538231,28.552869065528103,27.75940981501249,27.684154679595885,27.825578968899052,29.00696188281896,28.229396198117236,27.724192211337584,27.82916623781333,27.803724216785294,29.098174951454183,27.99464119684496,28.213634209033444,27.914269113162664,27.800347606900008,27.707085701123486,27.9127653321678,27.96880943073422,27.625193608389722,27.845656511573775,27.92734376203867,27.91702589858474,27.85782671251007,27.984074722666353,27.688851970339915,28.12490827161096
Q63604,26.612138103311093,26.425518500990968,26.866877176888583,26.56250611595212,26.338119176285232,26.290239015179058,26.45138819788704,26.771898980383746,26.841727147537892,27.084490418607096,26.64824512476138,26.937914160220185,26.704486899838265,27.207490624755902,26.80206965413622,27.016709657245098,26.737282382430134,26.813555018596535,26.753850465885744,26.96101598246175,26.586478592602745,26.944505453465055,26.562201333431766,26.707358829259725,26.839461471697415,26.98541181992878,27.177887453923454,26.778124826313434,26.850856786847103,27.46589680135203
Q71LX6,32.02725972216715,31.73879142265906,31.580281201187965,31.63860081596263,31.08946465608016,31.463641793526133,31.83797861948253,31.593890714350156,31.453970428376103,31.57951437621457,32.68787768441487,31.80260037844856,31.479029299305164,31.467900973400226,32.2721220968414,31.90522346887654,32.01794731712574,31.7308646460472,31.510189255679858,31.419385072351815,32.04972509990993,31.705760984576,31.820750408162873,32.26107120821606,31.466817927725472,31.892541862231035,32.32827653941127,31.83579201545192,32.0415315634262,31.86479104285599
Q68FR9,25.673491988631074,25.655289943986247,25.105457734989958,25.44030642368219,25.30549893287247,25.756600896557412,24.814818229985235,26.290757170160404,25.799908025837826,25.502422207706857,23.912513454508623,26.07829934727832,25.62027450927232,26.48626579555918,25.961431169143008,26.19827208708836,25.000328342007588,26.08125060352673,26.499715288379207,26.0934800277642,26.09904839595019,26.178648725205708,25.985394264895877,26.215748289181416,26.335977957769146,26.315335734287544,26.492416195208747,25.309447973307464,25.81348012748888,26.39031926376993
Q8CFD0,24.554838545675782,24.500280624122656,24.135451476822865,24.49982310015219,24.761663782377397,24.020374708476762,25.14149467154827,24.30324510784097,25.099816826322225,25.25828855272068,24.773773781003786,24.508737265812762,24.881108077871602,25.268625948257256,24.86128995106752,25.384840800382918,25.431416038837725,25.157531939484407,24.663937120305757,24.93043468683902,25.232884404721375,24.8848530876081,24.513611469345886,25.32331869533093,24.800128421675996,25.427000109062522,24.92292907395863,25.185249717699637,24.672749469249684,24.83045742115999
Q9Z2G8,26.764427021025842,26.557070442939786,26.4452814027402,26.652336070981566,26.366715306773756,26.632504126934336,26.535957920436147,26.506494761755892,26.780678626562466,26.079263286231424,26.642865823195297,26.429623253294885,26.36906705452707,26.55011939202517,26.474700933797706,26.572763028712664,26.66759307066765,26.455909413534783,26.3810234793494,26.8394860223203,26.73502554925082,26.54323580584444,26.19336238165208,26.729052357168854,26.539658979394297,26.654449978246863,26.65148343650251,26.727432603330897,26.445693351052117,26.44338318254861
D4A3K5,28.607498898932892,28.44917438989059,28.422885456033477,28.4628612488525,28.645766295462938,28.764707100500132,28.276110074609985,28.32637452488966,28.371949045394793,28.511653819962785,28.48222593562131,28.669291249804242,28.369353420461298,28.355429887853933,28.634187344867044,28.448091926755062,28.52766240449506,28.867564624253298,28.613289960148265,27.8897040918072,28.769260929807185,28.796182953358702,28.346433027454975,29.147903388494683,28.463403688735106,28.622841310806063,28.83619628342418,28.894795832101494,28.68148896390128,28.708693493929296
Q5EB77,22.7132728097451,22.60678888486584,22.55313872652763,23.197475697412532,24.303722107432385,23.607807968958088,23.939926590054803,23.760714935674308,24.55328716464103,23.19640885754545,24.265709308339336,24.051279083492734,24.032863552985546,23.762736300462542,24.313016390344092,24.274777705331005,24.776650838207253,23.65035085852776,23.026625445237233,23.31466761499658,24.112457304623426,24.501768659693592,23.766721560534013,24.44471467555489,23.764902283184668,24.45306567305093,23.235316628217983,23.63194765831943,23.14044087975649,24.184996441980125
Q6PTT0,24.245690367408066,25.02958159173526,24.892908122702778,25.25937093409183,25.09327271954666,24.459342349062297,24.132668483077993,25.29263860342312,24.825864225033772,23.90549651883967,24.223882875885906,25.300690251631814,25.089368232705656,24.327299214956813,24.4814427951525,24.9002180097597,24.994948215041486,25.456200188981594,24.754767908751944,25.432512399710895,25.42134536842999,25.78109326668841,25.14116391645266,25.5062505212246,25.668317909838933,25.639522286751273,25.497871886706232,24.932029224096855,25.569488108827315,25.692589896316193
P18420,26.315935679180523,25.10226550161332,25.862693301266642,25.297807909289126,25.51630024291604,25.287194707510626,25.418579108441865,25.43041643385975,25.804685172888572,25.912928108162852,25.892035026548093,25.919077207621836,25.887437319851664,26.017040417700247,26.028557622779438,25.774471858717593,26.045201000440297,25.75387687758974,25.97872846927622,25.814759756997727,25.772289205618456,26.06920618421932,25.858664501291923,25.64013659429122,26.196618270965278,25.905600553287197,26.04538655690105,25.620198804572702,25.852294690539292,25.808058653885265
P17475,26.34901716375556,26.745364857464327,26.36086035516315,26.084038150974138,25.604910276105343,26.838515717469875,26.07992270916389,26.399871869657556,25.41806735047875,25.68770902218634,26.78241817835525,26.527517891676343,25.8959702225424,25.518189872813842,26.688155970333618,26.410401124113726,26.55449262234565,25.48394785389422,26.38942815697004,26.018507749849213,26.39233628341952,26.373157554531847,25.963366214055313,26.50885360788335,26.46394800226534,26.37733626414098,26.575049436448282,26.38227078172488,26.803963912084594,25.68005928791187
Q6AYS7,27.03493722016659,25.976584875213376,26.58895651672016,26.648848304667222,28.131198338080438,26.53588733306829,27.072333262093533,26.302896290364856,28.277983480035296,28.41217594847659,26.226391575395734,26.701328226018166,28.364276988553364,27.64816205073867,27.36483660090671,28.35057187097657,28.443890220467445,27.12721053978365,28.016899004686632,26.753941867381837,28.49996900905501,27.32654159188105,28.66116929640672,26.470847495306852,28.101011031315878,28.6659804615881,26.13599001274747,28.542870327576708,26.384934578582964,27.82278173539848
Q03555,29.451748989008045,29.083239701837414,29.086888775420864,29.574737557478706,29.67720324492543,28.85865185538474,30.215038406996676,28.9294632775513,29.6437367968431,29.840014722886348,29.415611225915463,29.179460936520684,29.717266100311768,29.574589507336224,30.229944334167893,30.15441305628584,30.02994100490642,29.849701572488595,29.714738751449094,29.18225239916361,30.498969914523734,30.192201694596882,30.27821841509381,30.11457952181281,29.319186660636593,30.60327956440289,29.57122021489531,29.728336416973498,29.758829901516425,30.179188656608165
P29266,27.844383386335544,27.64465862938096,27.27930302945728,27.340656679573932,26.89718589277001,27.844537831114756,27.119364526820217,27.70709441867978,27.179708747155075,27.01413179967029,27.242357240073208,27.673763348285483,26.925257727707816,27.176418384144856,27.933028460535954,27.48703757438205,27.233424274666298,27.48368911080508,27.19942933628458,27.246586098276122,27.174896867680207,27.355891294922692,26.926991370965602,27.736571353112833,27.216971864427272,27.317244886965526,28.154222950473788,27.15718015254987,27.63776786245063,27.462404180402025
P23928,26.287466825764486,26.346645970403703,26.337157720845823,26.305456577027016,24.974624796099377,26.56905650773612,23.085125738486777,26.858915926365736,25.834507319218925,25.964191242357927,26.755574231032444,26.753472638263005,24.662205416039615,25.91878367391654,26.084197621942675,26.075470849667482,24.399473011595493,25.417490312178085,26.10139302851323,25.062382416149987,25.514570020706792,26.17656329391767,25.141292721919083,26.086403322425163,25.67425209581715,25.9945715186563,26.88856670407371,23.774776680921313,26.49222504112061,25.09867350844767
P13803,26.672418181068252,26.047148170241794,26.342928229544768,26.617439485383258,26.87462515344104,26.72959277169132,26.87637853267905,25.96282596430567,26.907121022492323,26.57545075465138,26.54814517966147,27.00388737567869,27.262354258155042,26.704756145912327,27.20977342956368,27.04065702528708,26.940232283907836,27.041111597267236,26.51720308165896,27.03177059416108,27.03940253392605,26.942136847729053,26.302714052785976,27.270746474899443,26.972326817504836,27.336381863940396,26.871538730402865,26.895188793454167,26.795255750492327,27.203031773480117
Q5FVI3,28.979489097865,27.635644433341874,28.42048558406673,27.513138445211027,26.011712852696434,27.637550856779136,26.199547958579377,27.1866562034272,26.218870763529534,26.920094881803532,27.596901595786218,27.812338608953624,25.94086878368916,26.44336644395533,27.42128565944881,27.279377507055766,27.093438804758023,27.04539265416778,26.79370652230747,26.256524530535327,26.77746031257031,26.46677012162314,25.463272245137627,27.231812725524453,26.269866831919604,27.065858332766986,27.906748520194487,25.575945550133266,27.481592657621917,27.12024066861923
P01041,24.15938937773342,23.900408723156232,25.507244583972515,24.411421693674722,24.619196367280495,25.301800853926967,26.60531453951455,23.859462748105013,24.670908359141855,24.20679103624461,23.999695580090574,25.729535447360185,24.5251823784863,25.34097895625448,23.855365224295486,24.370400534087604,24.68162841319723,24.637841530007325,24.842827733222197,24.87814350331575,24.55385377891831,24.721438823427555,26.25377311219438,25.52264923213919,24.77959841203057,24.909139269619313,24.030681310441523,24.835598279206536,24.24806178038723,24.58112830249693
P57790,28.227196683179383,28.164794504367656,27.9625107775673,27.559239233406363,27.34171158734377,28.212114839973687,27.097259349442673,28.031872066894422,27.370529698410095,27.351141540629655,27.99519485025861,27.66001556251927,27.262708492635518,27.385813245157262,27.477562340539052,27.518906451337035,27.5061752104636,27.543719103914285,27.36420424288638,27.64100977693361,27.463479701913037,27.293366755067346,26.875813561118818,27.788202088610593,27.35987516501428,27.904095781317572,28.41609115745892,27.625223397188414,28.019848513615305,27.575999511682596
Q8VIL3,27.702331181485743,27.248030497957586,27.264989782714032,27.44292613488639,27.151213660803066,27.547110600136808,27.319150705602013,27.357731669683186,27.508857281074402,27.161544780523567,27.327986675310015,27.47308122794441,27.136009773471457,27.486940010334713,27.509290039327254,27.536605208340795,27.417928580002503,27.28949610025876,27.319728180280848,26.754141469914888,27.447495998449035,27.289297724257196,27.022754324007405,27.60690468122284,27.317152154608625,27.75831037353683,27.82327245892649,27.352356483940035,27.63059712209821,27.5987515150513
Q9JHZ4,30.03488463993719,29.472907804425464,29.80728028348933,29.282321897740616,28.99159412133638,29.317993516260728,29.05432317752805,29.26442001900747,29.257946024104797,29.089333383230954,29.569967466149574,29.61068130882598,29.115380357394677,29.22843843733886,29.4910348150998,29.59744459107969,29.640859950688377,29.5892936230534,29.38187913525803,29.106159880671843,29.734476715319044,29.37290459249399,28.97766663027977,29.688986022556676,29.25257522247406,29.771550768108376,29.884097162002067,29.400326626736238,29.75870630660766,29.51601246226099
Q4V882,26.93242792429298,26.88816677125541,26.839225109282005,26.324814350989666,26.048783340969457,26.477091655326273,25.8662157414125,26.420702054294754,26.062967472268554,26.02264250733159,26.694613979767283,26.464592339961722,25.91918588897089,25.761751999104998,26.65813706853721,25.77792745768955,26.240793647245567,26.189818782136125,26.18783713965953,25.19828234459498,26.022959275047526,26.20170355031494,25.692958736154324,26.58978678344678,26.019541387381615,26.44783756662551,27.232734862714366,26.288280342117172,27.040086599299794,26.342197820340452
Q5I0D1,27.552008299240235,27.23673960750548,27.032824796049322,27.24384217117332,26.837288964605822,27.579514903065437,27.233732296431295,27.569449003060033,27.36895861499339,27.35544777736789,27.451869286694397,27.68944325946886,27.369791472121605,27.360944604855515,27.5881551122033,27.547709181086237,27.341270502138784,27.351740988857046,27.560918254614364,26.34275548443162,27.40807819819915,27.26658692315091,27.27017532577415,27.797990758151744,27.384344901971904,27.845573548348327,27.908729985873695,27.532508029363928,27.873125241245898,27.628908260264883
Q6DGG1,24.592444775654958,24.36907436184189,23.946891966544083,24.818514744992925,24.906836637909173,23.98327967107416,24.604876061719345,24.128354227929844,24.780750566233692,25.07186225821763,24.44015721838613,24.30252248833234,25.03016158310445,24.663611088321034,24.789682348469807,25.05705157680756,26.448638880433776,26.060650171982388,26.115806486930218,25.948534954355765,26.05399712944978,26.375098043086975,26.574746666546105,25.831387890272914,26.306597580203622,26.097640140265064,25.44364097188093,26.3087036046517,25.281328377209896,25.813032528501015
Q6MGD0,23.0056959851371,22.62285046388385,22.101531881826112,23.00449326562997,22.99944705581841,23.328584541328077,22.67306209028355,22.972950696918378,23.47716547074851,22.75509070764796,22.46647083465221,22.84335236569981,22.55543192039622,22.855364487586677,22.99777558224323,23.288775974989477,22.777023292625273,22.905217771337604,22.91710069485376,22.746903597294416,22.975586664612162,23.124506619863087,22.184261398529625,22.80709613866666,23.050407674155927,23.48087622018544,23.076544312865693,22.93100454566151,22.857913528907474,23.138513677537315
Q6P730,27.66385862436707,27.84895082744858,27.79689163239983,27.985267803373475,27.525945677621213,28.07147336492894,28.080308323374645,27.88048594033051,28.11657473683395,27.752483177669752,28.252723698008985,27.95659225306168,27.695164293444037,28.184018134796545,27.81041958793734,27.944727658241167,28.21882906988367,28.5167501833782,27.817061508320347,27.857256201259702,28.28987352773596,28.284970280415447,27.81044964945263,28.72098376579953,28.145709292828933,28.76018453185374,28.53528608157397,28.57174793284359,28.224937631425508,28.25549023924211
P50279,24.877598717207466,23.66857518954727,24.485517735563676,25.94934673498823,24.184311006523448,25.145982355987535,25.995095067403707,24.538184801687105,26.591989824664115,27.11933660086783,25.5242274597521,26.015964048143093,26.739727724239383,26.83035072287554,25.596920412921868,25.312741788479496,24.88879084013934,27.024171949336683,24.632280598197234,26.298134727047998,27.261508907553985,26.9902107318772,24.60774718885015,25.31205555723473,24.524344474231214,24.885504333384276,25.106695925496574,26.346208263867602,27.010054619898842,27.544643629910933
Q4QQS8,29.03324477613297,28.167947814674545,28.781230151026417,28.444399013351397,28.131527651512826,28.056562524599688,28.080966295570466,28.35801099071802,28.49152182962775,28.237740730163374,28.355216059305395,28.646230910462496,28.212578359413815,28.55099617398449,28.56384953060358,28.437612348687352,28.345932468479173,28.44322629211687,28.309831544412578,27.934284550395713,28.311473290833977,28.292894973204437,27.77708212110891,28.41176162653328,28.198533210969902,28.640036397251585,28.733962361349423,28.176384726062604,28.545301778411293,28.65453791378375
P29995,28.708830661043788,28.506642066078296,28.49792165855266,28.473399639504926,28.250772874467675,28.70047913553008,28.414219768365754,28.809423526640465,28.563285751003434,28.53628248386086,28.899232037268412,28.961968597616174,28.464560559388232,28.65446244982365,28.685674709656293,28.687526875694555,28.6869402275319,28.659052983171375,28.6341784133758,28.102477070724955,28.698809505514213,28.67647668310834,28.348308363436004,28.95863629744237,28.82908872359011,29.09028511923596,29.205943352989834,28.733572888187187,28.94639366303164,28.884101032030788
Q4FZT2,29.492913279984815,28.793906590653336,29.65379385503515,28.778088439994697,28.502051750276024,28.196525995481775,28.63044437367231,28.51445008634766,29.09564252898789,28.562128088536138,29.19727092200018,29.225212000942044,29.008238246505847,29.074588419096536,28.82937476655312,29.115350379083687,28.991958071383834,29.15950630432971,28.451686516386538,28.943370947349546,29.07914036033342,28.960729846969155,28.43061021375363,29.022411699687545,28.934476307449003,29.087101930984407,29.33947311379467,28.866606107934835,28.30700554281531,29.097214094318467
P55260,27.113804139318248,27.11825357965984,26.74270231023348,27.28917617161078,26.792858148683212,26.969784267440904,27.475442744240002,27.285414870556142,27.16531800851007,27.550539150119842,27.363911724520662,27.441891919151363,27.21030523879593,26.67291755875463,27.24009525707972,27.336112779394938,27.329315685249686,26.753484240104818,27.122233560784554,26.997960220312184,27.557056371380114,27.187839290045414,27.072641483364393,27.115571549300398,27.200105520475216,27.540846928030334,27.32302201425848,27.458363210861,27.197340166095763,27.281929665584624
P11662,26.154672723283422,25.51447537090856,25.67087507211031,25.6328241574061,25.097643686326183,25.48311685497294,24.60889116329858,24.902519282297536,24.887108880169844,24.592001819164086,25.452529030889973,25.44318361701935,24.547150391515142,24.777825328095712,25.85059855939272,25.127957522674926,24.97361239565047,25.251961731144632,24.76207501077305,26.095422479773212,24.91253762095296,25.14275181953178,24.300268142608775,25.1117694820547,24.511513377316366,24.941534033329823,25.397424294242537,24.64791031064407,25.59884119093096,24.989673072322244
Q63569,26.660271487754766,27.26938485036844,26.653842492343546,26.845425008256772,27.525724391852794,27.082538994530307,27.24989096171369,26.823823684959414,27.685035268423423,26.974984107169377,26.715446698955965,27.028418700723627,26.946948531734744,27.39953899563718,26.506805308209188,27.656047110942403,27.085297236130174,27.356341531881117,27.38138439561129,26.592260948571948,27.33917971042719,27.289168117767712,26.941929224054896,27.341222716541658,27.359976471621298,27.874200079230793,27.33280311697664,27.931797544472627,27.045660705322074,27.4826219284906
P00159,25.399200527820454,25.30455018491323,25.48063924995966,25.706431661561794,26.0394435940041,25.290852351628192,25.911452470177228,25.334735850070164,26.283516325923298,25.7582795000154,24.836517549867732,25.481686695159063,25.893797345961037,26.208141382947577,25.608811891487854,26.16904930103715,25.990088422088885,26.044817103396557,26.042639408135187,26.641407188757473,26.243927286468786,26.005325726164298,25.637591706525637,25.93763860111466,26.17821068122392,26.57220804134338,25.485937393230532,25.86333926466867,25.891453105273698,26.119372607919207
Q68FR2,28.240022534899698,28.189254513734234,28.396056613414473,28.30522781026561,28.736386291094952,27.723097351878923,28.304763300352366,27.93402521113095,28.408258291912706,28.480506857551276,28.037762773918132,28.113114127540516,28.31125045584194,28.486162689281148,28.17916579533953,28.45797664498195,28.34327667538274,28.427403119470508,28.19659651472642,27.84575771449194,28.412519907693127,28.422850983188912,28.224517939745038,28.192121562504603,28.130031716178735,28.440290029599794,28.167896554538505,28.25747794389416,28.192313474583983,28.525627186010244
Q03114,27.352401195349163,27.025663340205625,27.28743561723446,27.27267913828687,27.060069315003084,27.194098928308517,26.846970244426416,27.007691008668456,27.105414722127595,26.770043511551275,27.223579751143895,27.357351384442868,26.72317510142932,27.158084059233367,27.320966772168788,27.0413281289731,27.124038989584008,26.961792981293847,27.104187243649594,26.949069551945197,27.042686533173114,27.08563468644684,26.488283554408703,27.27973216309747,26.956714867394417,27.318536037045053,27.630721361144996,26.93535323378127,27.18245266174514,27.076240484558053
Q5HZY2,24.463975709864968,24.746146869752913,24.5866891760784,25.21289369172162,25.592227164588277,25.309491003598584,25.45101477094045,25.395830375868226,26.10699845301817,25.632129295372867,24.867038052930795,25.07760384187071,25.667268175285685,26.27104519093197,25.326132694906583,25.92097814748865,25.795236897872094,26.00497947407293,25.81411106055984,25.67613824502006,25.98616045034536,25.891903204125096,25.385324624558383,25.25762435452936,25.907483968496074,26.385934947217912,25.239181955298164,25.802243459658012,25.49342144382998,25.985286334889324
P97612,24.76652971579161,24.297384536132668,24.353316904736253,24.436549987529705,24.248024327375816,24.974798647400668,25.20037145453815,24.355817684729935,24.74511595446831,25.309899883445865,23.86447277656586,24.98552277517319,24.019373034255295,25.25421495201038,24.883020439244444,25.056135879035864,24.909891636397653,25.20251893387854,24.812681153089244,24.620665500728062,25.128279627196974,24.37619075414348,24.927366768191227,25.090123108425335,24.244279770160414,24.871317711941302,25.491628050945078,24.92403841650824,25.331075406430333,24.78649813028172
Q62871,26.976206986216777,26.55199212079176,26.637819037234095,26.705001999769117,26.641896844268,26.891731673726515,26.883302912463765,27.300556346330755,26.512299754521745,26.5428677201085,27.368855960768908,27.50022287035466,26.710961955097257,26.82571615956787,27.570097869906334,26.94447959087805,27.13000397476931,26.522728055370724,27.084713551933426,26.88755862947047,26.90209772023869,26.86881366977441,26.67683472346418,27.383847702399482,26.74875466429888,27.153684816134973,27.416421417067554,26.867726312759608,27.43609128455086,26.70120435209043
P04644,25.421923659290393,24.128101137459804,25.10303344678894,25.35891260969958,25.667799061753275,25.251623750579725,25.447302886030982,25.127357728547906,25.48955317837342,25.78993394172267,25.17675828872737,25.900846498053948,25.313690022551985,25.630825208735853,25.872540111489517,26.11495797451455,26.432209269002772,23.146743920804333,25.749275433258912,26.37378946298798,25.60456304475938,22.997618203556236,26.50576335065911,26.122290296904286,26.053068906886843,25.587581139229638,25.20835801539891,25.954460236617518,25.503043673031122,23.252185307825467
Q9Z1Y3,26.5245936157342,25.62154887373431,26.027631700998814,25.967756170455758,25.60468378948361,25.201459370479895,25.80364205975684,24.917892249038612,25.571529223227138,25.529724487467224,25.93714477689878,25.29947390636133,25.716933611601288,26.063762332905636,25.02283105197292,25.72331486608102,26.224189338203576,25.775890083230866,25.226231422242662,26.25118531365085,25.8570830285601,25.17754240025244,25.94426065350603,25.78115316633799,25.43447391217549,25.799827748938245,25.766074739735217,25.945525542916926,26.097910123276,25.821505419273365
P21807,27.554278140253103,27.163328804376462,27.298866231451793,27.588675484903654,27.297777800139897,26.524518804383003,27.469069874425966,26.477721719788285,27.12372068950684,27.293454436012865,27.459850700980663,27.262565254941787,27.36463449972639,27.08042202065347,27.562188077134753,27.708128076328684,27.68612836821393,27.61265063966605,27.214347127063977,27.22737004034017,27.755794479486255,27.791476519953427,27.42677252391582,27.397665640356667,27.225188288552562,28.091313599219973,27.538419186765168,27.500040200139612,27.523927331792528,27.55277879548889
Q71UE8,25.71303674320802,25.857190138201815,24.880627735773025,25.425027160319516,25.557524720254083,25.35730918662902,25.647312996428433,25.986902333483187,26.01891463241447,25.207623909737535,25.60023912552419,25.848847907533,25.51706080253292,26.049633000797122,25.912198488521124,25.59552805159943,25.992465183764576,25.989658651840593,25.69126786860403,25.630310634570755,25.853526535453355,26.15941890577088,25.267986395639696,25.944354278808074,26.036490397986523,26.476294827687482,26.10001786599322,26.004469648496,25.950768866589012,25.937368746124967
P63036,26.583662545096196,26.503491250295014,28.785555513559594,26.917983048732,26.760500976217045,26.81531276478698,26.230948535263177,26.52781861008248,26.605741829793335,26.652387612104594,26.543943550108278,26.499795874421615,26.59210452779227,26.415888780533688,27.0117384705929,26.523183155669372,26.76008507544034,26.32456588868638,26.124581955762004,26.545703261082615,26.298003206665364,26.598326248821003,25.78031976621337,26.509127470092814,26.759467582877623,26.794332683225985,26.86937509928854,26.5512067110794,26.535234975429805,26.722310070773517
Q9Z269,26.87448669424056,26.12434530831437,26.749325194821818,26.462421192992508,26.383416363756613,27.03007883828079,26.264209261583844,26.176647699168697,26.568445336788244,26.158987729672546,25.79044622853091,26.639854980321193,25.659546101082135,26.216391814917973,26.719896625096155,26.558490063035556,25.756936142234107,26.234117603442485,26.489234681100697,26.1752902628592,26.025182907857385,26.398952214622252,25.38643125849966,26.61617710830052,26.155123527564374,26.921815396892864,26.52729212451687,26.239543885243467,26.53488336980736,26.527208878370246
Q920J4,28.34731834845724,28.355446366941415,27.944837813884146,28.521106784254062,27.928783939324905,29.038959110063523,29.197759839222595,28.72857914942382,28.775411975942053,28.846510785159456,29.21252545627435,28.641743017561772,28.916806195742886,28.897786473764352,28.8233565717673,28.981113916462085,29.29846349385847,28.94404216897412,28.844368708624888,28.902854928464137,29.022698865458462,28.81298848563804,29.089679888047584,29.230306903723786,28.98007904937425,28.80943337197089,29.03660552834677,29.443875054356912,28.917555033228492,28.98156656267173
P60868,28.765064872054854,28.94770518358166,28.708515871184062,28.63066201606021,28.419279697208015,28.99825830596516,28.1091109572831,28.77767202178835,28.5803537661359,28.05718978229956,28.808736149702245,28.655553467761898,28.49339531583965,28.645488302120807,28.425073637739793,28.53425588670504,28.63773350873333,28.691056443988405,28.367983639698608,28.809914784803098,28.577740227318664,28.509171618702933,28.09448497262487,28.56013848209327,28.623498621963808,28.989434283544547,29.084996496688426,28.80526288736807,28.71749815305633,28.60140010002651
P46844,27.983477433521582,27.760749794225532,27.407070120098588,27.51191123284554,27.18398846537479,27.403188359286446,27.006999334902865,27.285013991314845,27.536442921218107,28.002559399253784,27.005907883197455,27.14778408173465,27.016543046801274,27.783799106358806,27.367921676925395,27.42055275705424,27.390771405317338,26.89257649988531,27.228741682635462,27.19663354881089,27.362780163587995,27.27148827852128,26.829257460982696,27.399270855183307,27.443039442668656,27.330323923000147,27.82086224974254,26.967904221780334,27.41487731239603,27.416960755698586
O70441,27.06770091068272,27.04081774080679,26.501693028721743,27.047426835063852,27.142797369287532,26.73590503162927,26.449596468879545,27.171332457269653,27.060625482298782,26.83692517033343,27.54080730205893,27.24852938514559,26.85233524020001,27.80664660330562,27.08586356673307,27.152978361112737,27.043103516843548,27.04300571501572,27.263945992462244,27.584822122122375,26.958418558058966,26.880868283058764,26.75461493168786,26.998743279928938,27.07978188298619,27.85648353848751,26.877105475551474,27.846114812086245,27.880350007289735,27.437729076311562
Q6AXY0,26.94664464473587,26.684728760572654,26.78307015482883,26.105577258803258,26.50543192336197,26.70663048720063,28.11452299063568,26.643243023892424,27.712441978854365,26.565552411445662,26.366019299110416,26.460550390174937,26.436529329282184,27.56597209586719,26.650673293417437,26.815265203607527,28.090095568421734,27.794258933717195,26.7459815931242,27.099101471964154,28.296034743939533,27.727596638170294,26.989592409115186,27.928779470180142,27.637275300862566,26.971843275556704,26.55946499070047,27.859366163182667,27.624833005316383,28.06345189616544
Q9EPB1,25.253547292902258,25.507816408124285,25.72451950292193,25.191332487176535,24.702460130787276,25.301008739429154,23.947219228722215,25.41658151229666,25.05437158652991,25.064040794303974,26.11010809584867,25.289410684818968,22.73119291245578,25.4096261730383,25.322169761864576,25.244632140535924,23.308781633647055,23.61172869350497,24.810473194488747,24.280072973412338,23.516039628466164,22.94515738322069,23.391936406329265,25.810054506299295,23.95545602692828,25.365601433168827,25.807610447219872,23.063940045695787,25.525279891924864,25.348438506372872
P23977,26.70015263642757,26.88005414377526,26.617817316155925,26.78481290010731,26.23344425521866,27.459820270525686,26.3698881051912,27.117862380405686,26.860592336715843,25.75401909472634,26.84389477344808,27.042883873909393,26.162136860835645,26.511630788781915,26.793707322187355,26.498709479966585,26.595584001196,26.675551685640446,26.400335599957153,26.831006172144967,26.79809873611651,26.63719971441232,26.41279152209821,27.171174487444116,26.895579026451678,27.069711211145975,27.48890194573214,26.828533283088376,27.196510912307428,26.699241017164365
Q64232,29.072553438727745,29.034708459811768,29.265000045868796,28.727812415397352,27.734638229510796,28.63297593863977,28.51927174135207,28.962610630841485,28.25221437451913,28.252204656825363,29.383947504872744,28.94711018999758,28.38156439341991,28.195921857512236,28.904118809750138,28.51972747105699,28.868168494283736,28.591952916170612,28.470842669265174,28.570624480409194,28.598066868130967,28.3420827970052,28.582341348839584,29.116615862186027,28.447482758527215,28.372698120409932,29.280162886361573,29.000037028195713,29.14604207664635,28.594229467906217
P62278,28.27663636093932,27.00472078643731,28.140551831919996,28.116053757035296,28.433217129418804,27.549099547387367,27.600208918943743,27.10157527326996,28.353126053315528,28.28301388482273,27.396265250796052,27.86622777427979,27.947922111860585,28.19719070430512,28.0375734452654,28.30253867715971,28.05883329409304,28.17246838986249,27.83973490004657,27.610925767969725,28.000322155386094,27.94617574455506,27.322731573442827,27.72077019117792,27.969906415184916,28.46644302067885,27.876147054485248,27.900881324610673,27.971427849181826,28.508988524002795
Q9Z250,26.925246690210805,26.921005528343603,26.648152864626557,27.23783404155781,26.952461088535586,27.346041714428328,27.071661943248536,26.922286332812877,28.053345682120725,26.654256691195933,27.586326429735962,27.023363946451802,27.19383192878566,27.19072285199505,27.402401970460165,27.53969884188011,27.462425672830783,27.5143427645917,26.329219593856127,27.512349686961425,26.854539311348628,27.241630778263378,26.539384677150718,27.09688817153931,27.685479309376106,27.480670847661038,27.104875390110266,27.154184353200456,27.45735033042249,27.38399603771956
P18445,27.20179049754905,26.999168265827915,27.516728885101237,27.129806008599655,26.769453507943492,27.237786348544226,26.674521785477204,26.985467200219386,26.854166680920326,26.534444135571352,26.778967326939412,27.259894958441404,26.82470077610477,26.943674348608685,27.236702300631087,27.24269386425426,26.715732463297357,26.807743099167194,26.99030620330841,26.924054248733388,27.159246967207057,26.745802512992935,26.157090324065717,27.06130863951551,26.65860826878401,27.057350754321856,27.6299937619488,26.740132114774326,27.11737301350159,27.062388191092555
P09216,26.794872747253805,26.80423220210804,26.70516851410075,27.014696368111753,27.041100757880027,26.95632020424476,26.68282591616954,26.96404200432957,27.166698392105918,26.968672765203163,26.620186337834934,26.81165766057795,27.146478445677037,27.281925619772412,27.003824139408202,27.299171092420615,27.24023147388592,27.35630211058357,27.155215907704672,27.115797415543863,27.30096900755217,27.357033029664812,27.18694474264355,26.84356593686637,27.261921850142613,27.537475776119837,27.369909459726216,27.33589206603212,27.306500928736757,27.36080184013159
P20689,28.365287776553874,27.938302342707242,28.428751554870445,27.980202042088465,27.860517735136515,28.060680713397144,27.820437215862164,27.843693057264623,28.320991957849195,27.96610813429449,28.250450451877853,28.353478678343443,27.825775665891744,28.011308745650993,28.236238994783296,28.229029731308582,28.196869213974463,28.12470539521929,27.958871022101956,27.931815382290257,28.046622102591968,28.085140952673555,28.32922460862989,28.02366202358184,28.281917350466067,28.505890661404447,28.782919222212907,28.124852618437526,28.41969987381373,28.35143866743752
Q9JHL4,29.584245731676173,29.735045472999694,29.376364644359345,29.192923697833372,28.61845827468497,29.27279112870072,28.57468886956437,28.896688996181286,28.670183202718068,28.400521585561282,28.986546440976717,29.370332931569845,28.864213124733947,28.791632517886967,29.28015775443472,29.032696118890364,28.960151488786508,29.085842128532033,28.981877839276017,28.306852991012793,28.894049738032866,28.591827027081887,28.43084953868126,29.27049463265917,28.641890277319515,29.263677350101673,29.229645019621685,28.803018893708522,29.053142196816808,28.76504829900621
P70600,29.559102455050887,29.40292282101202,29.392807640139054,29.851169710508593,29.802193997413063,29.50318619425947,30.93475497423665,29.76430204016193,30.33893493436845,30.47358638787553,30.35057529576082,29.91407776855769,30.460914200053413,30.42523921639124,30.17844284305281,30.468713745648788,31.174460257491237,30.50395963579201,30.479034014113665,30.30896839186607,30.428291830946197,30.605692502411056,30.776749559904346,30.361312299398246,30.61112234083187,30.690149483562095,30.145221262799897,31.26976216586076,30.158412537411394,30.672843674953583
P04177,27.95882121706822,27.07669901867825,28.004458242964198,27.324704873651516,27.35299205200733,27.548001377161228,27.449103805184727,27.25884982255724,27.649232437290912,27.275256515103063,27.831542848723444,27.87990033178606,27.388757284986262,27.600081981641576,27.47152341887909,27.554471327852326,27.70189879692108,27.54114537356932,27.195389287929114,26.446670064234052,27.494732289472875,27.4576597928018,27.020470794993198,27.522096402035235,27.35019264588022,27.862159081544842,27.874932457597456,27.675174780890764,27.898691402243106,27.90460283224928
Q6XVN8,25.95887097855415,25.744671447873973,25.648785199728476,25.907778807438852,25.997592796668588,25.997665869535567,26.45846848263798,26.363680591118833,26.394443003101273,26.59529336278718,27.0232794563242,26.41857921499731,26.26379754514906,26.57704433344968,26.485666473918666,26.420459390494894,26.694452928948326,26.408986643378736,26.719437061779132,26.936722939450167,26.556139882951804,26.85224237826031,26.10930847337869,27.07540811045653,26.517512977271878,26.712995592838826,26.828361243658485,26.605382796545392,26.29159742769314,26.90621872798108
P04041,23.635991440270082,18.85593130944228,22.762662468523004,21.115735221242584,20.762792701362645,20.174843261775408,21.349874171160774,19.26929307517189,21.00051052614987,20.90563682486171,19.983578257033916,20.437782545293967,20.875307649204043,20.87353958062975,21.152395642030548,21.629124567289754,21.033124188154424,21.258142875984497,20.69805412022745,21.033872785517246,21.09608713255965,21.13275794923207,20.599101054303947,20.063487083608244,21.175608328989608,21.177173297226865,23.555387033372543,20.83629320874208,20.328045805489424,21.08397137818704
Q62625,23.7855159762022,23.00647679601309,23.9411858632695,23.377289215090027,21.644960088574095,21.288227093158195,23.81514290779534,22.54677152476206,22.90207816243979,21.17757510884966,24.01476414848038,23.180386254649783,23.25035336093983,23.215287290975077,22.409944800089058,23.643211812639684,23.631794031342782,23.979221332677948,23.00179017416798,23.506421663814358,24.22536923006837,23.335152409055404,24.132948466372145,24.37695597567825,23.218240097215606,24.128433113390777,24.29191992195934,23.284004231217803,24.275927936669838,23.51102013272159
H1UBN0,24.96315165299023,25.04890709096525,24.47288178181212,24.610833564557755,24.492048126759933,24.904288147258544,24.5340566277431,24.793696198236606,24.6812240129246,24.574147112662256,24.56920117274454,25.220696274595394,24.678610957911385,24.818022789846463,24.64781451440109,24.604969889606952,24.729809883710203,24.635029330046926,25.063061173855555,24.894555493386996,25.08052981561718,24.714252888332332,24.668082424404503,24.884263137073567,25.119376066330016,25.015952590936227,25.063021374704633,25.099919443351162,25.024238839419557,24.903358521442883
P20070,26.906345637326393,26.73945590378362,26.484095978006987,27.183840670675508,27.334016302489356,26.587709334938637,27.34342875372657,26.794543205361474,27.618992866128544,27.402340415505186,26.66222718200641,26.714745219251252,24.538326820620153,27.804500921907007,27.238361580145813,27.59822818072719,27.883782860721492,27.371818652662913,27.658015511388243,27.350633467773413,25.34146769862418,27.562019459239586,27.540385324323072,25.500932301853968,27.537196911574554,27.935275145217535,26.89727990948094,27.841869300814967,27.133868449992324,27.695724332798154
P01026,30.802337289350103,29.950963042887764,30.620223338145053,30.253539690258876,30.320988023607175,29.95343921091824,29.92903204019013,29.784407207098422,30.433458588855615,30.262143748606395,30.291643719275747,30.27293273411247,30.31565032634554,30.50452993265962,30.358023890170266,30.499564812735507,30.60966042406624,30.468325905373806,30.23677507619619,29.977680748709506,30.406334042780824,30.513207000659943,30.10760855165835,30.26385767157977,30.271945304563587,30.817524287821012,30.530489741506216,30.284634305195805,30.36819191635461,30.740358202969492
P49185,24.876494280171322,24.90538487235995,25.636886204045418,25.146783449470142,25.90519323911383,25.319001328502736,25.079637809434065,24.798806616427665,25.95814046787838,25.717887394812223,24.625440305370677,25.529608499834126,25.404427137242827,25.6909982920637,26.34625848939076,25.748582223355786,25.430171741100715,25.048227009001987,25.941444046233425,25.49684953696805,25.61349893539653,25.697522421611996,25.357540566153443,25.195594649115446,25.681995422789818,25.78089462249322,25.042670579760404,25.207895435659736,24.991050029644637,25.85832812110063
P62271,25.145366613109843,24.74465403426932,24.932501280055682,25.716070150813607,25.215901091122376,26.296151970612833,24.78243343307939,25.944921746318805,25.844330625502955,25.96867034681239,25.467806287481565,25.60752219129342,25.45645017187036,26.070640322413333,26.11138783633963,26.234907723607897,25.324436687342516,25.67711330206645,25.90283855143793,24.71322077601048,25.261637704828264,25.288463303043095,24.733538914035655,25.68930056439359,25.56709650252851,26.15205542036739,26.192923202166774,25.544111511453185,26.070856339772245,25.827458892813702
P00884,27.75989746668454,26.833029257573173,27.51041815250004,26.878991746126122,26.679454736455668,26.483394245780158,26.975908059235547,26.70301466488342,27.05359968141942,26.956441819025788,27.409654962504625,27.150935249463554,26.660852532575714,26.890978104221393,27.116302305508423,26.841744486576687,27.218716149025965,27.094955356567255,26.815204893536023,26.731726120861083,27.10244650733355,26.884737917506826,27.01489472018501,27.065785018627885,26.9348151083751,26.93086594595447,27.270780388063724,27.17019041910995,27.253888772627956,27.000812663195056
Q9JJL4,27.16824013106429,27.02361264188711,26.76057364516171,27.300143344425937,27.19045173043455,26.324509771311902,27.746304085760865,27.54167220885729,27.640266191224867,27.68056619140245,28.776324281970567,27.53683054442704,27.733349188883718,27.50706071886561,26.714518292396054,28.10990348717078,28.454809529230474,27.735097967758275,27.154309481791064,27.622158584430647,27.65738740285983,27.578084478590956,27.465969229237622,27.80146979492064,27.946535025752482,27.619448213855588,27.52796865283648,27.7708386505701,27.279680720596833,27.93371726594463
P19629,27.617675456255807,27.50480477348672,27.50664921359613,28.122773486845986,28.808919701475926,27.74695019106608,28.61617853360353,27.70871536346204,29.003128189846187,28.772119548344033,28.42667242309311,28.069384508019272,28.74126272566723,29.28335265979666,28.292410725498755,28.865134378917745,29.098117211233422,28.705023200845215,28.757867084072235,28.637933813369756,28.70801971512737,29.103426396007055,28.65172684487208,28.037675373304634,28.480783558626733,29.189754626212146,28.12547849293306,29.180540972439207,28.30204422411918,29.096555740223902
Q07205,26.530589267598017,26.615116869627634,27.052174169077777,26.550256504750777,26.703982183459114,26.24106745813593,27.262631801875006,26.571966077846216,26.84960182748391,27.017011356351833,27.20250470198131,26.778425233700112,27.067770390786016,26.990024494522984,26.928378399120913,27.01033738544556,27.45303086880079,26.923601458407745,26.750910136234445,27.178001876671832,27.034204352597605,26.911330408525096,27.378164949538565,27.021826092987844,27.082156309030466,26.834253267720904,26.840198158441662,27.50711107970893,26.78058923505262,26.832038077430227
Q6JE36,25.417975747260908,25.137980432446426,24.946503100550643,25.768534835693686,25.271438874436438,26.311325427392703,25.91524759203974,26.086733380241224,25.832905091231684,26.659694510783353,27.33097338292281,26.05405554350425,25.84173588305685,25.357185320373922,26.873669693579075,26.09911709627849,26.455273074642207,26.047682169661453,25.650416207968075,25.96304080539449,26.03993431569117,25.769435834422048,25.600311325915467,26.289052365403055,25.959564784025073,25.823772401609236,26.192957887691588,25.928153774679974,25.834326762699472,26.19200277964736
P21818,26.937708916786708,26.75669921056363,26.669871419914855,26.863189779021628,26.736815439317635,26.857072994284582,26.29964837963325,26.65984386068496,26.7973525315378,26.639099605706832,26.96675905013598,26.779176240891623,26.48547057305825,26.980444640562844,27.25320184640919,26.937947220746455,26.818867866655562,26.938786817332456,27.126286763432823,26.633607519493946,26.88514480645513,26.769957971957123,26.781576448542236,26.861186355141605,26.499926042074318,27.1147293997588,27.227642953187317,26.709686262995948,27.059876329772226,27.068211923083354
Q9JJW1,25.11764594289263,25.012413330708156,25.05979224446428,25.3642061750522,25.043515812222868,25.007345562473578,25.41370546741165,25.263850097617677,25.41500687529305,25.679470186559183,25.93692798069813,25.545148959523395,25.616040723254475,25.350997682905888,25.78523647374148,25.860727632779746,26.055957928638904,25.487634621134767,25.472032603360518,25.808062334356233,25.589235010361758,26.074853448767612,25.676390797958177,25.451912166825146,25.237968247392406,25.835554345597462,26.057140771443215,25.445591625015673,25.663125971584105,26.148865402704722
P09215,28.22837554812719,28.221339584154354,28.13571927145899,28.411193211028696,28.182711364593395,28.66234764155914,28.009184354803654,28.3052501508601,28.456584616022973,28.445803630834703,28.02602055593596,28.44475945444298,28.199892223108385,28.460740809372233,28.458509396772648,28.5452166648528,28.3813313913404,28.54579240972418,28.346257596296454,28.320821799407064,28.152077983429177,28.340944155794507,28.014562028847685,28.424652693912257,28.49439022474517,28.666047177291794,28.542211236372445,28.38554055204144,28.405880667730003,28.694531876258367
P70618,23.20437498440931,24.64145807354169,24.639706979377706,25.02142405521333,24.649483325799494,24.13593803516318,25.179424150287893,24.893411387242114,25.139127642027205,25.257525566120325,26.371915577823763,25.889908889912007,25.536308411955474,25.47400323780494,24.91177977142311,25.476638432809356,25.620514701691995,26.03999359171539,25.804916857867273,24.865685921573554,25.516438899927326,25.017242675693055,26.041809710512364,25.711518684696674,25.427202067567777,25.35583463794871,26.216511688425737,25.983716520074406,25.236015980746714,26.219562489306416
P27274,22.385970195031376,22.074989417902238,20.44096976232398,22.433015230490614,22.952995527244052,22.477780125683267,25.21680031814747,22.619233203776524,23.895940214282508,23.545960750018146,23.36682164045627,22.49912010119531,23.780491208687895,23.38088522625795,23.537979053077727,23.849347064537852,24.27363939605929,23.859088375507636,23.952392538770834,23.990268895430823,23.97213455986253,23.319680389009427,23.601689983958757,24.127420077899817,24.239996579601055,24.0928814771285,23.227886766427176,24.00029062140611,23.05664895966651,23.487341909076243
E9PT87,28.582272640262172,27.925000500552024,27.99809359106183,28.03841809197454,27.91515346220969,26.807792579920953,28.143506886263914,27.060429848058206,27.82511973574895,27.994681292957363,28.24540402178837,27.55568885908628,27.993628124451025,27.620534592407004,28.758819377627066,28.22305246210621,28.461681125049964,28.115066405814744,27.7662769638076,27.819058210907066,28.600417512127954,28.48102357940463,28.36834011295171,28.37927167603877,27.630720022596858,28.673353072960662,28.363840480663274,27.856875377343645,28.36029773410805,28.304020037836047
B0BNN3,24.70655959445743,23.958422673401564,24.06919496283415,24.862122294521342,22.35952773015002,24.588692593045238,25.68180102091738,22.97717522321469,24.663885654325114,24.259814330895107,23.46996979768671,24.351477525323514,24.517094152222466,21.515066171445426,24.614778298605877,24.48546591276931,24.57869543283734,24.352467823391585,24.402970287837277,22.94059740694467,24.573402183949934,24.3958590268358,23.715985273368926,24.433932064799606,24.97157845983991,24.965868683023242,24.389626842961654,22.822057530501212,20.880119426194508,25.841676031846433
P16409,25.602866881952014,24.84341512474687,25.88177459045009,24.830884062889293,22.863942602570567,24.26480401047214,24.707625392608765,24.625009861666456,24.49128209266915,24.247620156760377,25.90526497144117,25.36554790528551,24.694266295301066,23.31629341050529,25.532340786091098,25.42296361742181,25.59335054989981,24.823830742729527,24.65174484916173,24.45865004288012,24.970987280865234,25.09681274058366,24.382190545596544,25.11910166836034,24.355170588946958,24.817939783079442,25.8082172555574,24.18231459387546,25.525269734582533,25.020214667094635
O35331,27.587398322420274,27.333027247678814,27.36261781020023,27.3925861748934,27.328739041463486,27.395851885592478,27.382280255297374,27.31134272534281,27.449898336247365,26.964890555958217,27.263559698379137,27.44653414029857,27.30698818436659,27.55766614076006,27.368635896973306,27.60248462707944,27.384570075476944,27.496455404383116,27.346264578271057,28.177043118370527,27.460567328951953,27.27650880962322,27.425030774549796,27.80424213847293,27.4820968400723,27.76506135774955,27.58422292014766,27.502187581787602,27.70538849740833,27.432374696682743
B0LPN4,31.048496075102065,31.298891874459223,30.951531496982568,30.93621757150428,30.757800686550397,30.86543386643587,30.598792151615132,31.001629544184315,30.922549182788696,30.66518883285033,31.21361408319747,30.950896059373882,30.721888989856257,30.871096739226708,31.068787403896057,31.088472808447303,30.91397149476045,30.8830073354719,30.89194221971591,30.93480693291946,30.888885735508737,30.84403945074856,30.640189341095883,30.937561457264515,30.910604879785613,31.129329224560234,31.504507415852334,30.983735635746267,31.209046500333375,31.026625861668954
Q9WVK7,26.40916250384873,26.234791363735475,24.26827263428968,25.13114108995018,24.701188785906755,24.12905051452057,25.543364085323933,25.55550903126347,25.83487269731904,25.46133272032788,24.67239970326139,25.019159401649546,25.409118886541854,25.43554352911594,24.96967948895778,25.842526493851853,25.36516725024433,25.354053897609113,25.631809601498922,25.314887770651197,25.447542580331536,25.356031745571816,25.276704065624724,25.783206197280386,25.670246292280634,25.303158581093335,26.872126682924456,25.700550189613086,26.028297636859442,25.924077773691323
P62425,25.81206817523857,25.55834036000662,25.94110956775224,26.10839439589043,25.814992376109767,26.06230813504835,26.406190958791033,25.99859818457856,26.513964446732018,26.00601952655536,26.420629741471163,26.20746229947088,25.72991227836937,25.996022944055216,26.11962619530612,26.147655908825453,26.33123310566291,26.438987524835973,26.00718658790519,25.688051330872234,26.483159855449177,26.208881809855963,26.124461515040156,27.1007318521541,26.191810088664056,26.435344450017833,26.580576524449565,26.796556858479494,26.275472570284855,26.54012135792424
P29066,27.41274432129721,27.480765319841858,27.322216001661715,27.325418625154605,27.32462659153273,27.791229132188995,27.263403111688266,27.472862333392587,27.504955361890488,26.99386817263949,27.308914591702234,27.452175645419487,27.008949203440952,27.375617773875447,27.423143574412336,27.338505085483458,27.509759156357102,27.081682460752173,27.39433592377202,27.10026947213155,27.28385777983441,27.2712911396509,26.811402290097053,27.354046307777065,27.601132240432477,27.70505084605294,27.52698435432095,27.306823474114633,27.35496462091565,27.34271545439791
Q64537,28.631573027738735,27.10425743181889,28.487241157750375,27.31890361731335,26.50831315124402,27.3026111625521,25.965650852029484,26.78322510276171,26.4584119592346,26.14084369992949,27.074138427367203,27.476242883087533,25.865258141517145,26.368256245382383,27.00600042217905,26.745219112979367,26.465963170900032,26.669192504640662,26.45213127929824,25.525162789671867,26.160477492764024,25.976535054555082,25.389317282066543,26.754570396597508,26.066957600656806,26.54287635247262,27.63697352941941,26.161863914947407,27.176052338203014,26.50183406501503
B0BN85,29.409093942115213,28.654486601259816,29.14126330359526,28.63827388256114,28.104998445544094,28.90864244089888,27.620265402156807,28.80678737114649,28.104345748494264,27.85153350574157,29.1794134220416,28.972149365468965,28.496375640430177,28.6092982309671,28.408509173051055,28.329586703533554,28.816485505450967,28.641640676782828,27.89285902669454,27.279707883147534,28.225854999805257,27.85538573056786,27.80905336740737,28.34462343682875,27.825865359842474,28.680086010169074,29.404041801052692,27.81699614437697,28.580345596408794,28.38413290817099
Q29RW1,31.554488180253234,31.45099373327897,31.40658226691045,31.297334353842864,30.973742495010185,31.403267899405265,31.06592989783435,31.36804594082361,31.21660381129129,31.18832254982188,31.617606487431612,31.464315498920246,31.128774952607845,31.221738572828862,31.441299382800967,31.31732028404381,31.813339234593485,31.345739768981215,31.412701489228134,31.18071967789119,31.32436757436474,31.295260741542968,31.306278116497122,31.43719969612239,31.217721624049886,31.416401879104697,31.600456660493542,31.48510718005114,31.500748517626427,31.40291060368913
Q5PPG6,23.92870061841225,23.457500493796474,23.480155127867356,24.133538601994456,23.641274195924517,25.50373015985407,23.690697658677497,24.049949227826335,23.865927111216788,24.286149788069476,24.11250441315857,24.234620408041305,23.481119461313362,23.248903465410866,24.836228670101345,23.83358038645497,23.466949216066887,23.88684723949506,23.75567130078852,23.473810272582572,23.236149772886243,23.216265248796667,22.488910401602308,24.320147044315917,23.619968393372293,23.517388857861526,23.95670981520743,23.258869486631102,23.588354479508784,24.05536287458757
Q6VBQ5,23.404718268961346,23.255753617324476,23.47750002139204,24.73857171429433,25.264272600881103,24.346410474362706,25.25351085665419,23.883549666846655,25.454842592741613,25.071934729870264,23.336702286997323,23.977794261942492,25.413524499691388,25.426282462807063,24.745506864682813,25.45810046875058,25.535852637007512,25.11403369002688,25.67203455458323,24.424781998497707,25.712621700531525,25.54852491230174,24.97629781950858,24.74887482116612,25.424849935841245,25.85626685802011,24.05964231756547,24.88813620386128,24.370904119844923,25.70398977170859
P97526,30.503988419613908,30.049236248474863,30.155870436440306,30.151913268145247,30.148457647663857,29.946688753761133,29.74329500050561,29.956738342830096,30.097869580489085,29.997533532729868,30.211078514462685,30.1146496218668,30.038853759371605,30.286964113700055,30.301575866471186,30.318872983456256,30.358149945769675,30.155972452572893,30.1190858098975,29.904598321926986,30.295927549527455,30.27818309232619,29.9433335456319,29.836530010474718,30.22800956689243,30.562081329815815,30.239472625840364,30.219012391011628,30.184070936534617,30.30586496861847
O35180,28.80778644183604,28.930547266944874,28.956659182981735,28.947410123858702,28.59223696199825,28.793587686387703,28.68994961953999,28.850830682620543,28.668218091868688,28.642982289399235,28.73828082405843,28.873251363193543,28.814272370112686,28.768736357615456,29.039446423165963,28.847406405113322,28.814453562349925,28.67195458680823,28.800776201590764,28.80926280242868,28.798079461608406,28.73510057989708,28.879574242586685,28.652111824463496,28.77064526235988,28.694190990668837,28.940277470709443,28.90286063486913,28.889866929335597,28.715853601531
O88377,27.066507555880097,27.088988949196658,27.255678299485044,26.861957516055483,27.021330755421314,26.805809476949026,27.398623126807514,26.998259208619253,27.287666739860285,26.63727974296129,27.538369952848814,27.151617847632988,26.90115413862915,27.033548102332666,27.079721351521247,27.216748587947606,27.606051280839885,26.913245189383375,27.004578245001998,26.804311910967364,27.17973824597429,27.186578598857714,26.95773868258097,27.607065460852596,27.21156376593872,27.597772585557674,27.740264161642898,27.72963542743402,27.31447006377148,27.281171059236776
Q63538,24.256676140102083,23.85183204336506,24.483934119533316,24.525993938152553,25.22589757026778,23.76700428746428,25.019848900589906,24.416826336865732,25.14645369844334,24.252829588163337,24.017557369134256,24.324052751141593,25.033005824220314,25.327059262624733,24.35984292738897,25.27668909021191,25.08302286992064,25.128642617819708,24.09071926644129,24.528491624618642,25.224506687914978,25.451114153600564,24.448820645296628,24.875811449092247,25.093380639200927,25.468267319667085,24.482218871731288,24.710427092719073,24.63878023524919,25.174245742125272
P18163,27.27365396079791,26.93013814400746,27.347016200755625,27.313194191919944,27.593403974207657,26.50438866429624,27.165756142746208,26.984087058219416,27.871111141363954,27.55658720444756,27.318581707155758,27.416114491401693,27.71884448518447,27.843676082283707,28.011051692450707,28.101952932441435,27.608297120496314,27.893901653327312,27.662019017705084,27.61435421107392,27.88421917718459,27.768379693897927,27.14553425880786,28.140992617422675,27.983793819787408,28.408848590995223,27.741226203657423,27.970730837925284,28.025823270275136,28.170252783887086
P13234,26.619174161010935,26.635383706225536,26.391308483950034,26.505120950462604,26.460489814942054,26.619787158053672,26.566432197966854,26.588609746474663,26.705892894281938,26.07291793364093,26.41706213871675,26.559214545570264,26.379186359680663,26.473747121617766,26.855641146714742,26.61167576002559,26.717789461486202,26.55143560084636,26.694811183442088,26.67899047326685,26.649211133208563,26.825328946833086,26.357791340570326,26.654996081978897,26.418635865191575,26.84027609860617,26.924989451577694,26.63603505246074,26.742005513841963,26.6320253846874
Q5U1Z2,26.70637694969246,26.187808461250192,26.82605500210052,26.632959906044643,27.175671521256827,26.206751173782433,26.95513179514016,25.592084570117574,27.1956828698151,27.451576052166715,26.33326647615352,26.615335415133952,27.27043424722942,27.624313019527815,26.86864231894252,27.421773198541388,27.21329992870883,27.49032247701071,27.053454158420703,26.49832389419317,27.43297389544784,27.199720506194414,26.820514239397767,26.93236975334744,26.63599679740731,27.693109865754074,26.662268553079215,26.96608281015265,27.016476887532317,27.908507212146457
Q9JJ79,30.132453320350038,30.714821783654727,30.030266582974782,30.92067416861346,31.062511524310516,30.934157019628348,31.64470030613052,30.802302261022998,31.22921351947745,31.866018706394254,30.247030171882834,31.137278849386302,30.367612515494166,31.963107351342607,31.84016126165834,31.953882262109754,32.12695117676345,31.548468733467207,31.006083218338794,30.90038724771566,30.53327114766914,30.52390795458135,31.55337726494165,31.683314590705972,30.394739110243226,32.17971167718056,30.43727090553242,31.887170930993538,31.868292009154995,32.087857857220015
D3ZHV2,32.515840226506434,32.35909058327579,32.486364070074615,32.14369813231642,31.77956010935614,31.78112251215973,32.78590764994763,32.09999202854541,32.35999392911525,32.54849345034513,33.208337882822626,32.34385228177444,32.2162494984281,32.06899359011149,33.033897634632616,32.6646567357346,32.90252314268797,32.46286829701591,32.262964591193395,31.75596682331811,33.156387570884874,32.700669111026,32.93985125225972,32.95602857399939,32.28276957729603,32.67643933823535,33.11470932599903,32.54299647103317,32.77500100659588,32.631678520163135
Q9WTY9,23.99650788283306,24.387552621210897,23.9997249305244,23.876640569716123,23.986353807669243,23.524418803268603,23.933007480830533,24.130011901642334,23.97162540166703,22.825683484104605,24.0168427316154,24.327735578124155,22.932633336089594,23.73865069317942,24.950396463536357,24.1578518916571,24.19935516928551,23.498514229591066,24.698398189696075,24.062910737997875,24.224355323811846,24.142396752928104,22.994415937372544,24.501145756206885,23.961861383853655,24.693852318698926,24.11754699843162,23.454910717183925,23.624236122168153,23.877156984008327
Q99MZ8,25.40949857302849,25.372003260473523,25.333141203401684,25.94648432659579,25.75670265583601,25.42556830486526,25.855028259577097,25.54945303902386,26.469953950660624,25.711888177366024,25.495621332608085,25.513280445176466,25.073196245396506,25.40024672705424,25.241751950130713,25.96644107584196,24.99307412822124,25.665827334481296,26.101937732235644,25.591682572448736,25.22538412486337,25.044488821363228,24.994108027094416,25.825348176521825,26.123988813762775,25.90267342555912,25.543492826084293,25.425256203962654,25.621338384760712,25.08371150836877
Q68FU3,26.987800586257553,27.14314144603862,27.467782403480246,27.05570549927683,26.954373939499202,27.238242164418764,26.517275729258348,26.798298065953723,26.86790701497191,26.59819125486131,26.44020458842191,26.90519495127851,26.45476801055105,26.479946598757678,26.691037031977576,26.84171369179638,26.576944544466375,26.74149712001858,26.746953543210434,26.65588928619781,26.714368802665913,26.87024391802785,26.0979478416412,27.671093331991166,26.82837189618061,27.47911582830098,27.2253773532673,26.94416722603597,27.11991336629521,27.045735309605302
Q07310,31.957433864505568,31.98937765102458,32.00527908074264,31.70204232896321,31.334984088884863,30.76889846905962,32.60371130044634,31.37622016044879,31.95901088031237,32.05224461621726,32.93007029366293,31.80620305515673,32.03860963027333,31.798943532734516,32.48894932114142,32.47069025793203,32.752626294081665,32.25009028773673,31.402447059704276,31.340498939708702,33.00300782017217,32.56536299951376,32.97878543422201,32.719788636662486,32.13626815803266,32.54539681272493,32.78702467903657,32.35370529025366,32.452393883806415,32.38188953477401
Q6AYE4,26.577999215485136,26.368767528949398,26.292536055368828,27.311263213695504,26.521754391314275,26.67281651987881,27.830755049287486,26.870356126672505,27.318691821674324,27.501027425629484,27.34699206468419,26.95989334519829,27.367058911845813,27.182522476270144,28.03357828957494,27.719382022409032,27.540788885485874,27.674860496468263,26.833202465261333,26.62260401204235,27.373123296835374,26.88425620432626,27.604675113568852,28.02908569267388,27.64589822371389,27.0749867010384,27.798367260928536,27.56956379848674,27.530165418478315,27.963492618847184
P19493,29.20275747112969,28.407934517392434,29.05003086468869,28.343042088734762,27.611641328480548,28.57440939355527,27.919862342121945,28.415906658430785,28.12141306887866,27.700851527216972,28.938157597663402,28.74752326656022,27.825156628738796,27.997298969265863,28.182556096018807,27.99440177329063,28.293754430489788,28.220801836596245,27.93452787534222,27.962949137519978,28.054494887888186,27.879650715624233,27.59004124071098,28.466922106983994,28.136143314499027,28.470510879459145,29.15915327396151,28.21474946881662,28.76016181876183,28.287120437208618
P08934,31.309386451683288,31.069262643370646,31.58857372923444,30.996362593627286,30.729004417531876,30.309530507437408,32.080983350403926,30.74537658302334,30.775276793268553,31.515543505690236,32.066324011209566,30.929277988243832,31.068729429481774,30.81432881771029,32.24743147239393,31.6750128970593,31.919128462908542,31.457018719439155,31.114592469901467,30.209314504816817,32.048824779473776,31.767942059748254,32.02746227001536,32.099596372861996,30.864926730132108,32.07485415477625,32.103656164871865,31.75510879998932,32.027229097762465,31.66729793447707
D3Z987,31.564392618831107,31.65344500301684,31.718182776737518,31.168292781186732,30.416634290857953,30.216316319326353,32.065236653727936,31.195433514028128,31.33776846018336,31.964361226493175,32.71769947578295,31.449611199871825,31.331163432497764,30.876887883839725,32.08030439878893,31.911256816140156,32.1928191030821,31.58429164607927,31.50443353876851,30.476733859605595,32.58294425834466,32.00546778288223,32.44682464142767,32.316733687898214,31.34714392394292,31.898133905079394,32.518849724195874,31.635603472313637,32.07639525186405,31.756922238495697
P62198,27.104676074642224,27.138992774149063,27.26239886325633,27.29273724868872,26.9980240229098,27.570633236646813,27.634286989844124,27.547545272923355,27.430873800296993,26.381061663972687,28.049384775941203,27.543664836180483,27.235409739363178,27.334525356546663,27.334384234495737,27.304665708413804,27.579606819268186,27.233270022230972,27.590303172987515,27.351391199124784,27.393830744094565,27.67544205736289,27.401316125723675,27.752989340299777,27.4777699872672,27.600153362036746,27.80583960047599,27.678983561816672,27.9805917302199,27.80001298429455
Q9ERQ6,24.554719537936197,24.83309343417825,24.714147553022176,24.78770681896179,25.049075191280455,24.82522149850486,25.257507847869636,25.50633248354756,25.204256742031323,24.88514893852109,25.954659970446844,25.446843088877447,25.26110936535069,25.390144908160362,24.879857858226003,25.379850528335062,25.457461181726714,25.26896834607612,25.391558525844058,25.739626865585866,25.30669810546077,25.48848132619761,25.292441878499137,25.25188369995274,25.711601101372057,25.451081586375107,25.617403118044695,25.593002530819806,25.107616501532608,25.400311191403322
P37397,26.28819817267932,26.18441205246596,26.195111601034277,25.996825741621674,25.706407150004996,26.576426456748166,26.405723694110073,26.754849416162443,26.103374134866034,25.96738589113872,26.864231071008483,26.52977707688449,25.727252436131533,26.136348674038988,26.80213766441658,26.168232284731033,26.19228125454443,26.07385008770033,26.428659739871275,26.11558841066751,26.399441174626837,26.10511733877995,25.842402058681675,26.762973251137442,26.12494877366509,26.324799547056323,26.72994411734145,26.225134878842557,26.66525053162635,26.3356682838323
D3ZFD0,31.84480393448414,31.400733445940073,31.48519203178887,31.416565701985867,31.12950868686756,31.43650480617224,31.258105089510334,31.23880332480197,31.245801553676124,31.308220070232316,31.614271893367302,31.45937197081994,31.323076349238804,31.333097897574717,31.510481174999633,31.509170403791792,31.94754322420815,31.72495419803154,31.658607361159394,31.487051769913815,31.785311460146517,31.718593596915156,31.9743643737399,31.79449366585424,31.72273706282657,31.809686529222127,31.870852894841914,31.91970211612334,31.723936390409275,31.735800890563006
Q9JKS6,31.648164164715844,31.32985896077928,31.508542332270654,31.40355168218482,31.07935686586073,31.484259788146016,31.33043530478184,31.441423024423283,31.4573149039305,31.341926619661763,31.975495584410442,31.59606919126854,31.241628447778343,31.565430831769653,31.637800250725004,31.580076083827045,31.72264094416837,31.460674501187455,31.320633503254975,31.18919339919143,31.435321705278355,31.52019835111869,31.053637757826465,31.42863093925066,31.24489838698273,31.710728404697278,31.81783869452769,31.558852786562575,31.435716262613084,31.711451409640404
P19643,23.90358994585168,24.30662736611477,24.46643633285169,23.781488701000338,24.00241049593541,24.677972549463878,23.813104133115854,24.333213873353174,24.073883188700158,24.024818721193668,24.361577467964345,24.236879770998243,24.07144737121778,24.05801341112497,24.235759783456697,24.599668746242575,23.628500163313543,24.149749701664426,24.41327925738239,24.1936705106688,23.778546525842845,24.536408833729983,23.84796865812799,24.796359367489284,24.35919821839135,24.124065812761625,25.07829906220782,24.374202362417684,24.38729120650682,24.731036877430128
Q04666,26.928787761237313,27.055469394390204,26.919616822616273,28.188993314010304,27.26881277694332,26.786372373787646,29.598326621564222,27.17834498539402,28.211000643253456,27.764545085649548,27.688474156892426,27.332355004266955,28.031892401588898,27.720726996327667,28.0009789450675,28.159271071844103,28.945386339304022,28.38806495096119,27.825868920030125,27.892692137267858,29.18556695633794,28.449410731985456,29.032509056243597,28.688923654379998,27.853773943137508,28.13294398410674,28.228512179121275,29.01321528835421,28.251100386436217,28.53807618660042
P83732,28.51411726608236,27.95487526223808,28.285030040643235,28.080025144297693,27.910594319355436,28.35204159846216,27.446054804619273,28.04302778884444,28.197438964382556,27.710294457234188,28.233604097104347,28.378802653656308,27.813476708807393,28.144883878578568,28.198952053808952,28.206312581381066,28.01679291142599,28.18607974274023,28.110222900226024,27.566676455672383,28.0633987646057,27.866395979940116,27.364223425989326,28.281528385346768,27.990269252545662,28.42561561865398,28.695845162396076,28.107373108899054,28.50940155641878,28.316292950809494
P23505,26.411373014457208,27.433355694576207,27.643988011893647,24.557721569902256,24.815460708453283,27.761288424566104,26.105184589023153,26.969194709422244,25.686871013725042,24.469443726200357,27.1027492502353,27.18516679155544,28.039502772534494,27.081704681451658,28.044729481073176,27.302043346005497,26.656055931864316,27.468394423801772,26.72756110560608,27.196812210567202,27.333575300147487,27.260744650767922,26.181688027460304,27.820510272537568,25.671895902470556,27.588094482074016,27.219059488575535,26.47933518714176,27.578970833014452,27.25240664132474
A2RUW1,26.89641030471408,26.54028712704509,26.73740770456174,26.491774623289214,26.56047757483983,26.45975703564828,26.45640740976256,26.258829177882813,26.832298100453567,26.094446235964387,26.389697731881963,26.524598904146714,27.147734779278817,26.82934094205246,25.902994900259127,26.372669388174018,27.105804568625807,26.3493107686612,26.356030448042734,25.935756984137306,26.089265236252583,26.52869506849334,26.915299386618504,25.96652441817564,25.746288051909563,27.291311342156607,26.81939639504118,26.378212558251025,26.505514865406937,27.198129016604177
O88480,29.048855399544678,28.75708992755034,29.009003603101792,28.59236533073118,28.339588876680004,28.70853049539123,28.720725719984408,28.697623080398046,28.686712541792552,28.63129753742408,28.942384923351376,28.908659084982062,28.550037080600834,28.6111960059936,28.85340442460798,28.88910037165953,28.82850032824642,28.658495923592632,28.66443403493523,28.79472077708786,28.967834560179472,28.926363950543145,28.55810627436165,29.0549418661014,28.757192934390137,28.943503081660023,29.134425814983548,28.86660376500427,29.055064841157897,28.98959117571229
P80432,22.035284736855925,22.48224382603772,23.866526933828453,23.421518875213344,23.355771951937896,23.14916673816019,24.95476607070036,23.428065560556462,24.817561235087258,23.199573504074095,23.67251658431296,23.021440735112474,23.65354727403851,23.564230214611488,23.27510814701462,23.46000211299126,24.124118786949065,23.55453744624524,23.754394248045912,22.591673909828476,24.721077383424504,23.79267185679606,24.116941818851164,24.38708688679709,24.72077718821186,23.85828564505136,23.597422228727098,24.80506967485818,23.47386141672349,24.129549201875562
O35952,25.84593790201363,25.21065334253226,26.088603313140734,25.80872137403922,26.46380690384316,25.21745038606577,25.057098359993795,26.190946052865407,26.44072213004658,25.241558847149133,25.8523701298871,26.14164150521446,26.309999243540638,26.784359523812086,25.864151349118103,26.458155504048072,26.431221887606892,26.515705999572848,25.788612985630422,26.19305008490635,26.570111136531466,26.390147456927092,26.326679995339138,26.74771341429158,26.680999910572833,26.913179883434438,26.67435802547988,26.679817313666227,26.693375714499673,26.680016162945385
Q792I0,25.360842702342794,25.22733212777319,24.761233646188572,25.350041301305534,24.991323665201545,25.76669608737389,23.955358799688746,25.517311326973957,25.318567090162585,25.208483913092998,25.359675316354902,25.586204161105687,25.383306201732136,25.8780587292366,25.40538196310952,25.482472557582724,25.554203134514047,25.734540592557643,25.4284597784221,25.84018185602142,24.573441925817285,25.730208021127243,24.697977406246732,25.952344880850607,25.733275919566104,25.87735605979381,25.838575285187733,25.70128742288873,25.59683230731051,25.70925837362628
P97544,21.747534436173595,22.22138459503005,21.723810802166167,22.496570876397012,22.93506583802667,22.613602103384856,22.884447796195552,22.496445558272498,23.438725111853454,23.016749469749037,22.188469019372068,22.507631704840367,22.95770368511946,23.6012239951158,22.060012930638116,22.929237184939783,23.00490296779988,22.88769939963902,23.07817752541367,22.964432886421733,22.47426084828643,23.103302697655014,22.912648534714705,22.640590053344546,23.171232394260777,23.486526212661502,22.530001548277014,23.45680395887782,22.516711996703002,23.036269715223373
P00564,29.437063050959186,28.609518407269356,28.996369002332433,28.871624662439675,29.047909359715916,28.80157534670199,29.29682459108169,28.678026097293415,29.30518653498495,29.049706628714453,29.32094574145805,29.037847560425,29.426517607158544,29.59476597470722,28.97900081262119,29.20948259599223,29.779100435380037,29.469148149855716,28.896451332319764,29.082629741112008,29.321578071178287,29.317381318193306,29.161279622034826,29.08015017428983,29.198030380875522,29.757026123302406,29.411296324814618,29.527908019599945,29.234763936242192,29.540873026580492
Q63372,28.982157965854228,28.723419293887993,29.07501926203053,28.486611892414736,28.457241666834086,28.087273792110466,28.571776620533374,28.097075106963807,28.508286728562094,28.32946720634861,29.484790813560345,28.752865667952722,28.440509098159335,28.474991545741435,29.335367440219766,29.122606120301228,29.219683995701466,29.107120695489158,28.20889938276181,28.07441925786473,29.250420407717172,29.02195853119098,29.12807544809121,29.279676590397646,28.567617232750443,29.26070388410086,29.563769190314304,29.089621763458148,29.007612496896883,28.941888243520093
Q7TQ16,24.188404159594,24.191782681957807,23.460570210320853,24.228108773267728,24.138562735570314,24.230606990086166,25.033434239444,24.386963648132888,24.519506653643063,24.490199464505068,24.211699884385386,24.633248666039545,24.376013146107407,24.680577659416137,24.395810694848254,24.857618267773827,24.74054164807298,24.599337163469,24.403707679850868,24.041952903342022,24.882105453873155,24.817743191519202,24.42876812077158,24.927888772569954,25.084675893634387,24.8343097351788,24.47668003749813,24.895684688448743,24.54313377055039,24.934736538013293
Q64361,27.444433059070967,26.588503303904783,26.40740139288153,26.43809810901709,26.642508361792895,26.88095786858309,26.79752047927229,26.58825549661006,26.614639810377987,26.05582950555867,26.462124821863743,26.43607632225195,26.57874563921487,27.175368144452772,26.677971978388292,27.497830079911296,26.714887220736646,27.257969229223917,26.482151197450285,26.686417852921124,27.644118740395182,26.42776805947129,26.249620937525574,27.121539781570636,27.345755847788052,27.786581609006497,26.705453102330527,26.871964147397335,26.9591564524974,26.50803140119212
P18298,26.219652962723487,26.318590252969802,26.20241466243404,26.601818314156162,26.872913880218302,25.75353300635104,27.354883088025343,26.166411379678415,26.844173726507286,27.032315399431997,26.567748662571898,26.490479003999035,27.36543266050393,27.000620046925782,26.866927238745376,27.134130829888278,27.316543208684948,26.89356148118906,26.69034181578969,26.938711774328304,27.21537224530313,27.013604927003573,27.450830986979508,26.853245178537055,27.37731196813811,27.0680605660939,26.08747055009915,27.36929716723785,26.934280095269933,27.094479225169316
P25409,27.158971777145485,26.991525827688193,26.457064481437964,26.80363730726211,26.455836972071406,27.330260695748418,26.625249340231573,27.474960878089664,26.82975577351995,26.850050577723167,27.485484455946754,27.211426633174337,26.377638432173768,26.86737016529416,27.122392005821315,26.825660811053964,26.842396009892543,26.506548706993232,26.52183483748008,26.644390636925834,26.781334968917694,26.698495095139013,26.346290659441664,26.90657453140306,26.581483484954855,27.059133754279834,27.187422540116984,26.886456404780322,26.830536422736653,26.988294000338527
P70627,27.61408312212401,27.457826325116283,28.055045795364656,27.43991592782425,27.62820571011608,27.666103958998814,27.849904153775995,27.560029822721678,27.8634106947809,27.449045399929975,27.82038748107765,27.701908199911884,27.746258839212953,27.997245731946354,27.6972896755172,28.071221378114284,28.32164854520879,28.130850495938887,28.126899724547687,27.714020455899668,28.449043522071054,28.115512445527415,28.142993876980828,28.30525301776021,28.225349921197246,28.48236877046423,27.947030052744527,28.080477167244233,27.96409915080484,28.4124926565796
Q05030,29.25036689418124,28.569470465141855,29.081715743427278,28.831380209796933,29.102335676011354,28.700193954672255,28.64250414599488,28.79412710104826,29.099808096115662,28.809098365762893,28.694949113615262,29.112190470567537,28.908323006387114,28.966263424426348,28.830282376758426,28.98560688439816,29.027514023858163,28.98040787082758,28.852415146919302,28.81935795839283,29.04541350941147,29.08927685327459,28.412912849713948,28.79861764583275,29.05011569035381,29.393355650804416,29.162191426346332,28.826527947340047,29.126305878296737,29.271146172961867
Q8R431,23.888405345421226,23.506518319834374,23.463846920149667,24.275959079420428,24.468156038270962,24.834963298263954,22.701730439251204,23.643452606997034,24.111650692770024,24.59322831137717,23.175100649062802,23.491739415140493,23.979382639091813,24.05178415147616,20.509623647880225,23.385947031104415,23.39432318003595,23.47585759323252,20.238226431272903,23.61255996916024,22.867315766694137,23.769935981905533,22.758330890118568,23.02118196845321,23.73550719252012,24.07303189294249,23.594687073786066,23.4217375067437,20.187222929984433,23.874798051956386
Q9ES40,24.798015248867372,24.287526621925444,24.637644713259288,24.634564820960893,24.368329815925208,23.98985368693084,24.589168033888793,23.5672326079802,23.77501298470694,23.79696055063261,24.641859893047933,23.874449463878534,23.394273864212888,24.145322625930348,23.894869420768586,23.564668683284914,24.1282391862762,23.61240256916306,23.603217249465363,23.31943344634433,23.878362768187095,23.731113588989313,23.54880758032697,23.353347628353802,22.8376657530703,24.26533819351781,23.819125544890497,23.110690568947735,23.533030658525202,23.464674212855158
P11950,27.018000674431935,26.225253985013975,26.269937961589978,26.203777991797704,26.201511788514733,26.517468719931774,26.733042980919677,26.357725738581223,26.426119978042,26.349002118736912,26.558130359090395,26.566969512155612,26.172069554336804,26.546690788622946,26.427893013164578,26.420827525105636,26.52421984156476,26.43284310489426,26.45035744602539,25.71180708308764,26.552097245161516,26.391265930863685,25.954060411340002,26.505854736768523,26.392933089606164,26.456566946017585,26.519230035432994,26.597433970347712,26.222595254471752,26.463901814606295
P24135,30.678789055285748,30.535155056049653,30.58754390932794,30.58753710567626,30.57695862919136,30.59668020917363,30.548276362849595,30.34737132659461,30.31222000645935,30.744061724278495,30.509531935681117,30.63776819016776,30.793992170296068,30.659009608334152,30.844717186016062,30.856346082883675,30.966565639335204,30.81149834321053,30.59522518325706,30.703202741545617,30.428078587910555,30.174689512022763,30.17826447022101,30.6945715432889,30.5648153880592,30.233076848827647,30.61727679027544,30.56797245842602,30.735980026206594,30.81476013233401
Q9ERC1,28.73910883459182,28.97665156988885,28.42132538427402,28.975519479102402,28.459172640457105,28.436652108126303,28.382555396715027,28.61003514435166,28.78281807561846,28.5354616701299,28.940626078972592,28.982609185134287,28.20531520551629,28.663196348177923,28.616321156713465,28.548498977532827,28.57408960257375,28.741837383853525,28.540862648032626,28.57819722250532,28.774063695164397,28.360311861612523,28.758403916463774,28.883883415646068,28.571477853807313,28.652168167440895,29.152864078737398,28.80358248386348,28.71421626639653,28.729244784048607
Q566C7,28.010561622856674,27.097262631734203,27.47077591562671,27.61722819273568,27.48900729207337,27.632494045154726,28.56819947898953,27.78990409661709,28.353065704207843,28.125888177812502,29.518087442164457,28.35271654529199,28.15522033306955,28.103674126653658,28.500357293916487,28.449866368165086,28.971697575035456,28.401682816247416,27.574559607787425,27.838035219309653,28.62928374102486,28.446864788750435,28.328998922239965,28.40352748351663,28.36353007640064,28.226701710167685,28.526071809023403,28.73892319994447,27.970976687304745,28.57691647999193
Q8VGC3,30.498238859821345,30.332398134661016,30.14841933142722,30.205910386816182,30.069418781887563,30.441465444322986,29.81516574994325,30.2950244650788,30.28321227376222,30.08238568815842,30.2592971333049,30.302032316478876,29.949074950397204,30.539680217741036,30.091286039011536,30.162545109668113,30.284971982973563,30.20704112186785,30.174773938512505,29.992920162999916,30.08673569163428,30.14704618198547,29.56362821091816,30.01127412210081,30.180359120505155,30.569192386076754,30.688913233931395,30.40987527406137,30.38407956239292,30.35711524467487
P18265,25.869134990057905,25.51849467533162,24.770442200781044,25.65262582012308,25.876040451059346,25.69105254163344,25.665072989364422,25.386911973616943,25.97254279017861,25.415598462105784,25.56870590071733,25.864850172574,25.60382636949002,25.927429004871225,25.529751272887612,25.86470685842622,25.656346541062437,25.96336086123624,25.729410125801742,25.79104611886808,25.891772686148666,25.535459010882008,25.586598077744714,25.711908609360187,25.6886451989622,26.190056090202493,25.95979434443484,25.661377180661688,25.62014878946062,25.656840678709735
Q63797,27.239521894361978,27.230208256028263,26.206765493660505,27.12560514219169,26.583211172511454,27.277513441074138,27.355530639865997,27.62328908369353,27.318294423286922,27.57889129916203,27.06798829819067,27.827292601419924,27.45100831701299,27.67005569239835,27.991618301804383,27.506800471416923,27.709885860481045,27.566674001778956,27.338674627926522,27.53535309121607,27.58822756819149,26.972092725386656,28.13286874341065,28.062949194785073,27.888948760421634,27.061321878427528,27.99277447650819,28.13338287829373,27.413586137139056,27.852523049762294
Q5U1X1,27.39669575560474,27.187753362058597,27.394746431947745,27.385146969800626,27.276847807040213,27.391604386192405,26.743229114530955,27.112522574962227,27.799205356492294,27.508543134671495,27.19418711191849,27.603031169336756,27.2243610510292,27.732424226187728,27.466689027761532,27.60951482223776,27.60970420622227,27.65398674395778,27.538004127344756,27.423618394766873,27.448293830810638,27.525040088609103,26.992988167404878,27.38206450116574,27.590473239754722,27.95337306227864,27.886143095462362,27.785232051998054,27.642540499316567,27.911173184317526
P04182,28.601584453425517,28.01440508701506,28.132587910137666,28.183073650434725,28.17514019616336,27.99015925327555,28.081797908420175,28.12290690692738,28.547268243804425,28.133607360432002,28.488089718329547,28.472798369778094,28.63016688332802,28.754751599212202,28.49651868818372,28.61264048606892,28.774368896615883,28.771856898864247,28.193104424212986,28.268615149422278,28.70294964692339,28.330043792415193,28.15254401833997,28.65645290960341,28.544507225398554,29.01325363376064,28.896941753568818,28.651000330341272,28.820135027788776,28.896515212953023
P24587,27.060294285343595,27.163168992752926,26.914337507758248,26.845220200258353,26.73607974462126,27.359857312460147,26.869683052323353,27.38656325325804,26.859489739924243,26.47669986129316,27.202199517278395,27.38873179505776,26.31950750020457,26.78952686359105,27.24073745552964,26.67527203795611,26.747520398315675,26.643003031739728,26.747065611793424,27.221336395370933,26.70402668487994,26.79897697430518,26.204057121013815,27.27548377081664,26.735611215467614,27.048608434458494,27.61917282920123,26.684355005331426,27.13335679281005,26.863544429166232
O54889,29.045824354126935,28.677233864585638,28.667637573775256,28.66318713320891,28.61925603599797,29.036364989606067,28.7261655998574,28.77652788954891,28.960448026926194,28.409797362661813,28.902058878314147,28.92299368108414,28.53394934323929,29.02834816802196,28.938682188097822,28.94061719168668,29.094266815167792,28.75298637387576,28.59425220453183,28.730259904709598,29.038318216555556,28.873684070512347,28.541796013446685,29.020525671474925,28.95083794500829,29.23930106036804,29.234107707198323,28.92288944061712,29.09733380668615,29.03999675468596
Q63269,31.10440863733624,30.190315223730018,30.802707088531946,30.441601298321483,30.1968983146163,30.24007111329411,29.821513340099468,30.008300116316576,30.2072132599778,30.224634034359067,30.491844224774418,30.44049221805056,30.099877855736004,30.32937966615328,30.289404127090492,30.386583011243914,30.490960548441826,30.431105254811616,30.16107747220506,30.014310065354028,30.294721833322342,30.14479086844179,30.002779476865452,30.392651044491622,30.04611071128472,30.581334878632514,30.770240444489843,30.285376698540254,30.53473371392422,30.592221854102238
Q9Z327,29.69953415556229,29.76328613638175,29.29791828276946,29.18739269460625,28.720731947370084,29.593888882495094,29.016117812508416,29.449755517073807,28.923727119161367,28.520837321957433,29.689415317516573,29.40204307520736,28.8475202898111,28.885730378599142,29.29775448480225,29.20872160219502,29.575572136169335,29.161224859066436,28.934117018881963,28.87802595346189,29.133721325605315,29.174928502061245,29.123531789440047,29.684164559675004,29.152622724919027,29.203016614015716,30.09875570268121,29.422985479022195,29.391773145774355,29.22746536539102
P28492,27.622697481158657,27.563593784046788,27.34588296000944,26.960050230756757,26.63472062470102,27.94497069418189,27.445484066535712,27.66929571163839,27.11234927132766,27.149572805768866,28.524272853196592,27.613197485212087,26.988412465368373,27.192397952306763,27.477715492542604,27.154997096284788,27.351406321405555,27.156245550198328,27.119090388005013,27.08309879763452,27.553620876697,27.201133459573953,26.868799842585744,27.62715062404468,27.148248317232316,27.137346854194735,27.845217070707026,27.485572505435556,27.391657012847105,27.375501942874028
Q924S5,28.141632206598178,27.823310044893176,28.07880174835789,28.11478741140728,28.09192148396713,28.080859300843073,28.058858828393998,27.971902929459365,28.321673872861115,27.66523804525295,28.340898695114728,28.114177200726097,27.959824554558622,28.189054698161815,28.123119781238177,28.20574078747294,28.380618378706092,28.08321432837415,28.106576261590142,27.991057560720993,28.144616443605436,28.205938769961584,27.744771695502067,28.218762297968055,28.19690683968485,28.513297847179963,28.31598989469343,28.27765782232656,28.19935940074871,28.21890994050103
Q64640,24.733900263315782,24.762153664507743,24.119094438452027,25.202632146519083,25.150302008061743,25.371637390079474,25.891894043067502,25.708307101632876,25.8090254117141,25.669814834332758,26.146537640542096,25.42354729086983,25.611906985905584,25.36284050213167,25.721006158580266,26.036722724316636,25.9683673406676,25.482332336089904,25.46623034343542,25.51712916481134,25.384623066900595,25.710231261614464,25.62486597769747,25.70216133157545,25.99735638807155,25.422496910392262,25.692259200263482,26.242898666902537,25.375200047985455,25.76157020271944
P54283,25.2415104122315,25.385417819978247,24.752113687233706,24.890311603550682,25.187144815384624,25.863884905892117,25.302102449519502,25.530680817158792,25.405982222398688,25.27686676210207,25.06735393025888,25.40496753811437,25.092051580000575,25.25490801141738,25.157360361392566,25.487963833024956,25.171301772463533,25.37799312311746,25.240293161662947,24.590091676257018,25.677607411351428,25.230100533578334,24.679349796209117,25.557039103315343,25.527259066607673,26.067877671286336,25.342175727719038,25.763278362311294,25.67239780425129,25.180845263763054
Q3SWU3,27.488780813207075,26.676095295321616,27.43754681087411,27.16595110841081,27.962022963743916,26.623242253910682,27.226826105696468,26.344632074191786,27.43716535803421,27.711453990609538,26.699242950266036,27.04729994398605,27.611473632550428,27.806893833531767,27.422034531005124,27.82822157771636,27.819405924668043,27.685834992022297,27.34669162675786,27.22625267422465,27.585606483951285,27.615074129326185,27.273003446401965,27.35171373515059,27.682194357499707,27.643049689945464,27.075968151473166,27.352177123413234,27.044581654249928,27.900404510756402
P54287,26.982873606029344,26.07254110745001,26.80400291342943,26.50399218485824,26.576468083250838,26.396306335409093,25.24296343182957,26.56415343944717,25.929323793724386,26.165000065158335,26.49997068217892,26.860919594530174,26.141930118006886,26.35662218076356,26.56438155202536,26.83495848965708,26.91242259687657,26.99700805217829,26.36645113085013,25.684143551791053,26.534459148816055,26.035274672421238,25.731449207520615,26.243235616651774,25.738802813589366,27.012299569934925,26.66294303526546,26.02144062920896,26.79734442147254,26.999636428551263
P04166,26.969955846722875,26.69741713402515,27.335755708199326,27.389155973981158,27.473889884602713,26.955451437329096,27.29929724677889,26.94632968595202,27.989078930887953,28.42546362510266,26.596601972103613,27.271218037019814,28.063587105301,28.04148927107538,27.96663462580703,28.457957685057092,28.003400847238066,27.905000656226523,27.91555821765529,27.85573369492993,27.903495596401637,28.010723156873702,28.44360129613458,28.110168847390703,28.338853078507984,28.05387784078341,27.42337423928047,27.71497921216319,27.36561044327809,28.281412439014673
D4A055,27.562093013608855,26.86988910622477,27.35299719283234,26.905453853968613,26.831605607188987,27.187997099331564,27.081106024351502,27.26199699008549,27.560675673575947,27.17251698215503,28.15183240803455,27.771287128152252,27.0317415901256,27.29433929757413,27.517428842014795,27.399427607997907,27.599961961014454,27.27927338813463,27.18525905313623,26.701772947265955,27.615581215311582,27.408123833860948,26.835168715659695,27.302315018634307,27.057676889816424,27.571438923888863,27.959591845048003,27.363769199613188,27.48533442614821,27.455249801535512
Q03346,28.122494790615566,27.645881244598822,27.846355229106813,27.765365710710082,27.55860083400677,26.69625669065018,28.020762447718056,27.015512779090386,27.422901233773263,27.556248402111866,27.898735967596046,27.275334033941814,27.71891149278273,27.51270516649354,27.949973098303232,27.82549442902491,28.283953983689347,27.69845039481606,27.702194477653254,27.460839656834768,28.232530924401377,28.237491023985513,27.971224694400775,27.94764685944445,27.318521291374648,28.285992970751693,27.93917881396957,27.631742585158857,27.819884473711323,27.804485906630514
G3V7W1,22.792876770868236,22.394976541427255,22.573035612164052,22.70760279034806,23.201994706676544,23.05838907250853,24.87123880277776,22.9561300516768,23.575249143570343,22.802426532300036,25.724417939720393,23.886532433583973,23.589623575457,23.58542210846541,23.448379327972923,23.863008682934574,25.22628072888838,24.071507535106583,21.99556549832895,24.60745513776729,23.062744231872227,23.43217481931939,23.023741834361957,22.884641374075397,23.965001790833043,24.090836945456502,24.031985256103525,25.301821027369417,23.019411786378466,23.894168118077822
F1M0Z1,29.68734658255045,29.332603630474214,29.625229128413302,29.66465793996764,29.578731722836615,29.537129551012647,29.286136031698618,29.54258627165791,29.84575500514373,29.363055123629366,29.54106703506915,29.683864015319283,29.604176995259447,29.743236633079444,29.673532658404095,29.867882304950808,29.549041527536122,29.654713107129936,29.639670478800916,29.444270108830935,29.64015676289354,29.63873822479346,29.08764560816231,29.771266088362527,29.580274651326494,30.039149872075214,29.887191087361362,29.66796212309269,29.841283627442806,30.038354239373444
D4ACE5,29.001578099219792,28.615340979112844,28.86982001045784,28.63168706377131,28.448175837262255,28.77585968015573,28.388132592537556,28.60920894258164,28.705917407987833,28.33655894799337,28.52550007115197,28.68562153665323,28.20197965826584,28.50415694329815,28.84551957163962,28.61343237727682,28.527873553803264,28.57159854537272,28.741590225391665,28.242607360725646,28.66521412111087,28.432558259927387,27.98241807131639,28.959979536852206,28.474644934518487,28.83824618751287,29.008217061887894,28.499152437007332,28.859188341739518,28.594909634567294
P26770,26.603097099527794,28.014080235127285,26.61662253487445,27.045062243932946,30.195027895225927,26.908174088901536,27.05557805373366,28.84779730296234,26.731384528220367,27.007530577155325,27.342396307009057,26.379366302412034,26.94329417337609,27.303738716039017,27.009292424463215,27.19790471178087,27.445802347218063,27.73143805975871,26.881110163555793,29.374675883376888,30.17742081137317,27.469270660533635,29.840650973057638,27.67463614664875,27.654475986700763,27.857449504762304,28.858447164029542,27.90733688532866,29.144450286538607,27.425777209754692
M0R8U1,31.196306059201387,31.212466799906654,31.0358630353152,31.18737324130844,30.639671388498492,31.20440341331061,31.034439515377766,31.24119067897195,30.871181232482716,30.750478422487888,31.678870811723325,31.27881768219637,30.79614933477227,30.96232535351692,31.29396018234885,31.006321745362445,31.329213002956653,31.063741988657032,31.000774879716914,30.739084679037006,31.027699578020485,31.065872308666286,30.933969581143117,31.315500710588978,30.958296404614746,31.141226769338882,31.499193472892426,31.18596610431286,31.32475545854447,31.142814377360654
Q04400,28.474027877796306,28.556302760281827,28.106717320347354,28.036115557085562,27.834927012620774,28.293568275733293,28.038149615968912,28.418486187840667,28.180731116547488,27.74109243451231,28.53551002021653,28.395991444387423,28.15290737539256,28.4304536484907,27.966822150568657,28.06340242476828,28.485630701843824,28.14960703283452,28.214141428038197,28.3886791517079,28.354237377269772,28.46068535100968,28.047197715654278,28.476395348534172,27.867590828315265,28.895351317585423,29.053420562114923,28.190308558782764,28.35361727490999,28.351965929673767
Q62745,22.76046382898557,23.47988374666257,22.56290617913752,23.622402265309773,24.1298879741942,22.515115241987456,23.636110689795245,23.392590538133682,24.12656474355625,23.46429496152274,23.81252820998293,23.496893873901527,24.475266057150954,24.536494104668346,24.26834099790566,24.546408544551532,24.844873677041434,24.559552869109158,24.495227543473302,24.16243823693765,25.054861215659145,24.648924287790027,24.898469321746706,24.59993996200055,24.85652070480369,25.037705209902754,23.908325363788716,24.66851995287424,24.133938056589642,24.806227749791855
P31643,23.430371002665243,23.464216892738214,22.850928675814835,25.08134406493887,23.626796470996364,23.74241905103088,24.336025641176846,24.46976897303654,24.560754649856158,23.36208578155057,24.25700738939005,23.423329217999665,22.86849186284911,23.918062172729503,24.647191985715803,24.271587606980333,24.056035559109766,24.134298912785304,24.678695954283487,23.678931348687165,24.634067485104424,23.859448920609644,23.176435920611855,25.116636082773,23.340284947258972,24.84436608497025,23.57312413542672,23.998716524671387,23.58765531250641,24.33942527486441
Q6IFW2,29.169252373392855,27.883905583627786,28.569011938409048,28.260109486944714,28.049541347294312,28.195800443272855,28.016700828393116,28.182102379611592,28.38355980539461,28.222164424962376,28.58322637091427,28.477579743920014,28.450199597603323,28.328939449838668,28.455960920228566,28.347962781440085,28.50362718623473,28.44886894298,27.824056448678128,27.475422979267726,28.149264222232464,28.216471550719017,27.8824845949025,28.408386248173706,27.779953560067412,28.836876809542723,28.848485684656783,28.040342861216203,28.515741097553732,28.701922405157262
P59649,26.473481244238037,25.578566017051436,25.967149080716826,25.591158459849552,25.55977461496618,25.58580164661986,25.061881622189144,25.276817548514078,25.553121553903715,25.553847591696357,25.57338523729613,25.663527678871933,25.417227786930837,25.68200220969842,25.773250419190987,25.428989792330274,25.372510903590186,25.536709119796438,25.38578515496954,25.4273078722416,25.453131894995234,25.20914100667471,25.083772476450715,25.50369737163598,25.39082520139322,25.773470538944704,25.77303401475763,25.378354892242637,25.64355475181062,25.555684411505954
Q6P7P5,27.978455432018563,27.484511591042658,27.655562651120253,27.61652565912639,27.919943945191502,27.41746418161963,28.026874902893532,27.41511386830341,27.88838809221592,27.554511884643933,27.68155371599435,27.510177759309848,27.69166519776823,27.78699382100444,27.886777616767787,27.749712995801428,28.007000414954362,27.68443170371547,27.653651011005092,27.457083435364744,28.315035380156967,27.858169377219742,28.15653994119565,27.726047867371207,27.964248275835008,27.55161889295501,27.537605991346158,28.192591308134954,27.243460073006233,27.68265654921524
Q8R523,27.871462900958583,27.523084441517575,27.71801116214472,28.89406236844303,28.066040224625976,27.36318226198597,29.369890213924496,27.075080379303703,28.68939360441696,27.692722740062752,27.261384968657243,27.321465211024897,28.122255578838814,27.76896654380733,28.312123836996786,28.365050974063728,29.10286879181139,28.737782541608492,27.957544029820955,28.34337498748149,29.471331302087236,27.899034241803783,28.653059290194005,28.917431836785926,28.05641378892037,28.539812966614377,28.314526660534824,28.383131885551954,28.453606921239977,28.56795554791127
Q5U4E6,31.126910081390744,30.664495101052022,30.84257127341206,30.898504682201597,30.707130049409344,30.62174145168772,30.74688834468935,30.603901492065887,30.876263807039116,30.667942051069556,30.87129526401587,30.888303116545398,30.694312160090533,30.888156026091362,31.098964367180898,30.868942927308204,30.881172261384904,30.83655657469204,30.79204304036259,30.555398460139347,30.999949904014727,30.81627183177155,30.48433587139496,31.088068508403516,30.693632570371808,31.184798039437617,31.266709924368065,30.837940772690803,31.133156134658275,30.994551430466466
Q6PDU1,26.04171208819868,25.83517543497532,26.376934329037947,26.488538877719776,26.581927337626404,26.09307475539156,27.52175617038329,26.856647226355157,26.87945848632362,27.308252686297077,27.618976075691087,26.89516220632698,26.341846300424734,26.459824824877316,27.769302386513218,27.446966651264958,27.212966371932076,27.161353396454757,26.88805287237163,26.52246354095346,27.19493941008617,26.775206326929197,27.011209723085326,28.120894700291863,26.568207845110095,26.910218003570375,26.118336457962453,27.12264467032351,27.58853912186009,27.713878617280102
P27653,29.444871387686234,28.890244553973883,29.222416272455334,29.35974810147941,29.63288567945933,29.137493624605902,29.21756036640812,28.936715440375984,29.679355862698195,29.646632298827907,29.1768259848684,29.180005907661243,29.361071387048572,29.546973764702287,29.30559544180772,29.57057225173485,29.452795103354298,29.56660423053553,29.38092078957994,28.758569271423752,29.545288532797937,29.354874973566034,29.107422586613836,29.355763214591125,29.12548298305676,29.745046114619967,29.328565373696975,29.43142006103757,29.510126271865776,29.909253934415066
P97888,26.451114637149917,26.403710401805814,26.411724426684188,26.72626678148039,27.024077904768586,26.46232096345679,26.93957514136747,26.56446733888644,27.297979253037788,26.76140306614161,26.303603914139558,26.69126691333799,26.89974533315951,27.08574937263387,26.763106237938725,27.12484001533137,26.964070839746654,26.8492781074707,27.01371035060309,25.73766343952301,27.10341448714702,27.035773657162867,26.74191264676427,26.689661769045987,27.650948762308015,27.57986043665113,26.657142648960427,27.108517568108805,26.885215370041433,27.244573114177985
Q7M767,27.99952693992902,26.995663379451024,27.91849599905063,27.34414697383651,26.99397801733442,27.462955977046096,26.694432228309847,27.14220071586183,26.88511655968444,26.60121310269676,27.065599279197517,27.4011538217368,26.510821157056974,27.102162122521726,27.164787394380884,27.002628064722852,26.92580187701791,26.92778901695765,27.151609842637036,26.376981463382208,26.672515942369156,26.915057635715613,25.722330284035564,26.042908286906805,26.411534590101805,27.158134143270978,27.36903062247458,26.495258490608347,27.17450894346415,26.90529944794847
P31646,21.923751443423054,23.298442320996713,22.8220138058104,23.229769720783242,23.641182837598404,21.730725443336226,24.0064391288182,21.790228366870146,24.012274183150524,23.55059345860093,22.591973793809277,23.28083889798368,23.6863330898521,23.07370569565284,23.648795432037552,23.691318939467394,24.215099037154523,23.43554313172034,23.635464282308256,24.039939067690835,24.204701952404072,24.42586976447564,24.012860123540662,23.97771146442862,23.18923070544417,24.500051248256934,23.042598691989955,24.074022444572606,24.31771866944361,23.67207013721267
O54874,30.69678191556516,30.601176156385847,29.848410190364955,30.921493689398414,30.102778925628936,30.11374808733141,30.438380635191205,30.31588184306524,30.69054045526172,30.09992855338156,30.813380426455893,30.479410081633542,30.15067580102607,30.46651703087482,30.386930912249056,30.778383935897725,30.698029924237346,30.82533235915475,30.699086679683642,30.4987852192468,30.72518535671426,30.77022146198044,30.68219169415994,31.03185308415822,30.454979867123605,30.738310920751726,30.6631468149327,31.040840780908354,30.63095155624754,30.881752921211596
Q5M7W5,28.231978235677573,28.33638043847536,28.1997752259865,28.326106766572032,28.1696451408732,28.679962721847996,27.70933637480659,28.5628122780915,28.327483416258136,27.929900185910512,28.457318383676096,28.50922998132045,28.106046771002916,28.303487075328945,28.465863471697787,28.346689312276457,28.359565779526676,28.326478560813797,28.362050986558785,28.449825919641786,28.278819169112868,28.465669579520725,27.89684530034177,28.2276454294595,28.31010132348378,28.657244968202278,28.920710462413194,28.478554691499845,28.586455609873763,28.442441881546586
P28570,21.681781226826132,21.790074013133996,20.931123158648848,22.037461996285767,22.355309353662296,22.42529404609711,23.390623988973285,23.128948211412094,23.930328987325296,23.583444414018697,24.181651073775274,22.799711851395266,22.712298815738695,23.099298203294676,24.306607583506207,23.2570452215639,23.32472182605956,22.932630542927473,24.21307395269608,23.185677752706003,24.301116573062004,24.041256414532505,24.216732538872392,23.763638494696266,23.846661187089033,23.376455839708832,23.789276919076023,23.94172098571373,23.630653737961897,23.220453906972867
Q63170,30.45040099030784,30.254999132557277,30.16323605824356,30.36955474317138,30.125759118109258,30.28143497199939,30.768181205319888,30.403441860751165,30.46422243133227,30.14572209127145,31.01694756214484,30.52997119638048,30.259906651283345,30.239687305164068,30.625780233956462,30.55980715149738,30.8532904630446,30.498527383448707,30.12919666747668,30.11782995610566,30.702371513132434,30.494639678472993,30.293081702737933,30.745795873755174,30.415318320044094,30.675036848709556,30.95641217360895,30.584867772483936,30.625366635323978,30.6570895379811
Q9Z1N4,26.96305576940741,26.1711738239747,26.397566599830782,26.567153146678674,27.033862992090857,26.52070631716259,26.411803185481162,26.237675859046664,26.89986012662581,26.586907207163954,26.1145511119957,26.35987684595155,25.893934886926246,26.27385860072378,26.301770224809083,26.411349027329063,26.769972863983156,26.331017308214168,26.34708014707949,25.52476643087161,26.37081264630771,25.858258231208428,26.105006900474212,26.783119804314772,26.40019209095779,27.061518561951342,26.680239688655497,26.322052862905277,26.26757182084074,27.05146935846979
P35171,22.803840774535868,22.837712232656774,21.99487833762239,22.713531203374313,22.563139206949057,23.01061423769563,23.918951880947706,24.011337234803005,23.29523661764854,22.880957497950423,23.066143669425887,23.14696764580927,23.217402958583442,23.080067807356638,22.79255281383147,24.077276508262457,23.30012371060088,22.567385750709136,22.920779073724102,22.085284179949625,23.799778186434775,23.62526259097318,23.36124312299356,23.650344941492285,23.97449172350104,23.41400995630667,24.07066846148713,23.51394672332124,23.627420276653194,24.03337046578888
Q9JIX5,30.51936008337061,30.054096370878835,30.141182310333814,30.19809661719978,30.125735138542623,30.068635320572756,30.381151599546666,30.00494913262673,30.286945599716585,29.98471240149041,30.57807903348005,30.250236380538258,30.356434632731517,30.36963584747094,29.974515862406246,30.333995010591366,30.762680428882618,30.414801130827424,30.116498913002893,30.098487854830324,30.400460496592984,30.36659350169469,30.47768165669184,30.30683044712338,30.41752332284123,30.53210593860992,30.583922336618706,30.710847304474164,30.352314411841885,30.49942449519265
Q03343,26.77741532877575,26.771441469406835,27.09788120988196,27.01827126311376,26.472552150414664,26.463093674173884,27.416498299604722,27.02386284664766,27.45507328492788,26.303658413254826,27.59234990904015,27.364944682458113,27.391418682496077,27.396739997097463,27.028825408772796,27.346905773919595,27.73809776647835,27.17640618476359,26.840664787958637,27.44798914836631,27.997986458971273,27.5535320438898,27.093182719139946,27.45808710034327,27.512134209721218,27.48424217453302,27.72021467003589,27.841892272283143,27.25621888651411,27.2249426656883
Q812D1,28.69877902841366,28.345989255078905,28.74540772214229,28.372766848385663,28.3731512622633,28.570073783619836,28.195216710003486,28.711519022261385,28.557213434521525,28.678369174407667,28.58346494907528,28.57212077466292,28.37615679579393,28.680571955809246,28.756049797819088,28.621523422664712,28.503386687847836,28.515322372834326,28.691021306002703,28.445067795011532,28.595493507940095,28.62164038964413,28.19001697843678,28.463649442963415,28.73294268497548,28.800459420977344,28.86203557505514,28.815812665339294,28.791498175773302,28.810072691536302
P48056,19.82791947836641,20.661043248328884,19.533132456342692,24.242518714100765,20.62570438457063,17.86366154501313,24.620744743915203,21.58488189593376,21.94272925793357,21.986324856723726,23.766750701306172,21.68158083153955,21.630681618969934,21.085667763800462,19.96285938876672,21.72991205315608,21.430548388182377,21.617864247282434,22.655236557413154,22.36565644401446,23.93905904510098,22.26444489108962,21.850673586795846,21.804156728320724,22.165211559080493,20.852551130130898,21.137048510988166,23.398575543033306,21.58312088212191,21.823774218874558
G3V9R8,28.440693082759736,27.247034577056404,27.49017486026695,27.330820115934873,27.49594860623451,27.203817637262986,26.980773130210657,26.81422336441476,27.44654617770102,27.41729451790033,28.322692416942388,27.367749908973124,27.61284619692127,27.614378823775986,28.504814546141496,28.08889039753226,28.144712110681812,28.326213708303417,27.57632119304958,27.0129887937539,28.553670534148697,28.22528554728,27.434127561905356,27.973975528908547,27.733647226592836,28.565430634743993,28.293898477602184,27.54629897537753,28.332977205815347,27.85330061450925
Q62645,27.574661156773953,26.706854197297755,26.105317200637096,28.169684462608785,26.608831200384564,26.596513311216636,26.264834472810456,26.790395583298963,26.552340527895613,26.57680124842081,26.45011643096994,26.633193006084124,26.41420113771138,27.644155427469865,28.229340422751832,26.6914766506179,27.9524737471951,27.05916794972873,26.946297593041045,27.657851295053653,27.73855382024123,27.517365005391508,28.41289008787576,27.360281919329164,27.988343887952855,26.996435510962108,27.454222099170604,28.082911070983265,27.10943090437267,26.955747009856502
G3V7L1,31.704363621811996,30.991221860141017,31.541215483175353,31.13529867458397,30.954493402427342,31.067101908222593,30.70832004453365,30.881616217098227,30.99686109232036,30.606337192314403,31.129746019278855,31.25945437075771,30.770413742941955,31.040361968181028,31.224316462813153,31.010484986282087,31.2964202848706,31.02080935650125,31.062558931826764,30.824262452176324,31.217267215414175,30.952239626127724,30.5307588665985,31.18968988182229,30.900905852596267,31.493992579469353,31.580379329216107,30.890107803536228,31.35096581225775,31.418035739640864
Q63450,29.15891407652791,27.97864886993518,28.514507474901794,28.381387831512285,27.934976034086116,27.878902285928145,26.878767849212924,27.30556324057111,27.66343394563832,27.69167989500144,27.816775360495352,28.01481886227375,27.37046711710449,27.642143519700724,27.815343079944686,27.800902602281937,27.796105429673656,27.957275860219443,27.442549918187648,26.9458853170101,26.816611508536678,27.285925991746574,26.6813995796367,27.469328972759573,27.5157354457864,27.960605775596907,28.128346294401975,27.165667850474634,27.947193843999877,27.998005184048353
Q6JEL3,28.44482207868477,27.600004575171244,27.3920527818938,27.70307617556633,27.998581729716964,28.730167910856377,27.441471424360163,27.330195397696663,27.744368185679928,27.679869834211047,28.386861350782063,27.445456943791637,27.567670214196685,27.770024724854967,27.946718468330005,28.11000251649923,27.797159314040016,28.177743725988485,27.531346620129106,27.78589917737473,27.90523192571973,27.90873012185314,27.574533085616462,28.79951333351444,27.815174623964925,28.141066616378733,28.307485693687635,28.314844059565527,28.104668224759937,28.165263051596913
Q5XIA3,27.4901492598012,27.57715950755703,27.57830787955344,27.838986466017495,27.815044393879386,27.648921328490673,28.154022608089278,27.372757182231393,28.437531330894195,27.95193227504001,27.714943988358314,27.62627946290227,28.32191266601284,28.366678333851436,28.359806150666497,28.49412267551155,29.03241693370055,28.624844021462103,28.389518900403793,28.744073680062627,28.209951798757288,28.470858830091256,29.02165390412019,28.615356350493425,28.189277462276056,28.841614544797274,28.135423845245192,28.7150001324771,28.34829275138391,28.087329567825158
Q6GQP4,25.07125216270743,25.27781386975736,25.531277977168077,25.53664658079081,25.464967969852477,25.737583584632084,24.38187541747831,25.11038005741435,25.891438086039496,24.467820502665948,24.710249123624468,25.430712502204713,25.090392462285262,25.17947016148123,24.786792079826224,24.903345777841135,25.196489255763783,25.54809143149368,24.699822777085746,25.122008526230715,24.779395291696314,24.394612449227786,24.367401215458692,25.761854530404378,24.948991447857143,25.024759151205455,26.00623223063506,24.833328509313695,25.820232358235224,25.216658429394105
O35923,29.810851779248058,29.847517679978644,29.617504910281014,29.727472767709052,29.558702632232055,29.566433208043055,29.723813769496367,29.94860237724112,29.951177006550754,29.36285540627128,29.918559335598804,29.90534529023829,29.803000312599103,29.805528986886017,29.8554734555983,29.96389501574346,29.938582998900372,29.965230333651856,29.76231332688626,29.609314250307747,30.244232860452332,29.994262649714344,29.784214037460462,30.17731488898852,30.020672610170546,30.169879477946505,30.435794835940797,30.031473676849785,30.0398307657351,30.03942741593552
P13437,25.514341332875507,25.648819204307955,25.88749098536034,26.028624125424816,25.69119904788926,25.59922860743651,26.180451295669624,25.256105923897646,26.526526659090255,23.781513551620893,26.384041186715603,25.99403528108701,25.80313634008548,25.856045806269858,25.26422112997771,26.389444054087253,26.26236304614988,26.037598840407615,26.2408187354183,25.754067555299617,26.559184756198285,25.651894580864933,26.130228714690475,26.081346615002342,25.2318388353395,26.597668329871137,25.691592069996197,25.84561561375228,26.200553431829576,25.876083900984636
P11530,30.069029869732336,29.944840970045664,29.776367134791858,30.55588634679946,30.270018791138575,30.006796000218955,30.900504390745468,29.92792523828218,30.53190721543066,30.263627700184838,30.03320674420855,30.00053082340943,30.392394273367564,30.238371705393458,30.537133447172284,30.496621842878344,30.809616886569557,30.553644235389616,30.407836208411677,30.296169616684637,30.96745095273517,30.350699740231125,30.654766021867893,30.575455282075055,30.538298336123635,30.571599996249205,30.453099331512778,30.507759015342245,30.465714688697226,30.596625287538576
Q920H8,26.849864185732997,27.177641217064593,27.221485229037125,26.711340418983355,26.7915791026176,26.76325853139459,26.62193739844081,26.927311194177808,26.994146416943384,26.61716115477653,27.001885474844027,27.04537718244966,26.446259431435756,26.69649164884455,26.794211313735033,26.964188569202715,27.047392729275106,27.095581648659888,27.136305499891108,26.87234934321836,26.938908055826875,27.19064454876232,26.946344613033283,27.577598151676703,27.05144245273502,26.986646349306728,27.235812490922726,27.255865207428894,27.107488148730322,26.955362147180743
Q5M823,22.674579626321208,22.138159128976678,26.492405335836434,20.392214557107117,20.627675923409118,22.949015478621433,21.652624384223003,22.37143697742983,20.531607054366948,23.67086454115632,20.549524532382282,23.096832114284435,21.474770749041177,22.92878188402821,21.920092937642444,21.382724676329016,22.07750519729708,21.004188399151836,22.10288001556611,21.571190358139038,22.673745079318415,23.01518766509527,22.90681994340557,19.576668518436055,22.02117002034503,22.58862694946153,22.11524555141935,22.31540109181905,21.560338199150006,21.57942424706372
P07896,29.163499886495224,28.682015423727922,29.0970965536969,28.69481595510196,29.00732461029859,28.868311274545484,28.296009189364593,28.482588959920765,28.472341768816275,28.76883133204616,29.013392007642548,28.52807123473367,28.3616640824482,28.599281112237875,28.867693761057694,29.102211578055726,28.764224224786282,28.61277298467349,28.468384483360335,28.201923765229978,28.7013390108317,28.307087890713788,28.308363950590056,29.191847033604652,28.470213246796558,28.931532528266725,29.187062212902532,28.419126786941728,28.893441636207058,28.891990685964185
P26769,29.153713458631003,28.81536656744512,28.498985588329546,28.5879465330496,28.018280320834226,26.913797687631355,29.782128450439195,29.003903519058007,29.12918315091781,26.0617608345367,29.398759658719143,29.24400837621303,28.778393489008202,28.869147433794684,27.916117020058145,29.137202429907877,29.158231114740072,28.63729151794449,26.010277229163105,28.520481241256956,29.303429828613396,28.646592709962242,28.531003553637017,29.744067800829683,28.83682485022636,28.945405913879412,29.40491713283722,29.10936708158366,29.333291838351574,29.011891993851002
P0C0A9,24.47502201264038,24.3716671195518,24.421517430613534,24.45035732212458,24.04426073804136,24.8011018103896,22.63550019374647,24.488997408402167,24.36358413869356,23.21462426103006,25.018864557488037,24.3262288803269,23.144860227480777,23.850995229941404,23.425289419444137,23.834902050599425,23.076383409987706,23.70454278165332,24.086944270953396,24.157701064112512,23.354500878803222,23.904798228628653,23.433214390424943,23.197380230845116,23.175682636019367,23.938399851923396,24.793104210888107,24.251935184133167,24.852938069676714,23.142685455670495
P60522,25.023865448823024,25.39669013512651,24.919550304946497,25.487177335486138,25.553457808211228,25.125977576599315,24.789635238249495,25.089230735747574,25.268899869444564,25.49229932420297,25.162822439550308,25.168194932155917,25.087450387629342,25.590727634309403,25.511374502474652,25.701803487795466,25.527551073218362,25.579529176710263,25.613310869876987,25.862185901005876,25.7299914491927,25.757272071541706,25.037114787656886,25.32136938706684,25.73211343524466,25.71490180485503,25.76084785010086,25.490865614347193,25.66066169641281,25.588156206615594
Q5U211,26.06641515059662,25.610372885936275,26.52588667830718,26.093426961772757,25.873062663978235,26.111844813327895,25.946681859197984,26.04476907619295,26.186890312917317,25.835545491253225,26.151863627047415,26.304861891796268,25.82631758475692,26.123377691613424,26.030221456748432,26.056144713430793,26.09357838698728,26.06307974315872,26.03727552638938,25.39903941267641,25.962714975863797,25.960700482156494,25.350082016157288,26.07539562120117,25.987978130931264,26.445895980664417,26.4900047656507,26.17687604887127,26.28736487220748,26.2130635853793
P07153,27.47697219244197,26.85859363143336,27.240890715949178,27.3974950025243,27.261632987388044,27.866900121231694,27.577544498389308,27.183249194282787,27.394604994451417,27.144952389471676,27.31207759970845,27.503470891782587,27.05272030344802,27.237346541856603,27.62260695775144,27.399923201206164,27.51266128787028,27.08848914425696,27.141176031898148,27.04340198757182,27.573990228170757,27.3813900891867,26.86639207165979,27.38907835964962,27.437523054101543,27.499356906008757,27.812958069912007,27.367738174649524,27.40889293917784,27.382360874015973
B1WC61,28.246260488000168,28.041305660000468,27.237974662506257,27.969582869279236,28.272032536770762,28.37201783938287,28.336949061959707,28.036655852050075,28.25828967608829,28.070692588572282,27.987742634942137,28.09878683629839,28.394650186575596,27.948887974864906,28.17292527021548,28.376068222093906,28.432197013045858,28.186600286623086,28.14882400893753,27.783044511919535,28.416281433003302,28.449549283729628,28.053503986368103,28.401930949256037,28.390516160845277,28.967400511236576,28.291567618831436,28.057680445111046,28.089073398197574,28.7207136931148
P29117,25.824949347486278,25.624568420026456,26.007266078256432,25.176037833218707,24.766733027099914,23.459805843432722,25.460157670823893,25.639443973044372,24.997833639425522,25.662276709718306,26.002047247246754,26.20060347424999,25.429494127629795,26.13195033374334,25.59405380106018,25.67670467517693,25.720070848575784,25.577699820283954,25.38181596882245,25.669614276783136,25.816273667236416,25.523266930782064,25.592715708063817,26.310761878309034,25.82623779691739,26.01705096334865,26.36530070934985,25.66840634476902,26.258713171601293,26.268461054781636
P19945,27.294148955112618,27.098250212025743,27.359104134970156,27.324260945328678,27.157497937263468,27.310262739606856,27.259133623897547,27.440746792929207,27.503199809955984,26.960147230061015,27.047750096051377,27.491304417990726,27.26680367631908,27.484723076063045,27.559879045739727,27.492179524509158,27.396172612345016,27.366918806050432,27.307004548248717,27.689471261908214,27.49143730944651,27.237989736758003,26.724035336738925,27.472748001706233,27.519134114837676,27.711589598371585,27.664120911666622,27.55631656074183,27.691820595286117,27.569981852555717
P47198,25.640023788377626,25.062482182496076,24.771955722943336,25.11061907497996,24.996923200660767,25.6630100137704,26.922946843093385,26.916237771797828,24.945966970652727,25.621466792224677,26.781984192759154,25.860864046609194,25.88049555435524,25.31550310446444,26.103592461958,25.865191300949,26.41532983747734,25.9431799610549,25.24208761138406,25.036795912689605,26.457650033478238,26.000831882048182,26.709639515632798,25.946171748416784,25.80947389895883,26.01283753256175,26.324632748794613,25.87023340999874,26.061440379371763,25.969917822956216
Q6AYN4,25.323279580670146,25.847222087474798,25.53421175173345,25.78996968635927,26.106330057296354,25.52794178199842,26.220904989185232,26.210146319152326,26.452734740055444,26.155743499164533,25.857790271552847,26.03122416304331,26.291604984439072,26.27870252358812,26.22663122061602,26.397866041402747,26.346347195738314,26.174209952426512,26.172739101596264,26.19342366890718,26.28941430841712,26.768147673072857,26.474496306787845,26.182350125360248,26.620011606143684,26.803256286987082,26.280925101650222,26.232844689657853,26.078713905532293,26.647892062924367
O88794,25.153467762277934,25.125249471316625,25.19011423751608,25.037634639867395,24.5605836783713,25.075496297283706,24.528628243110962,25.01798386713242,24.35983972353242,23.799173284212063,23.070671572948722,25.237587114004505,24.346633070980353,24.861562041330913,24.5205080679395,25.00723505644383,24.260260638370056,24.272040222008297,23.933343502257035,24.390834293085437,24.208362527550722,23.577485532572776,23.464149229707598,24.85557053750733,24.5619143495788,23.975990383789778,24.873721692944205,24.355037382768046,24.04756363171836,24.555368095840173
Q6IG02,25.26656609123248,25.488654888365897,24.482017136134644,24.953771001180403,24.897683574112456,24.40178640541092,25.607013340482567,24.549964119019364,25.429755312100873,25.688320838223913,25.035209655740104,26.530483563730982,24.77373126217185,25.55012180358049,24.784828017889197,24.90092530104484,25.09856467391282,25.74756290041028,24.28419666373932,25.951482807313532,25.727162857066148,24.727361902560876,25.444721232478088,25.552963686769793,25.484743011449986,24.761193616380293,24.86149994253456,25.3179831598549,25.589842188398894,25.0855164607424
P38718,26.68148424432565,26.55021042452483,26.111840615650145,26.616701978643572,26.40837289296094,26.805082692377752,26.937176572338995,26.55919635906219,26.724394463759904,26.47464370845843,27.265239650193486,26.672383498997416,26.97091326226294,26.77062281968546,27.122685620081537,27.20702403265407,27.23921371931433,27.233818244204556,25.523758840324746,27.240263814687903,26.25409874201411,26.843146282835633,25.928899804763937,26.325345878891277,26.967778034464924,26.98678881844757,26.59611589148239,26.933366984578598,26.706352657892776,27.04425823624207
P0C2B9,26.159454419461284,26.240996400501903,25.832061701081987,26.596647324520585,26.74746813988641,26.631582352117338,25.46839731580089,25.935170716060785,27.058107703454986,26.50732746157532,26.058347198399765,26.492812837691563,26.416927949729768,26.8465144764304,26.175670768849674,26.870756722088746,26.660311067972938,26.70150778474668,26.876865325248914,25.98479471388519,26.830635782081817,26.624317361165833,26.255476787742158,27.010176717630642,25.344223442661214,27.234962140480857,26.9446844625813,26.825423130431286,26.65911498393519,26.67079552175425
Q8CFG6,29.0714435923503,28.70477312390892,28.864463403129047,28.929861663252893,28.614670161205154,28.31702879057017,29.315627547317412,28.502766142417375,28.829079156836215,28.75169399862105,29.087837953348096,28.502064604425154,29.09674843298325,28.55690882520778,29.171945329410164,29.203863115599397,29.618349124187198,28.630803261006715,28.787000626954423,28.33640512611765,29.271603965811572,29.389261859628558,29.123191950561516,29.250735322664905,29.123292946157882,29.648714215156904,29.113713353700454,29.695721259946968,29.336929509154867,29.13219719352643
Q5FVM4,29.274075127569947,28.456689210689166,28.92062438190385,28.998391883716327,29.47811048724094,28.804248276074876,28.767717423233435,28.272723029718904,29.38980435766246,29.181647577258943,28.485279936503556,28.804891631686615,29.118936870664662,29.225128030210296,29.032726286530643,29.43559293242206,29.281893056704334,29.321926050173428,29.089198630913675,28.573220254022875,29.259303721168088,29.14617911506749,28.8151410983345,28.758399499379724,29.01816279208672,29.552920451963047,28.779289656974086,29.00243647001709,28.93814031379411,29.52571305655427
F1LTE0,29.194593038103765,28.639042005112437,28.856639314492163,28.671699365157338,28.29633106504688,29.10483205337757,29.14824882060735,29.06707657388829,28.77720246508225,28.847733536732573,29.583993992541984,29.198245512521396,28.66530314056258,28.93450206174809,29.42696734520136,29.184281241872725,29.380551789213058,28.974965512399137,28.638515279319233,28.96020870163071,29.088636958422946,29.118901253241173,28.86419539662692,29.4367404954858,28.859502193288897,29.14320496782364,29.682859169652996,29.384553082788145,29.33296544390149,29.275408138757978
P21588,27.86724543011568,27.354694072888556,27.181152701413247,27.47233154271811,27.406894624582176,27.112071172668376,27.108551353118546,27.149546393309958,27.484743887133533,27.20448274129223,27.39316190828383,27.368604052767207,27.303875659885335,27.602153184642734,27.32439241261391,27.5500400479553,27.712639008248704,27.45128376923304,27.47793912007149,27.337710687496944,27.52873186826036,27.457955382436023,26.70673835018371,27.310074912512473,26.969453424387474,27.908856762534462,27.60085053209955,27.22858174315287,27.624958852562475,27.671207339172636
P03889,24.513057458039214,24.551940355594336,24.480495503699878,24.566557450188323,24.601013749285954,24.20709615249818,24.249323156253915,24.47894301191922,24.974932914621718,24.360153793276236,24.364526340209142,24.626647258291886,24.578486578298662,25.301793019038705,24.63638597531088,24.845159507291026,24.787438165740443,24.734267074101325,24.778760911520006,24.516295305395573,24.792418345024352,25.005680653260352,24.181166060444095,24.399697404912125,24.803860908495494,25.313527121198273,24.861692855941886,24.728947766176088,24.742238265437813,25.103486028876745
Q9QYJ4,29.46157947088002,28.279639356935853,29.2759498956442,28.538000893086302,28.57553532718005,28.605053881892758,29.057032972836254,28.580105955548817,29.38932907889089,29.257752014319554,30.187147519224197,29.281210438019958,29.007288471940136,29.19794395771072,29.338259522578596,29.334663512450373,29.433693875680845,29.14056934146677,28.89065657192419,28.564982986924864,29.830391060808683,29.15629767862229,28.93965485869036,29.038462134967393,28.954194598534354,29.25683820116531,29.66052304421487,29.235068944309305,29.230741160382625,29.480397634478805
P97690,30.220710148077714,29.75378612447546,29.85881422793318,29.83020609606019,29.7959601279488,29.929094883909947,29.93724789107786,30.017818388634126,30.151057540818936,30.00904323785877,30.362233252196205,30.109096521990118,30.026814336870654,30.285173681019394,30.059793375700487,30.18396681105003,30.279293422914467,30.097603190831858,30.0328473348622,29.768745290906146,30.126587703358194,30.080578052541494,29.994546508650515,30.197609551414395,30.011004959970933,30.33946091342328,30.448511692829243,30.289697480228153,30.225397226854746,30.394736933212716
Q8K4B7,27.44793845379905,27.132510427139554,27.46925470998495,27.376822902354572,27.47215262269555,27.482575661695215,26.99497642548588,27.86734950717759,27.99255716145916,27.297048281322077,27.20536603308656,27.75160446802732,27.72392002079031,27.89256070273337,27.618936136157508,27.92718429780801,27.825424952442496,27.808976637376364,27.919996450563914,27.425642125911946,27.72875102630305,27.87594303683044,27.60011578339795,27.75202418667097,27.84859459024709,28.03018849030169,27.8822956754639,28.06226289486915,27.64585380005969,27.876438229421915
Q9Z2A6,28.75625498301825,28.233027196015854,28.458877015554528,28.543879998643195,28.803147822890423,28.025895158145513,28.68625706686938,28.3276584047167,28.95014644280863,29.099237504164755,28.569175123201088,28.662424580493152,28.675821136173905,29.04404211262056,28.715726904152042,29.204788017746324,29.150363619446154,29.0547331555131,28.839968497757653,28.803876232840306,28.99924533340656,29.08046804865396,29.223863935978713,28.716619102242475,28.928925989086643,28.97721508560729,28.67873176036854,28.885185813775806,28.53010188917405,29.430316048809285
O70127,28.176721342877055,28.128531731973386,27.613574068604617,27.85157369160919,28.08005457157121,27.577043461147873,28.241375854541573,28.26418454836235,28.065267288734248,27.928920800135423,28.30629768622319,27.792532984535114,28.197491137252076,28.16805610286618,27.99233020524936,28.194843857741144,28.346899993057832,28.068917782157595,27.804849716130914,28.29321490581275,28.42339660775198,28.38567110983273,28.1116299212361,28.32534156375593,28.468141834891124,28.63516269571722,28.685245558940487,28.609667104700137,28.444637556789026,28.530047091200988
P20786,27.7058154577654,27.11942555770328,27.11864160707106,27.29759402312754,26.6005913007408,27.268827984329963,27.171146394139946,27.31444041611275,27.53966157627614,27.310587150159975,27.634917370039023,27.549462756336943,27.175804358388262,27.45626433010902,27.26901496916609,27.598503447632712,27.55333875014936,27.466419413248378,27.32993825554652,27.405482952565393,27.32974810062371,27.33110559349702,27.043959479955433,27.706422256974715,27.234922920134103,27.52060263468475,27.73015229605184,27.496410324875253,27.624238170741535,27.6789151693629
F1LMY4,30.608466780548248,30.402805027514336,30.461615251635127,30.508505569723777,30.28329834874326,30.674664592101486,30.101209000819676,30.54198275569043,30.550407142129416,30.49949577154763,30.727013682882628,30.734772643615017,30.40869157202313,30.448464737213644,30.75579469977512,30.68772669855821,30.661662226071474,30.482325697809443,30.442471448352975,30.485164996769733,30.443470906228587,30.59174201990412,30.162487867440632,30.728298831985633,30.517591685187387,30.793857983937166,30.914282589063077,30.536289735122754,30.71916518345784,30.750034967885917
O08560,28.948663138870455,29.07765504453989,28.749763117627815,28.578584848136163,27.853831202528017,28.86733389246961,27.437083738037465,28.07711436701826,28.08073853350551,27.87724267093665,28.483557348985745,28.891126701480363,28.11111075648217,28.086957419645895,28.655779058376663,28.389880258922464,28.298474811470847,28.643806256327668,28.23199338215235,27.989280963479413,28.007453633279763,27.884730955750157,27.388333373053253,28.460651294061186,27.876913514054216,28.64259994864217,28.60109266061075,27.886104068776852,28.118134053853677,28.107479697728326
