Protein,log2FC,AveExpr,t,p_value,adj_p_value,B,Description,significant_FDR05,significant_FC1
P16086,-0.438060268362797,31.9264889011494,-2.73982769814215,0.0107295026030963,0.0749680730267957,-2.97256135204462,"Spectrin alpha chain, non-erythrocytic 1 OS=Rattus norvegicus OX=10116 GN=Sptan1 PE=1 SV=2",False,False
P11442,-0.123004447556067,31.3110504883928,-1.27101896870181,0.214500001416651,0.423675570440898,-5.48925340155357,Clathrin heavy chain 1 OS=Rattus norvegicus OX=10116 GN=Cltc PE=1 SV=3,False,False
P06687,0.493162302916101,30.3119437682968,3.08856871038169,0.0046004009434869,0.0448849929891565,-2.20661461871494,Sodium/potassium-transporting ATPase subunit alpha-3 OS=Rattus norvegicus OX=10116 GN=Atp1a3 PE=1 SV=2,True,False
P13233,0.378268731435284,31.6174595434348,1.630623017589,0.114513297472444,0.292495049911926,-5.00652365566194,"2',3'-cyclic-nucleotide 3'-phosphodiesterase OS=Rattus norvegicus OX=10116 GN=Cnp PE=1 SV=2",False,False
P23565,0.0871405794504234,30.9960247342453,0.637577974869175,0.529087020372214,0.704667651616174,-6.07179502193195,Alpha-internexin OS=Rattus norvegicus OX=10116 GN=Ina PE=1 SV=2,False,False
P06686,0.284418765013736,31.2694933582213,2.24791378011723,0.0328998377670325,0.129565542915259,-3.96214590533185,Sodium/potassium-transporting ATPase subunit alpha-2 OS=Rattus norvegicus OX=10116 GN=Atp1a2 PE=1 SV=1,False,False
P47942,0.241746548694984,30.8539264259362,1.08360245699435,0.288066898042158,0.498364937028206,-5.69889841791379,Dihydropyrimidinase-related protein 2 OS=Rattus norvegicus OX=10116 GN=Dpysl2 PE=1 SV=1,False,False
P69897,0.0316608351912677,29.7088930947877,0.133030810737286,0.895149725117763,0.938812968595898,-6.26477797235872,Tubulin beta-5 chain OS=Rattus norvegicus OX=10116 GN=Tubb5 PE=1 SV=1,False,False
P06685,0.0482356774895223,29.7910880529895,0.270444860725104,0.788862503546936,0.873188280441181,-6.23708498902284,Sodium/potassium-transporting ATPase subunit alpha-1 OS=Rattus norvegicus OX=10116 GN=Atp1a1 PE=1 SV=1,False,False
Q3KRE8,0.353758712648059,26.1430012122997,2.02654841125356,0.0526303296334502,0.173416337317332,-4.36493554444574,Tubulin beta-2B chain OS=Rattus norvegicus OX=10116 GN=Tubb2b PE=1 SV=1,False,False
P07323,0.150293651134056,30.8796255039406,1.00887842967867,0.321936688706132,0.534750665442854,-5.77399227371265,Gamma-enolase OS=Rattus norvegicus OX=10116 GN=Eno2 PE=1 SV=2,False,False
P85108,0.223312296102858,31.5104689356744,1.01847160400851,0.317440619756481,0.530537332093008,-5.76462821683578,Tubulin beta-2A chain OS=Rattus norvegicus OX=10116 GN=Tubb2a PE=1 SV=1,False,False
Q5XIF6,-0.152725877156492,30.8599324591681,-0.627814426839912,0.535368798422713,0.706770304636695,-6.07788376454365,Tubulin alpha-4A chain OS=Rattus norvegicus OX=10116 GN=Tuba4a PE=1 SV=1,False,False
Q6P9T8,0.494090913895203,27.2273164399324,1.1924608861566,0.243394632736118,0.449056877773793,-5.58077831517069,Tubulin beta-4B chain OS=Rattus norvegicus OX=10116 GN=Tubb4b PE=1 SV=1,False,False
Q6AYZ1,-0.0656489242122262,32.9301564422665,-0.272623338350812,0.78720475292244,0.872612842799388,-6.23649470493252,Tubulin alpha-1C chain OS=Rattus norvegicus OX=10116 GN=Tuba1c PE=1 SV=1,False,False
P10719,0.237586245278333,30.3577807441739,1.35998520104528,0.185017007096964,0.390411769913973,-5.37940276529296,"ATP synthase subunit beta, mitochondrial OS=Rattus norvegicus OX=10116 GN=Atp5f1b PE=1 SV=2",False,False
Q68FR8,-0.0942543699157063,29.567121322928,-0.511213210483024,0.613332594884173,0.767906589895444,-6.14351620855173,Tubulin alpha-3 chain OS=Rattus norvegicus OX=10116 GN=Tuba3a PE=2 SV=1,False,False
P38650,-0.281497185271611,31.5212914423729,-3.00955326755398,0.0055915187278389,0.0500464031590876,-2.38410524342058,Cytoplasmic dynein 1 heavy chain 1 OS=Rattus norvegicus OX=10116 GN=Dync1h1 PE=1 SV=1,False,False
P15999,0.199331876549063,31.1689645744479,1.16863162886279,0.252707124207548,0.462071804531603,-5.60750753080982,"ATP synthase subunit alpha, mitochondrial OS=Rattus norvegicus OX=10116 GN=Atp5f1a PE=1 SV=2",False,False
P63018,0.0899117815966939,30.6332037833983,0.697441412991806,0.49145401670714,0.678018726234182,-6.0324769518578,Heat shock cognate 71 kDa protein OS=Rattus norvegicus OX=10116 GN=Hspa8 PE=1 SV=1,False,False
Q9ER34,-0.0485159498940639,30.4581727725876,-0.500354212042964,0.620855855835926,0.771138411175069,-6.14895925960237,"Aconitate hydratase, mitochondrial OS=Rattus norvegicus OX=10116 GN=Aco2 PE=1 SV=2",False,False
Q4QRB4,0.249181137813178,28.0714591931535,0.857015356649332,0.39893512174817,0.603417230241995,-5.91118751590023,Tubulin beta-3 chain OS=Rattus norvegicus OX=10116 GN=Tubb3 PE=1 SV=1,False,False
P21575,0.102569361697334,30.2521201010578,0.830903228378639,0.413273112342221,0.614135870356945,-5.93265714193044,Dynamin-1 OS=Rattus norvegicus OX=10116 GN=Dnm1 PE=1 SV=2,False,False
P07335,0.0230400006267573,31.1867282067421,0.122562558039588,0.903355882623191,0.943053636086419,-6.26611587706654,Creatine kinase B-type OS=Rattus norvegicus OX=10116 GN=Ckb PE=1 SV=2,False,False
P04764,0.410677164858999,29.5823459565751,2.2222098973293,0.034785898095997,0.132651857880157,-4.01039530870148,Alpha-enolase OS=Rattus norvegicus OX=10116 GN=Eno1 PE=1 SV=4,False,False
P11980,0.289551459628328,31.0921682536578,2.32913814748048,0.0275321531736261,0.1166016686545,-3.80724937169546,Pyruvate kinase PKM OS=Rattus norvegicus OX=10116 GN=Pkm PE=1 SV=3,False,False
P12839,0.422153722879312,29.9918522488048,3.01020819882633,0.0055825243038156,0.0500464031590876,-2.38264298892844,Neurofilament medium polypeptide OS=Rattus norvegicus OX=10116 GN=Nefm PE=1 SV=4,False,False
P02770,0.722541164073032,28.5791563160812,2.88966300603387,0.0074917041682813,0.0571374339031598,-2.64915145329863,Albumin OS=Rattus norvegicus OX=10116 GN=Alb PE=1 SV=2,False,False
P63102,0.318618567596875,30.8445137258287,1.3374290050621,0.192175343531655,0.400242109701505,-5.40786827604981,14-3-3 protein zeta/delta OS=Rattus norvegicus OX=10116 GN=Ywhaz PE=1 SV=1,False,False
P61765,0.0185923644942179,29.8349390510122,0.0955556306769976,0.924575035032143,0.950691574112824,-6.26906192153721,Syntaxin-binding protein 1 OS=Rattus norvegicus OX=10116 GN=Stxbp1 PE=1 SV=1,False,False
P04636,0.381661792921378,30.1027079691278,2.33415410776936,0.0272283678249137,0.116554633811785,-3.79756521848068,"Malate dehydrogenase, mitochondrial OS=Rattus norvegicus OX=10116 GN=Mdh2 PE=1 SV=2",False,False
P82995,0.356847735619283,29.6564183035267,3.62452052977757,0.0011766099029161,0.019307098861488,-0.953828263264344,Heat shock protein HSP 90-alpha OS=Rattus norvegicus OX=10116 GN=Hsp90aa1 PE=1 SV=3,True,False
P05708,0.282826936771421,29.9647809650466,2.2138475224296,0.035420195743231,0.133658787421321,-4.02601130538831,Hexokinase-1 OS=Rattus norvegicus OX=10116 GN=Hk1 PE=1 SV=4,False,False
P13221,0.288502856127945,29.4141069892196,2.27647015730844,0.0309132326613597,0.124457364209117,-3.90810487927794,"Aspartate aminotransferase, cytoplasmic OS=Rattus norvegicus OX=10116 GN=Got1 PE=1 SV=3",False,False
P48500,0.188539840151041,29.4777840779317,0.897278386327276,0.37745524415199,0.586490716523106,-5.87685425936415,Triosephosphate isomerase OS=Rattus norvegicus OX=10116 GN=Tpi1 PE=1 SV=2,False,False
Q6AY56,-0.110284044405798,24.6835676732702,-0.156505294774579,0.876792252611958,0.927310556229249,-6.26137998410806,Tubulin alpha-8 chain OS=Rattus norvegicus OX=10116 GN=Tuba8 PE=2 SV=1,False,False
Q9QUL6,0.0617705014820302,32.1453741346152,0.390266668056631,0.699383328876991,0.820619875594563,-6.19764301755849,Vesicle-fusing ATPase OS=Rattus norvegicus OX=10116 GN=Nsf PE=1 SV=1,False,False
P34058,0.216411026831736,28.3076094647371,1.22942983821597,0.229454978661518,0.433889807120833,-5.53835478890614,Heat shock protein HSP 90-beta OS=Rattus norvegicus OX=10116 GN=Hsp90ab1 PE=1 SV=4,False,False
P62944,-0.118909657296904,29.2378418922801,-1.56304939783078,0.129618626536497,0.311883186405916,-5.10491038285191,AP-2 complex subunit beta OS=Rattus norvegicus OX=10116 GN=Ap2b1 PE=1 SV=1,False,False
P50398,0.0607539779835982,29.0867697513965,0.639080400713196,0.528123899910953,0.704667651616174,-6.07084999093379,Rab GDP dissociation inhibitor alpha OS=Rattus norvegicus OX=10116 GN=Gdi1 PE=1 SV=1,False,False
P63039,0.0582815194064317,28.8899327401697,0.423619599275569,0.67517918587201,0.8061952131195,-6.18414614661044,"60 kDa heat shock protein, mitochondrial OS=Rattus norvegicus OX=10116 GN=Hspd1 PE=1 SV=1",False,False
Q9QWN8,-0.319248048663034,31.3374775263484,-2.70668667519674,0.0116047943284775,0.0775801991218592,-3.04283617348276,"Spectrin beta chain, non-erythrocytic 2 OS=Rattus norvegicus OX=10116 GN=Sptbn2 PE=1 SV=2",False,False
P34926,-0.123544459914299,29.7499781674893,-1.23282895929306,0.228204004332061,0.433819840560395,-5.53439615038732,Microtubule-associated protein 1A OS=Rattus norvegicus OX=10116 GN=Map1a PE=1 SV=1,False,False
P45592,0.2587820371619,29.1807136328036,1.76907359236357,0.0881110686698471,0.246657765794067,-4.79447663197714,Cofilin-1 OS=Rattus norvegicus OX=10116 GN=Cfl1 PE=1 SV=3,False,False
P63259,0.152026371415424,30.0095235570498,0.64967986035748,0.521356080106973,0.69814126904042,-6.06412166288923,"Actin, cytoplasmic 2 OS=Rattus norvegicus OX=10116 GN=Actg1 PE=1 SV=1",False,False
P13596,0.261365850059782,28.8202104425988,2.2838720976595,0.030416347066692,0.123837984485818,-3.89402290538994,Neural cell adhesion molecule 1 OS=Rattus norvegicus OX=10116 GN=Ncam1 PE=1 SV=1,False,False
P31044,0.0884981429160447,29.305574590501,0.402272027227743,0.690632193386709,0.814765430760137,-6.19291067691862,Phosphatidylethanolamine-binding protein 1 OS=Rattus norvegicus OX=10116 GN=Pebp1 PE=1 SV=3,False,False
P15146,-0.279234933443881,29.2482063367923,-2.29743421050707,0.0295246877065801,0.122042888497047,-3.8681426945033,Microtubule-associated protein 2 OS=Rattus norvegicus OX=10116 GN=Map2 PE=1 SV=3,False,False
P16617,0.117268083681523,29.6363755638307,0.907463965996876,0.372142778029551,0.583257060211294,-5.86793372835192,Phosphoglycerate kinase 1 OS=Rattus norvegicus OX=10116 GN=Pgk1 PE=1 SV=2,False,False
P09951,0.0503370123267253,29.7136983830381,0.299254065455918,0.767024139277784,0.860815692059938,-6.22889836896668,Synapsin-1 OS=Rattus norvegicus OX=10116 GN=Syn1 PE=1 SV=3,False,False
Q05546,0.163041240686031,28.3639035302042,1.16787048236981,0.253008845879262,0.462071804531603,-5.60835330558151,Tenascin-R OS=Rattus norvegicus OX=10116 GN=Tnr PE=1 SV=1,False,False
F1LX07,0.129981918180636,28.3040853900711,0.973692831105993,0.338801540838541,0.548463480909029,-5.80763409334245,"Electrogenic aspartate/glutamate antiporter SLC25A12, mitochondrial OS=Rattus norvegicus OX=10116 GN=Slc25a12 PE=3 SV=5",False,False
P31596,0.198087687413427,28.829515541846,0.649690442848545,0.52134934674507,0.69814126904042,-6.06411489176679,Excitatory amino acid transporter 2 OS=Rattus norvegicus OX=10116 GN=Slc1a2 PE=1 SV=2,False,False
Q68FY0,0.0953186614721275,28.1674486538827,0.555345199313953,0.583204081839474,0.741326315295951,-6.12021811776549,"Cytochrome b-c1 complex subunit 1, mitochondrial OS=Rattus norvegicus OX=10116 GN=Uqcrc1 PE=1 SV=1",False,False
P15205,-0.282073905227598,32.5766467049684,-0.87428104387238,0.389630423640823,0.59600247006075,-5.89664667500475,Microtubule-associated protein 1B OS=Rattus norvegicus OX=10116 GN=Map1b PE=1 SV=3,False,False
Q66HF1,0.224465371015214,28.8989671861943,2.04727884131492,0.0504158224131544,0.169041286914694,-4.32847363776886,"NADH-ubiquinone oxidoreductase 75 kDa subunit, mitochondrial OS=Rattus norvegicus OX=10116 GN=Ndufs1 PE=1 SV=1",False,False
P47819,-0.126100471928552,29.2128883811336,-0.612553706024946,0.545266345262964,0.710956498693432,-6.08721793301567,Glial fibrillary acidic protein OS=Rattus norvegicus OX=10116 GN=Gfap PE=1 SV=2,False,False
P18484,-0.117723099062413,30.8123839224087,-1.22012865728906,0.23290440700032,0.437149866172178,-5.54913720445877,AP-2 complex subunit alpha-2 OS=Rattus norvegicus OX=10116 GN=Ap2a2 PE=1 SV=3,False,False
P19527,0.519156360039098,29.6540431557008,2.69786268327845,0.0118488765560888,0.077584877639491,-3.06146721791611,Neurofilament light polypeptide OS=Rattus norvegicus OX=10116 GN=Nefl PE=1 SV=3,False,False
P62815,0.145483744822553,28.8169563852947,1.11107888028567,0.276273498180833,0.486510891918442,-5.6700520403431,"V-type proton ATPase subunit B, brain isoform OS=Rattus norvegicus OX=10116 GN=Atp6v1b2 PE=1 SV=1",False,False
P02091,0.746465271367665,30.9934792599808,3.41532990561349,0.0020182958899798,0.0299426636828512,-1.45184885463687,Hemoglobin subunit beta-1 OS=Rattus norvegicus OX=10116 GN=Hbb PE=1 SV=3,True,False
Q9Z1P2,-0.114722742656866,29.1108516741013,-1.12539062498048,0.270270101785967,0.477491876401635,-5.65476641197653,Alpha-actinin-1 OS=Rattus norvegicus OX=10116 GN=Actn1 PE=1 SV=1,False,False
P53534,0.0180936473948563,29.3801453543982,0.110026043564618,0.91319765552407,0.946404842997673,-6.26757406288908,"Glycogen phosphorylase, brain form (Fragment) OS=Rattus norvegicus OX=10116 GN=Pygb PE=1 SV=3",False,False
P35213,0.516080553927214,28.9305994822525,3.59130985460481,0.0012825473856284,0.0207313256512784,-1.03355439321957,14-3-3 protein beta/alpha OS=Rattus norvegicus OX=10116 GN=Ywhab PE=1 SV=3,True,False
P01946,0.766439129379325,30.6272071431396,2.658365760836,0.0130014272895822,0.0786964703643145,-3.14444166966945,Hemoglobin subunit alpha-1/2 OS=Rattus norvegicus OX=10116 GN=Hba1 PE=1 SV=3,False,False
P05065,0.820544628348774,28.7065870984413,4.24382570932439,0.0002292286935203,0.0118880775868416,0.567193132439617,Fructose-bisphosphate aldolase A OS=Rattus norvegicus OX=10116 GN=Aldoa PE=1 SV=2,True,False
Q9Z2L0,0.185398400361652,29.426691626522,0.961178994997762,0.344941501558045,0.550990628594931,-5.81933124095187,Non-selective voltage-gated ion channel VDAC1 OS=Rattus norvegicus OX=10116 GN=Vdac1 PE=1 SV=4,False,False
P09117,0.301538219034878,28.6185403896046,1.99596024956245,0.0560545886613198,0.181150336529477,-4.41824178387133,Fructose-bisphosphate aldolase C OS=Rattus norvegicus OX=10116 GN=Aldoc PE=1 SV=3,False,False
P50554,0.0369584587828768,29.3698119652655,0.31744856229513,0.753330816308231,0.854300810535931,-6.2233044534252,"4-aminobutyrate aminotransferase, mitochondrial OS=Rattus norvegicus OX=10116 GN=Abat PE=1 SV=3",False,False
P46462,0.266359501731383,29.6320867397251,1.78645811157947,0.0851935771317774,0.243442332542784,-4.76688500188851,Transitional endoplasmic reticulum ATPase OS=Rattus norvegicus OX=10116 GN=Vcp PE=1 SV=3,False,False
P00507,0.315101786346716,29.69932975785,3.31724191060876,0.0025914678470147,0.0318475037358471,-1.68164921674492,"Aspartate aminotransferase, mitochondrial OS=Rattus norvegicus OX=10116 GN=Got2 PE=1 SV=2",True,False
P68255,0.0323182226520835,28.9091819830167,0.281316578661968,0.780599687221017,0.867956325729324,-6.23409228758924,14-3-3 protein theta OS=Rattus norvegicus OX=10116 GN=Ywhaq PE=1 SV=1,False,False
Q05962,0.348702039545579,30.2458799808434,1.59330493975051,0.12266417018443,0.301921127976676,-5.06128174802735,ADP/ATP translocase 1 OS=Rattus norvegicus OX=10116 GN=Slc25a4 PE=1 SV=3,False,False
P11275,-0.420945643443289,29.8364152382288,-1.74330277276992,0.0925921776004151,0.257121354721153,-4.83498773762828,Calcium/calmodulin-dependent protein kinase type II subunit alpha OS=Rattus norvegicus OX=10116 GN=Camk2a PE=1 SV=1,False,False
P50399,0.131332439821929,28.3925772377805,1.26132542388583,0.217917689719432,0.423686226353047,-5.50082727280917,Rab GDP dissociation inhibitor beta OS=Rattus norvegicus OX=10116 GN=Gdi2 PE=1 SV=2,False,False
Q63198,0.101691912907647,31.6047695251567,0.485706666792971,0.631070462540596,0.777530501628516,-6.15611962037316,Contactin-1 OS=Rattus norvegicus OX=10116 GN=Cntn1 PE=1 SV=2,False,False
P68511,0.165596198523815,27.2715804751513,0.842573441034273,0.406825629689762,0.611084822405009,-5.92313954821894,14-3-3 protein eta OS=Rattus norvegicus OX=10116 GN=Ywhah PE=1 SV=2,False,False
P11506,0.0789881745136682,29.6536163055651,0.598835789900773,0.554244467433116,0.717435513177854,-6.09541790059603,Plasma membrane calcium-transporting ATPase 2 OS=Rattus norvegicus OX=10116 GN=Atp2b2 PE=1 SV=2,False,False
P06761,0.0633552026371689,27.9202156571728,0.382779654258929,0.704862404072006,0.822592654752136,-6.20052253974439,Endoplasmic reticulum chaperone BiP OS=Rattus norvegicus OX=10116 GN=Hspa5 PE=1 SV=1,False,False
P11517,1.228678567753,26.4314498189982,4.6516687434511,7.6679899353425e-05,0.0068020272493242,1.59106780422584,Hemoglobin subunit beta-2 OS=Rattus norvegicus OX=10116 PE=1 SV=2,True,True
P04797,-0.0193255882427934,29.5535504142266,-0.159789897324298,0.874228961981447,0.925503387904113,-6.26086066568506,Glyceraldehyde-3-phosphate dehydrogenase OS=Rattus norvegicus OX=10116 GN=Gapdh PE=1 SV=3,False,False
P85845,-0.374545112579888,30.6284078024565,-1.39094815915632,0.175532079003339,0.374953139172814,-5.33965663650297,Fascin OS=Rattus norvegicus OX=10116 GN=Fscn1 PE=1 SV=2,False,False
P04642,0.485997548048317,29.1429242043454,3.02607650337212,0.0053687629434467,0.0496954723739554,-2.34716789698639,L-lactate dehydrogenase A chain OS=Rattus norvegicus OX=10116 GN=Ldha PE=1 SV=1,True,False
Q5RJQ4,-0.230184572937414,29.4635973876968,-2.52583536953346,0.017677493985844,0.0924680556412458,-3.41765536116308,NAD-dependent protein deacetylase sirtuin-2 OS=Rattus norvegicus OX=10116 GN=Sirt2 PE=1 SV=1,False,False
P54311,0.07233003490866,28.6965316621397,0.46988056405466,0.64219115751158,0.78854084306694,-6.16362120863722,Guanine nucleotide-binding protein G(I)/G(S)/G(T) subunit beta-1 OS=Rattus norvegicus OX=10116 GN=Gnb1 PE=1 SV=4,False,False
P16884,-0.196468312119894,31.4290488325838,-1.88227853862624,0.0705531093637328,0.211659328091199,-4.61106442874161,Neurofilament heavy polypeptide OS=Rattus norvegicus OX=10116 GN=Nefh PE=1 SV=4,False,False
O88989,0.333886137073563,29.5514269836662,2.68871543861575,0.0121069661321089,0.077584877639491,-3.08074486389301,"Malate dehydrogenase, cytoplasmic OS=Rattus norvegicus OX=10116 GN=Mdh1 PE=1 SV=3",False,False
P59215,-0.0776400076069415,28.9613390004394,-0.362939324941226,0.719459480553136,0.834168736397744,-6.20788630234699,Guanine nucleotide-binding protein G(o) subunit alpha OS=Rattus norvegicus OX=10116 GN=Gnao1 PE=1 SV=2,False,False
P15429,0.0702154748606674,27.6109108967172,0.281487208214184,0.780470209381577,0.867956325729324,-6.23404438325088,Beta-enolase OS=Rattus norvegicus OX=10116 GN=Eno3 PE=1 SV=3,False,False
O08838,-0.0831142878289839,27.1375800472667,-0.511708195354082,0.612990676896179,0.767906589895444,-6.14326536797633,Amphiphysin OS=Rattus norvegicus OX=10116 GN=Amph PE=1 SV=1,False,False
P61983,-0.0694619518008324,28.4240744436719,-0.427317964434612,0.672516423904545,0.8061952131195,-6.18258230150839,14-3-3 protein gamma OS=Rattus norvegicus OX=10116 GN=Ywhag PE=1 SV=2,False,False
P09606,0.651678352248371,31.3662855899607,3.3075369434523,0.0026560515299532,0.0318475037358471,-1.70424432271421,Glutamine synthetase OS=Rattus norvegicus OX=10116 GN=Glul PE=1 SV=3,True,False
P14659,-0.275546700681716,26.9403413180146,-1.71757151808325,0.0972576672783573,0.265314996630884,-4.87496679520949,Heat shock-related 70 kDa protein 2 OS=Rattus norvegicus OX=10116 GN=Hspa2 PE=1 SV=2,False,False
P11505,0.245676368830676,28.4983988972666,2.07203828895424,0.0478792437121838,0.164489251490301,-4.28457490592446,Plasma membrane calcium-transporting ATPase 1 OS=Rattus norvegicus OX=10116 GN=Atp2b1 PE=1 SV=3,False,False
Q09073,0.114330141746152,29.1717804324625,0.792152643116932,0.435136102318973,0.626665423951394,-5.96335488554244,ADP/ATP translocase 2 OS=Rattus norvegicus OX=10116 GN=Slc25a5 PE=1 SV=3,False,False
O35095,0.525049895064537,28.0121260045897,2.38071470241139,0.024550886673438,0.109591291283747,-3.70702899322709,Neurochondrin OS=Rattus norvegicus OX=10116 GN=Ncdn PE=1 SV=2,False,False
P10860,0.359509592286159,28.2004864823752,2.05081535473396,0.0500463783719048,0.168848061609884,-4.32222662567087,"Glutamate dehydrogenase 1, mitochondrial OS=Rattus norvegicus OX=10116 GN=Glud1 PE=1 SV=2",False,False
P47860,-0.0675667528185464,28.1781869071779,-0.667153457188518,0.510302785107708,0.691687004094678,-6.05279594956701,"ATP-dependent 6-phosphofructokinase, platelet type OS=Rattus norvegicus OX=10116 GN=Pfkp PE=1 SV=2",False,False
P05197,0.0143618145754303,29.125951092387,0.199833686578832,0.843099275125807,0.907315267092069,-6.25366428630028,Elongation factor 2 OS=Rattus norvegicus OX=10116 GN=Eef2 PE=1 SV=4,False,False
Q5U300,-0.178712935207113,29.2585810181812,-1.43996119210562,0.161305955600518,0.356442962201297,-5.27516881171801,Ubiquitin-like modifier-activating enzyme 1 OS=Rattus norvegicus OX=10116 GN=Uba1 PE=1 SV=1,False,False
P62260,0.276019312381834,28.9172615024171,1.72944990025197,0.0950798109250914,0.262682232734372,-4.85656980896196,14-3-3 protein epsilon OS=Rattus norvegicus OX=10116 GN=Ywhae PE=1 SV=1,False,False
P08461,0.361991627994524,28.6687025350602,2.89144235549177,0.0074594874857939,0.0571374339031598,-2.64525711837243,"Dihydrolipoyllysine-residue acetyltransferase component of pyruvate dehydrogenase complex, mitochondrial OS=Rattus norvegicus OX=10116 GN=Dlat PE=1 SV=3",False,False
Q5XI73,0.167008932266224,27.1495919133106,0.889556123098851,0.381515663434064,0.589417208985866,-5.88355430078464,Rho GDP-dissociation inhibitor 1 OS=Rattus norvegicus OX=10116 GN=Arhgdia PE=1 SV=1,False,False
P42123,0.57000844324493,29.1412209717819,3.03199769844949,0.005291014726912,0.049398008183153,-2.33390790466292,L-lactate dehydrogenase B chain OS=Rattus norvegicus OX=10116 GN=Ldhb PE=1 SV=2,True,False
Q9Z0W5,0.213426484729201,28.7222638799778,2.12678156105673,0.0426690584551325,0.150034384113339,-4.18618175684435,Protein kinase C and casein kinase substrate in neurons protein 1 OS=Rattus norvegicus OX=10116 GN=Pacsin1 PE=1 SV=1,False,False
P25113,0.25829534382483,28.3086176018769,1.49830944338171,0.145586106394563,0.335198142848857,-5.19592402670588,Phosphoglycerate mutase 1 OS=Rattus norvegicus OX=10116 GN=Pgam1 PE=1 SV=4,False,False
P02688,0.431253354906563,31.1167443987525,1.17493372419794,0.250219113666559,0.458985681066119,-5.60048567678554,Myelin basic protein OS=Rattus norvegicus OX=10116 GN=Mbp PE=1 SV=3,False,False
Q5FVI6,0.0489687325399579,28.1184333720544,0.33464968127484,0.740459951887634,0.845013833397585,-6.21771480080014,V-type proton ATPase subunit C 1 OS=Rattus norvegicus OX=10116 GN=Atp6v1c1 PE=1 SV=1,False,False
P07722,0.543789585864698,28.4801486976133,2.89978935059657,0.0073101002565486,0.0571374339031598,-2.62697241642284,Myelin-associated glycoprotein OS=Rattus norvegicus OX=10116 GN=Mag PE=1 SV=1,False,False
Q6P6V0,0.177759951917064,29.1004593766502,2.07088319172217,0.0479950170553417,0.164489251490301,-4.2866313271491,Glucose-6-phosphate isomerase OS=Rattus norvegicus OX=10116 GN=Gpi PE=1 SV=1,False,False
P25809,0.202785778117772,28.8365265925256,1.1383406483307,0.264919815230775,0.471888420879819,-5.64078221077135,"Creatine kinase U-type, mitochondrial OS=Rattus norvegicus OX=10116 GN=Ckmt1 PE=1 SV=1",False,False
P0DP31,-0.173718226541919,30.6117126587268,-0.801165634265439,0.429988962034507,0.625858528077771,-5.95633938735089,Calmodulin-3 OS=Rattus norvegicus OX=10116 GN=Calm3 PE=1 SV=1,False,False
Q8VHF5,0.346705226116427,28.4822084922349,2.41089881359396,0.0229461172784065,0.105218805616449,-3.64772517510405,"Citrate synthase, mitochondrial OS=Rattus norvegicus OX=10116 GN=Cs PE=1 SV=1",False,False
Q63345,0.0755614100946467,29.4039080286602,0.49917332596734,0.621676540289241,0.771138411175069,-6.14954426558589,Myelin-oligodendrocyte glycoprotein OS=Rattus norvegicus OX=10116 GN=Mog PE=1 SV=1,False,False
P10111,0.169793395765275,30.0448563022776,0.986700762250105,0.332498114933576,0.544784428145188,-5.79532599529936,Peptidyl-prolyl cis-trans isomerase A OS=Rattus norvegicus OX=10116 GN=Ppia PE=1 SV=2,False,False
Q9R063,-0.0947426853057358,29.7376823653731,-0.543441820281039,0.591258451460432,0.746376072195829,-6.12668786878969,"Peroxiredoxin-5, mitochondrial OS=Rattus norvegicus OX=10116 GN=Prdx5 PE=1 SV=1",False,False
Q9QXQ0,0.360912102348003,27.7837195074098,2.66259922180107,0.0128730585489526,0.0786964703643145,-3.13558121659111,Alpha-actinin-4 OS=Rattus norvegicus OX=10116 GN=Actn4 PE=1 SV=2,False,False
P97536,-0.0830666056475309,29.3254527760842,-0.374150052030704,0.71119773874356,0.827311655273121,-6.20377306842398,Cullin-associated NEDD8-dissociated protein 1 OS=Rattus norvegicus OX=10116 GN=Cand1 PE=1 SV=1,False,False
P61265,0.553486755869546,28.2025706948797,2.73427322516459,0.0108717480648212,0.0752399958644225,-2.98437235676247,Syntaxin-1B OS=Rattus norvegicus OX=10116 GN=Stx1b PE=1 SV=1,False,False
P12346,-0.0125511396626692,28.0856121668049,-0.132750920970994,0.895368983339215,0.938812968595898,-6.26481516799911,Serotransferrin OS=Rattus norvegicus OX=10116 GN=Tf PE=1 SV=3,False,False
P68136,0.236417435877481,30.5923410659241,1.08714592306811,0.286526131321477,0.496492480353856,-5.6952153071729,"Actin, alpha skeletal muscle OS=Rattus norvegicus OX=10116 GN=Acta1 PE=1 SV=1",False,False
P50137,0.136893102302054,28.4560063773476,1.80014682364056,0.0829547202654966,0.239243042389124,-4.74501081615345,Transketolase OS=Rattus norvegicus OX=10116 GN=Tkt PE=1 SV=1,False,False
P68035,0.0435322666947044,21.9286419358205,0.0955827055717784,0.924553731364552,0.950691574112824,-6.26905933311278,"Actin, alpha cardiac muscle 1 OS=Rattus norvegicus OX=10116 GN=Actc1 PE=2 SV=1",False,False
Q5XI78,-0.176850168298582,29.0764355688848,-1.35910501073172,0.1852923820275,0.390411769913973,-5.38052130533005,2-oxoglutarate dehydrogenase complex component E1 OS=Rattus norvegicus OX=10116 GN=Ogdh PE=1 SV=1,False,False
Q62950,0.0758559924927447,28.2837450761997,0.589829342505157,0.56018030053679,0.720516942376893,-6.10070328299205,Dihydropyrimidinase-related protein 1 OS=Rattus norvegicus OX=10116 GN=Crmp1 PE=1 SV=1,False,False
P32551,0.202312752473343,28.2254703369033,2.58767764161409,0.0153292049624446,0.0860182848410752,-3.29118664100761,"Cytochrome b-c1 complex subunit 2, mitochondrial OS=Rattus norvegicus OX=10116 GN=Uqcrc2 PE=1 SV=2",False,False
O35303,-0.191907094688418,29.8857754260748,-1.39555265247358,0.174154860980317,0.374225623892229,-5.33368004057332,Dynamin-1-like protein OS=Rattus norvegicus OX=10116 GN=Dnm1l PE=1 SV=1,False,False
Q9WVC0,0.192585408282678,27.6388071411828,1.20558463433589,0.238375810440439,0.443575606025765,-5.56585082287179,Septin-7 OS=Rattus norvegicus OX=10116 GN=Septin7 PE=1 SV=1,False,False
P62630,-0.0410954333144993,27.6614113611419,-0.307167238289631,0.761058880069393,0.857241410354463,-6.22650572485245,Elongation factor 1-alpha 1 OS=Rattus norvegicus OX=10116 GN=Eef1a1 PE=2 SV=1,False,False
Q05175,-0.005968615016286,26.659672137656,-0.0273193519296333,0.978404763455925,0.98454679511701,-6.27325631446595,Brain acid soluble protein 1 OS=Rattus norvegicus OX=10116 GN=Basp1 PE=1 SV=2,False,False
P97685,0.288580817618001,28.3186532383179,2.80095969652969,0.0092752172548407,0.0683337434489289,-2.8417136665789,Neurofascin OS=Rattus norvegicus OX=10116 GN=Nfasc PE=1 SV=2,False,False
P25286,0.0640096134192909,28.8336993303174,0.269822343343592,0.789336404941751,0.873188280441181,-6.23725280226453,V-type proton ATPase 116 kDa subunit a 1 OS=Rattus norvegicus OX=10116 GN=Atp6v0a1 PE=1 SV=1,False,False
P62632,0.3922900773652,27.9087805002914,2.3260994955005,0.0277176830100456,0.116802531906146,-3.81310938005788,Elongation factor 1-alpha 2 OS=Rattus norvegicus OX=10116 GN=Eef1a2 PE=1 SV=1,False,False
P60203,0.808986013493687,32.8306789617157,3.50679051637252,0.0015957662456495,0.024341054141387,-1.23536019374555,Myelin proteolipid protein OS=Rattus norvegicus OX=10116 GN=Plp1 PE=1 SV=2,True,False
O88600,0.185856494517228,27.7436888546166,1.40692516067476,0.170789822082007,0.369930754629628,-5.31884579308991,Heat shock 70 kDa protein 4 OS=Rattus norvegicus OX=10116 GN=Hspa4 PE=1 SV=1,False,False
Q6P6R2,0.327700688032717,28.2507179490353,3.51277707450223,0.0015713278751495,0.0243106869826706,-1.22111969820266,"Dihydrolipoyl dehydrogenase, mitochondrial OS=Rattus norvegicus OX=10116 GN=Dld PE=1 SV=1",True,False
P63012,0.0430936413329874,26.4130495457125,0.211035586893868,0.834434871765673,0.902285932677725,-6.25136512697495,Ras-related protein Rab-3A OS=Rattus norvegicus OX=10116 GN=Rab3a PE=1 SV=1,False,False
Q63537,-0.040608660528882,28.5149886751464,-0.23112669781132,0.818948630026,0.892065124455509,-6.24692855065596,Synapsin-2 OS=Rattus norvegicus OX=10116 GN=Syn2 PE=1 SV=1,False,False
D3ZQL7,-0.182981045561593,27.9552843866813,-1.22428824349979,0.231357013480256,0.435755905389769,-5.54432421791314,Tubulin polymerization-promoting protein OS=Rattus norvegicus OX=10116 GN=Tppp PE=1 SV=1,False,False
P54313,-0.153150339212914,25.2837917012499,-0.793543373525691,0.43433944172274,0.626665423951394,-5.9622773086656,Guanine nucleotide-binding protein G(I)/G(S)/G(T) subunit beta-2 OS=Rattus norvegicus OX=10116 GN=Gnb2 PE=1 SV=4,False,False
Q64542,-0.73109969856079,29.3626509361025,-2.14920763308228,0.0406849839969878,0.147364005581063,-4.1453526453885,Plasma membrane calcium-transporting ATPase 4 OS=Rattus norvegicus OX=10116 GN=Atp2b4 PE=1 SV=1,False,False
P11507,0.113213477658629,28.3913994148648,1.05983116725482,0.298555651889931,0.509190190546135,-5.72332180063974,Sarcoplasmic/endoplasmic reticulum calcium ATPase 2 OS=Rattus norvegicus OX=10116 GN=Atp2a2 PE=1 SV=1,False,False
P11730,-0.524903700306456,25.2231884183006,-2.52274777959529,0.0178030430733866,0.0924680556412458,-3.42392148852222,Calcium/calmodulin-dependent protein kinase type II subunit gamma OS=Rattus norvegicus OX=10116 GN=Camk2g PE=1 SV=1,False,False
P62762,0.0045736372561826,28.1476834064797,0.0278381626598407,0.977994765881435,0.98454679511701,-6.27324199677225,Visinin-like protein 1 OS=Rattus norvegicus OX=10116 GN=Vsnl1 PE=1 SV=2,False,False
P62142,0.214716032782505,27.0425830659781,1.1032704407618,0.279589140674713,0.489168076495499,-5.67831677168839,Serine/threonine-protein phosphatase PP1-beta catalytic subunit OS=Rattus norvegicus OX=10116 GN=Ppp1cb PE=1 SV=3,False,False
P04897,-0.183268659161104,29.0660926549532,-1.4659875522515,0.154134075676855,0.347414568534642,-5.24015106645927,Guanine nucleotide-binding protein G(i) subunit alpha-2 OS=Rattus norvegicus OX=10116 GN=Gnai2 PE=1 SV=3,False,False
P07340,0.426931006459064,29.5920267664828,2.59403032045158,0.0151051384449929,0.0852024215412883,-3.27809287949717,Sodium/potassium-transporting ATPase subunit beta-1 OS=Rattus norvegicus OX=10116 GN=Atp1b1 PE=1 SV=1,False,False
P08009,0.208257184956512,28.2211604640404,1.42630412644701,0.165174445476522,0.363585212298929,-5.29333001166828,Glutathione S-transferase Mu 7 OS=Rattus norvegicus OX=10116 GN=Gstm7 PE=1 SV=2,False,False
Q00981,0.37858773035828,28.6575938838073,2.52207894968609,0.0178303477960879,0.0924680556412458,-3.42527823926047,Ubiquitin carboxyl-terminal hydrolase isozyme L1 OS=Rattus norvegicus OX=10116 GN=Uchl1 PE=1 SV=2,False,False
Q64541,-0.0906767219438436,30.7407998275504,-0.741457823086549,0.464779049629721,0.657981321240508,-6.00140112669353,Sodium/potassium-transporting ATPase subunit alpha-4 OS=Rattus norvegicus OX=10116 GN=Atp1a4 PE=1 SV=1,False,False
Q08163,0.380809082558336,26.870358205609,3.06132775543986,0.0049214627963486,0.0467538965653123,-2.26804696848596,Adenylyl cyclase-associated protein 1 OS=Rattus norvegicus OX=10116 GN=Cap1 PE=1 SV=3,True,False
P62138,-0.0389871501783325,21.967800910143,-0.146701156352552,0.884451372848039,0.930865730606828,-6.26286605437904,Serine/threonine-protein phosphatase PP1-alpha catalytic subunit OS=Rattus norvegicus OX=10116 GN=Ppp1ca PE=1 SV=1,False,False
P07171,-0.221381407484152,27.7549831520846,-1.44512783475468,0.159861424751962,0.355752758749275,-5.26825970715903,Calbindin OS=Rattus norvegicus OX=10116 GN=Calb1 PE=1 SV=2,False,False
Q4QQT4,-0.42877184035062,28.0481024699773,-2.65818022210801,0.0130070805126614,0.0786964703643145,-3.1448298108616,Serine/threonine-protein phosphatase 2A 65 kDa regulatory subunit A beta isoform OS=Rattus norvegicus OX=10116 GN=Ppp2r1b PE=2 SV=1,False,False
P67779,0.316394655859412,27.7506386434819,2.86135368526381,0.0080223104452653,0.0599183600842924,-2.71094502921401,Prohibitin 1 OS=Rattus norvegicus OX=10116 GN=Phb1 PE=1 SV=1,False,False
P35704,0.596043651391742,27.4505924522895,3.30593426703101,0.002666865108414,0.0318475037358471,-1.7079731424535,Peroxiredoxin-2 OS=Rattus norvegicus OX=10116 GN=Prdx2 PE=1 SV=3,True,False
P63088,-0.105896793926334,23.4284336279408,-0.377528679764637,0.70871481335738,0.825309831038756,-6.20250916718011,Serine/threonine-protein phosphatase PP1-gamma catalytic subunit OS=Rattus norvegicus OX=10116 GN=Ppp1cc PE=1 SV=1,False,False
P21707,-0.0071071105806837,29.193721061875,-0.0546781334009637,0.95679510581851,0.972021925347244,-6.27213393841519,Synaptotagmin-1 OS=Rattus norvegicus OX=10116 GN=Syt1 PE=1 SV=3,False,False
P48037,0.0269635650390505,30.6753790924631,0.284407404606777,0.778255293058217,0.867356893860329,-6.23322006146367,Annexin A6 OS=Rattus norvegicus OX=10116 GN=Anxa6 PE=1 SV=2,False,False
Q66HA8,-0.0521372885818217,28.5692972458932,-0.488986704979345,0.628776522747078,0.776470894110701,-6.15453434218302,Heat shock protein 105 kDa OS=Rattus norvegicus OX=10116 GN=Hsph1 PE=1 SV=1,False,False
P08413,-0.52023236136376,27.077609203364,-3.18432047111188,0.0036234624252494,0.0379240715550732,-1.98874959567487,Calcium/calmodulin-dependent protein kinase type II subunit beta OS=Rattus norvegicus OX=10116 GN=Camk2b PE=1 SV=1,True,False
P84079,0.0655596266601641,26.0937135144449,0.337687755927263,0.738194517488661,0.843317154472806,-6.21669716694702,ADP-ribosylation factor 1 OS=Rattus norvegicus OX=10116 GN=Arf1 PE=1 SV=2,False,False
P52303,0.668075775387397,29.3066333682537,2.69452928129199,0.0119423264767661,0.077584877639491,-3.06849654496698,AP-1 complex subunit beta-1 OS=Rattus norvegicus OX=10116 GN=Ap1b1 PE=1 SV=1,False,False
P62738,-1.25214563180258,24.1907809397353,-1.66392031207701,0.107625394035929,0.281541791644714,-4.95679475389752,"Actin, aortic smooth muscle OS=Rattus norvegicus OX=10116 GN=Acta2 PE=2 SV=1",False,False
P24942,-0.0178785928439638,28.1460986072349,-0.121909002902461,0.903868581955405,0.943053636086419,-6.26619577497762,Excitatory amino acid transporter 1 OS=Rattus norvegicus OX=10116 GN=Slc1a3 PE=1 SV=2,False,False
P97700,0.0574063265147693,28.5500816836206,0.301015720235779,0.765694858007765,0.860215281351047,-6.22837107701037,Mitochondrial 2-oxoglutarate/malate carrier protein OS=Rattus norvegicus OX=10116 GN=Slc25a11 PE=1 SV=3,False,False
P63045,-0.553468661856389,26.2978984144595,-1.67910058264263,0.104602048167935,0.277548108898299,-4.93385368152129,Vesicle-associated membrane protein 2 OS=Rattus norvegicus OX=10116 GN=Vamp2 PE=1 SV=2,False,False
P10824,0.230044113657627,24.9528254281333,1.67541281587954,0.105329891742568,0.277548108898299,-4.93944223260718,Guanine nucleotide-binding protein G(i) subunit alpha-1 OS=Rattus norvegicus OX=10116 GN=Gnai1 PE=1 SV=3,False,False
Q8CFN2,0.212211824570385,26.8372491614264,1.19885318153323,0.240940357972346,0.446812341924744,-5.57352573774843,Cell division control protein 42 homolog OS=Rattus norvegicus OX=10116 GN=Cdc42 PE=1 SV=2,False,False
P13264,0.267536731371919,27.4426119694357,1.41987344325032,0.167021356534432,0.364685744207237,-5.30183028651307,"Glutaminase kidney isoform, mitochondrial OS=Rattus norvegicus OX=10116 GN=Gls PE=1 SV=2",False,False
Q920L2,-0.220116544483346,27.9881882453977,-1.88986239440088,0.0694933170529815,0.209641399354816,-4.59846583222627,"Succinate dehydrogenase [ubiquinone] flavoprotein subunit, mitochondrial OS=Rattus norvegicus OX=10116 GN=Sdha PE=1 SV=1",False,False
Q8VBU2,0.140044605456509,27.7504399917272,0.687584483586799,0.497544534517803,0.680354458185329,-6.03918510309041,Protein NDRG2 OS=Rattus norvegicus OX=10116 GN=Ndrg2 PE=1 SV=1,False,False
P15791,-1.03613315106733,23.7496070400639,-2.90339612986187,0.0072464295123702,0.0571374339031598,-2.61906325035259,Calcium/calmodulin-dependent protein kinase type II subunit delta OS=Rattus norvegicus OX=10116 GN=Camk2d PE=1 SV=1,False,False
P63329,0.237738064375296,28.1902662947261,1.10892148612139,0.277186734666654,0.486536845452167,-5.67234080846126,Protein phosphatase 3 catalytic subunit alpha OS=Rattus norvegicus OX=10116 GN=Ppp3ca PE=1 SV=1,False,False
P01830,0.507507468310216,28.1052103037636,2.47680868161263,0.0197710440878749,0.0960181199424595,-3.51660120642044,Thy-1 membrane glycoprotein OS=Rattus norvegicus OX=10116 GN=Thy1 PE=1 SV=1,False,False
Q05140,0.0733609886481261,28.9432309367719,0.511572131148792,0.613084656362296,0.767906589895444,-6.14333434415034,Clathrin coat assembly protein AP180 OS=Rattus norvegicus OX=10116 GN=Snap91 PE=1 SV=1,False,False
P37377,-0.314629344398682,26.7992355845618,-1.28869332314854,0.208373761663654,0.418140432338123,-5.46794935458302,Alpha-synuclein OS=Rattus norvegicus OX=10116 GN=Snca PE=1 SV=1,False,False
P55063,0.0528660203447338,25.8114860637038,0.217720264211479,0.82927445324136,0.900806652818849,-6.2499335901844,Heat shock 70 kDa protein 1-like OS=Rattus norvegicus OX=10116 GN=Hspa1l PE=2 SV=2,False,False
P63100,-0.053156061403179,26.0461842000192,-0.148886508451264,0.882743131977005,0.929971606936864,-6.26254311691217,Calcineurin subunit B type 1 OS=Rattus norvegicus OX=10116 GN=Ppp3r1 PE=1 SV=2,False,False
P61589,0.161899839672451,26.4737093091482,0.935079119511423,0.357987208602728,0.566813080287653,-5.84327342611547,Transforming protein RhoA OS=Rattus norvegicus OX=10116 GN=Rhoa PE=1 SV=1,False,False
P62747,0.0670404791390276,26.9881188867973,0.569638703855648,0.573604391194128,0.730060214428719,-6.11226842754754,Rho-related GTP-binding protein RhoB OS=Rattus norvegicus OX=10116 GN=Rhob PE=1 SV=1,False,False
P49432,0.251889859766759,27.8858529498153,2.69556696454808,0.0119131619819067,0.077584877639491,-3.06630884661083,"Pyruvate dehydrogenase E1 component subunit beta, mitochondrial OS=Rattus norvegicus OX=10116 GN=Pdhb PE=1 SV=2",False,False
O88767,0.394237419215347,27.37621302025,2.74337516530787,0.0106395706329699,0.0749680730267957,-2.96501116347462,Parkinson disease protein 7 homolog OS=Rattus norvegicus OX=10116 GN=Park7 PE=1 SV=1,False,False
P61980,-0.637643304850968,30.5976631632701,-4.7386753924591,6.06574469326528e-05,0.0068020272493242,1.81051057519195,Heterogeneous nuclear ribonucleoprotein K OS=Rattus norvegicus OX=10116 GN=Hnrnpk PE=1 SV=1,True,False
Q5U318,-0.0168297464843263,26.7929030891983,-0.0596167815557033,0.952897337872669,0.971739940598964,-6.27185154609971,Astrocytic phosphoprotein PEA-15 OS=Rattus norvegicus OX=10116 GN=Pea15 PE=1 SV=1,False,False
O35814,-0.0949798996557831,27.843789286858,-0.81771574214791,0.420635286897364,0.617850322551824,-5.94326052155328,Stress-induced-phosphoprotein 1 OS=Rattus norvegicus OX=10116 GN=Stip1 PE=1 SV=1,False,False
P09812,0.0078661876844385,29.3479565683838,0.0539351746205443,0.957381573837558,0.972021925347244,-6.27217430955179,"Glycogen phosphorylase, muscle form OS=Rattus norvegicus OX=10116 GN=Pygm PE=1 SV=5",False,False
P47858,0.337496064545746,30.3672104946594,1.50861066203042,0.142943725864076,0.332920548625365,-5.18165785147748,"ATP-dependent 6-phosphofructokinase, muscle type OS=Rattus norvegicus OX=10116 GN=Pfkm PE=1 SV=3",False,False
Q9WTT6,0.1432242944752,29.362220218178,0.85786070120416,0.398476289927208,0.603417230241995,-5.91048196242381,Guanine deaminase OS=Rattus norvegicus OX=10116 GN=Gda PE=1 SV=1,False,False
Q63941,0.0262261904155636,25.4134219916856,0.115384327680565,0.90898932735541,0.946404842997673,-6.26697002887713,Ras-related protein Rab-3B OS=Rattus norvegicus OX=10116 GN=Rab3b PE=1 SV=2,False,False
P48721,-0.0872730090313105,29.3257526148816,-0.625241558582962,0.537030744573329,0.707547805806467,-6.07947307900971,"Stress-70 protein, mitochondrial OS=Rattus norvegicus OX=10116 GN=Hspa9 PE=1 SV=3",False,False
P63319,0.178080479610312,26.1539271210135,1.06056808023197,0.298226503933706,0.509190190546135,-5.72257213174225,Protein kinase C gamma type OS=Rattus norvegicus OX=10116 GN=Prkcg PE=1 SV=1,False,False
Q63942,0.116014987565396,22.4462568953601,0.552386070407047,0.585201312863961,0.742122976383688,-6.12183926274851,GTP-binding protein Rab-3D OS=Rattus norvegicus OX=10116 GN=Rab3d PE=1 SV=2,False,False
P84083,0.107862656868306,27.2546416769351,0.611848404594915,0.54572608729677,0.710956498693432,-6.08764393377067,ADP-ribosylation factor 5 OS=Rattus norvegicus OX=10116 GN=Arf5 PE=1 SV=2,False,False
P07825,0.235883917983308,27.5309404845906,1.22913164634601,0.229564967202435,0.433889807120833,-5.53870160069042,Synaptophysin OS=Rattus norvegicus OX=10116 GN=Syp PE=1 SV=1,False,False
O08839,0.060329540374962,29.1892766945163,0.386266754076195,0.702308474112155,0.822510164522319,-6.19918825424825,Myc box-dependent-interacting protein 1 OS=Rattus norvegicus OX=10116 GN=Bin1 PE=1 SV=1,False,False
P16036,0.287507103647609,28.7346489270937,1.56262439269477,0.129718574379582,0.311883186405916,-5.1055183147196,Solute carrier family 25 member 3 OS=Rattus norvegicus OX=10116 GN=Slc25a3 PE=1 SV=1,False,False
P27139,0.417157411508256,26.6349499441619,1.50481147715192,0.143913702867423,0.334078722981221,-5.18692891089847,Carbonic anhydrase 2 OS=Rattus norvegicus OX=10116 GN=Ca2 PE=1 SV=2,False,False
P37805,-0.0222354696371774,28.4300090922514,-0.198281821439046,0.844301215687433,0.907315267092069,-6.25397294597786,Transgelin-3 OS=Rattus norvegicus OX=10116 GN=Tagln3 PE=1 SV=2,False,False
Q9JLT0,-0.0605520481390407,30.6850304163766,-0.444292355383217,0.660351147118355,0.799061779138746,-6.17523284273792,Myosin-10 OS=Rattus norvegicus OX=10116 GN=Myh10 PE=1 SV=1,False,False
P48768,0.590419844275697,26.8585789896956,2.40834012737429,0.0230783281287606,0.105218805616449,-3.65277072345826,Sodium/calcium exchanger 2 OS=Rattus norvegicus OX=10116 GN=Slc8a2 PE=1 SV=1,False,False
P84082,0.513860054108012,25.4491673611324,1.94178889438496,0.0626011761558378,0.194819177519461,-4.51117835467784,ADP-ribosylation factor 2 OS=Rattus norvegicus OX=10116 GN=Arf2 PE=2 SV=1,False,False
Q99NA5,0.395650331229927,27.6963837217194,1.52283312773776,0.139359509410835,0.327547136152704,-5.16182640186113,"Isocitrate dehydrogenase [NAD] subunit alpha, mitochondrial OS=Rattus norvegicus OX=10116 GN=Idh3a PE=1 SV=1",False,False
P10687,-0.133388128341188,28.6327412121691,-1.43891172795945,0.161600641219609,0.356442962201297,-5.27656963173797,"1-phosphatidylinositol 4,5-bisphosphate phosphodiesterase beta-1 OS=Rattus norvegicus OX=10116 GN=Plcb1 PE=1 SV=1",False,False
Q561S0,0.30304018716128,26.977442948892,2.92955656760057,0.0068000953036546,0.0549589792078953,-2.56154928859553,"NADH dehydrogenase [ubiquinone] 1 alpha subcomplex subunit 10, mitochondrial OS=Rattus norvegicus OX=10116 GN=Ndufa10 PE=1 SV=1",False,False
O35179,-0.363772705113462,29.230846042759,-3.89910165231886,0.0005730437916004,0.014829829220783,-0.2865415745219,Endophilin-A1 OS=Rattus norvegicus OX=10116 GN=Sh3gl2 PE=1 SV=2,True,False
B0BND0,0.462347171747794,27.8609999309274,3.12837667508304,0.0041669937390836,0.0410259474493415,-2.11639799901935,Glycerophosphocholine cholinephosphodiesterase ENPP6 OS=Rattus norvegicus OX=10116 GN=Enpp6 PE=1 SV=1,True,False
Q794F9,-0.0490796155196769,28.1443247911712,-0.428699028369042,0.671523189508682,0.8061952131195,-6.18199488407348,Amino acid transporter heavy chain SLC3A2 OS=Rattus norvegicus OX=10116 GN=Slc3a2 PE=1 SV=1,False,False
P31399,0.962985143367828,26.0833252440192,2.73021309815237,0.0109768415019194,0.0752399958644225,-2.9929974606081,"ATP synthase subunit d, mitochondrial OS=Rattus norvegicus OX=10116 GN=Atp5pd PE=1 SV=3",False,False
Q6PCU2,0.250435523868646,27.1288616312041,1.68739030356702,0.102981313744901,0.275811181581601,-4.92125512591413,V-type proton ATPase subunit E 1 OS=Rattus norvegicus OX=10116 GN=Atp6v1e1 PE=1 SV=1,False,False
P01048,0.483814415366496,26.3893431812848,2.00917631646792,0.0545517409526555,0.177416022377555,-4.39528271305718,T-kininogen 1 OS=Rattus norvegicus OX=10116 GN=Map1 PE=1 SV=2,False,False
Q05982,0.226409774117116,25.9099905626518,1.03638144185675,0.309163544481355,0.519936374077264,-5.74692726229524,Nucleoside diphosphate kinase A OS=Rattus norvegicus OX=10116 GN=Nme1 PE=1 SV=1,False,False
P0DMW0,0.117108420361411,28.1066808954817,0.596230753986571,0.555958010146661,0.717435513177854,-6.09695466446629,Heat shock 70 kDa protein 1A OS=Rattus norvegicus OX=10116 GN=Hspa1a PE=1 SV=1,False,False
P81155,0.405081057118558,27.8500891629396,1.54559138241677,0.133776469130085,0.31841739795139,-5.12976950754951,Voltage-dependent anion-selective channel protein 2 OS=Rattus norvegicus OX=10116 GN=Vdac2 PE=1 SV=2,False,False
P05712,0.128712389214861,27.2856524526459,1.00753429780828,0.322570137418022,0.534982325916872,-5.775297756514,Ras-related protein Rab-2A OS=Rattus norvegicus OX=10116 GN=Rab2a PE=2 SV=1,False,False
Q63092,-0.527400749759227,26.8330311871316,-1.25291293362343,0.220917075909999,0.426476280232671,-5.51080799795364,CaM kinase-like vesicle-associated protein OS=Rattus norvegicus OX=10116 GN=Camkv PE=1 SV=1,False,False
Q9JJM9,0.0616865606700046,25.434657294867,0.187592327149021,0.852590624885535,0.911506067868741,-6.25603385515733,Septin-5 OS=Rattus norvegicus OX=10116 GN=Septin5 PE=1 SV=2,False,False
Q63228,-0.617197313240389,28.0944661812981,-3.77996089609674,0.000784056941406,0.0161184144201206,-0.577738129118253,Glia maturation factor beta OS=Rattus norvegicus OX=10116 GN=Gmfb PE=1 SV=2,True,False
B0BNF1,-0.43751707032196,28.2458526607004,-2.7266706513087,0.0110693125886762,0.0753966385756999,-3.00051707037543,Septin-8 OS=Rattus norvegicus OX=10116 GN=Septin8 PE=1 SV=1,False,False
Q62813,0.0262587103168137,26.976215571062,0.232971913314909,0.817529966437496,0.892065124455509,-6.24650094914039,Limbic system-associated membrane protein OS=Rattus norvegicus OX=10116 GN=Lsamp PE=1 SV=1,False,False
Q9JHY2,-0.277634122334533,26.8088273490456,-2.60647585310935,0.0146749682729751,0.0842121485958696,-3.25238647347355,Sideroflexin-3 OS=Rattus norvegicus OX=10116 GN=Sfxn3 PE=2 SV=2,False,False
Q62910,0.201393867816549,29.6718545723241,2.02859246188647,0.0524082232506328,0.173416337317332,-4.361352308396,Synaptojanin-1 OS=Rattus norvegicus OX=10116 GN=Synj1 PE=1 SV=3,False,False
P19804,0.551402447988661,27.4345310045734,2.46629257754116,0.0202488976366473,0.0977405815802888,-3.53766980955998,Nucleoside diphosphate kinase B OS=Rattus norvegicus OX=10116 GN=Nme2 PE=1 SV=1,False,False
Q4V7C7,0.483904714664533,27.2177613600662,2.42567896585728,0.0221959045815852,0.102727199409644,-3.6185135819236,Actin-related protein 3 OS=Rattus norvegicus OX=10116 GN=Actr3 PE=1 SV=1,False,False
Q68FQ0,-0.122726955756097,28.3919558339173,-0.637967268010364,0.528837375942541,0.704667651616174,-6.07155036218522,T-complex protein 1 subunit epsilon OS=Rattus norvegicus OX=10116 GN=Cct5 PE=1 SV=1,False,False
Q6RJR6,0.0157515495825002,29.3658878009194,0.110694255175217,0.912672707725956,0.946404842997673,-6.26750030188453,Reticulon-3 OS=Rattus norvegicus OX=10116 GN=Rtn3 PE=1 SV=1,False,False
Q6NYB7,-0.396003875754111,30.2018011699831,-2.99313096961631,0.0058216141809014,0.0516663521446148,-2.42072124745441,Ras-related protein Rab-1A OS=Rattus norvegicus OX=10116 GN=Rab1A PE=1 SV=3,False,False
P80254,0.469643238454669,25.9551401006987,1.71851973332471,0.0970822822639447,0.265314996630884,-4.87350192517233,D-dopachrome decarboxylase OS=Rattus norvegicus OX=10116 GN=Ddt PE=1 SV=3,False,False
P61751,0.0680473916499551,27.8043803675315,0.45236306211133,0.654599823724401,0.794766377907541,-6.17163953085066,ADP-ribosylation factor 4 OS=Rattus norvegicus OX=10116 GN=Arf4 PE=2 SV=2,False,False
Q9R1Z0,0.255026035088402,27.2563950793529,1.29203100306604,0.207232039787945,0.417160407231124,-5.46389713694241,Voltage-dependent anion-selective channel protein 3 OS=Rattus norvegicus OX=10116 GN=Vdac3 PE=1 SV=2,False,False
Q3T1K5,-0.0701188171057403,25.9290115519796,-0.343685343314343,0.733729289642981,0.841767818520496,-6.21466145241751,F-actin-capping protein subunit alpha-2 OS=Rattus norvegicus OX=10116 GN=Capza2 PE=1 SV=1,False,False
Q64568,-0.33059451562433,29.3633948718417,-2.28420846578918,0.0303939399420036,0.123837984485818,-3.89338225285196,Plasma membrane calcium-transporting ATPase 3 OS=Rattus norvegicus OX=10116 GN=Atp2b3 PE=1 SV=2,False,False
Q7TPB1,0.186854351066085,28.0267134421246,1.5254249698935,0.138714270572614,0.327547136152704,-5.15819561961895,T-complex protein 1 subunit delta OS=Rattus norvegicus OX=10116 GN=Cct4 PE=1 SV=3,False,False
Q63028,-0.581027472244035,28.9174687575034,-4.36869040892924,0.000164080276799,0.0104528788101997,0.879512784157972,Alpha-adducin OS=Rattus norvegicus OX=10116 GN=Add1 PE=1 SV=2,True,False
P97846,-0.194733761040798,30.740164454196,-1.27607559286948,0.212733439074724,0.42250691160257,-5.48318483489903,Contactin-associated protein 1 OS=Rattus norvegicus OX=10116 GN=Cntnap1 PE=1 SV=1,False,False
P84092,-0.565504998064451,28.9927337168269,-2.95126789607364,0.0064495899285575,0.0529950887119238,-2.5136218732383,AP-2 complex subunit mu OS=Rattus norvegicus OX=10116 GN=Ap2m1 PE=1 SV=1,False,False
P10960,0.186707768372223,27.9011214655411,1.14238041907532,0.263266660011667,0.470916161164723,-5.6363901703267,Prosaposin OS=Rattus norvegicus OX=10116 GN=Psap PE=1 SV=1,False,False
P04906,0.0207535901352252,27.5394505239799,0.17235378840473,0.864437249751182,0.919632162554549,-6.25877490057544,Glutathione S-transferase P OS=Rattus norvegicus OX=10116 GN=Gstp1 PE=1 SV=2,False,False
P16638,-0.183042826231386,28.6223849764668,-1.78509875257436,0.0854186973533095,0.243443287456932,-4.76905010310706,ATP-citrate synthase OS=Rattus norvegicus OX=10116 GN=Acly PE=1 SV=1,False,False
P32851,-0.116729319702308,29.0555425048631,-0.689099302610069,0.49660578760416,0.679929289475733,-6.03816017748826,Syntaxin-1A OS=Rattus norvegicus OX=10116 GN=Stx1a PE=1 SV=1,False,False
P68403,0.343890768546071,28.1073758656128,1.16145078005189,0.255564189564495,0.464308484758614,-5.61546702331241,Protein kinase C beta type OS=Rattus norvegicus OX=10116 GN=Prkcb PE=1 SV=3,False,False
P54690,0.188753587881077,26.4595116778599,0.717289441327969,0.479319307631993,0.67117418656856,-6.01869041480414,"Branched-chain-amino-acid aminotransferase, cytosolic OS=Rattus norvegicus OX=10116 GN=Bcat1 PE=1 SV=1",False,False
P09527,-1.34336004585961,28.0432582117518,-1.64160504783542,0.112202111847463,0.290011663796665,-4.99021239962081,Ras-related protein Rab-7a OS=Rattus norvegicus OX=10116 GN=Rab7a PE=1 SV=2,False,False
P07936,-0.175096671833142,27.8701422328962,-1.46537625074655,0.154299545212523,0.347414568534642,-5.2409796643314,Neuromodulin OS=Rattus norvegicus OX=10116 GN=Gap43 PE=1 SV=1,False,False
P31016,-0.332840728259438,28.1223744604914,-2.69778424828053,0.0118510675506475,0.077584877639491,-3.06163267390239,Disks large homolog 4 OS=Rattus norvegicus OX=10116 GN=Dlg4 PE=1 SV=1,False,False
P11598,-0.103302270586866,28.9399314272888,-0.701434423813534,0.488998846487068,0.677219630109328,-6.02973331586658,Protein disulfide-isomerase A3 OS=Rattus norvegicus OX=10116 GN=Pdia3 PE=1 SV=2,False,False
Q3KR86,-0.0244402655195124,28.4579808755246,-0.232024758153536,0.818258092591675,0.892065124455509,-6.2467208613853,MICOS complex subunit Mic60 (Fragment) OS=Rattus norvegicus OX=10116 GN=Immt PE=1 SV=1,False,False
Q9QYF3,-0.108147467767274,30.6229913867361,-1.00311568984678,0.324658540366566,0.536801830865636,-5.77957795966419,Unconventional myosin-Va OS=Rattus norvegicus OX=10116 GN=Myo5a PE=1 SV=1,False,False
Q06647,0.078516371841701,28.04005048002,0.747307281328431,0.461299187430995,0.653909712025873,-5.99713401093277,"ATP synthase subunit O, mitochondrial OS=Rattus norvegicus OX=10116 GN=Atp5po PE=1 SV=1",False,False
A9UMV8,0.521746880666974,29.3647711462717,3.38793424489844,0.0021646960142254,0.030520745215542,-1.51628758136767,Histone H2A.J OS=Rattus norvegicus OX=10116 GN=H2aj PE=2 SV=1,True,False
Q00728,0.566229432650541,23.289426448614,0.632682502244271,0.532231766891931,0.705516528205582,-6.07485932758413,Histone H2A type 4 OS=Rattus norvegicus OX=10116 PE=2 SV=2,False,False
P0CC09,0.318874753786776,20.7013532801261,0.260858418259732,0.79616937758449,0.876271784475612,-6.23962657826,Histone H2A type 2-A OS=Rattus norvegicus OX=10116 GN=H2ac18 PE=1 SV=1,False,False
Q64598,-0.336316227481213,24.9846487364037,-1.69782852448979,0.100970562400765,0.273377797700073,-4.90532051386178,Histone H2A type 1-F OS=Rattus norvegicus OX=10116 PE=3 SV=3,False,False
Q64548,0.0059190799895816,26.9446659964823,0.0141277892465047,0.988831295270355,0.989745187410161,-6.27352987599016,Reticulon-1 OS=Rattus norvegicus OX=10116 GN=Rtn1 PE=1 SV=1,False,False
P04905,-0.266665440254542,26.4239899040688,-1.41809874034455,0.167533931417077,0.365068908902805,-5.30417035090026,Glutathione S-transferase Mu 1 OS=Rattus norvegicus OX=10116 GN=Gstm1 PE=1 SV=2,False,False
O35244,0.392697844322203,27.345702062466,2.13627606309936,0.0418187490391721,0.149536834459035,-4.16893259601063,Peroxiredoxin-6 OS=Rattus norvegicus OX=10116 GN=Prdx6 PE=1 SV=3,False,False
P10536,-0.544142280755235,24.2132111695697,-3.86081407775115,0.0006339201579391,0.0152563451344012,-0.38037508705721,Ras-related protein Rab-1B OS=Rattus norvegicus OX=10116 GN=Rab1b PE=1 SV=1,True,False
P17764,0.563575788069148,27.0336155977202,0.908404039055392,0.371654944805427,0.583257060211294,-5.86710564487806,"Acetyl-CoA acetyltransferase, mitochondrial OS=Rattus norvegicus OX=10116 GN=Acat1 PE=1 SV=1",False,False
Q5XI32,-0.0515153585616801,27.6272399803699,-0.303936057999581,0.763492882315661,0.858632182292691,-6.22749020175865,F-actin-capping protein subunit beta OS=Rattus norvegicus OX=10116 GN=Capzb PE=1 SV=1,False,False
P31000,-0.320643791263425,28.9816812957994,-3.33839278579025,0.0024559216654829,0.031663847187119,-1.63231540599214,Vimentin OS=Rattus norvegicus OX=10116 GN=Vim PE=1 SV=2,True,False
P07632,0.294151355834632,29.5091891141287,2.48928621706609,0.0192175524834709,0.0959106421179677,-3.49153141868988,Superoxide dismutase [Cu-Zn] OS=Rattus norvegicus OX=10116 GN=Sod1 PE=1 SV=2,False,False
Q6AYH5,0.322428586104003,28.3156657487509,1.76300531492611,0.08914928856216,0.248836802868091,-4.80405795457732,Dynactin subunit 2 OS=Rattus norvegicus OX=10116 GN=Dctn2 PE=1 SV=1,False,False
Q9JI66,-0.156196963234013,27.3014109593816,-0.875059178256256,0.389214383746062,0.59600247006075,-5.89598489858188,Electrogenic sodium bicarbonate cotransporter 1 OS=Rattus norvegicus OX=10116 GN=Slc4a4 PE=1 SV=1,False,False
P07895,0.496831510349548,26.7948704325624,2.44251958899569,0.021368586830278,0.100366867349009,-3.58509301379153,"Superoxide dismutase [Mn], mitochondrial OS=Rattus norvegicus OX=10116 GN=Sod2 PE=1 SV=2",False,False
Q02563,-0.437576465767229,28.2167905962545,-2.51851653870847,0.0179764353927748,0.0924680556412458,-3.43250108080002,Synaptic vesicle glycoprotein 2A OS=Rattus norvegicus OX=10116 GN=Sv2a PE=1 SV=2,False,False
P47728,0.385100094859432,27.6233031093633,2.55579319767544,0.016501172028262,0.0907145650081613,-3.35661847861029,Calretinin OS=Rattus norvegicus OX=10116 GN=Calb2 PE=1 SV=1,False,False
Q62812,-0.347224423746109,30.5778357150529,-2.7795551364712,0.0097619140693166,0.0700142578613901,-2.88770524492891,Myosin-9 OS=Rattus norvegicus OX=10116 GN=Myh9 PE=1 SV=3,False,False
Q5XIH7,-0.0762177489047637,28.0590875679372,-0.307371608558191,0.76090501448679,0.857241410354463,-6.2264431096982,Prohibitin-2 OS=Rattus norvegicus OX=10116 GN=Phb2 PE=1 SV=1,False,False
P03994,-0.14545373625003,26.5252571192759,-0.573126890868989,0.571273738995087,0.729586626570377,-6.11029846511504,Hyaluronan and proteoglycan link protein 1 OS=Rattus norvegicus OX=10116 GN=Hapln1 PE=1 SV=2,False,False
P82471,-0.376376507070972,26.879718993947,-3.25724585068551,0.0030163598885717,0.0337478617096713,-1.8209047201712,Guanine nucleotide-binding protein G(q) subunit alpha OS=Rattus norvegicus OX=10116 GN=Gnaq PE=2 SV=2,True,False
O35353,0.101145710983602,28.1370530928024,0.798186131249218,0.431686353161676,0.625858528077771,-5.95866692773298,Guanine nucleotide-binding protein subunit beta-4 OS=Rattus norvegicus OX=10116 GN=Gnb4 PE=2 SV=4,False,False
P39069,-0.108375434268744,27.3989877580496,-0.690449455507415,0.495769926907163,0.679929289475733,-6.03724483150357,Adenylate kinase isoenzyme 1 OS=Rattus norvegicus OX=10116 GN=Ak1 PE=1 SV=3,False,False
P20788,0.0951378192749566,26.8195404466873,0.796933022229091,0.432401459403301,0.625880370259622,-5.95964336895509,"Cytochrome b-c1 complex subunit Rieske, mitochondrial OS=Rattus norvegicus OX=10116 GN=Uqcrfs1 PE=1 SV=2",False,False
P85834,0.366495740146661,26.8336044345159,1.32856093852282,0.195047881828183,0.403123771030386,-5.418945980485,"Elongation factor Tu, mitochondrial OS=Rattus norvegicus OX=10116 GN=Tufm PE=1 SV=1",False,False
Q68FX0,-0.0293196850647881,28.7827057544385,-0.210560466943123,0.834801943253075,0.902285932677725,-6.25146518159308,"Isocitrate dehydrogenase [NAD] subunit beta, mitochondrial OS=Rattus norvegicus OX=10116 GN=Idh3B PE=2 SV=1",False,False
P84076,0.240843079036551,27.4283763120284,1.22284661067139,0.231892435080091,0.436006088874545,-5.54599396095316,Neuron-specific calcium-binding protein hippocalcin OS=Rattus norvegicus OX=10116 GN=Hpca PE=1 SV=2,False,False
P18418,-0.0599883705741675,27.9909610650309,-0.250036501452479,0.804440645246766,0.883579329414044,-6.24238606835764,Calreticulin OS=Rattus norvegicus OX=10116 GN=Calr PE=1 SV=1,False,False
Q5XIM9,-0.23046911058556,29.4951012211581,-1.96569261864658,0.0596342251553267,0.188291154061862,-4.47040251543791,T-complex protein 1 subunit beta OS=Rattus norvegicus OX=10116 GN=Cct2 PE=1 SV=3,False,False
Q9JHU0,0.066396405304431,27.820373315559,0.345662719206791,0.732259198829076,0.840972123363616,-6.21398250177634,Dihydropyrimidinase-related protein 5 OS=Rattus norvegicus OX=10116 GN=Dpysl5 PE=1 SV=1,False,False
Q62656,-0.0889029081285173,29.0136763811872,-0.778522469742422,0.442990980013438,0.633763845910903,-5.97382048887311,Receptor-type tyrosine-protein phosphatase zeta OS=Rattus norvegicus OX=10116 GN=Ptprz1 PE=1 SV=1,False,False
P52873,-0.146182150390668,28.8181028217959,-0.783747069948545,0.439970043751451,0.631939534557068,-5.96982938725405,"Pyruvate carboxylase, mitochondrial OS=Rattus norvegicus OX=10116 GN=Pc PE=1 SV=2",False,False
P19511,0.470587903139624,27.6197695777284,3.62897975512792,0.0011630515627332,0.019307098861488,-0.943105656337051,"ATP synthase F(0) complex subunit B1, mitochondrial OS=Rattus norvegicus OX=10116 GN=Atp5pb PE=1 SV=1",True,False
Q5HZV9,0.375607145399357,30.9035375858867,1.51725309749949,0.140756937186744,0.329243548538324,-5.16962564478672,Protein phosphatase 1 regulatory subunit 7 OS=Rattus norvegicus OX=10116 GN=Ppp1r7 PE=1 SV=1,False,False
P63025,-0.167325255069404,27.7430258781048,-1.17429256199728,0.250471410443284,0.458985681066119,-5.6012016188879,Vesicle-associated membrane protein 3 OS=Rattus norvegicus OX=10116 GN=Vamp3 PE=1 SV=1,False,False
Q63362,-0.113353180995283,25.7871792000168,-0.800999298474078,0.430083613775677,0.625858528077771,-5.9564695438746,NADH dehydrogenase [ubiquinone] 1 alpha subcomplex subunit 5 OS=Rattus norvegicus OX=10116 GN=Ndufa5 PE=1 SV=3,False,False
Q5GFD9,-0.0131621777030126,27.1827081650003,-0.0511157951907261,0.959607321060136,0.972174676059988,-6.27232248625448,Protein IMPACT OS=Rattus norvegicus OX=10116 GN=Impact PE=1 SV=1,False,False
P62804,0.376134104068832,29.1924720716499,1.81342947517202,0.0808305826436893,0.235321293019128,-4.72366133484227,Histone H4 OS=Rattus norvegicus OX=10116 GN=H4c2 PE=1 SV=2,False,False
Q9JK11,0.0441694229198184,26.8534775333854,0.38598691173956,0.702513298414723,0.822510164522319,-6.19929577318051,Reticulon-4 OS=Rattus norvegicus OX=10116 GN=Rtn4 PE=1 SV=1,False,False
P85515,-0.184118153035982,27.06562728036,-1.91155340349892,0.0665380031486453,0.203049242244884,-4.56222030913102,Alpha-centractin OS=Rattus norvegicus OX=10116 GN=Actr1a PE=1 SV=1,False,False
P20651,-0.076538334417112,27.3639138845145,-0.649436584276762,0.52151088333675,0.69814126904042,-6.06427729169997,Serine/threonine-protein phosphatase 2B catalytic subunit beta isoform OS=Rattus norvegicus OX=10116 GN=Ppp3cb PE=1 SV=1,False,False
B3GNI6,0.357591849538242,27.9591996610355,2.24189653165269,0.033332887896698,0.129854379827784,-3.97347464999971,Septin-11 OS=Rattus norvegicus OX=10116 GN=Septin11 PE=1 SV=1,False,False
P55068,0.330448235941454,27.8056151254678,3.75271361236808,0.0008421049466758,0.0161184144201206,-0.643993706147221,Brevican core protein OS=Rattus norvegicus OX=10116 GN=Bcan PE=1 SV=2,True,False
P13638,0.289830025363599,26.8906841669696,1.58424750240806,0.124713081176922,0.304835188481092,-5.07441498616972,Sodium/potassium-transporting ATPase subunit beta-2 OS=Rattus norvegicus OX=10116 GN=Atp1b2 PE=1 SV=1,False,False
P62986,0.633610156554585,24.5252291852036,2.98018226502912,0.0060093627027728,0.0520651184568237,-2.44952432824739,Ubiquitin-ribosomal protein eL40 fusion protein OS=Rattus norvegicus OX=10116 GN=Uba52 PE=1 SV=2,False,False
Q63429,-0.60713653844897,25.4452810571465,-4.13539187235907,0.0003061743020239,0.0118880775868416,0.297132313761026,Polyubiquitin-C OS=Rattus norvegicus OX=10116 GN=Ubc PE=1 SV=1,True,False
P62982,0.38920878205905,28.3267892377635,1.33372319131694,0.193371709729628,0.401190731105723,-5.41250528131684,Ubiquitin-ribosomal protein eS31 fusion protein OS=Rattus norvegicus OX=10116 GN=Rps27a PE=1 SV=2,False,False
P32736,0.325082206332201,26.48318050234,1.61899219723304,0.117004010620474,0.29495577154466,-5.02370119206759,Opioid-binding protein/cell adhesion molecule OS=Rattus norvegicus OX=10116 GN=Opcml PE=1 SV=2,False,False
P29101,-0.234644816753914,27.3835006888941,-0.755546139511104,0.456424028151328,0.651261162698139,-5.99106936884995,Synaptotagmin-2 OS=Rattus norvegicus OX=10116 GN=Syt2 PE=1 SV=1,False,False
Q63754,0.343443509882931,27.2015000463867,1.67593960554493,0.105225661764247,0.277548108898299,-4.93864452567324,Beta-synuclein OS=Rattus norvegicus OX=10116 GN=Sncb PE=1 SV=1,False,False
Q9QXU9,0.386876737666618,26.5095305234661,1.66891218250064,0.106623232980975,0.27959554798643,-4.94926937076488,ProSAAS OS=Rattus norvegicus OX=10116 GN=Pcsk1n PE=1 SV=1,False,False
Q63610,0.108614637038901,27.5799583551864,0.798246270128488,0.431652052180326,0.625858528077771,-5.95862002987187,Tropomyosin alpha-3 chain OS=Rattus norvegicus OX=10116 GN=Tpm3 PE=1 SV=2,False,False
Q5BK63,0.109018116959643,27.2332879130471,0.90635633471059,0.372718100075649,0.583314598817814,-5.86890837585891,"NADH dehydrogenase [ubiquinone] 1 alpha subcomplex subunit 9, mitochondrial OS=Rattus norvegicus OX=10116 GN=Ndufa9 PE=1 SV=2",False,False
B0BNA5,0.425776600249165,26.2763774342961,1.77103566836059,0.0877775870344189,0.246657765794067,-4.7913731389921,Coactosin-like protein OS=Rattus norvegicus OX=10116 GN=Cotl1 PE=1 SV=1,False,False
P62824,0.0782065103125689,27.6978939184342,0.497565062902835,0.622795039855589,0.771138411175069,-6.15033881084538,Ras-related protein Rab-3C OS=Rattus norvegicus OX=10116 GN=Rab3c PE=1 SV=1,False,False
Q62717,0.149047699199112,29.4597105143486,1.44777707603715,0.159124744550874,0.355409229965038,-5.26470882755962,Calcium-dependent secretion activator 1 OS=Rattus norvegicus OX=10116 GN=Cadps PE=1 SV=1,False,False
O35077,0.362021224576086,27.5652898762913,3.84592018410628,0.0006592780216022,0.0155216977694622,-0.416813257403065,"Glycerol-3-phosphate dehydrogenase [NAD(+)], cytoplasmic OS=Rattus norvegicus OX=10116 GN=Gpd1 PE=1 SV=4",True,False
P35332,0.0940782433391831,26.6097226938853,1.26025344299574,0.218298166486611,0.423686226353047,-5.50210237845983,Hippocalcin-like protein 4 OS=Rattus norvegicus OX=10116 GN=Hpcal4 PE=2 SV=2,False,False
O35796,0.0893829916244187,24.9764491452896,0.429291656593554,0.671097168329391,0.8061952131195,-6.18174224433104,"Complement component 1 Q subcomponent-binding protein, mitochondrial OS=Rattus norvegicus OX=10116 GN=C1qbp PE=1 SV=2",False,False
P61107,0.768683860684934,28.5767177625252,1.34484517286679,0.189798411367175,0.397476674988739,-5.39855491623222,Ras-related protein Rab-14 OS=Rattus norvegicus OX=10116 GN=Rab14 PE=1 SV=3,False,False
P26772,0.0969678668583214,28.8565412597488,0.982818722343807,0.334370861423297,0.545269713105365,-5.79901506514986,"10 kDa heat shock protein, mitochondrial OS=Rattus norvegicus OX=10116 GN=Hspe1 PE=1 SV=3",False,False
Q68FR6,-0.139841412913995,28.0714724734556,-1.07493649692358,0.291859853106795,0.503318823112515,-5.70785955786494,Elongation factor 1-gamma OS=Rattus norvegicus OX=10116 GN=Eef1g PE=2 SV=3,False,False
P12369,0.242615704946349,27.5670253895394,1.30655767854306,0.202318669076057,0.411090278816828,-5.4461532685779,cAMP-dependent protein kinase type II-beta regulatory subunit OS=Rattus norvegicus OX=10116 GN=Prkar2b PE=1 SV=3,False,False
P84245,0.597639914946157,21.9695369163401,0.629472736964183,0.534299064201004,0.706770304636695,-6.07685603526078,Histone H3.3 OS=Rattus norvegicus OX=10116 GN=H3-3b PE=1 SV=2,False,False
P09626,-0.226389416485361,27.9843376544422,-1.86639526227908,0.0728181113118691,0.216125383620506,-4.63732535564038,Potassium-transporting ATPase alpha chain 1 OS=Rattus norvegicus OX=10116 GN=Atp4a PE=1 SV=3,False,False
P0C1X8,-0.278737034724831,28.5035920880727,-1.777542171957,0.0866793995947599,0.244988433901555,-4.78106223504162,AP2-associated protein kinase 1 OS=Rattus norvegicus OX=10116 GN=Aak1 PE=1 SV=1,False,False
A7VJC2,-0.315046080239661,26.9598444656988,-2.54245345818469,0.0170157161217972,0.0921401027995317,-3.38385048872751,Heterogeneous nuclear ribonucleoproteins A2/B1 OS=Rattus norvegicus OX=10116 GN=Hnrnpa2b1 PE=1 SV=1,False,False
Q99PD4,-0.0717945360038925,27.899147173342,-0.623386732346247,0.538230567811355,0.707681182165812,-6.08061491418347,Actin-related protein 2/3 complex subunit 1A OS=Rattus norvegicus OX=10116 GN=Arpc1a PE=2 SV=1,False,False
Q63716,0.612880570702441,27.8289525501967,3.73037730955835,0.0008928084871138,0.0163883320600727,-0.698206783672697,Peroxiredoxin-1 OS=Rattus norvegicus OX=10116 GN=Prdx1 PE=1 SV=1,True,False
Q64578,-0.195584320571083,29.4547051777337,-1.68394653406239,0.103652032228727,0.275811181581601,-4.92649495483754,Sarcoplasmic/endoplasmic reticulum calcium ATPase 1 OS=Rattus norvegicus OX=10116 GN=Atp2a1 PE=1 SV=1,False,False
P04631,0.557559424038786,26.4455278779979,1.26040699282321,0.218243636339675,0.423686226353047,-5.50191979207712,Protein S100-B OS=Rattus norvegicus OX=10116 GN=S100b PE=1 SV=2,False,False
B5DFN2,0.140054460717348,27.9806224396558,0.721226466647095,0.476932959342613,0.669933067403437,-6.01591151661011,S-adenosylhomocysteine hydrolase-like protein 1 OS=Rattus norvegicus OX=10116 GN=Ahcyl1 PE=1 SV=2,False,False
P0C5X8,0.377177271608122,26.4810783020282,2.96526898558062,0.0062327275574605,0.0527347183182015,-2.48262229720706,Protein tweety homolog 1 OS=Rattus norvegicus OX=10116 GN=Ttyh1 PE=1 SV=1,False,False
Q641Y2,0.509654248273261,27.8193978423653,3.56635399846473,0.001368208845848,0.021790737941962,-1.09330755651311,"NADH dehydrogenase [ubiquinone] iron-sulfur protein 2, mitochondrial OS=Rattus norvegicus OX=10116 GN=Ndufs2 PE=1 SV=1",True,False
Q5PPN5,0.146342697206791,25.9733979080793,0.608753468602067,0.547745880498503,0.711281521078992,-6.08950763003062,Tubulin polymerization-promoting protein family member 3 OS=Rattus norvegicus OX=10116 GN=Tppp3 PE=2 SV=1,False,False
P69682,0.163397387858929,26.5121685091648,1.27144832305298,0.214349571281375,0.423675570440898,-5.48873895076725,Adaptin ear-binding coat-associated protein 1 OS=Rattus norvegicus OX=10116 GN=Necap1 PE=1 SV=1,False,False
Q62952,-0.0561613824978089,30.1436262655999,-0.461464016996556,0.648140215453944,0.790995571340219,-6.16751113805592,Dihydropyrimidinase-related protein 3 OS=Rattus norvegicus OX=10116 GN=Dpysl3 PE=1 SV=2,False,False
B2RYG6,-0.131082515200365,26.4089663466525,-1.12759820685706,0.269352549513782,0.476648384188605,-5.65239279460901,Ubiquitin thioesterase OTUB1 OS=Rattus norvegicus OX=10116 GN=Otub1 PE=1 SV=1,False,False
P85969,0.655737380460153,26.7779673748812,3.38192251523568,0.0021981700155238,0.030520745215542,-1.53040200658032,Beta-soluble NSF attachment protein OS=Rattus norvegicus OX=10116 GN=Napb PE=1 SV=1,True,False
Q5BK56,-0.162626130733972,25.8596102894406,-1.15563971111144,0.257893555211326,0.465811171331959,-5.62187580849751,Glutathione S-transferase Mu 4 OS=Rattus norvegicus OX=10116 GN=Gstm4 PE=2 SV=1,False,False
P35435,0.580128457009469,27.7357022395869,3.8725096700136,0.0006146806142862,0.0151295251198192,-0.351736564497622,"ATP synthase subunit gamma, mitochondrial OS=Rattus norvegicus OX=10116 GN=Atp5f1c PE=1 SV=2",True,False
Q9Z0V6,0.426477675208563,25.6126692727696,2.32284751546887,0.0279174979111315,0.117188566813005,-3.81937524564595,"Thioredoxin-dependent peroxide reductase, mitochondrial OS=Rattus norvegicus OX=10116 GN=Prdx3 PE=1 SV=2",False,False
O35264,0.408341449066146,25.9410963780959,2.40748099663248,0.0231228769498752,0.105218805616449,-3.65446410773902,Platelet-activating factor acetylhydrolase IB subunit alpha2 OS=Rattus norvegicus OX=10116 GN=Pafah1b2 PE=1 SV=1,False,False
P19234,-0.331093833686968,28.8745855875017,-1.76889859796619,0.0881408636771044,0.246657765794067,-4.7947532963026,"NADH dehydrogenase [ubiquinone] flavoprotein 2, mitochondrial OS=Rattus norvegicus OX=10116 GN=Ndufv2 PE=1 SV=2",False,False
Q62718,-0.0526202207737185,25.0811051057851,-0.190736191679842,0.850150813541412,0.909795781685128,-6.25543954498078,Neurotrimin OS=Rattus norvegicus OX=10116 GN=Ntm PE=1 SV=1,False,False
P19332,0.127386957300718,28.0597363451077,1.31688130023737,0.198881735075686,0.407933558876833,-5.43343752342244,Microtubule-associated protein tau OS=Rattus norvegicus OX=10116 GN=Mapt PE=1 SV=3,False,False
Q9Z1B2,0.365412223095479,27.2489321058423,2.53496067459018,0.0173112078449943,0.0924680556412458,-3.39910896617477,Glutathione S-transferase Mu 5 OS=Rattus norvegicus OX=10116 GN=Gstm5 PE=1 SV=3,False,False
P13086,0.003963588066874,29.5425928721739,0.0170377420313787,0.986531047094447,0.988993668063682,-6.27348449975716,"Succinate--CoA ligase [ADP/GDP-forming] subunit alpha, mitochondrial OS=Rattus norvegicus OX=10116 GN=Suclg1 PE=2 SV=2",False,False
Q6PST4,-0.236470916905841,27.7781701207259,-1.1552082338911,0.258067130931833,0.465811171331959,-5.6223505094851,Atlastin-1 OS=Rattus norvegicus OX=10116 GN=Atl1 PE=1 SV=1,False,False
Q1WIM1,0.546159643379006,26.1290940720781,2.29344247253479,0.0297846341786296,0.122184692482787,-3.87577056151548,Cell adhesion molecule 4 OS=Rattus norvegicus OX=10116 GN=Cadm4 PE=1 SV=1,False,False
P56574,0.228449051069205,26.6580039893666,1.2383041568486,0.226199771193994,0.432816876683913,-5.52799925025856,"Isocitrate dehydrogenase [NADP], mitochondrial OS=Rattus norvegicus OX=10116 GN=Idh2 PE=1 SV=2",False,False
P86252,-0.0814632322694671,25.955288382806,-0.71978022576861,0.47780877000034,0.670293909210322,-6.01693402601642,Transcriptional activator protein Pur-alpha (Fragment) OS=Rattus norvegicus OX=10116 GN=Pura PE=1 SV=1,False,False
Q62636,0.233439305370336,27.52350545504,2.12909111188611,0.0424608108914631,0.149788463177376,-4.1819908393929,Ras-related protein Rap-1b OS=Rattus norvegicus OX=10116 GN=Rap1b PE=1 SV=2,False,False
P20760,-0.056127770037719,27.2481134387087,-0.412390479527151,0.683290191992506,0.810445917522582,-6.18881216590863,Ig gamma-2A chain C region OS=Rattus norvegicus OX=10116 GN=Igg-2a PE=1 SV=1,False,False
P11348,-0.756944181748015,27.9364114495198,-4.09927299764435,0.0003370863794368,0.0118880775868416,0.207454648366649,Dihydropteridine reductase OS=Rattus norvegicus OX=10116 GN=Qdpr PE=1 SV=1,True,False
O08557,-0.364643755427451,27.4022930983261,-3.01416732301882,0.0055284447575694,0.0500464031590876,-2.37380028911759,"N(G),N(G)-dimethylarginine dimethylaminohydrolase 1 OS=Rattus norvegicus OX=10116 GN=Ddah1 PE=1 SV=3",False,False
P00762,0.519461795647768,28.7639767849647,1.21676621544412,0.234160913086592,0.438298158791575,-5.5530171451392,Serine protease 1 OS=Rattus norvegicus OX=10116 GN=Prss1 PE=1 SV=1,False,False
P62963,-0.0974191186497002,26.5607334427103,-0.432040540961943,0.669122546015075,0.8061952131195,-6.18056588424695,Profilin-1 OS=Rattus norvegicus OX=10116 GN=Pfn1 PE=1 SV=2,False,False
P14408,-0.255383096844479,27.3027694700983,-1.6184981968171,0.117110786485876,0.29495577154466,-5.02442855709592,"Fumarate hydratase, mitochondrial OS=Rattus norvegicus OX=10116 GN=Fh PE=1 SV=2",False,False
Q3T1J1,-0.353411827554972,26.0667644522121,-1.5973912519304,0.121748922949183,0.300939703045564,-5.05533645426394,Eukaryotic translation initiation factor 5A-1 OS=Rattus norvegicus OX=10116 GN=Eif5a PE=1 SV=3,False,False
Q9WVB1,-0.115979940125278,26.6903655695303,-0.459554298303253,0.649493386784731,0.791227601673637,-6.16838413724053,Ras-related protein Rab-6A OS=Rattus norvegicus OX=10116 GN=Rab6a PE=1 SV=2,False,False
P63331,0.0231571338108516,23.0191146032232,0.102743227687106,0.918921586288554,0.94933443887575,-6.26834904700412,Serine/threonine-protein phosphatase 2A catalytic subunit alpha isoform OS=Rattus norvegicus OX=10116 GN=Ppp2ca PE=1 SV=1,False,False
P12785,-0.0623171101884132,28.4379244022308,-0.655085551218546,0.517922743957611,0.69764966630111,-6.06064897229999,Fatty acid synthase OS=Rattus norvegicus OX=10116 GN=Fasn PE=1 SV=3,False,False
P85971,0.0106747881294318,24.9705163551284,0.0467392577598708,0.963063012244877,0.973329570611185,-6.27253674878509,6-phosphogluconolactonase OS=Rattus norvegicus OX=10116 GN=Pgls PE=1 SV=1,False,False
P60881,-0.261118419080184,27.2510705300932,-1.79948808450072,0.0830612963419304,0.239243042389124,-4.74606644379127,Synaptosomal-associated protein 25 OS=Rattus norvegicus OX=10116 GN=Snap25 PE=1 SV=1,False,False
P63086,-0.598876628064598,28.5891542421022,-1.47574189681541,0.151512948485834,0.346026466998138,-5.22688979373923,Mitogen-activated protein kinase 1 OS=Rattus norvegicus OX=10116 GN=Mapk1 PE=1 SV=3,False,False
Q812E9,0.267733017000566,29.1220972655744,2.20301604792776,0.0362572556452439,0.136010280980014,-4.0461783994702,Neuronal membrane glycoprotein M6-a OS=Rattus norvegicus OX=10116 GN=Gpm6a PE=1 SV=1,False,False
P62749,0.112288533849814,25.3303543954993,0.487377264553656,0.62990163607067,0.776974341531361,-6.15531351157802,Hippocalcin-like protein 1 OS=Rattus norvegicus OX=10116 GN=Hpcal1 PE=1 SV=2,False,False
Q5PQN0,-0.649847949766009,25.2626821933322,-3.75307678933657,0.0008413042575082,0.0161184144201206,-0.643111471464779,Neurocalcin-delta OS=Rattus norvegicus OX=10116 GN=Ncald PE=1 SV=3,True,False
P62828,0.311997676596498,25.2503565778463,1.5219893234633,0.139570100046779,0.327547136152704,-5.16300733043938,GTP-binding nuclear protein Ran OS=Rattus norvegicus OX=10116 GN=Ran PE=1 SV=3,False,False
P33124,0.195244708455721,27.7292219429726,2.13467333150325,0.0419612160366118,0.149536834459035,-4.17184814371647,Long-chain-fatty-acid--CoA ligase 6 OS=Rattus norvegicus OX=10116 GN=Acsl6 PE=1 SV=1,False,False
Q7M0E3,0.32441346949911,26.4223699549221,3.15472212961279,0.0039019528197601,0.0387689440715621,-2.05640841508936,Destrin OS=Rattus norvegicus OX=10116 GN=Dstn PE=1 SV=3,True,False
P63004,-0.104609797537087,28.1018564699316,-0.837293000519576,0.409735049784837,0.613029477842565,-5.92746157633605,Platelet-activating factor acetylhydrolase IB subunit alpha OS=Rattus norvegicus OX=10116 GN=Pafah1b1 PE=1 SV=2,False,False
P46101,0.0639873882540734,26.6982452956595,0.492473865544948,0.626341873201623,0.774347315841733,-6.15283747023168,A-type potassium channel modulatory protein DPP6 OS=Rattus norvegicus OX=10116 GN=Dpp6 PE=1 SV=1,False,False
P54921,0.095323258169401,27.70456541806,0.810793382742862,0.424532182087366,0.620470112281535,-5.94876191979951,Alpha-soluble NSF attachment protein OS=Rattus norvegicus OX=10116 GN=Napa PE=1 SV=2,False,False
Q00715,0.274982048684802,28.5659046890496,1.62066443640982,0.116643162842723,0.29495577154466,-5.02123764488824,Histone H2B type 1 OS=Rattus norvegicus OX=10116 PE=1 SV=2,False,False
Q6DGG0,0.187853785617538,26.2799644153288,1.62812983610473,0.115043465461827,0.293157819047432,-5.01021427683436,Peptidyl-prolyl cis-trans isomerase D OS=Rattus norvegicus OX=10116 GN=Ppid PE=1 SV=3,False,False
Q01062,0.259185901336121,27.4907231315644,2.43477318415653,0.0217455556699689,0.101237280439439,-3.6004839131289,"cGMP-dependent 3',5'-cyclic phosphodiesterase OS=Rattus norvegicus OX=10116 GN=Pde2a PE=1 SV=2",False,False
P10888,0.197205388210815,29.748887959761,2.33157088125038,0.0273844343623235,0.1166016686545,-3.80255426878,"Cytochrome c oxidase subunit 4 isoform 1, mitochondrial OS=Rattus norvegicus OX=10116 GN=Cox4i1 PE=1 SV=1",False,False
P14668,0.0878257684621389,27.4769085893184,0.731542200608984,0.470712973937147,0.664644264372791,-6.00856098677529,Annexin A5 OS=Rattus norvegicus OX=10116 GN=Anxa5 PE=1 SV=3,False,False
P54708,-0.165196571068513,28.7298434485466,-1.53531775933874,0.136273766183828,0.322941988571304,-5.1442898879549,Potassium-transporting ATPase alpha chain 2 OS=Rattus norvegicus OX=10116 GN=Atp12a PE=1 SV=1,False,False
A0A0G2K5L2,-0.464495791975217,25.0205915095154,-1.38245432934748,0.178095099568398,0.378933188276179,-5.35063685658998,Mitochondrial glutamate carrier 1 OS=Rattus norvegicus OX=10116 GN=Slc25a22 PE=2 SV=1,False,False
P14604,0.558928177414717,26.9999806724632,2.89144514282164,0.0074594371217448,0.0571374339031598,-2.64525101698719,"Enoyl-CoA hydratase, mitochondrial OS=Rattus norvegicus OX=10116 GN=Echs1 PE=1 SV=1",False,False
D3ZQD3,-0.0087781456074012,28.4918418636992,-0.0766681330234779,0.93944952592705,0.96164823873251,-6.27068902570861,"2-oxoglutarate dehydrogenase-like, mitochondrial OS=Rattus norvegicus OX=10116 GN=Ogdhl PE=1 SV=2",False,False
Q5RKI0,-0.159541636418574,27.4021107765507,-0.655552343416268,0.517626848766195,0.69764966630111,-6.06034779218698,WD repeat-containing protein 1 OS=Rattus norvegicus OX=10116 GN=Wdr1 PE=1 SV=3,False,False
P18596,-0.239733957224921,28.5831434587481,-2.34398836077448,0.0266416135447387,0.114951663222916,-3.77853917110066,Sarcoplasmic/endoplasmic reticulum calcium ATPase 3 OS=Rattus norvegicus OX=10116 GN=Atp2a3 PE=1 SV=3,False,False
Q63965,0.124745394979797,26.8121342866634,0.312751366806938,0.756858330015886,0.855658469202934,-6.22477998643672,Sideroflexin-1 OS=Rattus norvegicus OX=10116 GN=Sfxn1 PE=2 SV=4,False,False
P09605,-0.175713565967392,26.5208531400029,-0.709869186337688,0.483835599834516,0.67581665405327,-6.02388813499667,"Creatine kinase S-type, mitochondrial OS=Rattus norvegicus OX=10116 GN=Ckmt2 PE=1 SV=2",False,False
P11240,0.683702523485444,27.0953191348831,3.38499671027152,0.0021809904907794,0.030520745215542,-1.52318555007822,"Cytochrome c oxidase subunit 5A, mitochondrial OS=Rattus norvegicus OX=10116 GN=Cox5a PE=1 SV=1",True,False
Q63633,0.0316256584968926,27.7705887036815,0.417105709924239,0.679879517605497,0.80824315869018,-6.18686791798513,Solute carrier family 12 member 5 OS=Rattus norvegicus OX=10116 GN=Slc12a5 PE=1 SV=2,False,False
P13668,-0.100932823577786,28.1665055310217,-0.798497790564324,0.431508612350532,0.625858528077771,-5.95842385122591,Stathmin OS=Rattus norvegicus OX=10116 GN=Stmn1 PE=1 SV=2,False,False
Q63081,-0.319383972757194,27.5579891954795,-0.657020830198497,0.516696591535257,0.69764966630111,-6.05939895246551,Protein disulfide-isomerase A6 OS=Rattus norvegicus OX=10116 GN=Pdia6 PE=1 SV=2,False,False
Q68FS4,0.242519212838534,28.6029822384885,1.60830282051171,0.119332561446431,0.298469201031143,-5.03939964253268,Cytosol aminopeptidase OS=Rattus norvegicus OX=10116 GN=Lap3 PE=1 SV=1,False,False
Q6IMY8,-0.0859911113502356,27.8300581989767,-0.597829518485994,0.554906049906317,0.717435513177854,-6.09601229344941,Heterogeneous nuclear ribonucleoprotein U OS=Rattus norvegicus OX=10116 GN=Hnrnpu PE=1 SV=1,False,False
P21571,0.0896250285930797,26.4591503047092,0.971263938348836,0.339987459379107,0.548742799564193,-5.80991548348469,"ATP synthase-coupling factor 6, mitochondrial OS=Rattus norvegicus OX=10116 GN=Atp5pf PE=1 SV=1",False,False
Q2TA68,0.0517120176506118,27.9155135197679,0.445765363621831,0.65929986088655,0.798682046241761,-6.17458176957601,"Dynamin-like GTPase OPA1, mitochondrial OS=Rattus norvegicus OX=10116 GN=Opa1 PE=1 SV=1",False,False
Q91Y81,0.0483614611426368,27.7001062018193,0.266579877109571,0.791806111704697,0.873747049941899,-6.23812066151431,Septin-2 OS=Rattus norvegicus OX=10116 GN=Septin2 PE=1 SV=1,False,False
P08010,-0.345970473742568,26.3868944708047,-1.18534271804807,0.24614937477483,0.452597237489204,-5.58881351747961,Glutathione S-transferase Mu 2 OS=Rattus norvegicus OX=10116 GN=Gstm2 PE=1 SV=2,False,False
P50475,-0.157933072342971,27.398401898166,-1.36129826297176,0.184606798971098,0.390411769913973,-5.37773296702254,"Alanine--tRNA ligase, cytoplasmic OS=Rattus norvegicus OX=10116 GN=Aars1 PE=1 SV=3",False,False
P12368,0.106692953075399,26.289630062481,0.399602003116721,0.692574749819683,0.816168067524174,-6.19397541069404,cAMP-dependent protein kinase type II-alpha regulatory subunit OS=Rattus norvegicus OX=10116 GN=Prkar2a PE=1 SV=4,False,False
Q8VHV7,-0.42887672861514,24.3049063003595,-1.60984033749824,0.118995289220436,0.298314579226233,-5.03714688317283,Heterogeneous nuclear ribonucleoprotein H OS=Rattus norvegicus OX=10116 GN=Hnrnph1 PE=1 SV=2,False,False
Q8K586,-0.10432998348708,26.9189189045475,-1.22505792885162,0.231071532714068,0.435755905389769,-5.54343202668763,"GTP-binding nuclear protein Ran, testis-specific isoform OS=Rattus norvegicus OX=10116 GN=Rasl2-9 PE=2 SV=1",False,False
B2GV06,0.0907897848272441,27.5619764487824,0.421627738095202,0.676615076778093,0.80701996492365,-6.18498284482009,"Succinyl-CoA:3-ketoacid coenzyme A transferase 1, mitochondrial OS=Rattus norvegicus OX=10116 GN=Oxct1 PE=1 SV=1",False,False
Q66HD0,0.424634283663814,29.2146266371697,2.26694304192046,0.0315636013610332,0.126240425279821,-3.92618506113469,Endoplasmin OS=Rattus norvegicus OX=10116 GN=Hsp90b1 PE=1 SV=2,False,False
Q6AY84,0.245899257701481,25.8478168232034,1.23369641083862,0.227885580248289,0.433819840560395,-5.53338435235238,Secernin-1 OS=Rattus norvegicus OX=10116 GN=Scrn1 PE=1 SV=1,False,False
P35281,0.0665535778117885,25.6901173117754,0.427484140371699,0.672396881404183,0.8061952131195,-6.18251171967556,Ras-related protein Rab-10 OS=Rattus norvegicus OX=10116 GN=Rab10 PE=1 SV=1,False,False
P63142,-0.0456262633361035,24.8466970124472,-0.154662199228701,0.878231196768466,0.927926230341706,-6.26166667487978,Potassium voltage-gated channel subfamily A member 2 OS=Rattus norvegicus OX=10116 GN=Kcna2 PE=1 SV=1,False,False
Q4FZY0,0.27150242696284,27.870800557341,2.04047364766986,0.0511335238791772,0.170392634957381,-4.3404726362688,EF-hand domain-containing protein D2 OS=Rattus norvegicus OX=10116 GN=Efhd2 PE=1 SV=1,False,False
P27605,0.11341551414775,26.7345109830128,0.81879361564543,0.420030506662154,0.617850322551824,-5.94239990506113,Hypoxanthine-guanine phosphoribosyltransferase OS=Rattus norvegicus OX=10116 GN=Hprt1 PE=1 SV=1,False,False
Q01066,-0.210241363303467,27.7183180441289,-0.42524042196792,0.674011689114025,0.8061952131195,-6.1834624358769,"Dual specificity calcium/calmodulin-dependent 3',5'-cyclic nucleotide phosphodiesterase 1B OS=Rattus norvegicus OX=10116 GN=Pde1b PE=1 SV=1",False,False
Q9Z214,-0.302771969362166,27.0559782152727,-1.12044481028316,0.272333973602252,0.480354549529705,-5.66006887859389,Homer protein homolog 1 OS=Rattus norvegicus OX=10116 GN=Homer1 PE=1 SV=2,False,False
P02650,0.70050944223863,28.4278877373061,3.69283745298128,0.0009848245403066,0.0171673963077892,-0.789109706188917,Apolipoprotein E OS=Rattus norvegicus OX=10116 GN=Apoe PE=1 SV=2,True,False
P26284,-0.105022277931674,28.6123990839369,-1.03635138440852,0.309177308315566,0.519936374077264,-5.74695720746435,"Pyruvate dehydrogenase E1 component subunit alpha, somatic form, mitochondrial OS=Rattus norvegicus OX=10116 GN=Pdha1 PE=1 SV=2",False,False
P02401,-0.480707053813664,26.2216293188229,-0.965269168164836,0.342926446806697,0.549609002577366,-5.81552350261331,Large ribosomal subunit protein P2 OS=Rattus norvegicus OX=10116 GN=Rplp2 PE=1 SV=2,False,False
P63322,-0.031079887309172,24.7748679931123,-0.163389321532357,0.871421586687446,0.923768002727571,-6.26027921006696,Ras-related protein Ral-A OS=Rattus norvegicus OX=10116 GN=Rala PE=1 SV=1,False,False
P97697,-0.0459265580346973,28.6968612954293,-0.424432305179546,0.674593681293682,0.8061952131195,-6.18380364524879,Inositol monophosphatase 1 OS=Rattus norvegicus OX=10116 GN=Impa1 PE=1 SV=2,False,False
Q920Q0,-0.0592310219207057,28.8283647179305,-0.288804032719943,0.77492412080701,0.866091664431364,-6.23196302083049,Paralemmin-1 OS=Rattus norvegicus OX=10116 GN=Palm PE=1 SV=1,False,False
P50408,0.163229784308683,27.9511209412633,0.981946059323637,0.334792832071786,0.545269713105365,-5.7998424900763,V-type proton ATPase subunit F OS=Rattus norvegicus OX=10116 GN=Atp6v1f PE=1 SV=1,False,False
P52481,-0.535285680092056,26.9369485663317,-1.91924399989996,0.0655167423710447,0.201575659056368,-4.54929448669172,Adenylyl cyclase-associated protein 2 OS=Rattus norvegicus OX=10116 GN=Cap2 PE=1 SV=1,False,False
P05696,-0.54131807526575,27.9111926797807,-4.15099306180341,0.0002937038743903,0.0118880775868416,0.335912857438882,Protein kinase C alpha type OS=Rattus norvegicus OX=10116 GN=Prkca PE=1 SV=3,True,False
O35509,0.133749929861946,27.3836158722065,1.27528465278335,0.21300902468606,0.42250691160257,-5.48413546331198,Ras-related protein Rab-11B OS=Rattus norvegicus OX=10116 GN=Rab11b PE=1 SV=4,False,False
Q63357,-0.182057761975262,28.7582940150805,-2.53394048930555,0.0173518061357415,0.0924680556412458,-3.40118440299486,Unconventional myosin-Id OS=Rattus norvegicus OX=10116 GN=Myo1d PE=1 SV=3,False,False
P08932,1.0181285382224,23.1975959415095,4.10633600704954,0.0003308085835395,0.0118880775868416,0.224979273774404,T-kininogen 2 OS=Rattus norvegicus OX=10116 PE=1 SV=2,True,True
Q1WIM2,-0.473560416984931,27.1833220026275,-4.14113327438772,0.0003015253982155,0.0118880775868416,0.311400861552936,Cell adhesion molecule 2 OS=Rattus norvegicus OX=10116 GN=Cadm2 PE=1 SV=2,True,False
P39052,-0.680389726436538,28.1048517749114,-2.96665532054936,0.0062116356035883,0.0527347183182015,-2.47954892907259,Dynamin-2 OS=Rattus norvegicus OX=10116 GN=Dnm2 PE=1 SV=1,False,False
Q64119,-0.155790513545909,25.4694749060399,-0.639012013150534,0.528167718819487,0.704667651616174,-6.07089305378324,Myosin light polypeptide 6 OS=Rattus norvegicus OX=10116 GN=Myl6 PE=1 SV=3,False,False
P51650,-0.0128779736578402,28.0195315033948,-0.119309487217658,0.905908260494748,0.944272036685093,-6.26650934489377,"Succinate-semialdehyde dehydrogenase, mitochondrial OS=Rattus norvegicus OX=10116 GN=Aldh5a1 PE=1 SV=2",False,False
P55161,-0.0252381885496753,29.0013082090076,-0.337728653228844,0.738164037467878,0.843317154472806,-6.21668340578802,Nck-associated protein 1 OS=Rattus norvegicus OX=10116 GN=Nckap1 PE=2 SV=1,False,False
Q5PPJ9,0.763174152505918,27.5381203717292,3.80149786719793,0.0007409631475922,0.0161184144201206,-0.525274887174018,Endophilin-B2 OS=Rattus norvegicus OX=10116 GN=Sh3glb2 PE=1 SV=2,True,False
Q9ERB4,-0.0083073092879146,30.3207155956029,-0.0350444949350201,0.972300544748405,0.981362059610925,-6.27301527114392,Versican core protein (Fragment) OS=Rattus norvegicus OX=10116 GN=Vcan PE=2 SV=2,False,False
Q75Q39,-0.179086302527445,27.7390547396615,-1.15984903473592,0.256204702286873,0.464308484758614,-5.61723641681135,Mitochondrial import receptor subunit TOM70 OS=Rattus norvegicus OX=10116 GN=Tomm70 PE=1 SV=1,False,False
P35280,-0.245542761733983,25.6485123439446,-1.422666972511,0.166217043092124,0.363662742765192,-5.29814175326255,Ras-related protein Rab-8A OS=Rattus norvegicus OX=10116 GN=Rab8a PE=1 SV=2,False,False
A0A096MJN4,0.0805714196652758,27.2940257601223,0.17841165959685,0.859723769367476,0.915915669531381,-6.25771296046313,Septin-4 OS=Rattus norvegicus OX=10116 GN=Septin4 PE=1 SV=1,False,False
Q5M7A7,-0.471199455070774,26.1562644545422,-2.4417060738026,0.0214078913736113,0.100366867349009,-3.58671077827216,CB1 cannabinoid receptor-interacting protein 1 OS=Rattus norvegicus OX=10116 GN=Cnrip1 PE=1 SV=1,False,False
P35565,0.259196415604425,27.9687908009524,1.88322129112476,0.0704206087677255,0.211659328091199,-4.60950038607054,Calnexin OS=Rattus norvegicus OX=10116 GN=Canx PE=1 SV=1,False,False
Q08877,-0.434698317337418,27.5071961266603,-2.60585065858223,0.0146963029405534,0.0842121485958696,-3.2536795334141,Dynamin-3 OS=Rattus norvegicus OX=10116 GN=Dnm3 PE=1 SV=2,False,False
Q01205,-0.19807599242133,28.5245934613379,-0.948311180938209,0.351332832699558,0.558727544513394,-5.83121216636839,"Dihydrolipoyllysine-residue succinyltransferase component of 2-oxoglutarate dehydrogenase complex, mitochondrial OS=Rattus norvegicus OX=10116 GN=Dlst PE=1 SV=2",False,False
F1LU71,0.405916968079922,28.7145563343719,3.20671182431055,0.0034255588821622,0.0367314878156608,-1.93738457491684,"Methylglutaconyl-CoA hydratase, mitochondrial OS=Rattus norvegicus OX=10116 GN=Auh PE=1 SV=2",True,False
Q8VII6,0.584845664371702,29.7575474496887,3.29950445356037,0.0027106766414695,0.0319093782903423,-1.72292562660564,Choline transporter-like protein 1 OS=Rattus norvegicus OX=10116 GN=Slc44a1 PE=1 SV=1,True,False
P30427,-0.175741528207258,31.8534945471906,-1.8377131769282,0.0770676067557568,0.226190292998603,-4.68431565258321,Plectin OS=Rattus norvegicus OX=10116 GN=Plec PE=1 SV=2,False,False
Q9QYU4,0.324472389603454,25.2057974886962,0.837142047514803,0.409818413626978,0.613029477842565,-5.9275847524161,Ketimine reductase mu-crystallin OS=Rattus norvegicus OX=10116 GN=Crym PE=1 SV=1,False,False
P27791,-0.0405834875952671,27.6010087574042,-0.26598183453145,0.792261867999025,0.873747049941899,-6.23827959020055,cAMP-dependent protein kinase catalytic subunit alpha OS=Rattus norvegicus OX=10116 GN=Prkaca PE=1 SV=2,False,False
Q6RUV5,0.822314409399741,28.2982068765253,5.99326735314964,2.1029890874188e-06,0.0011387685908372,4.95675358542168,Ras-related C3 botulinum toxin substrate 1 OS=Rattus norvegicus OX=10116 GN=Rac1 PE=1 SV=1,True,False
Q63564,0.449545562281997,27.7521851154076,2.28055335171801,0.0306382291676658,0.124274165500307,-3.90034048347603,Synaptic vesicle glycoprotein 2B OS=Rattus norvegicus OX=10116 GN=Sv2b PE=1 SV=1,False,False
Q63862,0.467256546037017,30.80906919851,1.97403792443015,0.0586277833844524,0.185898436910549,-4.45607966051554,Myosin-11 (Fragment) OS=Rattus norvegicus OX=10116 GN=Myh11 PE=1 SV=3,False,False
P21913,-0.131357195988056,29.1403289004864,-1.03860285356627,0.308147504517024,0.519872762724683,-5.74471193457262,"Succinate dehydrogenase [ubiquinone] iron-sulfur subunit, mitochondrial OS=Rattus norvegicus OX=10116 GN=Sdhb PE=2 SV=2",False,False
Q5XIT1,-0.226186774166266,27.3014375793643,-1.15942038376687,0.256376312599891,0.464308484758614,-5.6177095592934,Microtubule-associated protein RP/EB family member 3 OS=Rattus norvegicus OX=10116 GN=Mapre3 PE=1 SV=1,False,False
P35467,0.177712237770557,23.5533217962466,1.06248424990011,0.297371829982588,0.508848246670129,-5.72062055552471,Protein S100-A1 OS=Rattus norvegicus OX=10116 GN=S100a1 PE=1 SV=3,False,False
P41565,-0.382327356593954,27.7063856054113,-2.88538735722713,0.0075696576593321,0.0573282464689279,-2.65850427237062,"Isocitrate dehydrogenase [NAD] subunit gamma 1, mitochondrial OS=Rattus norvegicus OX=10116 GN=Idh3g PE=1 SV=2",False,False
P15384,-0.811921472542242,23.7033971697821,-2.95065561233992,0.0064592351892649,0.0529950887119238,-2.51497587523487,Potassium voltage-gated channel subfamily A member 3 OS=Rattus norvegicus OX=10116 GN=Kcna3 PE=1 SV=2,False,False
Q05764,-0.202404397455087,27.744871121512,-1.57807815871164,0.126124737872236,0.306262536133702,-5.0833251580554,Beta-adducin OS=Rattus norvegicus OX=10116 GN=Add2 PE=1 SV=4,False,False
Q9ESV6,-0.0316520420312933,25.7515770130505,-0.216209420914525,0.830440118515719,0.900959413932096,-6.25026103078737,"Glyceraldehyde-3-phosphate dehydrogenase, testis-specific OS=Rattus norvegicus OX=10116 GN=Gapdhs PE=1 SV=1",False,False
B2RYW9,-0.235315588797068,26.6936969057044,-1.14960205771281,0.260330176617487,0.468334852619166,-5.62850373412396,"Oxaloacetate tautomerase Fahd2a, mitochondrial OS=Rattus norvegicus OX=10116 GN=Fahd2a PE=1 SV=1",False,False
P15865,0.0216479219210655,27.8436621590745,0.229433054241724,0.82025131130547,0.892065124455509,-6.24731804699942,Histone H1.4 OS=Rattus norvegicus OX=10116 GN=H1-4 PE=1 SV=3,False,False
Q8K4Y5,0.345717462800241,26.9209413479203,3.92850243411784,0.0005302294454352,0.014792281668059,-0.214334054717745,Leucine-rich glioma-inactivated protein 1 OS=Rattus norvegicus OX=10116 GN=Lgi1 PE=1 SV=1,True,False
P20059,-0.0804301470626676,24.9642527604687,-0.723342423824462,0.475653257583495,0.669873183306795,-6.01441195588701,Hemopexin OS=Rattus norvegicus OX=10116 GN=Hpx PE=1 SV=3,False,False
Q62634,-0.114071062908149,27.2372885185945,-0.670125443083194,0.508435745746151,0.690885712224695,-6.05084070379268,Vesicular glutamate transporter 1 OS=Rattus norvegicus OX=10116 GN=Slc17a7 PE=1 SV=1,False,False
P60892,-0.291431404666717,26.6762121483247,-1.90863134017444,0.0669296474278037,0.203250686286083,-4.56712126088545,Ribose-phosphate pyrophosphokinase 1 OS=Rattus norvegicus OX=10116 GN=Prps1 PE=1 SV=2,False,False
Q9QUH6,-0.0622175103547349,29.6844367581197,-0.279105569597357,0.782278034262603,0.868462835182178,-6.23471041843031,Ras/Rap GTPase-activating protein SynGAP OS=Rattus norvegicus OX=10116 GN=Syngap1 PE=1 SV=2,False,False
Q75Q41,-0.509836907841326,26.4409840620787,-2.74159159816681,0.0106846971242434,0.0749680730267957,-2.96880785529753,Mitochondrial import receptor subunit TOM22 homolog OS=Rattus norvegicus OX=10116 GN=Tomm22 PE=1 SV=1,False,False
P16446,0.0975006862920118,29.3087760515118,0.397087003145597,0.694406474755528,0.816549633181582,-6.19497191826864,Phosphatidylinositol transfer protein alpha isoform OS=Rattus norvegicus OX=10116 GN=Pitpna PE=1 SV=2,False,False
Q5XHZ0,0.118099855402381,27.5559921430583,0.536398294249838,0.596049723300866,0.751480617386308,-6.13045163557539,"Heat shock protein 75 kDa, mitochondrial OS=Rattus norvegicus OX=10116 GN=Trap1 PE=1 SV=1",False,False
Q62951,0.336691892053249,29.7044081673778,1.35557408776907,0.186400279375997,0.391223842178692,-5.38500205911288,Dihydropyrimidinase-related protein 4 (Fragment) OS=Rattus norvegicus OX=10116 GN=Dpysl4 PE=1 SV=1,False,False
P85970,-0.520753260711587,26.7768180085903,-3.16098876599891,0.0038413295765536,0.0385199993648851,-2.04210648071105,Actin-related protein 2/3 complex subunit 2 OS=Rattus norvegicus OX=10116 GN=Arpc2 PE=1 SV=1,True,False
P38983,-0.012241326324343,25.7125127277728,-0.0535805768749082,0.957661490623739,0.972021925347244,-6.27219338313392,Small ribosomal subunit protein uS2 OS=Rattus norvegicus OX=10116 GN=Rpsa PE=1 SV=3,False,False
Q63666,0.506584059670669,23.5091266549897,1.07311727341972,0.292660579837282,0.503897309958309,-5.70973238441128,Vesicle-associated membrane protein 1 OS=Rattus norvegicus OX=10116 GN=Vamp1 PE=1 SV=2,False,False
P70550,0.217196417344727,28.1103084888435,1.01488954761133,0.319114325987517,0.531693561606894,-5.76813430479903,Ras-related protein Rab-8B OS=Rattus norvegicus OX=10116 GN=Rab8b PE=1 SV=1,False,False
P14480,-0.586372694394981,27.73873263249,-3.68749249640392,0.0009986574029461,0.0171673963077892,-0.802030499756166,Fibrinogen beta chain OS=Rattus norvegicus OX=10116 GN=Fgb PE=1 SV=4,True,False
Q6P7Q4,-0.368914787513251,26.4278509981219,-1.64675013146442,0.111132753241278,0.288625351943175,-4.98253996547974,Lactoylglutathione lyase OS=Rattus norvegicus OX=10116 GN=Glo1 PE=1 SV=3,False,False
P49803,0.106004712893931,28.6716997345282,0.728100674879404,0.472782808823302,0.666697632754735,-6.01102440851507,Regulator of G-protein signaling 7 OS=Rattus norvegicus OX=10116 GN=Rgs7 PE=1 SV=2,False,False
Q9EQX9,0.244753785556568,26.7408509306512,1.18775452414413,0.245213428183746,0.451643099869042,-5.58609583473374,Ubiquitin-conjugating enzyme E2 N OS=Rattus norvegicus OX=10116 GN=Ube2n PE=1 SV=1,False,False
P62959,1.04340471563802,24.9525948513074,4.40823783521642,0.0001475630438331,0.0099881735294582,0.978682403953674,Adenosine 5'-monophosphoramidase HINT1 OS=Rattus norvegicus OX=10116 GN=Hint1 PE=1 SV=5,True,True
P36876,-0.31469893519288,26.4348426587426,-3.01817871562962,0.0054741602439346,0.0500464031590876,-2.36483521152022,Serine/threonine-protein phosphatase 2A 55 kDa regulatory subunit B alpha isoform OS=Rattus norvegicus OX=10116 GN=Ppp2r2a PE=2 SV=1,False,False
P11232,-0.175603780013816,26.3811712506663,-1.50012242485421,0.145118212838899,0.335102397664239,-5.1934191855267,Thioredoxin OS=Rattus norvegicus OX=10116 GN=Txn PE=1 SV=2,False,False
Q9WTP0,-0.356970477690144,28.4167507178417,-2.11636920674386,0.0436192807500013,0.152879226706315,-4.20503628380773,Band 4.1-like protein 1 OS=Rattus norvegicus OX=10116 GN=Epb41l1 PE=1 SV=1,False,False
P07483,-0.32901757579403,26.9503919036549,-1.63570742921715,0.113438402065543,0.290434490394758,-4.99898301867247,"Fatty acid-binding protein, heart OS=Rattus norvegicus OX=10116 GN=Fabp3 PE=1 SV=2",False,False
P62898,0.418401309484622,26.8887161246678,1.77643342667537,0.0868657050952883,0.244988433901555,-4.78282136716587,"Cytochrome c, somatic OS=Rattus norvegicus OX=10116 GN=Cycs PE=1 SV=2",False,False
P12711,-0.149077665712152,27.7244455822973,-1.03196583844177,0.31119011082663,0.522509907015876,-5.75131779431651,Alcohol dehydrogenase class-3 OS=Rattus norvegicus OX=10116 GN=Adh5 PE=1 SV=2,False,False
P02625,0.171493306671401,27.0452321021399,0.954136683634876,0.34842959841445,0.555742643715536,-5.82585195010529,Parvalbumin alpha OS=Rattus norvegicus OX=10116 GN=Pvalb PE=1 SV=2,False,False
Q5U206,-0.325820198400447,27.0824041866913,-0.675668836499772,0.504963446008259,0.687893600033893,-6.04717131364293,Calmodulin-like protein 3 OS=Rattus norvegicus OX=10116 GN=Calml3 PE=2 SV=1,False,False
P62168,-0.576166026656118,25.6731128314301,-2.45949492850311,0.020563419454222,0.097995923095619,-3.55125912315369,Neuronal calcium sensor 1 OS=Rattus norvegicus OX=10116 GN=Ncs1 PE=1 SV=2,False,False
P29994,0.167604333382798,29.9970710652986,1.92273023697186,0.0650583044589798,0.201308982083072,-4.54342220746777,"Inositol 1,4,5-trisphosphate-gated calcium channel ITPR1 OS=Rattus norvegicus OX=10116 GN=Itpr1 PE=1 SV=2",False,False
P97546,0.639583070790785,27.1897957744435,2.89963531054313,0.0073128312964355,0.0571374339031598,-2.62731009418738,Neuroplastin OS=Rattus norvegicus OX=10116 GN=Nptn PE=1 SV=2,False,False
Q64428,0.266438393257719,28.4948492506838,1.09902678967479,0.281403027714416,0.490756004854609,-5.68278612985028,"Trifunctional enzyme subunit alpha, mitochondrial OS=Rattus norvegicus OX=10116 GN=Hadha PE=1 SV=2",False,False
P14046,-0.257609885665072,24.9685137133777,-0.952004134707193,0.349490515914857,0.556615042258516,-5.8278177254118,Alpha-1-inhibitor 3 OS=Rattus norvegicus OX=10116 GN=A1i3 PE=1 SV=1,False,False
Q03626,-0.213009879284972,27.4490863086803,-1.04821964136472,0.30377585614511,0.516466643964135,-5.73507113451612,Murinoglobulin-1 OS=Rattus norvegicus OX=10116 GN=Mug1 PE=2 SV=1,False,False
Q5XIN6,-0.126384171549162,29.4215710801018,-0.902091905691949,0.374938544042313,0.585098621322515,-5.87265037104143,Mitochondrial proton/calcium exchanger protein OS=Rattus norvegicus OX=10116 GN=Letm1 PE=1 SV=1,False,False
Q5RKI1,-0.151264368178147,28.9039845723126,-1.38121363120045,0.178471931191909,0.378990395060465,-5.35223588281757,Eukaryotic initiation factor 4A-II OS=Rattus norvegicus OX=10116 GN=Eif4a2 PE=1 SV=1,False,False
P55053,-0.0561353539274876,25.9917891128875,-0.503358181782376,0.61877042343624,0.770323812609441,-6.14746499337671,Fatty acid-binding protein 5 OS=Rattus norvegicus OX=10116 GN=Fabp5 PE=1 SV=3,False,False
P21396,0.206109134010848,28.175013827868,1.83818791196382,0.0769955694685091,0.226190292998603,-4.68354243845804,Amine oxidase [flavin-containing] A OS=Rattus norvegicus OX=10116 GN=Maoa PE=1 SV=1,False,False
P62716,-0.315580635194493,27.8258121926997,-2.85597075029305,0.0081271416335034,0.0602855780074263,-2.72265947877317,Serine/threonine-protein phosphatase 2A catalytic subunit beta isoform OS=Rattus norvegicus OX=10116 GN=Ppp2cb PE=2 SV=1,False,False
Q63560,-0.302587601613421,29.9016505631311,-1.01687457003638,0.318186077518961,0.530963824272781,-5.76619279088309,Microtubule-associated protein 6 OS=Rattus norvegicus OX=10116 GN=Map6 PE=1 SV=1,False,False
P55067,-0.165944303781462,27.4017505230503,-1.31068657376554,0.200938633187526,0.409053646131749,-5.44107817826017,Neurocan core protein OS=Rattus norvegicus OX=10116 GN=Ncan PE=1 SV=1,False,False
P28480,0.057858337482962,26.6856157881777,0.450962399438735,0.655596421544525,0.795085021873147,-6.17226771435184,T-complex protein 1 subunit alpha OS=Rattus norvegicus OX=10116 GN=Tcp1 PE=1 SV=1,False,False
Q568Z9,0.163207810522227,25.1605138579948,1.31786258582046,0.198557404881293,0.407933558876833,-5.43222429854987,Phytanoyl-CoA hydroxylase-interacting protein OS=Rattus norvegicus OX=10116 GN=Phyhip PE=2 SV=1,False,False
Q91ZN1,-0.160364829823521,28.3337523549518,-1.2931516721516,0.206849768602042,0.417160407231124,-5.46253448422586,Coronin-1A OS=Rattus norvegicus OX=10116 GN=Coro1a PE=1 SV=3,False,False
P19627,0.280640529658605,24.9418400097607,2.23792281170509,0.0336216846993051,0.130509980391926,-3.98094478296334,Guanine nucleotide-binding protein G(z) subunit alpha OS=Rattus norvegicus OX=10116 GN=Gnaz PE=2 SV=3,False,False
P52296,0.100210497965847,25.9613816995591,0.846221798674955,0.404823077373353,0.610012200145165,-5.92013834241474,Importin subunit beta-1 OS=Rattus norvegicus OX=10116 GN=Kpnb1 PE=1 SV=1,False,False
Q07266,0.0341624810463195,27.7475815982001,0.20594997799679,0.838365908922896,0.904332947573204,-6.25242442259401,Drebrin OS=Rattus norvegicus OX=10116 GN=Dbn1 PE=1 SV=3,False,False
P11030,0.286074700060933,26.1718347612387,1.91392307962386,0.0662218599916667,0.203049242244884,-4.55824168589981,Acyl-CoA-binding protein OS=Rattus norvegicus OX=10116 GN=Dbi PE=1 SV=3,False,False
Q8R491,0.206055051105913,27.842838704551,1.25107318234781,0.221577166142104,0.426989450056758,-5.51298282082093,EH domain-containing protein 3 OS=Rattus norvegicus OX=10116 GN=Ehd3 PE=1 SV=2,False,False
Q63598,0.184890079136331,28.1419621490759,0.627165035479281,0.535788014872324,0.706770304636695,-6.07828550473487,Plastin-3 OS=Rattus norvegicus OX=10116 GN=Pls3 PE=1 SV=2,False,False
Q794E4,-0.285015426772294,28.0861166074063,-1.28369471795542,0.210092632787418,0.419797640791095,-5.47400080570364,Heterogeneous nuclear ribonucleoprotein F OS=Rattus norvegicus OX=10116 GN=Hnrnpf PE=1 SV=3,False,False
Q3B8Q0,0.27838341084977,26.3417463783972,2.45118819308641,0.0209538678982484,0.0990962398856026,-3.56783366859072,Microtubule-associated protein RP/EB family member 2 OS=Rattus norvegicus OX=10116 GN=Mapre2 PE=1 SV=1,False,False
P83868,0.936377437446428,25.9782119787377,3.7343928748638,0.0008834781272631,0.0163883320600727,-0.688467296994785,Prostaglandin E synthase 3 OS=Rattus norvegicus OX=10116 GN=Ptges3 PE=1 SV=2,True,False
P04785,0.225201456067122,27.6902108219379,2.46014580104878,0.0205331105742524,0.097995923095619,-3.54995895738893,Protein disulfide-isomerase OS=Rattus norvegicus OX=10116 GN=P4hb PE=1 SV=2,False,False
P36877,0.209763051966881,25.5467418156064,0.863691263352365,0.395320755106779,0.601309519354833,-5.90559767284497,Serine/threonine-protein phosphatase 2A 55 kDa regulatory subunit B beta isoform OS=Rattus norvegicus OX=10116 GN=Ppp2r2b PE=1 SV=2,False,False
P56932,0.355165239776433,26.0452817795019,1.93303004127041,0.063720168360854,0.197733359125515,-4.52602634253434,Serine/threonine-protein phosphatase 2A 55 kDa regulatory subunit B delta isoform OS=Rattus norvegicus OX=10116 GN=Ppp2r2d PE=2 SV=1,False,False
P70566,-1.05387902979444,27.6457820975436,-2.22791829419201,0.0343588075647025,0.131952441817634,-3.99971240199087,Tropomodulin-2 OS=Rattus norvegicus OX=10116 GN=Tmod2 PE=1 SV=1,False,False
Q9ERH3,-0.322239087392344,29.5413641542706,-1.72567373682274,0.095767642036969,0.263909303628594,-4.86242917968024,WD repeat-containing protein 7 OS=Rattus norvegicus OX=10116 GN=Wdr7 PE=1 SV=1,False,False
Q6URK4,-0.265068259002383,28.6068206501634,-2.17761312430164,0.0382906054865992,0.141050087557779,-4.09320961431226,Heterogeneous nuclear ribonucleoprotein A3 OS=Rattus norvegicus OX=10116 GN=Hnrnpa3 PE=1 SV=1,False,False
Q4V8B0,-0.623590444855552,28.8213625024017,-2.14244235338034,0.041274648672319,0.148506460173161,-4.15770114117909,Oxidation resistance protein 1 OS=Rattus norvegicus OX=10116 GN=Oxr1 PE=1 SV=3,False,False
Q04970,0.170336769085605,27.3686763388282,0.36183132960947,0.720277919685485,0.834168736397744,-6.20828610222544,GTPase NRas OS=Rattus norvegicus OX=10116 GN=Nras PE=1 SV=1,False,False
Q9EQS0,-0.112040496833671,29.1318720774221,-0.703639642310666,0.487645926818906,0.676839479507907,-6.02821162278089,Transaldolase OS=Rattus norvegicus OX=10116 GN=Taldo1 PE=1 SV=2,False,False
P49911,-0.160894847667109,28.1723396026185,-0.900294274217408,0.375877133724294,0.585719332120014,-5.87422280645534,Acidic leucine-rich nuclear phosphoprotein 32 family member A OS=Rattus norvegicus OX=10116 GN=Anp32a PE=2 SV=1,False,False
Q5XIF3,-0.231046511855546,25.9113447623302,-1.36272003671397,0.184163430426334,0.390311145110997,-5.37592334560063,"NADH dehydrogenase [ubiquinone] iron-sulfur protein 4, mitochondrial OS=Rattus norvegicus OX=10116 GN=Ndufs4 PE=1 SV=1",False,False
P07943,-0.12025575798739,27.4914801862236,-0.796134990631444,0.432857245913626,0.625880370259622,-5.96026444528963,Aldo-keto reductase family 1 member B1 OS=Rattus norvegicus OX=10116 GN=Akr1b1 PE=1 SV=3,False,False
Q02253,-0.0952984532241992,27.6655376862092,-0.420441409930621,0.677470866624426,0.807151758585537,-6.18547932350923,"Methylmalonate-semialdehyde/malonate-semialdehyde dehydrogenase [acylating], mitochondrial OS=Rattus norvegicus OX=10116 GN=Aldh6a1 PE=1 SV=1",False,False
Q5U316,-0.792009235419901,27.7590291333765,-3.7582110670753,0.000830064192431,0.0161184144201206,-0.630636643565933,Ras-related protein Rab-35 OS=Rattus norvegicus OX=10116 GN=Rab35 PE=1 SV=1,True,False
P63029,-0.135907796736692,26.6968449222679,-1.06557840968876,0.295995386834498,0.508023778037656,-5.71746240170447,Translationally-controlled tumor protein OS=Rattus norvegicus OX=10116 GN=Tpt1 PE=1 SV=1,False,False
Q6PEC4,0.343138166683165,27.600071031642,2.3165432397931,0.0283085958116499,0.118371464339833,-3.83150586562823,S-phase kinase-associated protein 1 OS=Rattus norvegicus OX=10116 GN=Skp1 PE=1 SV=3,False,False
P27952,-0.419338969823201,28.2625874577893,-4.95806800453068,3.35782892331031e-05,0.0050184430759664,2.3643617669958,Small ribosomal subunit protein uS5 OS=Rattus norvegicus OX=10116 GN=Rps2 PE=1 SV=1,True,False
F1LZW6,0.114845409791055,28.4805079812084,1.5042482518372,0.144057953492364,0.334078722981221,-5.18770938970107,"Electrogenic aspartate/glutamate antiporter SLC25A13, mitochondrial OS=Rattus norvegicus OX=10116 GN=Slc25a13 PE=3 SV=4",False,False
P08082,-0.271597107543947,26.6081542477853,-1.59893489115106,0.121404650685512,0.300939703045564,-5.05308731231763,Clathrin light chain B OS=Rattus norvegicus OX=10116 GN=Cltb PE=1 SV=1,False,False
P35289,-0.0020892721828538,26.7627178903518,-0.0096049005001855,0.992406718026104,0.992406718026104,-6.27358358318474,Ras-related protein Rab-15 OS=Rattus norvegicus OX=10116 GN=Rab15 PE=2 SV=1,False,False
Q6P502,-0.138238963245371,28.8396771253377,-0.616099001033774,0.542958467375094,0.710173937400032,-6.0850693583778,T-complex protein 1 subunit gamma OS=Rattus norvegicus OX=10116 GN=Cct3 PE=1 SV=1,False,False
P35571,-0.352000337384695,28.1508044031803,-2.48687186114676,0.0193235230284493,0.0959794277155342,-3.49638836186114,"Glycerol-3-phosphate dehydrogenase, mitochondrial OS=Rattus norvegicus OX=10116 GN=Gpd2 PE=1 SV=1",False,False
P84087,-0.379943999577119,27.2238101083432,-1.94714835676569,0.0619249672109281,0.19327014262085,-4.50206829383745,Complexin-2 OS=Rattus norvegicus OX=10116 GN=Cplx2 PE=1 SV=1,False,False
P19491,0.0366400766338622,28.8994761308469,0.177930324103561,0.860098094102876,0.915915669531381,-6.25779867646816,Glutamate receptor 2 OS=Rattus norvegicus OX=10116 GN=Gria2 PE=1 SV=2,False,False
Q9EPC6,0.0847054775147882,26.3509795712167,0.547346783652208,0.588610226929388,0.744701957668841,-6.12458053402339,Profilin-2 OS=Rattus norvegicus OX=10116 GN=Pfn2 PE=1 SV=3,False,False
P31647,0.989664296007664,26.7372208249741,4.22842643601071,0.0002388609602247,0.0118880775868416,0.528769119922526,Sodium- and chloride-dependent GABA transporter 3 OS=Rattus norvegicus OX=10116 GN=Slc6a11 PE=1 SV=1,True,False
P10499,-0.209580730683555,27.9493202170868,-1.34270962845662,0.190480511836709,0.397476674988739,-5.40124137107205,Potassium voltage-gated channel subfamily A member 1 OS=Rattus norvegicus OX=10116 GN=Kcna1 PE=1 SV=1,False,False
Q01986,0.281288760182434,27.0276562284336,2.58079176214428,0.0155755632323346,0.0869501803124656,-3.30535809045638,Dual specificity mitogen-activated protein kinase kinase 1 OS=Rattus norvegicus OX=10116 GN=Map2k1 PE=1 SV=2,False,False
P60905,0.17757870436434,25.4722646180447,0.893371709405699,0.379505875355655,0.588832181963,-5.88025060632881,DnaJ homolog subfamily C member 5 OS=Rattus norvegicus OX=10116 GN=Dnajc5 PE=1 SV=1,False,False
P62882,0.0493277336364173,27.6105823479694,0.362137639443218,0.720051624939383,0.834168736397744,-6.20817569695537,Guanine nucleotide-binding protein subunit beta-5 OS=Rattus norvegicus OX=10116 GN=Gnb5 PE=2 SV=1,False,False
G3V9T7,0.0345271322583507,26.9667729460491,0.151733882642344,0.880518268212268,0.928710743908289,-6.26211519820587,ATPase Get3 OS=Rattus norvegicus OX=10116 GN=Get3 PE=1 SV=1,False,False
Q9Z0W7,-0.35794401615097,27.070459245208,-1.26830796466234,0.215451694881666,0.423675570440898,-5.49249817054221,Chloride intracellular channel protein 4 OS=Rattus norvegicus OX=10116 GN=Clic4 PE=1 SV=3,False,False
Q8VD52,0.854759110975969,27.7890995565662,5.1591021147741,1.95371467343527e-05,0.0035264549855506,2.87166346921577,Chronophin OS=Rattus norvegicus OX=10116 GN=Pdxp PE=1 SV=2,True,False
Q05695,0.0992333840703914,27.8556457420687,0.655251438057225,0.517817579266267,0.69764966630111,-6.06054196383637,Neural cell adhesion molecule L1 OS=Rattus norvegicus OX=10116 GN=L1cam PE=1 SV=3,False,False
Q5I0G4,-0.122363836862096,28.6925178745941,-0.869248946762358,0.392327792826413,0.599282086926665,-5.90091288741666,Glycine--tRNA ligase OS=Rattus norvegicus OX=10116 GN=Gars1 PE=1 SV=2,False,False
P10362,-0.296144365912259,29.4222964219327,-1.02819316230206,0.31292891716919,0.523805281753065,-5.75505535840638,Secretogranin-2 OS=Rattus norvegicus OX=10116 GN=Scg2 PE=1 SV=1,False,False
Q4FZT9,0.425055637499874,28.1184716392624,0.981900780759468,0.334814736117329,0.545269713105365,-5.79988540280675,26S proteasome non-ATPase regulatory subunit 2 OS=Rattus norvegicus OX=10116 GN=Psmd2 PE=1 SV=1,False,False
Q00729,0.430516052406979,31.6771153499318,1.4730785608888,0.152225041741159,0.346026466998138,-5.23051805493041,Histone H2B type 1-A OS=Rattus norvegicus OX=10116 GN=H2bc1 PE=1 SV=2,False,False
P20171,-0.763980766775507,25.2573920830443,-3.32994529071382,0.0025092164050247,0.0316924274832811,-1.65203370660797,GTPase HRas OS=Rattus norvegicus OX=10116 GN=Hras PE=1 SV=2,True,False
P55051,0.0662922944509177,25.7278881130273,0.342424403443731,0.734667281270552,0.841952027106886,-6.21509239234285,"Fatty acid-binding protein, brain OS=Rattus norvegicus OX=10116 GN=Fabp7 PE=1 SV=2",False,False
P51146,-0.252572839737038,26.2787793828643,-1.31557331026136,0.199314681699442,0.408014450414218,-5.43505344310216,Ras-related protein Rab-4B OS=Rattus norvegicus OX=10116 GN=Rab4b PE=2 SV=1,False,False
Q1WIM3,0.473093697942616,25.9886541232183,1.335024582186,0.192950918874987,0.401086075127853,-5.41087815734482,Cell adhesion molecule 3 OS=Rattus norvegicus OX=10116 GN=Cadm3 PE=1 SV=1,False,False
P09330,-0.405509709968204,27.9845118149307,-1.95532392245655,0.0609057399389924,0.191191061895446,-4.48813537395375,Ribose-phosphate pyrophosphokinase 2 OS=Rattus norvegicus OX=10116 GN=Prps2 PE=1 SV=3,False,False
Q6AXV4,0.263637510251552,28.3967057347237,0.620490871093003,0.540106636889615,0.708154343524762,-6.08239102765774,Sorting and assembly machinery component 50 homolog OS=Rattus norvegicus OX=10116 GN=Samm50 PE=1 SV=1,False,False
P19944,-0.579288688250578,23.7582854056515,-2.13162119668081,0.0422337201492772,0.149788463177376,-4.17739607403573,Large ribosomal subunit protein P1 OS=Rattus norvegicus OX=10116 GN=Rplp1 PE=3 SV=1,False,False
P47727,-0.0246812317030063,25.8257137536051,-0.151515634785863,0.880688766383946,0.928710743908289,-6.26214828402328,Carbonyl reductase [NADPH] 1 OS=Rattus norvegicus OX=10116 GN=Cbr1 PE=1 SV=2,False,False
Q9JJ54,-0.238220403307462,26.5763005315358,-1.20211541534298,0.239694961303584,0.445265254016778,-5.5698110826229,Heterogeneous nuclear ribonucleoprotein D0 OS=Rattus norvegicus OX=10116 GN=Hnrnpd PE=1 SV=2,False,False
Q3MIE4,0.212730826750395,29.1865814117534,0.793002639326976,0.434649088026437,0.626665423951394,-5.96269649873297,Synaptic vesicle membrane protein VAT-1 homolog OS=Rattus norvegicus OX=10116 GN=Vat1 PE=1 SV=1,False,False
P16290,-0.0473769755871736,29.6144802234118,-0.284138967282192,0.778458818866334,0.867356893860329,-6.23329618966682,Phosphoglycerate mutase 2 OS=Rattus norvegicus OX=10116 GN=Pgam2 PE=1 SV=2,False,False
Q63692,-0.16948757558761,28.2859894581636,-1.28661644486204,0.209086626786212,0.41855973532249,-5.47046619715373,Hsp90 co-chaperone Cdc37 OS=Rattus norvegicus OX=10116 GN=Cdc37 PE=1 SV=2,False,False
O70511,-0.0805465164721255,29.3999456005139,-0.553251021287914,0.58461717689607,0.742122976383688,-6.12136627858324,Ankyrin-3 OS=Rattus norvegicus OX=10116 GN=Ank3 PE=1 SV=3,False,False
Q80W89,-0.0639083510117722,25.1488099278526,-0.291226952431099,0.773090222296011,0.865829070058511,-6.2312620941818,NADH dehydrogenase [ubiquinone] 1 alpha subcomplex subunit 11 OS=Rattus norvegicus OX=10116 GN=Ndufa11 PE=2 SV=1,False,False
P04256,-0.913256495214753,26.1927024423289,-3.81248506651186,0.0007198811454263,0.0161184144201206,-0.498479536720123,Heterogeneous nuclear ribonucleoprotein A1 OS=Rattus norvegicus OX=10116 GN=Hnrnpa1 PE=1 SV=3,True,False
Q6AY09,0.57558071922427,28.0716709359496,2.42325381008629,0.0223174367658876,0.102850144755133,-3.62331439235402,Heterogeneous nuclear ribonucleoprotein H2 OS=Rattus norvegicus OX=10116 GN=Hnrnph2 PE=1 SV=1,False,False
Q07009,-0.124463931151656,26.6113420639425,-0.844484584541266,0.405775842034833,0.610354495727394,-5.92156893809021,Calpain-2 catalytic subunit OS=Rattus norvegicus OX=10116 GN=Capn2 PE=1 SV=3,False,False
Q78P75,0.756405489058704,26.5083087566667,7.01722868650664,1.47441061321821e-07,0.0001596786694115,7.42654017477952,"Dynein light chain 2, cytoplasmic OS=Rattus norvegicus OX=10116 GN=Dynll2 PE=1 SV=1",True,False
P09811,-0.760552149867845,27.8333580542691,-4.63952961626722,7.92280265369803e-05,0.0068020272493242,1.56046856254316,"Glycogen phosphorylase, liver form OS=Rattus norvegicus OX=10116 GN=Pygl PE=1 SV=5",True,False
Q6AXX6,0.150856746552577,26.4707153048123,0.823707323952495,0.41728033411741,0.615687468459339,-5.93846296399006,Peroxiredoxin-like 2A OS=Rattus norvegicus OX=10116 GN=Prxl2a PE=1 SV=1,False,False
P68182,0.302998161884048,27.6550351882675,3.36062212441346,0.0023208478951955,0.0312424285049636,-1.58033462975567,cAMP-dependent protein kinase catalytic subunit beta OS=Rattus norvegicus OX=10116 GN=Prkacb PE=1 SV=2,True,False
Q6AYK6,0.241504694520081,28.1168407236344,2.19837846705972,0.0366210597106238,0.136760716091743,-4.05479240649376,Calcyclin-binding protein OS=Rattus norvegicus OX=10116 GN=Cacybp PE=1 SV=1,False,False
P51635,0.338795140527754,26.0103369596101,1.29877369659164,0.204940193907024,0.414086250002439,-5.45568283081731,Aldo-keto reductase family 1 member A1 OS=Rattus norvegicus OX=10116 GN=Akr1a1 PE=1 SV=2,False,False
Q8VI04,0.0821376247802377,27.5166183782543,0.616944750300931,0.542408670636152,0.710173937400032,-6.0845550246927,Isoaspartyl peptidase/L-asparaginase OS=Rattus norvegicus OX=10116 GN=Asrgl1 PE=1 SV=1,False,False
P35434,0.940807189485735,24.7680163699524,5.26981074848439,1.45049579250025e-05,0.0031839906163868,3.1506161588777,"ATP synthase subunit delta, mitochondrial OS=Rattus norvegicus OX=10116 GN=Atp5f1d PE=1 SV=2",True,False
P97874,-0.201067375382014,29.6629984918872,-1.14179848665748,0.263504333948127,0.470916161164723,-5.63702371575139,Cyclin-G-associated kinase OS=Rattus norvegicus OX=10116 GN=Gak PE=1 SV=1,False,False
Q4KMA2,0.860153297601421,27.1480119338035,4.07055167152891,0.0003638480330573,0.0119721991606211,0.136252544394704,UV excision repair protein RAD23 homolog B OS=Rattus norvegicus OX=10116 GN=Rad23b PE=1 SV=1,True,False
D3ZAA9,0.0561425816538161,27.8203338730823,0.636716952495542,0.529639398352323,0.704667651616174,-6.07233563593536,MAGUK p55 subfamily member 2 OS=Rattus norvegicus OX=10116 GN=Mpp2 PE=1 SV=2,False,False
P21670,0.124336745291242,26.8548390994962,0.883259458700233,0.384847364875186,0.592030818408844,-5.88897709980892,Proteasome subunit alpha type-4 OS=Rattus norvegicus OX=10116 GN=Psma4 PE=1 SV=1,False,False
P14669,0.252763939007199,25.1151849785053,1.13290296013094,0.26715693382272,0.473536758314248,-5.64667181359125,Annexin A3 OS=Rattus norvegicus OX=10116 GN=Anxa3 PE=1 SV=4,False,False
Q05683,-0.720111610185544,28.0298048563993,-2.68140544764558,0.0123169874943323,0.0777787500439463,-3.09612410794116,Glutamate decarboxylase 2 OS=Rattus norvegicus OX=10116 GN=Gad2 PE=1 SV=1,False,False
P11762,0.65186556780121,24.4541223487977,1.46841185944658,0.15347925610771,0.347010510155845,-5.2368621180802,Galectin-1 OS=Rattus norvegicus OX=10116 GN=Lgals1 PE=1 SV=2,False,False
P09495,-0.791175987465422,27.5730765888832,-2.95365152097212,0.0064121709237651,0.0529950887119238,-2.50834941733426,Tropomyosin alpha-4 chain OS=Rattus norvegicus OX=10116 GN=Tpm4 PE=1 SV=3,False,False
P62494,-0.733106597795146,23.8527058787107,-2.37879755968448,0.0246562021086646,0.109591291283747,-3.71077956198589,Ras-related protein Rab-11A OS=Rattus norvegicus OX=10116 GN=Rab11a PE=1 SV=3,False,False
Q5I0P2,0.317137997506315,22.3003869680632,1.40348713939772,0.171801641497505,0.371379596291014,-5.32334125074811,"Glycine cleavage system H protein, mitochondrial OS=Rattus norvegicus OX=10116 GN=Gcsh PE=2 SV=1",False,False
P04692,0.0246160689725166,26.6684207974506,0.179332560608451,0.859007696391405,0.915915669531381,-6.25754832307147,Tropomyosin alpha-1 chain OS=Rattus norvegicus OX=10116 GN=Tpm1 PE=1 SV=3,False,False
P38652,-0.217497667782293,27.1309360799145,-0.811352431692542,0.424216644364593,0.620470112281535,-5.94831927816805,Phosphoglucomutase-1 OS=Rattus norvegicus OX=10116 GN=Pgm1 PE=1 SV=2,False,False
P41562,-0.313603811660009,26.4781679425724,-2.31179558438972,0.0286064077625001,0.119156690795337,-3.84062696664657,Isocitrate dehydrogenase [NADP] cytoplasmic OS=Rattus norvegicus OX=10116 GN=Idh1 PE=1 SV=1,False,False
P08081,-0.0839724302143772,27.5656670099558,-0.628196311075964,0.535122353500084,0.706770304636695,-6.07764732686993,Clathrin light chain A OS=Rattus norvegicus OX=10116 GN=Clta PE=1 SV=1,False,False
P22062,-0.291873355230759,27.3017127734782,-2.67525564198351,0.0124963088713266,0.0777787500439463,-3.10904420958383,Protein-L-isoaspartate(D-aspartate) O-methyltransferase OS=Rattus norvegicus OX=10116 GN=Pcmt1 PE=1 SV=2,False,False
P31977,-0.149381447844192,29.9399084040134,-1.39151967100588,0.175360673145022,0.374953139172814,-5.33891574390167,Ezrin OS=Rattus norvegicus OX=10116 GN=Ezr PE=1 SV=3,False,False
P0C0S7,0.283064678620406,22.7136592746477,0.933973106292965,0.358547189949585,0.566870958708613,-5.84427440072046,Histone H2A.Z OS=Rattus norvegicus OX=10116 GN=H2az1 PE=1 SV=2,False,False
Q9QZA2,-0.574432079635589,28.5798704366285,-3.66541824936184,0.0010578230097225,0.0179003487426483,-0.855332796824042,Programmed cell death 6-interacting protein OS=Rattus norvegicus OX=10116 GN=Pdcd6ip PE=1 SV=2,True,False
P24329,0.155512994042041,24.9927402238104,1.03876495958274,0.308073451110108,0.519872762724683,-5.74455010151766,Thiosulfate sulfurtransferase OS=Rattus norvegicus OX=10116 GN=Tst PE=1 SV=3,False,False
P62083,-0.346180257163066,26.2238088359088,-1.92126844032638,0.0652501886305608,0.201327505090876,-4.54588545832203,Small ribosomal subunit protein eS7 OS=Rattus norvegicus OX=10116 GN=Rps7 PE=1 SV=1,False,False
P43244,-0.175842437684032,28.6711526376106,-1.71377618619272,0.097962343814661,0.266278489728543,-4.88082364261787,Matrin-3 OS=Rattus norvegicus OX=10116 GN=Matr3 PE=1 SV=2,False,False
P97710,0.0762350764714697,27.955508640314,0.897317598699907,0.377434698031591,0.586490716523106,-5.87682009866105,Tyrosine-protein phosphatase non-receptor type substrate 1 OS=Rattus norvegicus OX=10116 GN=Sirpa PE=1 SV=1,False,False
Q9JI12,-0.464897251028408,26.62334228263,-3.89679028499665,0.000576550136473,0.014829829220783,-0.292212664654841,Vesicular glutamate transporter 2 OS=Rattus norvegicus OX=10116 GN=Slc17a6 PE=1 SV=1,True,False
P11167,0.414373867815982,26.5588892936614,2.37445424008663,0.0248963256264698,0.109604555501898,-3.71926937394141,"Solute carrier family 2, facilitated glucose transporter member 1 OS=Rattus norvegicus OX=10116 GN=Slc2a1 PE=1 SV=1",False,False
Q5BJU7,-0.373508905083561,25.7726315860015,-2.56187785388847,0.0162712954505834,0.0899072090458258,-3.34416894041482,Actin-binding protein WASF1 OS=Rattus norvegicus OX=10116 GN=Wasf1 PE=1 SV=1,False,False
Q68FP1,-0.0665769669003993,28.086978481427,-0.472340753439163,0.64045677098727,0.787303839931003,-6.16247110902173,Gelsolin OS=Rattus norvegicus OX=10116 GN=Gsn PE=1 SV=1,False,False
Q641Z6,-0.373045108629487,28.1053700286604,-2.56488539387871,0.0161587714516344,0.0897433306775386,-3.33800885405336,EH domain-containing protein 1 OS=Rattus norvegicus OX=10116 GN=Ehd1 PE=1 SV=1,False,False
Q5BKC9,-0.71817359971158,30.4431015064264,-4.92135947594205,3.70706783081544e-05,0.0050184430759664,2.27167778817196,Ephexin-1 OS=Rattus norvegicus OX=10116 GN=Ngef PE=1 SV=2,True,False
P62628,-0.308994330968872,26.4747148109408,-1.56194136873013,0.129879332473747,0.311883186405916,-5.10649503240637,Dynein light chain roadblock-type 1 OS=Rattus norvegicus OX=10116 GN=Dynlrb1 PE=1 SV=3,False,False
P62909,0.138887115182172,29.1347138743129,1.16429906908284,0.254428107923764,0.463881550305449,-5.61231517621711,Small ribosomal subunit protein uS3 OS=Rattus norvegicus OX=10116 GN=Rps3 PE=1 SV=1,False,False
P21708,-0.155393514982944,28.0120299062443,-0.820827676111288,0.418890693587669,0.617222613816932,-5.94077289745177,Mitogen-activated protein kinase 3 OS=Rattus norvegicus OX=10116 GN=Mapk3 PE=1 SV=5,False,False
Q5RJL0,0.0595473538349154,25.9990314439927,0.19312723422045,0.848296245942839,0.909084805374079,-6.25498095254257,Ermin OS=Rattus norvegicus OX=10116 GN=Ermn PE=1 SV=1,False,False
Q711G3,0.0714308086266549,27.3563501281085,0.581547851033835,0.565666912591113,0.724868662221783,-6.10549438542988,Isoamyl acetate-hydrolyzing esterase 1 homolog OS=Rattus norvegicus OX=10116 GN=Iah1 PE=2 SV=2,False,False
P24368,-0.106281958798498,27.5199408931316,-0.50333695440466,0.61878514868447,0.770323812609441,-6.14747558330234,Peptidyl-prolyl cis-trans isomerase B OS=Rattus norvegicus OX=10116 GN=Ppib PE=1 SV=3,False,False
Q7TP54,-0.163595005968613,28.2299342995834,-1.14494658802866,0.262220443841727,0.470173411722832,-5.6335929177516,Rho family-interacting cell polarization regulator 2 OS=Rattus norvegicus OX=10116 GN=Ripor2 PE=1 SV=1,False,False
Q9JJK1,-0.604181870596243,28.1772691996411,-3.9267534220856,0.0005326860434481,0.014792281668059,-0.218633206855083,Neuronal membrane glycoprotein M6-b OS=Rattus norvegicus OX=10116 GN=Gpm6b PE=1 SV=1,True,False
M0RC99,0.554284150036789,29.4521888587171,2.64032811390887,0.0135618770995647,0.080259633326932,-3.18210348196717,Ras-related protein Rab-5A OS=Rattus norvegicus OX=10116 GN=Rab5a PE=2 SV=1,False,False
Q80ZA5,-0.51205346422363,28.6933435900791,-2.1017152356957,0.0449885420688402,0.156664279937472,-4.23146072399796,Sodium-driven chloride bicarbonate exchanger OS=Rattus norvegicus OX=10116 GN=Slc4a10 PE=1 SV=1,False,False
Q80Z30,0.058568098584928,27.7860137747566,0.320621560334853,0.750951016992348,0.853389245962973,-6.22229536537106,Protein phosphatase 1E OS=Rattus norvegicus OX=10116 GN=Ppm1e PE=1 SV=1,False,False
P48004,-0.521123794852713,26.1997146938406,-3.82917342477341,0.0006889795596031,0.0158758481500038,-0.457741066290358,Proteasome subunit alpha type-7 OS=Rattus norvegicus OX=10116 GN=Psma7 PE=1 SV=1,True,False
O88339,0.135113863526254,28.8119627114853,0.698417274277426,0.490853347227546,0.678018726234182,-6.03180782151701,Epsin-1 OS=Rattus norvegicus OX=10116 GN=Epn1 PE=1 SV=1,False,False
P30009,0.365827236706117,26.2913877940529,1.71302351920901,0.0981026014789369,0.266278489728543,-4.88198390947298,Myristoylated alanine-rich C-kinase substrate OS=Rattus norvegicus OX=10116 GN=Marcks PE=1 SV=2,False,False
P19490,-0.383563443195374,28.625175835811,-3.43102334962798,0.0019387982265824,0.0291627566581779,-1.4148489992412,Glutamate receptor 1 OS=Rattus norvegicus OX=10116 GN=Gria1 PE=1 SV=2,True,False
P84817,-0.0293755499221504,23.7786573696249,-0.110867581235975,0.912536549139056,0.946404842997673,-6.26748109628736,Mitochondrial fission 1 protein OS=Rattus norvegicus OX=10116 GN=Fis1 PE=1 SV=1,False,False
Q63413,-0.512033132457201,26.3738630250813,-3.1680571551821,0.0037740337579678,0.0381988650455995,-2.02595989153071,Spliceosome RNA helicase Ddx39b OS=Rattus norvegicus OX=10116 GN=Ddx39b PE=2 SV=3,True,False
O35987,-0.0183790221157523,24.738208509044,-0.101968472247213,0.919530772281313,0.94933443887575,-6.26842837125691,NSFL1 cofactor p47 OS=Rattus norvegicus OX=10116 GN=Nsfl1c PE=1 SV=1,False,False
B2RZ27,0.21323387119838,26.8757713314836,0.800736073619979,0.430233425384743,0.625858528077771,-5.95667546278714,SH3 domain-binding glutamic acid-rich-like protein 3 OS=Rattus norvegicus OX=10116 GN=Sh3bgrl3 PE=1 SV=1,False,False
P05370,-0.0368184377650174,27.1947524157971,-0.319132571194968,0.752067472772305,0.853762131040258,-6.22277013906093,Glucose-6-phosphate 1-dehydrogenase OS=Rattus norvegicus OX=10116 GN=G6pdx PE=1 SV=3,False,False
O55012,0.187028669633353,28.8220136952199,0.88366136657121,0.384634146963739,0.592030818408844,-5.8886320537029,Phosphatidylinositol-binding clathrin assembly protein OS=Rattus norvegicus OX=10116 GN=Picalm PE=1 SV=1,False,False
Q99ML5,-0.315452235950616,27.8627252808761,-0.833684510158564,0.411730753906658,0.613984643722365,-5.93040030237125,Prenylcysteine oxidase 1 OS=Rattus norvegicus OX=10116 GN=Pcyox1 PE=1 SV=1,False,False
Q9Z0V5,-0.592378823888044,23.7552238477648,-2.43406127695896,0.0217805044712736,0.101237280439439,-3.60189682587548,Peroxiredoxin-4 OS=Rattus norvegicus OX=10116 GN=Prdx4 PE=2 SV=1,False,False
Q62876,-0.0434282512966,24.8994391878073,-0.229235386882303,0.820403383155759,0.892065124455509,-6.24736331969929,Synaptogyrin-1 OS=Rattus norvegicus OX=10116 GN=Syngr1 PE=1 SV=1,False,False
Q62658,-0.0612231977188493,27.4377651621754,-0.360930452629655,0.720943617052898,0.834168736397744,-6.20861027517374,Peptidyl-prolyl cis-trans isomerase FKBP1A OS=Rattus norvegicus OX=10116 GN=Fkbp1a PE=1 SV=3,False,False
P17220,0.543672553679723,26.5747607495355,2.04747197982003,0.0503955839704137,0.169041286914694,-4.32813267251726,Proteasome subunit alpha type-2 OS=Rattus norvegicus OX=10116 GN=Psma2 PE=1 SV=3,False,False
Q64559,0.0296641205119919,27.4334474001535,0.192674885176238,0.84864703437968,0.909084805374079,-6.25506814822798,Cytosolic acyl coenzyme A thioester hydrolase OS=Rattus norvegicus OX=10116 GN=Acot7 PE=1 SV=4,False,False
Q6Q0N1,-0.0585485807262742,27.5430775694073,-0.690078436285965,0.495999540654591,0.679929289475733,-6.03749653884492,Cytosolic non-specific dipeptidase OS=Rattus norvegicus OX=10116 GN=Cndp2 PE=1 SV=1,False,False
P58775,-0.384341261252892,26.7484293392228,-1.68501479347603,0.103443583853274,0.275811181581601,-4.92487047680097,Tropomyosin beta chain OS=Rattus norvegicus OX=10116 GN=Tpm2 PE=1 SV=1,False,False
P28023,-0.0078400186342833,28.9970760110983,-0.0548677484887976,0.956645433644825,0.972021925347244,-6.27212354660216,Dynactin subunit 1 OS=Rattus norvegicus OX=10116 GN=Dctn1 PE=1 SV=2,False,False
P17077,-0.396328278155867,26.7695872710575,-2.02368895570577,0.0529424313892688,0.17344695428385,-4.36994378469771,Large ribosomal subunit protein uL6 OS=Rattus norvegicus OX=10116 GN=Rpl9 PE=1 SV=1,False,False
B0K020,1.35820334034965,24.8702839558055,3.95071535765533,0.0004999821902461,0.0146346138388279,-0.159694619256603,CDGSH iron-sulfur domain-containing protein 1 OS=Rattus norvegicus OX=10116 GN=Cisd1 PE=3 SV=1,True,True
Q6AYP5,-0.0294092781276056,26.5658279711991,-0.0947176025660775,0.925234459016544,0.950691574112824,-6.26914167665456,Cell adhesion molecule 1 OS=Rattus norvegicus OX=10116 GN=Cadm1 PE=1 SV=1,False,False
P38406,-0.573863984958557,26.9080587069262,-4.51539728688805,0.0001106497675014,0.0085595498717174,1.24789491036099,Guanine nucleotide-binding protein G(olf) subunit alpha OS=Rattus norvegicus OX=10116 GN=Gnal PE=2 SV=2,True,False
O35567,0.0916390983873043,27.1224914465258,0.668026287238533,0.50975406971008,0.691687004094678,-6.0522225928297,Bifunctional purine biosynthesis protein ATIC OS=Rattus norvegicus OX=10116 GN=Atic PE=1 SV=2,False,False
Q9JLJ3,-0.18463565488657,28.548163534459,-1.26288830108433,0.217363881915489,0.423686226353047,-5.49896653366632,4-trimethylaminobutyraldehyde dehydrogenase OS=Rattus norvegicus OX=10116 GN=Aldh9a1 PE=1 SV=1,False,False
Q9JID2,0.311046818478047,25.904244471645,2.48393089961287,0.0194533352736233,0.0959794277155342,-3.50230076768672,Guanine nucleotide-binding protein subunit alpha-11 OS=Rattus norvegicus OX=10116 GN=Gna11 PE=2 SV=1,False,False
D3ZAF6,0.126180484506971,28.3091179724935,0.986687245258324,0.332504623272363,0.544784428145188,-5.79533886380758,"ATP synthase subunit f, mitochondrial OS=Rattus norvegicus OX=10116 GN=Atp5mf PE=1 SV=1",False,False
P13383,0.436095371172609,31.6627381052905,2.50266376103674,0.018640040345829,0.094332540628658,-3.46456769718485,Nucleolin OS=Rattus norvegicus OX=10116 GN=Ncl PE=1 SV=3,False,False
Q8K3E7,0.447832589320228,22.6891127848457,1.13517551344363,0.266220319697586,0.472650174151617,-5.64421350122034,Protein dpy-30 homolog OS=Rattus norvegicus OX=10116 GN=Dpy30 PE=1 SV=1,False,False
P26453,0.562336532259916,28.9509668113486,3.04639747699998,0.0051063918775667,0.048088890464389,-2.301610065882,Basigin OS=Rattus norvegicus OX=10116 GN=Bsg PE=1 SV=2,True,False
Q9JLZ1,-0.027736692379932,27.018575355221,-0.186373481910476,0.853536917889946,0.911617832420918,-6.25626161351335,Glutaredoxin-3 OS=Rattus norvegicus OX=10116 GN=Glrx3 PE=1 SV=2,False,False
Q9EQT5,-0.819437241579827,27.1104681125231,-2.64177388757573,0.0135161378286961,0.080259633326932,-3.17909018026961,Tubulointerstitial nephritis antigen-like OS=Rattus norvegicus OX=10116 GN=Tinagl1 PE=2 SV=1,False,False
Q6AYR6,-0.243838347064834,26.9703916864776,-2.02607932683104,0.0526814173383214,0.173416337317332,-4.36575748257993,Haloacid dehalogenase-like hydrolase domain-containing protein 2 OS=Rattus norvegicus OX=10116 GN=Hdhd2 PE=2 SV=1,False,False
P48675,-0.178737620161716,27.0633255681311,-1.31774132332017,0.198597461904774,0.407933558876833,-5.43237426582023,Desmin OS=Rattus norvegicus OX=10116 GN=Des PE=1 SV=2,False,False
P53042,0.400951962140464,28.341865329852,2.5272521295919,0.0176201595363869,0.0924680556412458,-3.41477856133014,Serine/threonine-protein phosphatase 5 OS=Rattus norvegicus OX=10116 GN=Ppp5c PE=1 SV=1,False,False
P05714,-0.228367549247093,26.2220847412062,-1.2536790816463,0.220642626651642,0.426476280232671,-5.50990147657499,Ras-related protein Rab-4A OS=Rattus norvegicus OX=10116 GN=Rab4a PE=1 SV=3,False,False
Q53B90,-0.467752154880667,27.0050987393779,-3.17430846707442,0.0037154602975636,0.0381988650455995,-2.01166671694857,Ras-related protein Rab-43 OS=Rattus norvegicus OX=10116 GN=Rab43 PE=2 SV=1,True,False
P51156,-0.963420453656301,24.0170464797523,-3.32877838382523,0.0025166655249881,0.0316924274832811,-1.65475598437513,Ras-related protein Rab-26 OS=Rattus norvegicus OX=10116 GN=Rab26 PE=2 SV=2,True,False
P41498,0.553683594659937,25.3569414385201,2.79504413963718,0.0094073907042907,0.0683772089446096,-2.85444315571098,Low molecular weight phosphotyrosine protein phosphatase OS=Rattus norvegicus OX=10116 GN=Acp1 PE=1 SV=3,False,False
P97829,0.056336889930769,26.1171535881828,0.404749722579288,0.688831486695934,0.813527262913519,-6.19191637383864,Leukocyte surface antigen CD47 OS=Rattus norvegicus OX=10116 GN=Cd47 PE=1 SV=1,False,False
Q9WU34,0.373275066424046,29.2360886581729,2.86819368605826,0.0078909458581085,0.0593464886411915,-2.69604327703259,Neuronal-specific septin-3 OS=Rattus norvegicus OX=10116 GN=Septin3 PE=1 SV=2,False,False
P54290,0.0404743644444956,27.5686494811304,0.357885023664229,0.723195668810715,0.834990308445633,-6.20970022218361,Voltage-dependent calcium channel subunit alpha-2/delta-1 OS=Rattus norvegicus OX=10116 GN=Cacna2d1 PE=1 SV=1,False,False
Q5PPN4,0.0488105032830397,22.497753910402,0.103166655568233,0.918588668461034,0.94933443887575,-6.26830544029612,Carbonic anhydrase-related protein OS=Rattus norvegicus OX=10116 GN=Ca8 PE=1 SV=3,False,False
O35458,0.867889604178611,27.2490737270886,4.20462259297021,0.0002545436232798,0.0118880775868416,0.469418760204783,Vesicular inhibitory amino acid transporter OS=Rattus norvegicus OX=10116 GN=Slc32a1 PE=1 SV=1,True,False
Q6IE52,-0.407502993011363,29.3781036360678,-2.73279299925034,0.010909952852744,0.0752399958644225,-2.98751768105181,Murinoglobulin-2 OS=Rattus norvegicus OX=10116 GN=Mug2 PE=1 SV=1,False,False
P62994,0.358225977117641,25.6629039610201,1.82099159796338,0.0796422158844121,0.233114918385995,-4.71145219941904,Growth factor receptor-bound protein 2 OS=Rattus norvegicus OX=10116 GN=Grb2 PE=1 SV=1,False,False
P70580,0.105562825746265,26.2476837383571,0.418798079035467,0.678657054111657,0.807676472091126,-6.18616477779689,Membrane-associated progesterone receptor component 1 OS=Rattus norvegicus OX=10116 GN=Pgrmc1 PE=1 SV=3,False,False
Q5XI72,0.132490652324485,28.575636225275,0.635051114417128,0.530708973931053,0.705080570311048,-6.07337956220829,Eukaryotic translation initiation factor 4H OS=Rattus norvegicus OX=10116 GN=Eif4h PE=1 SV=1,False,False
P35286,0.170676490163466,26.2651976646095,0.329657280071083,0.744187849358291,0.848374148268452,-6.21936725052517,Ras-related protein Rab-13 OS=Rattus norvegicus OX=10116 GN=Rab13 PE=1 SV=2,False,False
P63245,-0.0794043026502429,30.143096503089,-0.411441509144746,0.683977441011671,0.810445917522582,-6.18920082088354,Small ribosomal subunit protein RACK1 OS=Rattus norvegicus OX=10116 GN=Rack1 PE=1 SV=3,False,False
Q641Y8,-0.0843024593806234,28.1219946399658,-0.7897761195475,0.43649952024863,0.627794130716157,-5.96519211202562,ATP-dependent RNA helicase DDX1 OS=Rattus norvegicus OX=10116 GN=Ddx1 PE=1 SV=1,False,False
P85973,-0.0811846687527584,28.9477090618547,-0.8639532238989,0.395179355801478,0.601309519354833,-5.90537749351284,Purine nucleoside phosphorylase OS=Rattus norvegicus OX=10116 GN=Pnp PE=1 SV=1,False,False
P43425,-0.123827633488684,27.4345857388811,-0.748109512225266,0.460823138924379,0.653909712025873,-5.99654628635468,Guanine nucleotide-binding protein G(I)/G(S)/G(O) subunit gamma-7 OS=Rattus norvegicus OX=10116 GN=Gng7 PE=2 SV=2,False,False
Q63100,0.477180164527716,28.0020460362163,4.23272098098903,0.0002361351547408,0.0118880775868416,0.53948255537539,Cytoplasmic dynein 1 intermediate chain 1 OS=Rattus norvegicus OX=10116 GN=Dync1i1 PE=1 SV=1,True,False
P60901,-0.0042335865615719,27.8388732579406,-0.0190506714808253,0.984939942411062,0.988591248963095,-6.27344815322718,Proteasome subunit alpha type-6 OS=Rattus norvegicus OX=10116 GN=Psma6 PE=1 SV=1,False,False
B2GV54,0.75466447270021,25.6133178236208,4.095722270344,0.0003402866160591,0.0118880775868416,0.198646842176891,Neutral cholesterol ester hydrolase 1 OS=Rattus norvegicus OX=10116 GN=Nceh1 PE=1 SV=1,True,False
P14841,0.0144904705714453,26.7711089885001,0.0751660931894278,0.940633460059537,0.961950932242189,-6.27080311050759,Cystatin-C OS=Rattus norvegicus OX=10116 GN=Cst3 PE=1 SV=2,False,False
A1L108,-0.241802692222834,24.0480108060485,-1.31448742995645,0.199674661790891,0.408014450414218,-5.43639389517637,Actin-related protein 2/3 complex subunit 5-like protein OS=Rattus norvegicus OX=10116 GN=Arpc5l PE=1 SV=2,False,False
P29147,0.106284841989538,27.9483397511365,0.354933702741829,0.725380547305154,0.836621014623516,-6.2107477616234,"D-beta-hydroxybutyrate dehydrogenase, mitochondrial OS=Rattus norvegicus OX=10116 GN=Bdh1 PE=1 SV=2",False,False
P52759,1.17753590515495,24.5534539803813,2.38561668310301,0.0242834716047753,0.10912448028204,-3.69743029756619,2-iminobutanoate/2-iminopropanoate deaminase OS=Rattus norvegicus OX=10116 GN=Rida PE=1 SV=3,False,False
P17105,0.0336286488803026,27.4590986587306,0.428068761362061,0.671976390308229,0.8061952131195,-6.18226319174344,Inositol-trisphosphate 3-kinase A OS=Rattus norvegicus OX=10116 GN=Itpka PE=1 SV=3,False,False
P62243,-0.0135705289321741,26.3524897410115,-0.102951359969376,0.918757941554149,0.94933443887575,-6.26832763490052,Small ribosomal subunit protein eS8 OS=Rattus norvegicus OX=10116 GN=Rps8 PE=1 SV=2,False,False
P62250,-0.322285279802426,24.9677237064153,-1.59020537207416,0.123362186380359,0.302950675396664,-5.06578304359501,Small ribosomal subunit protein uS9 OS=Rattus norvegicus OX=10116 GN=Rps16 PE=1 SV=2,False,False
O35964,0.0872727716299551,25.180560164083,0.505442589537214,0.617325275719214,0.770323812609441,-6.14642298967381,Endophilin-A2 OS=Rattus norvegicus OX=10116 GN=Sh3gl1 PE=1 SV=1,False,False
Q76EQ0,-0.142746232147012,26.1910830790563,-0.32621258954591,0.746763751339792,0.850415502314401,-6.22049305718714,Serine racemase OS=Rattus norvegicus OX=10116 GN=Srr PE=1 SV=1,False,False
Q63041,-0.288412181959981,28.2061203567639,-2.640695035311,0.013550255331363,0.080259633326932,-3.18133882884974,Alpha-1-macroglobulin OS=Rattus norvegicus OX=10116 GN=A1m PE=1 SV=1,False,False
Q9JJW3,0.376822272658444,26.0747402220007,1.69186876272483,0.102114530249171,0.274416963423952,-4.91442812353134,"ATP synthase membrane subunit K, mitochondrial OS=Rattus norvegicus OX=10116 GN=Atp5mk PE=1 SV=1",False,False
Q07647,-0.481456749919836,27.0668690340246,-2.12981277157493,0.042395926599345,0.149788463177376,-4.1806806585046,"Solute carrier family 2, facilitated glucose transporter member 3 OS=Rattus norvegicus OX=10116 GN=Slc2a3 PE=1 SV=1",False,False
Q9Z339,-0.255297095604167,26.2954373719064,-1.45793683694018,0.15632471514654,0.351244121376976,-5.25104002776212,Glutathione S-transferase omega-1 OS=Rattus norvegicus OX=10116 GN=Gsto1 PE=1 SV=2,False,False
Q4V8B7,-0.177894642439526,25.3928879528805,-1.39203651318527,0.175205777184205,0.374953139172814,-5.33824549769905,Inactive hydroxysteroid dehydrogenase-like protein 1 OS=Rattus norvegicus OX=10116 GN=Hsdl1 PE=2 SV=1,False,False
Q9Z0J8,-0.727739727861476,26.5353606747786,-3.75888176543091,0.000828606779456,0.0161184144201206,-0.629006684912801,Neuronal growth regulator 1 OS=Rattus norvegicus OX=10116 GN=Negr1 PE=1 SV=1,True,False
P47709,-0.133668257892015,29.3721841418015,-1.34346739717092,0.190238259981724,0.397476674988739,-5.40028854484204,Rabphilin-3A OS=Rattus norvegicus OX=10116 GN=Rph3a PE=1 SV=1,False,False
Q68FW9,-0.132236125106559,26.4813499237069,-0.867198023073606,0.393430577450316,0.6001201625052,-5.90264499329569,COP9 signalosome complex subunit 3 OS=Rattus norvegicus OX=10116 GN=Cops3 PE=1 SV=1,False,False
P13832,0.420215874123066,23.0601790397648,0.531398224363918,0.599462262271604,0.753152703062816,-6.13309431027688,Myosin regulatory light chain RLC-A OS=Rattus norvegicus OX=10116 GN=Rlc-a PE=2 SV=2,False,False
P18666,-0.0982100876867698,25.5037629357907,-0.348469958206741,0.730173923958566,0.839467473086122,-6.21301198062476,Myosin regulatory light chain 12B OS=Rattus norvegicus OX=10116 GN=Myl12b PE=1 SV=3,False,False
Q5U216,-0.0083794421428109,26.098715166409,-0.0264494336542431,0.979092242235476,0.98454679511701,-6.27327971731519,ATP-dependent RNA helicase DDX39A OS=Rattus norvegicus OX=10116 GN=Ddx39a PE=2 SV=1,False,False
O88656,-0.0093132487594829,26.7377060915455,-0.0609937931565959,0.951810756091324,0.971546700138458,-6.27176845876621,Actin-related protein 2/3 complex subunit 1B OS=Rattus norvegicus OX=10116 GN=Arpc1b PE=1 SV=3,False,False
Q5M9I5,-0.237312529574318,25.8847822120408,-1.8724523044862,0.0719470509375418,0.214651945359112,-4.62733083343614,"Cytochrome b-c1 complex subunit 6, mitochondrial OS=Rattus norvegicus OX=10116 GN=Uqcrh PE=3 SV=1",False,False
P24050,-0.424081972363666,27.1420553405639,-2.52718561067266,0.0176228476178787,0.0924680556412458,-3.41491365298023,Small ribosomal subunit protein uS7 OS=Rattus norvegicus OX=10116 GN=Rps5 PE=1 SV=3,False,False
Q91XV6,-0.103213568737246,22.1756502793211,-0.292383572250992,0.772215252091759,0.865744428587345,-6.23092544393278,FXYD domain-containing ion transport regulator 6 OS=Rattus norvegicus OX=10116 GN=Fxyd6 PE=1 SV=1,False,False
Q91XU8,0.393947652559081,24.9497280062459,2.07749754252577,0.0473354185633325,0.163261969121303,-4.27484468640838,Phosphatidate cytidylyltransferase 2 OS=Rattus norvegicus OX=10116 GN=Cds2 PE=1 SV=1,False,False
P35427,-0.0571797780976837,28.4137793938187,-0.698646938559788,0.490712043123833,0.678018726234182,-6.0316502138575,Large ribosomal subunit protein uL13 OS=Rattus norvegicus OX=10116 GN=Rpl13a PE=1 SV=2,False,False
P62839,0.472604720562714,25.583078424568,2.45805281007024,0.0206307206517093,0.097995923095619,-3.55413910036997,Ubiquitin-conjugating enzyme E2 D2 OS=Rattus norvegicus OX=10116 GN=Ube2d2 PE=1 SV=1,False,False
Q5FVH2,0.269931742976372,26.4964969338014,0.840854187269283,0.407771473279095,0.611657209918643,-5.92454957993342,5'-3' exonuclease PLD3 OS=Rattus norvegicus OX=10116 GN=Pld3 PE=1 SV=1,False,False
Q4KM73,0.229860751969149,25.6791249979032,2.21581454097152,0.0352700646424409,0.133557622404767,-4.02234167831652,UMP-CMP kinase OS=Rattus norvegicus OX=10116 GN=Cmpk1 PE=1 SV=2,False,False
Q63803,-0.142416544498776,29.7361867215212,-1.4975645794625,0.145778693704351,0.335198142848857,-5.19695240257265,Guanine nucleotide-binding protein G(s) subunit alpha isoforms XLas OS=Rattus norvegicus OX=10116 GN=Gnas PE=1 SV=3,False,False
P17074,-0.0116406911890969,27.7363471564281,-0.0562099849362413,0.955585989296096,0.972021925347244,-6.27204895722029,Small ribosomal subunit protein eS19 OS=Rattus norvegicus OX=10116 GN=Rps19 PE=1 SV=3,False,False
Q9JKE3,0.615626204273067,24.1340527913656,2.35438545775676,0.0260338326172353,0.113557079133685,-3.7583677522087,Secretory carrier-associated membrane protein 5 OS=Rattus norvegicus OX=10116 GN=Scamp5 PE=2 SV=1,False,False
P30839,-0.202546673377778,26.4142840253684,-1.26468694282336,0.216727854131355,0.423675570440898,-5.49682257309024,Aldehyde dehydrogenase family 3 member A2 OS=Rattus norvegicus OX=10116 GN=Aldh3a2 PE=1 SV=1,False,False
Q64057,0.471864689658787,28.1930842212147,3.34355847080575,0.0024238718525997,0.031663847187119,-1.62024796771422,Alpha-aminoadipic semialdehyde dehydrogenase OS=Rattus norvegicus OX=10116 GN=Aldh7a1 PE=1 SV=2,True,False
O35764,0.0753637490253887,28.8705226434427,0.598918584841297,0.554190051284374,0.717435513177854,-6.09536895127642,Neuronal pentraxin receptor OS=Rattus norvegicus OX=10116 GN=Nptxr PE=1 SV=1,False,False
P48679,0.0591244062069016,29.7967723423183,0.670249239218858,0.5083580575747,0.690885712224695,-6.05075907709869,Prelamin-A/C OS=Rattus norvegicus OX=10116 GN=Lmna PE=1 SV=1,False,False
P17659,-0.169253543968164,29.7872521688228,-0.878794983915745,0.387220962896635,0.593994763196963,-5.89279999397788,Potassium voltage-gated channel subfamily A member 6 OS=Rattus norvegicus OX=10116 GN=Kcna6 PE=1 SV=1,False,False
P29314,0.0494961567045777,30.321071947759,0.264739734929303,0.793208686672211,0.873901330280778,-6.23860854140301,Small ribosomal subunit protein uS4 OS=Rattus norvegicus OX=10116 GN=Rps9 PE=1 SV=4,False,False
P04904,-0.443224592317417,24.697676760492,-3.08131884470863,0.0046838376467945,0.0452910372453441,-2.22298851579466,Glutathione S-transferase alpha-3 OS=Rattus norvegicus OX=10116 GN=Gsta3 PE=1 SV=3,True,False
Q66HA6,0.130888118169267,27.509309549298,0.832913882963891,0.412157743292853,0.613984643722365,-5.93102633545082,ADP-ribosylation factor-like protein 8B OS=Rattus norvegicus OX=10116 GN=Arl8b PE=2 SV=1,False,False
P62483,-0.187877016357884,26.3795860469492,-1.95360885461947,0.0611183290032105,0.191303902631436,-4.49106181859301,Voltage-gated potassium channel subunit beta-2 OS=Rattus norvegicus OX=10116 GN=Kcnab2 PE=1 SV=1,False,False
G3V7P1,0.228432480307479,24.9231313228142,1.26601798004162,0.216258089730807,0.423675570440898,-5.49523425388969,Syntaxin-12 OS=Rattus norvegicus OX=10116 GN=Stx12 PE=1 SV=1,False,False
P47875,0.314423668340993,25.8603812964281,0.96450745100534,0.343301109420644,0.549609002577366,-5.81623376287976,Cysteine and glycine-rich protein 1 OS=Rattus norvegicus OX=10116 GN=Csrp1 PE=1 SV=2,False,False
D3ZFB6,-0.22792317316463,24.6452583644433,-1.54625224380461,0.133617115641377,0.31841739795139,-5.12883270879795,Proline-rich transmembrane protein 2 OS=Rattus norvegicus OX=10116 GN=Prrt2 PE=1 SV=1,False,False
Q6MG60,0.324012053776283,26.8925219064963,0.696170229833103,0.492237089611172,0.678235073853562,-6.03334722696478,Putative hydrolase DDAH2 OS=Rattus norvegicus OX=10116 GN=Ddah2 PE=1 SV=1,False,False
P12928,-0.426504211375676,27.0995126972863,-2.62797143001691,0.0139587281173142,0.0812758201669424,-3.20781875054184,Pyruvate kinase PKLR OS=Rattus norvegicus OX=10116 GN=Pklr PE=1 SV=2,False,False
Q62826,-0.107301343380819,29.6905043075628,-1.35756847043212,0.185773868548461,0.390666212889288,-5.38247242416003,Heterogeneous nuclear ribonucleoprotein M OS=Rattus norvegicus OX=10116 GN=Hnrnpm PE=1 SV=4,False,False
P29457,-0.257810706021587,28.5345079892017,-2.19074227532463,0.0372272527556001,0.138546786028573,-4.0689490008398,Serpin H1 OS=Rattus norvegicus OX=10116 GN=Serpinh1 PE=1 SV=1,False,False
B0BNM9,0.621566840561936,27.016996388606,3.99287924483154,0.0004471622279656,0.0138364769396229,-0.0557861795010934,Glycolipid transfer protein OS=Rattus norvegicus OX=10116 GN=GLTP PE=2 SV=1,True,False
Q63768,0.0399306513980306,27.0266701758163,0.24312340837731,0.809736565520246,0.887595850666423,-6.24408794083322,Adapter molecule crk OS=Rattus norvegicus OX=10116 GN=Crk PE=1 SV=1,False,False
Q5BJ92,-0.0177490151442328,26.1462330647409,-0.0874710118040253,0.930938837839193,0.955646219317389,-6.26980204991641,Serine/threonine-protein phosphatase 4 catalytic subunit OS=Rattus norvegicus OX=10116 GN=Ppp4c PE=2 SV=1,False,False
P36860,-0.116851760186812,27.5734279800621,-0.585571069231466,0.562998067237162,0.722562530166007,-6.10317507042456,Ras-related protein Ral-B OS=Rattus norvegicus OX=10116 GN=Ralb PE=2 SV=1,False,False
P70569,-0.0789964076686687,28.8478205443067,-0.811617625806003,0.424067014479136,0.620470112281535,-5.94810920232809,Unconventional myosin-Vb OS=Rattus norvegicus OX=10116 GN=Myo5b PE=1 SV=1,False,False
Q9ESM2,0.417462141114498,26.2453439414556,1.44036766657771,0.161191934270115,0.356442962201297,-5.27462601740602,Hyaluronan and proteoglycan link protein 2 OS=Rattus norvegicus OX=10116 GN=Hapln2 PE=2 SV=1,False,False
P49187,-0.946105060708298,22.4980766515556,-2.37457023669069,0.0248898849875492,0.109604555501898,-3.71904276674505,Mitogen-activated protein kinase 10 OS=Rattus norvegicus OX=10116 GN=Mapk10 PE=1 SV=3,False,False
P30835,-0.138888682384128,27.9604952886183,-0.845926348276047,0.40498501560884,0.610012200145165,-5.9203818422443,"ATP-dependent 6-phosphofructokinase, liver type OS=Rattus norvegicus OX=10116 GN=Pfkl PE=1 SV=3",False,False
P49186,0.0632660118770367,19.8169279382809,0.0848491646416786,0.933003645948495,0.956125517178134,-6.27002804171065,Mitogen-activated protein kinase 9 OS=Rattus norvegicus OX=10116 GN=Mapk9 PE=1 SV=1,False,False
P11951,0.514226333803695,27.4798728217748,2.27817539801782,0.0307981136783392,0.124456556394184,-3.90486340655531,Cytochrome c oxidase subunit 6C-2 OS=Rattus norvegicus OX=10116 GN=Cox6c2 PE=1 SV=3,False,False
P29419,0.149729079286828,25.7392393858792,0.611148292876155,0.546182647195693,0.710956498693432,-6.08806632822488,"ATP synthase subunit e, mitochondrial OS=Rattus norvegicus OX=10116 GN=Atp5me PE=1 SV=3",False,False
Q5FVI4,-0.349538731848494,22.9087933283103,-0.830494694081705,0.41349996883029,0.614135870356945,-5.93298803986101,Cell cycle exit and neuronal differentiation protein 1 OS=Rattus norvegicus OX=10116 GN=Cend1 PE=1 SV=1,False,False
O70351,-0.0693715406285271,29.0147434367362,-0.406588444492382,0.687496366582705,0.812836861363613,-6.1911745942483,3-hydroxyacyl-CoA dehydrogenase type-2 OS=Rattus norvegicus OX=10116 GN=Hsd17b10 PE=1 SV=3,False,False
Q9QX69,-0.367485035221119,26.3423284937763,-1.75746858952439,0.0901056240177623,0.250859616481328,-4.81277739652007,Glutathione S-transferase LANCL1 OS=Rattus norvegicus OX=10116 GN=Lancl1 PE=1 SV=2,False,False
P50503,0.0859136422378448,28.5087265818287,0.768440768394435,0.448855631729065,0.641306925016593,-5.98144988224301,Hsc70-interacting protein OS=Rattus norvegicus OX=10116 GN=St13 PE=1 SV=1,False,False
P61227,0.473660387550709,25.411871874956,1.73730020100804,0.0936632375948246,0.259430399783108,-4.84435619007199,Ras-related protein Rap-2b OS=Rattus norvegicus OX=10116 GN=Rap2b PE=2 SV=1,False,False
Q6LED0,0.577778927862404,28.227588674971,5.41423069173397,9.84184108993373e-06,0.0031839906163868,3.51378990751996,Histone H3.1 OS=Rattus norvegicus OX=10116 PE=1 SV=3,True,False
Q99MC0,0.017413343335356,26.7469012568491,0.0846361278118731,0.933171441973488,0.956125517178134,-6.27004610263242,Protein phosphatase 1 regulatory subunit 14A OS=Rattus norvegicus OX=10116 GN=Ppp1r14a PE=1 SV=1,False,False
Q5BJS7,-0.549940943962579,27.2560074956369,-2.7977563429301,0.0093465723439939,0.0683772089446096,-2.84860863566335,Copine-9 OS=Rattus norvegicus OX=10116 GN=Cpne9 PE=2 SV=1,False,False
P10818,0.200736354430411,25.0315529325522,0.709060402975958,0.48432933035482,0.67581665405327,-6.0244515264523,"Cytochrome c oxidase subunit 6A1, mitochondrial OS=Rattus norvegicus OX=10116 GN=Cox6a1 PE=1 SV=2",False,False
P06302,0.2627202630004,21.7070732404944,1.04061342278168,0.307229913766566,0.519872762724683,-5.74270310648167,Prothymosin alpha OS=Rattus norvegicus OX=10116 GN=Ptma PE=1 SV=2,False,False
Q5XII0,-0.966237588364095,28.6658896797347,-2.69068891991806,0.0120508434211029,0.077584877639491,-3.07658889279366,Mammalian ependymin-related protein 1 OS=Rattus norvegicus OX=10116 GN=Epdr1 PE=1 SV=1,False,False
P15385,0.377674963327088,25.008916741435,1.04193760899733,0.306626621389207,0.519872762724683,-5.74137811367549,Potassium voltage-gated channel subfamily A member 4 OS=Rattus norvegicus OX=10116 GN=Kcna4 PE=1 SV=1,False,False
P46418,-0.50457708720948,24.1640540980585,-1.08965424126993,0.285439024950354,0.495401384649413,-5.69260149859193,Glutathione S-transferase alpha-5 OS=Rattus norvegicus OX=10116 GN=Gsta5 PE=1 SV=2,False,False
P62775,0.215567141337054,22.2414203609514,0.702900132016489,0.488099384575877,0.676839479507907,-6.02872242847391,Myotrophin OS=Rattus norvegicus OX=10116 GN=Mtpn PE=1 SV=2,False,False
P23978,-0.449825308937804,28.8761665600176,-1.8770414462472,0.0712931015687991,0.213288477897816,-4.61974200871215,Sodium- and chloride-dependent GABA transporter 1 OS=Rattus norvegicus OX=10116 GN=Slc6a1 PE=1 SV=1,False,False
Q505J6,0.489512957025035,25.1421659365867,3.18230206054979,0.0036418314328048,0.0379240715550732,-1.99337217258528,Mitochondrial glutamate carrier 2 OS=Rattus norvegicus OX=10116 GN=Slc25a18 PE=2 SV=2,True,False
Q68A21,0.0660692597653671,27.0371110342795,0.634206298438213,0.53125184245043,0.705080570311048,-6.0739079672825,Transcriptional regulator protein Pur-beta OS=Rattus norvegicus OX=10116 GN=Purb PE=1 SV=3,False,False
P85968,-0.351346467705294,26.8057268424194,-2.23012949743868,0.0341946446379379,0.13178932435191,-3.99556927746903,"6-phosphogluconate dehydrogenase, decarboxylating OS=Rattus norvegicus OX=10116 GN=Pgd PE=1 SV=1",False,False
O08651,-0.0810432525959293,26.9425847353221,-0.595468870853754,0.556459677811078,0.717435513177854,-6.09740288252546,D-3-phosphoglycerate dehydrogenase OS=Rattus norvegicus OX=10116 GN=Phgdh PE=1 SV=3,False,False
Q7TP17,-1.28895302415289,22.1252222765512,-2.54528688125692,0.0169051971451824,0.0920016507951383,-3.37807340825201,Splicing factor U2AF 26 kDa subunit OS=Rattus norvegicus OX=10116 GN=U2af1l4 PE=2 SV=1,False,False
O70352,-0.359595363619551,23.421564205264,-1.79627012167537,0.0835836090142071,0.240108882128345,-4.75121889399918,CD82 antigen OS=Rattus norvegicus OX=10116 GN=Cd82 PE=1 SV=1,False,False
P05942,-0.630980608918289,23.2351897687658,-1.974404556313,0.0585839111337296,0.185898436910549,-4.45544938962031,Protein S100-A4 OS=Rattus norvegicus OX=10116 GN=S100a4 PE=2 SV=1,False,False
Q9WU82,0.324488395841794,28.0808535345039,1.53968101851284,0.135208546751063,0.321120298533774,-5.13813286810614,Catenin beta-1 OS=Rattus norvegicus OX=10116 GN=Ctnnb1 PE=1 SV=1,False,False
P62853,-0.33159526910395,25.23682637134,-2.33972190744374,0.0268947387718118,0.115583341626477,-3.78679974809239,Small ribosomal subunit protein eS25 OS=Rattus norvegicus OX=10116 GN=Rps25 PE=2 SV=1,False,False
P36972,0.161215624442026,27.5000337327221,0.987669526484295,0.332031887857518,0.544784428145188,-5.79440328181717,Adenine phosphoribosyltransferase OS=Rattus norvegicus OX=10116 GN=Aprt PE=1 SV=1,False,False
Q01728,-0.0367036244715422,26.8550235971829,-0.162985134078721,0.871736748649656,0.923768002727571,-6.26034514727823,Sodium/calcium exchanger 1 OS=Rattus norvegicus OX=10116 GN=Slc8a1 PE=1 SV=3,False,False
Q4KM74,-0.287821805951609,25.8594856745997,-0.994422205490429,0.328794491847218,0.541985440898839,-5.78794825982327,Vesicle-trafficking protein SEC22b OS=Rattus norvegicus OX=10116 GN=Sec22b PE=1 SV=3,False,False
P40112,0.113903887455884,26.1839235779612,0.944123445408019,0.353429831207899,0.5612382803492,-5.83504648894081,Proteasome subunit beta type-3 OS=Rattus norvegicus OX=10116 GN=Psmb3 PE=1 SV=1,False,False
Q6QLM7,0.605210434167606,28.6272140600418,4.44615184212794,0.0001332810507443,0.0096228918637452,1.07385415545111,Kinesin heavy chain isoform 5A OS=Rattus norvegicus OX=10116 GN=Kif5a PE=1 SV=1,True,False
Q02874,0.257967700921046,25.0763260669485,1.32934530316574,0.194792477793605,0.403123771030386,-5.41796877083059,Core histone macro-H2A.1 OS=Rattus norvegicus OX=10116 GN=Macroh2a1 PE=1 SV=5,False,False
O35763,-0.293824915640037,29.3628262567897,-2.6814183313147,0.0123166143588513,0.0777787500439463,-3.09609702314431,Moesin OS=Rattus norvegicus OX=10116 GN=Msn PE=1 SV=3,False,False
Q5FVJ0,-0.0285347905906974,28.562731142536,-0.25881007336602,0.797733120126521,0.877101491469058,-6.24015781204155,Protein RUFY3 OS=Rattus norvegicus OX=10116 GN=Rufy3 PE=1 SV=1,False,False
A8WCF8,-0.141542025276646,25.3615646818661,-0.453696380934626,0.653651745791117,0.794505994042402,-6.1710397686297,Tumor protein p63-regulated gene 1-like protein OS=Rattus norvegicus OX=10116 GN=Tprg1l PE=1 SV=1,False,False
P00787,-0.458153402588803,23.9884905384084,-2.4795932010348,0.0196462667605837,0.0959794277155342,-3.51101327956824,Cathepsin B OS=Rattus norvegicus OX=10116 GN=Ctsb PE=1 SV=2,False,False
Q63377,-0.0681313422056675,27.5560360726377,-0.613953488200957,0.544354516152236,0.710956498693432,-6.08637105467221,Sodium/potassium-transporting ATPase subunit beta-3 OS=Rattus norvegicus OX=10116 GN=Atp1b3 PE=1 SV=1,False,False
Q9R0I8,-0.363510182511288,27.5024563003358,-2.18265110617672,0.0378793882860416,0.140491018882819,-4.08391209746907,Phosphatidylinositol 5-phosphate 4-kinase type-2 alpha OS=Rattus norvegicus OX=10116 GN=Pip4k2a PE=1 SV=1,False,False
P10760,1.28312478165065,28.0394853592191,2.01836648346669,0.0535277143795843,0.17460998395509,-4.37925220793265,Adenosylhomocysteinase OS=Rattus norvegicus OX=10116 GN=Ahcy PE=1 SV=3,False,False
Q9WV97,0.466934713475759,26.2228038613663,2.46504658730311,0.0203062150097553,0.0977405815802888,-3.5401624314033,Mitochondrial import inner membrane translocase subunit Tim9 OS=Rattus norvegicus OX=10116 GN=Timm9 PE=1 SV=3,False,False
Q6GMN2,-0.236493714782505,27.832862605742,-1.91140269184638,0.0665581541984614,0.203049242244884,-4.56247322438979,BAR/IMD domain-containing adapter protein 2 OS=Rattus norvegicus OX=10116 GN=Baiap2 PE=1 SV=1,False,False
P04094,-1.15191468049215,26.0352727311379,-1.58872861166616,0.123695899600162,0.303082939518043,-5.0679251065741,Proenkephalin-A OS=Rattus norvegicus OX=10116 GN=Penk PE=1 SV=1,False,False
Q5M7U6,0.0152096417777869,25.0005328017461,0.0694151864918569,0.945167682488647,0.9656760378634,-6.27121905348941,Actin-related protein 2 OS=Rattus norvegicus OX=10116 GN=Actr2 PE=2 SV=1,False,False
Q499N5,-0.342176260259095,28.0093892175652,-2.22381904406119,0.0346650232105633,0.132651857880157,-4.00738577551755,"Medium-chain acyl-CoA ligase ACSF2, mitochondrial OS=Rattus norvegicus OX=10116 GN=Acsf2 PE=2 SV=1",False,False
Q60587,0.499834314768997,26.7244701761321,3.26043608004704,0.0029921700908897,0.0337478617096713,-1.81352595622008,"Trifunctional enzyme subunit beta, mitochondrial OS=Rattus norvegicus OX=10116 GN=Hadhb PE=1 SV=1",True,False
D3ZW55,0.502767809151429,23.6242169659171,3.28091524839544,0.0028412769682334,0.0327351378361359,-1.76608889885109,Inosine triphosphate pyrophosphatase OS=Rattus norvegicus OX=10116 GN=Itpa PE=3 SV=1,True,False
Q6Q629,0.291677500083605,27.4918835145995,2.29485285527125,0.0296925520996461,0.122184692482787,-3.87307644447928,Inactive dipeptidyl peptidase 10 OS=Rattus norvegicus OX=10116 GN=Dpp10 PE=1 SV=1,False,False
P37199,-0.281713202472552,28.6723023616922,-1.58121325597161,0.125405737511402,0.30520092971876,-5.0788008287678,Nuclear pore complex protein Nup155 OS=Rattus norvegicus OX=10116 GN=Nup155 PE=1 SV=1,False,False
P45479,-0.14353268765425,24.4748566197339,-1.04940346980367,0.303240727234249,0.516367464771528,-5.73387870104691,Palmitoyl-protein thioesterase 1 OS=Rattus norvegicus OX=10116 GN=Ppt1 PE=1 SV=1,False,False
Q62698,-0.087605504863447,28.3794669013994,-0.505876163115885,0.617024869592345,0.770323812609441,-6.14620571394743,Cytoplasmic dynein 1 light intermediate chain 2 OS=Rattus norvegicus OX=10116 GN=Dync1li2 PE=1 SV=1,False,False
P47863,-0.119406575767034,23.5844523083044,-0.569545261625857,0.573666890562179,0.730060214428719,-6.11232103794155,Aquaporin-4 OS=Rattus norvegicus OX=10116 GN=Aqp4 PE=1 SV=1,False,False
P30904,0.328585564918132,27.4626258371562,1.52135232337065,0.139729249217497,0.327547136152704,-5.16389846769713,Macrophage migration inhibitory factor OS=Rattus norvegicus OX=10116 GN=Mif PE=1 SV=4,False,False
P52287,0.327543325651479,26.5141226084806,2.60245320247768,0.0148127458708037,0.0844326514635812,-3.26070316737456,Guanine nucleotide-binding protein G(I)/G(S)/G(T) subunit beta-3 OS=Rattus norvegicus OX=10116 GN=Gnb3 PE=1 SV=1,False,False
P56603,-0.224807801359905,26.2501395691235,-0.824312097437851,0.416942622340699,0.615687468459339,-5.93797686387123,Secretory carrier-associated membrane protein 1 OS=Rattus norvegicus OX=10116 GN=Scamp1 PE=1 SV=1,False,False
Q9Z252,-0.63457885779621,25.6089147099689,-2.24546636084628,0.0330753569206856,0.129784824438777,-3.96675616004266,Protein lin-7 homolog B OS=Rattus norvegicus OX=10116 GN=Lin7b PE=1 SV=1,False,False
P40241,0.922120586089335,26.4860094987565,3.96779765305795,0.0004778813956853,0.0143762653202018,-0.117627138822183,CD9 antigen OS=Rattus norvegicus OX=10116 GN=Cd9 PE=1 SV=2,True,False
Q5PQK1,-0.535301051681984,29.3532388264686,-4.06956482278505,0.0003648038525397,0.0119721991606211,0.133807845394719,Septin-10 OS=Rattus norvegicus OX=10116 GN=Septin10 PE=1 SV=1,True,False
P11884,-0.0898856163406982,26.239054448585,-0.397176475418827,0.694341277879823,0.816549633181582,-6.19493657369397,"Aldehyde dehydrogenase, mitochondrial OS=Rattus norvegicus OX=10116 GN=Aldh2 PE=1 SV=1",False,False
Q9Z2S9,-0.242758739923914,28.1431374053273,-2.10185723083485,0.0449750925409976,0.156664279937472,-4.23120529820212,Flotillin-2 OS=Rattus norvegicus OX=10116 GN=Flot2 PE=1 SV=1,False,False
Q6QIX3,-0.296060919731378,26.8901449346326,-0.965235701052053,0.342942902336906,0.549609002577366,-5.81555471986279,Probable proton-coupled zinc antiporter SLC30A3 OS=Rattus norvegicus OX=10116 GN=Slc30a3 PE=1 SV=1,False,False
Q9ESW0,0.289436824861873,27.8689786131066,2.54609739581681,0.0168737051696591,0.0920016507951383,-3.3764201377363,DNA damage-binding protein 1 OS=Rattus norvegicus OX=10116 GN=Ddb1 PE=1 SV=1,False,False
P62744,0.887543858305595,24.7995549656033,2.67729711299575,0.0124365130873919,0.0777787500439463,-3.10475714679422,AP-2 complex subunit sigma OS=Rattus norvegicus OX=10116 GN=Ap2s1 PE=1 SV=1,False,False
Q9Z270,-0.693407865475287,27.3525764842284,-1.85359219382572,0.0746893368185525,0.221006972061455,-4.65836976964609,Vesicle-associated membrane protein-associated protein A OS=Rattus norvegicus OX=10116 GN=Vapa PE=1 SV=3,False,False
Q6P799,-0.188851352020137,28.4536350317431,-1.61882610654019,0.117039901333005,0.29495577154466,-5.02394576385024,"Serine--tRNA ligase, cytoplasmic OS=Rattus norvegicus OX=10116 GN=Sars1 PE=1 SV=3",False,False
P53812,-0.511225298174605,30.8976127409145,-2.50824322330551,0.0184039430416712,0.09357497800061,-3.45329572404066,Phosphatidylinositol transfer protein beta isoform OS=Rattus norvegicus OX=10116 GN=Pitpnb PE=1 SV=2,False,False
P27881,-0.287636004893461,29.686365657205,-2.3514867146573,0.0262019994852668,0.113557079133685,-3.76399742222175,Hexokinase-2 OS=Rattus norvegicus OX=10116 GN=Hk2 PE=1 SV=1,False,False
P20759,0.483215326751086,21.2337526078825,1.42507567205836,0.16552600170587,0.363619999690582,-5.29495636064769,Ig gamma-1 chain C region OS=Rattus norvegicus OX=10116 PE=1 SV=1,False,False
P22831,-0.0232410174331328,23.9083486248957,-0.140251021895457,0.889496576555642,0.935266788747341,-6.26379141208034,Synaptoporin OS=Rattus norvegicus OX=10116 GN=Synpr PE=1 SV=2,False,False
P52555,0.54341886446305,25.6253030921722,2.26244663638241,0.0318748305575676,0.12644850364046,-3.93470055212442,Endoplasmic reticulum resident protein 29 OS=Rattus norvegicus OX=10116 GN=Erp29 PE=1 SV=2,False,False
P47861,-0.168803449356449,28.1580556135368,-1.30252383591863,0.203673966649754,0.412297020339596,-5.45109795364791,Synaptotagmin-5 OS=Rattus norvegicus OX=10116 GN=Syt5 PE=1 SV=1,False,False
P28572,-0.541658161095604,23.6303938351831,-1.63679028555732,0.113210562503684,0.290434490394758,-4.99737457768887,Sodium- and chloride-dependent glycine transporter 1 OS=Rattus norvegicus OX=10116 GN=Slc6a9 PE=1 SV=2,False,False
P49621,-0.163340135248408,29.9090363145642,-0.928656209667179,0.361247282219147,0.5703072983139,-5.84907087391253,Diacylglycerol kinase beta OS=Rattus norvegicus OX=10116 GN=Dgkb PE=1 SV=1,False,False
Q9EPH8,-0.0292865911039293,28.5135067511199,-0.312830587696712,0.756798791858898,0.855658469202934,-6.22475528172051,Polyadenylate-binding protein 1 OS=Rattus norvegicus OX=10116 GN=Pabpc1 PE=1 SV=1,False,False
P21533,0.283059075588049,29.5446012395146,2.53166267764431,0.0174427699043861,0.0924680556412458,-3.40581650685528,Large ribosomal subunit protein eL6 OS=Rattus norvegicus OX=10116 GN=Rpl6 PE=1 SV=5,False,False
Q4KLH4,-0.124895383991923,28.6888575756579,-0.859845244384351,0.397400449162556,0.603417230241995,-5.90882301110388,Paraspeckle component 1 OS=Rattus norvegicus OX=10116 GN=Pspc1 PE=1 SV=1,False,False
P20717,0.117565738851599,28.4638226394074,1.09374360559739,0.283673011711802,0.493919407851899,-5.6883283592281,Protein-arginine deiminase type-2 OS=Rattus norvegicus OX=10116 GN=Padi2 PE=1 SV=1,False,False
P00406,0.0077231950096319,25.2267989211153,0.0462574514534503,0.96344349002326,0.973329570611185,-6.27255916572363,Cytochrome c oxidase subunit 2 OS=Rattus norvegicus OX=10116 GN=Mt-co2 PE=1 SV=3,False,False
Q62703,-0.590131058900404,24.0327895898147,-1.10943667591017,0.276968454923166,0.486536845452167,-5.67179461428641,Reticulocalbin-2 OS=Rattus norvegicus OX=10116 GN=Rcn2 PE=1 SV=2,False,False
P61150,-0.574563438289925,27.8161816503676,-2.98990057769311,0.0058679236507734,0.0516663521446148,-2.42791256827587,Fibroblast growth factor 12 OS=Rattus norvegicus OX=10116 GN=Fgf12 PE=1 SV=1,False,False
P04218,0.569385257423548,28.1641410364144,1.72347255398486,0.0961705260968772,0.264346902951569,-4.86583999930174,OX-2 membrane glycoprotein OS=Rattus norvegicus OX=10116 GN=Cd200 PE=2 SV=1,False,False
P29418,-0.207098853981922,29.5040510262756,-1.63769388945878,0.113020730213809,0.290434490394758,-4.99603172985054,"ATP synthase subunit epsilon, mitochondrial OS=Rattus norvegicus OX=10116 GN=Atp5f1e PE=1 SV=2",False,False
Q4KLF8,0.0959045297731542,23.4270607301851,0.246146472820853,0.807419535062177,0.885952742119896,-6.24334956297116,Actin-related protein 2/3 complex subunit 5 OS=Rattus norvegicus OX=10116 GN=Arpc5 PE=1 SV=3,False,False
O88778,-0.0931700741761183,30.1839307830454,-0.911908211211437,0.369840212966321,0.581330842732258,-5.86401182818897,Protein bassoon OS=Rattus norvegicus OX=10116 GN=Bsn PE=1 SV=3,False,False
P01835,-0.239817214893069,22.8180972745691,-0.651170264541536,0.520408240559819,0.69814126904042,-6.06316698810051,"Ig kappa chain C region, B allele OS=Rattus norvegicus OX=10116 PE=1 SV=1",False,False
P19132,-0.326592632724996,27.0817441744453,-2.02306248433877,0.0530110266555442,0.17344695428385,-4.37104034130585,Ferritin heavy chain OS=Rattus norvegicus OX=10116 GN=Fth1 PE=1 SV=3,False,False
Q62847,-0.0580859105857634,26.8412839126319,-0.547882146019813,0.588247612178936,0.744701957668841,-6.12429047321542,Gamma-adducin OS=Rattus norvegicus OX=10116 GN=Add3 PE=1 SV=3,False,False
P34064,-0.310209336654211,26.9575380532209,-0.580683848541745,0.566240894034745,0.724868662221783,-6.10599043530536,Proteasome subunit alpha type-5 OS=Rattus norvegicus OX=10116 GN=Psma5 PE=1 SV=1,False,False
P62703,0.302093288052884,26.9307001845111,2.4975886743315,0.018857220590543,0.0946638836337119,-3.47480741242033,Small ribosomal subunit protein eS4 OS=Rattus norvegicus OX=10116 GN=Rps4x PE=1 SV=2,False,False
Q63421,-0.10433121259031,29.5344938932373,-0.966363620336283,0.342388606474084,0.549609002577366,-5.81450207076148,"Dual specificity calcium/calmodulin-dependent 3',5'-cyclic nucleotide phosphodiesterase 1C OS=Rattus norvegicus OX=10116 GN=Pde1c PE=1 SV=1",False,False
Q66HR2,-0.728322240034984,26.3535022574905,-4.02712830201155,0.0004083333091539,0.0130066168768749,0.0287956733155657,Microtubule-associated protein RP/EB family member 1 OS=Rattus norvegicus OX=10116 GN=Mapre1 PE=1 SV=3,True,False
P61314,0.0944126069400575,28.9253347309331,0.891193391716021,0.380652419608626,0.589387205381267,-5.88213831505569,Large ribosomal subunit protein eL15 OS=Rattus norvegicus OX=10116 GN=Rpl15 PE=1 SV=2,False,False
P56536,-0.254822683225427,29.8559350008394,-1.46846834758909,0.15346402499621,0.347010510155845,-5.23678542825299,Kinesin heavy chain isoform 5C OS=Rattus norvegicus OX=10116 GN=Kif5c PE=1 SV=3,False,False
Q66HL2,-0.200138009994035,29.4130528868372,-1.68445651478644,0.103552476282128,0.275811181581601,-4.92571954190332,Src substrate cortactin OS=Rattus norvegicus OX=10116 GN=Cttn PE=1 SV=1,False,False
Q5XI22,-0.294977698607966,26.173361144576,-1.23162122996276,0.228647894716631,0.433819840560395,-5.53580379438921,"Acetyl-CoA acetyltransferase, cytosolic OS=Rattus norvegicus OX=10116 GN=Acat2 PE=1 SV=1",False,False
Q6AY30,-0.39103473640176,27.4209503501208,-1.62441138726292,0.115837968924925,0.294489484379563,-5.0157100862813,Saccharopine dehydrogenase-like oxidoreductase OS=Rattus norvegicus OX=10116 GN=Sccpdh PE=1 SV=1,False,False
P24268,-0.851343341262936,25.5678837253096,-4.70676476760885,6.61037957331245e-05,0.0068020272493242,1.73000487921581,Cathepsin D OS=Rattus norvegicus OX=10116 GN=Ctsd PE=1 SV=1,True,False
Q52KK3,0.22105304803971,26.3495548876201,1.02982197421384,0.312177379301357,0.523356194711099,-5.75344325415709,Mitochondrial nicotinamide adenine dinucleotide transporter SLC25A51 OS=Rattus norvegicus OX=10116 GN=Slc25a51 PE=2 SV=1,False,False
A0JPJ7,0.247604693079673,27.6626575694758,1.19406143728081,0.242778378595982,0.449056877773793,-5.57896562222479,Obg-like ATPase 1 OS=Rattus norvegicus OX=10116 GN=Ola1 PE=2 SV=1,False,False
P35465,0.0642847705931722,26.3587591354542,0.340400421258627,0.736173760852182,0.842786662793777,-6.21578082785962,Serine/threonine-protein kinase PAK 1 OS=Rattus norvegicus OX=10116 GN=Pak1 PE=1 SV=3,False,False
P97576,0.519368373600891,26.1174363086457,3.25235334402426,0.0030538231279296,0.0337478617096713,-1.83221494824382,"GrpE protein homolog 1, mitochondrial OS=Rattus norvegicus OX=10116 GN=Grpel1 PE=1 SV=2",True,False
B2RZ37,-0.296709779460969,28.2787002711483,-1.03853299396976,0.308179421670588,0.519872762724683,-5.74478166936521,Receptor expression-enhancing protein 5 OS=Rattus norvegicus OX=10116 GN=Reep5 PE=1 SV=1,False,False
P25093,-0.362485953887589,25.3779780233426,-2.26485767842903,0.0317076010034076,0.126247543701068,-3.9301358213527,Fumarylacetoacetase OS=Rattus norvegicus OX=10116 GN=Fah PE=1 SV=1,False,False
Q3KRE0,0.325231617935199,30.6534748960994,1.57644575802174,0.12650045117178,0.306487670288675,-5.08567797702292,ATPase family AAA domain-containing protein 3A OS=Rattus norvegicus OX=10116 GN=Atad3a PE=1 SV=1,False,False
P56571,0.316119580129826,25.8532994824634,0.817015989313818,0.421028197639193,0.617850322551824,-5.9438186549815,"ES1 protein homolog, mitochondrial OS=Rattus norvegicus OX=10116 PE=1 SV=2",False,False
Q2PQA9,-0.287976632517836,29.9032101883962,-2.8976627627325,0.0073478889062789,0.0571374339031598,-2.631633397791,Kinesin-1 heavy chain OS=Rattus norvegicus OX=10116 GN=Kif5b PE=1 SV=1,False,False
Q6J4I0,-0.317976667807805,25.1050288889755,-1.99387728984986,0.0562947413205553,0.181150336529477,-4.42185018273385,Protein phosphatase 1 regulatory subunit 1B OS=Rattus norvegicus OX=10116 GN=Ppp1r1b PE=1 SV=1,False,False
Q9WV63,-0.295514047551524,28.2366751708916,-1.69218544225161,0.10205347123177,0.274416963423952,-4.91394482495131,Kinesin-like protein KIF2A OS=Rattus norvegicus OX=10116 GN=Kif2a PE=1 SV=2,False,False
P62856,-0.70494929740698,24.6792077687575,-2.04321506540109,0.050843324290551,0.169948519156379,-4.33564240924627,Small ribosomal subunit protein eS26 OS=Rattus norvegicus OX=10116 GN=Rps26 PE=3 SV=3,False,False
Q63210,-0.258308038004873,27.6739441112776,-1.15051310302314,0.259961431184586,0.468334852619166,-5.62750562982486,Guanine nucleotide-binding protein subunit alpha-12 OS=Rattus norvegicus OX=10116 GN=Gna12 PE=1 SV=3,False,False
Q9QZR6,-0.0818796983943209,29.8440234390503,-0.963963026122018,0.34356906255298,0.549609002577366,-5.81674108976887,Septin-9 OS=Rattus norvegicus OX=10116 GN=Septin9 PE=1 SV=1,False,False
P0DN35,0.060562935461725,25.6620816469892,0.289637495742343,0.774293125657254,0.866091664431364,-6.2317225647455,NADH dehydrogenase [ubiquinone] 1 beta subcomplex subunit 1 OS=Rattus norvegicus OX=10116 GN=Ndufb1 PE=3 SV=1,False,False
Q9R1N3,-0.0581316140299251,28.538771575127,-0.466751627379729,0.644399977739588,0.789078434752574,-6.16507540459067,Sodium bicarbonate cotransporter 3 OS=Rattus norvegicus OX=10116 GN=Slc4a7 PE=1 SV=1,False,False
P62870,0.289540945686234,22.1848746420032,0.973785219962038,0.338756486944346,0.548463480909029,-5.80754721046844,Elongin-B OS=Rattus norvegicus OX=10116 GN=Elob PE=1 SV=1,False,False
B2GUZ5,-0.260694493646231,24.7494030193213,-0.321381690040718,0.750381277822576,0.853389245962973,-6.22205214773028,F-actin-capping protein subunit alpha-1 OS=Rattus norvegicus OX=10116 GN=Capza1 PE=1 SV=1,False,False
P08050,0.101132343861106,27.5824584206834,0.358749254321833,0.72255632407062,0.834990308445633,-6.20939184682706,Gap junction alpha-1 protein OS=Rattus norvegicus OX=10116 GN=Gja1 PE=1 SV=2,False,False
Q9Z1Z3,-0.756643034183433,28.6573758703737,-3.69697466933522,0.0009742459815672,0.0171673963077892,-0.779104662884366,Epsin-2 OS=Rattus norvegicus OX=10116 GN=Epn2 PE=1 SV=1,True,False
P62755,-0.418145727025873,27.8150822913879,-1.44472467517696,0.159973770554845,0.355752758749275,-5.26879959174334,Small ribosomal subunit protein eS6 OS=Rattus norvegicus OX=10116 GN=Rps6 PE=1 SV=1,False,False
Q6Q7Y5,-0.279492683230057,26.4783630233418,-1.47718374063964,0.151128563376897,0.346026466998138,-5.22492325734348,Guanine nucleotide-binding protein subunit alpha-13 OS=Rattus norvegicus OX=10116 GN=Gna13 PE=1 SV=1,False,False
P19492,-0.219267623244331,27.3591895849347,-1.14541194639342,0.262031044485421,0.470173411722832,-5.63308504566017,Glutamate receptor 3 OS=Rattus norvegicus OX=10116 GN=Gria3 PE=1 SV=1,False,False
P51583,-0.0721133809256642,27.8275914525408,-0.914436717660916,0.368534373962379,0.580120242734384,-5.86177247933456,Bifunctional phosphoribosylaminoimidazole carboxylase/phosphoribosylaminoimidazole succinocarboxamide synthetase OS=Rattus norvegicus OX=10116 GN=Paics PE=1 SV=3,False,False
Q7TMA5,-0.395549077442563,31.4564830508,-2.71487033060035,0.0113826397638664,0.0768297052737016,-3.02552689709889,Apolipoprotein B-100 OS=Rattus norvegicus OX=10116 GN=Apob PE=1 SV=1,False,False
P63326,0.122702452118446,28.0059729207811,0.750184658315931,0.459593081391826,0.653372405948097,-5.9950232052494,Small ribosomal subunit protein eS10 OS=Rattus norvegicus OX=10116 GN=Rps10 PE=1 SV=1,False,False
P50878,-0.208567761033716,29.0783783730536,-1.99323449862989,0.0563690336199757,0.181150336529477,-4.42296315833205,Large ribosomal subunit protein uL4 OS=Rattus norvegicus OX=10116 GN=Rpl4 PE=1 SV=3,False,False
P53678,-0.395673162817424,25.9686247635196,-3.9069090700354,0.0005613540741505,0.014829829220783,-0.267379515056894,AP-3 complex subunit mu-2 OS=Rattus norvegicus OX=10116 GN=Ap3m2 PE=2 SV=1,True,False
P29348,-0.687500902855803,24.3737582316133,-2.67882118665543,0.0123920466074121,0.0777787500439463,-3.10155540900993,Guanine nucleotide-binding protein G(t) subunit alpha-3 OS=Rattus norvegicus OX=10116 GN=Gnat3 PE=1 SV=3,False,False
P06866,-0.181702565788598,26.5768152288225,-1.5028793644857,0.144409034423513,0.334177316839026,-5.18960527565476,Haptoglobin OS=Rattus norvegicus OX=10116 GN=Hp PE=1 SV=3,False,False
Q3ZB98,-0.321217952636399,28.5837925853713,-2.62963398497029,0.0139047100903283,0.0812758201669424,-3.20436288273619,Breast carcinoma-amplified sequence 1 homolog OS=Rattus norvegicus OX=10116 GN=Bcas1 PE=1 SV=3,False,False
P02454,-0.0883363704068323,30.1927827076896,-0.920996356411276,0.365160814385053,0.575646523986917,-5.85593588451834,Collagen alpha-1(I) chain OS=Rattus norvegicus OX=10116 GN=Col1a1 PE=1 SV=5,False,False
Q6P7S1,0.106786570159201,31.4342781802329,0.434393579952023,0.667434190290805,0.805831915367828,-6.17955304252906,Acid ceramidase OS=Rattus norvegicus OX=10116 GN=Asah1 PE=1 SV=1,False,False
P05426,-0.0249569322408121,27.1396019795053,-0.200017144327137,0.842957210062505,0.907315267092069,-6.2536276387308,Large ribosomal subunit protein uL30 OS=Rattus norvegicus OX=10116 GN=Rpl7 PE=1 SV=2,False,False
P13601,-0.4314353470565,26.9116707215789,-1.41384429608805,0.16876779274458,0.366283606297356,-5.30976990309044,"Aldehyde dehydrogenase, cytosolic 1 OS=Rattus norvegicus OX=10116 GN=Aldh1a7 PE=1 SV=2",False,False
P62859,-0.545209959189933,25.361824625952,-2.15783921725246,0.0399436001372138,0.146144996447982,-4.12955823476294,Small ribosomal subunit protein eS28 OS=Rattus norvegicus OX=10116 GN=Rps28 PE=1 SV=1,False,False
P0DJJ3,0.422540825521512,26.9508681078671,3.07294171109209,0.0047820479104554,0.0458314857258691,-2.24188639657334,SH3-containing GRB2-like protein 3-interacting protein 1 OS=Rattus norvegicus OX=10116 GN=Sgip1 PE=1 SV=1,True,False
P05508,0.0182844687992656,25.2172535004184,0.130310891195488,0.89728079363053,0.93889381594383,-6.26513611901145,NADH-ubiquinone oxidoreductase chain 4 OS=Rattus norvegicus OX=10116 GN=Mt-nd4 PE=3 SV=3,False,False
P04903,0.0982960202033141,27.5387537569505,0.882126165547001,0.385449004097875,0.592115278635459,-5.88994925858811,Glutathione S-transferase alpha-2 OS=Rattus norvegicus OX=10116 GN=Gsta2 PE=1 SV=2,False,False
P15800,-0.351823887788516,27.9764284143666,-1.26496410881559,0.216629969774851,0.423675570440898,-5.49649195431324,Laminin subunit beta-2 OS=Rattus norvegicus OX=10116 GN=Lamb2 PE=1 SV=1,False,False
P85972,-0.137827563619144,29.3221824719089,-1.23140671896214,0.228726804210513,0.433819840560395,-5.53605368480252,Vinculin OS=Rattus norvegicus OX=10116 GN=Vcl PE=1 SV=1,False,False
P00502,-0.445895006374517,26.3218830411204,-1.77731305664413,0.0867178705234083,0.244988433901555,-4.7814258192501,Glutathione S-transferase alpha-1 OS=Rattus norvegicus OX=10116 GN=Gsta1 PE=1 SV=3,False,False
P51647,-0.0929646957728743,27.6863676087164,-0.964131428780344,0.343486163659069,0.549609002577366,-5.81658419084099,Aldehyde dehydrogenase 1A1 OS=Rattus norvegicus OX=10116 GN=Aldh1a1 PE=1 SV=3,False,False
P04550,-0.0682456368902464,23.1201684652687,-0.198048706082943,0.844481799841926,0.907315267092069,-6.25401910441558,Parathymosin OS=Rattus norvegicus OX=10116 GN=Ptms PE=1 SV=2,False,False
Q9JMB5,-0.0979142676972167,25.9402427921479,-0.543363255041069,0.591311791268718,0.746376072195829,-6.12673011557279,Proteasomal ubiquitin receptor ADRM1 OS=Rattus norvegicus OX=10116 GN=Adrm1 PE=1 SV=2,False,False
P19024,-0.37826356281434,26.9738762814199,-1.19313120936748,0.243136399607689,0.449056877773793,-5.58001941067788,Potassium voltage-gated channel subfamily A member 5 OS=Rattus norvegicus OX=10116 GN=Kcna5 PE=1 SV=1,False,False
Q9Z2F5,-0.128747925283626,28.3653472291266,-0.904243569331091,0.373817117958014,0.584190387804516,-5.87076437926282,C-terminal-binding protein 1 OS=Rattus norvegicus OX=10116 GN=Ctbp1 PE=1 SV=3,False,False
Q6P7B0,0.234336826815834,26.9408710804781,1.21632648820855,0.234325608439817,0.438298158791575,-5.55352384213971,"Tryptophan--tRNA ligase, cytoplasmic OS=Rattus norvegicus OX=10116 GN=Wars1 PE=1 SV=2",False,False
Q9Z2L9,-0.333539511496426,28.0209477145503,-1.51541762008971,0.141219081506668,0.329612640671813,-5.17218586059479,Protein NDRG4 OS=Rattus norvegicus OX=10116 GN=Ndrg4 PE=1 SV=1,False,False
P62914,0.0493759431700909,27.9845805010121,0.380249628203388,0.706717582895339,0.823869905571208,-6.20148312517753,Large ribosomal subunit protein uL5 OS=Rattus norvegicus OX=10116 GN=Rpl11 PE=1 SV=2,False,False
Q63150,-0.139917037500069,26.6618922862262,-0.651788532686168,0.520015321261258,0.69814126904042,-6.06277033640491,Dihydropyrimidinase OS=Rattus norvegicus OX=10116 GN=Dpys PE=1 SV=2,False,False
Q62881,3.9920083618766,24.3846458898202,4.10386100779725,0.0003329951893583,0.0118880775868416,0.218837684821247,Nucleolar protein 3 OS=Rattus norvegicus OX=10116 GN=Nol3 PE=1 SV=1,True,True
O55096,0.0537712563630777,29.1490600594895,0.41247466957852,0.683229234516058,0.810445917522582,-6.18877764281939,Dipeptidyl peptidase 3 OS=Rattus norvegicus OX=10116 GN=Dpp3 PE=1 SV=2,False,False
P63159,0.283635932578154,27.0728321143262,2.67151616810981,0.0126065374349239,0.0780164573829862,-3.11689226448315,High mobility group protein B1 OS=Rattus norvegicus OX=10116 GN=Hmgb1 PE=1 SV=2,False,False
O89046,-0.267052050164477,27.9362061201261,-1.59638709527657,0.12197330872481,0.300939703045564,-5.05679859094029,Coronin-1B OS=Rattus norvegicus OX=10116 GN=Coro1b PE=1 SV=1,False,False
Q8CGU9,-0.10675541020461,28.529799214208,-1.30511931014579,0.202801136473653,0.411298934084206,-5.44791796023201,Tryptophan 5-hydroxylase 2 OS=Rattus norvegicus OX=10116 GN=Tph2 PE=1 SV=1,False,False
P06349,0.241256822800615,27.9117280878447,1.07066906695531,0.293740608491054,0.504954093644146,-5.71224814124993,Histone H1t OS=Rattus norvegicus OX=10116 GN=H1-6 PE=1 SV=2,False,False
Q63604,0.0864464175776654,26.7788052802916,0.620829379973591,0.53988715740008,0.708154343524762,-6.08218382506514,BDNF/NT-3 growth factors receptor OS=Rattus norvegicus OX=10116 GN=Ntrk2 PE=1 SV=1,False,False
Q71LX6,-0.0184698008447342,31.7752801406571,-0.123363265353322,0.902727803740418,0.943053636086419,-6.26601740799867,Xin actin-binding repeat-containing protein 2 OS=Rattus norvegicus OX=10116 GN=Xirp2 PE=1 SV=1,False,False
Q68FR9,-0.264863465790445,25.7710968662928,-0.973786009365149,0.338756102005411,0.548463480909029,-5.80754646807735,Elongation factor 1-delta OS=Rattus norvegicus OX=10116 GN=Eef1d PE=1 SV=2,False,False
Q8CFD0,0.253200769025529,24.7727028617299,1.78678525054108,0.0851394760913837,0.243442332542784,-4.76636376329578,Sideroflexin-5 OS=Rattus norvegicus OX=10116 GN=Sfxn5 PE=1 SV=1,False,False
Q9Z2G8,-0.267156725934868,26.529515547031,-2.71342472061726,0.0114215905346869,0.0768297052737016,-3.02858662110065,Nucleosome assembly protein 1-like 1 OS=Rattus norvegicus OX=10116 GN=Nap1l1 PE=1 SV=1,False,False
D4A3K5,-0.259280445837007,28.56828646249,-2.15174241480391,0.0404659996278412,0.147062676499839,-4.14071897675396,Histone H1.1 OS=Rattus norvegicus OX=10116 GN=H1-1 PE=1 SV=1,False,False
Q5EB77,0.547697913446427,23.6219182290774,2.24270019097421,0.0332747536704276,0.129854379827784,-3.9719627760107,Ras-related protein Rab-18 OS=Rattus norvegicus OX=10116 GN=Rab18 PE=2 SV=1,False,False
Q6PTT0,-0.3928720598947,24.9490613135335,-1.61481370744048,0.117909721737324,0.296278952764553,-5.02984786485473,Aminoacylase-1B OS=Rattus norvegicus OX=10116 GN=Acy1b PE=1 SV=1,False,False
P18420,-0.0083529365573333,25.7507284871741,-0.0521195290014121,0.95881488855767,0.972174676059988,-6.27227064508312,Proteasome subunit alpha type-1 OS=Rattus norvegicus OX=10116 GN=Psma1 PE=1 SV=2,False,False
P17475,-0.376045972365525,26.2209449597727,-1.38968960510955,0.175910005423185,0.375020739908089,-5.34128726697875,Alpha-1-antiproteinase OS=Rattus norvegicus OX=10116 GN=Serpina1 PE=1 SV=2,False,False
Q6AYS7,0.18707368093408,27.4158687011085,0.390939293023578,0.698891897815657,0.820619875594563,-6.19738162521911,Aminoacylase-1A OS=Rattus norvegicus OX=10116 GN=Acy1a PE=1 SV=1,False,False
Q03555,0.0891975817273902,29.7210153119333,0.481785245931213,0.633817894667721,0.780028159005843,-6.15800113122541,Gephyrin OS=Rattus norvegicus OX=10116 GN=Gphn PE=1 SV=3,False,False
P29266,-0.31267769551787,27.3829032827404,-1.60411258988632,0.120255753414065,0.300085209556296,-5.04553018140944,"3-hydroxyisobutyrate dehydrogenase, mitochondrial OS=Rattus norvegicus OX=10116 GN=Hibadh PE=1 SV=3",False,False
P23928,-0.433816600763571,25.7090902718051,-0.825516770779066,0.416270427636459,0.615687468459339,-5.93700757159534,Alpha-crystallin B chain OS=Rattus norvegicus OX=10116 GN=Cryab PE=1 SV=1,False,False
P13803,-0.087774935078972,26.8061320614901,-0.596683016736407,0.555660324622413,0.717435513177854,-6.09668833315052,"Electron transfer flavoprotein subunit alpha, mitochondrial OS=Rattus norvegicus OX=10116 GN=Etfa PE=1 SV=4",False,False
Q5FVI3,-0.889639370636697,26.9828895357374,-2.15490210621586,0.040194505534009,0.146567843411891,-4.13493762343276,Leucine-rich repeat-containing protein 57 OS=Rattus norvegicus OX=10116 GN=Lrrc57 PE=2 SV=1,False,False
P01041,0.0088758556402659,24.6534922690114,0.0228843445697963,0.981909825386156,0.986464138119858,-6.27336771609662,Cystatin-B OS=Rattus norvegicus OX=10116 GN=Cstb PE=1 SV=1,False,False
P57790,-0.479134309431021,27.6313033969857,-2.51019338313342,0.0183220748236152,0.09357497800061,-3.44935229153754,Kelch-like ECH-associated protein 1 OS=Rattus norvegicus OX=10116 GN=Keap1 PE=2 SV=1,False,False
Q8VIL3,-0.194756197359261,27.3892933804091,-1.95641631576289,0.060770671082498,0.191191061895446,-4.48627041245842,Outer kinetochore KNL1 complex subunit ZWINT OS=Rattus norvegicus OX=10116 GN=Zwint PE=1 SV=1,False,False
Q9JHZ4,-0.326431657979398,29.4425811888434,-2.13451569476501,0.0419752517779748,0.149536834459035,-4.17213481969297,GRIP1-associated protein 1 OS=Rattus norvegicus OX=10116 GN=Gripap1 PE=1 SV=1,False,False
Q4V882,-0.524935690990624,26.2724416021558,-2.16040832674074,0.0397252825868826,0.145838918785064,-4.12484867242218,Epsin-3 OS=Rattus norvegicus OX=10116 GN=Epn3 PE=1 SV=1,False,False
Q5I0D1,0.0386603330415767,27.4138158276274,0.240292524919842,0.811907897075328,0.888954471059297,-6.24477114300867,Glyoxalase domain-containing protein 4 OS=Rattus norvegicus OX=10116 GN=Glod4 PE=1 SV=1,False,False
Q6DGG1,-0.0508818201305559,25.2018144616877,-0.20632722199907,0.83807416191482,0.904332947573204,-6.25234672973713,Putative protein-lysine deacylase ABHD14B OS=Rattus norvegicus OX=10116 GN=Abhd14b PE=2 SV=1,False,False
Q6MGD0,-0.293299861980717,22.7003773586622,-2.32864227679983,0.0275623519626519,0.1166016686545,-3.80820599442447,Protein CutA OS=Rattus norvegicus OX=10116 GN=Cuta PE=1 SV=2,False,False
Q6P730,0.0493063189873304,28.0868277021622,0.384546228923515,0.703568134557153,0.822592654752136,-6.19984808222958,Disabled homolog 2-interacting protein OS=Rattus norvegicus OX=10116 GN=Dab2ip PE=1 SV=1,False,False
P50279,1.07524261784476,25.6522425356486,2.00426834941415,0.0551056530932364,0.178680905089746,-4.40382182899154,Syntaxin-2 OS=Rattus norvegicus OX=10116 GN=Stx2 PE=1 SV=2,False,False
Q4QQS8,-0.213934761964051,28.3798611313641,-1.7218974186932,0.0964597024031778,0.264470525829472,-4.86827860834643,Nuclear pore complex protein Nup85 OS=Rattus norvegicus OX=10116 GN=Nup85 PE=2 SV=1,False,False
P29995,0.034124700263007,28.6785457106008,0.286639422942234,0.776563628102375,0.867029287871003,-6.23258429957156,"Inositol 1,4,5-trisphosphate-gated calcium channel ITPR2 OS=Rattus norvegicus OX=10116 GN=Itpr2 PE=1 SV=1",False,False
Q4FZT2,-0.172188210726762,28.9138034397365,-0.974038392275381,0.338633046991493,0.548463480909029,-5.80730908685363,Protein phosphatase methylesterase 1 OS=Rattus norvegicus OX=10116 GN=Ppme1 PE=1 SV=2,False,False
P55260,0.207012220803922,27.1903949917032,1.64262571767666,0.111989296327314,0.290011663796665,-4.98869191031964,Annexin A4 OS=Rattus norvegicus OX=10116 GN=Anxa4 PE=1 SV=3,False,False
P11662,-0.783910209601753,25.0696600023033,-2.95569668453644,0.0063802295828263,0.0529950887119238,-2.50382395261131,NADH-ubiquinone oxidoreductase chain 2 OS=Rattus norvegicus OX=10116 GN=Mt-nd2 PE=3 SV=3,False,False
Q63569,-0.0964460661485482,27.1725527444691,-0.533011949021641,0.598359876849968,0.753152703062816,-6.13224405909669,26S proteasome regulatory subunit 6A OS=Rattus norvegicus OX=10116 GN=Psmc3 PE=1 SV=1,False,False
P00159,-0.112550747575032,25.8042046970217,-0.662794053748424,0.513048254464731,0.69453907448163,-6.05564876563671,Cytochrome b OS=Rattus norvegicus OX=10116 GN=Mt-cyb PE=3 SV=3,False,False
Q68FR2,-0.191968102547662,28.2713238871121,-1.59632336149933,0.121987561991692,0.300939703045564,-5.05689136718607,Bridging integrator 2 OS=Rattus norvegicus OX=10116 GN=Bin2 PE=1 SV=1,False,False
Q03114,-0.320844306864206,27.0882579313111,-2.78777420496567,0.0095722540416106,0.069111674180429,-2.87006740789159,Cyclin-dependent kinase 5 OS=Rattus norvegicus OX=10116 GN=Cdk5 PE=1 SV=1,False,False
Q5HZY2,0.269223498877839,25.4858856122355,1.44095543407727,0.161027171588439,0.356442962201297,-5.27384089857178,Small COPII coat GTPase SAR1B OS=Rattus norvegicus OX=10116 GN=Sar1b PE=2 SV=1,False,False
P97612,0.0454232504482306,24.6861062477681,0.194966563757457,0.846870206972336,0.908979617592706,-6.25462429975937,Fatty-acid amide hydrolase 1 OS=Rattus norvegicus OX=10116 GN=Faah PE=1 SV=1,False,False
Q62871,0.10281915167716,26.9348440249736,0.532413219607788,0.598768774137646,0.753152703062816,-6.13255981646502,Cytoplasmic dynein 1 intermediate chain 2 OS=Rattus norvegicus OX=10116 GN=Dync1i2 PE=1 SV=1,False,False
P04644,0.165560496437383,25.3119149271883,0.3100079936639,0.758921039402499,0.857050558574459,-6.22563166473688,Small ribosomal subunit protein eS17 OS=Rattus norvegicus OX=10116 GN=Rps17 PE=1 SV=3,False,False
Q9Z1Y3,-0.48561877719898,25.6742112720409,-2.09922572542381,0.0452249263521839,0.156982677049407,-4.23593695336098,Cadherin-2 OS=Rattus norvegicus OX=10116 GN=Cdh2 PE=1 SV=1,False,False
P21807,-0.216929105600546,27.3883200887397,-1.4144511430961,0.168591357764317,0.366283606297356,-5.30897207425548,Peripherin OS=Rattus norvegicus OX=10116 GN=Prph PE=1 SV=1,False,False
Q71UE8,0.0799058966989605,25.7291278367709,0.570499240165067,0.573028976853974,0.730060214428719,-6.11178352752806,Ubiquitin-like protein NEDD8 OS=Rattus norvegicus OX=10116 GN=Nedd8 PE=1 SV=1,False,False
P63036,-0.742289532935569,26.62377354352,-2.9745812760088,0.006092344847507,0.0523651545226201,-2.4619644217665,DnaJ homolog subfamily A member 1 OS=Rattus norvegicus OX=10116 GN=Dnaja1 PE=1 SV=1,False,False
Q9Z269,-0.532894360428234,26.3244307945341,-2.915678292931,0.0070335283538478,0.0564245274608679,-2.59209302552052,Vesicle-associated membrane protein-associated protein B OS=Rattus norvegicus OX=10116 GN=Vapb PE=1 SV=3,False,False
Q920J4,0.404238785619615,28.8516989236318,2.5175690658454,0.0180154752911384,0.0924680556412458,-3.4344210562046,Thioredoxin-like protein 1 OS=Rattus norvegicus OX=10116 GN=Txnl1 PE=1 SV=3,False,False
P60868,-0.386960437377205,28.623791572479,-2.65196934790488,0.0131976502965387,0.0794058626175079,-3.15781385646676,Small ribosomal subunit protein uS10 OS=Rattus norvegicus OX=10116 GN=Rps20 PE=1 SV=1,False,False
P46844,-0.372349978238748,27.3551922209333,-2.3039209046712,0.0291066571493579,0.120775899205956,-3.85572849023634,Biliverdin reductase A OS=Rattus norvegicus OX=10116 GN=Blvra PE=1 SV=1,False,False
O70441,-0.0431321215161091,27.1343601298034,-0.215381692667557,0.831078905372266,0.900959413932096,-6.2504394585311,Synapsin-3 OS=Rattus norvegicus OX=10116 GN=Syn3 PE=1 SV=1,False,False
Q6AXY0,0.183664137199397,27.1412311457637,0.585409600159833,0.563105055826509,0.722562530166007,-6.10326845459793,Glutathione S-transferase A6 OS=Rattus norvegicus OX=10116 GN=Gsta6 PE=1 SV=1,False,False
Q9EPB1,-0.320388479593205,24.6348912473518,-0.623064941011067,0.538438868055982,0.707681182165812,-6.08081267442257,Dipeptidyl peptidase 2 OS=Rattus norvegicus OX=10116 GN=Dpp7 PE=1 SV=1,False,False
P23977,-0.302915799404214,26.7317009272205,-1.4530065730104,0.157678529844068,0.353552479960922,-5.25768328719679,Sodium-dependent dopamine transporter OS=Rattus norvegicus OX=10116 GN=Slc6a3 PE=1 SV=1,False,False
Q64232,-0.165327531202053,28.6951643186489,-0.675769512554316,0.504900506226473,0.687893600033893,-6.04710440224725,Very-long-chain enoyl-CoA reductase OS=Rattus norvegicus OX=10116 GN=Tecr PE=1 SV=1,False,False
P62278,-0.298235900520226,27.9324783407689,-1.63735144856983,0.113092640215746,0.290434490394758,-4.99654070299027,Small ribosomal subunit protein uS15 OS=Rattus norvegicus OX=10116 GN=Rps13 PE=1 SV=2,False,False
Q9Z250,0.0437466729954714,27.176200349973,0.239367600610064,0.812617660525119,0.888954471059297,-6.24499263654739,Protein lin-7 homolog A OS=Rattus norvegicus OX=10116 GN=Lin7a PE=1 SV=2,False,False
P18445,-0.474692157910308,26.9575767076518,-2.98630814852106,0.005919834540855,0.0517030710302101,-2.43590543849429,Large ribosomal subunit protein uL15 OS=Rattus norvegicus OX=10116 GN=Rpl27a PE=1 SV=3,False,False
P09216,-0.190834516994077,27.0919112115733,-1.8096693096632,0.0814271193893546,0.236422440479011,-4.72971749813519,Protein kinase C epsilon type OS=Rattus norvegicus OX=10116 GN=Prkce PE=1 SV=1,False,False
P20689,-0.153994068156649,28.1565379240362,-1.26981748646964,0.214921384180401,0.423675570440898,-5.49069219709445,"Myosin light chain kinase 2, skeletal/cardiac muscle OS=Rattus norvegicus OX=10116 GN=Mylk2 PE=1 SV=2",False,False
Q9JHL4,-0.620494972908464,28.9664598961445,-3.368919475726,0.0022722929837345,0.0311505481187907,-1.56089819374378,Drebrin-like protein OS=Rattus norvegicus OX=10116 GN=Dbnl PE=1 SV=1,True,False
P70600,0.528391420386917,30.2966864704797,3.21577929544815,0.0033484062238045,0.0366280705914735,-1.91654054357392,Protein-tyrosine kinase 2-beta OS=Rattus norvegicus OX=10116 GN=Ptk2b PE=1 SV=1,True,False
P04177,-0.142473957509573,27.5161341637174,-1.00371882080952,0.324372931092217,0.536801830865636,-5.77899474705354,Tyrosine 3-monooxygenase OS=Rattus norvegicus OX=10116 GN=Th PE=1 SV=3,False,False
Q6XVN8,0.471760605192348,26.4308250601073,3.75404460106798,0.0008391741769409,0.0161184144201206,-0.640760332040357,Microtubule-associated proteins 1A/1B light chain 3A OS=Rattus norvegicus OX=10116 GN=Map1lc3a PE=1 SV=1,True,False
P04041,-1.20579653504758,20.6221973822912,-2.20253903093571,0.0362945255800775,0.136010280980014,-4.04706500127773,Glutathione peroxidase 1 OS=Rattus norvegicus OX=10116 GN=Gpx1 PE=1 SV=4,False,False
Q62625,-0.183077733872572,23.1641325764735,-0.383723851464647,0.704170531545769,0.822592654752136,-6.20016243834548,Microtubule-associated proteins 1A/1B light chain 3B OS=Rattus norvegicus OX=10116 GN=Map1lc3b PE=1 SV=3,False,False
H1UBN0,-0.203891716002232,24.7227722732036,-1.52143136082371,0.139709494358412,0.327547136152704,-5.16378791447781,Copine-7 OS=Rattus norvegicus OX=10116 GN=Cpne7 PE=1 SV=1,False,False
P20070,0.0417172512492492,27.0652311758811,0.0949306133163176,0.925066840864859,0.950691574112824,-6.26912147097127,NADH-cytochrome b5 reductase 3 OS=Rattus norvegicus OX=10116 GN=Cyb5r3 PE=1 SV=2,False,False
P01026,-0.338817024944859,30.3346024304006,-3.30458324265237,0.0026760137026427,0.0318475037358471,-1.71111590392914,Complement C3 OS=Rattus norvegicus OX=10116 GN=C3 PE=1 SV=3,True,False
P49185,-0.180607055519424,25.3731233116629,-0.850920226169918,0.402253337728524,0.607587677489528,-5.91625524703275,Mitogen-activated protein kinase 8 OS=Rattus norvegicus OX=10116 GN=Mapk8 PE=1 SV=1,False,False
P62271,0.0931802282122298,25.529030115337,0.408852256098226,0.68585399594793,0.811781287007222,-6.19025676448954,Small ribosomal subunit protein uS13 OS=Rattus norvegicus OX=10116 GN=Rps18 PE=1 SV=3,False,False
P00884,-0.160626765891426,27.0041371973429,-0.991523639009117,0.330181478431796,0.543444591400662,-5.79072405589606,Fructose-bisphosphate aldolase B OS=Rattus norvegicus OX=10116 GN=Aldob PE=1 SV=2,False,False
Q9JJL4,0.704305552798925,27.5407301210159,3.35795096758047,0.002336691328626,0.0312424285049636,-1.58658786591411,Rho-related GTP-binding protein RhoQ OS=Rattus norvegicus OX=10116 GN=Rhoq PE=2 SV=1,True,False
P19629,0.408156460345488,28.508120969249,1.81848132320309,0.0800350256540368,0.233633242003563,-4.7155094311525,L-lactate dehydrogenase C chain OS=Rattus norvegicus OX=10116 GN=Ldhc PE=1 SV=3,False,False
Q07205,0.149785108546258,26.9197992137005,0.890624872398272,0.380952025638862,0.589387205381267,-5.88263027464236,Eukaryotic translation initiation factor 5 OS=Rattus norvegicus OX=10116 GN=Eif5 PE=1 SV=1,False,False
Q6JE36,0.654769820315988,25.9187426720851,2.7645542556037,0.010117211505306,0.0720851319753053,-2.91982429951239,Protein NDRG1 OS=Rattus norvegicus OX=10116 GN=Ndrg1 PE=1 SV=1,False,False
P21818,-0.298641423061362,26.8257666140591,-2.38723733841466,0.0241956487073679,0.10912448028204,-3.69425407448501,Stathmin-2 OS=Rattus norvegicus OX=10116 GN=Stmn2 PE=1 SV=2,False,False
Q9JJW1,0.274159562562666,25.4937235370937,1.77704200932937,0.0867634010790788,0.244988433901555,-4.78185589813645,Tetraspanin-2 OS=Rattus norvegicus OX=10116 GN=Tspan2 PE=1 SV=1,False,False
P09215,-0.165417485472386,28.3659298894534,-1.44763943582392,0.159162951554057,0.355409229965038,-5.26489344839374,Protein kinase C delta type OS=Rattus norvegicus OX=10116 GN=Prkcd PE=1 SV=1,False,False
P70618,0.904580035207015,25.248568016329,3.28140258327762,0.0028377770498316,0.0327351378361359,-1.76495858630356,Mitogen-activated protein kinase 14 OS=Rattus norvegicus OX=10116 GN=Mapk14 PE=1 SV=3,True,False
P27274,1.11826819729012,23.2190206616221,3.40632494527437,0.0020653273813777,0.0302263453247574,-1.47305122186852,CD59 glycoprotein OS=Rattus norvegicus OX=10116 GN=Cd59 PE=1 SV=2,True,True
E9PT87,-0.215859306852977,28.063105278616,-0.971682192887081,0.339783044557206,0.548742799564193,-5.80952300667835,Myosin light chain kinase 3 OS=Rattus norvegicus OX=10116 GN=Mylk3 PE=1 SV=1,False,False
B0BNN3,-0.0839602134405872,23.9444758335651,-0.131515772822666,0.896336666230987,0.938812968595898,-6.26497837721974,Carbonic anhydrase 1 OS=Rattus norvegicus OX=10116 GN=Ca1 PE=1 SV=1,False,False
P16409,-0.0071554771973545,24.7541223927109,-0.0162328657124213,0.987167271631431,0.988993668063682,-6.27349789829223,Myosin light chain 3 OS=Rattus norvegicus OX=10116 GN=Myl3 PE=1 SV=2,False,False
O35331,-0.254379483159337,27.4598106246265,-1.99147225618002,0.0565731515280751,0.181268411552974,-4.4260130810124,Pyridoxal kinase OS=Rattus norvegicus OX=10116 GN=Pdxk PE=1 SV=1,False,False
B0LPN4,-0.297952589203828,30.9489275200642,-2.23139147499035,0.0341012710604903,0.13178932435191,-3.99320346552365,Ryanodine receptor 2 OS=Rattus norvegicus OX=10116 GN=Ryr2 PE=1 SV=2,False,False
Q9WVK7,0.0349894257663834,25.3945723839836,0.114249458467261,0.909880418366569,0.946404842997673,-6.26710035621661,"Hydroxyacyl-coenzyme A dehydrogenase, mitochondrial OS=Rattus norvegicus OX=10116 GN=Hadh PE=2 SV=1",False,False
P62425,0.181859171902133,26.1756558380808,1.312175101507,0.200442892122769,0.408812904272992,-5.43924509045513,Large ribosomal subunit protein eL8 OS=Rattus norvegicus OX=10116 GN=Rpl7a PE=1 SV=2,False,False
P29066,-0.272060396304887,27.3435280621739,-2.62128879230464,0.0141778316202218,0.08211011574706,-3.22169687069631,Beta-arrestin-1 OS=Rattus norvegicus OX=10116 GN=Arrb1 PE=1 SV=1,False,False
Q64537,-1.09905094225216,26.6770552860068,-3.30577973270288,0.00266791002342,0.0318475037358471,-1.7083326471232,Calpain small subunit 1 OS=Rattus norvegicus OX=10116 GN=Capns1 PE=1 SV=3,True,True
B0BN85,-0.526833473769567,28.4289291364945,-2.03447964749368,0.0517731384079556,0.171994812563852,-4.3510173773661,Protein SGT1 homolog OS=Rattus norvegicus OX=10116 GN=Sugt1 PE=2 SV=1,False,False
Q29RW1,-0.26119411041611,31.3536506824667,-2.09331491837566,0.0457906025523698,0.158438410748295,-4.24654970755341,Myosin-4 OS=Rattus norvegicus OX=10116 GN=Myh4 PE=1 SV=1,False,False
Q5PPG6,-0.232791423410077,23.6390426068062,-0.781734417691648,0.441132306671416,0.631939534557068,-5.97136988070816,Nucleosome assembly protein 1-like 5 OS=Rattus norvegicus OX=10116 GN=Nap1l5 PE=2 SV=1,False,False
Q6VBQ5,0.231185643943906,24.724030426425,0.682033177042056,0.500993241940366,0.684206407341005,-6.04292251346868,Myeloid-associated differentiation marker OS=Rattus norvegicus OX=10116 GN=Myadm PE=1 SV=1,False,False
P97526,-0.315048620017496,30.1522506412419,-3.54238367803451,0.0014557147517357,0.0228483924076779,-1.1505712548062,Neurofibromin OS=Rattus norvegicus OX=10116 GN=Nf1 PE=1 SV=1,True,False
O35180,-0.23426472086722,28.8039594270096,-1.9081114810609,0.0669995337064928,0.203250686286083,-4.56799258815797,Endophilin-A3 OS=Rattus norvegicus OX=10116 GN=Sh3gl3 PE=1 SV=2,False,False
O88377,-0.0177599096588388,27.1759122892965,-0.132363789201689,0.895672266011023,0.938812968595898,-6.26486648650408,Phosphatidylinositol 5-phosphate 4-kinase type-2 beta OS=Rattus norvegicus OX=10116 GN=Pip4k2b PE=1 SV=1,False,False
Q63538,-0.0099895377490568,24.6234041149244,-0.046765119986091,0.963042589345449,0.973329570611185,-6.27253553892904,Mitogen-activated protein kinase 12 OS=Rattus norvegicus OX=10116 GN=Mapk12 PE=1 SV=1,False,False
P18163,0.0728399240319533,27.63037183838,0.503287171541709,0.618819683259662,0.770323812609441,-6.14750041728549,Long-chain-fatty-acid--CoA ligase 1 OS=Rattus norvegicus OX=10116 GN=Acsl1 PE=1 SV=1,False,False
P13234,-0.245936937536772,26.5778141101966,-2.37816705644971,0.0246909280454609,0.109591291283747,-3.71201261298019,Calcium/calmodulin-dependent protein kinase type IV OS=Rattus norvegicus OX=10116 GN=Camk4 PE=1 SV=3,False,False
Q5U1Z2,-0.11284329342206,26.9430487760719,-0.499663445568281,0.621335859785488,0.771138411175069,-6.14930162703662,Trafficking protein particle complex subunit 3 OS=Rattus norvegicus OX=10116 GN=Trappc3 PE=2 SV=1,False,False
Q9JJ79,0.297023502106381,31.1784962771923,0.941913248223013,0.354539944476795,0.562176808006397,-5.83706377108777,Cytoplasmic dynein 2 heavy chain 1 OS=Rattus norvegicus OX=10116 GN=Dync2h1 PE=1 SV=1,False,False
D3ZHV2,0.0873568620911982,32.5047559204279,0.689597075046336,0.496297531372609,0.679929289475733,-6.03782291012125,Microtubule-actin cross-linking factor 1 OS=Rattus norvegicus OX=10116 GN=Macf1 PE=1 SV=1,False,False
Q9WTY9,-0.330219819235289,23.8205222797234,-1.28014405248869,0.211320168618719,0.421472822493689,-5.478286747896,Mitogen-activated protein kinase 13 OS=Rattus norvegicus OX=10116 GN=Mapk13 PE=1 SV=1,False,False
Q99MZ8,0.0578792024801018,25.5002433196833,0.312698240056215,0.756898258076095,0.855658469202934,-6.22479655032155,LIM and SH3 domain protein 1 OS=Rattus norvegicus OX=10116 GN=Lasp1 PE=1 SV=1,False,False
Q68FU3,-0.637408419733958,26.8610122488296,-4.15950388330885,0.000287113836207,0.0118880775868416,0.357079703347637,Electron transfer flavoprotein subunit beta OS=Rattus norvegicus OX=10116 GN=Etfb PE=1 SV=3,True,False
Q07310,0.220695282479564,32.1530321267359,1.13629589270506,0.265759443821667,0.472606695663162,-5.64299989907257,Neurexin-3 OS=Rattus norvegicus OX=10116 GN=Nrxn3 PE=1 SV=1,False,False
Q6AYE4,0.51483231778375,27.2617714871259,2.52109650431427,0.0178705259738838,0.0924680556412458,-3.42727077843525,V-type proton ATPase subunit C 2 OS=Rattus norvegicus OX=10116 GN=Atp6v1c2 PE=2 SV=1,False,False
P19493,-0.364335851164096,28.284119529306,-1.65947215356384,0.10852502376893,0.283211086124701,-4.96348512772683,Glutamate receptor 4 OS=Rattus norvegicus OX=10116 GN=Gria4 PE=1 SV=1,False,False
P08934,0.114554171772717,31.4267164619246,0.460853684793639,0.648572546029654,0.790995571340219,-6.16779052955057,Kininogen-1 OS=Rattus norvegicus OX=10116 GN=Kng1 PE=2 SV=1,False,False
D3Z987,0.416682886272529,31.6574011744934,1.58310297239833,0.124973983089201,0.304835188481092,-5.07607015817546,RNA-binding protein 44 OS=Rattus norvegicus OX=10116 GN=Rbm44 PE=1 SV=1,False,False
P62198,0.0452910554890842,27.4459471050732,0.267336386740809,0.791229698488065,0.873747049941899,-6.23791911193372,26S proteasome regulatory subunit 8 OS=Rattus norvegicus OX=10116 GN=Psmc5 PE=1 SV=1,False,False
Q9ERQ6,0.412232114196819,25.1969752698143,2.59689217604394,0.0150051952462299,0.0850818138830733,-3.272188048257,Chondroitin sulfate proteoglycan 5 OS=Rattus norvegicus OX=10116 GN=Cspg5 PE=1 SV=1,False,False
P37397,0.0845434175390984,26.2682669438409,0.438450664588691,0.664527320691044,0.803217732487054,-6.17779397757694,Calponin-3 OS=Rattus norvegicus OX=10116 GN=Cnn3 PE=1 SV=1,False,False
D3ZFD0,-0.34254403031041,31.5703823354459,-3.21179574812856,0.0033820933140788,0.0366280705914735,-1.92570087248925,Unconventional myosin-XVIIIa OS=Rattus norvegicus OX=10116 GN=Myo18a PE=1 SV=2,True,False
Q9JKS6,-0.12435416910472,31.4656841117152,-1.10392780885436,0.279308910561022,0.489168076495499,-5.6776230362284,Protein piccolo OS=Rattus norvegicus OX=10116 GN=Pclo PE=1 SV=1,False,False
P19643,-0.264448347300966,24.1196649283503,-1.24325985779929,0.224397164124508,0.431655646086754,-5.52218757186526,Amine oxidase [flavin-containing] B OS=Rattus norvegicus OX=10116 GN=Maob PE=1 SV=3,False,False
Q04666,0.628245858962565,28.0427345104361,2.06326535556751,0.0487647765497117,0.166600167202958,-4.30017277702137,Transcription factor HES-1 OS=Rattus norvegicus OX=10116 GN=Hes1 PE=1 SV=1,False,False
P83732,-0.322852376400672,28.1000448361595,-2.25857338401225,0.0321451502848806,0.127055466271992,-3.94202680711558,Large ribosomal subunit protein eL24 OS=Rattus norvegicus OX=10116 GN=Rpl24 PE=2 SV=1,False,False
P23505,-0.369573222326718,26.8233715128739,-0.708182326397642,0.48486568808808,0.67581665405327,-6.0250624871527,Cell surface glycoprotein gp42 OS=Rattus norvegicus OX=10116 PE=2 SV=1,False,False
A2RUW1,-0.381932659192863,26.5061644088897,-1.67173470746334,0.106060050561142,0.278793773683778,-4.94500628641848,Toll-interacting protein OS=Rattus norvegicus OX=10116 GN=Tollip PE=1 SV=1,False,False
O88480,-0.118149415426455,28.8076097375511,-1.06238634410925,0.297415457195006,0.508848246670129,-5.72072034874065,Calcineurin-binding protein cabin-1 OS=Rattus norvegicus OX=10116 GN=Cabin1 PE=1 SV=1,False,False
P80432,0.865812974804975,23.4805098366158,2.69284471910557,0.0119898140426294,0.077584877639491,-3.07204702335195,"Cytochrome c oxidase subunit 7C, mitochondrial OS=Rattus norvegicus OX=10116 GN=Cox7c PE=1 SV=2",False,False
O35952,-0.146063799931227,26.1831071063553,-0.704419014663196,0.4871682861571,0.676839479507907,-6.02767272319279,"Hydroxyacylglutathione hydrolase, mitochondrial OS=Rattus norvegicus OX=10116 GN=Hagh PE=1 SV=2",False,False
Q792I0,-0.252643661109854,25.3551430210212,-1.0915212947397,0.284631756733064,0.494793246455711,-5.69065235294919,Protein lin-7 homolog C OS=Rattus norvegicus OX=10116 GN=Lin7c PE=1 SV=1,False,False
P97544,0.142092082457378,22.5651483578335,0.749981281134952,0.459713548783426,0.653372405948097,-5.99517265529219,Phospholipid phosphatase 3 OS=Rattus norvegicus OX=10116 GN=Plpp3 PE=1 SV=1,False,False
P00564,0.0106159065640981,29.2161270178017,0.0983767876578213,0.922355540054811,0.950691574112824,-6.26878827239216,Creatine kinase M-type OS=Rattus norvegicus OX=10116 GN=Ckm PE=1 SV=2,False,False
Q63372,-0.151372900573389,28.8243881763681,-0.703407658032725,0.487788150603988,0.676839479507907,-6.02837191813477,Neurexin-1 OS=Rattus norvegicus OX=10116 GN=Nrxn1 PE=1 SV=3,False,False
Q7TQ16,0.275472965237416,24.4106609062544,2.0513737863967,0.0499882609948449,0.168848061609884,-4.32123948293029,Cytochrome b-c1 complex subunit 8 OS=Rattus norvegicus OX=10116 GN=Uqcrq PE=3 SV=1,False,False
Q64361,-0.427826525173884,26.7896837217286,-2.17896751163725,0.0381796638506465,0.141050087557779,-4.09071157097403,Latexin OS=Rattus norvegicus OX=10116 GN=Lxn PE=1 SV=1,False,False
P18298,0.229095783751404,26.8250696751314,1.07692663407037,0.290985680992324,0.502611630804924,-5.70580745599795,S-adenosylmethionine synthase isoform type-2 OS=Rattus norvegicus OX=10116 GN=Mat2a PE=1 SV=1,False,False
P25409,0.028498001200024,26.8437595437004,0.168564454810172,0.867388240585595,0.920962220151176,-6.25942056149971,Alanine aminotransferase 1 OS=Rattus norvegicus OX=10116 GN=Gpt PE=1 SV=2,False,False
P70627,-0.080959150992161,27.9346329628114,-0.716702375507792,0.47967573444512,0.67117418656856,-6.01910353466785,Glutamate carboxypeptidase 2 OS=Rattus norvegicus OX=10116 GN=Folh1 PE=1 SV=1,False,False
Q05030,-0.204042140103585,28.9434745854817,-2.06148385562068,0.0489463628447308,0.166694688556111,-4.30333439904825,Platelet-derived growth factor receptor beta OS=Rattus norvegicus OX=10116 GN=Pdgfrb PE=2 SV=2,False,False
Q8R431,-0.735393502968744,23.1644080519429,-1.25294913078151,0.220904103563855,0.426476280232671,-5.51076517982461,Monoglyceride lipase OS=Rattus norvegicus OX=10116 GN=Mgll PE=1 SV=1,False,False
Q9ES40,-0.654224296352851,23.7280074614824,-2.9447446714773,0.00655305656463,0.0533606034548446,-2.52804018434683,PRA1 family protein 3 OS=Rattus norvegicus OX=10116 GN=Arl6ip5 PE=1 SV=1,False,False
P11950,-0.10249575794619,26.386259443195,-0.835816440057689,0.410550938029345,0.613278159842457,-5.9286655300685,Cytochrome c oxidase subunit 6C-1 OS=Rattus norvegicus OX=10116 GN=Cox6c1 PE=1 SV=3,False,False
P24135,-0.27362296503307,30.5918876318493,-1.97339514692117,0.0587047695506996,0.185898436910549,-4.45718444005241,"1-phosphatidylinositol 4,5-bisphosphate phosphodiesterase gamma-2 OS=Rattus norvegicus OX=10116 GN=Plcg2 PE=1 SV=1",False,False
Q9ERC1,-0.102649215640412,28.6732840524583,-0.735753388825336,0.468187441659856,0.661941252372878,-6.00553147632727,Unconventional myosin-XVI OS=Rattus norvegicus OX=10116 GN=Myo16 PE=1 SV=1,False,False
Q566C7,0.75799121106165,28.2093623268016,4.14003308372127,0.0003024108082272,0.0118880775868416,0.308666383456195,Diphosphoinositol polyphosphate phosphohydrolase 1 OS=Rattus norvegicus OX=10116 GN=Nudt3 PE=1 SV=1,True,False
Q8VGC3,-0.288452462126607,30.2146174364802,-2.26657100927842,0.0315892476923651,0.126240425279821,-3.92689006218481,Voltage-dependent L-type calcium channel subunit beta-2 OS=Rattus norvegicus OX=10116 GN=Cacnb2 PE=1 SV=2,False,False
P18265,-0.0875149517186991,25.6456622170087,-0.690592781536801,0.495681242354793,0.679929289475733,-6.03714756113964,Glycogen synthase kinase-3 alpha OS=Rattus norvegicus OX=10116 GN=Gsk3a PE=1 SV=1,False,False
Q63797,0.361150910594432,27.4734920748599,1.56216103583994,0.12982761331354,0.311883186405916,-5.1061809491672,Proteasome activator complex subunit 1 OS=Rattus norvegicus OX=10116 GN=Psme1 PE=2 SV=1,False,False
Q5U1X1,-0.168856884672984,27.4757237057538,-1.47240704195431,0.15240500901026,0.346026466998138,-5.23143198916055,"Oligoribonuclease, mitochondrial OS=Rattus norvegicus OX=10116 GN=Rexo2 PE=2 SV=1",False,False
P04182,-0.0149352084063459,28.4729797685908,-0.168570909752764,0.86738321204588,0.920962220151176,-6.25941947382564,"Ornithine aminotransferase, mitochondrial OS=Rattus norvegicus OX=10116 GN=Oat PE=1 SV=1",False,False
P24587,-0.164559146496085,26.9135230327544,-0.857236773281864,0.398814909902345,0.603417230241995,-5.91100277757332,A-kinase anchor protein 5 OS=Rattus norvegicus OX=10116 GN=Akap5 PE=1 SV=2,False,False
O54889,-0.142012850516554,28.8685541351017,-1.42315279807617,0.166077478540654,0.363662742765192,-5.29749964298464,DNA-directed RNA polymerase I subunit RPA1 OS=Rattus norvegicus OX=10116 GN=Polr1a PE=1 SV=1,False,False
Q63269,-0.480969888947239,30.3302282495407,-3.74989809666801,0.0008483376010589,0.0161184144201206,-0.650832380671288,"Inositol 1,4,5-trisphosphate-gated calcium channel ITPR3 OS=Rattus norvegicus OX=10116 GN=Itpr3 PE=1 SV=1",True,False
Q9Z327,-0.354510502602668,29.2568586495911,-1.6484309728619,0.110785251517923,0.28841448892767,-4.98002924404019,Synaptopodin OS=Rattus norvegicus OX=10116 GN=Synpo PE=1 SV=2,False,False
P28492,0.0789036613910099,27.3536503190412,0.371337971609198,0.713266784638532,0.828828248673316,-6.20481645947694,"Glutaminase liver isoform, mitochondrial OS=Rattus norvegicus OX=10116 GN=Gls2 PE=2 SV=3",False,False
Q924S5,-0.117587728592081,28.1305549215761,-1.54767876385049,0.133273667503711,0.31841739795139,-5.12680942095303,"Lon protease homolog, mitochondrial OS=Rattus norvegicus OX=10116 GN=Lonp1 PE=2 SV=1",False,False
Q64640,0.717616724057468,25.4794637474878,4.26278344896509,0.0002178971075222,0.0118880775868416,0.61452626150606,Adenosine kinase OS=Rattus norvegicus OX=10116 GN=Adk PE=1 SV=3,True,False
P54283,-0.0573548037129683,25.2450183026892,-0.350929285559017,0.728348813970028,0.838259049446908,-6.21215534840862,Voltage-dependent L-type calcium channel subunit beta-1 OS=Rattus norvegicus OX=10116 GN=Cacnb1 PE=1 SV=1,False,False
Q3SWU3,-0.308811902764926,27.3653524187008,-1.59989899458746,0.121190038295446,0.300939703045564,-5.05168167111871,Heterogeneous nuclear ribonucleoprotein D-like OS=Rattus norvegicus OX=10116 GN=Hnrnpdl PE=1 SV=1,False,False
P54287,-0.540632216709362,26.388442965698,-2.365920809692,0.0253743377200213,0.111256711541632,-3.73592048834478,Voltage-dependent L-type calcium channel subunit beta-3 OS=Rattus norvegicus OX=10116 GN=Cacnb3 PE=1 SV=1,False,False
P04166,0.134061591856721,27.7054673871391,0.577377735787385,0.568439960453988,0.726824648372691,-6.10788193580551,Cytochrome b5 type B OS=Rattus norvegicus OX=10116 GN=Cyb5b PE=1 SV=2,False,False
D4A055,0.218630716091102,27.3208937947463,1.39855398726278,0.173261749257664,0.373046668878827,-5.32977517474045,Voltage-dependent L-type calcium channel subunit beta-4 OS=Rattus norvegicus OX=10116 GN=Cacnb4 PE=1 SV=2,False,False
Q03346,-0.223767762838495,27.7377119744434,-1.23321376144631,0.228062709894667,0.433819840560395,-5.53394739419525,Mitochondrial-processing peptidase subunit beta OS=Rattus norvegicus OX=10116 GN=Pmpcb PE=1 SV=3,False,False
G3V7W1,0.917798505068898,23.4290353746077,2.1454519647547,0.0410113924048751,0.148051126581599,-4.15221113021304,Programmed cell death protein 6 OS=Rattus norvegicus OX=10116 GN=Pdcd6 PE=2 SV=1,False,False
F1M0Z1,-0.183382610147603,29.634865183183,-1.84393904170327,0.0761274735501705,0.224648648105816,-4.67416320574106,Triple functional domain protein OS=Rattus norvegicus OX=10116 GN=Trio PE=1 SV=4,False,False
D4ACE5,-0.322042797011086,28.6081149209887,-2.63547043972346,0.013716616231255,0.0807342140133105,-3.19222097623435,Protein inturned OS=Rattus norvegicus OX=10116 GN=Intu PE=1 SV=1,False,False
P26770,-0.485459144352959,27.7537431124063,-0.82864595334523,0.414527535762628,0.614135870356945,-5.93448352234603,Adenylate cyclase type 4 OS=Rattus norvegicus OX=10116 GN=Adcy4 PE=1 SV=1,False,False
M0R8U1,-0.157759015817117,31.0968898153641,-1.10096960905763,0.280571553671896,0.490095149397844,-5.68074192611543,Dynein axonemal heavy chain 5 (Fragment) OS=Rattus norvegicus OX=10116 GN=Dnah5 PE=1 SV=1,False,False
Q04400,-0.13859573060693,28.2857961964825,-0.886332441985636,0.383219041979043,0.591205445104421,-5.8863351242521,Adenylate cyclase type 5 OS=Rattus norvegicus OX=10116 GN=Adcy5 PE=1 SV=2,False,False
Q62745,0.251967921125235,23.9849637285976,1.26704839892739,0.215894954697314,0.423675570440898,-5.4940036460966,CD81 antigen OS=Rattus norvegicus OX=10116 GN=Cd81 PE=1 SV=1,False,False
P31643,0.134263548736648,23.8387947798373,0.42370294339089,0.675119132005612,0.8061952131195,-6.18411105241899,Sodium- and chloride-dependent taurine transporter OS=Rattus norvegicus OX=10116 GN=Slc6a6 PE=1 SV=1,False,False
P59649,-0.512863325896358,25.4849918660977,-3.75479090732715,0.0008375352169741,0.0161184144201206,-0.638947187294309,FXYD domain-containing ion transport regulator 7 OS=Rattus norvegicus OX=10116 GN=Fxyd7 PE=1 SV=1,True,False
Q6P7P5,-0.148723461563094,27.7420321386946,-1.00060046289228,0.325851475061532,0.537952968737255,-5.78200662136277,eIF5-mimic protein 2 OS=Rattus norvegicus OX=10116 GN=Bzw1 PE=1 SV=1,False,False
Q8R523,-0.144585212351835,28.2287887379412,-0.468820156447298,0.642939361407538,0.788565490831669,-6.16411511108311,Voltage-gated potassium channel regulatory subunit KCNG3 OS=Rattus norvegicus OX=10116 GN=Kcng3 PE=2 SV=2,False,False
Q5U4E6,-0.243239636067287,30.8484109540076,-2.66795976156279,0.0127122119082643,0.0782234403218762,-3.12435035209054,Golgin subfamily A member 4 OS=Rattus norvegicus OX=10116 GN=Golga4 PE=1 SV=2,False,False
Q6PDU1,0.76146014433758,26.9037583721997,3.33969089769864,0.0024478294263103,0.031663847187119,-1.62928360000639,Serine/arginine-rich splicing factor 2 OS=Rattus norvegicus OX=10116 GN=Srsf2 PE=1 SV=3,True,False
P27653,-0.122303224373901,29.3635879735013,-1.13940029792091,0.264485456238015,0.471888420879819,-5.63963152217038,"C-1-tetrahydrofolate synthase, cytoplasmic OS=Rattus norvegicus OX=10116 GN=Mthfd1 PE=1 SV=3",False,False
P97888,-0.0054825753055141,26.8276887814331,-0.0310547267049122,0.975452971742912,0.983627158656959,-6.27314721764835,Serine/threonine-protein phosphatase 2A 55 kDa regulatory subunit B gamma isoform OS=Rattus norvegicus OX=10116 GN=Ppp2r2c PE=2 SV=1,False,False
Q7M767,-0.668336472624723,26.9412356594028,-3.25464569918813,0.0030362145394613,0.0337478617096713,-1.82691647967276,Ubiquitin-conjugating enzyme E2 variant 2 OS=Rattus norvegicus OX=10116 GN=Ube2v2 PE=1 SV=3,True,False
P31646,0.160507375744888,23.3265983506784,0.497221257627064,0.623034265723163,0.771138411175069,-6.15050833776074,Sodium- and chloride-dependent GABA transporter 2 OS=Rattus norvegicus OX=10116 GN=Slc6a13 PE=1 SV=1,False,False
O54874,-0.1031536585959,30.5700879380494,-0.752438510136032,0.458259296650649,0.653019497727175,-5.99336438236409,Serine/threonine-protein kinase MRCK alpha OS=Rattus norvegicus OX=10116 GN=Cdc42bpa PE=1 SV=1,False,False
Q5M7W5,-0.214398506424551,28.3497230175602,-1.47912454359084,0.15061239854689,0.345578872089581,-5.22227362461992,Microtubule-associated protein 4 OS=Rattus norvegicus OX=10116 GN=Map4 PE=1 SV=1,False,False
P28570,1.34372748271999,23.0690680738659,5.2648459492491,1.46998643415829e-05,0.0031839906163868,3.13811539114925,Sodium- and chloride-dependent creatine transporter 1 OS=Rattus norvegicus OX=10116 GN=Slc6a8 PE=1 SV=1,True,True
Q63170,0.0896880218947551,30.4759214260302,0.828826789995411,0.414426952839772,0.614135870356945,-5.93433737958254,Dynein axonemal heavy chain 7 OS=Rattus norvegicus OX=10116 GN=Dnah7 PE=2 SV=2,False,False
Q9Z1N4,-0.368573718512582,26.4153227712284,-2.3512883156121,0.0262135455063908,0.113557079133685,-3.7643825702598,"3'(2'),5'-bisphosphate nucleotidase 1 OS=Rattus norvegicus OX=10116 GN=Bpnt1 PE=1 SV=1",False,False
P35171,0.443997557996305,23.0676486470009,1.67780004766162,0.104858248197248,0.277548108898299,-4.9358256799204,"Cytochrome c oxidase subunit 7A2, mitochondrial OS=Rattus norvegicus OX=10116 GN=Cox7a2 PE=1 SV=1",False,False
Q9JIX5,-0.120270598607799,30.3186226660173,-1.20700733427253,0.237836404045869,0.443418814717789,-5.56422379854106,Chromodomain-helicase-DNA-binding protein 8 OS=Rattus norvegicus OX=10116 GN=Chd8 PE=1 SV=2,False,False
Q03343,0.259203422932409,27.2363373680272,1.47457000287103,0.151825945803297,0.346026466998138,-5.22848694754924,Adenylate cyclase type 6 OS=Rattus norvegicus OX=10116 GN=Adcy6 PE=1 SV=1,False,False
Q812D1,-0.10813948049962,28.5921062534745,-0.984242239732804,0.33368330594309,0.545269713105365,-5.79766387662382,PC4 and SFRS1-interacting protein OS=Rattus norvegicus OX=10116 GN=Psip1 PE=1 SV=1,False,False
P48056,1.46684598942998,21.1358650814607,3.70539401214122,0.0009530599714049,0.0171673963077892,-0.758733917757931,Sodium- and chloride-dependent betaine transporter OS=Rattus norvegicus OX=10116 GN=Slc6a12 PE=1 SV=1,True,True
G3V9R8,-0.292069740688387,27.764084541204,-1.27590670746488,0.21279226062743,0.42250691160257,-5.48338786142559,Heterogeneous nuclear ribonucleoprotein C OS=Rattus norvegicus OX=10116 GN=Hnrnpc PE=1 SV=2,False,False
Q62645,-0.585771384052521,27.167916386742,-1.80755180644669,0.0817647108196653,0.236767865822721,-4.73312367590493,"Glutamate receptor ionotropic, NMDA 2D OS=Rattus norvegicus OX=10116 GN=Grin2d PE=1 SV=2",False,False
G3V7L1,-0.522203304974266,31.0846794126307,-3.88881489900373,0.0005888113171686,0.014829829220783,-0.311774461164497,Utrophin OS=Rattus norvegicus OX=10116 GN=Utrn PE=1 SV=3,True,False
Q63450,-0.896586777138932,27.6971686396411,-4.62834938214313,8.16494498995526e-05,0.0068020272493242,1.53229080095411,Calcium/calmodulin-dependent protein kinase type 1 OS=Rattus norvegicus OX=10116 GN=Camk1 PE=1 SV=2,True,False
Q6JEL3,-0.4519401556534,27.9206839234364,-2.49705180033104,0.0188803313618484,0.0946638836337119,-3.47588989074974,Kelch-like protein 10 OS=Rattus norvegicus OX=10116 GN=Klhl10 PE=1 SV=1,False,False
Q5XIA3,0.0777026224113264,28.2074225706472,0.465925531803933,0.64498370077394,0.789078434752574,-6.16545774403037,tRNA wybutosine-synthesizing protein 4 OS=Rattus norvegicus OX=10116 GN=Lcmt2 PE=2 SV=1,False,False
Q6GQP4,-0.610620748700995,25.0665440078501,-2.48136459995381,0.019567266651373,0.0959794277155342,-3.50745645582413,Ras-related protein Rab-31 OS=Rattus norvegicus OX=10116 GN=Rab31 PE=1 SV=3,False,False
O35923,-0.0513291420107969,29.8844317007811,-0.465133753961142,0.645543391681238,0.789078434752574,-6.16582357504339,Breast cancer type 2 susceptibility protein homolog OS=Rattus norvegicus OX=10116 GN=Brca2 PE=1 SV=1,False,False
P13437,-0.219006117645346,25.8252890078487,-0.721675702016507,0.476661101635391,0.669933067403437,-6.01559350035785,"3-ketoacyl-CoA thiolase, mitochondrial OS=Rattus norvegicus OX=10116 GN=Acaa2 PE=1 SV=1",False,False
P11530,-0.0141029458097819,30.3858509941285,-0.110287059785064,0.912992596111819,0.946404842997673,-6.26754530353692,Dystrophin OS=Rattus norvegicus OX=10116 GN=Dmd PE=1 SV=2,False,False
Q920H8,-0.231365161337468,26.957738355488,-1.69610262096355,0.101300733162583,0.273587765623635,-4.90796065073958,Hephaestin OS=Rattus norvegicus OX=10116 GN=Heph PE=1 SV=1,False,False
Q5M823,-0.944153495778586,21.8207030294813,-1.20688667510727,0.237882115744262,0.443418814717789,-5.56436185307117,NudC domain-containing protein 2 OS=Rattus norvegicus OX=10116 GN=Nudcd2 PE=2 SV=1,False,False
P07896,-0.465550534940125,28.7147027690883,-3.17157671603394,0.003740948173285,0.0381988650455995,-2.0179141735586,Peroxisomal bifunctional enzyme OS=Rattus norvegicus OX=10116 GN=Ehhadh PE=1 SV=2,True,False
P26769,0.298337930570256,28.6863029544263,0.592691064370519,0.558290717269373,0.718940364807053,-6.09903234913247,Adenylate cyclase type 2 OS=Rattus norvegicus OX=10116 GN=Adcy2 PE=1 SV=1,False,False
P0C0A9,-0.657332327187753,23.7901021536323,-1.86624357686861,0.0728400415710846,0.216125383620506,-4.63757532934696,Small VCP/p97-interacting protein OS=Rattus norvegicus OX=10116 GN=Svip PE=1 SV=1,False,False
P60522,-0.256534938054802,25.363019167122,-1.98356049739297,0.0574975812402086,0.183686963077127,-4.43968154420871,Gamma-aminobutyric acid receptor-associated protein-like 2 OS=Rattus norvegicus OX=10116 GN=Gabarapl2 PE=3 SV=1,False,False
Q5U211,-0.156331381569899,26.0120377721895,-1.23909033078162,0.22591307903444,0.432816876683913,-5.52707866081059,Sorting nexin-3 OS=Rattus norvegicus OX=10116 GN=Snx3 PE=1 SV=1,False,False
P07153,-0.159698790295188,27.3432810735531,-1.31785347971339,0.198560412713683,0.407933558876833,-5.43223556063739,Dolichyl-diphosphooligosaccharide--protein glycosyltransferase subunit 1 OS=Rattus norvegicus OX=10116 GN=Rpn1 PE=2 SV=1,False,False
B1WC61,-0.0321132781444717,28.2086129103694,-0.212930141224988,0.832971543389114,0.902108181490411,-6.25096392149115,"Complex I assembly factor ACAD9, mitochondrial OS=Rattus norvegicus OX=10116 GN=Acad9 PE=1 SV=1",False,False
P29117,0.348056895299166,25.6047802991722,1.15941824549072,0.256377168869484,0.464308484758614,-5.61771191911483,"Peptidyl-prolyl cis-trans isomerase F, mitochondrial OS=Rattus norvegicus OX=10116 GN=Ppif PE=1 SV=2",False,False
P19945,-0.134046111401013,27.3773817271092,-1.23853332157576,0.226116173949705,0.432816876683913,-5.5277309579049,Large ribosomal subunit protein uL10 OS=Rattus norvegicus OX=10116 GN=Rplp0 PE=1 SV=2,False,False
P47198,0.790842308214675,25.8006604589306,2.47896276995212,0.01967445332673,0.0959794277155342,-3.51227875648486,Large ribosomal subunit protein eL22 OS=Rattus norvegicus OX=10116 GN=Rpl22 PE=2 SV=2,False,False
Q6AYN4,0.272944935213498,26.157354452491,2.05651056644055,0.0494564591695584,0.16790390370104,-4.31215008633514,Phytanoyl-CoA hydroxylase-interacting protein-like OS=Rattus norvegicus OX=10116 GN=Phyhipl PE=1 SV=2,False,False
O88794,-0.888306213920512,24.3611009147711,-3.38204106818416,0.002197505087151,0.030520745215542,-1.53012375784853,Pyridoxine-5'-phosphate oxidase OS=Rattus norvegicus OX=10116 GN=Pnpo PE=1 SV=1,True,False
P38718,0.0541373970542374,26.7103949052597,0.278603855755333,0.782659027828075,0.868462835182178,-6.23485000743093,Mitochondrial pyruvate carrier 2 OS=Rattus norvegicus OX=10116 GN=Mpc2 PE=2 SV=1,False,False
P0C2B9,-0.308819464679491,26.4714595137234,-1.40226722963009,0.172161800890927,0.371416793555527,-5.32493409691582,Large ribosomal subunit protein mL42 OS=Rattus norvegicus OX=10116 GN=Mrpl42 PE=1 SV=1,False,False
Q8CFG6,-0.05937718099797,29.0014469941761,-0.353274707940612,0.726609748620665,0.837147189102319,-6.21133283179211,Voltage-dependent calcium channel subunit alpha-2/delta-2 OS=Rattus norvegicus OX=10116 GN=Cacna2d2 PE=2 SV=1,False,False
Q5FVM4,-0.312391387048343,29.0256965990664,-2.21987810448962,0.0349617304682568,0.132854575779376,-4.014753754465,Non-POU domain-containing octamer-binding protein OS=Rattus norvegicus OX=10116 GN=Nono PE=1 SV=3,False,False
F1LTE0,0.168865787535569,29.0599008074184,1.01039313592569,0.321223881522949,0.534386272948316,-5.77251919167934,Protein TANC2 OS=Rattus norvegicus OX=10116 GN=Tanc2 PE=1 SV=2,False,False
P21588,-0.274175316336613,27.3916139721285,-2.38799675626287,0.0241545961257665,0.10912448028204,-3.69276526396079,5'-nucleotidase OS=Rattus norvegicus OX=10116 GN=Nt5e PE=1 SV=1,False,False
P03889,-0.16757469643289,24.5672102259179,-1.54873136463169,0.133020706744508,0.31841739795139,-5.12531548206193,NADH-ubiquinone oxidoreductase chain 1 OS=Rattus norvegicus OX=10116 GN=Mt-nd1 PE=1 SV=3,False,False
Q9QYJ4,0.360831862777438,29.1410169297996,1.90014972188372,0.0680778062372897,0.205944871941298,-4.58131476819834,ABC-type oligopeptide transporter ABCB9 OS=Rattus norvegicus OX=10116 GN=Abcb9 PE=1 SV=1,False,False
P97690,0.0263987217864958,30.0913364074435,0.306628316864168,0.761464669216061,0.857241410354463,-6.22667064182362,Structural maintenance of chromosomes protein 3 OS=Rattus norvegicus OX=10116 GN=Smc3 PE=1 SV=1,False,False
Q8K4B7,-0.0301086920864329,27.662839102715,-0.233072342391383,0.817452771255204,0.892065124455509,-6.246477579015,Dimethylaniline monooxygenase [N-oxide-forming] 4 OS=Rattus norvegicus OX=10116 GN=Fmo4 PE=1 SV=3,False,False
Q9Z2A6,0.105490798271457,28.8046035076466,0.782064432497927,0.440941603056887,0.631939534557068,-5.97111754493538,Mitogen-activated protein kinase 15 OS=Rattus norvegicus OX=10116 GN=Mapk15 PE=1 SV=2,False,False
O70127,0.0546028132195353,28.1919294338822,0.456888371777688,0.651384428420594,0.792639703347756,-6.16959686733723,Bile salt export pump OS=Rattus norvegicus OX=10116 GN=Abcb11 PE=1 SV=1,False,False
P20786,0.0745546055771378,27.381899990099,0.608801769567124,0.547714328737475,0.711281521078992,-6.08947861491694,Platelet-derived growth factor receptor alpha OS=Rattus norvegicus OX=10116 GN=Pdgfra PE=1 SV=2,False,False
F1LMY4,-0.158428217739267,30.5494653248521,-1.28835116835693,0.208491074296017,0.418140432338123,-5.46836423713869,Ryanodine receptor 1 OS=Rattus norvegicus OX=10116 GN=Ryr1 PE=1 SV=1,False,False
O08560,-0.678166566625439,28.2787478676009,-3.19186643318031,0.0035555730094273,0.0377518193059785,-1.97145662261627,Diacylglycerol kinase zeta OS=Rattus norvegicus OX=10116 GN=Dgkz PE=1 SV=1,True,False
