Protein,log2FC,AveExpr,t,p_value,adj_p_value,B,Description,significant_FDR05,significant_FC1
P16086,-0.340661908313852,31.9264889011494,-2.1306541576769,0.0423203895139735,0.383188368522296,-4.17861252208192,"Spectrin alpha chain, non-erythrocytic 1 OS=Rattus norvegicus OX=10116 GN=Sptan1 PE=1 SV=2",False,False
P11442,-0.0049521279952315,31.3110504883928,-0.0511709026985355,0.959563813423884,0.985272368280357,-6.27167422527883,Clathrin heavy chain 1 OS=Rattus norvegicus OX=10116 GN=Cltc PE=1 SV=3,False,False
P06687,0.0714593444525349,30.3119437682968,0.447534400004686,0.658038238203005,0.879821496264018,-6.17315621585604,Sodium/potassium-transporting ATPase subunit alpha-3 OS=Rattus norvegicus OX=10116 GN=Atp1a3 PE=1 SV=2,False,False
P13233,0.514385703881871,31.6174595434348,2.21738964647147,0.0351502595482204,0.362549819911645,-4.01887009087943,"2',3'-cyclic-nucleotide 3'-phosphodiesterase OS=Rattus norvegicus OX=10116 GN=Cnp PE=1 SV=2",False,False
P23565,0.27415781471186,30.9960247342453,2.00591946256213,0.054918758759481,0.408485427466588,-4.40039874415159,Alpha-internexin OS=Rattus norvegicus OX=10116 GN=Ina PE=1 SV=2,False,False
P06686,0.0505870717919699,31.2694933582213,0.399816713118266,0.692418459944917,0.892859659958677,-6.19324827597433,Sodium/potassium-transporting ATPase subunit alpha-2 OS=Rattus norvegicus OX=10116 GN=Atp1a2 PE=1 SV=1,False,False
P47942,0.269966355930414,30.8539264259362,1.21009465562673,0.236669000174139,0.622634938422747,-5.56007578103532,Dihydropyrimidinase-related protein 2 OS=Rattus norvegicus OX=10116 GN=Dpysl2 PE=1 SV=1,False,False
P69897,0.139371793672929,29.7088930947877,0.585604978334026,0.562975600553328,0.824482673388058,-6.10251795187743,Tubulin beta-5 chain OS=Rattus norvegicus OX=10116 GN=Tubb5 PE=1 SV=1,False,False
P06685,0.168722660443631,29.7910880529895,0.945983943415298,0.352497161707179,0.704375966075082,-5.83272031236204,Sodium/potassium-transporting ATPase subunit alpha-1 OS=Rattus norvegicus OX=10116 GN=Atp1a1 PE=1 SV=1,False,False
Q3KRE8,-0.234390660439935,26.1430012122997,-1.34273447845732,0.19047256371271,0.598579113496966,-5.40060659815052,Tubulin beta-2B chain OS=Rattus norvegicus OX=10116 GN=Tubb2b PE=1 SV=1,False,False
P07323,0.193392312139579,30.8796255039406,1.29818745310323,0.205138682976149,0.606409037896629,-5.45579224927793,Gamma-enolase OS=Rattus norvegicus OX=10116 GN=Eno2 PE=1 SV=2,False,False
P85108,-0.0032065297591898,31.5104689356744,-0.0146241813108175,0.988438901705636,0.992103179376463,-6.27287723794068,Tubulin beta-2A chain OS=Rattus norvegicus OX=10116 GN=Tubb2a PE=1 SV=1,False,False
Q5XIF6,0.142197863883336,30.8599324591681,0.584536635663262,0.563683656967585,0.824482673388058,-6.10313535771204,Tubulin alpha-4A chain OS=Rattus norvegicus OX=10116 GN=Tuba4a PE=1 SV=1,False,False
Q6P9T8,0.464058905863638,27.2273164399324,1.11998030838589,0.272528392251374,0.652982851345659,-5.65994950405666,Tubulin beta-4B chain OS=Rattus norvegicus OX=10116 GN=Tubb4b PE=1 SV=1,False,False
Q6AYZ1,-0.0353629123843007,32.9301564422665,-0.146853209610096,0.884332497753461,0.964490867058859,-6.26219874036819,Tubulin alpha-1C chain OS=Rattus norvegicus OX=10116 GN=Tuba1c PE=1 SV=1,False,False
P10719,0.154900042735157,30.3577807441739,0.886674923097105,0.383037843284612,0.723252277454732,-5.88541296594374,"ATP synthase subunit beta, mitochondrial OS=Rattus norvegicus OX=10116 GN=Atp5f1b PE=1 SV=2",False,False
Q68FR8,-0.184054840622402,29.567121322928,-0.99826953449126,0.326959683324991,0.69201029637035,-5.78363000374542,Tubulin alpha-3 chain OS=Rattus norvegicus OX=10116 GN=Tuba3a PE=2 SV=1,False,False
P38650,-0.0973071916280368,31.5212914423729,-1.04033429761684,0.307357187586248,0.677653367898071,-5.74236191841252,Cytoplasmic dynein 1 heavy chain 1 OS=Rattus norvegicus OX=10116 GN=Dync1h1 PE=1 SV=1,False,False
P15999,0.0523370675559605,31.1689645744479,0.306838793507116,0.761306179349671,0.911043748326733,-6.22596296185192,"ATP synthase subunit alpha, mitochondrial OS=Rattus norvegicus OX=10116 GN=Atp5f1a PE=1 SV=2",False,False
P63018,0.19744396570028,30.6332037833983,1.53156345007597,0.137195785652373,0.546066893332721,-5.14898500823928,Heat shock cognate 71 kDa protein OS=Rattus norvegicus OX=10116 GN=Hspa8 PE=1 SV=1,False,False
Q9ER34,-0.0066097921448609,30.4581727725876,-0.0681680426257984,0.946151228684747,0.985245766664636,-6.27065949714574,"Aconitate hydratase, mitochondrial OS=Rattus norvegicus OX=10116 GN=Aco2 PE=1 SV=2",False,False
Q4QRB4,0.294278305761683,28.0714591931535,1.01211925340672,0.320412914030468,0.68714294236633,-5.77021638341551,Tubulin beta-3 chain OS=Rattus norvegicus OX=10116 GN=Tubb3 PE=1 SV=1,False,False
P21575,-0.0281946652332188,30.2521201010578,-0.228401912400176,0.821044680208601,0.944018787953914,-6.24690950196146,Dynamin-1 OS=Rattus norvegicus OX=10116 GN=Dnm1 PE=1 SV=2,False,False
P07335,0.209628140820005,31.1867282067421,1.11512849292829,0.274565129720943,0.653620831968845,-5.66512836562676,Creatine kinase B-type OS=Rattus norvegicus OX=10116 GN=Ckb PE=1 SV=2,False,False
P04764,0.419664747378405,29.5823459565751,2.27084248890411,0.031295922298157,0.344393472643708,-3.91826498650102,Alpha-enolase OS=Rattus norvegicus OX=10116 GN=Eno1 PE=1 SV=4,False,False
P11980,-0.0158585928163468,31.0921682536578,-0.127565765136622,0.899432405209857,0.966354459168923,-6.26484497062122,Pyruvate kinase PKM OS=Rattus norvegicus OX=10116 GN=Pkm PE=1 SV=3,False,False
P12839,0.192660312978667,29.9918522488048,1.37378310858253,0.180741892965956,0.597021863931554,-5.36118487699084,Neurofilament medium polypeptide OS=Rattus norvegicus OX=10116 GN=Nefm PE=1 SV=4,False,False
P02770,-0.487427988861498,28.5791563160812,-1.94937354098789,0.0616460933703781,0.412115550124194,-4.49772313662302,Albumin OS=Rattus norvegicus OX=10116 GN=Alb PE=1 SV=2,False,False
P63102,0.169494445661467,30.8445137258287,0.711467600693562,0.482860679101394,0.769026640392367,-6.02213917635914,14-3-3 protein zeta/delta OS=Rattus norvegicus OX=10116 GN=Ywhaz PE=1 SV=1,False,False
P61765,0.19148321994312,29.8349390510122,0.984129794325914,0.333737581747811,0.693857701217786,-5.79714774163602,Syntaxin-binding protein 1 OS=Rattus norvegicus OX=10116 GN=Stxbp1 PE=1 SV=1,False,False
P04636,0.14013733411462,30.1027079691278,0.857047103331271,0.398917884378277,0.728546490356954,-5.91053265054403,"Malate dehydrogenase, mitochondrial OS=Rattus norvegicus OX=10116 GN=Mdh2 PE=1 SV=2",False,False
P82995,0.0570125320456931,29.6564183035267,0.579079176432498,0.567307705878471,0.824482673388058,-6.10627213710948,Heat shock protein HSP 90-alpha OS=Rattus norvegicus OX=10116 GN=Hsp90aa1 PE=1 SV=3,False,False
P05708,-0.108488160241276,29.9647809650466,-0.849198621265706,0.403193744336552,0.732649035430345,-5.91705176657259,Hexokinase-1 OS=Rattus norvegicus OX=10116 GN=Hk1 PE=1 SV=4,False,False
P13221,0.132709476868161,29.4141069892196,1.04716177765812,0.304254605104451,0.676845499703639,-5.73551568689855,"Aspartate aminotransferase, cytoplasmic OS=Rattus norvegicus OX=10116 GN=Got1 PE=1 SV=3",False,False
P48500,0.327559415980602,29.4777840779317,1.55888529428011,0.130600617963965,0.546066893332721,-5.11027187347465,Triosephosphate isomerase OS=Rattus norvegicus OX=10116 GN=Tpi1 PE=1 SV=2,False,False
Q6AY56,0.252677162863517,24.6835676732702,0.358576928057236,0.722683792117813,0.897280901722637,-6.208810892607,Tubulin alpha-8 chain OS=Rattus norvegicus OX=10116 GN=Tuba8 PE=2 SV=1,False,False
Q9QUL6,-0.0125599777825229,32.1453741346152,-0.0793540697006728,0.937332777647214,0.985245766664636,-6.26983404060345,Vesicle-fusing ATPase OS=Rattus norvegicus OX=10116 GN=Nsf PE=1 SV=1,False,False
P34058,0.247476911980421,28.3076094647371,1.40591495873657,0.171086637287479,0.584501035275519,-5.31956818315878,Heat shock protein HSP 90-beta OS=Rattus norvegicus OX=10116 GN=Hsp90ab1 PE=1 SV=4,False,False
P62944,0.0787489900224116,29.2378418922801,1.03514352183334,0.309730763720725,0.677653367898071,-5.7475393600007,AP-2 complex subunit beta OS=Rattus norvegicus OX=10116 GN=Ap2b1 PE=1 SV=1,False,False
P50398,0.213545394107285,29.0867697513965,2.24631671153097,0.0330142774804245,0.353705438734207,-3.96462619069523,Rab GDP dissociation inhibitor alpha OS=Rattus norvegicus OX=10116 GN=Gdi1 PE=1 SV=1,False,False
P63039,-0.0445160829533684,28.8899327401697,-0.323565435734726,0.748745298045958,0.904109438449225,-6.22070717930096,"60 kDa heat shock protein, mitochondrial OS=Rattus norvegicus OX=10116 GN=Hspd1 PE=1 SV=1",False,False
Q9QWN8,-0.172487618040886,31.3374775263484,-1.4624049836573,0.155105850359656,0.574769328055622,-5.24440719726078,"Spectrin beta chain, non-erythrocytic 2 OS=Rattus norvegicus OX=10116 GN=Sptbn2 PE=1 SV=2",False,False
P34926,-0.0235287847044745,29.7499781674893,-0.234789703890966,0.816133004946454,0.942294290359285,-6.24543217602779,Microtubule-associated protein 1A OS=Rattus norvegicus OX=10116 GN=Map1a PE=1 SV=1,False,False
P45592,0.0766959195558492,29.1807136328036,0.524305038387993,0.604319318502047,0.846672473399375,-6.13616260243082,Cofilin-1 OS=Rattus norvegicus OX=10116 GN=Cfl1 PE=1 SV=3,False,False
P63259,0.203513758601552,30.0095235570498,0.869709571030832,0.392080386945301,0.727396101754948,-5.89989546523397,"Actin, cytoplasmic 2 OS=Rattus norvegicus OX=10116 GN=Actg1 PE=1 SV=1",False,False
P13596,0.154766845157297,28.8202104425988,1.35238662287629,0.187404842558327,0.598579113496966,-5.38843533790569,Neural cell adhesion molecule 1 OS=Rattus norvegicus OX=10116 GN=Ncam1 PE=1 SV=1,False,False
P31044,0.453715842559784,29.305574590501,2.06238442703838,0.0488544938584109,0.406995514220454,-4.30118960173996,Phosphatidylethanolamine-binding protein 1 OS=Rattus norvegicus OX=10116 GN=Pebp1 PE=1 SV=3,False,False
P15146,0.036212122286603,29.2482063367923,0.29793897042265,0.768016935074785,0.91805997868211,-6.22864656328464,Microtubule-associated protein 2 OS=Rattus norvegicus OX=10116 GN=Map2 PE=1 SV=3,False,False
P16617,0.156006803349484,29.6363755638307,1.20723856010554,0.237748822494003,0.622634938422747,-5.56334764111086,Phosphoglycerate kinase 1 OS=Rattus norvegicus OX=10116 GN=Pgk1 PE=1 SV=2,False,False
P09951,0.0622395310055168,29.7136983830381,0.370014663654994,0.714241208110327,0.895034811898063,-6.20466245471464,Synapsin-1 OS=Rattus norvegicus OX=10116 GN=Syn1 PE=1 SV=3,False,False
Q05546,0.0723122621383894,28.3639035302042,0.51797542823807,0.608669205997184,0.848376769748971,-6.13942953912815,Tenascin-R OS=Rattus norvegicus OX=10116 GN=Tnr PE=1 SV=1,False,False
F1LX07,-0.128641880509434,28.3040853900711,-0.963654626622442,0.343720912103611,0.702358024059476,-5.81640449470133,"Electrogenic aspartate/glutamate antiporter SLC25A12, mitochondrial OS=Rattus norvegicus OX=10116 GN=Slc25a12 PE=3 SV=5",False,False
P31596,-0.12682049067368,28.829515541846,-0.415947411088146,0.680716714352761,0.892859659958677,-6.18670607851357,Excitatory amino acid transporter 2 OS=Rattus norvegicus OX=10116 GN=Slc1a2 PE=1 SV=2,False,False
Q68FY0,-0.332974285789518,28.1674486538827,-1.93997343492148,0.0628316918094607,0.414850795203166,-4.51370192302022,"Cytochrome b-c1 complex subunit 1, mitochondrial OS=Rattus norvegicus OX=10116 GN=Uqcrc1 PE=1 SV=1",False,False
P15205,-0.867122628662937,32.5766467049684,-2.68762499083741,0.0121380815185,0.269897189847112,-3.08256199501002,Microtubule-associated protein 1B OS=Rattus norvegicus OX=10116 GN=Map1b PE=1 SV=3,False,False
Q66HF1,-0.323700475756038,28.8989671861943,-2.95237136998737,0.0064322414996147,0.217691173252588,-2.51073692390112,"NADH-ubiquinone oxidoreductase 75 kDa subunit, mitochondrial OS=Rattus norvegicus OX=10116 GN=Ndufs1 PE=1 SV=1",False,False
P47819,0.134817096672421,29.2128883811336,0.654896139080318,0.518042836880187,0.796936741666061,-6.06013562330759,Glial fibrillary acidic protein OS=Rattus norvegicus OX=10116 GN=Gfap PE=1 SV=2,False,False
P18484,-0.114049112773493,30.8123839224087,-1.18205001347743,0.247431435900531,0.626306999828968,-5.59190284704852,AP-2 complex subunit alpha-2 OS=Rattus norvegicus OX=10116 GN=Ap2a2 PE=1 SV=3,False,False
P19527,0.348440546126987,29.6540431557008,1.81071603681474,0.081260682213195,0.458361035608803,-4.72746328261276,Neurofilament light polypeptide OS=Rattus norvegicus OX=10116 GN=Nefl PE=1 SV=3,False,False
P62815,0.136779976647066,28.8169563852947,1.04460703485386,0.305412965536244,0.676845499703639,-5.73808227031945,"V-type proton ATPase subunit B, brain isoform OS=Rattus norvegicus OX=10116 GN=Atp6v1b2 PE=1 SV=1",False,False
P02091,-0.236055274861041,30.9934792599808,-1.08003234783261,0.28962520725711,0.660415468743517,-5.70197977712808,Hemoglobin subunit beta-1 OS=Rattus norvegicus OX=10116 GN=Hbb PE=1 SV=3,False,False
Q9Z1P2,-0.209124494953286,29.1108516741013,-2.05143932775495,0.0499814438600566,0.40712005433622,-4.32057577177237,Alpha-actinin-1 OS=Rattus norvegicus OX=10116 GN=Actn1 PE=1 SV=1,False,False
P53534,0.201992181345844,29.3801453543982,1.22829853259924,0.229872472420567,0.622634938422747,-5.53905978649119,"Glycogen phosphorylase, brain form (Fragment) OS=Rattus norvegicus OX=10116 GN=Pygb PE=1 SV=3",False,False
P35213,-0.208381955737366,28.9305994822525,-1.45009178405698,0.158483311055322,0.574769328055622,-5.2610052308112,14-3-3 protein beta/alpha OS=Rattus norvegicus OX=10116 GN=Ywhab PE=1 SV=3,False,False
P01946,-0.0650745628514962,30.6272071431396,-0.225708713392385,0.823117759451102,0.94431836174316,-6.24752020424446,Hemoglobin subunit alpha-1/2 OS=Rattus norvegicus OX=10116 GN=Hba1 PE=1 SV=3,False,False
P05065,0.174377120387103,28.7065870984413,0.901871855655109,0.375053355609274,0.72146142828569,-5.87221646843095,Fructose-bisphosphate aldolase A OS=Rattus norvegicus OX=10116 GN=Aldoa PE=1 SV=2,False,False
Q9Z2L0,-0.0674961538982259,29.426691626522,-0.349926888492884,0.729092514788477,0.897280901722637,-6.21186257812698,Non-selective voltage-gated ion channel VDAC1 OS=Rattus norvegicus OX=10116 GN=Vdac1 PE=1 SV=4,False,False
P09117,0.146697028086969,28.6185403896046,0.97102595394937,0.340103807373198,0.701461707336402,-5.80951520091621,Fructose-bisphosphate aldolase C OS=Rattus norvegicus OX=10116 GN=Aldoc PE=1 SV=3,False,False
P50554,0.0687976929918719,29.3698119652655,0.590926392731776,0.559455535959798,0.823266493119594,-6.09942629752805,"4-aminobutyrate aminotransferase, mitochondrial OS=Rattus norvegicus OX=10116 GN=Abat PE=1 SV=3",False,False
P46462,-0.0231091471677338,29.6320867397251,-0.154991742893089,0.877973883632103,0.964490867058859,-6.26097072218823,Transitional endoplasmic reticulum ATPase OS=Rattus norvegicus OX=10116 GN=Vcp PE=1 SV=3,False,False
P00507,0.0196935937172,29.69932975785,0.207324798778876,0.83730278511738,0.950942603849,-6.25149609817185,"Aspartate aminotransferase, mitochondrial OS=Rattus norvegicus OX=10116 GN=Got2 PE=1 SV=2",False,False
P68255,0.173265311531818,28.9091819830167,1.50820189481517,0.143047834039773,0.555271699874816,-5.18163293384626,14-3-3 protein theta OS=Rattus norvegicus OX=10116 GN=Ywhaq PE=1 SV=1,False,False
Q05962,-0.125958100388186,30.2458799808434,-0.575533380337038,0.569668607688306,0.824482673388058,-6.10829478034939,ADP/ATP translocase 1 OS=Rattus norvegicus OX=10116 GN=Slc25a4 PE=1 SV=3,False,False
P11275,-0.319914193876929,29.8364152382288,-1.32489149114865,0.19624616900549,0.600626804258455,-5.42290627096522,Calcium/calmodulin-dependent protein kinase type II subunit alpha OS=Rattus norvegicus OX=10116 GN=Camk2a PE=1 SV=1,False,False
P50399,0.151771437356306,28.3925772377805,1.457622905786,0.156410639990689,0.574769328055622,-5.25086753776542,Rab GDP dissociation inhibitor beta OS=Rattus norvegicus OX=10116 GN=Gdi2 PE=1 SV=2,False,False
Q63198,0.0700806228392956,31.6047695251567,0.334723035026023,0.740405225283968,0.901978469046724,-6.21704744932103,Contactin-1 OS=Rattus norvegicus OX=10116 GN=Cntn1 PE=1 SV=2,False,False
P68511,-0.0730975489901518,27.2715804751513,-0.371929150142574,0.712831627292384,0.895034811898063,-6.2039554807977,14-3-3 protein eta OS=Rattus norvegicus OX=10116 GN=Ywhah PE=1 SV=2,False,False
P11506,-0.0386661152306687,29.6536163055651,-0.293140761881325,0.771642611986903,0.918339504155842,-6.23006083805667,Plasma membrane calcium-transporting ATPase 2 OS=Rattus norvegicus OX=10116 GN=Atp2b2 PE=1 SV=2,False,False
P06761,0.11696271314441,27.9202156571728,0.706665672825702,0.485792909279838,0.772438917034552,-6.02548219162821,Endoplasmic reticulum chaperone BiP OS=Rattus norvegicus OX=10116 GN=Hspa5 PE=1 SV=1,False,False
P11517,-0.465092518415464,26.4314498189982,-1.76079927452685,0.0895292894206705,0.47321674271697,-4.80696124589606,Hemoglobin subunit beta-2 OS=Rattus norvegicus OX=10116 PE=1 SV=2,False,False
P04797,0.264148749314781,29.5535504142266,2.18406296362494,0.0377648611312466,0.373411746257941,-4.08076899448837,Glyceraldehyde-3-phosphate dehydrogenase OS=Rattus norvegicus OX=10116 GN=Gapdh PE=1 SV=3,False,False
P85845,0.499336433336648,30.6284078024565,1.85438567857737,0.0745721713889939,0.446197025493262,-4.65650311961424,Fascin OS=Rattus norvegicus OX=10116 GN=Fscn1 PE=1 SV=2,False,False
P04642,0.133659523128721,29.1429242043454,0.832234532902485,0.412534387687843,0.741839917824279,-5.93094840595551,L-lactate dehydrogenase A chain OS=Rattus norvegicus OX=10116 GN=Ldha PE=1 SV=1,False,False
Q5RJQ4,0.123859526726207,29.4635973876968,1.35912137580041,0.185287259159528,0.598579113496966,-5.37989800893084,NAD-dependent protein deacetylase sirtuin-2 OS=Rattus norvegicus OX=10116 GN=Sirt2 PE=1 SV=1,False,False
P54311,-0.0396822467749303,28.6965316621397,-0.257789402716409,0.798512638603294,0.935919034207107,-6.23977701378761,Guanine nucleotide-binding protein G(I)/G(S)/G(T) subunit beta-1 OS=Rattus norvegicus OX=10116 GN=Gnb1 PE=1 SV=4,False,False
P16884,-0.0444333226829521,31.4290488325838,-0.425696585793116,0.673683258485269,0.889764267130516,-6.18262827327614,Neurofilament heavy polypeptide OS=Rattus norvegicus OX=10116 GN=Nefh PE=1 SV=4,False,False
O88989,0.256180963687566,29.5514269836662,2.0629718807237,0.0487946489774617,0.406995514220454,-4.30014699532849,"Malate dehydrogenase, cytoplasmic OS=Rattus norvegicus OX=10116 GN=Mdh1 PE=1 SV=3",False,False
P59215,0.257930586444584,28.9613390004394,1.20573343320387,0.238319351764114,0.622634938422747,-5.56506908846636,Guanine nucleotide-binding protein G(o) subunit alpha OS=Rattus norvegicus OX=10116 GN=Gnao1 PE=1 SV=2,False,False
P15429,-0.0513453959848889,27.6109108967172,-0.205838843917501,0.83845186051833,0.950942603849,-6.25180276996406,Beta-enolase OS=Rattus norvegicus OX=10116 GN=Eno3 PE=1 SV=3,False,False
O08838,0.0997391162772878,27.1375800472667,0.6140619685207,0.544283884649136,0.819336097944087,-6.08566863631411,Amphiphysin OS=Rattus norvegicus OX=10116 GN=Amph PE=1 SV=1,False,False
P61983,0.154152947169681,28.4240744436719,0.948322382086521,0.351327234935783,0.704375966075082,-5.83057734555516,14-3-3 protein gamma OS=Rattus norvegicus OX=10116 GN=Ywhag PE=1 SV=2,False,False
P09606,-0.157849462999444,31.3662855899607,-0.801151255943184,0.429997143372532,0.744590881594672,-5.95572010021347,Glutamine synthetase OS=Rattus norvegicus OX=10116 GN=Glul PE=1 SV=3,False,False
P14659,-0.10083685382655,26.9403413180146,-0.628548655008806,0.534895025680973,0.814755714222917,-6.07679276590101,Heat shock-related 70 kDa protein 2 OS=Rattus norvegicus OX=10116 GN=Hspa2 PE=1 SV=2,False,False
P11505,0.0366026487394997,28.4983988972666,0.308707304761809,0.759899646322828,0.911043748326733,-6.22538958090642,Plasma membrane calcium-transporting ATPase 1 OS=Rattus norvegicus OX=10116 GN=Atp2b1 PE=1 SV=3,False,False
Q09073,-0.121273653729219,29.1717804324625,-0.840261753154714,0.408097719937853,0.736616384487824,-5.92440578385866,ADP/ATP translocase 2 OS=Rattus norvegicus OX=10116 GN=Slc25a5 PE=1 SV=3,False,False
O35095,0.0871469698848131,28.0121260045897,0.395147345853436,0.695820455221721,0.892859659958677,-6.19509435457815,Neurochondrin OS=Rattus norvegicus OX=10116 GN=Ncdn PE=1 SV=2,False,False
P10860,0.167050151100806,28.2004864823752,0.952934281140046,0.349027513218913,0.70259627660982,-5.82633648504361,"Glutamate dehydrogenase 1, mitochondrial OS=Rattus norvegicus OX=10116 GN=Glud1 PE=1 SV=2",False,False
P47860,0.0405913160149218,28.1781869071779,0.400798257745389,0.691704158543882,0.892859659958677,-6.1928574878002,"ATP-dependent 6-phosphofructokinase, platelet type OS=Rattus norvegicus OX=10116 GN=Pfkp PE=1 SV=2",False,False
P05197,0.0021002008892026,29.125951092387,0.0292226921633906,0.976900652070935,0.989911181798765,-6.27255698721947,Elongation factor 2 OS=Rattus norvegicus OX=10116 GN=Eef2 PE=1 SV=4,False,False
Q5U300,-0.0563171150268964,29.2585810181812,-0.453769392775613,0.653599846565285,0.876050289393816,-6.1703661766423,Ubiquitin-like modifier-activating enzyme 1 OS=Rattus norvegicus OX=10116 GN=Uba1 PE=1 SV=1,False,False
P62260,0.276855602205472,28.9172615024171,1.73468982835553,0.0941322788844125,0.475405316548839,-4.84784675200602,14-3-3 protein epsilon OS=Rattus norvegicus OX=10116 GN=Ywhae PE=1 SV=1,False,False
P08461,-0.007786720160972,28.6687025350602,-0.062197163532569,0.950861269710157,0.985245766664636,-6.27104888400213,"Dihydrolipoyllysine-residue acetyltransferase component of pyruvate dehydrogenase complex, mitochondrial OS=Rattus norvegicus OX=10116 GN=Dlat PE=1 SV=3",False,False
Q5XI73,0.299328517580445,27.1495919133106,1.59434296129344,0.122431139286741,0.536153377732733,-5.05918629930349,Rho GDP-dissociation inhibitor 1 OS=Rattus norvegicus OX=10116 GN=Arhgdia PE=1 SV=1,False,False
P42123,0.364352526175907,29.1412209717819,1.93806957402369,0.0630742276191431,0.414850795203166,-4.51693118158312,L-lactate dehydrogenase B chain OS=Rattus norvegicus OX=10116 GN=Ldhb PE=1 SV=2,False,False
Q9Z0W5,-0.115010043696262,28.7222638799778,-1.14606788646636,0.261764248499081,0.64555997312994,-5.63175395575834,Protein kinase C and casein kinase substrate in neurons protein 1 OS=Rattus norvegicus OX=10116 GN=Pacsin1 PE=1 SV=1,False,False
P25113,0.287300505153027,28.3086176018769,1.66656143926097,0.107094188123739,0.505780261280807,-4.95223451846674,Phosphoglycerate mutase 1 OS=Rattus norvegicus OX=10116 GN=Pgam1 PE=1 SV=4,False,False
P02688,0.720623275721593,31.1167443987525,1.96331130982329,0.0599241714214348,0.408485427466588,-4.47392524638925,Myelin basic protein OS=Rattus norvegicus OX=10116 GN=Mbp PE=1 SV=3,False,False
Q5FVI6,0.106562194000748,28.1184333720544,0.728240295564093,0.472698733979271,0.76636636062807,-6.01029154915725,V-type proton ATPase subunit C 1 OS=Rattus norvegicus OX=10116 GN=Atp6v1c1 PE=1 SV=1,False,False
P07722,0.531058653809385,28.4801486976133,2.8319009206656,0.0086119197484522,0.254885785854169,-2.77444015272996,Myelin-associated glycoprotein OS=Rattus norvegicus OX=10116 GN=Mag PE=1 SV=1,False,False
Q6P6V0,0.0740868353594166,29.1004593766502,0.863103192924388,0.395638297406933,0.727463966199844,-5.9054635818763,Glucose-6-phosphate isomerase OS=Rattus norvegicus OX=10116 GN=Gpi PE=1 SV=1,False,False
P25809,0.146002885921611,28.8365265925256,0.819589131746882,0.419584499564786,0.743964502863035,-5.94113419993335,"Creatine kinase U-type, mitochondrial OS=Rattus norvegicus OX=10116 GN=Ckmt1 PE=1 SV=1",False,False
P0DP31,0.0083187306793277,30.6117126587268,0.0383648928132408,0.969677352077551,0.988822964011849,-6.27224785078203,Calmodulin-3 OS=Rattus norvegicus OX=10116 GN=Calm3 PE=1 SV=1,False,False
Q8VHF5,0.0399187811018358,28.4822084922349,0.277584918683096,0.783432961916333,0.925919921411711,-6.2344890276924,"Citrate synthase, mitochondrial OS=Rattus norvegicus OX=10116 GN=Cs PE=1 SV=1",False,False
Q63345,0.100862460901833,29.4039080286602,0.666316973314212,0.510828956995639,0.791884446406217,-6.05270960157313,Myelin-oligodendrocyte glycoprotein OS=Rattus norvegicus OX=10116 GN=Mog PE=1 SV=1,False,False
P10111,0.21144775689984,30.0448563022776,1.22876194311803,0.22970138780719,0.622634938422747,-5.53852113689715,Peptidyl-prolyl cis-trans isomerase A OS=Rattus norvegicus OX=10116 GN=Ppia PE=1 SV=2,False,False
Q9R063,0.13681369511189,29.7376823653731,0.784760145556897,0.439385717256046,0.751204736736061,-5.96842139978154,"Peroxiredoxin-5, mitochondrial OS=Rattus norvegicus OX=10116 GN=Prdx5 PE=1 SV=1",False,False
Q9QXQ0,-0.269912112309193,27.7837195074098,-1.99125431237597,0.0565984407035099,0.408485427466588,-4.42583668143256,Alpha-actinin-4 OS=Rattus norvegicus OX=10116 GN=Actn4 PE=1 SV=2,False,False
P97536,0.446027273119967,29.3254527760842,2.0090038125918,0.0545711262703783,0.408485427466588,-4.39503128387631,Cullin-associated NEDD8-dissociated protein 1 OS=Rattus norvegicus OX=10116 GN=Cand1 PE=1 SV=1,False,False
P61265,0.267457827345851,28.2025706948797,1.32126517647844,0.197435957817184,0.600626804258455,-5.42740647496707,Syntaxin-1B OS=Rattus norvegicus OX=10116 GN=Stx1b PE=1 SV=1,False,False
P12346,0.0127343741042374,28.0856121668049,0.134688955406555,0.89385095263254,0.965386062231057,-6.2639109316884,Serotransferrin OS=Rattus norvegicus OX=10116 GN=Tf PE=1 SV=3,False,False
P68136,0.013144902495398,30.5923410659241,0.0604457412540651,0.95224320543994,0.985245766664636,-6.2711563380621,"Actin, alpha skeletal muscle OS=Rattus norvegicus OX=10116 GN=Acta1 PE=1 SV=1",False,False
P50137,-0.0301326680252529,28.4560063773476,-0.3962451410721,0.695020041749858,0.892859659958677,-6.19466225751946,Transketolase OS=Rattus norvegicus OX=10116 GN=Tkt PE=1 SV=1,False,False
P68035,0.193875090544633,21.9286419358205,0.425686671157967,0.673690396165303,0.889764267130516,-6.18263246762594,"Actin, alpha cardiac muscle 1 OS=Rattus norvegicus OX=10116 GN=Actc1 PE=2 SV=1",False,False
Q5XI78,0.0615663934673627,29.0764355688848,0.473141725898172,0.639892547282472,0.865173069546713,-6.16145511249467,2-oxoglutarate dehydrogenase complex component E1 OS=Rattus norvegicus OX=10116 GN=Ogdh PE=1 SV=1,False,False
Q62950,0.0441035115827653,28.2837450761997,0.342933292205215,0.734288677208152,0.898189913913073,-6.21427590445572,Dihydropyrimidinase-related protein 1 OS=Rattus norvegicus OX=10116 GN=Crmp1 PE=1 SV=1,False,False
P32551,-0.137145383141558,28.2254703369033,-1.75415556986586,0.0906820260554323,0.47321674271697,-4.81741053786774,"Cytochrome b-c1 complex subunit 2, mitochondrial OS=Rattus norvegicus OX=10116 GN=Uqcrc2 PE=1 SV=2",False,False
O35303,-0.0672727978363987,29.8857754260748,-0.48920927916883,0.628620999108771,0.861680037851078,-6.15378647018562,Dynamin-1-like protein OS=Rattus norvegicus OX=10116 GN=Dnm1l PE=1 SV=1,False,False
Q9WVC0,0.059226685166383,27.6388071411828,0.370759042525357,0.713693020870546,0.895034811898063,-6.20438800245034,Septin-7 OS=Rattus norvegicus OX=10116 GN=Septin7 PE=1 SV=1,False,False
P62630,-0.0263759255636806,27.6614113611419,-0.197146484640427,0.845180792149123,0.951487315901767,-6.25355264498362,Elongation factor 1-alpha 1 OS=Rattus norvegicus OX=10116 GN=Eef1a1 PE=2 SV=1,False,False
Q05175,0.0642404559948098,26.659672137656,0.294039340894592,0.770963213736995,0.918339504155842,-6.22979771721523,Brain acid soluble protein 1 OS=Rattus norvegicus OX=10116 GN=Basp1 PE=1 SV=2,False,False
P97685,0.0350307744340981,28.3186532383179,0.340008002396106,0.736465968194653,0.898189913913073,-6.21527103153073,Neurofascin OS=Rattus norvegicus OX=10116 GN=Nfasc PE=1 SV=2,False,False
P25286,-0.0547975014269504,28.8336993303174,-0.23099015061287,0.819053637035841,0.944018787953914,-6.24631580169107,V-type proton ATPase 116 kDa subunit a 1 OS=Rattus norvegicus OX=10116 GN=Atp6v0a1 PE=1 SV=1,False,False
P62632,0.0386385907326776,27.9087805002914,0.229109048624906,0.820500582971858,0.944018787953914,-6.24674795780585,Elongation factor 1-alpha 2 OS=Rattus norvegicus OX=10116 GN=Eef1a2 PE=1 SV=1,False,False
P60203,0.242047148954967,32.8306789617157,1.04922536646168,0.303321193420882,0.676845499703639,-5.73343832499254,Myelin proteolipid protein OS=Rattus norvegicus OX=10116 GN=Plp1 PE=1 SV=2,False,False
O88600,0.153615995495606,27.7436888546166,1.16286605806414,0.254999220740537,0.634860128878164,-5.6132877750064,Heat shock 70 kDa protein 4 OS=Rattus norvegicus OX=10116 GN=Hspa4 PE=1 SV=1,False,False
Q6P6R2,-0.0058218914761845,28.2507179490353,-0.0624075800101435,0.950695253888011,0.985245766664636,-6.2710357679885,"Dihydrolipoyl dehydrogenase, mitochondrial OS=Rattus norvegicus OX=10116 GN=Dld PE=1 SV=1",False,False
P63012,-0.0280132046825656,26.4130495457125,-0.137184580093442,0.891896776076767,0.965386062231057,-6.26357170323579,Ras-related protein Rab-3A OS=Rattus norvegicus OX=10116 GN=Rab3a PE=1 SV=1,False,False
Q63537,0.0301433725037299,28.5149886751464,0.17156286508708,0.865053027789885,0.960760985058051,-6.25826603257938,Synapsin-2 OS=Rattus norvegicus OX=10116 GN=Syn2 PE=1 SV=1,False,False
D3ZQL7,-0.0261316168113979,27.9552843866813,-0.174841230946332,0.862501205023257,0.959437803529263,-6.25769849317661,Tubulin polymerization-promoting protein OS=Rattus norvegicus OX=10116 GN=Tppp PE=1 SV=1,False,False
P54313,0.428065467032049,25.2837917012499,2.21800693713266,0.0351034075033929,0.362549819911645,-4.01771753455427,Guanine nucleotide-binding protein G(I)/G(S)/G(T) subunit beta-2 OS=Rattus norvegicus OX=10116 GN=Gnb2 PE=1 SV=4,False,False
Q64542,-0.40370623529012,29.3626509361025,-1.18677182348242,0.24559446490037,0.626306999828968,-5.58659106444309,Plasma membrane calcium-transporting ATPase 4 OS=Rattus norvegicus OX=10116 GN=Atp2b4 PE=1 SV=1,False,False
P11507,-0.0112400152978509,28.3913994148648,-0.105221734898057,0.916973088925353,0.974565118062961,-6.26744600891498,Sarcoplasmic/endoplasmic reticulum calcium ATPase 2 OS=Rattus norvegicus OX=10116 GN=Atp2a2 PE=1 SV=1,False,False
P11730,0.0712300564792656,25.2231884183006,0.342339874378105,0.734730175970358,0.898189913913073,-6.21447845689425,Calcium/calmodulin-dependent protein kinase type II subunit gamma OS=Rattus norvegicus OX=10116 GN=Camk2g PE=1 SV=1,False,False
P62762,-0.0362486831255175,28.1476834064797,-0.220633312291893,0.827028063227343,0.946798512130246,-6.24865147456413,Visinin-like protein 1 OS=Rattus norvegicus OX=10116 GN=Vsnl1 PE=1 SV=2,False,False
P62142,-0.144238712720963,27.0425830659781,-0.741138452011945,0.464969487532526,0.759520294114217,-6.00100048354064,Serine/threonine-protein phosphatase PP1-beta catalytic subunit OS=Rattus norvegicus OX=10116 GN=Ppp1cb PE=1 SV=3,False,False
P04897,-0.268425108310293,29.0660926549532,-2.14716400117673,0.0408623084267264,0.383188368522296,-4.14854713227462,Guanine nucleotide-binding protein G(i) subunit alpha-2 OS=Rattus norvegicus OX=10116 GN=Gnai2 PE=1 SV=3,False,False
P07340,0.133546129539482,29.5920267664828,0.81142550895419,0.424175408890128,0.744590881594672,-5.94763124272218,Sodium/potassium-transporting ATPase subunit beta-1 OS=Rattus norvegicus OX=10116 GN=Atp1b1 PE=1 SV=1,False,False
P08009,0.437354548348033,28.2211604640404,2.99533769823802,0.0057901795807943,0.217388935159469,-2.41536804866017,Glutathione S-transferase Mu 7 OS=Rattus norvegicus OX=10116 GN=Gstm7 PE=1 SV=2,False,False
Q00981,0.256658224033565,28.6575938838073,1.70980793140412,0.0987037271232684,0.490349249883026,-4.88635874151717,Ubiquitin carboxyl-terminal hydrolase isozyme L1 OS=Rattus norvegicus OX=10116 GN=Uchl1 PE=1 SV=2,False,False
Q64541,0.0508324423190629,30.7407998275504,0.415653667403268,0.680929092906149,0.892859659958677,-6.18682749656295,Sodium/potassium-transporting ATPase subunit alpha-4 OS=Rattus norvegicus OX=10116 GN=Atp1a4 PE=1 SV=1,False,False
Q08163,0.0952542981020983,26.870358205609,0.765750188114866,0.450428609652328,0.751639729204116,-5.98283809743467,Adenylyl cyclase-associated protein 1 OS=Rattus norvegicus OX=10116 GN=Cap1 PE=1 SV=3,False,False
P62138,0.164164117012298,21.967800910143,0.617718034971538,0.54190623762993,0.817387820826204,-6.08344755622101,Serine/threonine-protein phosphatase PP1-alpha catalytic subunit OS=Rattus norvegicus OX=10116 GN=Ppp1ca PE=1 SV=1,False,False
P07171,0.0199303973321996,27.7549831520846,0.130101133016529,0.897445172771237,0.965879417268415,-6.2645183250473,Calbindin OS=Rattus norvegicus OX=10116 GN=Calb1 PE=1 SV=2,False,False
Q4QQT4,0.0172690842014518,28.0481024699773,0.107060057956884,0.915528216663581,0.973985322835617,-6.26725084480836,Serine/threonine-protein phosphatase 2A 65 kDa regulatory subunit A beta isoform OS=Rattus norvegicus OX=10116 GN=Ppp2r1b PE=2 SV=1,False,False
P67779,-0.170413380215351,27.7506386434819,-1.54115420240892,0.134850430047886,0.546066893332721,-5.13546050715454,Prohibitin 1 OS=Rattus norvegicus OX=10116 GN=Phb1 PE=1 SV=1,False,False
P35704,0.248393580284617,27.4505924522895,1.37770588925161,0.179540711015258,0.597021863931554,-5.35614866497512,Peroxiredoxin-2 OS=Rattus norvegicus OX=10116 GN=Prdx2 PE=1 SV=3,False,False
P63088,-0.560208965980312,23.4284336279408,-1.99717992846869,0.0559143855243287,0.408485427466588,-4.41557468644912,Serine/threonine-protein phosphatase PP1-gamma catalytic subunit OS=Rattus norvegicus OX=10116 GN=Ppp1cc PE=1 SV=1,False,False
P21707,-0.1919674296437,29.193721061875,-1.47689002549453,0.151206802013638,0.570581765089792,-5.22472923526729,Synaptotagmin-1 OS=Rattus norvegicus OX=10116 GN=Syt1 PE=1 SV=3,False,False
P48037,-0.0215380704941666,30.6753790924631,-0.227180149235171,0.821984964949715,0.944018787953914,-6.24718743973431,Annexin A6 OS=Rattus norvegicus OX=10116 GN=Anxa6 PE=1 SV=2,False,False
Q66HA8,0.100532163688836,28.5692972458932,0.942873954588195,0.354057126161022,0.704375966075082,-5.83556267828962,Heat shock protein 105 kDa OS=Rattus norvegicus OX=10116 GN=Hsph1 PE=1 SV=1,False,False
P08413,-0.233126636987247,27.077609203364,-1.42695837024427,0.164987457812443,0.582024158993079,-5.29186525228444,Calcium/calmodulin-dependent protein kinase type II subunit beta OS=Rattus norvegicus OX=10116 GN=Camk2b PE=1 SV=1,False,False
P84079,0.213529724810119,26.0937135144449,1.09985942977782,0.281046464339199,0.656512153485106,-5.68129312045921,ADP-ribosylation factor 1 OS=Rattus norvegicus OX=10116 GN=Arf1 PE=1 SV=2,False,False
P52303,-0.628327891734081,29.3066333682537,-2.53421537631446,0.0173408583380925,0.280300740002301,-3.40012834430512,AP-1 complex subunit beta-1 OS=Rattus norvegicus OX=10116 GN=Ap1b1 PE=1 SV=1,False,False
P62738,-0.257921724528416,24.1907809397353,-0.342740640919652,0.734431998272955,0.898189913913073,-6.21434170060077,"Actin, aortic smooth muscle OS=Rattus norvegicus OX=10116 GN=Acta2 PE=2 SV=1",False,False
P24942,0.113119389334877,28.1460986072349,0.77132871043629,0.447170939833689,0.751639729204116,-5.97864249228517,Excitatory amino acid transporter 1 OS=Rattus norvegicus OX=10116 GN=Slc1a3 PE=1 SV=2,False,False
P97700,0.446109374112805,28.5500816836206,2.3392183876798,0.0269247563444795,0.313688281862251,-3.78725527894061,Mitochondrial 2-oxoglutarate/malate carrier protein OS=Rattus norvegicus OX=10116 GN=Slc25a11 PE=1 SV=3,False,False
P63045,-0.2105118159771,26.2978984144595,-0.638645938280824,0.528402312288751,0.807136395216809,-6.07048750014965,Vesicle-associated membrane protein 2 OS=Rattus norvegicus OX=10116 GN=Vamp2 PE=1 SV=2,False,False
P10824,-0.110652615411563,24.9528254281333,-0.805883736921156,0.427309495724901,0.744590881594672,-5.95200643103532,Guanine nucleotide-binding protein G(i) subunit alpha-1 OS=Rattus norvegicus OX=10116 GN=Gnai1 PE=1 SV=3,False,False
Q8CFN2,0.102937981453739,26.8372491614264,0.581529925659217,0.565678817929165,0.824482673388058,-6.10486706902018,Cell division control protein 42 homolog OS=Rattus norvegicus OX=10116 GN=Cdc42 PE=1 SV=2,False,False
P13264,0.0237671670335189,27.4426119694357,0.126137331196123,0.900552312174718,0.966598765198434,-6.26502617616958,"Glutaminase kidney isoform, mitochondrial OS=Rattus norvegicus OX=10116 GN=Gls PE=1 SV=2",False,False
Q920L2,0.145587570099298,27.9881882453977,1.2499763453432,0.221971413184781,0.621175815191519,-5.51366895386336,"Succinate dehydrogenase [ubiquinone] flavoprotein subunit, mitochondrial OS=Rattus norvegicus OX=10116 GN=Sdha PE=1 SV=1",False,False
Q8VBU2,0.351853525741515,27.7504399917272,1.72751405887108,0.0954319023025399,0.478484954600235,-4.85899873363897,Protein NDRG2 OS=Rattus norvegicus OX=10116 GN=Ndrg2 PE=1 SV=1,False,False
P15791,-0.215626684054737,23.7496070400639,-0.604217401339364,0.550713210177948,0.821518466422476,-6.09158554957818,Calcium/calmodulin-dependent protein kinase type II subunit delta OS=Rattus norvegicus OX=10116 GN=Camk2d PE=1 SV=1,False,False
P63329,-0.386672979441581,28.1902662947261,-1.80362356416114,0.0823941615614705,0.461393667193732,-4.73886444948042,Protein phosphatase 3 catalytic subunit alpha OS=Rattus norvegicus OX=10116 GN=Ppp3ca PE=1 SV=1,False,False
P01830,-0.112732536924071,28.1052103037636,-0.550173038996703,0.586697163897358,0.833431777972611,-6.12240768837304,Thy-1 membrane glycoprotein OS=Rattus norvegicus OX=10116 GN=Thy1 PE=1 SV=1,False,False
Q05140,0.254502066795421,28.9432309367719,1.77473296218495,0.0871521018189059,0.47321674271697,-4.78494533684924,Clathrin coat assembly protein AP180 OS=Rattus norvegicus OX=10116 GN=Snap91 PE=1 SV=1,False,False
P37377,0.0601182788836176,26.7992355845618,0.246239030070663,0.807348622500809,0.938454060387156,-6.24268272530135,Alpha-synuclein OS=Rattus norvegicus OX=10116 GN=Snca PE=1 SV=1,False,False
P55063,-0.241372806239987,25.8114860637038,-0.994055364965086,0.328969807140874,0.69201029637035,-5.78767750176442,Heat shock 70 kDa protein 1-like OS=Rattus norvegicus OX=10116 GN=Hspa1l PE=2 SV=2,False,False
P63100,0.56361341475808,26.0461842000192,1.57864279678566,0.12599499456416,0.543635773358507,-5.08192332106059,Calcineurin subunit B type 1 OS=Rattus norvegicus OX=10116 GN=Ppp3r1 PE=1 SV=2,False,False
P61589,-0.0051771926484995,26.4737093091482,-0.02990172660513,0.976364066955874,0.989911181798765,-6.27253690110249,Transforming protein RhoA OS=Rattus norvegicus OX=10116 GN=Rhoa PE=1 SV=1,False,False
P62747,-0.0507710239360115,26.9881188867973,-0.431398173756447,0.669583765797103,0.887777241495928,-6.18020028137184,Rho-related GTP-binding protein RhoB OS=Rattus norvegicus OX=10116 GN=Rhob PE=1 SV=1,False,False
P49432,-0.113064991770184,27.8858529498153,-1.20995047972482,0.236723421799985,0.622634938422747,-5.56024111042431,"Pyruvate dehydrogenase E1 component subunit beta, mitochondrial OS=Rattus norvegicus OX=10116 GN=Pdhb PE=1 SV=2",False,False
O88767,0.393284052577748,27.37621302025,2.73674098440686,0.0108083337947795,0.269897189847112,-2.97865413086293,Parkinson disease protein 7 homolog OS=Rattus norvegicus OX=10116 GN=Park7 PE=1 SV=1,False,False
P61980,-0.102336757083251,30.5976631632701,-0.760520292215419,0.453495548895918,0.75295205200707,-5.9867450488169,Heterogeneous nuclear ribonucleoprotein K OS=Rattus norvegicus OX=10116 GN=Hnrnpk PE=1 SV=1,False,False
Q5U318,0.4564629418213,26.7929030891983,1.61694957890053,0.117446036556323,0.526672769682368,-5.02612285743048,Astrocytic phosphoprotein PEA-15 OS=Rattus norvegicus OX=10116 GN=Pea15 PE=1 SV=1,False,False
O35814,0.116551399060082,27.843789286858,1.00343245387909,0.324508516995167,0.69201029637035,-5.77864965695361,Stress-induced-phosphoprotein 1 OS=Rattus norvegicus OX=10116 GN=Stip1 PE=1 SV=1,False,False
P09812,0.244743760258938,29.3479565683838,1.67810608853996,0.104797912132845,0.505780261280807,-4.93478170561347,"Glycogen phosphorylase, muscle form OS=Rattus norvegicus OX=10116 GN=Pygm PE=1 SV=5",False,False
P47858,0.153416487348618,30.3672104946594,0.68577317740548,0.498668325824613,0.780430342294878,-6.03977323942149,"ATP-dependent 6-phosphofructokinase, muscle type OS=Rattus norvegicus OX=10116 GN=Pfkm PE=1 SV=3",False,False
Q9WTT6,0.273429261754472,29.362220218178,1.63774043417644,0.1130109591117,0.516417167586375,-4.9953794065486,Guanine deaminase OS=Rattus norvegicus OX=10116 GN=Gda PE=1 SV=1,False,False
Q63941,-0.0134689041565785,25.4134219916856,-0.0592575751977506,0.953180798189561,0.985245766664636,-6.2712274882103,Ras-related protein Rab-3B OS=Rattus norvegicus OX=10116 GN=Rab3b PE=1 SV=2,False,False
P48721,0.216411180702803,29.3257526148816,1.55041364356826,0.132617236777743,0.546066893332721,-5.12233650756592,"Stress-70 protein, mitochondrial OS=Rattus norvegicus OX=10116 GN=Hspa9 PE=1 SV=3",False,False
P63319,0.0692329366734548,26.1539271210135,0.41232055808286,0.683340819997621,0.892859659958677,-6.18819929640229,Protein kinase C gamma type OS=Rattus norvegicus OX=10116 GN=Prkcg PE=1 SV=1,False,False
Q63942,-0.0945083529782735,22.4462568953601,-0.449985806298374,0.65629166944784,0.878570924613115,-6.17206379301119,GTP-binding protein Rab-3D OS=Rattus norvegicus OX=10116 GN=Rab3d PE=1 SV=2,False,False
P84083,-0.0609516677516737,27.2546416769351,-0.345746913288012,0.732196627261452,0.898189913913073,-6.21331079392219,ADP-ribosylation factor 5 OS=Rattus norvegicus OX=10116 GN=Arf5 PE=1 SV=2,False,False
P07825,0.0311921650729836,27.5309404845906,0.162534510775618,0.872088143948883,0.962479553953752,-6.2597735819988,Synaptophysin OS=Rattus norvegicus OX=10116 GN=Syp PE=1 SV=1,False,False
O08839,0.0034216451100377,29.1892766945163,0.0219074725588906,0.982681916055953,0.989911181798765,-6.27274411802497,Myc box-dependent-interacting protein 1 OS=Rattus norvegicus OX=10116 GN=Bin1 PE=1 SV=1,False,False
P16036,-0.150404291866518,28.7346489270937,-0.817459507103763,0.420779136310922,0.744590881594672,-5.9428350269458,Solute carrier family 25 member 3 OS=Rattus norvegicus OX=10116 GN=Slc25a3 PE=1 SV=1,False,False
P27139,0.542449875857983,26.6349499441619,1.9567788476283,0.0607259038062055,0.408485427466588,-4.48509471529979,Carbonic anhydrase 2 OS=Rattus norvegicus OX=10116 GN=Ca2 PE=1 SV=2,False,False
P37805,-0.0359273760564029,28.4300090922514,-0.320377562526422,0.751133930823551,0.905877557997667,-6.22173020833228,Transgelin-3 OS=Rattus norvegicus OX=10116 GN=Tagln3 PE=1 SV=2,False,False
Q9JLT0,-0.142095637858425,30.6850304163766,-1.04260727050612,0.306321842820176,0.677033787294389,-5.74008727866247,Myosin-10 OS=Rattus norvegicus OX=10116 GN=Myh10 PE=1 SV=1,False,False
P48768,-0.0496706591960354,26.8585789896956,-0.202608098041987,0.840951419252998,0.950942603849,-6.25246194467465,Sodium/calcium exchanger 2 OS=Rattus norvegicus OX=10116 GN=Slc8a2 PE=1 SV=1,False,False
P84082,-0.261090220305395,25.4491673611324,-0.986615103019805,0.332539360734477,0.693857701217786,-5.79478472310106,ADP-ribosylation factor 2 OS=Rattus norvegicus OX=10116 GN=Arf2 PE=2 SV=1,False,False
Q99NA5,0.288412220507574,27.6963837217194,1.11008041486538,0.276695884302074,0.655689259140192,-5.67049501394716,"Isocitrate dehydrogenase [NAD] subunit alpha, mitochondrial OS=Rattus norvegicus OX=10116 GN=Idh3a PE=1 SV=1",False,False
P10687,0.0723931455828044,28.6327412121691,0.780934161820811,0.441594952753656,0.751204736736061,-5.97135006572161,"1-phosphatidylinositol 4,5-bisphosphate phosphodiesterase beta-1 OS=Rattus norvegicus OX=10116 GN=Plcb1 PE=1 SV=1",False,False
Q561S0,-0.362225477347206,26.977442948892,-3.50171386856359,0.0016167790293642,0.109435730550094,-1.24706582218381,"NADH dehydrogenase [ubiquinone] 1 alpha subcomplex subunit 10, mitochondrial OS=Rattus norvegicus OX=10116 GN=Ndufa10 PE=1 SV=1",False,False
O35179,-0.0376949318994164,29.230846042759,-0.404033532992034,0.689351798783014,0.892859659958677,-6.19156270736433,Endophilin-A1 OS=Rattus norvegicus OX=10116 GN=Sh3gl2 PE=1 SV=2,False,False
B0BND0,-0.004273731759735,27.8609999309274,-0.0289173235388789,0.977141963413029,0.989911181798765,-6.27256586976284,Glycerophosphocholine cholinephosphodiesterase ENPP6 OS=Rattus norvegicus OX=10116 GN=Enpp6 PE=1 SV=1,False,False
Q794F9,0.370489825699302,28.1443247911712,3.23614247210696,0.0031811797454129,0.175844845373325,-1.86923564052001,Amino acid transporter heavy chain SLC3A2 OS=Rattus norvegicus OX=10116 GN=Slc3a2 PE=1 SV=1,False,False
P31399,0.141869691383665,26.0833252440192,0.402222705421912,0.690668057655993,0.892859659958677,-6.19228868049537,"ATP synthase subunit d, mitochondrial OS=Rattus norvegicus OX=10116 GN=Atp5pd PE=1 SV=3",False,False
Q6PCU2,0.152516334738472,27.1288616312041,1.02762811121102,0.313189926834948,0.679728839202903,-5.75499316686502,V-type proton ATPase subunit E 1 OS=Rattus norvegicus OX=10116 GN=Atp6v1e1 PE=1 SV=1,False,False
P01048,0.57055693624282,26.3893431812848,2.36939918920604,0.0251784881209796,0.309657523449817,-3.72862239494977,T-kininogen 1 OS=Rattus norvegicus OX=10116 GN=Map1 PE=1 SV=2,False,False
Q05982,0.307761044553196,25.9099905626518,1.40876354099622,0.170250718487548,0.583643534320545,-5.31583878748299,Nucleoside diphosphate kinase A OS=Rattus norvegicus OX=10116 GN=Nme1 PE=1 SV=1,False,False
P0DMW0,0.175817056013813,28.1066808954817,0.895132352970893,0.378580811979625,0.723109381611875,-5.87809485501374,Heat shock 70 kDa protein 1A OS=Rattus norvegicus OX=10116 GN=Hspa1a PE=1 SV=1,False,False
P81155,0.0120243423444109,27.8500891629396,0.0458790150271362,0.963742343776542,0.985960534684272,-6.27193115744234,Voltage-dependent anion-selective channel protein 2 OS=Rattus norvegicus OX=10116 GN=Vdac2 PE=1 SV=2,False,False
P05712,0.195071973232828,27.2856524526459,1.52698356989647,0.138327428435867,0.546066893332721,-5.15541850633406,Ras-related protein Rab-2A OS=Rattus norvegicus OX=10116 GN=Rab2a PE=2 SV=1,False,False
Q63092,-0.0941083324337839,26.8330311871316,-0.223567271987858,0.824767057209363,0.945209230643111,-6.24800064172459,CaM kinase-like vesicle-associated protein OS=Rattus norvegicus OX=10116 GN=Camkv PE=1 SV=1,False,False
Q9JJM9,-0.0048994080889492,25.434657294867,-0.0148993776776673,0.988221362662075,0.992103179376463,-6.27287317294993,Septin-5 OS=Rattus norvegicus OX=10116 GN=Septin5 PE=1 SV=2,False,False
Q63228,-0.264421598443747,28.0944661812981,-1.61942263966315,0.116911038324845,0.526672769682368,-5.02248274237092,Glia maturation factor beta OS=Rattus norvegicus OX=10116 GN=Gmfb PE=1 SV=2,False,False
B0BNF1,-0.159693185284848,28.2458526607004,-0.995231388822778,0.32840800443527,0.69201029637035,-5.78654958668401,Septin-8 OS=Rattus norvegicus OX=10116 GN=Septin8 PE=1 SV=1,False,False
Q62813,-0.0369664017366667,26.976215571062,-0.3279724417937,0.745447377567849,0.904053202582285,-6.21927636846486,Limbic system-associated membrane protein OS=Rattus norvegicus OX=10116 GN=Lsamp PE=1 SV=1,False,False
Q9JHY2,-0.276806706450273,26.8088273490456,-2.59870793357313,0.0149421035409721,0.275024905000413,-3.26795035222745,Sideroflexin-3 OS=Rattus norvegicus OX=10116 GN=Sfxn3 PE=2 SV=2,False,False
Q62910,0.0266285155844983,29.6718545723241,0.268222695018428,0.790554540144382,0.931632825871997,-6.23703843514359,Synaptojanin-1 OS=Rattus norvegicus OX=10116 GN=Synj1 PE=1 SV=3,False,False
P19804,0.231851236112519,27.4345310045734,1.03701567666926,0.308873216912565,0.677653367898071,-5.74567476439815,Nucleoside diphosphate kinase B OS=Rattus norvegicus OX=10116 GN=Nme2 PE=1 SV=1,False,False
Q4V7C7,0.162432208561235,27.2177613600662,0.814227222311475,0.422596346732011,0.744590881594672,-5.94540845894362,Actin-related protein 3 OS=Rattus norvegicus OX=10116 GN=Actr3 PE=1 SV=1,False,False
Q68FQ0,0.23508883963154,28.3919558339173,1.22205414316252,0.23218715244605,0.622634938422747,-5.546300348819,T-complex protein 1 subunit epsilon OS=Rattus norvegicus OX=10116 GN=Cct5 PE=1 SV=1,False,False
Q6RJR6,0.0362519674345378,29.3658878009194,0.254761254617175,0.800826576614825,0.936612007406947,-6.2405516184784,Reticulon-3 OS=Rattus norvegicus OX=10116 GN=Rtn3 PE=1 SV=1,False,False
Q6NYB7,-0.206201075200834,30.2018011699831,-1.55853733243516,0.130682950530993,0.546066893332721,-5.11076848696564,Ras-related protein Rab-1A OS=Rattus norvegicus OX=10116 GN=Rab1A PE=1 SV=3,False,False
P80254,-0.518236888416613,25.9551401006987,-1.89633374092898,0.0685999292752527,0.429443487890744,-4.58712302312326,D-dopachrome decarboxylase OS=Rattus norvegicus OX=10116 GN=Ddt PE=1 SV=3,False,False
P61751,-0.138512800848765,27.8043803675315,-0.920800536424467,0.365261226970201,0.714000038793204,-5.85548494512271,ADP-ribosylation factor 4 OS=Rattus norvegicus OX=10116 GN=Arf4 PE=2 SV=2,False,False
Q9R1Z0,0.158578068988128,27.2563950793529,0.80339947044224,0.428719057738676,0.744590881594672,-5.95395847899982,Voltage-dependent anion-selective channel protein 3 OS=Rattus norvegicus OX=10116 GN=Vdac3 PE=1 SV=2,False,False
Q3T1K5,-0.0278741002418634,25.9290115519796,-0.136624091886156,0.892335601437667,0.965386062231057,-6.26364843150481,F-actin-capping protein subunit alpha-2 OS=Rattus norvegicus OX=10116 GN=Capza2 PE=1 SV=1,False,False
Q64568,-0.190038796039815,29.3633948718417,-1.31305332129527,0.200150851200611,0.600732989146499,-5.43755736311139,Plasma membrane calcium-transporting ATPase 3 OS=Rattus norvegicus OX=10116 GN=Atp2b3 PE=1 SV=2,False,False
Q7TPB1,0.0452196250173458,28.0267134421246,0.369159961954989,0.714870833141113,0.895034811898063,-6.20497690977081,T-complex protein 1 subunit delta OS=Rattus norvegicus OX=10116 GN=Cct4 PE=1 SV=3,False,False
Q63028,-0.0087911689940085,28.9174687575034,-0.0660999651515111,0.947782385368572,0.985245766664636,-6.27079840171188,Alpha-adducin OS=Rattus norvegicus OX=10116 GN=Add1 PE=1 SV=2,False,False
P97846,-0.0631416236963673,30.740164454196,-0.413762279650126,0.682297217472666,0.892859659958677,-6.18760726837485,Contactin-associated protein 1 OS=Rattus norvegicus OX=10116 GN=Cntnap1 PE=1 SV=1,False,False
P84092,-0.274848794837425,28.9927337168269,-1.43438595106064,0.16287638133584,0.580044497149806,-5.28200300984256,AP-2 complex subunit mu OS=Rattus norvegicus OX=10116 GN=Ap2m1 PE=1 SV=1,False,False
P10960,0.147409052411597,27.9011214655411,0.901929344116718,0.375023358670514,0.72146142828569,-5.87216614707637,Prosaposin OS=Rattus norvegicus OX=10116 GN=Psap PE=1 SV=1,False,False
P04906,-0.0549765476645518,27.5394505239799,-0.456567572244576,0.651612143616971,0.874468341433928,-6.16910169124976,Glutathione S-transferase P OS=Rattus norvegicus OX=10116 GN=Gstp1 PE=1 SV=2,False,False
P16638,-0.18449726429165,28.6223849764668,-1.79928294990418,0.0830945085600035,0.461494116771712,-4.74582482966437,ATP-citrate synthase OS=Rattus norvegicus OX=10116 GN=Acly PE=1 SV=1,False,False
P32851,-0.0812759470298943,29.0555425048631,-0.479804033469112,0.635208007936211,0.862068010770572,-6.15830589342505,Syntaxin-1A OS=Rattus norvegicus OX=10116 GN=Stx1a PE=1 SV=1,False,False
P68403,-0.0439302018781618,28.1073758656128,-0.148369109920997,0.88314751913013,0.964490867058859,-6.26197501709055,Protein kinase C beta type OS=Rattus norvegicus OX=10116 GN=Prkcb PE=1 SV=3,False,False
P54690,0.53093022136575,26.4595116778599,2.01760743275255,0.0536116460925972,0.408485427466588,-4.38002723107837,"Branched-chain-amino-acid aminotransferase, cytosolic OS=Rattus norvegicus OX=10116 GN=Bcat1 PE=1 SV=1",False,False
P09527,-2.04014648388774,28.0432582117518,-2.49308796744116,0.0190517728380898,0.286997427340634,-3.48337598038933,Ras-related protein Rab-7a OS=Rattus norvegicus OX=10116 GN=Rab7a PE=1 SV=2,False,False
P07936,0.146705676055216,27.8701422328962,1.22777327113273,0.230066507219961,0.622634938422747,-5.53967011024907,Neuromodulin OS=Rattus norvegicus OX=10116 GN=Gap43 PE=1 SV=1,False,False
P31016,-0.0469687652116981,28.1223744604914,-0.38069738523868,0.70638912404927,0.895034811898063,-6.2006714610635,Disks large homolog 4 OS=Rattus norvegicus OX=10116 GN=Dlg4 PE=1 SV=1,False,False
P11598,0.195205219818099,28.9399314272888,1.32546613071166,0.196058140672324,0.600626804258455,-5.42219216187196,Protein disulfide-isomerase A3 OS=Rattus norvegicus OX=10116 GN=Pdia3 PE=1 SV=2,False,False
Q3KR86,-0.212196279469673,28.4579808755246,-2.0144949074192,0.0539570265247864,0.408485427466588,-4.38546063831519,MICOS complex subunit Mic60 (Fragment) OS=Rattus norvegicus OX=10116 GN=Immt PE=1 SV=1,False,False
Q9QYF3,0.13822112384393,30.6229913867361,1.2820621773084,0.210656356249884,0.611002494577192,-5.47536548205911,Unconventional myosin-Va OS=Rattus norvegicus OX=10116 GN=Myo5a PE=1 SV=1,False,False
Q06647,-0.14640845338144,28.04005048002,-1.39349412986852,0.174769514745001,0.592287601597179,-5.33575378140608,"ATP synthase subunit O, mitochondrial OS=Rattus norvegicus OX=10116 GN=Atp5po PE=1 SV=1",False,False
A9UMV8,0.0790079263450743,29.3647711462717,0.513033559377894,0.612075600433498,0.851597114441354,-6.14195318636103,Histone H2A.J OS=Rattus norvegicus OX=10116 GN=H2aj PE=2 SV=1,False,False
Q00728,0.12168879470283,23.289426448614,0.13597027404118,0.89284754174732,0.965386062231057,-6.26373753979491,Histone H2A type 4 OS=Rattus norvegicus OX=10116 PE=2 SV=2,False,False
P0CC09,-0.719507742361152,20.7013532801261,-0.588599910683004,0.560993093464669,0.824362985376169,-6.10078129640429,Histone H2A type 2-A OS=Rattus norvegicus OX=10116 GN=H2ac18 PE=1 SV=1,False,False
Q64598,-0.340411613256368,24.9846487364037,-1.71850330084514,0.0970853193947548,0.484531801403316,-4.87295045871969,Histone H2A type 1-F OS=Rattus norvegicus OX=10116 PE=3 SV=3,False,False
Q64548,-0.459566828025352,26.9446659964823,-1.09690413078634,0.282313484975984,0.656512153485106,-5.68439832176059,Reticulon-1 OS=Rattus norvegicus OX=10116 GN=Rtn1 PE=1 SV=1,False,False
P04905,-0.172870452688262,26.4239899040688,-0.919306869934153,0.366027748397524,0.714000038793204,-5.85681707994126,Glutathione S-transferase Mu 1 OS=Rattus norvegicus OX=10116 GN=Gstm1 PE=1 SV=2,False,False
O35244,0.280230143795578,27.345702062466,1.52445183238185,0.1389562476486,0.546066893332721,-5.1589680032291,Peroxiredoxin-6 OS=Rattus norvegicus OX=10116 GN=Prdx6 PE=1 SV=3,False,False
P10536,-0.41658659949967,24.2132111695697,-2.95577731198998,0.006378973444657,0.217691173252588,-2.5032015886737,Ras-related protein Rab-1B OS=Rattus norvegicus OX=10116 GN=Rab1b PE=1 SV=1,False,False
P17764,-0.926017124274132,27.0336155977202,-1.49260793975392,0.147065500319161,0.561453042761718,-5.20319101278628,"Acetyl-CoA acetyltransferase, mitochondrial OS=Rattus norvegicus OX=10116 GN=Acat1 PE=1 SV=1",False,False
Q5XI32,0.531863947021659,27.6272399803699,3.13795023393484,0.0040687470593529,0.186916911918224,-2.09420576092475,F-actin-capping protein subunit beta OS=Rattus norvegicus OX=10116 GN=Capzb PE=1 SV=1,False,False
P31000,-0.0240289382314245,28.9816812957994,-0.250178036274789,0.804332317521504,0.938454060387156,-6.24170668725559,Vimentin OS=Rattus norvegicus OX=10116 GN=Vim PE=1 SV=2,False,False
P07632,-0.186232363653158,29.5091891141287,-1.57601060412608,0.126600761355577,0.544064867126825,-5.08571710057185,Superoxide dismutase [Cu-Zn] OS=Rattus norvegicus OX=10116 GN=Sod1 PE=1 SV=2,False,False
Q6AYH5,0.134084277616935,28.3156657487509,0.733158610230778,0.469742643353542,0.763860784912742,-6.00676715301093,Dynactin subunit 2 OS=Rattus norvegicus OX=10116 GN=Dctn2 PE=1 SV=1,False,False
Q9JI66,0.201240963596717,27.3014109593816,1.12740829648917,0.269431394404833,0.649390148621024,-5.65198125969408,Electrogenic sodium bicarbonate cotransporter 1 OS=Rattus norvegicus OX=10116 GN=Slc4a4 PE=1 SV=1,False,False
P07895,0.358923482504618,26.7948704325624,1.76453710907203,0.08888623739345,0.47321674271697,-4.80106867081554,"Superoxide dismutase [Mn], mitochondrial OS=Rattus norvegicus OX=10116 GN=Sod2 PE=1 SV=2",False,False
Q02563,-0.261460416719636,28.2167905962545,-1.50486243032161,0.143900658750565,0.555647298808027,-5.18626547331597,Synaptic vesicle glycoprotein 2A OS=Rattus norvegicus OX=10116 GN=Sv2a PE=1 SV=2,False,False
P47728,0.197411599993504,27.6233031093633,1.31016125713963,0.201113810592145,0.600732989146499,-5.44111911744695,Calretinin OS=Rattus norvegicus OX=10116 GN=Calb2 PE=1 SV=1,False,False
Q62812,-0.193626565852099,30.5778357150529,-1.54999383357033,0.132717828253418,0.546066893332721,-5.12293294628298,Myosin-9 OS=Rattus norvegicus OX=10116 GN=Myh9 PE=1 SV=3,False,False
Q5XIH7,0.20363148654387,28.0590875679372,0.821206851048482,0.418678430513432,0.743964502863035,-5.93983939713477,Prohibitin-2 OS=Rattus norvegicus OX=10116 GN=Phb2 PE=1 SV=1,False,False
P03994,-0.619800686549141,26.5252571192759,-2.44218161457026,0.021384907820043,0.294008570952404,-3.58525775051552,Hyaluronan and proteoglycan link protein 1 OS=Rattus norvegicus OX=10116 GN=Hapln1 PE=1 SV=2,False,False
P82471,0.0024676927421616,26.879718993947,0.0213559608375266,0.983117822181467,0.989911181798765,-6.27275605569988,Guanine nucleotide-binding protein G(q) subunit alpha OS=Rattus norvegicus OX=10116 GN=Gnaq PE=2 SV=2,False,False
O35353,0.0862162595209348,28.1370530928024,0.680371139503389,0.502028366737292,0.784555153212824,-6.043401082715,Guanine nucleotide-binding protein subunit beta-4 OS=Rattus norvegicus OX=10116 GN=Gnb4 PE=2 SV=4,False,False
P39069,-0.0085296943672865,27.3989877580496,-0.0543418614308259,0.95706054517149,0.985245766664636,-6.27150684616696,Adenylate kinase isoenzyme 1 OS=Rattus norvegicus OX=10116 GN=Ak1 PE=1 SV=3,False,False
P20788,0.0286203082574623,26.8195404466873,0.239741345035765,0.812330838924593,0.941921090530336,-6.24425907649428,"Cytochrome b-c1 complex subunit Rieske, mitochondrial OS=Rattus norvegicus OX=10116 GN=Uqcrfs1 PE=1 SV=2",False,False
P85834,-0.420804031976541,26.8336044345159,-1.52543055325342,0.13871288322258,0.546066893332721,-5.15759642017992,"Elongation factor Tu, mitochondrial OS=Rattus norvegicus OX=10116 GN=Tufm PE=1 SV=1",False,False
Q68FX0,-0.373884377923773,28.7827057544385,-2.68506530763916,0.0122114148684289,0.269897189847112,-3.08794836064018,"Isocitrate dehydrogenase [NAD] subunit beta, mitochondrial OS=Rattus norvegicus OX=10116 GN=Idh3B PE=2 SV=1",False,False
P84076,-0.0604926375177506,27.4283763120284,-0.307142796276607,0.761077282556119,0.911043748326733,-6.22586990940679,Neuron-specific calcium-binding protein hippocalcin OS=Rattus norvegicus OX=10116 GN=Hpca PE=1 SV=2,False,False
P18418,0.452677296547147,27.9909610650309,1.88679649792581,0.0699200823551955,0.435192236728027,-4.60300083111373,Calreticulin OS=Rattus norvegicus OX=10116 GN=Calr PE=1 SV=1,False,False
Q5XIM9,-0.0563851951873318,29.4951012211581,-0.480914608031768,0.634428608111382,0.862068010770572,-6.15777672601346,T-complex protein 1 subunit beta OS=Rattus norvegicus OX=10116 GN=Cct2 PE=1 SV=3,False,False
Q9JHU0,0.436379179210117,27.820373315559,2.27180994211038,0.0312298301714807,0.344393472643708,-3.91642929754512,Dihydropyrimidinase-related protein 5 OS=Rattus norvegicus OX=10116 GN=Dpysl5 PE=1 SV=1,False,False
Q62656,-0.0276882878017304,29.0136763811872,-0.242466243862136,0.810240483773277,0.940504227145186,-6.24360311969589,Receptor-type tyrosine-protein phosphatase zeta OS=Rattus norvegicus OX=10116 GN=Ptprz1 PE=1 SV=1,False,False
P52873,-0.1049369899795,28.8181028217959,-0.562613548958319,0.578312685024928,0.829553162757612,-6.11556216546804,"Pyruvate carboxylase, mitochondrial OS=Rattus norvegicus OX=10116 GN=Pc PE=1 SV=2",False,False
P19511,-0.0218405427272828,27.6197695777284,-0.168425254600731,0.867496681934111,0.960760985058051,-6.25879916679288,"ATP synthase F(0) complex subunit B1, mitochondrial OS=Rattus norvegicus OX=10116 GN=Atp5pb PE=1 SV=1",False,False
Q5HZV9,0.337952974987605,30.9035375858867,1.36515027573272,0.183407508269487,0.598579113496966,-5.37222424132538,Protein phosphatase 1 regulatory subunit 7 OS=Rattus norvegicus OX=10116 GN=Ppp1r7 PE=1 SV=1,False,False
P63025,-0.178725906286001,27.7430258781048,-1.2543025994541,0.220419460944343,0.618430767364569,-5.50855448653531,Vesicle-associated membrane protein 3 OS=Rattus norvegicus OX=10116 GN=Vamp3 PE=1 SV=1,False,False
Q63362,0.116679736500984,25.7871792000168,0.824506081459839,0.416834335715172,0.743964502863035,-5.93719121840105,NADH dehydrogenase [ubiquinone] 1 alpha subcomplex subunit 5 OS=Rattus norvegicus OX=10116 GN=Ndufa5 PE=1 SV=3,False,False
Q5GFD9,0.249131777102495,27.1827081650003,0.967512305426325,0.341824727706109,0.701461707336402,-5.81280517725068,Protein IMPACT OS=Rattus norvegicus OX=10116 GN=Impact PE=1 SV=1,False,False
P62804,0.489420303603108,29.1924720716499,2.35960843406823,0.0257333121980458,0.309657523449817,-3.74769633527288,Histone H4 OS=Rattus norvegicus OX=10116 GN=H4c2 PE=1 SV=2,False,False
Q9JK11,-0.155620593832804,26.8534775333854,-1.35993428136116,0.185032929030751,0.598579113496966,-5.37886503663215,Reticulon-4 OS=Rattus norvegicus OX=10116 GN=Rtn4 PE=1 SV=1,False,False
P85515,-0.0304095540850966,27.06562728036,-0.315718388717981,0.754629519348018,0.907063007163045,-6.22320731680861,Alpha-centractin OS=Rattus norvegicus OX=10116 GN=Actr1a PE=1 SV=1,False,False
P20651,-0.198015633264554,27.3639138845145,-1.68018545843846,0.104388733758179,0.505780261280807,-4.93162787199448,Serine/threonine-protein phosphatase 2B catalytic subunit beta isoform OS=Rattus norvegicus OX=10116 GN=Ppp3cb PE=1 SV=1,False,False
B3GNI6,0.0089689780662496,27.9591996610355,0.0562303666740697,0.955569902364141,0.985245766664636,-6.27140238246091,Septin-11 OS=Rattus norvegicus OX=10116 GN=Septin11 PE=1 SV=1,False,False
P55068,-0.021688031533948,27.8056151254678,-0.246298700705834,0.807302906843213,0.938454060387156,-6.24266805464837,Brevican core protein OS=Rattus norvegicus OX=10116 GN=Bcan PE=1 SV=2,False,False
P13638,0.134850351169121,26.8906841669696,0.73710904096467,0.467376119427387,0.761263332967855,-6.00391984155041,Sodium/potassium-transporting ATPase subunit beta-2 OS=Rattus norvegicus OX=10116 GN=Atp1b2 PE=1 SV=1,False,False
P62986,-0.35300225416842,24.5252291852036,-1.66034437185887,0.10834812614695,0.505780261280807,-4.96159297587861,Ubiquitin-ribosomal protein eL40 fusion protein OS=Rattus norvegicus OX=10116 GN=Uba52 PE=1 SV=2,False,False
Q63429,-0.140705359829951,25.4452810571465,-0.958387058905442,0.346321540660958,0.70259627660982,-5.82129763827853,Polyubiquitin-C OS=Rattus norvegicus OX=10116 GN=Ubc PE=1 SV=1,False,False
P62982,0.343573907301103,28.3267892377635,1.17734365004471,0.249272485994053,0.626306999828968,-5.59717831440747,Ubiquitin-ribosomal protein eS31 fusion protein OS=Rattus norvegicus OX=10116 GN=Rps27a PE=1 SV=2,False,False
P32736,-0.0114158191089651,26.48318050234,-0.0568536871672126,0.955077936191183,0.985245766664636,-6.27136712007964,Opioid-binding protein/cell adhesion molecule OS=Rattus norvegicus OX=10116 GN=Opcml PE=1 SV=2,False,False
P29101,-0.237331496882803,27.3835006888941,-0.764197133074759,0.451338062022538,0.751998647954474,-5.98400096790151,Synaptotagmin-2 OS=Rattus norvegicus OX=10116 GN=Syt2 PE=1 SV=1,False,False
Q63754,0.0558219616984026,27.2015000463867,0.272400653316915,0.787374162419241,0.928895662200478,-6.23591148922415,Beta-synuclein OS=Rattus norvegicus OX=10116 GN=Sncb PE=1 SV=1,False,False
Q9QXU9,0.49658199346776,26.5095305234661,2.14215965402126,0.0412994543690529,0.383188368522296,-4.15767748948595,ProSAAS OS=Rattus norvegicus OX=10116 GN=Pcsk1n PE=1 SV=1,False,False
Q63610,-0.128695438913802,27.5799583551864,-0.945826979642691,0.352575784220865,0.704375966075082,-5.83286397846289,Tropomyosin alpha-3 chain OS=Rattus norvegicus OX=10116 GN=Tpm3 PE=1 SV=2,False,False
Q5BK63,-0.148864336481164,27.2332879130471,-1.23763038791194,0.226445690961481,0.622634938422747,-5.5281779685125,"NADH dehydrogenase [ubiquinone] 1 alpha subcomplex subunit 9, mitochondrial OS=Rattus norvegicus OX=10116 GN=Ndufa9 PE=1 SV=2",False,False
B0BNA5,0.138406452188033,26.2763774342961,0.575707456475543,0.569552586883811,0.824482673388058,-6.10819576408872,Coactosin-like protein OS=Rattus norvegicus OX=10116 GN=Cotl1 PE=1 SV=1,False,False
P62824,-0.0622438510506349,27.6978939184342,-0.396007513179456,0.695193268220438,0.892859659958677,-6.19475588936256,Ras-related protein Rab-3C OS=Rattus norvegicus OX=10116 GN=Rab3c PE=1 SV=1,False,False
Q62717,-0.005502075461468,29.4597105143486,-0.0534444930484875,0.957768915636001,0.985245766664636,-6.27155523423115,Calcium-dependent secretion activator 1 OS=Rattus norvegicus OX=10116 GN=Cadps PE=1 SV=1,False,False
O35077,-0.0434156036520363,27.5652898762913,-0.461224190891139,0.648310082036075,0.873283356772474,-6.16698042645892,"Glycerol-3-phosphate dehydrogenase [NAD(+)], cytoplasmic OS=Rattus norvegicus OX=10116 GN=Gpd1 PE=1 SV=4",False,False
P35332,-0.108590564277549,26.6097226938853,-1.4546576089249,0.157224126551657,0.574769328055622,-5.25486447189346,Hippocalcin-like protein 4 OS=Rattus norvegicus OX=10116 GN=Hpcal4 PE=2 SV=2,False,False
O35796,0.317450048459417,24.9764491452896,1.52465983418278,0.138904497805883,0.546066893332721,-5.15867657034264,"Complement component 1 Q subcomponent-binding protein, mitochondrial OS=Rattus norvegicus OX=10116 GN=C1qbp PE=1 SV=2",False,False
P61107,1.1048856389299,28.5767177625252,1.93304451164189,0.0637183053971697,0.415704365934547,-4.52544311804612,Ras-related protein Rab-14 OS=Rattus norvegicus OX=10116 GN=Rab14 PE=1 SV=3,False,False
P26772,0.0588091017124874,28.8565412597488,0.596060200970522,0.55607029180992,0.823266493119594,-6.09641783341472,"10 kDa heat shock protein, mitochondrial OS=Rattus norvegicus OX=10116 GN=Hspe1 PE=1 SV=3",False,False
Q68FR6,0.0281985639823645,28.0714724734556,0.216757432250206,0.830017264058287,0.949217209055042,-6.24949811863515,Elongation factor 1-gamma OS=Rattus norvegicus OX=10116 GN=Eef1g PE=2 SV=3,False,False
P12369,0.283397993471159,27.5670253895394,1.52618242308476,0.138526162094835,0.546066893332721,-5.15654224706873,cAMP-dependent protein kinase type II-beta regulatory subunit OS=Rattus norvegicus OX=10116 GN=Prkar2b PE=1 SV=3,False,False
P84245,1.82034220818533,21.9695369163401,1.91730131027323,0.0657734227629325,0.423896135521339,-4.55200317460932,Histone H3.3 OS=Rattus norvegicus OX=10116 GN=H3-3b PE=1 SV=2,False,False
P09626,0.0984173131721668,27.9843376544422,0.811370115628381,0.424206665582456,0.744590881594672,-5.94767511645172,Potassium-transporting ATPase alpha chain 1 OS=Rattus norvegicus OX=10116 GN=Atp4a PE=1 SV=3,False,False
P0C1X8,-0.0939018107041143,28.5035920880727,-0.598824008852876,0.55425221063371,0.823266493119594,-6.09478772578883,AP2-associated protein kinase 1 OS=Rattus norvegicus OX=10116 GN=Aak1 PE=1 SV=1,False,False
A7VJC2,0.0169049471389826,26.9598444656988,0.136424618523234,0.892491784354527,0.965386062231057,-6.26367566281146,Heterogeneous nuclear ribonucleoproteins A2/B1 OS=Rattus norvegicus OX=10116 GN=Hnrnpa2b1 PE=1 SV=1,False,False
Q99PD4,-0.0649263999825287,27.899147173342,-0.56375120699881,0.577548920029802,0.829553162757612,-6.11492869906307,Actin-related protein 2/3 complex subunit 1A OS=Rattus norvegicus OX=10116 GN=Arpc1a PE=2 SV=1,False,False
Q63716,0.185069490523464,27.8289525501967,1.12644952563758,0.269829701643085,0.649390148621024,-5.6530124517061,Peroxiredoxin-1 OS=Rattus norvegicus OX=10116 GN=Prdx1 PE=1 SV=1,False,False
Q64578,-0.235804009173581,29.4547051777337,-2.0302309653782,0.0522307813674619,0.408485427466588,-4.35792826613107,Sarcoplasmic/endoplasmic reticulum calcium ATPase 1 OS=Rattus norvegicus OX=10116 GN=Atp2a1 PE=1 SV=1,False,False
P04631,0.937758456128797,26.4455278779979,2.11987685029535,0.0432970891462186,0.383188368522296,-4.19815072475405,Protein S100-B OS=Rattus norvegicus OX=10116 GN=S100b PE=1 SV=2,False,False
B5DFN2,0.0951661315709487,27.9806224396558,0.49006888081849,0.62802051620309,0.861680037851078,-6.15336911602104,S-adenosylhomocysteine hydrolase-like protein 1 OS=Rattus norvegicus OX=10116 GN=Ahcyl1 PE=1 SV=2,False,False
P0C5X8,-0.308024663233265,26.4810783020282,-2.42160927880218,0.0224001965432763,0.294008570952404,-3.62605846442158,Protein tweety homolog 1 OS=Rattus norvegicus OX=10116 GN=Ttyh1 PE=1 SV=1,False,False
Q641Y2,0.0209850021509475,27.8193978423653,0.146844545262567,0.8843392714584,0.964490867058859,-6.26220001249836,"NADH dehydrogenase [ubiquinone] iron-sulfur protein 2, mitochondrial OS=Rattus norvegicus OX=10116 GN=Ndufs2 PE=1 SV=1",False,False
Q5PPN5,0.448819074098235,25.9733979080793,1.86698874181602,0.0727323624872998,0.442077283060498,-4.63578262890067,Tubulin polymerization-promoting protein family member 3 OS=Rattus norvegicus OX=10116 GN=Tppp3 PE=2 SV=1,False,False
P69682,-0.100895471043604,26.5121685091648,-0.785100540118705,0.439189488543652,0.751204736736061,-5.96816017724538,Adaptin ear-binding coat-associated protein 1 OS=Rattus norvegicus OX=10116 GN=Necap1 PE=1 SV=1,False,False
Q62952,-0.181576388589797,30.1436262655999,-1.49196771773993,0.147232376864569,0.561453042761718,-5.20407206507184,Dihydropyrimidinase-related protein 3 OS=Rattus norvegicus OX=10116 GN=Dpysl3 PE=1 SV=2,False,False
B2RYG6,-0.31634103886455,26.4089663466525,-2.72122935414938,0.0112127742422033,0.269897189847112,-3.01158255424649,Ubiquitin thioesterase OTUB1 OS=Rattus norvegicus OX=10116 GN=Otub1 PE=1 SV=1,False,False
P85969,0.0571198022804822,26.7779673748812,0.294591632495643,0.770545728729327,0.918339504155842,-6.22963559886955,Beta-soluble NSF attachment protein OS=Rattus norvegicus OX=10116 GN=Napb PE=1 SV=1,False,False
Q5BK56,-0.284955978166344,25.8596102894406,-2.02492946737028,0.0528068329757915,0.408485427466588,-4.36722136650105,Glutathione S-transferase Mu 4 OS=Rattus norvegicus OX=10116 GN=Gstm4 PE=2 SV=1,False,False
P35435,0.0599367193026907,27.7357022395869,0.400093328096767,0.692217129111649,0.892859659958677,-6.19313824140649,"ATP synthase subunit gamma, mitochondrial OS=Rattus norvegicus OX=10116 GN=Atp5f1c PE=1 SV=2",False,False
Q9Z0V6,0.150431515247433,25.6126692727696,0.819338248525751,0.419725125807308,0.743964502863035,-5.94133478656054,"Thioredoxin-dependent peroxide reductase, mitochondrial OS=Rattus norvegicus OX=10116 GN=Prdx3 PE=1 SV=2",False,False
O35264,0.412541540930352,25.9410963780959,2.43224370776629,0.0218699663296685,0.294008570952404,-3.60499443966606,Platelet-activating factor acetylhydrolase IB subunit alpha2 OS=Rattus norvegicus OX=10116 GN=Pafah1b2 PE=1 SV=1,False,False
P19234,-0.462099832720646,28.8745855875017,-2.468809935593,0.0201335497860392,0.293674888477643,-3.53212702205887,"NADH dehydrogenase [ubiquinone] flavoprotein 2, mitochondrial OS=Rattus norvegicus OX=10116 GN=Ndufv2 PE=1 SV=2",False,False
Q62718,0.0723585109838787,25.0811051057851,0.262282951643985,0.795082372676884,0.934884917777417,-6.23861077532823,Neurotrimin OS=Rattus norvegicus OX=10116 GN=Ntm PE=1 SV=1,False,False
P19332,0.0164007089736131,28.0597363451077,0.169544727463748,0.866624652052865,0.960760985058051,-6.25861007565586,Microtubule-associated protein tau OS=Rattus norvegicus OX=10116 GN=Mapt PE=1 SV=3,False,False
Q9Z1B2,0.183843703965717,27.2489321058423,1.27537211502178,0.212978537023214,0.611002494577192,-5.4834227378554,Glutathione S-transferase Mu 5 OS=Rattus norvegicus OX=10116 GN=Gstm5 PE=1 SV=3,False,False
P13086,1.4632066523477,29.5425928721739,6.28968930693114,9.63890240367175e-07,0.0004125927331869,5.68392633645824,"Succinate--CoA ligase [ADP/GDP-forming] subunit alpha, mitochondrial OS=Rattus norvegicus OX=10116 GN=Suclg1 PE=2 SV=2",True,True
Q6PST4,-0.484569214786919,27.7781701207259,-2.36721857442999,0.0253011051280899,0.309657523449817,-3.73287498036336,Atlastin-1 OS=Rattus norvegicus OX=10116 GN=Atl1 PE=1 SV=1,False,False
Q1WIM1,-0.444909678477664,26.1290940720781,-1.86827197035206,0.0725472535841677,0.442077283060498,-4.63366687748735,Cell adhesion molecule 4 OS=Rattus norvegicus OX=10116 GN=Cadm4 PE=1 SV=1,False,False
P56574,0.23748407258126,26.6580039893666,1.28727833574421,0.208859237924915,0.611002494577192,-5.46905755840311,"Isocitrate dehydrogenase [NADP], mitochondrial OS=Rattus norvegicus OX=10116 GN=Idh2 PE=1 SV=2",False,False
P86252,0.067168403664315,25.955288382806,0.593476190511266,0.557772874250233,0.823266493119594,-6.09793525655086,Transcriptional activator protein Pur-alpha (Fragment) OS=Rattus norvegicus OX=10116 GN=Pura PE=1 SV=1,False,False
Q62636,0.0354637454904534,27.52350545504,0.323448295042393,0.748833025197557,0.904109438449225,-6.22074494908311,Ras-related protein Rap-1b OS=Rattus norvegicus OX=10116 GN=Rap1b PE=1 SV=2,False,False
P20760,0.227289576577785,27.2481134387087,1.66997650919404,0.106410573127061,0.505780261280807,-4.94708184944357,Ig gamma-2A chain C region OS=Rattus norvegicus OX=10116 GN=Igg-2a PE=1 SV=1,False,False
P11348,0.149679068911901,27.9364114495198,0.810595259595193,0.424644041268745,0.744590881594672,-5.94828853481036,Dihydropteridine reductase OS=Rattus norvegicus OX=10116 GN=Qdpr PE=1 SV=1,False,False
O08557,-0.0874870850469982,27.4022930983261,-0.723173533098652,0.475755327291028,0.766730683714558,-6.01389849410159,"N(G),N(G)-dimethylarginine dimethylaminohydrolase 1 OS=Rattus norvegicus OX=10116 GN=Ddah1 PE=1 SV=3",False,False
P00762,2.00971024343527,28.7639767849647,4.70746366245216,6.59794388949509e-05,0.0102079617604617,1.73191059766115,Serine protease 1 OS=Rattus norvegicus OX=10116 GN=Prss1 PE=1 SV=1,True,True
P62963,0.0453615669912359,26.5607334427103,0.201172379851286,0.842062748930001,0.950942603849,-6.252751540503,Profilin-1 OS=Rattus norvegicus OX=10116 GN=Pfn1 PE=1 SV=2,False,False
P14408,0.117501877352279,27.3027694700983,0.744671745965625,0.462865170431476,0.757878043716487,-5.99842801069822,"Fumarate hydratase, mitochondrial OS=Rattus norvegicus OX=10116 GN=Fh PE=1 SV=2",False,False
Q3T1J1,-0.0762697213378978,26.0667644522121,-0.344732621132712,0.732950556437881,0.898189913913073,-6.21365961083078,Eukaryotic translation initiation factor 5A-1 OS=Rattus norvegicus OX=10116 GN=Eif5a PE=1 SV=3,False,False
Q9WVB1,0.288594482443326,26.6903655695303,1.14351529005943,0.262803603340179,0.64555997312994,-5.63453876049008,Ras-related protein Rab-6A OS=Rattus norvegicus OX=10116 GN=Rab6a PE=1 SV=2,False,False
P63331,-0.175758322023302,23.0191146032232,-0.779801915256098,0.442250031194975,0.751204736736061,-5.9722141439058,Serine/threonine-protein phosphatase 2A catalytic subunit alpha isoform OS=Rattus norvegicus OX=10116 GN=Ppp2ca PE=1 SV=1,False,False
P12785,0.031527479787627,28.4379244022308,0.331420959873863,0.742870155650147,0.902949919830649,-6.21814335883664,Fatty acid synthase OS=Rattus norvegicus OX=10116 GN=Fasn PE=1 SV=3,False,False
P85971,0.246334562165867,24.9705163551284,1.07856890990568,0.290265709253845,0.660415468743517,-5.70349303009557,6-phosphogluconolactonase OS=Rattus norvegicus OX=10116 GN=Pgls PE=1 SV=1,False,False
P60881,0.587194786546362,27.2510705300932,4.04663150685916,0.0003877265732175,0.0323006060611254,0.0773008323509563,Synaptosomal-associated protein 25 OS=Rattus norvegicus OX=10116 GN=Snap25 PE=1 SV=1,True,False
P63086,-0.774182103379285,28.5891542421022,-1.90772675402897,0.0670512945836685,0.427156188435959,-4.56807632430893,Mitogen-activated protein kinase 1 OS=Rattus norvegicus OX=10116 GN=Mapk1 PE=1 SV=3,False,False
Q812E9,-0.210651090672567,29.1220972655744,-1.73332276483542,0.0943787101181906,0.475405316548839,-4.84997415591697,Neuronal membrane glycoprotein M6-a OS=Rattus norvegicus OX=10116 GN=Gpm6a PE=1 SV=1,False,False
P62749,0.45948932451477,25.3303543954993,1.99436792338159,0.0562380929722031,0.408485427466588,-4.42044731494039,Hippocalcin-like protein 1 OS=Rattus norvegicus OX=10116 GN=Hpcal1 PE=1 SV=2,False,False
Q5PQN0,-0.149978829679796,25.2626821933322,-0.866175025659129,0.393981385023029,0.727463966199844,-5.90287950675089,Neurocalcin-delta OS=Rattus norvegicus OX=10116 GN=Ncald PE=1 SV=3,False,False
P62828,-0.206409872459822,25.2503565778463,-1.0069101333327,0.322864578967177,0.691032290556232,-5.77528154867999,GTP-binding nuclear protein Ran OS=Rattus norvegicus OX=10116 GN=Ran PE=1 SV=3,False,False
P33124,-0.0051994598623252,27.7292219429726,-0.0568473706361393,0.955082921529155,0.985245766664636,-6.27136747936658,Long-chain-fatty-acid--CoA ligase 6 OS=Rattus norvegicus OX=10116 GN=Acsl6 PE=1 SV=1,False,False
Q7M0E3,0.0051337785889735,26.4223699549221,0.0499228498378107,0.960549187934439,0.985272368280357,-6.27173734524798,Destrin OS=Rattus norvegicus OX=10116 GN=Dstn PE=1 SV=3,False,False
P63004,-0.128638090483541,28.1018564699316,-1.0296145800673,0.312273001642188,0.679728839202903,-5.75302785007145,Platelet-activating factor acetylhydrolase IB subunit alpha OS=Rattus norvegicus OX=10116 GN=Pafah1b1 PE=1 SV=2,False,False
P46101,0.230109557948715,26.6982452956595,1.77101998681168,0.0877802480616687,0.47321674271697,-4.79082533831676,A-type potassium channel modulatory protein DPP6 OS=Rattus norvegicus OX=10116 GN=Dpp6 PE=1 SV=1,False,False
P54921,-0.001245539344314,27.70456541806,-0.0105942146513817,0.991624631472871,0.99254110525427,-6.27292808525014,Alpha-soluble NSF attachment protein OS=Rattus norvegicus OX=10116 GN=Napa PE=1 SV=2,False,False
Q00715,0.363239739281113,28.5659046890496,2.14082966564287,0.0414163342754549,0.383188368522296,-4.16010152856306,Histone H2B type 1 OS=Rattus norvegicus OX=10116 PE=1 SV=2,False,False
Q6DGG0,0.182602905388485,26.2799644153288,1.58262042707883,0.125084116512648,0.543635773358507,-5.07618044882522,Peptidyl-prolyl cis-trans isomerase D OS=Rattus norvegicus OX=10116 GN=Ppid PE=1 SV=3,False,False
Q01062,0.1271368478168,27.4907231315644,1.19431414358106,0.242681186018858,0.624284381136397,-5.57806693928705,"cGMP-dependent 3',5'-cyclic phosphodiesterase OS=Rattus norvegicus OX=10116 GN=Pde2a PE=1 SV=2",False,False
P10888,-0.0777166640858624,29.748887959761,-0.918848681643562,0.366263094249644,0.714000038793204,-5.8572253113872,"Cytochrome c oxidase subunit 4 isoform 1, mitochondrial OS=Rattus norvegicus OX=10116 GN=Cox4i1 PE=1 SV=1",False,False
P14668,-0.0070388186838243,27.4769085893184,-0.0586296368345733,0.953676337849084,0.985245766664636,-6.27126452028019,Annexin A5 OS=Rattus norvegicus OX=10116 GN=Anxa5 PE=1 SV=3,False,False
P54708,-0.347321177578479,28.7298434485466,-3.22796271545808,0.0032473655655277,0.175844845373325,-1.88808898939178,Potassium-transporting ATPase alpha chain 2 OS=Rattus norvegicus OX=10116 GN=Atp12a PE=1 SV=1,False,False
A0A0G2K5L2,-0.166186648776637,25.0205915095154,-0.494612558499279,0.624850812875763,0.8609585627792,-6.151151118259,Mitochondrial glutamate carrier 1 OS=Rattus norvegicus OX=10116 GN=Slc25a22 PE=2 SV=1,False,False
P14604,-0.0337208117984353,26.9999806724632,-0.174444376623802,0.862810029482576,0.959437803529263,-6.25776776540322,"Enoyl-CoA hydratase, mitochondrial OS=Rattus norvegicus OX=10116 GN=Echs1 PE=1 SV=1",False,False
D3ZQD3,-0.0238968728909299,28.4918418636992,-0.208714768652529,0.836228265647178,0.950942603849,-6.25120724556527,"2-oxoglutarate dehydrogenase-like, mitochondrial OS=Rattus norvegicus OX=10116 GN=Ogdhl PE=1 SV=2",False,False
Q5RKI0,0.233183148190907,27.4021107765507,0.958143357892345,0.346442176745256,0.70259627660982,-5.82152341175783,WD repeat-containing protein 1 OS=Rattus norvegicus OX=10116 GN=Wdr1 PE=1 SV=3,False,False
P18596,-0.0049673968585288,28.5831434587481,-0.0485685071673653,0.961618553344725,0.985272368280357,-6.27180407788864,Sarcoplasmic/endoplasmic reticulum calcium ATPase 3 OS=Rattus norvegicus OX=10116 GN=Atp2a3 PE=1 SV=3,False,False
Q63965,-1.1057957530487,26.8121342866634,-2.77235991942867,0.009930843821703,0.269897189847112,-2.90265501715051,Sideroflexin-1 OS=Rattus norvegicus OX=10116 GN=Sfxn1 PE=2 SV=4,False,False
P09605,0.725565165106499,26.5208531400029,2.93122702594689,0.0067724986200457,0.222261091076045,-2.55742079258746,"Creatine kinase S-type, mitochondrial OS=Rattus norvegicus OX=10116 GN=Ckmt2 PE=1 SV=2",False,False
P11240,0.0707179451322268,27.0953191348831,0.35012304826581,0.728946958248028,0.897280901722637,-6.21179419203129,"Cytochrome c oxidase subunit 5A, mitochondrial OS=Rattus norvegicus OX=10116 GN=Cox5a PE=1 SV=1",False,False
Q63633,-0.150252951431916,27.7705887036815,-1.98166194646602,0.0577213756919653,0.408485427466588,-4.44240120542447,Solute carrier family 12 member 5 OS=Rattus norvegicus OX=10116 GN=Slc12a5 PE=1 SV=2,False,False
P13668,0.0594080996480528,28.1665055310217,0.469988202341699,0.642115231355371,0.866015934692237,-6.16293066320587,Stathmin OS=Rattus norvegicus OX=10116 GN=Stmn1 PE=1 SV=2,False,False
Q63081,-0.864470676571663,27.5579891954795,-1.77834609764581,0.0865445268744316,0.47321674271697,-4.77921417730531,Protein disulfide-isomerase A6 OS=Rattus norvegicus OX=10116 GN=Pdia6 PE=1 SV=2,False,False
Q68FS4,-0.283791023854064,28.6029822384885,-1.88200307414109,0.0705918656751269,0.436862803006642,-4.61095807981828,Cytosol aminopeptidase OS=Rattus norvegicus OX=10116 GN=Lap3 PE=1 SV=1,False,False
Q6IMY8,0.256797256664974,27.8300581989767,1.78531220134213,0.0853833150434701,0.469391523817655,-4.7681387814774,Heterogeneous nuclear ribonucleoprotein U OS=Rattus norvegicus OX=10116 GN=Hnrnpu PE=1 SV=1,False,False
P21571,-0.108510612963364,26.4591503047092,-1.17592649010972,0.249828830956707,0.626306999828968,-5.59876313300832,"ATP synthase-coupling factor 6, mitochondrial OS=Rattus norvegicus OX=10116 GN=Atp5pf PE=1 SV=1",False,False
Q2TA68,0.100754299876321,27.9155135197679,0.868517206663276,0.392721023217994,0.727396101754948,-5.90090340165329,"Dynamin-like GTPase OPA1, mitochondrial OS=Rattus norvegicus OX=10116 GN=Opa1 PE=1 SV=1",False,False
Q91Y81,0.798649404923857,27.7001062018193,4.40234548725269,0.0001499151199961,0.0162358074955859,0.964104129638537,Septin-2 OS=Rattus norvegicus OX=10116 GN=Septin2 PE=1 SV=1,True,False
P08010,0.578548072579363,26.3868944708047,1.98218575549014,0.0576595547125945,0.408485427466588,-4.44149818973082,Glutathione S-transferase Mu 2 OS=Rattus norvegicus OX=10116 GN=Gstm2 PE=1 SV=2,False,False
P50475,0.0434041920319039,27.398401898166,0.374120824360403,0.711219232084781,0.895034811898063,-6.20314171612952,"Alanine--tRNA ligase, cytoplasmic OS=Rattus norvegicus OX=10116 GN=Aars1 PE=1 SV=3",False,False
P12368,0.278791202114245,26.289630062481,1.04416945641613,0.305611679921588,0.676845499703639,-5.73852129833922,cAMP-dependent protein kinase type II-alpha regulatory subunit OS=Rattus norvegicus OX=10116 GN=Prkar2a PE=1 SV=4,False,False
Q8VHV7,0.204703759302969,24.3049063003595,0.768380159090352,0.448891029105506,0.751639729204116,-5.98086372409721,Heterogeneous nuclear ribonucleoprotein H OS=Rattus norvegicus OX=10116 GN=Hnrnph1 PE=1 SV=2,False,False
Q8K586,-0.169931019444782,26.9189189045475,-1.99535489003934,0.056124289949758,0.408485427466588,-4.41873767802055,"GTP-binding nuclear protein Ran, testis-specific isoform OS=Rattus norvegicus OX=10116 GN=Rasl2-9 PE=2 SV=1",False,False
B2GV06,-0.344466076629278,27.5619764487824,-1.59970037395825,0.121234226213902,0.536153377732733,-5.05138532157877,"Succinyl-CoA:3-ketoacid coenzyme A transferase 1, mitochondrial OS=Rattus norvegicus OX=10116 GN=Oxct1 PE=1 SV=1",False,False
Q66HD0,0.264045788475553,29.2146266371697,1.4096289111855,0.169997415853651,0.583643534320545,-5.31470455135333,Endoplasmin OS=Rattus norvegicus OX=10116 GN=Hsp90b1 PE=1 SV=2,False,False
Q6AY84,0.280762172089229,25.8478168232034,1.40860646446616,0.170296728389005,0.583643534320545,-5.31604460272512,Secernin-1 OS=Rattus norvegicus OX=10116 GN=Scrn1 PE=1 SV=1,False,False
P35281,-0.149618629144982,25.6901173117754,-0.961024082649776,0.34501797673097,0.702358024059476,-5.81885118100395,Ras-related protein Rab-10 OS=Rattus norvegicus OX=10116 GN=Rab10 PE=1 SV=1,False,False
P63142,0.235783930088658,24.8466970124472,0.799251538563807,0.431078931449547,0.744590881594672,-5.95720498721105,Potassium voltage-gated channel subfamily A member 2 OS=Rattus norvegicus OX=10116 GN=Kcna2 PE=1 SV=1,False,False
Q4FZY0,-0.242687244084685,27.870800557341,-1.82391344239511,0.0791870880975367,0.455210143905064,-4.70615609873358,EF-hand domain-containing protein D2 OS=Rattus norvegicus OX=10116 GN=Efhd2 PE=1 SV=1,False,False
P27605,0.143727948750065,26.7345109830128,1.03763164775726,0.308591431988358,0.677653367898071,-5.74506060191615,Hypoxanthine-guanine phosphoribosyltransferase OS=Rattus norvegicus OX=10116 GN=Hprt1 PE=1 SV=1,False,False
Q01066,0.585702419271787,27.7183180441289,1.18465909850128,0.246415146520341,0.626306999828968,-5.58897011772437,"Dual specificity calcium/calmodulin-dependent 3',5'-cyclic nucleotide phosphodiesterase 1B OS=Rattus norvegicus OX=10116 GN=Pde1b PE=1 SV=1",False,False
Q9Z214,-0.118353570747999,27.0559782152727,-0.437981905664637,0.664862911793341,0.887272674941518,-6.17735701741772,Homer protein homolog 1 OS=Rattus norvegicus OX=10116 GN=Homer1 PE=1 SV=2,False,False
P02650,-0.182462219280417,28.4278877373061,-0.961876138256641,0.344597485972248,0.702358024059476,-5.81805936076208,Apolipoprotein E OS=Rattus norvegicus OX=10116 GN=Apoe PE=1 SV=2,False,False
P26284,-0.0090907046124684,28.6123990839369,-0.0897063413203605,0.929178814642472,0.981878274259942,-6.26895863226827,"Pyruvate dehydrogenase E1 component subunit alpha, somatic form, mitochondrial OS=Rattus norvegicus OX=10116 GN=Pdha1 PE=1 SV=2",False,False
P02401,-0.0446012764758663,26.2216293188229,-0.0895602357015499,0.929293842212779,0.981878274259942,-6.26897173268415,Large ribosomal subunit protein P2 OS=Rattus norvegicus OX=10116 GN=Rplp2 PE=1 SV=2,False,False
P63322,0.364171468095119,24.7748679931123,1.91447698962359,0.0661481504183807,0.423896135521339,-4.55675076368255,Ras-related protein Ral-A OS=Rattus norvegicus OX=10116 GN=Rala PE=1 SV=1,False,False
P97697,0.059730769073866,28.6968612954293,0.552004528382359,0.585459074465677,0.833431777972611,-6.1214092774917,Inositol monophosphatase 1 OS=Rattus norvegicus OX=10116 GN=Impa1 PE=1 SV=2,False,False
Q920Q0,0.229172363986855,28.8283647179305,1.11741956767133,0.27360199821917,0.653620831968845,-5.66268540302055,Paralemmin-1 OS=Rattus norvegicus OX=10116 GN=Palm PE=1 SV=1,False,False
P50408,-0.242592735873046,27.9511209412633,-1.45937202588343,0.155932376668519,0.574769328055622,-5.24850665064297,V-type proton ATPase subunit F OS=Rattus norvegicus OX=10116 GN=Atp6v1f PE=1 SV=1,False,False
P52481,-0.369267271184317,26.9369485663317,-1.32399206804496,0.196540750052911,0.600626804258455,-5.42402344770126,Adenylyl cyclase-associated protein 2 OS=Rattus norvegicus OX=10116 GN=Cap2 PE=1 SV=1,False,False
P05696,0.0699061606289995,27.9111926797807,0.536061884883178,0.596279028547679,0.841942878640334,-6.12999139714121,Protein kinase C alpha type OS=Rattus norvegicus OX=10116 GN=Prkca PE=1 SV=3,False,False
O35509,-0.172547728111187,27.3836158722065,-1.64521558822469,0.111450801672969,0.511445839880614,-4.98424777375676,Ras-related protein Rab-11B OS=Rattus norvegicus OX=10116 GN=Rab11b PE=1 SV=4,False,False
Q63357,0.0046089863459037,28.7582940150805,0.0641494050560118,0.949321064421781,0.985245766664636,-6.27092549322166,Unconventional myosin-Id OS=Rattus norvegicus OX=10116 GN=Myo1d PE=1 SV=3,False,False
P08932,0.643000789684965,23.1975959415095,2.59336340758567,0.0151285174459311,0.275024905000413,-3.27897843740425,T-kininogen 2 OS=Rattus norvegicus OX=10116 PE=1 SV=2,False,False
Q1WIM2,-0.0268926072722095,27.1833220026275,-0.235167186309687,0.81584298909282,0.942294290359285,-6.24534360457817,Cell adhesion molecule 2 OS=Rattus norvegicus OX=10116 GN=Cadm2 PE=1 SV=2,False,False
P39052,-0.277495764432114,28.1048517749114,-1.20994520345573,0.236725413593908,0.622634938422747,-5.56024716049354,Dynamin-2 OS=Rattus norvegicus OX=10116 GN=Dnm2 PE=1 SV=1,False,False
Q64119,0.0872176907761997,25.4694749060399,0.357744196977798,0.723299869608322,0.897280901722637,-6.20910788577266,Myosin light polypeptide 6 OS=Rattus norvegicus OX=10116 GN=Myl6 PE=1 SV=3,False,False
P51650,0.285409199853234,28.0195315033948,2.6442067817836,0.0134394940338868,0.275024905000413,-3.17353355158801,"Succinate-semialdehyde dehydrogenase, mitochondrial OS=Rattus norvegicus OX=10116 GN=Aldh5a1 PE=1 SV=2",False,False
P55161,-0.306206002546904,29.0013082090076,-4.09754212934924,0.0003386426678191,0.0305625007706783,0.203422965237686,Nck-associated protein 1 OS=Rattus norvegicus OX=10116 GN=Nckap1 PE=2 SV=1,True,False
Q5PPJ9,-0.11862263434525,27.5381203717292,-0.590879145977591,0.559486739553113,0.823266493119594,-6.09945386694797,Endophilin-B2 OS=Rattus norvegicus OX=10116 GN=Sh3glb2 PE=1 SV=2,False,False
Q9ERB4,0.147728342432682,30.3207155956029,0.623193981193471,0.538355333327397,0.815989363960231,-6.08009693813087,Versican core protein (Fragment) OS=Rattus norvegicus OX=10116 GN=Vcan PE=2 SV=2,False,False
Q75Q39,-0.170904717311434,27.7390547396615,-1.10686115357764,0.278060909908915,0.655689259140192,-5.67390586185582,Mitochondrial import receptor subunit TOM70 OS=Rattus norvegicus OX=10116 GN=Tomm70 PE=1 SV=1,False,False
P35280,0.04103212802179,25.6485123439446,0.23773884815911,0.813867918747321,0.942294290359285,-6.24473642631818,Ras-related protein Rab-8A OS=Rattus norvegicus OX=10116 GN=Rab8a PE=1 SV=2,False,False
A0A096MJN4,-0.237484046354488,27.2940257601223,-0.525867894768397,0.60324755155055,0.846399887812225,-6.13534997487921,Septin-4 OS=Rattus norvegicus OX=10116 GN=Septin4 PE=1 SV=1,False,False
Q5M7A7,-0.105959633804893,26.1562644545422,-0.549071690671728,0.587442293345039,0.833431777972611,-6.12300651189656,CB1 cannabinoid receptor-interacting protein 1 OS=Rattus norvegicus OX=10116 GN=Cnrip1 PE=1 SV=1,False,False
P35565,-0.0524510444597865,27.9687908009524,-0.381089080410551,0.706101837562875,0.895034811898063,-6.20052299105394,Calnexin OS=Rattus norvegicus OX=10116 GN=Canx PE=1 SV=1,False,False
Q08877,0.554109071806764,27.5071961266603,3.32167259937483,0.0025624890523868,0.154176424651943,-1.67093330872164,Dynamin-3 OS=Rattus norvegicus OX=10116 GN=Dnm3 PE=1 SV=2,False,False
Q01205,-0.0426566509487394,28.5245934613379,-0.204223533309491,0.839701378251095,0.950942603849,-6.25213364395551,"Dihydrolipoyllysine-residue succinyltransferase component of 2-oxoglutarate dehydrogenase complex, mitochondrial OS=Rattus norvegicus OX=10116 GN=Dlst PE=1 SV=2",False,False
F1LU71,-0.17593063236237,28.7145563343719,-1.38983802949515,0.175865402331402,0.592287601597179,-5.34049448396071,"Methylglutaconyl-CoA hydratase, mitochondrial OS=Rattus norvegicus OX=10116 GN=Auh PE=1 SV=2",False,False
Q8VII6,-0.330923256192435,29.7575474496887,-1.86695879632902,0.072736687066675,0.442077283060498,-4.63583198893091,Choline transporter-like protein 1 OS=Rattus norvegicus OX=10116 GN=Slc44a1 PE=1 SV=1,False,False
P30427,-0.128210758036751,31.8534945471906,-1.34068823613632,0.191127906015841,0.598579113496966,-5.40317713891891,Plectin OS=Rattus norvegicus OX=10116 GN=Plec PE=1 SV=2,False,False
Q9QYU4,-0.429288631474485,25.2057974886962,-1.10756901185516,0.277760350622959,0.655689259140192,-5.67315665052967,Ketimine reductase mu-crystallin OS=Rattus norvegicus OX=10116 GN=Crym PE=1 SV=1,False,False
P27791,0.0347646897619498,27.6010087574042,0.227845769491691,0.821472661405988,0.944018787953914,-6.24703620251246,cAMP-dependent protein kinase catalytic subunit alpha OS=Rattus norvegicus OX=10116 GN=Prkaca PE=1 SV=2,False,False
Q6RUV5,-0.164330848210959,28.2982068765253,-1.19769117072514,0.241385129816809,0.623212637002964,-5.5742346222945,Ras-related C3 botulinum toxin substrate 1 OS=Rattus norvegicus OX=10116 GN=Rac1 PE=1 SV=1,False,False
Q63564,0.177015738431436,27.7521851154076,0.898004272442166,0.377075019349029,0.722218268046554,-5.87559495395002,Synaptic vesicle glycoprotein 2B OS=Rattus norvegicus OX=10116 GN=Sv2b PE=1 SV=1,False,False
Q63862,-0.255602642166497,30.80906919851,-1.07985498223762,0.289702781190398,0.660415468743517,-5.70216328015248,Myosin-11 (Fragment) OS=Rattus norvegicus OX=10116 GN=Myh11 PE=1 SV=3,False,False
P21913,0.163615491707205,29.1403289004864,1.29365974430669,0.206676638372331,0.608235867818572,-5.46130982382274,"Succinate dehydrogenase [ubiquinone] iron-sulfur subunit, mitochondrial OS=Rattus norvegicus OX=10116 GN=Sdhb PE=2 SV=2",False,False
Q5XIT1,0.250783253181037,27.3014375793643,1.28550051928204,0.209470425392098,0.611002494577192,-5.47121001486378,Microtubule-associated protein RP/EB family member 3 OS=Rattus norvegicus OX=10116 GN=Mapre3 PE=1 SV=1,False,False
P35467,0.365762761413848,23.5533217962466,2.18677778231528,0.0375455137158413,0.373411746257941,-4.07575073711421,Protein S100-A1 OS=Rattus norvegicus OX=10116 GN=S100a1 PE=1 SV=3,False,False
P41565,-0.332890694335461,27.7063856054113,-2.51229367767738,0.0182342803261833,0.285893302541898,-3.44460376395588,"Isocitrate dehydrogenase [NAD] subunit gamma 1, mitochondrial OS=Rattus norvegicus OX=10116 GN=Idh3g PE=1 SV=2",False,False
P15384,-0.398935678921049,23.7033971697821,-1.44979759715591,0.158564718969176,0.574769328055622,-5.26140033127717,Potassium voltage-gated channel subfamily A member 3 OS=Rattus norvegicus OX=10116 GN=Kcna3 PE=1 SV=2,False,False
Q05764,0.290390654091485,27.744871121512,2.26407703823454,0.0317616589712404,0.344393472643708,-3.93108744817638,Beta-adducin OS=Rattus norvegicus OX=10116 GN=Add2 PE=1 SV=4,False,False
Q9ESV6,0.367940670412963,25.7515770130505,2.51333671307015,0.018190824970963,0.285893302541898,-3.44249291962608,"Glyceraldehyde-3-phosphate dehydrogenase, testis-specific OS=Rattus norvegicus OX=10116 GN=Gapdhs PE=1 SV=1",False,False
B2RYW9,0.0159340781080957,26.6936969057044,0.0778437547400247,0.9385229787297,0.985245766664636,-6.26995279880024,"Oxaloacetate tautomerase Fahd2a, mitochondrial OS=Rattus norvegicus OX=10116 GN=Fahd2a PE=1 SV=1",False,False
P15865,0.199696904343153,27.8436621590745,2.11646507471383,0.0436104465424352,0.383188368522296,-4.20432139787245,Histone H1.4 OS=Rattus norvegicus OX=10116 GN=H1-4 PE=1 SV=3,False,False
Q8K4Y5,-0.128697802827737,26.9209413479203,-1.46243590815231,0.155097441095298,0.574769328055622,-5.24436536141637,Leucine-rich glioma-inactivated protein 1 OS=Rattus norvegicus OX=10116 GN=Lgi1 PE=1 SV=1,False,False
P20059,0.523779732178454,24.9642527604687,4.71057327209523,6.54289582977872e-05,0.0102079617604617,1.73975403834065,Hemopexin OS=Rattus norvegicus OX=10116 GN=Hpx PE=1 SV=3,True,False
Q62634,-0.0827571857395029,27.2372885185945,-0.486167958359936,0.630747624325189,0.861680037851078,-6.15525731730603,Vesicular glutamate transporter 1 OS=Rattus norvegicus OX=10116 GN=Slc17a7 PE=1 SV=1,False,False
P60892,0.0231522184130704,26.6762121483247,0.151627617854996,0.880601282968534,0.964490867058859,-6.26148634800829,Ribose-phosphate pyrophosphokinase 1 OS=Rattus norvegicus OX=10116 GN=Prps1 PE=1 SV=2,False,False
Q9QUH6,-0.173393273920983,29.6844367581197,-0.777836146225409,0.443388750355149,0.751204736736061,-5.97371148487443,Ras/Rap GTPase-activating protein SynGAP OS=Rattus norvegicus OX=10116 GN=Syngap1 PE=1 SV=2,False,False
Q75Q41,0.243508941195063,26.4409840620787,1.30944240597555,0.20135371658373,0.600732989146499,-5.44200335840453,Mitochondrial import receptor subunit TOM22 homolog OS=Rattus norvegicus OX=10116 GN=Tomm22 PE=1 SV=1,False,False
P16446,1.54620685289541,29.3087760515118,6.29717255138669,9.45190180932963e-07,0.0004125927331869,5.70216898706891,Phosphatidylinositol transfer protein alpha isoform OS=Rattus norvegicus OX=10116 GN=Pitpna PE=1 SV=2,True,True
Q5XHZ0,1.12963923631906,27.5559921430583,5.13071381344824,2.10888424690484e-05,0.0045678432787958,2.80012549371464,"Heat shock protein 75 kDa, mitochondrial OS=Rattus norvegicus OX=10116 GN=Trap1 PE=1 SV=1",True,True
Q62951,0.13619256887673,29.7044081673778,0.548332530938408,0.587942639308472,0.833431777972611,-6.12340774914298,Dihydropyrimidinase-related protein 4 (Fragment) OS=Rattus norvegicus OX=10116 GN=Dpysl4 PE=1 SV=1,False,False
P85970,0.206641955871888,26.7768180085903,1.25432320904245,0.220412087405207,0.618430767364569,-5.50853008452663,Actin-related protein 2/3 complex subunit 2 OS=Rattus norvegicus OX=10116 GN=Arpc2 PE=1 SV=1,False,False
P38983,0.183470134614911,25.7125127277728,0.803053148941487,0.428915785623506,0.744590881594672,-5.95423015047049,Small ribosomal subunit protein uS2 OS=Rattus norvegicus OX=10116 GN=Rpsa PE=1 SV=3,False,False
Q63666,0.030232016775944,23.5091266549897,0.0640416902057107,0.949406040032669,0.985245766664636,-6.27093240066336,Vesicle-associated membrane protein 1 OS=Rattus norvegicus OX=10116 GN=Vamp1 PE=1 SV=2,False,False
P70550,0.238595960974298,28.1103084888435,1.11488278607637,0.274668565986068,0.653620831968845,-5.66539009106599,Ras-related protein Rab-8B OS=Rattus norvegicus OX=10116 GN=Rab8b PE=1 SV=1,False,False
P14480,-0.292269334611657,27.73873263249,-1.83797947723583,0.0770271906527095,0.454521186847516,-4.68331491671255,Fibrinogen beta chain OS=Rattus norvegicus OX=10116 GN=Fgb PE=1 SV=4,False,False
Q6P7Q4,0.245247353108148,26.4278509981219,1.09472735884201,0.283249340956161,0.656531493979991,-5.68668063284115,Lactoylglutathione lyase OS=Rattus norvegicus OX=10116 GN=Glo1 PE=1 SV=3,False,False
P49803,0.221824663447133,28.6716997345282,1.5236179859509,0.139163862012771,0.546066893332721,-5.16013597780778,Regulator of G-protein signaling 7 OS=Rattus norvegicus OX=10116 GN=Rgs7 PE=1 SV=2,False,False
Q9EQX9,-0.0346568388822277,26.7408509306512,-0.168184598580544,0.867684166765838,0.960760985058051,-6.25883965297512,Ubiquitin-conjugating enzyme E2 N OS=Rattus norvegicus OX=10116 GN=Ube2n PE=1 SV=1,False,False
P62959,0.218484195458721,24.9525948513074,0.923064926181617,0.364101205069266,0.714000038793204,-5.85346157108049,Adenosine 5'-monophosphoramidase HINT1 OS=Rattus norvegicus OX=10116 GN=Hint1 PE=1 SV=5,False,False
P36876,0.0633540807051816,26.4348426587426,0.607609103651605,0.548493694376236,0.819336097944087,-6.0895575202474,Serine/threonine-protein phosphatase 2A 55 kDa regulatory subunit B alpha isoform OS=Rattus norvegicus OX=10116 GN=Ppp2r2a PE=2 SV=1,False,False
P11232,-0.0384088637069162,26.3811712506663,-0.328113653108041,0.745341785107547,0.904053202582285,-6.21923020431921,Thioredoxin OS=Rattus norvegicus OX=10116 GN=Txn PE=1 SV=2,False,False
Q9WTP0,-0.19151900136875,28.4167507178417,-1.1354578104775,0.266104140125905,0.646778567710166,-5.64329234638362,Band 4.1-like protein 1 OS=Rattus norvegicus OX=10116 GN=Epb41l1 PE=1 SV=1,False,False
P07483,0.0048286088916285,26.9503919036549,0.0240053784900692,0.981023815515591,0.989911181798765,-6.27269592731803,"Fatty acid-binding protein, heart OS=Rattus norvegicus OX=10116 GN=Fabp3 PE=1 SV=2",False,False
P62898,0.415731946802136,26.8887161246678,1.76509994135973,0.088789749619148,0.47321674271697,-4.80018053261677,"Cytochrome c, somatic OS=Rattus norvegicus OX=10116 GN=Cycs PE=1 SV=2",False,False
P12711,-0.293106386515134,27.7244455822973,-2.02898117882236,0.0523660790424418,0.408485427466588,-4.36012063168772,Alcohol dehydrogenase class-3 OS=Rattus norvegicus OX=10116 GN=Adh5 PE=1 SV=2,False,False
P02625,0.0569970771207871,27.0452321021399,0.317114429690906,0.753581565671023,0.906809817357464,-6.22276697983382,Parvalbumin alpha OS=Rattus norvegicus OX=10116 GN=Pvalb PE=1 SV=2,False,False
Q5U206,-0.663067819159583,27.0824041866913,-1.37503526205999,0.180357792279991,0.597021863931554,-5.35957866525194,Calmodulin-like protein 3 OS=Rattus norvegicus OX=10116 GN=Calml3 PE=2 SV=1,False,False
P62168,0.0954181935546465,25.6731128314301,0.407314128701048,0.686969720528488,0.892859659958677,-6.19023929204101,Neuronal calcium sensor 1 OS=Rattus norvegicus OX=10116 GN=Ncs1 PE=1 SV=2,False,False
P29994,-0.0956113425396801,29.9970710652986,-1.09683810429084,0.282341839044803,0.656512153485106,-5.68446761031723,"Inositol 1,4,5-trisphosphate-gated calcium channel ITPR1 OS=Rattus norvegicus OX=10116 GN=Itpr1 PE=1 SV=2",False,False
P97546,-0.127985741208438,27.1897957744435,-0.580240458827616,0.566535564992775,0.824482673388058,-6.10560706948738,Neuroplastin OS=Rattus norvegicus OX=10116 GN=Nptn PE=1 SV=2,False,False
Q64428,0.256893125894038,28.4948492506838,1.05965369325641,0.298634960298497,0.668226574386927,-5.72288293383386,"Trifunctional enzyme subunit alpha, mitochondrial OS=Rattus norvegicus OX=10116 GN=Hadha PE=1 SV=2",False,False
P14046,-0.514487140543213,24.9685137133777,-1.90130081299604,0.0679209865071117,0.427665281320942,-4.57882973437236,Alpha-1-inhibitor 3 OS=Rattus norvegicus OX=10116 GN=A1i3 PE=1 SV=1,False,False
Q03626,1.19704010953127,27.4490863086803,5.89062328246945,2.76002714874468e-06,0.0007472773505226,4.70275133397803,Murinoglobulin-1 OS=Rattus norvegicus OX=10116 GN=Mug1 PE=2 SV=1,True,True
Q5XIN6,0.134785277294856,29.4215710801018,0.962056451878057,0.344508545202401,0.702358024059476,-5.81789171043839,Mitochondrial proton/calcium exchanger protein OS=Rattus norvegicus OX=10116 GN=Letm1 PE=1 SV=1,False,False
Q5RKI1,0.0407295898475226,28.9039845723126,0.371906916137365,0.71284799161344,0.895034811898063,-6.2039637120032,Eukaryotic initiation factor 4A-II OS=Rattus norvegicus OX=10116 GN=Eif4a2 PE=1 SV=1,False,False
P55053,-0.0995792513308977,25.9917891128875,-0.892913776902846,0.379746718986493,0.723252277454732,-5.88002088728929,Fatty acid-binding protein 5 OS=Rattus norvegicus OX=10116 GN=Fabp5 PE=1 SV=3,False,False
P21396,-0.111092894462971,28.175013827868,-0.990783919824515,0.330536079535087,0.693741422745154,-5.79080861281253,Amine oxidase [flavin-containing] A OS=Rattus norvegicus OX=10116 GN=Maoa PE=1 SV=1,False,False
P62716,0.0144261335904581,27.8258121926997,0.130554954833576,0.897089536526593,0.965879417268415,-6.26445917923135,Serine/threonine-protein phosphatase 2A catalytic subunit beta isoform OS=Rattus norvegicus OX=10116 GN=Ppp2cb PE=2 SV=1,False,False
Q63560,0.542249388180728,29.9016505631311,1.82228092135521,0.0794411054460361,0.455210143905064,-4.70879829336639,Microtubule-associated protein 6 OS=Rattus norvegicus OX=10116 GN=Map6 PE=1 SV=1,False,False
P55067,-0.0847018344696195,27.4017505230503,-0.669004929261352,0.509139222305951,0.791101546280266,-6.05094380174492,Neurocan core protein OS=Rattus norvegicus OX=10116 GN=Ncan PE=1 SV=1,False,False
P28480,-0.0975081154754598,26.6856157881777,-0.760002717542853,0.453799742689218,0.75295205200707,-5.98713030582978,T-complex protein 1 subunit alpha OS=Rattus norvegicus OX=10116 GN=Tcp1 PE=1 SV=1,False,False
Q568Z9,0.0742682571613322,25.1605138579948,0.599697754132195,0.553678085334387,0.823266493119594,-6.0942708599398,Phytanoyl-CoA hydroxylase-interacting protein OS=Rattus norvegicus OX=10116 GN=Phyhip PE=2 SV=1,False,False
Q91ZN1,0.032392415486779,28.3337523549518,0.261206314987238,0.795903872752335,0.934884917777417,-6.23889202784851,Coronin-1A OS=Rattus norvegicus OX=10116 GN=Coro1a PE=1 SV=3,False,False
P19627,0.207704954521496,24.9418400097607,1.65630978673423,0.109168418600408,0.5071861603693,-4.96765104111724,Guanine nucleotide-binding protein G(z) subunit alpha OS=Rattus norvegicus OX=10116 GN=Gnaz PE=2 SV=3,False,False
P52296,0.197042806758336,25.9613816995591,1.66391667276046,0.107626127523267,0.505780261280807,-4.95621909926476,Importin subunit beta-1 OS=Rattus norvegicus OX=10116 GN=Kpnb1 PE=1 SV=1,False,False
Q07266,0.0565435158959851,27.7475815982001,0.340875003746072,0.735820425745895,0.898189913913073,-6.21497697546916,Drebrin OS=Rattus norvegicus OX=10116 GN=Dbn1 PE=1 SV=3,False,False
P11030,0.13117817586668,26.1718347612387,0.877620209968655,0.387847110923076,0.726699261551623,-5.89317535939767,Acyl-CoA-binding protein OS=Rattus norvegicus OX=10116 GN=Dbi PE=1 SV=3,False,False
Q8R491,0.0713345480089096,27.842838704551,0.433111149228645,0.668354142006646,0.887777241495928,-6.17946459781149,EH domain-containing protein 3 OS=Rattus norvegicus OX=10116 GN=Ehd3 PE=1 SV=2,False,False
Q63598,0.0738579575154468,28.1419621490759,0.250533337223827,0.804060395262726,0.938454060387156,-6.24161788999035,Plastin-3 OS=Rattus norvegicus OX=10116 GN=Pls3 PE=1 SV=2,False,False
Q794E4,0.250155550635768,28.0861166074063,1.12668764163042,0.269730740070584,0.649390148621024,-5.65275642382756,Heterogeneous nuclear ribonucleoprotein F OS=Rattus norvegicus OX=10116 GN=Hnrnpf PE=1 SV=3,False,False
Q3B8Q0,-0.377257866428874,26.3417463783972,-3.32178568082298,0.0025617535530043,0.154176424651943,-1.67066975602512,Microtubule-associated protein RP/EB family member 2 OS=Rattus norvegicus OX=10116 GN=Mapre2 PE=1 SV=1,False,False
P83868,0.199251486315504,25.9782119787377,0.794640388636242,0.433711660026541,0.747945426447044,-5.96079525860702,Prostaglandin E synthase 3 OS=Rattus norvegicus OX=10116 GN=Ptges3 PE=1 SV=2,False,False
P04785,0.0225848370621122,27.6902108219379,0.246721282517667,0.806979172766616,0.938454060387156,-6.2425640572107,Protein disulfide-isomerase OS=Rattus norvegicus OX=10116 GN=P4hb PE=1 SV=2,False,False
P36877,0.0908338947582514,25.5467418156064,0.374005052764757,0.711304370174727,0.895034811898063,-6.20318482025703,Serine/threonine-protein phosphatase 2A 55 kDa regulatory subunit B beta isoform OS=Rattus norvegicus OX=10116 GN=Ppp2r2b PE=1 SV=2,False,False
P56932,0.376231633340687,26.0452817795019,2.04768645203448,0.0503731184497263,0.40712005433622,-4.32720582197586,Serine/threonine-protein phosphatase 2A 55 kDa regulatory subunit B delta isoform OS=Rattus norvegicus OX=10116 GN=Ppp2r2d PE=2 SV=1,False,False
P70566,0.135707002149243,27.6457820975436,0.286886923632234,0.776376114043357,0.920936836263916,-6.23186991604432,Tropomodulin-2 OS=Rattus norvegicus OX=10116 GN=Tmod2 PE=1 SV=1,False,False
Q9ERH3,-0.222004014383682,29.5413641542706,-1.18888897120256,0.244774097436637,0.626306999828968,-5.58420321351512,WD repeat-containing protein 7 OS=Rattus norvegicus OX=10116 GN=Wdr7 PE=1 SV=1,False,False
Q6URK4,-0.249445954302253,28.6068206501634,-2.04927133085236,0.0502073801249464,0.40712005433622,-4.32440695048511,Heterogeneous nuclear ribonucleoprotein A3 OS=Rattus norvegicus OX=10116 GN=Hnrnpa3 PE=1 SV=1,False,False
Q4V8B0,0.494995939126657,28.8213625024017,1.70063584759045,0.100435446476056,0.496673920244604,-4.90044325089276,Oxidation resistance protein 1 OS=Rattus norvegicus OX=10116 GN=Oxr1 PE=1 SV=3,False,False
Q04970,0.152686929835575,27.3686763388282,0.324339337495763,0.748165806141584,0.904109438449225,-6.22045730853237,GTPase NRas OS=Rattus norvegicus OX=10116 GN=Nras PE=1 SV=1,False,False
Q9EQS0,0.162644336873683,29.1318720774221,1.02144319470083,0.316056771341742,0.683212541642927,-5.76108979704609,Transaldolase OS=Rattus norvegicus OX=10116 GN=Taldo1 PE=1 SV=2,False,False
P49911,0.0772256267030649,28.1723396026185,0.432119428009709,0.669065914181994,0.887777241495928,-6.17989086958062,Acidic leucine-rich nuclear phosphoprotein 32 family member A OS=Rattus norvegicus OX=10116 GN=Anp32a PE=2 SV=1,False,False
Q5XIF3,0.185908999062761,25.9113447623302,1.09649748006867,0.282488147298301,0.656512153485106,-5.68482500275645,"NADH dehydrogenase [ubiquinone] iron-sulfur protein 4, mitochondrial OS=Rattus norvegicus OX=10116 GN=Ndufs4 PE=1 SV=1",False,False
P07943,0.1623903855252,27.4914801862236,1.07508089610393,0.291796362816182,0.66112021115047,-5.70709220430416,Aldo-keto reductase family 1 member B1 OS=Rattus norvegicus OX=10116 GN=Akr1b1 PE=1 SV=3,False,False
Q02253,0.199400183644052,27.6655376862092,0.879721459429117,0.386727615958006,0.726699261551623,-5.89138069840044,"Methylmalonate-semialdehyde/malonate-semialdehyde dehydrogenase [acylating], mitochondrial OS=Rattus norvegicus OX=10116 GN=Aldh6a1 PE=1 SV=1",False,False
Q5U316,-0.28554498206638,27.7590291333765,-1.3549568158517,0.186594490433366,0.598579113496966,-5.3851815718799,Ras-related protein Rab-35 OS=Rattus norvegicus OX=10116 GN=Rab35 PE=1 SV=1,False,False
P63029,-0.0600988556705424,26.6968449222679,-0.471202128113385,0.64125922309604,0.865939823706997,-6.1623638092819,Translationally-controlled tumor protein OS=Rattus norvegicus OX=10116 GN=Tpt1 PE=1 SV=1,False,False
Q6PEC4,-0.218007323154296,27.600071031642,-1.47177854203781,0.152573602030395,0.572214241083807,-5.23169195232308,S-phase kinase-associated protein 1 OS=Rattus norvegicus OX=10116 GN=Skp1 PE=1 SV=3,False,False
P27952,0.0515770752847686,28.2625874577893,0.609823234040226,0.547047297244395,0.819336097944087,-6.0882276523437,Small ribosomal subunit protein uS5 OS=Rattus norvegicus OX=10116 GN=Rps2 PE=1 SV=1,False,False
F1LZW6,0.0613705766241637,28.4805079812084,0.803833455504194,0.42847261082711,0.744590881594672,-5.95361788254841,"Electrogenic aspartate/glutamate antiporter SLC25A13, mitochondrial OS=Rattus norvegicus OX=10116 GN=Slc25a13 PE=3 SV=4",False,False
P08082,-0.116756703747349,26.6081542477853,-0.687365079420871,0.497680583924818,0.780011682186075,-6.03869888626353,Clathrin light chain B OS=Rattus norvegicus OX=10116 GN=Cltb PE=1 SV=1,False,False
P35289,0.377817436851419,26.7627178903518,1.73692011886941,0.0937314087978638,0.475405316548839,-4.84437315333335,Ras-related protein Rab-15 OS=Rattus norvegicus OX=10116 GN=Rab15 PE=2 SV=1,False,False
Q6P502,0.145977401249951,28.8396771253377,0.65058742464645,0.520778792546536,0.799653473093462,-6.06290494504399,T-complex protein 1 subunit gamma OS=Rattus norvegicus OX=10116 GN=Cct3 PE=1 SV=1,False,False
P35571,-0.0495660300895899,28.1508044031803,-0.350182520887307,0.728902829785234,0.897280901722637,-6.21177345091976,"Glycerol-3-phosphate dehydrogenase, mitochondrial OS=Rattus norvegicus OX=10116 GN=Gpd2 PE=1 SV=1",False,False
P84087,0.251884583705483,27.2238101083432,1.29086563757454,0.207630131195593,0.609385994809829,-5.46470632793521,Complexin-2 OS=Rattus norvegicus OX=10116 GN=Cplx2 PE=1 SV=1,False,False
P19491,0.376705314099759,28.8994761308469,1.82934384387609,0.0783471395929514,0.455210143905064,-4.69735397276601,Glutamate receptor 2 OS=Rattus norvegicus OX=10116 GN=Gria2 PE=1 SV=2,False,False
Q9EPC6,-0.0990684983957379,26.3509795712167,-0.640157231256908,0.527434185366526,0.806795512361508,-6.0695353887091,Profilin-2 OS=Rattus norvegicus OX=10116 GN=Pfn2 PE=1 SV=3,False,False
P31647,0.280571171624818,26.7372208249741,1.19876463571208,0.240974228351767,0.623212637002964,-5.57301440214002,Sodium- and chloride-dependent GABA transporter 3 OS=Rattus norvegicus OX=10116 GN=Slc6a11 PE=1 SV=1,False,False
P10499,-0.173819589421853,27.9493202170868,-1.1136006424345,0.275208771355303,0.653620831968845,-5.66675497173626,Potassium voltage-gated channel subfamily A member 1 OS=Rattus norvegicus OX=10116 GN=Kcna1 PE=1 SV=1,False,False
Q01986,0.0170619430892103,27.0276562284336,0.156541349687239,0.876764108040726,0.964490867058859,-6.26072941173588,Dual specificity mitogen-activated protein kinase kinase 1 OS=Rattus norvegicus OX=10116 GN=Map2k1 PE=1 SV=2,False,False
P60905,0.280890467132231,25.4722646180447,1.41311762396256,0.168979258163388,0.583643534320545,-5.31012585084431,DnaJ homolog subfamily C member 5 OS=Rattus norvegicus OX=10116 GN=Dnajc5 PE=1 SV=1,False,False
P62882,0.166709659699318,27.6105823479694,1.22389248776113,0.231503904521676,0.622634938422747,-5.54417214861407,Guanine nucleotide-binding protein subunit beta-5 OS=Rattus norvegicus OX=10116 GN=Gnb5 PE=2 SV=1,False,False
G3V9T7,0.175496451781115,26.9667729460491,0.771241521579397,0.447221746130589,0.751639729204116,-5.97870829090935,ATPase Get3 OS=Rattus norvegicus OX=10116 GN=Get3 PE=1 SV=1,False,False
Q9Z0W7,0.526251543515517,27.070459245208,1.86467434554086,0.0730672517708488,0.442077283060498,-4.63959573376621,Chloride intracellular channel protein 4 OS=Rattus norvegicus OX=10116 GN=Clic4 PE=1 SV=3,False,False
Q8VD52,-0.6240285343065,27.7890995565662,-3.76647278710382,0.0008122851955373,0.059935836798095,-0.610232579059543,Chronophin OS=Rattus norvegicus OX=10116 GN=Pdxp PE=1 SV=2,False,False
Q05695,0.118090995004309,27.8556457420687,0.779770790072953,0.442268047430983,0.751204736736061,-5.9722378803032,Neural cell adhesion molecule L1 OS=Rattus norvegicus OX=10116 GN=L1cam PE=1 SV=3,False,False
Q5I0G4,0.0972570985791421,28.6925178745941,0.690895551112534,0.495493929762709,0.779970822577055,-6.03630764623188,Glycine--tRNA ligase OS=Rattus norvegicus OX=10116 GN=Gars1 PE=1 SV=2,False,False
P10362,-0.437417438288829,29.4222964219327,-1.51868369244448,0.140397587906744,0.546944560082746,-5.1670365300773,Secretogranin-2 OS=Rattus norvegicus OX=10116 GN=Scg2 PE=1 SV=1,False,False
Q4FZT9,-0.620308977482257,28.1184716392624,-1.43294622060416,0.163283894436072,0.580044497149806,-5.2839180826458,26S proteasome non-ATPase regulatory subunit 2 OS=Rattus norvegicus OX=10116 GN=Psmd2 PE=1 SV=1,False,False
Q00729,-0.0121709504998577,31.6771153499318,-0.0416448263583693,0.967086467179127,0.988070418825467,-6.27211656036503,Histone H2B type 1-A OS=Rattus norvegicus OX=10116 GN=H2bc1 PE=1 SV=2,False,False
P20171,0.0489670783504863,25.2573920830443,0.213431671377573,0.832584270273697,0.950447140144549,-6.25021267616602,GTPase HRas OS=Rattus norvegicus OX=10116 GN=Hras PE=1 SV=2,False,False
P55051,0.133203885243283,25.7278881130273,0.688047703260435,0.49725736727095,0.780011682186075,-6.03823745656168,"Fatty acid-binding protein, brain OS=Rattus norvegicus OX=10116 GN=Fabp7 PE=1 SV=2",False,False
P51146,0.0693281788308902,26.2787793828643,0.361108905509808,0.720811732663861,0.896256149799038,-6.2079036638865,Ras-related protein Rab-4B OS=Rattus norvegicus OX=10116 GN=Rab4b PE=2 SV=1,False,False
Q1WIM3,0.131868828953316,25.9886541232183,0.372121059828853,0.712690386761782,0.895034811898063,-6.20388441406712,Cell adhesion molecule 3 OS=Rattus norvegicus OX=10116 GN=Cadm3 PE=1 SV=1,False,False
P09330,-0.161129762407686,27.9845118149307,-0.776950271006317,0.443902492722199,0.751204736736061,-5.97438508306678,Ribose-phosphate pyrophosphokinase 2 OS=Rattus norvegicus OX=10116 GN=Prps2 PE=1 SV=3,False,False
Q6AXV4,0.765657025391707,28.3967057347237,1.80203186637013,0.0826503891371968,0.461393667193732,-4.74141832755725,Sorting and assembly machinery component 50 homolog OS=Rattus norvegicus OX=10116 GN=Samm50 PE=1 SV=1,False,False
P19944,0.0990491068908099,23.7582854056515,0.364473154824361,0.718327052183444,0.896256149799038,-6.20668844754209,Large ribosomal subunit protein P1 OS=Rattus norvegicus OX=10116 GN=Rplp1 PE=3 SV=1,False,False
P47727,0.425122731543873,25.8257137536051,2.60978630673136,0.0145624789547402,0.275024905000413,-3.24504864280135,Carbonyl reductase [NADPH] 1 OS=Rattus norvegicus OX=10116 GN=Cbr1 PE=1 SV=2,False,False
Q9JJ54,-0.147436902537471,26.5763005315358,-0.744000811307344,0.463264325891334,0.757878043716487,-5.99891739790154,Heterogeneous nuclear ribonucleoprotein D0 OS=Rattus norvegicus OX=10116 GN=Hnrnpd PE=1 SV=2,False,False
Q3MIE4,0.250801122122613,29.1865814117534,0.93491834177263,0.35806857525208,0.707642822989055,-5.8427938722195,Synaptic vesicle membrane protein VAT-1 homolog OS=Rattus norvegicus OX=10116 GN=Vat1 PE=1 SV=1,False,False
P16290,-0.116642337247647,29.6144802234118,-0.699551476981583,0.49015573803453,0.774946955169921,-6.03039489538997,Phosphoglycerate mutase 2 OS=Rattus norvegicus OX=10116 GN=Pgam2 PE=1 SV=2,False,False
Q63692,-0.302860185751431,28.2859894581636,-2.29907646109635,0.0294183417630691,0.338936852440467,-3.86447894094879,Hsp90 co-chaperone Cdc37 OS=Rattus norvegicus OX=10116 GN=Cdc37 PE=1 SV=2,False,False
O70511,-0.218935913155178,29.3999456005139,-1.50380826949384,0.144170721112701,0.555647298808027,-5.18772602440542,Ankyrin-3 OS=Rattus norvegicus OX=10116 GN=Ank3 PE=1 SV=3,False,False
Q80W89,0.0249801836834713,25.1488099278526,0.113833366846945,0.910207160526917,0.969993773338247,-6.26650261770529,NADH dehydrogenase [ubiquinone] 1 alpha subcomplex subunit 11 OS=Rattus norvegicus OX=10116 GN=Ndufa11 PE=2 SV=1,False,False
P04256,-0.469348446903588,26.1927024423289,-1.95934433993781,0.060409927379876,0.408485427466588,-4.48071142810856,Heterogeneous nuclear ribonucleoprotein A1 OS=Rattus norvegicus OX=10116 GN=Hnrnpa1 PE=1 SV=3,False,False
Q6AY09,-0.0949061534692177,28.0716709359496,-0.399564631533994,0.692601954436232,0.892859659958677,-6.19334848593853,Heterogeneous nuclear ribonucleoprotein H2 OS=Rattus norvegicus OX=10116 GN=Hnrnph2 PE=1 SV=1,False,False
Q07009,-0.0146146702056207,26.6113420639425,-0.0991601629693264,0.921739345954224,0.977711764611581,-6.2680656019549,Calpain-2 catalytic subunit OS=Rattus norvegicus OX=10116 GN=Capn2 PE=1 SV=3,False,False
Q78P75,-0.0807508795720011,26.5083087566667,-0.749131777584592,0.460216941138265,0.755712084506239,-5.99516406847124,"Dynein light chain 2, cytoplasmic OS=Rattus norvegicus OX=10116 GN=Dynll2 PE=1 SV=1",False,False
P09811,-0.25616263039657,27.8333580542691,-1.56264644115767,0.12971338772124,0.546066893332721,-5.10489807238075,"Glycogen phosphorylase, liver form OS=Rattus norvegicus OX=10116 GN=Pygl PE=1 SV=5",False,False
Q6AXX6,-0.440411116608445,26.4707153048123,-2.40473078328014,0.0232660152628875,0.299965411067942,-3.65937074818001,Peroxiredoxin-like 2A OS=Rattus norvegicus OX=10116 GN=Prxl2a PE=1 SV=1,False,False
P68182,-0.118575144950295,27.6550351882675,-1.3151441350261,0.199456897665155,0.600732989146499,-5.43497811233014,cAMP-dependent protein kinase catalytic subunit beta OS=Rattus norvegicus OX=10116 GN=Prkacb PE=1 SV=2,False,False
Q6AYK6,-0.002875708296866,28.1168407236344,-0.0261771110078754,0.97930745669879,0.989911181798765,-6.27264140179221,Calcyclin-binding protein OS=Rattus norvegicus OX=10116 GN=Cacybp PE=1 SV=1,False,False
P51635,-0.473892161818249,26.0103369596101,-1.81666913472175,0.0803196303118464,0.457821892777525,-4.71786686087805,Aldo-keto reductase family 1 member A1 OS=Rattus norvegicus OX=10116 GN=Akr1a1 PE=1 SV=2,False,False
Q8VI04,0.119462146686136,27.5166183782543,0.897293347048717,0.377447405091736,0.722218268046554,-5.87621448989343,Isoaspartyl peptidase/L-asparaginase OS=Rattus norvegicus OX=10116 GN=Asrgl1 PE=1 SV=1,False,False
P35434,0.298228067082615,24.7680163699524,1.67048624944157,0.106308849279356,0.505780261280807,-4.94631202176048,"ATP synthase subunit delta, mitochondrial OS=Rattus norvegicus OX=10116 GN=Atp5f1d PE=1 SV=2",False,False
P97874,-0.239740759770037,29.6629984918872,-1.36141249258098,0.184571146610727,0.598579113496966,-5.37698527632029,Cyclin-G-associated kinase OS=Rattus norvegicus OX=10116 GN=Gak PE=1 SV=1,False,False
Q4KMA2,-0.100350812842244,27.1480119338035,-0.474895777407767,0.638657720691233,0.864582889385757,-6.16063018395028,UV excision repair protein RAD23 homolog B OS=Rattus norvegicus OX=10116 GN=Rad23b PE=1 SV=1,False,False
D3ZAA9,-0.148745062764668,27.8203338730823,-1.68692817951025,0.103071106155786,0.505095058672922,-4.92137941687336,MAGUK p55 subfamily member 2 OS=Rattus norvegicus OX=10116 GN=Mpp2 PE=1 SV=2,False,False
P21670,-0.0333667767315298,26.8548390994962,-0.237029858594332,0.814412307953834,0.942294290359285,-6.24490447772849,Proteasome subunit alpha type-4 OS=Rattus norvegicus OX=10116 GN=Psma4 PE=1 SV=1,False,False
P14669,0.106108311730466,25.1151849785053,0.47558374397116,0.638173690788088,0.864582889385757,-6.16030581479478,Annexin A3 OS=Rattus norvegicus OX=10116 GN=Anxa3 PE=1 SV=4,False,False
Q05683,-0.316607802238046,28.0298048563993,-1.17891986975387,0.248654772480708,0.626306999828968,-5.59541360198631,Glutamate decarboxylase 2 OS=Rattus norvegicus OX=10116 GN=Gad2 PE=1 SV=1,False,False
P11762,0.599129438281885,24.4541223487977,1.34961687803854,0.188281179449813,0.598579113496966,-5.39193571717111,Galectin-1 OS=Rattus norvegicus OX=10116 GN=Lgals1 PE=1 SV=2,False,False
P09495,-0.347454919925685,27.5730765888832,-1.29713334197039,0.205495952823696,0.606409037896629,-5.45707832787752,Tropomyosin alpha-4 chain OS=Rattus norvegicus OX=10116 GN=Tpm4 PE=1 SV=3,False,False
P62494,-0.452831943265934,23.8527058787107,-1.46935728695923,0.153224496689108,0.572214241083807,-5.23498298301365,Ras-related protein Rab-11A OS=Rattus norvegicus OX=10116 GN=Rab11a PE=1 SV=3,False,False
Q5I0P2,0.653674553256909,22.3003869680632,2.89282216593852,0.0074345951079151,0.236813720643298,-2.64178405952051,"Glycine cleavage system H protein, mitochondrial OS=Rattus norvegicus OX=10116 GN=Gcsh PE=2 SV=1",False,False
P04692,0.0835207934116511,26.6684207974506,0.608464241926018,0.547934832620937,0.819336097944087,-6.08904445793663,Tropomyosin alpha-1 chain OS=Rattus norvegicus OX=10116 GN=Tpm1 PE=1 SV=3,False,False
P38652,0.0187182772795964,27.1309360799145,0.0698265868445887,0.944843255439785,0.985245766664636,-6.27054500855168,Phosphoglucomutase-1 OS=Rattus norvegicus OX=10116 GN=Pgm1 PE=1 SV=2,False,False
P41562,0.0421635133790339,26.4781679425724,0.310817089677731,0.758312500636407,0.910479421495819,-6.22473800759228,Isocitrate dehydrogenase [NADP] cytoplasmic OS=Rattus norvegicus OX=10116 GN=Idh1 PE=1 SV=1,False,False
P08081,0.352769765491797,27.5656670099558,2.63906456887486,0.0136019694238198,0.275024905000413,-3.18425176023751,Clathrin light chain A OS=Rattus norvegicus OX=10116 GN=Clta PE=1 SV=1,False,False
P22062,0.0789199005934833,27.3017127734782,0.72336479347548,0.475639739356963,0.766730683714558,-6.01376277838546,Protein-L-isoaspartate(D-aspartate) O-methyltransferase OS=Rattus norvegicus OX=10116 GN=Pcmt1 PE=1 SV=2,False,False
P31977,-0.160258659297224,29.9399084040134,-1.49284318822317,0.147004220198344,0.561453042761718,-5.20286719162632,Ezrin OS=Rattus norvegicus OX=10116 GN=Ezr PE=1 SV=3,False,False
P0C0S7,0.530211713087617,22.7136592746477,1.74943579353972,0.0915085823632271,0.47341695161977,-4.82481492575714,Histone H2A.Z OS=Rattus norvegicus OX=10116 GN=H2az1 PE=1 SV=2,False,False
Q9QZA2,-0.138570573169524,28.5798704366285,-0.884210902779524,0.384342733589663,0.723901183439314,-5.88753274737155,Programmed cell death 6-interacting protein OS=Rattus norvegicus OX=10116 GN=Pdcd6ip PE=1 SV=2,False,False
P24329,0.0582416052406636,24.9927402238104,0.389030762905231,0.700286648499117,0.895034811898063,-6.19748017774959,Thiosulfate sulfurtransferase OS=Rattus norvegicus OX=10116 GN=Tst PE=1 SV=3,False,False
P62083,-0.439211907393165,26.2238088359088,-2.4375855030131,0.0216079969980924,0.294008570952404,-3.59439189202813,Small ribosomal subunit protein eS7 OS=Rattus norvegicus OX=10116 GN=Rps7 PE=1 SV=1,False,False
P43244,-0.0050370924610838,28.6711526376106,-0.0490919553957041,0.961205238973115,0.985272368280357,-6.27177850352598,Matrin-3 OS=Rattus norvegicus OX=10116 GN=Matr3 PE=1 SV=2,False,False
P97710,-0.0166505952070821,27.955508640314,-0.195984221432959,0.846081440390036,0.951512149472906,-6.25378091785384,Tyrosine-protein phosphatase non-receptor type substrate 1 OS=Rattus norvegicus OX=10116 GN=Sirpa PE=1 SV=1,False,False
Q9JI12,0.113925209009338,26.62334228263,0.954926377176349,0.34803728423061,0.70259627660982,-5.82449872152592,Vesicular glutamate transporter 2 OS=Rattus norvegicus OX=10116 GN=Slc17a6 PE=1 SV=1,False,False
P11167,0.198765453930402,26.5588892936614,1.13897017047749,0.264661706435543,0.64555997312994,-5.63948343529539,"Solute carrier family 2, facilitated glucose transporter member 1 OS=Rattus norvegicus OX=10116 GN=Slc2a1 PE=1 SV=1",False,False
Q5BJU7,-0.196720356906923,25.7726315860015,-1.34929453865667,0.18838337345736,0.598579113496966,-5.39234268149664,Actin-binding protein WASF1 OS=Rattus norvegicus OX=10116 GN=Wasf1 PE=1 SV=1,False,False
Q68FP1,0.122450974811816,28.086978481427,0.868747682490567,0.392597140422039,0.727396101754948,-5.90070867625064,Gelsolin OS=Rattus norvegicus OX=10116 GN=Gsn PE=1 SV=1,False,False
Q641Z6,-0.0590891249081658,28.1053700286604,-0.406269456181389,0.687727914570894,0.892859659958677,-6.19066186714104,EH domain-containing protein 1 OS=Rattus norvegicus OX=10116 GN=Ehd1 PE=1 SV=1,False,False
Q5BKC9,-0.0990413752393344,30.4431015064264,-0.678691350865833,0.503075760160683,0.785059147340086,-6.04452353276439,Ephexin-1 OS=Rattus norvegicus OX=10116 GN=Ngef PE=1 SV=2,False,False
P62628,-0.0525161501488505,26.4747148109408,-0.265464894409976,0.792655878152197,0.933093821781336,-6.2377728220565,Dynein light chain roadblock-type 1 OS=Rattus norvegicus OX=10116 GN=Dynlrb1 PE=1 SV=3,False,False
P62909,0.161581641385681,29.1347138743129,1.35454865197153,0.186722996911461,0.598579113496966,-5.38569865025782,Small ribosomal subunit protein uS3 OS=Rattus norvegicus OX=10116 GN=Rps3 PE=1 SV=1,False,False
P21708,-0.252218255727897,28.0120299062443,-1.33228033836995,0.193839072355249,0.600626804258455,-5.41370347293423,Mitogen-activated protein kinase 3 OS=Rattus norvegicus OX=10116 GN=Mapk3 PE=1 SV=5,False,False
Q5RJL0,-0.411199660541236,25.9990314439927,-1.33362522494077,0.193403414893388,0.600626804258455,-5.41202361235459,Ermin OS=Rattus norvegicus OX=10116 GN=Ermn PE=1 SV=1,False,False
Q711G3,0.0463511199114635,27.3563501281085,0.377363699162501,0.708835980619457,0.895034811898063,-6.20192896521462,Isoamyl acetate-hydrolyzing esterase 1 homolog OS=Rattus norvegicus OX=10116 GN=Iah1 PE=2 SV=2,False,False
P24368,0.0684397069877747,27.5199408931316,0.324121177902687,0.748329147238523,0.904109438449225,-6.22052780596859,Peptidyl-prolyl cis-trans isomerase B OS=Rattus norvegicus OX=10116 GN=Ppib PE=1 SV=3,False,False
Q7TP54,-0.301842495825777,28.2299342995834,-2.11249441064285,0.0439776801879576,0.383188368522296,-4.2114940679315,Rho family-interacting cell polarization regulator 2 OS=Rattus norvegicus OX=10116 GN=Ripor2 PE=1 SV=1,False,False
Q9JJK1,-0.181249268559039,28.1772691996411,-1.17799162835249,0.249018409200517,0.626306999828968,-5.59645310440899,Neuronal membrane glycoprotein M6-b OS=Rattus norvegicus OX=10116 GN=Gpm6b PE=1 SV=1,False,False
M0RC99,-0.593531431865831,29.4521888587171,-2.82728222688656,0.0087080093043437,0.254885785854169,-2.78443751342641,Ras-related protein Rab-5A OS=Rattus norvegicus OX=10116 GN=Rab5a PE=2 SV=1,False,False
Q80ZA5,-0.242816372601236,28.6933435900791,-0.996635908998569,0.327737907282024,0.69201029637035,-5.78520090267351,Sodium-driven chloride bicarbonate exchanger OS=Rattus norvegicus OX=10116 GN=Slc4a10 PE=1 SV=1,False,False
Q80Z30,-0.287496434013981,27.7860137747566,-1.57385261757482,0.127099179485768,0.544064867126825,-5.08882350503379,Protein phosphatase 1E OS=Rattus norvegicus OX=10116 GN=Ppm1e PE=1 SV=1,False,False
P48004,-0.358102492061235,26.1997146938406,-2.6313067249857,0.0138505577499209,0.275024905000413,-3.20039919017655,Proteasome subunit alpha type-7 OS=Rattus norvegicus OX=10116 GN=Psma7 PE=1 SV=1,False,False
O88339,0.121282000133228,28.8119627114853,0.626918968500255,0.535946909716188,0.815211380930663,-6.07780128981518,Epsin-1 OS=Rattus norvegicus OX=10116 GN=Epn1 PE=1 SV=1,False,False
P30009,-0.0316957284657349,26.2913877940529,-0.148418496143534,0.883108918569792,0.964490867058859,-6.2619676898729,Myristoylated alanine-rich C-kinase substrate OS=Rattus norvegicus OX=10116 GN=Marcks PE=1 SV=2,False,False
P19490,-0.0787031588637639,28.625175835811,-0.70400967699497,0.487419116690566,0.772438917034552,-6.02732188718436,Glutamate receptor 1 OS=Rattus norvegicus OX=10116 GN=Gria1 PE=1 SV=2,False,False
P84817,0.128741072698823,23.7786573696249,0.485887459934176,0.630943924299081,0.861680037851078,-6.15539251855792,Mitochondrial fission 1 protein OS=Rattus norvegicus OX=10116 GN=Fis1 PE=1 SV=1,False,False
Q63413,-0.191009857126964,26.3738630250813,-1.18181833600772,0.247521828369015,0.626306999828968,-5.59216298213766,Spliceosome RNA helicase Ddx39b OS=Rattus norvegicus OX=10116 GN=Ddx39b PE=2 SV=3,False,False
O35987,-0.554356089377972,24.738208509044,-3.0756175795862,0.0047504652752832,0.20579015572527,-2.23542505723263,NSFL1 cofactor p47 OS=Rattus norvegicus OX=10116 GN=Nsfl1c PE=1 SV=1,False,False
B2RZ27,0.313565019647736,26.8757713314836,1.17749971543549,0.249211274185328,0.626306999828968,-5.59700368059156,SH3 domain-binding glutamic acid-rich-like protein 3 OS=Rattus norvegicus OX=10116 GN=Sh3bgrl3 PE=1 SV=1,False,False
P05370,-0.135756726328651,27.1947524157971,-1.17670373215667,0.249523589970047,0.626306999828968,-5.59789415107597,Glucose-6-phosphate 1-dehydrogenase OS=Rattus norvegicus OX=10116 GN=G6pdx PE=1 SV=3,False,False
O55012,0.111271436806241,28.8220136952199,0.525728328717207,0.603343225661161,0.846399887812225,-6.1354226403708,Phosphatidylinositol-binding clathrin assembly protein OS=Rattus norvegicus OX=10116 GN=Picalm PE=1 SV=1,False,False
Q99ML5,-0.0548525114278355,27.8627252808761,-0.144965493691543,0.885808506263987,0.96481132770114,-6.26247413112445,Prenylcysteine oxidase 1 OS=Rattus norvegicus OX=10116 GN=Pcyox1 PE=1 SV=1,False,False
Q9Z0V5,-0.509745728682468,23.7552238477648,-2.09452514041204,0.0456742721530363,0.389490053084553,-4.24383478676431,Peroxiredoxin-4 OS=Rattus norvegicus OX=10116 GN=Prdx4 PE=2 SV=1,False,False
Q62876,0.162511465463581,24.8994391878073,0.857814384556408,0.398501420748109,0.728546490356954,-5.90989228717701,Synaptogyrin-1 OS=Rattus norvegicus OX=10116 GN=Syngr1 PE=1 SV=1,False,False
Q62658,-0.0113519965452618,27.4377651621754,-0.0669236727906184,0.947132673568321,0.985245766664636,-6.27074358910241,Peptidyl-prolyl cis-trans isomerase FKBP1A OS=Rattus norvegicus OX=10116 GN=Fkbp1a PE=1 SV=3,False,False
P17220,0.152304732034207,26.5747607495355,0.573579940946846,0.570971380462644,0.824482673388058,-6.10940391400959,Proteasome subunit alpha type-2 OS=Rattus norvegicus OX=10116 GN=Psma2 PE=1 SV=3,False,False
Q64559,-0.156447001490925,27.4334474001535,-1.01615714634941,0.318521347861928,0.684986873905863,-5.7662734521292,Cytosolic acyl coenzyme A thioester hydrolase OS=Rattus norvegicus OX=10116 GN=Acot7 PE=1 SV=4,False,False
Q6Q0N1,0.0105956126340878,27.5430775694073,0.124884390147854,0.901534803129648,0.966695239395454,-6.26518344153965,Cytosolic non-specific dipeptidase OS=Rattus norvegicus OX=10116 GN=Cndp2 PE=1 SV=1,False,False
P58775,-0.0905368661656603,26.7484293392228,-0.396928392092976,0.694522057714869,0.892859659958677,-6.1943927288617,Tropomyosin beta chain OS=Rattus norvegicus OX=10116 GN=Tpm2 PE=1 SV=1,False,False
P28023,0.0270331117197884,28.9970760110983,0.18918908792192,0.85135126316688,0.954199655497756,-6.25508857057971,Dynactin subunit 1 OS=Rattus norvegicus OX=10116 GN=Dctn1 PE=1 SV=2,False,False
P17077,-0.291189059162313,26.7695872710575,-1.48683834974142,0.148574892086682,0.564584589929391,-5.21111942415538,Large ribosomal subunit protein uL6 OS=Rattus norvegicus OX=10116 GN=Rpl9 PE=1 SV=1,False,False
B0K020,-0.319492956199895,24.8702839558055,-0.929334872933447,0.360901887172529,0.711825977149974,-5.84783469228584,CDGSH iron-sulfur domain-containing protein 1 OS=Rattus norvegicus OX=10116 GN=Cisd1 PE=3 SV=1,False,False
Q6AYP5,0.279434676454144,26.5658279711991,0.89996709585061,0.37604812661988,0.722092413349876,-5.87388205644033,Cell adhesion molecule 1 OS=Rattus norvegicus OX=10116 GN=Cadm1 PE=1 SV=1,False,False
P38406,-0.0705401011515576,26.9080587069262,-0.555038458075662,0.583410957431854,0.833431777972611,-6.11974824044954,Guanine nucleotide-binding protein G(olf) subunit alpha OS=Rattus norvegicus OX=10116 GN=Gnal PE=2 SV=2,False,False
O35567,-0.0062295955239832,27.1224914465258,-0.0454122055118438,0.964110993749441,0.985960534684272,-6.27195247738342,Bifunctional purine biosynthesis protein ATIC OS=Rattus norvegicus OX=10116 GN=Atic PE=1 SV=2,False,False
Q9JLJ3,-0.126925477350934,28.548163534459,-0.868156806194954,0.392914791806689,0.727396101754948,-5.90120780057317,4-trimethylaminobutyraldehyde dehydrogenase OS=Rattus norvegicus OX=10116 GN=Aldh9a1 PE=1 SV=1,False,False
Q9JID2,0.014147246407795,25.904244471645,0.112975862182751,0.910880579395196,0.969993773338247,-6.26659987814162,Guanine nucleotide-binding protein subunit alpha-11 OS=Rattus norvegicus OX=10116 GN=Gna11 PE=2 SV=1,False,False
D3ZAF6,0.158732608707293,28.3091179724935,1.24123346831351,0.22513293713937,0.622634938422747,-5.52395683734146,"ATP synthase subunit f, mitochondrial OS=Rattus norvegicus OX=10116 GN=Atp5mf PE=1 SV=1",False,False
P13383,-0.184933580469714,31.6627381052905,-1.06129668103525,0.297901320369658,0.668226574386927,-5.72121118849384,Nucleolin OS=Rattus norvegicus OX=10116 GN=Ncl PE=1 SV=3,False,False
Q8K3E7,0.487611977530847,22.6891127848457,1.23600914751436,0.227038254794789,0.622634938422747,-5.53007374699229,Protein dpy-30 homolog OS=Rattus norvegicus OX=10116 GN=Dpy30 PE=1 SV=1,False,False
P26453,-0.29501332691142,28.9509668113486,-1.59820286114529,0.12156781234276,0.536153377732733,-5.05356802892203,Basigin OS=Rattus norvegicus OX=10116 GN=Bsg PE=1 SV=2,False,False
Q9JLZ1,-0.188559393727701,27.018575355221,-1.2670029387277,0.215910965769725,0.613731170416306,-5.49344983209277,Glutaredoxin-3 OS=Rattus norvegicus OX=10116 GN=Glrx3 PE=1 SV=2,False,False
Q9EQT5,-0.324254981869721,27.1104681125231,-1.04536174407729,0.305070447491318,0.676845499703639,-5.73732466333712,Tubulointerstitial nephritis antigen-like OS=Rattus norvegicus OX=10116 GN=Tinagl1 PE=2 SV=1,False,False
Q6AYR6,-0.153819317675701,26.9703916864776,-1.27810142810364,0.212028821502206,0.611002494577192,-5.4801401488691,Haloacid dehalogenase-like hydrolase domain-containing protein 2 OS=Rattus norvegicus OX=10116 GN=Hdhd2 PE=2 SV=1,False,False
P48675,0.206879854933646,27.0633255681311,1.5252196687071,0.138765291528771,0.546066893332721,-5.15789201678593,Desmin OS=Rattus norvegicus OX=10116 GN=Des PE=1 SV=2,False,False
P53042,-0.14725388533261,28.341865329852,-0.928160304568223,0.36149980372344,0.711825977149974,-5.8488915079606,Serine/threonine-protein phosphatase 5 OS=Rattus norvegicus OX=10116 GN=Ppp5c PE=1 SV=1,False,False
P05714,-0.088053171366461,26.2220847412062,-0.483389252889459,0.632693445351444,0.862068010770572,-6.15659328231742,Ras-related protein Rab-4A OS=Rattus norvegicus OX=10116 GN=Rab4a PE=1 SV=3,False,False
Q53B90,-0.11194146810637,27.0050987393779,-0.759668868051379,0.453996020277578,0.75295205200707,-5.98737867374712,Ras-related protein Rab-43 OS=Rattus norvegicus OX=10116 GN=Rab43 PE=2 SV=1,False,False
P51156,-0.155989364061732,24.0170464797523,-0.538969274759221,0.594298680234163,0.841340484566796,-6.12844464906211,Ras-related protein Rab-26 OS=Rattus norvegicus OX=10116 GN=Rab26 PE=2 SV=2,False,False
P41498,-0.169175388735951,25.3569414385201,-0.854012442156029,0.400567742247474,0.730328055309788,-5.91306003128105,Low molecular weight phosphotyrosine protein phosphatase OS=Rattus norvegicus OX=10116 GN=Acp1 PE=1 SV=3,False,False
P97829,0.424552331120978,26.1171535881828,3.05017615372046,0.0050589717734322,0.210725631947195,-2.29269186827039,Leukocyte surface antigen CD47 OS=Rattus norvegicus OX=10116 GN=Cd47 PE=1 SV=1,False,False
Q9WU34,-0.160282968021345,29.2360886581729,-1.23159203014982,0.228658634885086,0.622634938422747,-5.53522763150288,Neuronal-specific septin-3 OS=Rattus norvegicus OX=10116 GN=Septin3 PE=1 SV=2,False,False
P54290,-0.0395762344573534,27.5686494811304,-0.349943521033775,0.72908017253511,0.897280901722637,-6.21185678108954,Voltage-dependent calcium channel subunit alpha-2/delta-1 OS=Rattus norvegicus OX=10116 GN=Cacna2d1 PE=1 SV=1,False,False
Q5PPN4,-0.409154277347753,22.497753910402,-0.864794983994193,0.39472521477103,0.727463966199844,-5.90404149271578,Carbonic anhydrase-related protein OS=Rattus norvegicus OX=10116 GN=Ca8 PE=1 SV=3,False,False
O35458,-0.166535273043998,27.2490737270886,-0.806805345053023,0.426787305077661,0.744590881594672,-5.95128080573096,Vesicular inhibitory amino acid transporter OS=Rattus norvegicus OX=10116 GN=Slc32a1 PE=1 SV=1,False,False
Q6IE52,0.17121581154154,29.3781036360678,1.14820597435131,0.260895982437572,0.645092120958654,-5.62941704564697,Murinoglobulin-2 OS=Rattus norvegicus OX=10116 GN=Mug2 PE=1 SV=1,False,False
P62994,-0.130991622118366,25.6629039610201,-0.665877570354992,0.511105473719248,0.791884446406217,-6.05299760521501,Growth factor receptor-bound protein 2 OS=Rattus norvegicus OX=10116 GN=Grb2 PE=1 SV=1,False,False
P70580,-0.392153226118118,26.2476837383571,-1.55578459201714,0.131335786171933,0.546066893332721,-5.1146939738734,Membrane-associated progesterone receptor component 1 OS=Rattus norvegicus OX=10116 GN=Pgrmc1 PE=1 SV=3,False,False
Q5XI72,0.320322674475502,28.575636225275,1.535363196043,0.136262638402355,0.546066893332721,-5.14363517971305,Eukaryotic translation initiation factor 4H OS=Rattus norvegicus OX=10116 GN=Eif4h PE=1 SV=1,False,False
P35286,0.301316880083064,26.2651976646095,0.581985855418945,0.56537604657954,0.824482673388058,-6.10460503652533,Ras-related protein Rab-13 OS=Rattus norvegicus OX=10116 GN=Rab13 PE=1 SV=2,False,False
P63245,-0.466842389050928,30.143096503089,-2.41899154923521,0.0225325128246072,0.294008570952404,-3.63123459125889,Small ribosomal subunit protein RACK1 OS=Rattus norvegicus OX=10116 GN=Rack1 PE=1 SV=3,False,False
Q641Y8,-0.121725966783316,28.1219946399658,-1.14037315637783,0.264087130288289,0.64555997312994,-5.63795901684038,ATP-dependent RNA helicase DDX1 OS=Rattus norvegicus OX=10116 GN=Ddx1 PE=1 SV=1,False,False
P85973,-0.106640204043046,28.9477090618547,-1.13484663416941,0.266355716711666,0.646778567710166,-5.64395403612234,Purine nucleoside phosphorylase OS=Rattus norvegicus OX=10116 GN=Pnp PE=1 SV=1,False,False
P43425,0.0299874939627749,27.4345857388811,0.181170622819015,0.857578825165623,0.95748233778801,-6.2565724526607,Guanine nucleotide-binding protein G(I)/G(S)/G(O) subunit gamma-7 OS=Rattus norvegicus OX=10116 GN=Gng7 PE=2 SV=2,False,False
Q63100,-0.0698754801134847,28.0020460362163,-0.619814972874567,0.54054501098725,0.817387820826204,-6.08216787615248,Cytoplasmic dynein 1 intermediate chain 1 OS=Rattus norvegicus OX=10116 GN=Dync1i1 PE=1 SV=1,False,False
P60901,-0.2701040817322,27.8388732579406,-1.21543850630506,0.2346584571511,0.622634938422747,-5.55393546405766,Proteasome subunit alpha type-6 OS=Rattus norvegicus OX=10116 GN=Psma6 PE=1 SV=1,False,False
B2GV54,-0.0169972502705775,25.6133178236208,-0.0922476398269114,0.927178326564441,0.981558287066754,-6.26872735548349,Neutral cholesterol ester hydrolase 1 OS=Rattus norvegicus OX=10116 GN=Nceh1 PE=1 SV=1,False,False
P14841,-0.38008419065925,26.7711089885001,-1.97160220256891,0.0589199809792075,0.408485427466588,-4.45970941582689,Cystatin-C OS=Rattus norvegicus OX=10116 GN=Cst3 PE=1 SV=2,False,False
A1L108,0.101910308818951,24.0480108060485,0.554004666755489,0.58410844350804,0.833431777972611,-6.12031522670391,Actin-related protein 2/3 complex subunit 5-like protein OS=Rattus norvegicus OX=10116 GN=Arpc5l PE=1 SV=2,False,False
P29147,-0.306354560841022,27.9483397511365,-1.02305800710372,0.315306521019855,0.682953924529006,-5.75950131199518,"D-beta-hydroxybutyrate dehydrogenase, mitochondrial OS=Rattus norvegicus OX=10116 GN=Bdh1 PE=1 SV=2",False,False
P52759,0.501305456130488,24.5534539803813,1.01561460184782,0.318775054892479,0.684986873905863,-5.76680408113273,2-iminobutanoate/2-iminopropanoate deaminase OS=Rattus norvegicus OX=10116 GN=Rida PE=1 SV=3,False,False
P17105,-0.100708099732799,27.4590986587306,-1.28194241954803,0.210697754577384,0.611002494577192,-5.4755100405471,Inositol-trisphosphate 3-kinase A OS=Rattus norvegicus OX=10116 GN=Itpka PE=1 SV=3,False,False
P62243,0.166387861314107,26.3524897410115,1.26228363612786,0.217578018934346,0.616850770957845,-5.49907827876403,Small ribosomal subunit protein eS8 OS=Rattus norvegicus OX=10116 GN=Rps8 PE=1 SV=2,False,False
P62250,-0.1264166267786,24.9677237064153,-0.623759171210247,0.537989536000224,0.815989363960231,-6.07974947544446,Small ribosomal subunit protein uS9 OS=Rattus norvegicus OX=10116 GN=Rps16 PE=1 SV=2,False,False
O35964,-0.232527391915582,25.180560164083,-1.34668860531303,0.189211141849351,0.598579113496966,-5.39562965479805,Endophilin-A2 OS=Rattus norvegicus OX=10116 GN=Sh3gl1 PE=1 SV=1,False,False
Q76EQ0,0.063095683475705,26.1910830790563,0.144190189724806,0.886414839393014,0.96481132770114,-6.26258620638155,Serine racemase OS=Rattus norvegicus OX=10116 GN=Srr PE=1 SV=1,False,False
Q63041,-0.139206278666101,28.2061203567639,-1.27456935577257,0.213258488411984,0.611002494577192,-5.48438705043685,Alpha-1-macroglobulin OS=Rattus norvegicus OX=10116 GN=A1m PE=1 SV=1,False,False
Q9JJW3,-0.313884631289696,26.0747402220007,-1.40928931570823,0.170096783316676,0.583643534320545,-5.31514972864635,"ATP synthase membrane subunit K, mitochondrial OS=Rattus norvegicus OX=10116 GN=Atp5mk PE=1 SV=1",False,False
Q07647,0.173501348093396,27.0668690340246,0.767515227725665,0.449396353292682,0.751639729204116,-5.98151376010042,"Solute carrier family 2, facilitated glucose transporter member 3 OS=Rattus norvegicus OX=10116 GN=Slc2a3 PE=1 SV=1",False,False
Q9Z339,-0.0890345860648374,26.2954373719064,-0.508453895562172,0.615240258420693,0.852288736537174,-6.14427069693199,Glutathione S-transferase omega-1 OS=Rattus norvegicus OX=10116 GN=Gsto1 PE=1 SV=2,False,False
Q4V8B7,-0.0811403869351182,25.3928879528805,-0.634928515883005,0.530787735817809,0.809638194212236,-6.07282018484462,Inactive hydroxysteroid dehydrogenase-like protein 1 OS=Rattus norvegicus OX=10116 GN=Hsdl1 PE=2 SV=1,False,False
Q9Z0J8,-0.368119919750416,26.5353606747786,-1.90139304048702,0.0679084354101139,0.427665281320942,-4.57867559131231,Neuronal growth regulator 1 OS=Rattus norvegicus OX=10116 GN=Negr1 PE=1 SV=1,False,False
P47709,-0.0549282185155846,29.3721841418015,-0.552070266524931,0.58541465921755,0.833431777972611,-6.1213733809889,Rabphilin-3A OS=Rattus norvegicus OX=10116 GN=Rph3a PE=1 SV=1,False,False
Q68FW9,0.102411133266905,26.4813499237069,0.671607189323054,0.507506308736982,0.789699730938634,-6.04922775329057,COP9 signalosome complex subunit 3 OS=Rattus norvegicus OX=10116 GN=Cops3 PE=1 SV=1,False,False
P13832,-0.0048412814371232,23.0601790397648,-0.0061222065080289,0.995159962321896,0.995159962321896,-6.27296548738694,Myosin regulatory light chain RLC-A OS=Rattus norvegicus OX=10116 GN=Rlc-a PE=2 SV=2,False,False
P18666,-0.514027205502753,25.5037629357907,-1.82387617237412,0.0791928794585201,0.455210143905064,-4.7062164397438,Myosin regulatory light chain 12B OS=Rattus norvegicus OX=10116 GN=Myl12b PE=1 SV=3,False,False
Q5U216,-0.229559689589571,26.098715166409,-0.724597613541277,0.474895076732678,0.766730683714558,-6.01288715888319,ATP-dependent RNA helicase DDX39A OS=Rattus norvegicus OX=10116 GN=Ddx39a PE=2 SV=1,False,False
O88656,-0.201936519594835,26.7377060915455,-1.3225110404561,0.197026564502369,0.600626804258455,-5.42586159206461,Actin-related protein 2/3 complex subunit 1B OS=Rattus norvegicus OX=10116 GN=Arpc1b PE=1 SV=3,False,False
Q5M9I5,-0.065883944701465,25.8847822120408,-0.519839994568286,0.607386293643558,0.847679582494811,-6.13847120860732,"Cytochrome b-c1 complex subunit 6, mitochondrial OS=Rattus norvegicus OX=10116 GN=Uqcrh PE=3 SV=1",False,False
P24050,-0.195815183107754,27.1420553405639,-1.16690014042093,0.253393877635092,0.632316980365911,-5.60881702760957,Small ribosomal subunit protein uS7 OS=Rattus norvegicus OX=10116 GN=Rps5 PE=1 SV=3,False,False
Q91XV6,0.341878513015331,22.1756502793211,0.968474030442162,0.341353108697727,0.701461707336402,-5.81190577720167,FXYD domain-containing ion transport regulator 6 OS=Rattus norvegicus OX=10116 GN=Fxyd6 PE=1 SV=1,False,False
Q91XU8,0.0553467898086666,24.9497280062459,0.291873346794346,0.772601194424996,0.918471013789539,-6.23043060095131,Phosphatidate cytidylyltransferase 2 OS=Rattus norvegicus OX=10116 GN=Cds2 PE=1 SV=1,False,False
P35427,-0.0791576426384779,28.4137793938187,-0.967181869760047,0.341986871166778,0.701461707336402,-5.81311400689029,Large ribosomal subunit protein uL13 OS=Rattus norvegicus OX=10116 GN=Rpl13a PE=1 SV=2,False,False
P62839,0.265455893227465,25.583078424568,1.3806561295464,0.178641462490745,0.597021863931554,-5.35235285804465,Ubiquitin-conjugating enzyme E2 D2 OS=Rattus norvegicus OX=10116 GN=Ube2d2 PE=1 SV=1,False,False
Q5FVH2,-0.116517796292076,26.4964969338014,-0.362960190688494,0.719444070977147,0.896256149799038,-6.2072363328982,5'-3' exonuclease PLD3 OS=Rattus norvegicus OX=10116 GN=Pld3 PE=1 SV=1,False,False
Q4KM73,-0.0069740765542967,25.6791249979032,-0.0672287900673591,0.946892017122337,0.985245766664636,-6.27072311321333,UMP-CMP kinase OS=Rattus norvegicus OX=10116 GN=Cmpk1 PE=1 SV=2,False,False
Q63803,-0.136247523006766,29.7361867215212,-1.43269495277067,0.163355098458625,0.580044497149806,-5.2842521408759,Guanine nucleotide-binding protein G(s) subunit alpha isoforms XLas OS=Rattus norvegicus OX=10116 GN=Gnas PE=1 SV=3,False,False
P17074,-0.385162181206194,27.7363471564281,-1.85985179504531,0.0737693478050424,0.443845575960338,-4.64752955361681,Small ribosomal subunit protein eS19 OS=Rattus norvegicus OX=10116 GN=Rps19 PE=1 SV=3,False,False
Q9JKE3,-0.328204524734119,24.1340527913656,-1.2551771754362,0.22010672612441,0.618430767364569,-5.50751866525446,Secretory carrier-associated membrane protein 5 OS=Rattus norvegicus OX=10116 GN=Scamp5 PE=2 SV=1,False,False
P30839,-0.310229412139023,26.4142840253684,-1.93705026238675,0.0632044147816458,0.414850795203166,-4.51865912630327,Aldehyde dehydrogenase family 3 member A2 OS=Rattus norvegicus OX=10116 GN=Aldh3a2 PE=1 SV=1,False,False
Q64057,0.0583189331894474,28.1930842212147,0.413238725734985,0.682676122413197,0.892859659958677,-6.18782249623508,Alpha-aminoadipic semialdehyde dehydrogenase OS=Rattus norvegicus OX=10116 GN=Aldh7a1 PE=1 SV=2,False,False
O35764,-0.207873823738353,28.8705226434427,-1.65198119717985,0.110054245324825,0.5071861603693,-4.97413729337705,Neuronal pentraxin receptor OS=Rattus norvegicus OX=10116 GN=Nptxr PE=1 SV=1,False,False
P48679,-0.112643374367217,29.7967723423183,-1.27695381342974,0.212427761116362,0.611002494577192,-5.48152115817085,Prelamin-A/C OS=Rattus norvegicus OX=10116 GN=Lmna PE=1 SV=1,False,False
P17659,-0.530973370477934,29.7872521688228,-2.75690968489625,0.0103029143101613,0.269897189847112,-2.9356863649189,Potassium voltage-gated channel subfamily A member 6 OS=Rattus norvegicus OX=10116 GN=Kcna6 PE=1 SV=1,False,False
P29314,0.225594464797798,30.321071947759,1.20663548017584,0.237977301904748,0.622634938422747,-5.56403762779272,Small ribosomal subunit protein uS4 OS=Rattus norvegicus OX=10116 GN=Rps9 PE=1 SV=4,False,False
P04904,0.0881206588804346,24.697676760492,0.612619090914452,0.545223735213707,0.819336097944087,-6.086541666694,Glutathione S-transferase alpha-3 OS=Rattus norvegicus OX=10116 GN=Gsta3 PE=1 SV=3,False,False
Q66HA6,-0.205039554314478,27.509309549298,-1.30478070686601,0.202914841690789,0.602073352194862,-5.44772726691259,ADP-ribosylation factor-like protein 8B OS=Rattus norvegicus OX=10116 GN=Arl8b PE=2 SV=1,False,False
P62483,0.0726466866938615,26.3795860469492,0.755404855448348,0.456507371307019,0.753654699886435,-5.99054170710069,Voltage-gated potassium channel subunit beta-2 OS=Rattus norvegicus OX=10116 GN=Kcnab2 PE=1 SV=1,False,False
G3V7P1,-0.140363244456321,24.9231313228142,-0.777920858625206,0.443339642203202,0.751204736736061,-5.97364703320827,Syntaxin-12 OS=Rattus norvegicus OX=10116 GN=Stx12 PE=1 SV=1,False,False
P47875,0.22946982042523,25.8603812964281,0.70390805103439,0.48748140160918,0.772438917034552,-6.02739214668477,Cysteine and glycine-rich protein 1 OS=Rattus norvegicus OX=10116 GN=Csrp1 PE=1 SV=2,False,False
D3ZFB6,0.211728769793684,24.6452583644433,1.43638788818985,0.162311083167333,0.580044497149806,-5.27933738291349,Proline-rich transmembrane protein 2 OS=Rattus norvegicus OX=10116 GN=Prrt2 PE=1 SV=1,False,False
Q6MG60,0.620015509984505,26.8925219064963,1.33216136577446,0.193877648484325,0.600626804258455,-5.41385200709567,Putative hydrolase DDAH2 OS=Rattus norvegicus OX=10116 GN=Ddah2 PE=1 SV=1,False,False
P12928,-0.117732204521072,27.0995126972863,-0.725425122711768,0.47439561411866,0.766730683714558,-6.01229861096437,Pyruvate kinase PKLR OS=Rattus norvegicus OX=10116 GN=Pklr PE=1 SV=2,False,False
Q62826,-0.152029839612386,29.6905043075628,-1.92347001742684,0.0649613838405444,0.421276519157542,-4.54161548964352,Heterogeneous nuclear ribonucleoprotein M OS=Rattus norvegicus OX=10116 GN=Hnrnpm PE=1 SV=4,False,False
P29457,-0.0178155265382181,28.5345079892017,-0.151387146587986,0.88078914583066,0.964490867058859,-6.26152277296671,Serpin H1 OS=Rattus norvegicus OX=10116 GN=Serpinh1 PE=1 SV=1,False,False
B0BNM9,0.367623629132531,27.016996388606,2.36157507589349,0.0256209783298921,0.309657523449817,-3.74386909233184,Glycolipid transfer protein OS=Rattus norvegicus OX=10116 GN=GLTP PE=2 SV=1,False,False
Q63768,-0.189774411111404,27.0266701758163,-1.15546829407539,0.257962503041017,0.63929837710165,-5.6214500115334,Adapter molecule crk OS=Rattus norvegicus OX=10116 GN=Crk PE=1 SV=1,False,False
Q5BJ92,-0.373138460397133,26.1462330647409,-1.83890759057349,0.0768864744201851,0.454521186847516,-4.68180303947381,Serine/threonine-protein phosphatase 4 catalytic subunit OS=Rattus norvegicus OX=10116 GN=Ppp4c PE=2 SV=1,False,False
P36860,0.0259539864794363,27.5734279800621,0.13006140078066,0.897476309867787,0.965879417268415,-6.26452349348882,Ras-related protein Ral-B OS=Rattus norvegicus OX=10116 GN=Ralb PE=2 SV=1,False,False
P70569,-0.0961319741068429,28.8478205443067,-0.987670286424746,0.332031522304067,0.693857701217786,-5.7937797870326,Unconventional myosin-Vb OS=Rattus norvegicus OX=10116 GN=Myo5b PE=1 SV=1,False,False
Q9ESM2,0.0752113760737245,26.2453439414556,0.259501457943457,0.797205208773585,0.935398961107034,-6.23933503780477,Hyaluronan and proteoglycan link protein 2 OS=Rattus norvegicus OX=10116 GN=Hapln2 PE=2 SV=1,False,False
P49187,-0.236866388885453,22.4980766515556,-0.59449621450996,0.557100469240221,0.823266493119594,-6.09733702865915,Mitogen-activated protein kinase 10 OS=Rattus norvegicus OX=10116 GN=Mapk10 PE=1 SV=3,False,False
P30835,0.0944986071663969,27.9604952886183,0.575560659840909,0.569650425259737,0.824482673388058,-6.10827926542207,"ATP-dependent 6-phosphofructokinase, liver type OS=Rattus norvegicus OX=10116 GN=Pfkl PE=1 SV=3",False,False
P49186,-0.387844191205026,19.8169279382809,-0.520156947759473,0.607168341220381,0.847679582494811,-6.13830796882999,Mitogen-activated protein kinase 9 OS=Rattus norvegicus OX=10116 GN=Mapk9 PE=1 SV=1,False,False
P11951,-0.707383394883458,27.4798728217748,-3.13391855152448,0.0041098479704947,0.186916911918224,-2.10337823766938,Cytochrome c oxidase subunit 6C-2 OS=Rattus norvegicus OX=10116 GN=Cox6c2 PE=1 SV=3,False,False
P29419,0.102215107362586,25.7392393858792,0.417210796114823,0.679803583869503,0.892859659958677,-6.18618289722022,"ATP synthase subunit e, mitochondrial OS=Rattus norvegicus OX=10116 GN=Atp5me PE=1 SV=3",False,False
Q5FVI4,-0.289460777954847,22.9087933283103,-0.687751079730019,0.497441244584753,0.780011682186075,-6.03843801790989,Cell cycle exit and neuronal differentiation protein 1 OS=Rattus norvegicus OX=10116 GN=Cend1 PE=1 SV=1,False,False
O70351,-0.215079069955848,29.0147434367362,-1.2605841488297,0.21818073577307,0.616944482616801,-5.50110060924494,3-hydroxyacyl-CoA dehydrogenase type-2 OS=Rattus norvegicus OX=10116 GN=Hsd17b10 PE=1 SV=3,False,False
Q9QX69,0.411766353639912,26.3423284937763,1.96924054964498,0.0592045108776929,0.408485427466588,-4.46376329956634,Glutathione S-transferase LANCL1 OS=Rattus norvegicus OX=10116 GN=Lancl1 PE=1 SV=2,False,False
P50503,-0.0919299690960145,28.5087265818287,-0.822252837274079,0.418093231445353,0.743964502863035,-5.93900091162214,Hsc70-interacting protein OS=Rattus norvegicus OX=10116 GN=St13 PE=1 SV=1,False,False
P61227,-0.474687051250598,25.411871874956,-1.74106581683546,0.092990105896471,0.475039078706972,-4.83790698279955,Ras-related protein Rap-2b OS=Rattus norvegicus OX=10116 GN=Rap2b PE=2 SV=1,False,False
Q6LED0,0.09771983347391,28.227588674971,0.915709618457344,0.367878136331125,0.714000038793204,-5.8600169860796,Histone H3.1 OS=Rattus norvegicus OX=10116 PE=1 SV=3,False,False
Q99MC0,0.24988045449378,26.7469012568491,1.21452346496171,0.235001818509876,0.622634938422747,-5.55498860143254,Protein phosphatase 1 regulatory subunit 14A OS=Rattus norvegicus OX=10116 GN=Ppp1r14a PE=1 SV=1,False,False
Q5BJS7,-0.215604341068822,27.2560074956369,-1.09686034366193,0.282332288459264,0.656512153485106,-5.68444427262742,Copine-9 OS=Rattus norvegicus OX=10116 GN=Cpne9 PE=2 SV=1,False,False
P10818,-0.345059641576633,25.0315529325522,-1.21885310312281,0.233380471286398,0.622634938422747,-5.54999929217377,"Cytochrome c oxidase subunit 6A1, mitochondrial OS=Rattus norvegicus OX=10116 GN=Cox6a1 PE=1 SV=2",False,False
P06302,-0.107540164187157,21.7070732404944,-0.425957773729584,0.673495236931579,0.889764267130516,-6.18251774398248,Prothymosin alpha OS=Rattus norvegicus OX=10116 GN=Ptma PE=1 SV=2,False,False
Q5XII0,0.314941112355672,28.6658896797347,0.877018832269604,0.388167893930799,0.726699261551623,-5.89368824669443,Mammalian ependymin-related protein 1 OS=Rattus norvegicus OX=10116 GN=Epdr1 PE=1 SV=1,False,False
P15385,0.216210863921351,25.008916741435,0.596487065515,0.555789292305033,0.823266493119594,-6.09616654578358,Potassium voltage-gated channel subfamily A member 4 OS=Rattus norvegicus OX=10116 GN=Kcna4 PE=1 SV=1,False,False
P46418,-0.5926004145029,24.1640540980585,-1.27974410929468,0.211458779393427,0.611002494577192,-5.47816148495628,Glutathione S-transferase alpha-5 OS=Rattus norvegicus OX=10116 GN=Gsta5 PE=1 SV=2,False,False
P62775,0.512261886869027,22.2414203609514,1.67033317635484,0.106339388014975,0.505780261280807,-4.94654321803833,Myotrophin OS=Rattus norvegicus OX=10116 GN=Mtpn PE=1 SV=2,False,False
P23978,-0.212721366783473,28.8761665600176,-0.887648636084503,0.382522977537697,0.723252277454732,-5.88457375528424,Sodium- and chloride-dependent GABA transporter 1 OS=Rattus norvegicus OX=10116 GN=Slc6a1 PE=1 SV=1,False,False
Q505J6,-0.0739666250065305,25.1421659365867,-0.480853754312693,0.634471304101951,0.862068010770572,-6.15780575276849,Mitochondrial glutamate carrier 2 OS=Rattus norvegicus OX=10116 GN=Slc25a18 PE=2 SV=2,False,False
Q68A21,-0.172250471126095,27.0371110342795,-1.65345175782312,0.109752631363988,0.5071861603693,-4.97193524756939,Transcriptional regulator protein Pur-beta OS=Rattus norvegicus OX=10116 GN=Purb PE=1 SV=3,False,False
P85968,0.200280111247878,26.8057268424194,1.27125394702655,0.214417663611634,0.61270271686385,-5.48836399628995,"6-phosphogluconate dehydrogenase, decarboxylating OS=Rattus norvegicus OX=10116 GN=Pgd PE=1 SV=1",False,False
O08651,-0.125849981681529,26.9425847353221,-0.924688287901097,0.363271073253664,0.714000038793204,-5.85200813005745,D-3-phosphoglycerate dehydrogenase OS=Rattus norvegicus OX=10116 GN=Phgdh PE=1 SV=3,False,False
Q7TP17,0.82451437707525,22.1252222765512,1.62816300365685,0.115036399119457,0.521273724880218,-5.00958134801115,Splicing factor U2AF 26 kDa subunit OS=Rattus norvegicus OX=10116 GN=U2af1l4 PE=2 SV=1,False,False
O70352,0.43733176388092,23.421564205264,2.18458317374194,0.0377227411413908,0.373411746257941,-4.07980773494022,CD82 antigen OS=Rattus norvegicus OX=10116 GN=Cd82 PE=1 SV=1,False,False
P05942,0.0429528802650623,23.2351897687658,0.134404070907174,0.894074072407895,0.965386062231057,-6.26394926034255,Protein S100-A4 OS=Rattus norvegicus OX=10116 GN=S100a4 PE=2 SV=1,False,False
Q9WU82,0.168615361485802,28.0808535345039,0.800071357978382,0.43061188355229,0.744590881594672,-5.95656459882262,Catenin beta-1 OS=Rattus norvegicus OX=10116 GN=Ctnnb1 PE=1 SV=1,False,False
P62853,-0.249721885684014,25.23682637134,-1.7620268476143,0.0893176645800677,0.47321674271697,-4.80502710093027,Small ribosomal subunit protein eS25 OS=Rattus norvegicus OX=10116 GN=Rps25 PE=2 SV=1,False,False
P36972,-0.0794021127096407,27.5000337327221,-0.486448179779157,0.630551545680314,0.861680037851078,-6.15512217305189,Adenine phosphoribosyltransferase OS=Rattus norvegicus OX=10116 GN=Aprt PE=1 SV=1,False,False
Q01728,-0.326390869444289,26.8550235971829,-1.44936257343449,0.158685160746658,0.574769328055622,-5.26198445413996,Sodium/calcium exchanger 1 OS=Rattus norvegicus OX=10116 GN=Slc8a1 PE=1 SV=3,False,False
Q4KM74,-0.0210269815157709,25.8594856745997,-0.0726480652311482,0.942618523315956,0.985245766664636,-6.27034392243048,Vesicle-trafficking protein SEC22b OS=Rattus norvegicus OX=10116 GN=Sec22b PE=1 SV=3,False,False
P40112,-0.0995091016993435,26.1839235779612,-0.824808336609483,0.416665644410002,0.743964502863035,-5.93694810447468,Proteasome subunit beta type-3 OS=Rattus norvegicus OX=10116 GN=Psmb3 PE=1 SV=1,False,False
Q6QLM7,0.206725687440752,28.6272140600418,1.51870117258309,0.140393201704686,0.546944560082746,-5.16701211738621,Kinesin heavy chain isoform 5A OS=Rattus norvegicus OX=10116 GN=Kif5a PE=1 SV=1,False,False
Q02874,0.088697911904287,25.0763260669485,0.457073316425221,0.65125316357515,0.874468341433928,-6.16887233119738,Core histone macro-H2A.1 OS=Rattus norvegicus OX=10116 GN=Macroh2a1 PE=1 SV=5,False,False
O35763,-0.134635774769876,29.3628262567897,-1.22867331972956,0.229734098911109,0.622634938422747,-5.53862416312752,Moesin OS=Rattus norvegicus OX=10116 GN=Msn PE=1 SV=3,False,False
Q5FVJ0,0.101211458986349,28.562731142536,0.917986240076998,0.366706352857473,0.714000038793204,-5.85799320226052,Protein RUFY3 OS=Rattus norvegicus OX=10116 GN=Rufy3 PE=1 SV=1,False,False
A8WCF8,-0.246197923361084,25.3615646818661,-0.789158602218858,0.436854216628838,0.750973200966717,-5.96503765324332,Tumor protein p63-regulated gene 1-like protein OS=Rattus norvegicus OX=10116 GN=Tprg1l PE=1 SV=1,False,False
P00787,0.0589866934037673,23.9884905384084,0.31924460909609,0.751983446773349,0.905893295723623,-6.22209136692904,Cathepsin B OS=Rattus norvegicus OX=10116 GN=Ctsb PE=1 SV=2,False,False
Q63377,-0.0157335583214184,27.5560360726377,-0.141780166081103,0.888300065887174,0.96492374258356,-6.2629307592544,Sodium/potassium-transporting ATPase subunit beta-3 OS=Rattus norvegicus OX=10116 GN=Atp1b3 PE=1 SV=1,False,False
Q9R0I8,0.0641274697985281,27.5024563003358,0.385045315443744,0.703202646091921,0.895034811898063,-6.19901493700422,Phosphatidylinositol 5-phosphate 4-kinase type-2 alpha OS=Rattus norvegicus OX=10116 GN=Pip4k2a PE=1 SV=1,False,False
P10760,1.1608198670119,28.0394853592191,1.82597978499412,0.0788665691165673,0.455210143905064,-4.70280915174127,Adenosylhomocysteinase OS=Rattus norvegicus OX=10116 GN=Ahcy PE=1 SV=3,False,False
Q9WV97,0.0230288654832016,26.2228038613663,0.121574225754744,0.904131223521428,0.968520390775179,-6.26559137945765,Mitochondrial import inner membrane translocase subunit Tim9 OS=Rattus norvegicus OX=10116 GN=Timm9 PE=1 SV=3,False,False
Q6GMN2,0.102845482328185,27.832862605742,0.831223493390167,0.413095325660676,0.741839917824279,-5.9317682352539,BAR/IMD domain-containing adapter protein 2 OS=Rattus norvegicus OX=10116 GN=Baiap2 PE=1 SV=1,False,False
P04094,-0.776608809468428,26.0352727311379,-1.07110418555247,0.293548449479223,0.662318689137498,-5.7111826277048,Proenkephalin-A OS=Rattus norvegicus OX=10116 GN=Penk PE=1 SV=1,False,False
Q5M7U6,-0.335141382921631,25.0005328017461,-1.52954960652787,0.137692454387425,0.546066893332721,-5.15181589879727,Actin-related protein 2 OS=Rattus norvegicus OX=10116 GN=Actr2 PE=2 SV=1,False,False
Q499N5,0.642327252285504,28.0093892175652,4.17451396268813,0.0002758454570142,0.027158239086043,0.394677102442326,"Medium-chain acyl-CoA ligase ACSF2, mitochondrial OS=Rattus norvegicus OX=10116 GN=Acsf2 PE=2 SV=1",True,False
Q60587,0.167661301669966,26.7244701761321,1.0936603211107,0.283708900445647,0.656531493979991,-5.68779789425095,"Trifunctional enzyme subunit beta, mitochondrial OS=Rattus norvegicus OX=10116 GN=Hadhb PE=1 SV=1",False,False
D3ZW55,-0.363700006098313,23.6242169659171,-2.37339955766752,0.0249549561370864,0.309657523449817,-3.72081442342298,Inosine triphosphate pyrophosphatase OS=Rattus norvegicus OX=10116 GN=Itpa PE=3 SV=1,False,False
Q6Q629,0.318573850365464,27.4918835145995,2.50646727950009,0.0184787914847025,0.285893302541898,-3.45638515570718,Inactive dipeptidyl peptidase 10 OS=Rattus norvegicus OX=10116 GN=Dpp10 PE=1 SV=1,False,False
P37199,0.251686853335304,28.6723023616922,1.41267993602941,0.169106728904731,0.583643534320545,-5.31070081957239,Nuclear pore complex protein Nup155 OS=Rattus norvegicus OX=10116 GN=Nup155 PE=1 SV=1,False,False
P45479,-0.194330879384765,24.4748566197339,-1.42080178702995,0.166753725688627,0.583643534320545,-5.30000667975131,Palmitoyl-protein thioesterase 1 OS=Rattus norvegicus OX=10116 GN=Ppt1 PE=1 SV=1,False,False
Q62698,0.0794395041301819,28.3794669013994,0.458721761969693,0.650083680728657,0.874468341433928,-6.16812300990225,Cytoplasmic dynein 1 light intermediate chain 2 OS=Rattus norvegicus OX=10116 GN=Dync1li2 PE=1 SV=1,False,False
P47863,0.278643608949668,23.5844523083044,1.3290737644905,0.194880866616111,0.600626804258455,-5.41770274601266,Aquaporin-4 OS=Rattus norvegicus OX=10116 GN=Aqp4 PE=1 SV=1,False,False
P30904,0.291563102922741,27.4626258371562,1.34993819388014,0.188179352927221,0.598579113496966,-5.39152996096558,Macrophage migration inhibitory factor OS=Rattus norvegicus OX=10116 GN=Mif PE=1 SV=4,False,False
P52287,0.27943386638244,26.5141226084806,2.22020570561554,0.034936978942759,0.362549819911645,-4.01361039403392,Guanine nucleotide-binding protein G(I)/G(S)/G(T) subunit beta-3 OS=Rattus norvegicus OX=10116 GN=Gnb3 PE=1 SV=1,False,False
P56603,-0.119299866680731,26.2501395691235,-0.4374417735184,0.665249687952458,0.887272674941518,-6.17759187820801,Secretory carrier-associated membrane protein 1 OS=Rattus norvegicus OX=10116 GN=Scamp1 PE=1 SV=1,False,False
Q9Z252,-0.277916057799068,25.6089147099689,-0.983409943870565,0.334085185832365,0.693857701217786,-5.79783113801548,Protein lin-7 homolog B OS=Rattus norvegicus OX=10116 GN=Lin7b PE=1 SV=1,False,False
P40241,0.0687453229252277,26.4860094987565,0.29580462151726,0.769629059777821,0.918339504155842,-6.22927848025407,CD9 antigen OS=Rattus norvegicus OX=10116 GN=Cd9 PE=1 SV=2,False,False
Q5PQK1,-0.141487181814579,29.3532388264686,-1.07564006492869,0.291550596602306,0.66112021115047,-5.706515933339,Septin-10 OS=Rattus norvegicus OX=10116 GN=Septin10 PE=1 SV=1,False,False
P11884,0.084131017716448,26.239054448585,0.371748700741658,0.712964442838386,0.895034811898063,-6.20402227054023,"Aldehyde dehydrogenase, mitochondrial OS=Rattus norvegicus OX=10116 GN=Aldh2 PE=1 SV=1",False,False
Q9Z2S9,-0.0134179182451817,28.1431374053273,-0.116175213692513,0.908368400863405,0.969993773338247,-6.2662332562409,Flotillin-2 OS=Rattus norvegicus OX=10116 GN=Flot2 PE=1 SV=1,False,False
Q6QIX3,-0.230679128955867,26.8901449346326,-0.752074035836329,0.458474829790781,0.754784438603369,-5.99300064170475,Probable proton-coupled zinc antiporter SLC30A3 OS=Rattus norvegicus OX=10116 GN=Slc30a3 PE=1 SV=1,False,False
Q9ESW0,-0.0871615684211946,27.8689786131066,-0.766736722179078,0.449851475594155,0.751639729204116,-5.98209824456059,DNA damage-binding protein 1 OS=Rattus norvegicus OX=10116 GN=Ddb1 PE=1 SV=1,False,False
P62744,0.0498665762385002,24.7995549656033,0.150423710725911,0.881541879747806,0.964490867058859,-6.26166812889742,AP-2 complex subunit sigma OS=Rattus norvegicus OX=10116 GN=Ap2s1 PE=1 SV=1,False,False
Q9Z270,-0.739425848808164,27.3525764842284,-1.97660576048459,0.058321113251349,0.408485427466588,-4.45110871637781,Vesicle-associated membrane protein-associated protein A OS=Rattus norvegicus OX=10116 GN=Vapa PE=1 SV=3,False,False
Q6P799,-0.0616089257104875,28.4536350317431,-0.528109204774967,0.601712096199051,0.846399887812225,-6.1341804432917,"Serine--tRNA ligase, cytoplasmic OS=Rattus norvegicus OX=10116 GN=Sars1 PE=1 SV=3",False,False
P53812,0.0363899806571837,30.8976127409145,0.178541482014893,0.859622814833458,0.958776012836905,-6.25704504389842,Phosphatidylinositol transfer protein beta isoform OS=Rattus norvegicus OX=10116 GN=Pitpnb PE=1 SV=2,False,False
P27881,-0.240890373398663,29.686365657205,-1.96933104026947,0.0591935865049413,0.408485427466588,-4.46360803457882,Hexokinase-2 OS=Rattus norvegicus OX=10116 GN=Hk2 PE=1 SV=1,False,False
P20759,-0.449071967396581,21.2337526078825,-1.32438169965148,0.196413095087618,0.600626804258455,-5.42353956627582,Ig gamma-1 chain C region OS=Rattus norvegicus OX=10116 PE=1 SV=1,False,False
P22831,-0.205883579935936,23.9083486248957,-1.24243194432378,0.22469755629294,0.622634938422747,-5.52255036486083,Synaptoporin OS=Rattus norvegicus OX=10116 GN=Synpr PE=1 SV=2,False,False
P52555,-0.289434495517728,25.6253030921722,-1.20501908133822,0.238590488869289,0.622634938422747,-5.56588543635987,Endoplasmic reticulum resident protein 29 OS=Rattus norvegicus OX=10116 GN=Erp29 PE=1 SV=2,False,False
P47861,-0.0622222931407137,28.1580556135368,-0.480120638827452,0.634985771140034,0.862068010770572,-6.15815515956267,Synaptotagmin-5 OS=Rattus norvegicus OX=10116 GN=Syt5 PE=1 SV=1,False,False
P28572,-0.285970916900784,23.6303938351831,-0.864150957844618,0.395072645684112,0.727463966199844,-5.90458315959582,Sodium- and chloride-dependent glycine transporter 1 OS=Rattus norvegicus OX=10116 GN=Slc6a9 PE=1 SV=2,False,False
P49621,-0.489096960516704,29.9090363145642,-2.78071846103487,0.0097348565583388,0.269897189847112,-2.88474362322449,Diacylglycerol kinase beta OS=Rattus norvegicus OX=10116 GN=Dgkb PE=1 SV=1,False,False
Q9EPH8,-0.0188960144601218,28.5135067511199,-0.201841562498968,0.84154472101208,0.950942603849,-6.25261681646724,Polyadenylate-binding protein 1 OS=Rattus norvegicus OX=10116 GN=Pabpc1 PE=1 SV=1,False,False
P21533,-0.0284832213910811,29.5446012395146,-0.254752151596176,0.800833535419052,0.936612007406947,-6.24055393331439,Large ribosomal subunit protein eL6 OS=Rattus norvegicus OX=10116 GN=Rpl6 PE=1 SV=5,False,False
Q4KLH4,-0.19093755227555,28.6888575756579,-1.31451412414999,0.19966580639292,0.600732989146499,-5.43575567907003,Paraspeckle component 1 OS=Rattus norvegicus OX=10116 GN=Pspc1 PE=1 SV=1,False,False
P20717,-0.319065214420011,28.4638226394074,-2.96834385127245,0.0061860375748134,0.217691173252588,-2.47536245116996,Protein-arginine deiminase type-2 OS=Rattus norvegicus OX=10116 GN=Padi2 PE=1 SV=1,False,False
P00406,-0.0614095861441335,25.2267989211153,-0.367807746184841,0.715867375685438,0.895247537953036,-6.20547293621107,Cytochrome c oxidase subunit 2 OS=Rattus norvegicus OX=10116 GN=Mt-co2 PE=1 SV=3,False,False
Q62703,-0.700084416161165,24.0327895898147,-1.31614717749238,0.199124641346886,0.600732989146499,-5.43373947237914,Reticulocalbin-2 OS=Rattus norvegicus OX=10116 GN=Rcn2 PE=1 SV=2,False,False
P61150,0.0695310327605618,27.8161816503676,0.361824058344451,0.720283291845435,0.896256149799038,-6.20764627391027,Fibroblast growth factor 12 OS=Rattus norvegicus OX=10116 GN=Fgf12 PE=1 SV=1,False,False
P04218,-0.55886269791338,28.1641410364144,-1.69162181272137,0.102162166007659,0.502916480846794,-4.91422597355839,OX-2 membrane glycoprotein OS=Rattus norvegicus OX=10116 GN=Cd200 PE=2 SV=1,False,False
P29418,-0.312000599431595,29.5040510262756,-2.46723468224118,0.0202056583907851,0.293674888477643,-3.53528002026778,"ATP synthase subunit epsilon, mitochondrial OS=Rattus norvegicus OX=10116 GN=Atp5f1e PE=1 SV=2",False,False
Q4KLF8,0.277792053324202,23.4270607301851,0.712975020733119,0.481942291858501,0.769026640392367,-6.02108524548947,Actin-related protein 2/3 complex subunit 5 OS=Rattus norvegicus OX=10116 GN=Arpc5 PE=1 SV=3,False,False
O88778,-0.0816650035046642,30.1839307830454,-0.799301577497324,0.431050415578545,0.744590881594672,-5.95716591804232,Protein bassoon OS=Rattus norvegicus OX=10116 GN=Bsn PE=1 SV=3,False,False
P01835,-0.381356426937838,22.8180972745691,-1.03548848869942,0.309572625800089,0.677653367898071,-5.74719601928814,"Ig kappa chain C region, B allele OS=Rattus norvegicus OX=10116 PE=1 SV=1",False,False
P19132,-0.22424206145585,27.0817441744453,-1.38905675292473,0.176100284131387,0.592287601597179,-5.34150613806225,Ferritin heavy chain OS=Rattus norvegicus OX=10116 GN=Fth1 PE=1 SV=3,False,False
Q62847,0.285309734286919,26.8412839126319,2.69111920472797,0.0120386391533396,0.269897189847112,-3.0752044376084,Gamma-adducin OS=Rattus norvegicus OX=10116 GN=Add3 PE=1 SV=3,False,False
P34064,1.3006816541659,26.9575380532209,2.43475853052937,0.0217462745232857,0.294008570952404,-3.6000047632022,Proteasome subunit alpha type-5 OS=Rattus norvegicus OX=10116 GN=Psma5 PE=1 SV=1,False,False
P62703,-0.257762950239162,26.9307001845111,-2.13108284970206,0.042281949080563,0.383188368522296,-4.17783390576784,Small ribosomal subunit protein eS4 OS=Rattus norvegicus OX=10116 GN=Rps4x PE=1 SV=2,False,False
Q63421,-0.153816323870817,29.5344938932373,-1.4247174542705,0.165628627517376,0.582388972731553,-5.29483211278416,"Dual specificity calcium/calmodulin-dependent 3',5'-cyclic nucleotide phosphodiesterase 1C OS=Rattus norvegicus OX=10116 GN=Pde1c PE=1 SV=1",False,False
Q66HR2,-0.38464691131577,26.3535022574905,-2.12683669081237,0.0426640769136952,0.383188368522296,-4.18554118334368,Microtubule-associated protein RP/EB family member 1 OS=Rattus norvegicus OX=10116 GN=Mapre1 PE=1 SV=3,False,False
P61314,-0.0175859317920164,28.9253347309331,-0.16599971876811,0.86938667161301,0.960760985058051,-6.2592045779551,Large ribosomal subunit protein eL15 OS=Rattus norvegicus OX=10116 GN=Rpl15 PE=1 SV=2,False,False
P56536,0.190834782667181,29.8559350008394,1.09972485344993,0.281104072316143,0.656512153485106,-5.6814346884751,Kinesin heavy chain isoform 5C OS=Rattus norvegicus OX=10116 GN=Kif5c PE=1 SV=3,False,False
Q66HL2,0.0248710632867208,29.4130528868372,0.209326677047661,0.835755330588,0.950942603849,-6.25107947373095,Src substrate cortactin OS=Rattus norvegicus OX=10116 GN=Cttn PE=1 SV=1,False,False
Q5XI22,0.198806590435552,26.173361144576,0.830077726527919,0.413731588518804,0.741839917824279,-5.93269616917811,"Acetyl-CoA acetyltransferase, cytosolic OS=Rattus norvegicus OX=10116 GN=Acat2 PE=1 SV=1",False,False
Q6AY30,-0.237731558015852,27.4209503501208,-0.987569169701433,0.332080164800574,0.693857701217786,-5.79387613182135,Saccharopine dehydrogenase-like oxidoreductase OS=Rattus norvegicus OX=10116 GN=Sccpdh PE=1 SV=1,False,False
P24268,0.195227122156673,25.5678837253096,1.07933908179227,0.28992850321319,0.660415468743517,-5.70269687573123,Cathepsin D OS=Rattus norvegicus OX=10116 GN=Ctsd PE=1 SV=1,False,False
Q52KK3,-0.0864038057447161,26.3495548876201,-0.402530246023244,0.690444441990395,0.892859659958677,-6.19216561243025,Mitochondrial nicotinamide adenine dinucleotide transporter SLC25A51 OS=Rattus norvegicus OX=10116 GN=Slc25a51 PE=2 SV=1,False,False
A0JPJ7,-0.126193987984486,27.6626575694758,-0.608564291713431,0.547869466130201,0.819336097944087,-6.08898438464314,Obg-like ATPase 1 OS=Rattus norvegicus OX=10116 GN=Ola1 PE=2 SV=1,False,False
P35465,0.0222850593175608,26.3587591354542,0.11800374349126,0.906933044777021,0.969993773338247,-6.26601912755497,Serine/threonine-protein kinase PAK 1 OS=Rattus norvegicus OX=10116 GN=Pak1 PE=1 SV=3,False,False
P97576,-0.13582745622568,26.1174363086457,-0.850569468454716,0.40244482229142,0.732517214355643,-5.91591720155423,"GrpE protein homolog 1, mitochondrial OS=Rattus norvegicus OX=10116 GN=Grpel1 PE=1 SV=2",False,False
B2RZ37,0.163037996848335,28.2787002711483,0.570659785145392,0.572921657348755,0.82619727684248,-6.11105507649691,Receptor expression-enhancing protein 5 OS=Rattus norvegicus OX=10116 GN=Reep5 PE=1 SV=1,False,False
P25093,-0.0939631271191814,25.3779780233426,-0.587093396758422,0.561989890100688,0.824482673388058,-6.10165594921872,Fumarylacetoacetase OS=Rattus norvegicus OX=10116 GN=Fah PE=1 SV=1,False,False
Q3KRE0,-0.148075160950814,30.6534748960994,-0.717742207326865,0.479044522909598,0.769026640392367,-6.01773808939146,ATPase family AAA domain-containing protein 3A OS=Rattus norvegicus OX=10116 GN=Atad3a PE=1 SV=1,False,False
P56571,-0.607906824674764,25.8532994824634,-1.57114467749293,0.127726896928976,0.544599328244415,-5.09271658529302,"ES1 protein homolog, mitochondrial OS=Rattus norvegicus OX=10116 PE=1 SV=2",False,False
Q2PQA9,-0.0113131687277885,29.9032101883962,-0.113834749244775,0.910206074951784,0.969993773338247,-6.26650246031692,Kinesin-1 heavy chain OS=Rattus norvegicus OX=10116 GN=Kif5b PE=1 SV=1,False,False
Q6J4I0,0.377659378601368,25.1050288889755,2.36811859022065,0.0252504308540165,0.309657523449817,-3.73112009532458,Protein phosphatase 1 regulatory subunit 1B OS=Rattus norvegicus OX=10116 GN=Ppp1r1b PE=1 SV=1,False,False
Q9WV63,-0.18613313862102,28.2366751708916,-1.06584370558619,0.295877579346198,0.666185901105888,-5.71657219160423,Kinesin-like protein KIF2A OS=Rattus norvegicus OX=10116 GN=Kif2a PE=1 SV=2,False,False
P62856,0.344387580135681,24.6792077687575,0.998168087632,0.327007973486481,0.69201029637035,-5.78372762476844,Small ribosomal subunit protein eS26 OS=Rattus norvegicus OX=10116 GN=Rps26 PE=3 SV=3,False,False
Q63210,0.0131409581661543,27.6739441112776,0.05853029070723,0.953754738915784,0.985245766664636,-6.27127034298829,Guanine nucleotide-binding protein subunit alpha-12 OS=Rattus norvegicus OX=10116 GN=Gna12 PE=1 SV=3,False,False
Q9QZR6,-0.092465411186506,29.8440234390503,-1.08858776139731,0.285900877556838,0.660193284422294,-5.69309560743951,Septin-9 OS=Rattus norvegicus OX=10116 GN=Septin9 PE=1 SV=1,False,False
P0DN35,-0.507279582051751,25.6620816469892,-2.42602487258148,0.0221786196933912,0.294008570952404,-3.61731937177337,NADH dehydrogenase [ubiquinone] 1 beta subcomplex subunit 1 OS=Rattus norvegicus OX=10116 GN=Ndufb1 PE=3 SV=1,False,False
Q9R1N3,-0.133640655995784,28.538771575127,-1.07303047938796,0.292698820908738,0.661780423891782,-5.70920298547236,Sodium bicarbonate cotransporter 3 OS=Rattus norvegicus OX=10116 GN=Slc4a7 PE=1 SV=1,False,False
P62870,-0.166489293698735,22.1848746420032,-0.559937431652366,0.580111267195055,0.831032410545298,-6.117047345415,Elongin-B OS=Rattus norvegicus OX=10116 GN=Elob PE=1 SV=1,False,False
B2GUZ5,0.679536518623202,24.7494030193213,0.837726151193175,0.409495901315045,0.737910251454566,-5.92647887007672,F-actin-capping protein subunit alpha-1 OS=Rattus norvegicus OX=10116 GN=Capza1 PE=1 SV=1,False,False
P08050,0.432041885730563,27.5824584206834,1.53259282267308,0.136942478287981,0.546066893332721,-5.14753680230492,Gap junction alpha-1 protein OS=Rattus norvegicus OX=10116 GN=Gja1 PE=1 SV=2,False,False
Q9Z1Z3,-0.274707671384817,28.6573758703737,-1.34222778337972,0.190634678079146,0.598579113496966,-5.40124343926536,Epsin-2 OS=Rattus norvegicus OX=10116 GN=Epn2 PE=1 SV=1,False,False
P62755,-0.27476699630035,27.8150822913879,-0.949340466307835,0.350818697468068,0.704375966075082,-5.82964282037453,Small ribosomal subunit protein eS6 OS=Rattus norvegicus OX=10116 GN=Rps6 PE=1 SV=1,False,False
Q6Q7Y5,-0.0673258642718935,26.4783630233418,-0.355832828529149,0.724714668629386,0.897280901722637,-6.20978698829046,Guanine nucleotide-binding protein subunit alpha-13 OS=Rattus norvegicus OX=10116 GN=Gna13 PE=1 SV=1,False,False
P19492,-0.218621930589094,27.3591895849347,-1.14203897198861,0.263406095528965,0.64555997312994,-5.63614681409074,Glutamate receptor 3 OS=Rattus norvegicus OX=10116 GN=Gria3 PE=1 SV=1,False,False
P51583,0.049101427405791,27.8275914525408,0.622632686653552,0.538718739826006,0.815989363960231,-6.08044170335452,Bifunctional phosphoribosylaminoimidazole carboxylase/phosphoribosylaminoimidazole succinocarboxamide synthetase OS=Rattus norvegicus OX=10116 GN=Paics PE=1 SV=3,False,False
Q7TMA5,-0.0565049414639347,31.4564830508,-0.387824413861821,0.701168797640612,0.895034811898063,-6.19794638057122,Apolipoprotein B-100 OS=Rattus norvegicus OX=10116 GN=Apob PE=1 SV=1,False,False
P63326,0.0308680391983707,28.0059729207811,0.188722629736519,0.851713275221759,0.954199655497756,-6.25517664796301,Small ribosomal subunit protein eS10 OS=Rattus norvegicus OX=10116 GN=Rps10 PE=1 SV=1,False,False
P50878,0.0174600888308341,29.0783783730536,0.166862084697428,0.868714620861251,0.960760985058051,-6.25906111188906,Large ribosomal subunit protein uL4 OS=Rattus norvegicus OX=10116 GN=Rpl4 PE=1 SV=3,False,False
P53678,-0.0037719841553851,25.9686247635196,-0.0372448790910394,0.97056215211874,0.988822964011849,-6.27229021794471,AP-3 complex subunit mu-2 OS=Rattus norvegicus OX=10116 GN=Ap3m2 PE=2 SV=1,False,False
P29348,-0.366366720202514,24.3737582316133,-1.42753402662775,0.164823070196176,0.582024158993079,-5.29110246818813,Guanine nucleotide-binding protein G(t) subunit alpha-3 OS=Rattus norvegicus OX=10116 GN=Gnat3 PE=1 SV=3,False,False
P06866,-0.301342746657916,26.5768152288225,-2.49243478551938,0.0190801613744466,0.286997427340634,-3.48469142107826,Haptoglobin OS=Rattus norvegicus OX=10116 GN=Hp PE=1 SV=3,False,False
Q3ZB98,0.0300375496023513,28.5837925853713,0.24590083029694,0.807607741718217,0.938454060387156,-6.24276580841224,Breast carcinoma-amplified sequence 1 homolog OS=Rattus norvegicus OX=10116 GN=Bcas1 PE=1 SV=3,False,False
P02454,0.0336226634235963,30.1927827076896,0.35055040594672,0.728629881533914,0.897280901722637,-6.21164507322481,Collagen alpha-1(I) chain OS=Rattus norvegicus OX=10116 GN=Col1a1 PE=1 SV=5,False,False
Q6P7S1,0.094612120485067,31.4342781802329,0.384869536151303,0.703331363618906,0.895034811898063,-6.1990822682172,Acid ceramidase OS=Rattus norvegicus OX=10116 GN=Asah1 PE=1 SV=1,False,False
P05426,0.0889038028618927,27.1396019795053,0.712518854347776,0.482220102780801,0.769026640392367,-6.02140440614605,Large ribosomal subunit protein uL30 OS=Rattus norvegicus OX=10116 GN=Rpl7 PE=1 SV=2,False,False
P13601,0.256408534994463,26.9116707215789,0.840268993126192,0.408093731977887,0.736616384487824,-5.9243998560205,"Aldehyde dehydrogenase, cytosolic 1 OS=Rattus norvegicus OX=10116 GN=Aldh1a7 PE=1 SV=2",False,False
P62859,0.283124463062315,25.361824625952,1.12055375999942,0.272288386889798,0.652982851345659,-5.65933604778431,Small ribosomal subunit protein eS28 OS=Rattus norvegicus OX=10116 GN=Rps28 PE=1 SV=1,False,False
P0DJJ3,-0.349770312416329,26.9508681078671,-2.54371581964718,0.0169663947343524,0.278403113595511,-3.38078135110259,SH3-containing GRB2-like protein 3-interacting protein 1 OS=Rattus norvegicus OX=10116 GN=Sgip1 PE=1 SV=1,False,False
P05508,-0.372226794763119,25.2172535004184,-2.65280910727745,0.0131717322920478,0.275024905000413,-3.15557654532009,NADH-ubiquinone oxidoreductase chain 4 OS=Rattus norvegicus OX=10116 GN=Mt-nd4 PE=3 SV=3,False,False
P04903,-0.0974547506103534,27.5387537569505,-0.874576460902858,0.389472441372739,0.7272390586322,-5.8957678248942,Glutathione S-transferase alpha-2 OS=Rattus norvegicus OX=10116 GN=Gsta2 PE=1 SV=2,False,False
P15800,-0.606895710319321,27.9764284143666,-2.18206130394863,0.0379273241813237,0.373411746257941,-4.08446624845367,Laminin subunit beta-2 OS=Rattus norvegicus OX=10116 GN=Lamb2 PE=1 SV=1,False,False
P85972,-0.179209224152114,29.3221824719089,-1.60112706722948,0.120917119413918,0.536153377732733,-5.0493042761389,Vinculin OS=Rattus norvegicus OX=10116 GN=Vcl PE=1 SV=1,False,False
P00502,0.150381959631819,26.3218830411204,0.599414248906999,0.553864338774802,0.823266493119594,-6.09443864840881,Glutathione S-transferase alpha-1 OS=Rattus norvegicus OX=10116 GN=Gsta1 PE=1 SV=3,False,False
P51647,-0.117108395758098,27.6863676087164,-1.2145243308307,0.235001493422568,0.622634938422747,-5.55498760522336,Aldehyde dehydrogenase 1A1 OS=Rattus norvegicus OX=10116 GN=Aldh1a1 PE=1 SV=3,False,False
P04550,1.54475696302122,23.1201684652687,4.48288171492899,0.0001207567552681,0.0156658856161484,1.16632568202888,Parathymosin OS=Rattus norvegicus OX=10116 GN=Ptms PE=1 SV=2,True,True
Q9JMB5,-0.121023428044921,25.9402427921479,-0.671604714463756,0.507507860326213,0.789699730938634,-6.04922938838324,Proteasomal ubiquitin receptor ADRM1 OS=Rattus norvegicus OX=10116 GN=Adrm1 PE=1 SV=2,False,False
P19024,0.245598594501043,26.9738762814199,0.774675059621879,0.445223591377194,0.751639729204116,-5.97611173971881,Potassium voltage-gated channel subfamily A member 5 OS=Rattus norvegicus OX=10116 GN=Kcna5 PE=1 SV=1,False,False
Q9Z2F5,-0.0991306066991129,28.3653472291266,-0.696230354268568,0.492200035903737,0.777044663095842,-6.0326718998106,C-terminal-binding protein 1 OS=Rattus norvegicus OX=10116 GN=Ctbp1 PE=1 SV=3,False,False
Q6P7B0,0.273008864646297,26.9408710804781,1.4170538967228,0.167836289206062,0.583643534320545,-5.30494810246743,"Tryptophan--tRNA ligase, cytoplasmic OS=Rattus norvegicus OX=10116 GN=Wars1 PE=1 SV=2",False,False
Q9Z2L9,-0.588673031448696,28.0209477145503,-2.67460211933103,0.0125155076013749,0.27108589464578,-3.10993609078028,Protein NDRG4 OS=Rattus norvegicus OX=10116 GN=Ndrg4 PE=1 SV=1,False,False
P62914,-0.113179719487331,27.9845805010121,-0.871609603627588,0.391060917166672,0.727396101754948,-5.89828662176267,Large ribosomal subunit protein uL5 OS=Rattus norvegicus OX=10116 GN=Rpl11 PE=1 SV=2,False,False
Q63150,-0.0306698311689537,26.6618922862262,-0.142872123456265,0.887445805430792,0.96492374258356,-6.26277536425047,Dihydropyrimidinase OS=Rattus norvegicus OX=10116 GN=Dpys PE=1 SV=2,False,False
Q62881,-0.206204092048566,24.3846458898202,-0.211981753617504,0.833703989227775,0.950447140144549,-6.25052075243692,Nucleolar protein 3 OS=Rattus norvegicus OX=10116 GN=Nol3 PE=1 SV=1,False,False
O55096,-0.334037847264309,29.1490600594895,-2.56237551428452,0.0162526259649367,0.275024905000413,-3.34265632947981,Dipeptidyl peptidase 3 OS=Rattus norvegicus OX=10116 GN=Dpp3 PE=1 SV=2,False,False
P63159,0.0362494583542059,27.0728321143262,0.341427171085951,0.73540940160697,0.898189913913073,-6.21478931302434,High mobility group protein B1 OS=Rattus norvegicus OX=10116 GN=Hmgb1 PE=1 SV=2,False,False
O89046,-0.393810240005489,27.9362061201261,-2.3541237925166,0.0260489722573259,0.310011395106417,-3.75835900473025,Coronin-1B OS=Rattus norvegicus OX=10116 GN=Coro1b PE=1 SV=1,False,False
Q8CGU9,-0.186925534619931,28.529799214208,-2.28522492981122,0.0303263192335886,0.342118788853921,-3.89092142746883,Tryptophan 5-hydroxylase 2 OS=Rattus norvegicus OX=10116 GN=Tph2 PE=1 SV=1,False,False
P06349,-0.302025193806738,27.9117280878447,-1.34035186527058,0.191235801726639,0.598579113496966,-5.4035993695502,Histone H1t OS=Rattus norvegicus OX=10116 GN=H1-6 PE=1 SV=2,False,False
Q63604,-0.112614906654546,26.7788052802916,-0.808762753081267,0.42567952573428,0.744590881594672,-5.94973702889427,BDNF/NT-3 growth factors receptor OS=Rattus norvegicus OX=10116 GN=Ntrk2 PE=1 SV=1,False,False
Q71LX6,-0.141044636025807,31.7752801406571,-0.942063588394088,0.354464359659206,0.704375966075082,-5.8363018741253,Xin actin-binding repeat-containing protein 2 OS=Rattus norvegicus OX=10116 GN=Xirp2 PE=1 SV=1,False,False
Q68FR9,0.710197183051132,25.7710968662928,2.61108144410109,0.0145186888904039,0.275024905000413,-3.24236757300748,Elongation factor 1-delta OS=Rattus norvegicus OX=10116 GN=Eef1d PE=1 SV=2,False,False
Q8CFD0,0.0035604761499818,24.7727028617299,0.0251255408669375,0.980138519161033,0.989911181798765,-6.27266839278948,Sideroflexin-5 OS=Rattus norvegicus OX=10116 GN=Sfxn5 PE=1 SV=1,False,False
Q9Z2G8,-0.0011175417051028,26.529515547031,-0.0113505107473357,0.991026759323626,0.99254110525427,-6.27291978154771,Nucleosome assembly protein 1-like 1 OS=Rattus norvegicus OX=10116 GN=Nap1l1 PE=1 SV=1,False,False
D4A3K5,0.0833632172177232,28.56828646249,0.691822978562173,0.49492041237698,0.779970822577055,-6.03567752691226,Histone H1.1 OS=Rattus norvegicus OX=10116 GN=H1-1 PE=1 SV=1,False,False
Q5EB77,-0.209354477520499,23.6219182290774,-0.857259659365957,0.398802485869008,0.728546490356954,-5.9103553081734,Ras-related protein Rab-18 OS=Rattus norvegicus OX=10116 GN=Rab18 PE=2 SV=1,False,False
Q6PTT0,0.659483135078457,24.9490613135335,2.71065956341092,0.0114964434701231,0.269897189847112,-3.03396105936959,Aminoacylase-1B OS=Rattus norvegicus OX=10116 GN=Acy1b PE=1 SV=1,False,False
P18420,0.058066077448931,25.7507284871741,0.362312892816219,0.719922163376096,0.896256149799038,-6.20747004786395,Proteasome subunit alpha type-1 OS=Rattus norvegicus OX=10116 GN=Psma1 PE=1 SV=2,False,False
P17475,0.0471819372785482,26.2209449597727,0.174362318980498,0.862873887938599,0.959437803529263,-6.25778206924101,Alpha-1-antiproteinase OS=Rattus norvegicus OX=10116 GN=Serpina1 PE=1 SV=2,False,False
Q6AYS7,0.378998783909488,27.4158687011085,0.792016898895469,0.435213909188696,0.749342867490235,-5.96282908938948,Aminoacylase-1A OS=Rattus norvegicus OX=10116 GN=Acy1a PE=1 SV=1,False,False
Q03555,0.376903787056186,29.7210153119333,2.03578034541613,0.0516337447401583,0.408485427466588,-4.3481817599558,Gephyrin OS=Rattus norvegicus OX=10116 GN=Gphn PE=1 SV=3,False,False
P29266,-0.126557125252219,27.3829032827404,-0.649268818553458,0.521617651807953,0.799653473093462,-6.06374891019143,"3-hydroxyisobutyrate dehydrogenase, mitochondrial OS=Rattus norvegicus OX=10116 GN=Hibadh PE=1 SV=3",False,False
P23928,-0.261370224285784,25.7090902718051,-0.497365714337411,0.622933745037189,0.859410504299714,-6.1497973893886,Alpha-crystallin B chain OS=Rattus norvegicus OX=10116 GN=Cryab PE=1 SV=1,False,False
P13803,0.128918737709501,26.8061320614901,0.87637343463878,0.388512347588541,0.726699261551623,-5.89423830775222,"Electron transfer flavoprotein subunit alpha, mitochondrial OS=Rattus norvegicus OX=10116 GN=Etfa PE=1 SV=4",False,False
Q5FVI3,-0.568102369289033,26.9828895357374,-1.37606881229977,0.180041231160714,0.597021863931554,-5.35825191533064,Leucine-rich repeat-containing protein 57 OS=Rattus norvegicus OX=10116 GN=Lrrc57 PE=2 SV=1,False,False
P01041,0.20439585812408,24.6534922690114,0.526987530614062,0.602480289403095,0.846399887812225,-6.13476634961924,Cystatin-B OS=Rattus norvegicus OX=10116 GN=Cstb PE=1 SV=1,False,False
P57790,-0.256091245050204,27.6313033969857,-1.34166670211282,0.190814318137409,0.598579113496966,-5.40194839154226,Kelch-like ECH-associated protein 1 OS=Rattus norvegicus OX=10116 GN=Keap1 PE=2 SV=1,False,False
Q8VIL3,-0.195185065608989,27.3892933804091,-1.96072449620827,0.0602405376041486,0.408485427466588,-4.47835158977368,Outer kinetochore KNL1 complex subunit ZWINT OS=Rattus norvegicus OX=10116 GN=Zwint PE=1 SV=1,False,False
Q9JHZ4,-0.0088763944391345,29.4425811888434,-0.0580421744647493,0.95413995287094,0.985245766664636,-6.27129880822434,GRIP1-associated protein 1 OS=Rattus norvegicus OX=10116 GN=Gripap1 PE=1 SV=1,False,False
Q4V882,-0.350685128806965,26.2724416021558,-1.4432683571372,0.160380118173007,0.578972226604555,-5.27015169586085,Epsin-3 OS=Rattus norvegicus OX=10116 GN=Epn3 PE=1 SV=1,False,False
Q5I0D1,-0.247454088019488,27.4138158276274,-1.53804592288413,0.13560693062046,0.546066893332721,-5.1398513914991,Glyoxalase domain-containing protein 4 OS=Rattus norvegicus OX=10116 GN=Glod4 PE=1 SV=1,False,False
Q6DGG1,1.53505751355537,25.2018144616877,6.22470170225846,1.1429161584125e-06,0.0004125927331869,5.52524387704265,Putative protein-lysine deacylase ABHD14B OS=Rattus norvegicus OX=10116 GN=Abhd14b PE=2 SV=1,True,True
Q6MGD0,-0.194564468287311,22.7003773586622,-1.54473665059787,0.133982800765966,0.546066893332721,-5.13039063366699,Protein CutA OS=Rattus norvegicus OX=10116 GN=Cuta PE=1 SV=2,False,False
Q6P730,0.0510291310774598,28.0868277021622,0.397982658695799,0.693753934031409,0.892859659958677,-6.19397594194747,Disabled homolog 2-interacting protein OS=Rattus norvegicus OX=10116 GN=Dab2ip PE=1 SV=1,False,False
P50279,-0.178583987768651,25.6522425356486,-0.332883228823569,0.741778257026475,0.902635789168171,-6.21765938264409,Syntaxin-2 OS=Rattus norvegicus OX=10116 GN=Stx2 PE=1 SV=2,False,False
Q4QQS8,-0.260484228884668,28.3798611313641,-2.09656026542413,0.0454792420192213,0.389490053084553,-4.24018185122569,Nuclear pore complex protein Nup85 OS=Rattus norvegicus OX=10116 GN=Nup85 PE=2 SV=1,False,False
P29995,-0.19793179232752,28.6785457106008,-1.66258030978769,0.107895747927546,0.505780261280807,-4.95823050703009,"Inositol 1,4,5-trisphosphate-gated calcium channel ITPR2 OS=Rattus norvegicus OX=10116 GN=Itpr2 PE=1 SV=1",False,False
Q4FZT2,-0.12657815065273,28.9138034397365,-0.716030312636341,0.480083953121331,0.769026640392367,-6.01894252012437,Protein phosphatase methylesterase 1 OS=Rattus norvegicus OX=10116 GN=Ppme1 PE=1 SV=2,False,False
P55260,-0.282570109641043,27.1903949917032,-2.24217163286574,0.0333129776093159,0.353705438734207,-3.9724282023169,Annexin A4 OS=Rattus norvegicus OX=10116 GN=Anxa4 PE=1 SV=3,False,False
P11662,0.0104511739159037,25.0696600023033,0.0394056611514773,0.968855190432624,0.988822964011849,-6.27220735628558,NADH-ubiquinone oxidoreductase chain 2 OS=Rattus norvegicus OX=10116 GN=Mt-nd2 PE=3 SV=3,False,False
Q63569,-0.0097840075942734,27.1725527444691,-0.0540715984105976,0.957273883402902,0.985245766664636,-6.2715215041081,26S proteasome regulatory subunit 6A OS=Rattus norvegicus OX=10116 GN=Psmc3 PE=1 SV=1,False,False
P00159,0.413824727022337,25.8042046970217,2.43695021378353,0.0216390007543481,0.294008570952404,-3.59565359546552,Cytochrome b OS=Rattus norvegicus OX=10116 GN=Mt-cyb PE=3 SV=3,False,False
Q68FR2,-0.0694712851798869,28.2713238871121,-0.577693033448104,0.568230053794652,0.824482673388058,-6.10706428225811,Bridging integrator 2 OS=Rattus norvegicus OX=10116 GN=Bin2 PE=1 SV=1,False,False
Q03114,-0.137904729036613,27.0882579313111,-1.19823614795747,0.241176458115591,0.623212637002964,-5.57361526271947,Cyclin-dependent kinase 5 OS=Rattus norvegicus OX=10116 GN=Cdk5 PE=1 SV=1,False,False
Q5HZY2,0.185850077704814,25.4858856122355,0.994718813583024,0.328652787825542,0.69201029637035,-5.78704134551389,Small COPII coat GTPase SAR1B OS=Rattus norvegicus OX=10116 GN=Sar1b PE=2 SV=1,False,False
P97612,0.0047245284235657,24.6861062477681,0.0202787132806989,0.983969276807932,0.989911181798765,-6.27277849530834,Fatty-acid amide hydrolase 1 OS=Rattus norvegicus OX=10116 GN=Faah PE=1 SV=1,False,False
Q62871,-0.127777678821182,26.9348440249736,-0.661652272611657,0.513768667158132,0.793739609889097,-6.05575767092259,Cytoplasmic dynein 1 intermediate chain 2 OS=Rattus norvegicus OX=10116 GN=Dync1i2 PE=1 SV=1,False,False
P04644,0.010791551846367,25.3119149271883,0.0202069177636073,0.984026024558644,0.989911181798765,-6.27277994957224,Small ribosomal subunit protein eS17 OS=Rattus norvegicus OX=10116 GN=Rps17 PE=1 SV=3,False,False
Q9Z1Y3,0.13092608632757,25.6742112720409,0.565965365122768,0.576063887740193,0.829553162757612,-6.11369223932373,Cadherin-2 OS=Rattus norvegicus OX=10116 GN=Cdh2 PE=1 SV=1,False,False
P21807,0.210655242909098,27.3883200887397,1.37354343626267,0.180815486029132,0.597021863931554,-5.36149217457102,Peripherin OS=Rattus norvegicus OX=10116 GN=Prph PE=1 SV=1,False,False
Q71UE8,-0.0276511669748842,25.7291278367709,-0.197419344510704,0.844969381495196,0.951487315901767,-6.25349885922261,Ubiquitin-like protein NEDD8 OS=Rattus norvegicus OX=10116 GN=Nedd8 PE=1 SV=1,False,False
P63036,-0.275952135241248,26.62377354352,-1.10582463869191,0.278501439708669,0.655689259140192,-5.67500214296858,DnaJ homolog subfamily A member 1 OS=Rattus norvegicus OX=10116 GN=Dnaja1 PE=1 SV=1,False,False
Q9Z269,-0.1619552616135,26.3244307945341,-0.88612204552695,0.383330385280717,0.723252277454732,-5.8858890865469,Vesicle-associated membrane protein-associated protein B OS=Rattus norvegicus OX=10116 GN=Vapb PE=1 SV=3,False,False
Q920J4,0.0132632524599927,28.8516989236318,0.0826025490220929,0.934773323796401,0.985245766664636,-6.26957087929869,Thioredoxin-like protein 1 OS=Rattus norvegicus OX=10116 GN=Txnl1 PE=1 SV=3,False,False
P60868,-0.0821064690474991,28.623791572479,-0.56270310384835,0.578252544303779,0.829553162757612,-6.11551234514905,Small ribosomal subunit protein uS10 OS=Rattus norvegicus OX=10116 GN=Rps20 PE=1 SV=1,False,False
P46844,-0.193437590515799,27.3551922209333,-1.19689790408103,0.241689111303089,0.623212637002964,-5.57513570837254,Biliverdin reductase A OS=Rattus norvegicus OX=10116 GN=Blvra PE=1 SV=1,False,False
O70441,-0.0554402479871463,27.1343601298034,-0.276842734223518,0.783996830964487,0.925919921411711,-6.23469430390124,Synapsin-3 OS=Rattus norvegicus OX=10116 GN=Syn3 PE=1 SV=1,False,False
Q6AXY0,0.40975068490793,27.1412311457637,1.30603605186542,0.202493534509835,0.602073352194862,-5.44618764255316,Glutathione S-transferase A6 OS=Rattus norvegicus OX=10116 GN=Gsta6 PE=1 SV=1,False,False
Q9EPB1,-1.10124205188143,24.6348912473518,-2.14160420176657,0.0413482318258359,0.383188368522296,-4.15868998574688,Dipeptidyl peptidase 2 OS=Rattus norvegicus OX=10116 GN=Dpp7 PE=1 SV=1,False,False
P23977,-0.0319811478601366,26.7317009272205,-0.153405065515211,0.879212912062111,0.964490867058859,-6.26121532248298,Sodium-dependent dopamine transporter OS=Rattus norvegicus OX=10116 GN=Slc6a3 PE=1 SV=1,False,False
Q64232,-0.176401528432041,28.6951643186489,-0.721034022679926,0.477049445483061,0.767673921928908,-6.01541431033919,Very-long-chain enoyl-CoA reductase OS=Rattus norvegicus OX=10116 GN=Tecr PE=1 SV=1,False,False
P62278,-0.100161775124846,27.9324783407689,-0.549900355074356,0.586881608150031,0.833431777972611,-6.12255606090355,Small ribosomal subunit protein uS15 OS=Rattus norvegicus OX=10116 GN=Rps13 PE=1 SV=2,False,False
Q9Z250,-0.367245918189958,27.176200349973,-2.00945050792937,0.054520940856305,0.408485427466588,-4.39425343406803,Protein lin-7 homolog A OS=Rattus norvegicus OX=10116 GN=Lin7a PE=1 SV=2,False,False
P18445,-0.085454917102485,26.9575767076518,-0.537600444881503,0.595230653612004,0.841559788331332,-6.12917389390637,Large ribosomal subunit protein uL15 OS=Rattus norvegicus OX=10116 GN=Rpl27a PE=1 SV=3,False,False
P09216,0.21323693605202,27.0919112115733,2.02210975738699,0.0531154954233796,0.408485427466588,-4.37215689354767,Protein kinase C epsilon type OS=Rattus norvegicus OX=10116 GN=Prkce PE=1 SV=1,False,False
P20689,-0.102301679034007,28.1565379240362,-0.843567953542483,0.406279132395415,0.736616384487824,-5.92169374735654,"Myosin light chain kinase 2, skeletal/cardiac muscle OS=Rattus norvegicus OX=10116 GN=Mylk2 PE=1 SV=2",False,False
Q9JHL4,-0.141217791620083,28.9664598961445,-0.766728804067354,0.449856106020145,0.751639729204116,-5.98210418638747,Drebrin-like protein OS=Rattus norvegicus OX=10116 GN=Dbnl PE=1 SV=1,False,False
P70600,0.10782482682913,30.2966864704797,0.656219674041069,0.517203994633181,0.796936741666061,-6.05928140124591,Protein-tyrosine kinase 2-beta OS=Rattus norvegicus OX=10116 GN=Ptk2b PE=1 SV=1,False,False
P04177,-0.444400806252709,27.5161341637174,-3.13077183378442,0.0041422030341988,0.186916911918224,-2.1105336940287,Tyrosine 3-monooxygenase OS=Rattus norvegicus OX=10116 GN=Th PE=1 SV=3,False,False
Q6XVN8,0.0895338578287834,26.4308250601073,0.712467492824865,0.482251388335885,0.769026640392367,-6.02144032936044,Microtubule-associated proteins 1A/1B light chain 3A OS=Rattus norvegicus OX=10116 GN=Map1lc3a PE=1 SV=1,False,False
P04041,0.10568971142953,20.6221973822912,0.193055551103144,0.848351832779668,0.953075762344792,-6.25435015144764,Glutathione peroxidase 1 OS=Rattus norvegicus OX=10116 GN=Gpx1 PE=1 SV=4,False,False
Q62625,0.708133621173697,23.1641325764735,1.48422068987105,0.149263809452046,0.565219250477504,-5.21470799613724,Microtubule-associated proteins 1A/1B light chain 3B OS=Rattus norvegicus OX=10116 GN=Map1lc3b PE=1 SV=3,False,False
H1UBN0,0.0793178748174483,24.7227722732036,0.591866626988581,0.558834754219422,0.823266493119594,-6.09887720579127,Copine-7 OS=Rattus norvegicus OX=10116 GN=Cpne7 PE=1 SV=1,False,False
P20070,-0.341413512660555,27.0652311758811,-0.77691106630445,0.443925236852335,0.751204736736061,-5.97441487644072,NADH-cytochrome b5 reductase 3 OS=Rattus norvegicus OX=10116 GN=Cyb5r3 PE=1 SV=2,False,False
P01026,-0.0012428080045019,30.3346024304006,-0.01212147620439,0.990417296134279,0.99254110525427,-6.27291072767766,Complement C3 OS=Rattus norvegicus OX=10116 GN=C3 PE=1 SV=3,False,False
P49185,0.20582063586243,25.3731233116629,0.969712625649112,0.340746363986068,0.701461707336402,-5.81074622428327,Mitogen-activated protein kinase 8 OS=Rattus norvegicus OX=10116 GN=Mapk8 PE=1 SV=1,False,False
P62271,-0.399518391840083,25.529030115337,-1.75298986695457,0.0908855793953184,0.47321674271697,-4.81924075695181,Small ribosomal subunit protein uS13 OS=Rattus norvegicus OX=10116 GN=Rps18 PE=1 SV=3,False,False
P00884,-0.183174778341527,27.0041371973429,-1.13070895618135,0.268063442353098,0.649390148621024,-5.6484251975517,Fructose-bisphosphate aldolase B OS=Rattus norvegicus OX=10116 GN=Aldob PE=1 SV=2,False,False
Q9JJL4,-0.350245755357843,27.5407301210159,-1.66988328917889,0.106429184937387,0.505780261280807,-4.94722261309769,Rho-related GTP-binding protein RhoQ OS=Rattus norvegicus OX=10116 GN=Rhoq PE=2 SV=1,False,False
P19629,0.145583536576044,28.508120969249,0.648626122456318,0.522026782527311,0.799653473093462,-6.06415966256563,L-lactate dehydrogenase C chain OS=Rattus norvegicus OX=10116 GN=Ldhc PE=1 SV=3,False,False
Q07205,0.0217402027229419,26.9197992137005,0.129267625226262,0.89809840553028,0.965879417268415,-6.26462641887012,Eukaryotic translation initiation factor 5 OS=Rattus norvegicus OX=10116 GN=Eif5 PE=1 SV=1,False,False
Q6JE36,-0.501510148526435,25.9187426720851,-2.11746475222103,0.0435184215313238,0.383188368522296,-4.20251406720981,Protein NDRG1 OS=Rattus norvegicus OX=10116 GN=Ndrg1 PE=1 SV=1,False,False
P21818,0.0764008049773039,26.8257666140591,0.610721890008144,0.546460812816734,0.819336097944087,-6.08768655324118,Stathmin-2 OS=Rattus norvegicus OX=10116 GN=Stmn2 PE=1 SV=2,False,False
Q9JJW1,0.0753239643634025,25.4937235370937,0.48823337669427,0.629303039684609,0.861680037851078,-6.15425941871638,Tetraspanin-2 OS=Rattus norvegicus OX=10116 GN=Tspan2 PE=1 SV=1,False,False
P09215,-0.0865077163067696,28.3659298894534,-0.757066166681957,0.455527939041893,0.753417344492408,-5.98931137714906,Protein kinase C delta type OS=Rattus norvegicus OX=10116 GN=Prkcd PE=1 SV=1,False,False
P70618,-0.021929371637551,25.248568016329,-0.0795497290901927,0.93717859936351,0.985245766664636,-6.26981848874511,Mitogen-activated protein kinase 14 OS=Rattus norvegicus OX=10116 GN=Mapk14 PE=1 SV=3,False,False
P27274,0.188507582378165,23.2190206616221,0.574207584356008,0.570552634056932,0.824482673388058,-6.1090479484152,CD59 glycoprotein OS=Rattus norvegicus OX=10116 GN=Cd59 PE=1 SV=2,False,False
E9PT87,0.35895895865858,28.063105278616,1.61583965588937,0.117686805413789,0.526672769682368,-5.02775508180929,Myosin light chain kinase 3 OS=Rattus norvegicus OX=10116 GN=Mylk3 PE=1 SV=1,False,False
B0BNN3,-0.260367790555762,23.9444758335651,-0.407841640580179,0.686586993442516,0.892859659958677,-6.19002550376861,Carbonic anhydrase 1 OS=Rattus norvegicus OX=10116 GN=Ca1 PE=1 SV=1,False,False
P16409,-0.185029692298428,24.7541223927109,-0.419757070709619,0.677964733292515,0.892859659958677,-6.18512369996166,Myosin light chain 3 OS=Rattus norvegicus OX=10116 GN=Myl3 PE=1 SV=2,False,False
O35331,0.201688664649286,27.4598106246265,1.57896924329963,0.125920033325439,0.543635773358507,-5.08145244933839,Pyridoxal kinase OS=Rattus norvegicus OX=10116 GN=Pdxk PE=1 SV=1,False,False
B0LPN4,-0.133380139157062,30.9489275200642,-0.998894845127495,0.326662134466007,0.69201029637035,-5.78302807229737,Ryanodine receptor 2 OS=Rattus norvegicus OX=10116 GN=Ryr2 PE=1 SV=2,False,False
Q9WVK7,0.0607797146587963,25.3945723839836,0.198461373213896,0.844162130760789,0.951487315901767,-6.25329277349708,"Hydroxyacyl-coenzyme A dehydrogenase, mitochondrial OS=Rattus norvegicus OX=10116 GN=Hadh PE=2 SV=1",False,False
P62425,-0.0679010901450035,26.1756558380808,-0.489929206877749,0.628118069085698,0.861680037851078,-6.15343697952415,Large ribosomal subunit protein eL8 OS=Rattus norvegicus OX=10116 GN=Rpl7a PE=1 SV=2,False,False
P29066,-0.207543588374534,27.3435280621739,-1.99967246063694,0.0556288253845482,0.408485427466588,-4.41125142832632,Beta-arrestin-1 OS=Rattus norvegicus OX=10116 GN=Arrb1 PE=1 SV=1,False,False
Q64537,-0.682020117200853,26.6770552860068,-2.05141380991688,0.049984097941927,0.40712005433622,-4.32062088264361,Calpain small subunit 1 OS=Rattus norvegicus OX=10116 GN=Capns1 PE=1 SV=3,False,False
B0BN85,-0.592710223590494,28.4289291364945,-2.28887674529906,0.0300845047089656,0.342118788853921,-3.88396041508239,Protein SGT1 homolog OS=Rattus norvegicus OX=10116 GN=Sugt1 PE=2 SV=1,False,False
Q29RW1,-0.0973525516436702,31.3536506824667,-0.780222602925361,0.442006567430405,0.751204736736061,-5.97189323426694,Myosin-4 OS=Rattus norvegicus OX=10116 GN=Myh4 PE=1 SV=1,False,False
Q5PPG6,-0.733859486111967,23.6390426068062,-2.46436578134861,0.0203375961549615,0.293674888477643,-3.54101916172508,Nucleosome assembly protein 1-like 5 OS=Rattus norvegicus OX=10116 GN=Nap1l5 PE=2 SV=1,False,False
Q6VBQ5,0.608221051165852,24.724030426425,1.79434556918749,0.0838973261249052,0.463575531598328,-4.75372627082062,Myeloid-associated differentiation marker OS=Rattus norvegicus OX=10116 GN=Myadm PE=1 SV=1,False,False
P97526,-0.0451998929589621,30.1522506412419,-0.508224295849455,0.615399117225767,0.852288736537174,-6.14438634814671,Neurofibromin OS=Rattus norvegicus OX=10116 GN=Nf1 PE=1 SV=1,False,False
O35180,-0.0348290065218038,28.8039594270096,-0.283686023965455,0.778802271177735,0.922233536190899,-6.23278085683312,Endophilin-A3 OS=Rattus norvegicus OX=10116 GN=Sh3gl3 PE=1 SV=2,False,False
O88377,-0.123008736130629,27.1759122892965,-0.916778448310271,0.367327700306689,0.714000038793204,-5.85906744558285,Phosphatidylinositol 5-phosphate 4-kinase type-2 beta OS=Rattus norvegicus OX=10116 GN=Pip4k2b PE=1 SV=1,False,False
Q63538,0.159904577751906,24.6234041149244,0.748578858476119,0.460544760640921,0.755712084506239,-5.99556972010378,Mitogen-activated protein kinase 12 OS=Rattus norvegicus OX=10116 GN=Mapk12 PE=1 SV=1,False,False
P18163,0.241100954427917,27.63037183838,1.66588610604265,0.107229807769186,0.505780261280807,-4.95325245513462,Long-chain-fatty-acid--CoA ligase 1 OS=Rattus norvegicus OX=10116 GN=Acsl1 PE=1 SV=1,False,False
P13234,0.0833758957704411,26.5778141101966,0.806230290615053,0.427113089492045,0.744590881594672,-5.95173366564422,Calcium/calmodulin-dependent protein kinase type IV OS=Rattus norvegicus OX=10116 GN=Camk4 PE=1 SV=3,False,False
Q5U1Z2,0.221928173018313,26.9430487760719,0.98268485646065,0.334435567899985,0.693857701217786,-5.7985190366182,Trafficking protein particle complex subunit 3 OS=Rattus norvegicus OX=10116 GN=Trappc3 PE=2 SV=1,False,False
Q9JJ79,-0.221778026857049,31.1784962771923,-0.703296743119661,0.487856158127086,0.772438917034552,-6.02781457069803,Cytoplasmic dynein 2 heavy chain 1 OS=Rattus norvegicus OX=10116 GN=Dync2h1 PE=1 SV=1,False,False
D3ZHV2,-0.0490437083340112,32.5047559204279,-0.38715215962373,0.701660571884781,0.895034811898063,-6.19820555728121,Microtubule-actin cross-linking factor 1 OS=Rattus norvegicus OX=10116 GN=Macf1 PE=1 SV=1,False,False
Q9WTY9,0.130442686826637,23.8205222797234,0.505679610989016,0.61716104446925,0.853621214763982,-6.14566469650991,Mitogen-activated protein kinase 13 OS=Rattus norvegicus OX=10116 GN=Mapk13 PE=1 SV=1,False,False
Q99MZ8,-0.363241004328781,25.5002433196833,-1.96244623116414,0.0600298079207787,0.408485427466588,-4.47540597988537,LIM and SH3 domain protein 1 OS=Rattus norvegicus OX=10116 GN=Lasp1 PE=1 SV=1,False,False
Q68FU3,0.0283914391391491,26.8610122488296,0.185272578296515,0.854391834186186,0.954908520561031,-6.25582135892424,Electron transfer flavoprotein subunit beta OS=Rattus norvegicus OX=10116 GN=Etfb PE=1 SV=3,False,False
Q07310,0.0987058122514526,32.1530321267359,0.508207551096285,0.615410703575319,0.852288736537174,-6.1443947806092,Neurexin-3 OS=Rattus norvegicus OX=10116 GN=Nrxn3 PE=1 SV=1,False,False
Q6AYE4,-0.157724528545799,27.2617714871259,-0.772365571907347,0.446567010374337,0.751639729204116,-5.9778594614627,V-type proton ATPase subunit C 2 OS=Rattus norvegicus OX=10116 GN=Atp6v1c2 PE=2 SV=1,False,False
P19493,-0.397947355830819,28.284119529306,-1.81256539392323,0.0809673335239391,0.458361035608803,-4.72448472630025,Glutamate receptor 4 OS=Rattus norvegicus OX=10116 GN=Gria4 PE=1 SV=1,False,False
P08934,0.0881116845216496,31.4267164619246,0.354475038811708,0.725720311245875,0.897280901722637,-6.21026721729499,Kininogen-1 OS=Rattus norvegicus OX=10116 GN=Kng1 PE=2 SV=1,False,False
D3Z987,-0.0072982559660559,31.6574011744934,-0.0277282583322374,0.978081618834199,0.989911181798765,-6.27259956823392,RNA-binding protein 44 OS=Rattus norvegicus OX=10116 GN=Rbm44 PE=1 SV=1,False,False
P62198,0.0195077124489096,27.4459471050732,0.11514682763194,0.909175800692379,0.969993773338247,-6.26635221697832,26S proteasome regulatory subunit 8 OS=Rattus norvegicus OX=10116 GN=Psmc5 PE=1 SV=1,False,False
Q9ERQ6,-0.0241807282913626,25.1969752698143,-0.152328607957271,0.880053690477113,0.964490867058859,-6.26137983745311,Chondroitin sulfate proteoglycan 5 OS=Rattus norvegicus OX=10116 GN=Cspg5 PE=1 SV=1,False,False
P37397,-0.23952633158812,26.2682669438409,-1.2422076410944,0.224778992531492,0.622634938422747,-5.52281368783697,Calponin-3 OS=Rattus norvegicus OX=10116 GN=Cnn3 PE=1 SV=1,False,False
D3ZFD0,0.275797246342812,31.5703823354459,2.58595784707356,0.0153903931663761,0.275024905000413,-3.29423732905361,Unconventional myosin-XVIIIa OS=Rattus norvegicus OX=10116 GN=Myo18a PE=1 SV=2,False,False
Q9JKS6,-0.3041322189992,31.4656841117152,-2.69986938547329,0.0117929503059872,0.269897189847112,-3.05675622613305,Protein piccolo OS=Rattus norvegicus OX=10116 GN=Pclo PE=1 SV=1,False,False
P19643,0.0213110230255502,24.1196649283503,0.100190225148767,0.920929186334252,0.977711764611581,-6.26796290255287,Amine oxidase [flavin-containing] B OS=Rattus norvegicus OX=10116 GN=Maob PE=1 SV=3,False,False
Q04666,0.477598617841647,28.0427345104361,1.56851440881254,0.128339044651585,0.545063471990848,-5.09649269181397,Transcription factor HES-1 OS=Rattus norvegicus OX=10116 GN=Hes1 PE=1 SV=1,False,False
P83732,-0.198620253260167,28.1000448361595,-1.38948463858435,0.175971614665882,0.592287601597179,-5.34095214114315,Large ribosomal subunit protein eL24 OS=Rattus norvegicus OX=10116 GN=Rpl24 PE=2 SV=1,False,False
P23505,0.757483220584447,26.8233715128739,1.45150188637433,0.158093568844213,0.574769328055622,-5.25911048072347,Cell surface glycoprotein gp42 OS=Rattus norvegicus OX=10116 PE=2 SV=1,False,False
A2RUW1,-0.203145743070454,26.5061644088897,-0.889177139451746,0.381715661837167,0.723252277454732,-5.88325464017737,Toll-interacting protein OS=Rattus norvegicus OX=10116 GN=Tollip PE=1 SV=1,False,False
O88480,-0.0068928855450884,28.8076097375511,-0.0619800567626879,0.951032566445449,0.985245766664636,-6.27106237062698,Calcineurin-binding protein cabin-1 OS=Rattus norvegicus OX=10116 GN=Cabin1 PE=1 SV=1,False,False
P80432,-0.0655506592605803,23.4805098366158,-0.20387514597307,0.839970928088342,0.950942603849,-6.25220466562168,"Cytochrome c oxidase subunit 7C, mitochondrial OS=Rattus norvegicus OX=10116 GN=Cox7c PE=1 SV=2",False,False
O35952,0.437476332573539,26.1831071063553,2.10980850337331,0.0442276510298126,0.383188368522296,-4.21634053812087,"Hydroxyacylglutathione hydrolase, mitochondrial OS=Rattus norvegicus OX=10116 GN=Hagh PE=1 SV=2",False,False
Q792I0,0.153265155880604,25.3551430210212,0.662166549718169,0.513444112576851,0.793739609889097,-6.05542264092017,Protein lin-7 homolog C OS=Rattus norvegicus OX=10116 GN=Lin7c PE=1 SV=1,False,False
P97544,-0.0179796294849659,22.5651483578335,-0.0948989227426608,0.92509177795387,0.980307627714326,-6.26847918804567,Phospholipid phosphatase 3 OS=Rattus norvegicus OX=10116 GN=Plpp3 PE=1 SV=1,False,False
P00564,-0.0452472425128505,29.2161270178017,-0.419302707866931,0.678292713797767,0.892859659958677,-6.18531317157324,Creatine kinase M-type OS=Rattus norvegicus OX=10116 GN=Ckm PE=1 SV=2,False,False
Q63372,0.133132711880133,28.8243881763681,0.618648177556381,0.541302212996027,0.817387820826204,-6.08288044597259,Neurexin-1 OS=Rattus norvegicus OX=10116 GN=Nrxn1 PE=1 SV=3,False,False
Q7TQ16,-0.0515971161692157,24.4106609062544,-0.384229978691275,0.703799766743423,0.895034811898063,-6.19932699037754,Cytochrome b-c1 complex subunit 8 OS=Rattus norvegicus OX=10116 GN=Uqcrq PE=3 SV=1,False,False
Q64361,0.200207582922989,26.7896837217286,1.01967922301056,0.316877735080405,0.683622683450355,-5.76282236153974,Latexin OS=Rattus norvegicus OX=10116 GN=Lxn PE=1 SV=1,False,False
P18298,0.208107903648873,26.8250696751314,0.978267432643867,0.336575590256703,0.696962455541128,-5.80269971158711,S-adenosylmethionine synthase isoform type-2 OS=Rattus norvegicus OX=10116 GN=Mat2a PE=1 SV=1,False,False
P25409,-0.506033284748192,26.8437595437004,-2.99316517536351,0.0058211256875573,0.217388935159469,-2.42020623112501,Alanine aminotransferase 1 OS=Rattus norvegicus OX=10116 GN=Gpt PE=1 SV=2,False,False
P70627,0.361322977669882,27.9346329628114,3.19866294604087,0.0034954726060834,0.180266515828018,-1.9554562610086,Glutamate carboxypeptidase 2 OS=Rattus norvegicus OX=10116 GN=Folh1 PE=1 SV=1,False,False
Q05030,-0.0929894698878719,28.9434745854817,-0.939493630184706,0.355757906641052,0.704778032797435,-5.83864219690031,Platelet-derived growth factor receptor beta OS=Rattus norvegicus OX=10116 GN=Pdgfrb PE=2 SV=2,False,False
Q8R431,-1.02374114022352,23.1644080519429,-1.74423022043323,0.0924276192915373,0.47440337295135,-4.83296315748649,Monoglyceride lipase OS=Rattus norvegicus OX=10116 GN=Mgll PE=1 SV=1,False,False
Q9ES40,-0.576020986085933,23.7280074614824,-2.59274187597705,0.0151503358536155,0.275024905000413,-3.28026006482992,PRA1 family protein 3 OS=Rattus norvegicus OX=10116 GN=Arl6ip5 PE=1 SV=1,False,False
P11950,-0.314420245956207,26.386259443195,-2.563985241176,0.0161923738208682,0.275024905000413,-3.33935960675956,Cytochrome c oxidase subunit 6C-1 OS=Rattus norvegicus OX=10116 GN=Cox6c1 PE=1 SV=3,False,False
P24135,-0.14707278271489,30.5918876318493,-1.0607030576497,0.298166242954018,0.668226574386927,-5.72181547640696,"1-phosphatidylinositol 4,5-bisphosphate phosphodiesterase gamma-2 OS=Rattus norvegicus OX=10116 GN=Plcg2 PE=1 SV=1",False,False
Q9ERC1,-0.126762014040629,28.6732840524583,-0.908585426813533,0.371560865264653,0.718572173360035,-5.8663195114427,Unconventional myosin-XVI OS=Rattus norvegicus OX=10116 GN=Myo16 PE=1 SV=1,False,False
Q566C7,-0.319999730007204,28.2093623268016,-1.74779001349654,0.0917983008680994,0.47341695161977,-4.82739312277525,Diphosphoinositol polyphosphate phosphohydrolase 1 OS=Rattus norvegicus OX=10116 GN=Nudt3 PE=1 SV=1,False,False
Q8VGC3,-0.265379238718616,30.2146174364802,-2.08526869387575,0.0465707519946026,0.394032221954333,-4.26041773722613,Voltage-dependent L-type calcium channel subunit beta-2 OS=Rattus norvegicus OX=10116 GN=Cacnb2 PE=1 SV=2,False,False
P18265,-0.0024964368125175,25.6456622170087,-0.0196997336846955,0.984426909323425,0.989911181798765,-6.27279007599545,Glycogen synthase kinase-3 alpha OS=Rattus norvegicus OX=10116 GN=Gsk3a PE=1 SV=1,False,False
Q63797,0.0663742353064869,27.4734920748599,0.287102264282824,0.77621297660522,0.920936836263916,-6.23180826782215,Proteasome activator complex subunit 1 OS=Rattus norvegicus OX=10116 GN=Psme1 PE=2 SV=1,False,False
Q5U1X1,-0.018546795019514,27.4757237057538,-0.161725307471485,0.872719226207372,0.962479553953752,-6.25990473184386,"Oligoribonuclease, mitochondrial OS=Rattus norvegicus OX=10116 GN=Rexo2 PE=2 SV=1",False,False
P04182,0.0048934559403015,28.4729797685908,0.055231523876239,0.956358293018197,0.985245766664636,-6.27145807844916,"Ornithine aminotransferase, mitochondrial OS=Rattus norvegicus OX=10116 GN=Oat PE=1 SV=1",False,False
P24587,-0.282330707000519,26.9135230327544,-1.47074331278979,0.152851625498996,0.572214241083807,-5.23309962352514,A-kinase anchor protein 5 OS=Rattus norvegicus OX=10116 GN=Akap5 PE=1 SV=2,False,False
O54889,-0.0533647189019,28.8685541351017,-0.534783639280124,0.59715070025636,0.842075792158382,-6.13066884082729,DNA-directed RNA polymerase I subunit RPA1 OS=Rattus norvegicus OX=10116 GN=Polr1a PE=1 SV=1,False,False
Q63269,-0.120447929039976,30.3302282495407,-0.939076375120346,0.355968221551428,0.704778032797435,-5.83902160477676,"Inositol 1,4,5-trisphosphate-gated calcium channel ITPR3 OS=Rattus norvegicus OX=10116 GN=Itpr3 PE=1 SV=1",False,False
Q9Z327,-0.0867106217701625,29.2568586495911,-0.403193906958098,0.689961985113235,0.892859659958677,-6.19189971965457,Synaptopodin OS=Rattus norvegicus OX=10116 GN=Synpo PE=1 SV=2,False,False
P28492,-0.420898990676431,27.3536503190412,-1.9808431534706,0.0578181277854279,0.408485427466588,-4.44381240343999,"Glutaminase liver isoform, mitochondrial OS=Rattus norvegicus OX=10116 GN=Gls2 PE=2 SV=3",False,False
Q924S5,-0.0825569999169673,28.1305549215761,-1.08660756618529,0.286759839852164,0.660415468743517,-5.69515759236919,"Lon protease homolog, mitochondrial OS=Rattus norvegicus OX=10116 GN=Lonp1 PE=2 SV=1",False,False
Q64640,-0.26814083284923,25.4794637474878,-1.59280889915531,0.122775658058835,0.536153377732733,-5.06141609858375,Adenosine kinase OS=Rattus norvegicus OX=10116 GN=Adk PE=1 SV=3,False,False
P54283,-0.228582892751451,25.2450183026892,-1.39860004831893,0.173248071011926,0.590024090899107,-5.32911521333698,Voltage-dependent L-type calcium channel subunit beta-1 OS=Rattus norvegicus OX=10116 GN=Cacnb1 PE=1 SV=1,False,False
Q3SWU3,0.244645094331741,27.3653524187008,1.2674622867437,0.215749225022652,0.613731170416306,-5.49290100148999,Heterogeneous nuclear ribonucleoprotein D-like OS=Rattus norvegicus OX=10116 GN=Hnrnpdl PE=1 SV=1,False,False
P54287,-0.188027809800268,26.388442965698,-0.822849423800456,0.41775968643387,0.743964502863035,-5.9385222208408,Voltage-dependent L-type calcium channel subunit beta-3 OS=Rattus norvegicus OX=10116 GN=Cacnb3 PE=1 SV=1,False,False
P04166,0.543095640121294,27.7054673871391,2.33900945577585,0.0269372208801379,0.313688281862251,-3.78765947606012,Cytochrome b5 type B OS=Rattus norvegicus OX=10116 GN=Cyb5b PE=1 SV=2,False,False
D4A055,-0.402643106533429,27.3208937947463,-2.57565877363523,0.0157615942064265,0.275024905000413,-3.31541550823414,Voltage-dependent L-type calcium channel subunit beta-4 OS=Rattus norvegicus OX=10116 GN=Cacnb4 PE=1 SV=2,False,False
Q03346,0.31855859009546,27.7377119744434,1.75561855805028,0.0904271091427377,0.47321674271697,-4.81511220665198,Mitochondrial-processing peptidase subunit beta OS=Rattus norvegicus OX=10116 GN=Pmpcb PE=1 SV=3,False,False
G3V7W1,-0.913601711974703,23.4290353746077,-2.13564151296176,0.0418751025137056,0.383188368522296,-4.16954739033158,Programmed cell death protein 6 OS=Rattus norvegicus OX=10116 GN=Pdcd6 PE=2 SV=1,False,False
F1M0Z1,-0.0881756708621673,29.634865183183,-0.886619303216698,0.383067266683694,0.723252277454732,-5.88546087667055,Triple functional domain protein OS=Rattus norvegicus OX=10116 GN=Trio PE=1 SV=4,False,False
D4ACE5,-0.108396194907048,28.6081149209887,-0.887071439285111,0.382828125150183,0.723252277454732,-5.88507132658799,Protein inturned OS=Rattus norvegicus OX=10116 GN=Intu PE=1 SV=1,False,False
P26770,1.26724096494911,27.7537431124063,2.16309469032249,0.0394981447749124,0.383188368522296,-4.11938301683771,Adenylate cyclase type 4 OS=Rattus norvegicus OX=10116 GN=Adcy4 PE=1 SV=1,False,False
M0R8U1,-0.228255962922702,31.0968898153641,-1.59295414567878,0.12274300444772,0.536153377732733,-5.06120505465016,Dynein axonemal heavy chain 5 (Fragment) OS=Rattus norvegicus OX=10116 GN=Dnah5 PE=1 SV=1,False,False
Q04400,0.0331432019665669,28.2857961964825,0.211953824303312,0.833725561530306,0.950447140144549,-6.2505266662694,Adenylate cyclase type 5 OS=Rattus norvegicus OX=10116 GN=Adcy5 PE=1 SV=2,False,False
Q62745,0.885909863868573,23.9849637285976,4.4548951691781,0.0001301874150926,0.0156658856161484,1.09600836709876,CD81 antigen OS=Rattus norvegicus OX=10116 GN=Cd81 PE=1 SV=1,True,False
P31643,0.0168614104538634,23.8387947798373,0.0532104901609366,0.957953640164231,0.985245766664636,-6.27156771976384,Sodium- and chloride-dependent taurine transporter OS=Rattus norvegicus OX=10116 GN=Slc6a6 PE=1 SV=1,False,False
P59649,-0.16420174390748,25.4849918660977,-1.20215890639773,0.239678390503381,0.623212637002964,-5.56914965308557,FXYD domain-containing ion transport regulator 7 OS=Rattus norvegicus OX=10116 GN=Fxyd7 PE=1 SV=1,False,False
Q6P7P5,0.106507463678597,27.7420321386946,0.716574347706898,0.479753484575014,0.769026640392367,-6.01856005538899,eIF5-mimic protein 2 OS=Rattus norvegicus OX=10116 GN=Bzw1 PE=1 SV=1,False,False
Q8R523,0.566440682975134,28.2287887379412,1.83669412169416,0.0772224361772326,0.454521186847516,-4.68540776321475,Voltage-gated potassium channel regulatory subunit KCNG3 OS=Rattus norvegicus OX=10116 GN=Kcng3 PE=2 SV=2,False,False
Q5U4E6,-0.0825682656613473,30.8484109540076,-0.905645206217803,0.373087778546548,0.720238973557775,-5.86890715027208,Golgin subfamily A member 4 OS=Rattus norvegicus OX=10116 GN=Golga4 PE=1 SV=2,False,False
Q6PDU1,-0.171432587634229,26.9037583721997,-0.751886827890413,0.458585559188381,0.754784438603369,-5.99313853668058,Serine/arginine-rich splicing factor 2 OS=Rattus norvegicus OX=10116 GN=Srsf2 PE=1 SV=3,False,False
P27653,-0.132375067325604,29.3635879735013,-1.23323151879452,0.228056191211939,0.622634938422747,-5.53331659556981,"C-1-tetrahydrofolate synthase, cytoplasmic OS=Rattus norvegicus OX=10116 GN=Mthfd1 PE=1 SV=3",False,False
P97888,-0.11561824043353,26.8276887814331,-0.654891662893344,0.518045675099637,0.796936741666061,-6.06013850944936,Serine/threonine-protein phosphatase 2A 55 kDa regulatory subunit B gamma isoform OS=Rattus norvegicus OX=10116 GN=Ppp2r2c PE=2 SV=1,False,False
Q7M767,-0.561829465863635,26.9412356594028,-2.73598094619773,0.0108278275066347,0.269897189847112,-2.9802699541267,Ubiquitin-conjugating enzyme E2 variant 2 OS=Rattus norvegicus OX=10116 GN=Ube2v2 PE=1 SV=3,False,False
P31646,0.730685623318927,23.3265983506784,2.26352479361511,0.0317999513059749,0.344393472643708,-3.93213297958313,Sodium- and chloride-dependent GABA transporter 2 OS=Rattus norvegicus OX=10116 GN=Slc6a13 PE=1 SV=1,False,False
O54874,0.169024967493819,30.5700879380494,1.23292664989291,0.228168127356852,0.622634938422747,-5.53367213096173,Serine/threonine-protein kinase MRCK alpha OS=Rattus norvegicus OX=10116 GN=Cdc42bpa PE=1 SV=1,False,False
Q5M7W5,-0.041049435353731,28.3497230175602,-0.283197995848054,0.779172378222227,0.922233536190899,-6.23291885182301,Microtubule-associated protein 4 OS=Rattus norvegicus OX=10116 GN=Map4 PE=1 SV=1,False,False
P28570,0.334300586546167,23.0690680738659,1.30981996836627,0.201227683229482,0.600732989146499,-5.44153898133948,Sodium- and chloride-dependent creatine transporter 1 OS=Rattus norvegicus OX=10116 GN=Slc6a8 PE=1 SV=1,False,False
Q63170,-0.232420249670181,30.4759214260302,-2.14784678482616,0.0408029870349242,0.383188368522296,-4.14730025032762,Dynein axonemal heavy chain 7 OS=Rattus norvegicus OX=10116 GN=Dnah7 PE=2 SV=2,False,False
Q9Z1N4,-0.346811819574789,26.4153227712284,-2.21245991812228,0.0355264494914112,0.36297306414338,-4.02806664595935,"3'(2'),5'-bisphosphate nucleotidase 1 OS=Rattus norvegicus OX=10116 GN=Bpnt1 PE=1 SV=1",False,False
P35171,-0.263000922210487,23.0676486470009,-0.993840961223213,0.329072301598089,0.69201029637035,-5.78788300140959,"Cytochrome c oxidase subunit 7A2, mitochondrial OS=Rattus norvegicus OX=10116 GN=Cox7a2 PE=1 SV=1",False,False
Q9JIX5,-0.042966250931002,30.3186226660173,-0.431199150916591,0.669726690953068,0.887777241495928,-6.18028557072761,Chromodomain-helicase-DNA-binding protein 8 OS=Rattus norvegicus OX=10116 GN=Chd8 PE=1 SV=2,False,False
Q03343,0.128186870057316,27.2363373680272,0.729236177555167,0.472099299778516,0.76636636062807,-6.00957975300738,Adenylate cyclase type 6 OS=Rattus norvegicus OX=10116 GN=Adcy6 PE=1 SV=1,False,False
Q812D1,-0.1191960217378,28.5921062534745,-1.08487444974238,0.287513133770938,0.660415468743517,-5.69695947824564,PC4 and SFRS1-interacting protein OS=Rattus norvegicus OX=10116 GN=Psip1 PE=1 SV=1,False,False
P48056,0.206073541739162,21.1358650814607,0.52056158119078,0.606890149205684,0.847679582494811,-6.13809942963195,Sodium- and chloride-dependent betaine transporter OS=Rattus norvegicus OX=10116 GN=Slc6a12 PE=1 SV=1,False,False
G3V9R8,0.329556618523277,27.764084541204,1.43966813909667,0.161388200640165,0.580044497149806,-5.27496279307047,Heterogeneous nuclear ribonucleoprotein C OS=Rattus norvegicus OX=10116 GN=Hnrnpc PE=1 SV=2,False,False
Q62645,0.983217476426663,27.167916386742,3.03397634986831,0.005265274100774,0.211195994486602,-2.32904092564891,"Glutamate receptor ionotropic, NMDA 2D OS=Rattus norvegicus OX=10116 GN=Grin2d PE=1 SV=2",False,False
G3V7L1,-0.0669974464223735,31.0846794126307,-0.498925735170078,0.621848672391896,0.859007796174009,-6.14902705303888,Utrophin OS=Rattus norvegicus OX=10116 GN=Utrn PE=1 SV=3,False,False
Q63450,-0.530413601396049,27.6971686396411,-2.73809465731314,0.0107736958547909,0.269897189847112,-2.97577564455481,Calcium/calmodulin-dependent protein kinase type 1 OS=Rattus norvegicus OX=10116 GN=Camk1 PE=1 SV=2,False,False
Q6JEL3,0.172531842515696,27.9206839234364,0.953269902174066,0.348860550839435,0.70259627660982,-5.82602711616496,Kelch-like protein 10 OS=Rattus norvegicus OX=10116 GN=Klhl10 PE=1 SV=1,False,False
Q5XIA3,0.626753121312603,28.2074225706472,3.7581779391114,0.0008301362437409,0.059935836798095,-0.630395314535326,tRNA wybutosine-synthesizing protein 4 OS=Rattus norvegicus OX=10116 GN=Lcmt2 PE=2 SV=1,False,False
Q6GQP4,-0.207288123135655,25.0665440078501,-0.842351675461238,0.406947555821546,0.736616384487824,-5.92269261871228,Ras-related protein Rab-31 OS=Rattus norvegicus OX=10116 GN=Rab31 PE=1 SV=3,False,False
O35923,0.041811318430458,29.8844317007811,0.378885263570797,0.707718788319812,0.895034811898063,-6.20135637095876,Breast cancer type 2 susceptibility protein homolog OS=Rattus norvegicus OX=10116 GN=Brca2 PE=1 SV=1,False,False
P13437,0.311879590510035,25.8252890078487,1.02771522935461,0.313149675161809,0.679728839202903,-5.75490704975905,"3-ketoacyl-CoA thiolase, mitochondrial OS=Rattus norvegicus OX=10116 GN=Acaa2 PE=1 SV=1",False,False
P11530,0.175313613496439,30.3858509941285,1.37097761230896,0.181604812915524,0.597805508776632,-5.36477905656225,Dystrophin OS=Rattus norvegicus OX=10116 GN=Dmd PE=1 SV=2,False,False
Q920H8,0.165208501107045,26.957738355488,1.21111826047313,0.236282891773566,0.622634938422747,-5.55890148660803,Hephaestin OS=Rattus norvegicus OX=10116 GN=Heph PE=1 SV=1,False,False
Q5M823,-0.145163887126451,21.8207030294813,-0.185559193354695,0.854169243335734,0.954908520561031,-6.25576825101926,NudC domain-containing protein 2 OS=Rattus norvegicus OX=10116 GN=Nudcd2 PE=2 SV=1,False,False
P07896,-0.13392119938058,28.7147027690883,-0.912342110815993,0.369615911340629,0.716089502650986,-5.86300186025137,Peroxisomal bifunctional enzyme OS=Rattus norvegicus OX=10116 GN=Ehhadh PE=1 SV=2,False,False
P26769,-0.380958463462132,28.6863029544263,-0.756828596212165,0.455667923030958,0.753417344492408,-5.98948747506551,Adenylate cyclase type 2 OS=Rattus norvegicus OX=10116 GN=Adcy2 PE=1 SV=1,False,False
P0C0A9,-0.425437336005377,23.7901021536323,-1.20786649741836,0.237511099641874,0.622634938422747,-5.56262888729089,Small VCP/p97-interacting protein OS=Rattus norvegicus OX=10116 GN=Svip PE=1 SV=1,False,False
P60522,0.332093696123604,25.363019167122,2.56779034488973,0.0160507713906149,0.275024905000413,-3.33156186683396,Gamma-aminobutyric acid receptor-associated protein-like 2 OS=Rattus norvegicus OX=10116 GN=Gabarapl2 PE=3 SV=1,False,False
Q5U211,-0.356906996108822,26.0120377721895,-2.82886265972786,0.008675015975748,0.254885785854169,-2.78101756188101,Sorting nexin-3 OS=Rattus norvegicus OX=10116 GN=Snx3 PE=1 SV=1,False,False
P07153,-0.197460027053914,27.3432810735531,-1.62946371275764,0.114759567346875,0.521273724880218,-5.00765656733311,Dolichyl-diphosphooligosaccharide--protein glycosyltransferase subunit 1 OS=Rattus norvegicus OX=10116 GN=Rpn1 PE=2 SV=1,False,False
B1WC61,0.0051004397804739,28.2086129103694,0.0338189504627953,0.973268835353612,0.989911181798765,-6.2724120208766,"Complex I assembly factor ACAD9, mitochondrial OS=Rattus norvegicus OX=10116 GN=Acad9 PE=1 SV=1",False,False
P29117,-0.0080606689367321,25.6047802991722,-0.0268510314328772,0.97877486558092,0.989911181798765,-6.27262352230076,"Peptidyl-prolyl cis-trans isomerase F, mitochondrial OS=Rattus norvegicus OX=10116 GN=Ppif PE=1 SV=2",False,False
P19945,-0.040510830173595,27.3773817271092,-0.374304129603533,0.711084437729038,0.895034811898063,-6.20307344085311,Large ribosomal subunit protein uL10 OS=Rattus norvegicus OX=10116 GN=Rplp0 PE=1 SV=2,False,False
P47198,-0.34581765265478,25.8006604589306,-1.08399497247273,0.287895934770772,0.660415468743517,-5.69787284743932,Large ribosomal subunit protein eL22 OS=Rattus norvegicus OX=10116 GN=Rpl22 PE=2 SV=2,False,False
Q6AYN4,0.11421208786992,26.157354452491,0.860533885107643,0.397027562752241,0.728546490356954,-5.90761826382917,Phytanoyl-CoA hydroxylase-interacting protein-like OS=Rattus norvegicus OX=10116 GN=Phyhipl PE=1 SV=2,False,False
O88794,-0.355323105326395,24.3611009147711,-1.35281878687401,0.18726839469604,0.598579113496966,-5.38788861025647,Pyridoxine-5'-phosphate oxidase OS=Rattus norvegicus OX=10116 GN=Pnpo PE=1 SV=1,False,False
P38718,-0.494992889620498,26.7103949052597,-2.54735053998963,0.0168251220785912,0.278403113595511,-3.37336802731289,Mitochondrial pyruvate carrier 2 OS=Rattus norvegicus OX=10116 GN=Mpc2 PE=2 SV=1,False,False
P0C2B9,0.267679062533453,26.4714595137234,1.21545958198694,0.234650553105853,0.622634938422747,-5.5539111993347,Large ribosomal subunit protein mL42 OS=Rattus norvegicus OX=10116 GN=Mrpl42 PE=1 SV=1,False,False
Q8CFG6,0.123872094894278,29.0014469941761,0.736998244279464,0.467442397436402,0.761263332967855,-6.00399989944439,Voltage-dependent calcium channel subunit alpha-2/delta-2 OS=Rattus norvegicus OX=10116 GN=Cacna2d2 PE=2 SV=1,False,False
Q5FVM4,0.0520123905967118,29.0256965990664,0.369604194721074,0.714543558776072,0.895034811898063,-6.20481356100078,Non-POU domain-containing octamer-binding protein OS=Rattus norvegicus OX=10116 GN=Nono PE=1 SV=3,False,False
F1LTE0,-0.157455847273539,29.0599008074184,-0.942122792416062,0.354434597276033,0.704375966075082,-5.83624788980231,Protein TANC2 OS=Rattus norvegicus OX=10116 GN=Tanc2 PE=1 SV=2,False,False
P21588,-0.058824117828312,27.3916139721285,-0.512342994405712,0.612552310387641,0.851597114441354,-6.14230394669301,5'-nucleotidase OS=Rattus norvegicus OX=10116 GN=Nt5e PE=1 SV=1,False,False
P03889,0.020380691079513,24.5672102259179,0.188359079142666,0.851995444936593,0.954199655497756,-6.25524514381018,NADH-ubiquinone oxidoreductase chain 1 OS=Rattus norvegicus OX=10116 GN=Mt-nd1 PE=1 SV=3,False,False
Q9QYJ4,-0.294532261114846,29.1410169297996,-1.55101434151439,0.13247341081607,0.546066893332721,-5.12148284153559,ABC-type oligopeptide transporter ABCB9 OS=Rattus norvegicus OX=10116 GN=Abcb9 PE=1 SV=1,False,False
P97690,-0.151560413694188,30.0913364074435,-1.76041533109602,0.0895955659768418,0.47321674271697,-4.8075659633427,Structural maintenance of chromosomes protein 3 OS=Rattus norvegicus OX=10116 GN=Smc3 PE=1 SV=1,False,False
Q8K4B7,0.123110170575305,27.662839102715,0.952999743257486,0.348994943381161,0.70259627660982,-5.82627615132781,Dimethylaniline monooxygenase [N-oxide-forming] 4 OS=Rattus norvegicus OX=10116 GN=Fmo4 PE=1 SV=3,False,False
Q9Z2A6,0.158129596884326,28.8046035076466,1.17230635728279,0.251254170624678,0.628425558398443,-5.60280375215175,Mitogen-activated protein kinase 15 OS=Rattus norvegicus OX=10116 GN=Mapk15 PE=1 SV=2,False,False
O70127,0.0519879196697346,28.1919294338822,0.435008281982003,0.666993420729047,0.887777241495928,-6.17864646894131,Bile salt export pump OS=Rattus norvegicus OX=10116 GN=Abcb11 PE=1 SV=1,False,False
P20786,-0.139480126917285,27.381899990099,-1.13897387598452,0.264660187691905,0.64555997312994,-5.63947941130382,Platelet-derived growth factor receptor alpha OS=Rattus norvegicus OX=10116 GN=Pdgfra PE=1 SV=2,False,False
F1LMY4,-0.142571003746415,30.5494653248521,-1.15939901282489,0.25638487065695,0.636845905783205,-5.61711895077811,Ryanodine receptor 1 OS=Rattus norvegicus OX=10116 GN=Ryr1 PE=1 SV=1,False,False
O08560,-0.21951032196004,28.2787478676009,-1.0331497642051,0.310645835544423,0.678285161077844,-5.74952165388573,Diacylglycerol kinase zeta OS=Rattus norvegicus OX=10116 GN=Dgkz PE=1 SV=1,False,False
