,AC1R1.raw,AC1R2.raw,AC1R3.raw,AC2R1.raw,AC2R2.raw,AC2R3.raw,AHFD1R1.raw,AHFD1R2.raw,AHFD1R3.raw,AHFD2R1.raw,AHFD2R2.raw,AHFD2R3.raw,AHFD3IPR1.raw,AHFD3IPR2.raw,AHFD3IPR3.raw,AHFD4IPR1.raw,AHFD4IPR2.raw,AHFD4IPR3.raw,AHFD5PioR1.raw,AHFD5PioR2.raw,AHFD5PioR3.raw,AHFD6PioR1.raw,AHFD6PioR2.raw,AHFD6PioR3.raw,AHFD7CrR1.raw,AHFD7CrR2.raw,AHFD7CrR3.raw,AHFD8CrR1.raw,AHFD8CrR2.raw,AHFD8CrR3.raw
P16086,32.8709108561493,32.2072766519835,32.8526326265335,32.2357704919154,32.0663037598762,32.4082969523724,31.586678808064,32.2613208599068,31.963382259557,31.5588980543068,32.2858247273045,32.3567250195143,31.7259988153179,31.9985281102547,31.4054880181808,31.6529780392707,31.5450085323878,31.7242135871418,31.7457616901614,32.035177762902,31.57706491031,31.670271237916,31.4459478447488,31.4946348327321,31.8261035485368,31.7698388763514,32.4464511597469,31.7733407276811,31.6116108369412,31.6922274364154
P11442,31.3617112494885,31.1940506630717,31.4286780946782,31.3678312392188,31.6830994181552,31.2641377443366,31.1482006305437,31.2589637382948,31.5643652571196,31.3046928765044,31.0185554680946,31.2667037530555,31.3827256327171,31.4522080539832,31.2315498898009,31.268452600481,31.1039966153029,31.2792631213943,31.4971874645352,31.2895350902879,31.2163517945996,31.3808645857265,31.0607772995639,31.0870527209281,31.4787189419293,31.4790042554252,31.22627668321,31.3664079042916,31.2623798055183,31.4077720595263
P06687,29.9812518039391,29.8199356864569,29.807168532779,29.9194062362567,30.2662648746538,29.9093350772121,31.2062297439899,30.133234958876,30.5965836966683,30.5811514973018,30.1302232930459,30.0149128389123,30.29547158288,30.6089092373777,30.5053438384725,30.4287210265764,30.2422622453573,30.0287670581842,30.6454203881277,30.308961709782,30.8787061943889,30.2929122350104,30.4964237040151,30.4686678641853,30.5519645956937,30.4454921655908,29.7814806866882,30.3560584165995,30.298845391516,30.3582064683665
P13233,31.1353896732673,30.9363276161449,30.8048228859987,31.5785628468017,31.8425168516368,30.3064719260514,32.1947049764188,30.8694202513398,31.6901987355388,31.8830535161838,31.3688888908996,30.8674378181317,31.9288252256092,31.6382549532026,31.890149271899,31.8511216620683,32.0028256373506,31.6512276192603,31.8641138791786,31.7187955608361,32.2217151995396,32.2583995876916,32.270458616181,31.6265355683768,31.4579495869768,32.16197998259,31.1894893068969,31.8016932810518,31.514728165838,31.9977272100838
P23565,30.8519943651721,30.5185035220446,30.8872368082543,30.9167181953205,31.1506833724651,30.3386234609612,30.9685136448974,30.4259356957624,30.8802723040539,31.2254481935206,30.9255429240692,30.7608904386168,31.3025198309965,30.9849471074314,31.2610208957024,31.2561895883302,31.2639693211449,31.0331353746454,30.7811512472867,31.3231459526735,31.2170162543861,31.4353863079166,31.1573085909587,30.9175417359699,30.9382819280372,31.1803220256841,30.811656868742,30.873162616913,31.0087899377312,31.2848335176709
P06686,31.0371706117767,30.9926014325222,30.8351050203675,31.0596695894448,31.3025109558321,31.2340793454575,31.9917359335677,31.3524280866323,31.4791935523052,31.2454414703762,30.8926779371477,31.2061725654541,31.2626032873117,31.3910347753464,31.2307012424952,31.2042706105874,31.1299932097512,31.1374701467005,31.5263533891198,31.4006507906088,31.5388905041767,31.2026928214756,31.2529226329466,31.5496618379075,31.6212121283244,31.280116636994,30.9826218583214,31.2969809909116,31.2003191822928,31.2475182004847
P47942,30.1138981293237,30.4503242297496,30.1303938270213,30.78949440408,31.3422593992579,30.5286870331765,31.0952219112283,30.6312839829142,31.3523169541651,30.9531887145361,30.3439580237913,30.4295667281439,31.0765954430808,31.23373401296,30.5023192320941,30.9449215487662,31.0425898033906,30.9489888921202,31.272280728738,31.4887851555763,31.0838482364284,31.2831427535855,30.9249404011241,30.3723371749091,31.2356176746752,31.1728819025631,30.1939422643205,31.1970695435969,30.5240482062814,30.9591564664866
P69897,29.754585681369,29.00372970066,29.4270561515497,29.600888777295,30.3019060151947,28.9462342717632,29.3680857898711,29.0176364942692,30.0258761013625,30.1046441886529,29.1730897232191,29.5350333116044,30.220953513432,30.1958727397858,29.1799921434181,29.9900332968894,30.0292965750729,30.243067565056,29.6814510676807,29.4380299235801,29.8510730011113,29.9920023270374,30.0016012360499,29.0964388155574,29.9901810173475,30.2044109877179,29.370985778889,29.6514893964429,29.5104023118919,30.3607449398595
P06685,29.0143422428098,29.7644575112255,29.1971874487016,29.9379675154837,30.2240461910224,29.6813937415996,29.3294695874203,29.7721168819153,30.1675450044141,29.9031243258025,29.1322063978984,29.8043465183291,29.9800462691528,29.6115645461943,29.6717001451373,29.9641516729663,29.8963662079072,29.9415027356093,29.8573590032934,30.0189188311669,29.8687463285604,30.1009261700964,29.7362207101274,29.538973635197,30.22259640565,30.1572424380187,29.6961710495922,30.044854540567,29.6070486311876,29.8900489026393
Q3KRE8,26.7572677828838,25.7494620023341,26.1635534870958,25.7067665678407,25.7128333070552,25.8895650286218,26.1812282959993,26.0291085250649,26.2072265614772,26.2792201750914,27.1403503885435,26.2648665055435,25.9641902017523,26.0981034810598,26.1214978831581,26.3150535342355,26.43954661792,26.1804735649663,25.8980236914051,26.0906408670345,26.201252641391,26.1816507088541,26.4774235194176,25.8466650609779,25.9521941729453,25.6659119634175,26.284916965822,26.0985017901734,26.0374443842055,26.3550966927047
P07323,30.4820113091045,30.6163530179088,30.4643921178781,30.7435107517122,31.0267431968781,30.8253890183025,30.8248320384909,30.9106612148268,31.1724326899112,30.9881134408194,30.3761482105206,30.7879737240196,31.0941783486678,31.241146284002,30.6932106080057,30.9814583129441,30.8996419672793,30.9028832693764,31.1119141053226,31.699262242628,30.8503003178686,30.9914148826778,30.770505463575,30.797118179354,31.1933695656239,31.0058378622778,30.5191741514214,30.8917347127546,30.7011439129033,30.8259102011631
P85108,31.3908472171011,30.6015682642409,31.0589340701357,31.3634574040176,32.1647739232404,31.1465256876354,31.4319587536191,31.0424938218828,31.9754632147146,32.0172015024794,31.2425650575716,31.3562979927208,31.8553835013315,32.1384664504559,31.2731036010868,31.7904151188309,31.6918189249639,31.8004252669201,31.7046277343532,31.5084284852789,31.5828602163602,31.6709280634691,31.5496402200487,31.0302564449231,31.673532738159,31.7710295694706,30.8832041426284,31.4450333432019,31.0981941203871,32.0546332190042
Q5XIF6,31.0153055440453,30.2257664434419,30.8071819564442,30.9400590127516,31.565825311335,30.3691841747343,30.4886055996406,30.1235864062294,31.2432815452614,31.2972348612414,30.1346003750874,30.7196583923532,31.2539447803961,31.4130791768758,30.4778423160745,31.1004617521436,31.0318338988449,31.3279608298993,30.8675636181655,30.7776230471794,30.9713028849155,31.1194244402021,30.9686473744068,30.1555929982441,31.2467755074741,31.2786228707159,30.2427684569362,30.8052883308631,30.5452878604628,31.2836640086791
Q6P9T8,26.7330659483314,25.3074167089524,26.3273067509274,26.9323480096644,28.2021192563143,25.9622536047243,27.5036893000082,25.7010043482168,27.8850129447957,28.0527271113617,26.6295419598899,26.6570800980131,27.9334629895154,27.957303653185,26.683902000132,27.8244636910373,27.8290057045043,27.833786540466,27.3460156757328,27.4613303650942,27.852727437365,27.8021692602284,28.0612937103186,26.6898727487282,27.6577907662923,27.8790720848228,26.0607835364702,27.4641959986513,26.5731094458026,28.0156415484247
Q6AYZ1,33.0546094196256,32.0748585690858,32.7403668261859,33.0211085721798,33.7292150522958,32.839146501283,32.6909634015248,32.3895959588373,33.5259458776162,33.2770259883959,32.2668455676699,32.9150346013385,33.3131306652371,33.6155694069319,32.6005155399519,33.1345757405291,32.9583170828234,33.2139213929562,33.1952922360269,32.7581605242974,32.8874240596314,33.0521099277719,32.6656035715323,32.2946436018169,33.1920896451496,33.2568656780181,32.3738666648897,32.8501395940209,32.6418418933098,33.3759097070618
P10719,29.7912067207894,29.7757320398914,29.7948714667406,30.2720558571104,30.6536881330419,30.2043071936662,30.7059287291357,30.2289616316242,30.7620388901032,30.4304662354605,29.7200816122779,30.0699017843084,30.5272489561774,30.8059367630787,30.1736135837041,30.5554324241864,30.304740598597,30.3693129534496,30.6839041343485,30.2935415394155,30.5843843138266,30.4854327875675,30.3631089028579,30.4364074613048,30.815103534809,30.6026550460672,29.9033289769094,30.5519322841488,30.322419129843,30.5456786407751
Q68FR8,29.797600323843,29.1267855974543,29.5415862354185,29.6322929437418,30.0049466186434,29.5303746583272,28.9664833558709,29.1664954719169,29.8468294049911,29.852706869111,29.5944861299185,29.6410589261256,29.8554586660697,30.0048968350951,29.6070130913524,29.8361567991231,29.6477109404396,29.6763097477752,29.6819287955285,28.5244397533256,29.4551156124854,29.7769706080901,29.4866568592899,29.0386194854801,29.3491292397617,29.8479928507852,29.7275158972748,29.260403846586,29.6014293558919,29.9342447681229
P38650,31.9072067477434,31.8253812664761,31.8855590768984,31.6861908994904,31.5598879327443,31.9003846705506,31.2900622786916,31.8650025284916,31.4486871976847,31.2923141872473,31.47711372313,31.7024475670283,31.4097729150726,31.5011452804397,31.3712149496182,31.3697697256634,31.3949976557802,31.4432188123703,31.5236046422328,31.6229441825371,31.2856455068989,31.3583422127581,31.320272440682,31.3809753473964,31.3314080303365,31.3893892907155,31.6508676937744,31.4603800168236,31.5335175511244,31.4510389407854
P15999,30.834704833757,30.6125391558281,30.8066743235071,31.0229369289445,31.4591959257251,30.9936709032939,31.4550232869705,31.0744423625455,31.6231326641791,31.2205920175564,30.5082395823884,31.0442834167102,31.2884377727685,31.6169634351156,30.8683381124585,31.3629672333186,31.1170619433233,31.2499457286942,31.4594156013897,30.8163248865786,31.3223240622082,31.228076784693,31.2002007759226,31.2133936248938,31.593093226643,31.3513871725085,30.7641496764661,31.3916707846212,31.1092110951692,31.4605399152592
P63018,30.2918931677053,30.4605189876242,30.297974017059,30.5707251697699,30.8213417241208,30.5065811362419,30.8251973468052,30.6521318889337,30.8572398754835,30.5863055582584,30.141094547543,30.4265356750774,30.6982911833037,30.9788492933498,30.4550963538105,30.5831594705247,30.499332871879,30.5753270126101,30.8833741336518,31.1812700686138,30.7497139802248,30.7672245661017,30.512744720752,30.5788412169588,30.9515036520915,30.7835157237661,30.319869620462,30.7394326770075,30.6071992424913,30.6938286197282
Q9ER34,30.645711275081,30.288141434168,30.6579361480532,30.4063542579496,30.6157842220561,30.437727475868,30.5953602907676,30.3671335239828,30.7106451741006,30.4906240821741,30.1892026719635,30.4075933708229,30.431798872064,30.7022120854979,30.2879875766872,30.5402846434264,30.3412512802394,30.5117796006359,30.598883386423,30.4110126712729,30.5371462975998,30.5332313273801,30.2941585862112,30.3464680920554,30.6543549540338,30.433689504353,30.1856314750393,30.4314043700822,30.2672589124131,30.4244156152265
Q4QRB4,27.9591796148271,27.1250039000434,27.3503436464218,27.7833298041464,28.6985298559043,27.1032257395413,28.4244635930995,26.9777105693589,28.5092553333682,28.6013992766211,27.452545077741,27.5493255375747,28.6350798873368,28.4538000411328,27.9492423689815,28.5460606742019,28.5306590189702,28.6716347365385,28.2690636636395,27.7626506004289,28.6388076123138,28.5072151961305,28.473431199226,27.6292009505948,28.3528888910427,28.571321346529,27.237734224277,28.0800154523387,27.7532981361546,28.5473598461187
P21575,30.0090859375683,30.0089730521869,29.9180119716939,30.2252601212388,30.6119138660438,30.3505543864697,30.225078326918,30.2084890818344,30.4959844629614,30.3649346018128,30.2279182939019,30.2168107379569,30.343840980337,30.5352345857909,30.1178417090627,30.212703407839,30.1979867228759,30.2475376189297,30.2383529931328,30.6122833899609,30.1962420897253,30.3186739167972,30.0365148242668,30.1679803001031,30.6558436520335,30.3020682964263,29.8930518174313,30.2562162116252,30.1250632912626,30.2431523835463
P07335,30.6220495896434,31.1822217791401,30.6449081811434,31.280039678319,31.6377072122567,31.0909520747709,31.0534428616919,31.3740939191057,31.5241013051401,30.9862209816961,30.4902196249533,31.1680398264469,31.3102016296461,31.4218614081403,30.8085131144205,31.3182913932967,31.0575380587258,31.2984682421936,31.2033040461049,31.9366141361391,31.1992266673734,31.4006862775084,30.9828884643818,31.1311677724465,31.6967333749554,31.4229130846501,30.8368564415659,31.2968768338563,31.0255316343742,31.2001765881762
P04764,28.7982097203806,29.0404709602367,28.6091703707937,29.5141756206321,29.7170761402793,28.9113579092567,29.884464871506,29.1856412422341,29.7435660239379,29.8482600850818,29.2524302560265,29.1401612319468,29.7491246540651,30.1166465450903,29.396713974238,29.697552491022,29.8990442169684,29.6647312507855,29.9407495714914,30.2008726249641,29.8280737159686,29.9480798958735,29.8790048760134,29.7757315106925,29.9152946853225,29.8281459721064,28.9894401868772,29.8926924839768,29.4065454379919,29.6969501714925
P11980,30.7368852038958,30.6896805944096,30.575614980235,30.9639488398194,31.2339385034722,31.1041892426932,31.2396944844811,31.0846066367754,31.4649993975867,31.1850212228446,31.0349819895278,31.0322623910796,31.1562566148508,31.3527580444001,30.9532990489011,31.2249515038144,31.076465271491,31.1140217441208,31.2560490851537,31.4024409406068,31.195999914139,31.2906091889663,30.8986035208147,30.9027119157166,31.3531129091279,31.1122902601173,30.759956447436,31.3147084571208,30.924160920301,31.1308283358343
P12839,29.4254242381729,29.1340724031023,29.5378158734655,29.6697275022094,29.9783948046799,29.6519084802615,30.3945352027719,29.6077422878184,29.9305931624421,30.2558443719624,30.0280717940982,29.7134788200744,30.2492524495695,30.0091712855252,30.2477399340896,30.1947348496249,30.4178848722009,30.0812011077032,29.790326024477,30.4678420167234,30.2320503354333,30.3140892186983,30.1950115256863,30.0869083960211,30.1854311408651,30.062353767281,29.6868095595793,30.0822406798713,29.8151720829978,30.3097392767369
P02770,27.8014276386216,28.0328837567185,27.7090953026759,28.2864806682848,28.7091065713172,28.1885046427145,29.270875296672,28.3929784278904,29.0486633795585,28.8949039307976,28.8964693735918,28.5588551562604,28.9536429181574,28.6735556387189,29.0360249640203,29.1061508419385,29.089259418791,29.0326094797395,27.8416218592259,29.5312928057724,28.1652720460677,28.756951640647,28.2031092643858,27.6399300155029,29.1555390913923,28.5771536186068,27.9425359605308,28.830981756355,28.060671351951,28.9881426655282
P63102,29.7605324683646,30.3421361302633,30.0371298404386,30.6220209059016,31.3169796938508,30.7687897444645,30.6155672989555,30.787418165458,31.3718515562637,31.1367344032499,30.1786920916922,30.6690366732454,31.1865379470886,31.3421314841773,30.697005831643,31.1421790173605,30.9121530953773,31.0015705638891,31.2479912286543,31.4281648966097,30.8528746301393,31.2372718044443,30.7597815133576,30.2501827896283,31.4023907782054,31.1028906014558,30.3693368048343,31.1941809267696,30.545941471345,31.0559374177332
P61765,29.1107394891971,29.9226624922332,29.2515183295746,29.5873150244702,30.1768882486135,30.399795740516,30.0311181456259,29.6731725506533,30.1257712937448,29.9146672038284,29.3194607346481,29.4962835830695,29.8874607374955,29.6350515959376,29.5794380004916,29.8928993752205,30.0047793145179,29.9112382157798,30.0080033152902,30.0369119716406,29.9170673726153,30.0625764991187,29.7019392300083,29.9828744425556,30.2998143490357,30.2611212509049,29.2401761440436,29.9705003396582,29.5889541995471,30.057972340331
P04636,29.4541242195344,29.6529715210632,29.3326090167348,29.9130464846153,30.3544843981541,29.8520989451087,30.5089655981889,30.054110041308,30.487832277044,30.2831254439798,29.6236074277579,29.8916645544602,30.2653208114566,30.4864174217973,30.0295304618687,30.2646237081159,30.0110664111854,30.153396733152,30.479119757184,30.1860185312995,30.3669581291547,30.2727174087934,30.1360541893685,30.2492613316264,30.5256921830189,30.225043455892,29.6601407083717,30.2117105779582,29.9306990813727,30.2188282442675
P82995,29.3122240303689,29.3144522559557,29.2357684901521,29.3895004601755,29.6304158055716,29.5680655367855,29.9767549425394,29.8044158035727,29.8003240283395,29.7089113153132,29.8201246759173,29.4809822270429,29.7413733994907,29.8319800566309,29.6682753310306,29.6659044124392,29.5464365021845,29.596178304982,29.9059286573452,29.8697072030591,29.867018610406,29.7664422392157,29.7579767011769,29.7665147737963,29.989776554113,29.563227588623,29.3519847028479,29.6812163190615,29.4168949937613,29.6637731839023
P05708,29.4352925363639,29.6140648296526,29.5760405811464,29.8164884243448,30.2057580242238,29.8987198053989,30.0157395953266,29.9452633726061,30.2933768876411,30.1638915862087,29.8744302462478,29.9506241337287,30.2543920350194,30.3440136956127,29.824260950638,30.096713035459,30.0114483644738,30.0488250026258,30.1405326032882,29.6966657210226,29.9625312439261,30.1069950857756,29.8877913321796,29.7978808741192,30.261208121111,30.1430318859864,29.629842193691,30.0821282567908,29.7645660512073,30.1009124755836
P13221,29.0287814364136,29.2117910620759,28.863420862358,29.2011132098987,29.4526528822857,29.2574379801218,29.8403323492307,29.3681718854007,29.5610252832634,29.515081055962,29.2327634124852,29.2288405835794,29.4338285306423,29.5421267838438,29.4085922084279,29.3873279185908,29.4310635826162,29.3893608321879,29.4868520404168,30.0541793447979,29.6191657622446,29.5393099105207,29.3572798142803,29.4856845588701,29.8133759053312,29.4819269017647,29.0323431314749,29.5402284239327,29.3308447751752,29.3283072483945
P48500,28.7325004850053,28.926705679971,28.982606790003,29.3503971575005,30.0344823782002,29.0159040179247,29.8022556983232,29.1048872045217,29.898018436332,29.5921317817632,28.8746309981684,28.9019114304024,29.7469777546003,29.8516856354346,29.4049728206862,29.7496583274051,29.5514089365266,29.5855351742441,29.8615568021097,29.7253667418939,29.8776576417562,29.7461227842172,29.6682487681958,29.2602393072217,29.8884032676922,29.7874818192625,28.7988508622712,29.6514017054125,29.2467678983997,29.7147540325047
Q6AY56,24.6291290227571,25.2889921400358,24.3274519782606,23.9888175032958,23.6634401821709,24.3438933280102,25.8866711685147,25.0802390882382,23.1600368858876,23.6895031550428,23.7229737787212,24.0405958116911,23.3993528498951,24.3734892316204,26.2389852488828,26.025585140677,26.5726695232845,23.7426312255348,26.0356455149248,23.0962524642347,22.5343306377656,23.0569058506361,26.4185788278362,25.9543695698793,25.8868725534898,26.1763375034843,26.1021879555526,25.9392104571441,23.223526854105,23.9083547465331
Q9QUL6,32.2031809263633,32.4321434658892,32.4730361559304,32.0710505007061,31.8247326306589,31.786680028029,32.3198343614675,32.0173036912115,32.1122727998212,31.9329891526672,32.6325940326107,32.146452678691,32.0339543699462,31.8693504207353,32.2695932549644,32.1560536066633,32.1882529467757,32.0190800867448,31.7821771563991,31.6212320998675,32.5388138507209,32.2563967115719,32.5365424279672,32.3509246032474,32.0031039392737,32.0291854251229,32.4944553285547,31.9832890431142,32.2612524098972,32.0152959328426
P34058,27.93919976987,27.8354344518074,27.9276690505958,27.9736842821476,28.6471121647208,27.8117950447684,28.5048130493572,27.7058230430171,28.5930483956496,28.6698053961867,28.1014019431484,27.8584690975414,28.5067642804442,28.7307643175127,28.4521777864824,28.4801488936402,28.4401284546672,28.382540805443,28.6603905262796,28.600170451944,28.5365855217059,28.5355194748909,28.4192715520698,28.1662848698927,28.6629829346447,28.5070660966735,27.6290042951591,28.4694505425738,28.0142698659756,28.4665075833029
P62944,29.1035426095773,29.4275062557841,29.4007671503769,29.2825930254549,29.3609806045662,29.2049272205106,29.1371391547161,29.1428899997041,29.3418956635996,29.2374662793869,29.0429424580417,29.1645253670402,29.2516018267073,29.3271044324314,29.1444939429262,29.1891743889205,29.2963058454256,29.2478971685558,29.4114568501496,29.2641208530465,29.1803168991394,29.2851148756984,29.2895833885389,29.1087599960503,29.4029354291059,29.2202525262758,29.1710793444696,29.2743460456213,29.1224588550772,29.1010783115037
P50398,28.9051094171267,29.1084476180231,28.8258253693118,29.0863827581414,29.1812790824758,28.7886224777506,29.3384463977213,28.9524846800257,29.1418686250714,29.1449312869701,28.8964225637947,28.7860370371478,29.1458756840846,29.1207893636388,29.1992791160273,29.0316882355033,29.0851015159203,29.0046464301453,29.4189157910431,29.3205319264541,29.2539100144931,29.3664290988445,29.2106630393455,28.9710130851944,29.1061998397561,29.14855105086,28.8463246259544,29.1387154786113,29.0158910686917,29.0627098637679
P63039,28.7069745382905,28.7138594389713,28.8765098993668,28.8396567180024,29.0585821165453,28.9767743811883,29.4630880445248,28.9013620895469,29.1945492247673,28.7273456614645,28.5497802579285,28.6859209305712,28.8802262468501,29.1129272447677,28.7612014325663,28.9267614383816,28.8439883994051,28.8588121650124,29.1522041630951,28.392506407917,29.1555007162081,28.6357493729497,28.8648395653825,29.0541494855306,29.0514356023459,28.8304501571411,28.6533532572745,29.0276463496816,28.9437851361129,28.858041763301
Q9QWN8,31.8547281452861,31.3093862259776,31.7768291624181,31.4350604331281,31.6220172938843,31.7498662177412,30.8488845864328,31.3630469220201,31.4894875101275,31.4270376394421,31.1106476128916,31.5932949155431,31.2966921840373,31.6178964039777,31.2605124321592,31.3798176537182,31.1669806222451,31.3602712225635,31.3968266617997,31.1194414842386,31.0677448309136,31.2163461226314,30.9199619687052,31.0771524099234,31.1944809330127,31.3983798953029,31.3489262278244,31.0880911883407,31.2781895221645,31.3563273620009
P34926,29.6844044325264,29.7724008870403,29.8549097826351,29.7830861186886,29.8062743703887,29.8750478815303,29.6223559592386,29.8227608990738,29.8288599597216,29.5964240586902,29.4740775939811,29.6903782426182,29.79636862791,29.9161278457466,29.6572110425027,29.7911809829363,29.6727980879714,29.966505401171,29.7833172672247,29.8695012239532,29.6952324240609,29.7637390341064,29.5447649133812,29.2371291423703,29.8698336378612,29.821453716577,29.7239447563571,30.1619940629524,29.618648828864,29.7986138426002
P45592,28.405445019376,28.8565198090944,29.098662272274,29.0602848633389,29.3160037433887,28.7997055295724,28.9787640166626,28.8759397408503,29.6403189133248,29.4746259322645,28.9829047664062,29.1367600905074,29.4141296320256,29.5220665983843,29.0907229776628,29.3077460427839,29.1502223294456,29.3301498200041,29.3955364356977,29.1568424924014,29.4205470543905,29.3268891359498,29.2992642400969,28.9504096188146,29.6067662387427,29.2739685224939,29.0056921277372,29.2450251762168,28.9677958296582,29.331700014543
P63259,29.471709085508,29.7226755982262,29.5936881707907,29.8237296916984,30.4139216718548,29.5618845878678,30.1824553364009,29.6278468558529,30.3699052242455,30.4224314423042,29.3811243720185,29.5160038036164,30.3284910331238,30.7732311678115,29.7510134210485,30.2573996746361,30.1570282333722,30.1484488285444,30.3464551953948,30.3580463419376,30.0462925845065,30.2771929428712,30.2380924746339,29.4547700467037,30.5036525677094,30.2972716240179,29.1417081199067,30.3107368707479,29.5301990708545,30.2783006732893
P13596,28.4206200057106,28.6869879757831,28.3625646767289,28.5766645201149,28.9917719965992,28.4890482804339,29.2187214842396,28.6927002754714,28.9796805053673,28.9843401923151,28.6637457568046,28.5566643415312,28.7965164012246,28.7619942935465,29.0764381401813,28.844001928107,28.833313568431,28.6693897102907,29.315237791448,28.9992748874521,29.0021840910268,28.976265466307,28.9482037507358,28.7832876397033,28.856272411193,29.007083214774,28.6602409735456,28.8638350136765,28.7849183571811,28.8043456280397
P31044,28.9108075497218,29.0092511853329,28.4545332356819,29.3178627076176,29.8869055968397,29.0727944908174,29.8142685379168,28.979683957812,29.5104016082819,29.450157864805,28.5357148086903,28.8929168460016,29.4800587154705,29.6794812420575,29.2001180978052,29.3044273923108,29.240199759298,29.3338038311955,29.6348528010263,30.1725001809102,29.7003573367315,29.6016693861809,29.4523999223661,29.3436590516513,29.693520096604,29.5504929430614,28.4928009259188,29.2998925741441,28.8984313844194,29.2532736843588
P15146,29.3217721428336,29.1703942362041,29.3179713360952,29.4106244992784,29.6999495517593,29.577344385042,29.1791623989165,29.2786060035663,29.4797543652537,29.0372758168226,28.6031526222587,29.2446953437316,29.2844912669963,29.5405297297412,29.2810137759402,29.0394447046938,29.0048114485829,29.3776189539417,29.3042744154795,29.3236937491886,29.2309006357664,28.9437857664909,29.0821235800128,29.1551411373308,29.5827092668047,29.3075438201459,29.1186529037448,29.2490724237625,29.0440055885313,29.2556742348516
P16617,29.1289006302812,29.3866552021885,29.2111717711416,29.5609482667155,30.0033393527239,29.4274482096196,29.5859539626507,29.4868909283035,29.8978977248925,29.5399837345588,29.2879347526112,29.6234108317428,29.7816621103541,29.8615021293713,29.459380486978,29.7527384435843,29.5350544730678,29.619312709636,29.7557980533049,29.9970530653367,29.7268042658616,29.7824638659016,29.6930022272875,29.4029912771641,29.8913925645355,29.8882808562675,29.469210342627,29.9112935313195,29.643329123739,29.7794620211555
P09951,29.6361036968105,29.1357649341275,29.4481824198386,29.5555063279406,30.1286873205437,29.5121069841045,29.4447090633759,29.500537783781,30.1411631830206,29.7827582135549,29.3419096050562,29.5072959085372,29.9423415612617,30.2307648900355,29.2845855800237,29.7999073616883,29.6978030275495,29.9794514105407,29.7652021324419,29.682963379463,29.7206584600903,29.900355634383,29.7679404928282,29.2546908441525,30.136105255137,30.0687330298708,29.4436019779238,29.9321520351763,29.6409553440226,30.0280136338635
Q05546,27.882974989129,28.1853452105944,28.0081190587966,28.2982735187419,28.5627213290224,28.1736122624776,28.5168839781284,28.225941887843,28.5039289522529,28.5997172930049,28.2720912830708,27.9707304185781,28.5877453532611,28.696292996753,28.2564546943716,28.1313189126643,28.5876834352459,28.495270881568,28.3749928246551,28.6920752057791,28.1770349697558,28.6169008281642,28.4378980691221,28.2242654882321,28.6274605621927,28.623439729987,28.0126510885421,28.649116694701,28.1974678802701,28.3286961092197
F1LX07,28.1510315026702,28.2139852594939,28.142570422602,28.1056804198415,28.392322463819,28.2272728652666,28.5724409051399,28.354842241892,28.6316245233897,28.2204489376741,28.1027198606133,28.130677974068,28.3848850652397,28.3414341399399,28.2882774395871,28.3368451132168,28.3466669464645,28.1823609804216,28.4409622917927,27.4189054450665,28.3477847781453,28.3854588621423,28.4391044161749,28.2086873663987,28.6461990305916,28.6488800232193,28.2736586219596,28.4737855777695,28.3121267954785,28.4009214320539
P31596,27.9683754467923,28.5129799968057,28.1140891775408,28.6585868612489,29.6434584757663,28.9608871720464,28.387806361115,28.7697463163233,29.4938465836653,29.5424011345974,28.0792766964482,28.7738261625318,29.049754511826,29.6607690373301,28.1188217054768,29.0184620881163,28.7782216017123,29.1584379124669,29.013840769487,28.8400711358545,28.5780407673738,29.1161523324037,28.9190430190875,27.8188322864324,29.6202147793556,29.2890930952505,28.4274360103048,29.063781538503,28.2528347493852,29.2563785301317
Q68FY0,28.3013318892744,28.3036701291446,27.9314756816104,28.3822959930304,28.4653572378833,27.719542947062,28.5759060561408,28.1122707078359,28.2382882542472,28.3471270286789,28.0784751373758,28.3235186625593,28.3395815611192,28.3612738962717,28.4899327511197,28.5334507213796,27.8802044823096,28.0003255569184,28.3637313028013,27.014895050925,28.2049270234896,27.9149468023481,28.1284854946526,28.0507544578842,28.3450964706271,28.2675604181731,28.0107024391554,28.2151869960791,28.0075146095459,28.1156298568392
P15205,33.1843577478361,33.3194733667019,33.4009102395698,32.896047115478,32.2763190618876,33.4881800097066,32.0253848945524,33.6721879218628,32.5721956503491,32.1670309968668,32.9033717538088,33.5326728923745,32.5556773145917,32.736519343528,32.8044257333138,32.5226500766817,32.2802209807836,32.5770931432843,32.6074153253094,30.344798239685,32.2568310432748,32.0611436820346,31.7761621895734,32.6237578579596,32.2287351632203,32.0425954478377,33.1702184776723,32.2207024393977,32.9318683137592,32.1204547261495
Q66HF1,28.8463409159763,28.8969950230131,28.6772972136922,28.8875747052825,28.8235522089883,29.2846636486788,29.3218759959848,29.2725743258053,28.9133355346848,28.8172646980154,29.329262682892,29.1089027043402,28.6811079206219,28.7875172204073,29.086454862073,28.8504729168237,28.5733344527227,28.7302943436244,28.9419315665527,28.6502377174663,28.7985593597299,28.8083899398049,28.6068830278934,29.0150114757391,28.9254122388497,28.7853879513731,28.8857111139891,28.9165881310646,28.9688679947292,28.7772136950111
P47819,29.8722878557537,28.7518464428046,29.9717699101615,29.0621112269283,28.8911297145065,28.793025585869,28.9214802927865,28.5086875668253,29.0231545648484,29.4762373716774,29.6457923103147,29.010215798,29.1771978960186,29.7105140154232,29.5666221761575,29.5701730780183,29.3656564058352,29.3937669689854,29.061124657624,29.3600595818056,29.0243670204267,29.369068103961,29.4180270497126,29.1618240709569,28.7632315055394,28.7213330480119,29.0813474179362,28.8938393910303,29.1532905065332,29.6674698995547
P18484,31.1266803667757,30.685870415785,31.1001197074732,30.7376122259061,31.0466002101812,30.7984965774861,30.7257229647469,30.7355830072314,31.0643805393887,30.7928595328086,30.6568774049445,30.8136174601128,30.9066052337139,31.0959465706363,30.5975938403556,30.8376617903079,30.7829914843245,30.7973535631068,30.8405730051196,30.7028203749479,30.6618072307607,30.8193762716574,30.5934725153956,30.4866968347107,30.9149735104918,30.882770217556,30.704311128193,30.9057398015586,30.6680510552019,30.8883528313824
P19527,29.395897581012,28.9142955496823,29.2120412608059,29.2225078529039,29.3010386395632,28.7235611935239,30.2446831139105,28.9582170058977,29.2568550087299,30.0574216008819,29.9063711213615,29.4607323869443,29.9664851028792,29.5279844801538,30.2710977341218,29.9264109862738,30.135475040975,29.45308847726,29.4212923307712,29.9059460606853,30.2311884643447,30.1193681240588,30.1832482929575,30.1138802416702,29.4997098549347,29.6430787873605,29.487700623139,29.3861240727452,29.5883618451473,30.1072318363281
P62815,28.2285881639046,28.5784299465327,28.5159881668186,28.9531410601204,28.9247360538506,28.6009890594731,29.2971972817018,28.6348189690364,29.0756013675594,28.8458115567442,28.3526098057995,28.468735938794,28.8566052431405,28.9907476187553,28.7358611587709,28.8197561646977,28.864035235857,28.8307696404079,28.930145472907,28.7305430452659,29.1352840238817,28.7851177956248,28.992390844623,28.9219735972153,28.9002360023343,28.958825857039,28.8355549540743,28.9578078163803,28.8961046069736,28.8902851105578
P02091,30.2311016337877,29.9542011897457,29.6606258021021,30.8167047278191,31.1533154996064,30.9940047971078,31.2836508097396,30.8961762738788,31.4018428418008,31.3937977119579,31.3963521044654,30.9169255365323,31.42965542266,30.9805802838929,31.2839651818259,31.3304713986563,31.4321049324965,31.3658160441188,30.5739010239224,31.5094532173882,30.7910724240169,31.020561415257,30.9426812412389,31.0347443073852,31.7089275601169,30.8705039701122,30.3656620544096,31.1925270758413,30.459968663998,31.4130826535447
Q9Z1P2,29.2101974706658,29.1760074495787,29.3278709832484,29.0823771224696,29.2742907588628,29.3611934159448,28.6519526727892,29.2027634820718,29.2770253845419,29.1472614128098,29.1921498770381,29.2724479155781,28.9896853890992,29.1472753852682,29.3211266831885,29.3439897358597,28.9821740408451,29.0439438197981,28.8012486011005,28.9074931413608,28.8111657632051,29.1838838072213,28.7923071409848,28.9927553212367,29.2694891625866,29.1054211600421,29.2225872008765,29.048590013977,29.0064832009611,29.1803927098284
P53534,29.065815203113,29.1700029385813,29.195336280188,29.6838688839078,29.3907520965613,29.3397406054564,30.1567994853667,29.1967492807554,29.5426261478148,29.055974905588,28.8162099178334,29.1857181548186,29.2992068792847,29.1923758615179,29.42155242354,29.2834089266851,29.5065173600169,29.5935719199804,29.3648962624512,29.3256835257808,29.9143532914598,29.1233696799235,29.5844203603862,29.8533078602505,29.4071680981348,29.2848607841373,29.3378226001105,29.2449115276512,29.4831585533519,29.3841808172982
P35213,28.2608699387534,28.4942320589685,28.2595866957784,28.741383940795,28.9566894568658,29.0680369236986,29.0405809513232,29.0059504356425,29.0265107728081,29.1509212218715,29.7964317894237,28.856887167354,29.0701844965315,28.8441411453349,29.2048394494776,29.0081078908223,29.1102931972068,28.9987254858172,28.8724355159568,29.1747753557956,28.900362193192,28.9745229948096,28.837827503722,28.8670670405228,29.2516093461082,28.7678028012341,28.6135657486949,29.1045345346469,28.6515335658592,29.0075748485593
P01946,29.5520334240027,29.3334745357039,29.0912091371854,30.2915174647938,31.0810087926386,30.4404549641285,31.098180192095,30.2494678526812,31.1081756575585,31.0523574903772,30.6681142717753,30.2120376302417,31.3286049659251,30.8614075172038,30.7749730822109,30.9884887048273,31.2455151035223,31.0792745465537,30.2749428316223,31.0692235070447,30.5873544018719,30.8340255103656,30.7726086608666,30.4597308058488,31.5807918078046,30.9364791547001,29.7383236219569,30.9888141812303,29.9720347903666,31.1455896870843
P05065,27.5424535576431,27.9897630267989,27.4926555530089,28.2805477054631,28.6134315441175,28.2626359727684,29.0009978182936,28.7820225514895,29.0763858430966,28.9733199259118,28.8332135058601,28.438815485241,28.7567007302439,29.2091448218874,28.7108654352975,28.8963496832338,28.9362902547046,28.7226822216947,29.0364834164239,29.3208039776366,29.081352567428,29.2438989168441,29.0288332304538,28.4396457434288,29.2069784304381,28.8388956435948,28.1409227921221,29.1248753932448,28.3165966597105,28.9000505451592
Q9Z2L0,29.0535883722844,29.0708078964778,29.0312640914788,29.2232532794018,29.7427924568776,29.3373577176582,29.6550188476322,29.2788983339687,29.792604811159,29.5815778583369,28.9076501127128,29.3557042525389,29.5341071174498,29.797421662128,29.4201701284966,29.7370845730605,29.3102445073187,29.4591627709385,29.6852418022377,28.2628875332858,29.7768383425572,29.471247016582,29.5331382705405,29.4371243277559,29.7760583722422,29.6058659488901,29.1150674173468,29.6157832709402,29.5513682400021,29.6814194633601
P09117,28.2059784906375,28.3384885232281,28.0021865671586,28.3245119202564,28.7464974630245,28.683471015024,29.2375576275748,28.4135307716955,28.8740295213423,28.818851877702,28.3707833404158,28.395610154808,28.5506399719618,28.7631040990473,28.9123809208161,28.6324460378843,28.5076675412498,28.5206412145239,28.8498159063415,28.6624405721325,28.8461410397312,28.8783918973068,28.6334765631272,29.120279483421,28.9100476251552,28.6768879511208,28.1341720132415,28.5424725142181,28.414283606713,28.589425457278
P50554,29.2836273564614,29.2374802642572,29.0829339099691,29.3135596791858,29.3227461139251,29.7709489488062,29.7262429532027,29.3366657755483,29.2073684470747,29.2563364598918,29.4907976563685,29.2156357332161,29.3078431916214,29.1336443401377,29.6889816559132,29.3240716251704,29.2981616820599,29.3108580234962,29.3735493003626,29.225582259884,29.6116059597276,29.1884338783344,29.5073974015623,29.7392643833824,29.37792309251,29.3574289015646,29.2754163673671,29.3336927266784,29.4656955072372,29.330465363049
P46462,29.6792961096172,29.3758841655926,29.448962187374,29.6891014435435,29.3552974094634,29.172384690031,30.4334485692566,29.4589599350794,29.5346570710952,29.6185038330684,29.7767070916486,29.4968065158618,29.5679740561499,29.4790105730525,29.484339970447,29.6161629455318,29.7222038299685,29.6474872867688,29.3893896594065,29.2127398203679,30.0406447172124,29.6786821304607,29.9963184902491,29.862653315307,29.4622552933855,29.5473486350473,29.8958594426065,29.7723306049941,29.7857942712065,29.7613981279591
P00507,29.4571195363531,29.4545283965221,29.2872717258437,29.4300510493307,29.6481043560285,29.6592684875953,29.9272304196037,29.8849901850176,29.8625342510472,29.5588026747048,29.9054916392809,29.6879051000995,29.6902663436385,29.7007618351836,29.6044537357849,29.6356112376801,29.6608086825112,29.6528198101012,29.7637949310581,30.181365535674,29.7874158481163,29.7285742111397,29.6124804454287,29.8714848606401,30.0256843493718,29.6568948342679,29.6025483114521,29.776756549456,29.6085428882218,29.6563305043456
P68255,28.5013244606072,28.8211550110186,28.5063839868664,28.9492208963603,29.1110770806708,29.0160962452052,28.7479208767484,28.9064049609048,29.0794786716941,28.9860379161265,28.6249758334659,28.7543487577013,28.9897280286627,29.1106543583262,28.8960164931315,28.9352716785999,28.7750358750112,28.8885809576805,29.2547284731012,29.2614176734781,28.9002994538396,29.0095383552799,28.8249912128037,28.8877837173294,29.0851505568619,29.0774628398692,28.6674357482336,28.8367156796726,28.8861637573193,28.9840599339298
Q05962,29.7385516643999,29.8218941849237,29.7020250076774,30.0445374573529,30.4183013175981,30.1742328514439,30.8061726162442,30.2555378345046,30.6725937338011,30.5052599578711,29.5179027957515,30.2342877824969,30.3651279671076,30.5118838669158,30.2626689705397,30.4645363447351,30.1764343736209,30.2498103198508,30.5756110988662,29.026255534274,30.485571907951,30.4172452158229,30.2376364814487,30.4936858799775,30.6900936531278,30.5445763439451,29.8554683464226,30.4142564717509,30.2229352604175,30.4913041844626
P11275,30.1768125170551,29.8598998876652,30.3105657636652,30.0606489112272,30.3111457963995,30.0852315201614,28.5889438758856,29.6646300248424,29.9172952213688,30.4461295661347,29.5289502589184,30.132681588364,30.0492363086921,30.9171092695398,29.4422946993899,30.0062767115905,29.9039212247258,30.2307848957758,29.3688388489691,29.6595520440369,29.2643796253783,29.6109560433453,29.7934153550517,28.662003455471,29.9930242652839,29.9619102950079,29.8381325057492,29.5214858005316,29.5583288806758,30.2278719859628
P50399,28.1519156123999,28.2595113374456,27.9013081067575,28.3280004236513,28.6095567461864,28.2763463650397,28.5253404905651,28.3618610012628,28.5027763817884,28.5167179464361,28.1779729786647,28.2299644316949,28.4770198391881,28.5040308249477,28.4846274944221,28.41300473884,28.2885413462899,28.3856289067641,28.535113908379,28.7998265424608,28.6791474404034,28.4620235945462,28.4641073249336,28.2850430438268,28.4816405593901,28.5035865299671,28.1280565630519,28.3910488085956,28.2543548678653,28.3992429776507
Q63198,31.5201004585905,31.63793948381,31.9777524265645,31.4069824157824,31.3267000588277,31.1121805181674,32.1618465699933,31.3928020764481,31.1057308758763,31.6793580882211,31.9756510969296,31.27641813172,31.3600534650971,31.1209524656004,32.1496406075621,31.6212978879716,31.6743731541486,31.5043887091819,31.4318600451289,30.8988205847752,31.8877540061859,31.7377466679744,32.0748449755104,31.9812642966494,31.1108397534993,31.7900490289652,31.9515509026568,31.7447404804773,32.0011778606881,31.5282686616974
P68511,26.5527939812302,27.0346553339529,26.8411842555042,27.340476958745,27.7826580340522,27.3342968563221,26.8613805501138,27.4788790996783,27.6177206012002,27.4898056841836,27.090428596109,27.3414280796646,27.5094591941069,27.6164064943992,26.848777591004,27.3153207317078,27.3972323597981,27.30756375993,27.4619953273945,27.5137937795221,26.89337575398,27.5958795724064,27.0046685790441,26.9713443046615,27.8274388446778,27.5431160138514,26.9134592323816,27.370745058192,26.7981519737138,27.4929776530108
P11506,29.4107433100497,29.6234566376684,29.4360723410524,30.0667830495227,29.5024736169999,29.7812993210872,30.1292973515827,29.7534799424831,29.6889915685731,29.4409592216645,29.7144994526449,29.567529786514,29.4091497224337,29.3072648853845,29.70419539364,29.7379305804738,29.6969462137392,29.6601941589185,29.4924552267525,29.7686580643731,30.0384114187248,29.2207128600734,29.6260936008981,29.9164294612564,29.6706905901108,29.6711290576574,29.6781262693164,29.6354545585709,29.5877279795852,29.671333525202
P06761,27.6984346983017,27.6713216468154,27.532513386778,27.9984263713448,28.2363402711494,27.444392501029,28.0139397846631,27.2741109569216,28.2888378910292,28.2156731631009,27.5620190855239,27.6069792100026,28.1267587420886,28.216485412171,27.9596784478221,28.1571870877098,28.0687005412184,28.0524423481142,27.9044184361808,28.1318309901181,27.8385964419072,28.1849594407164,27.9313994380916,27.6721316230937,28.1123498889546,28.2475969638072,27.4524166667156,28.0446592608018,27.6939507580564,28.2679182609581
P11517,25.6005838557103,25.3958849719045,24.7554145308663,25.9945224577418,26.112953168383,26.3025255819496,27.2798084460737,26.4614718325315,26.6808967112063,26.6596240227719,28.1861752741162,26.2659796863739,26.9739004990841,26.251091722574,27.0307812313167,26.4999090682981,26.9720166355937,26.4929433721321,25.9786690880216,26.0456166530056,26.7796479505628,26.3848113312919,26.7744619521422,26.7801938875566,26.6315558134264,26.1409138359358,25.8287513939044,26.8938194621305,25.9837458111091,26.8048243222308
P04797,29.4933753662043,29.1955663595568,29.4882117288674,29.4879156971014,29.7199491401105,29.1104970027117,29.5498924197175,29.2061728998224,29.7188962866867,29.5119499542827,29.1757970370788,29.2168531675073,29.740926686774,29.7595027129728,29.361824261198,29.4723038804571,29.6780267390241,29.6599198194156,29.6851261653244,29.4048615385607,29.8866063781994,29.7472105685481,29.7933150677735,29.447334542578,29.8756929627602,29.8214574534478,29.4280347755778,29.6075114681257,29.550683891497,29.8110964549156
P85845,30.7677283438634,31.047920795864,30.7315110581104,30.7875395064934,30.3428957171819,30.7714483232738,29.3212927555584,31.1595794755559,30.5538048492615,30.7817432897069,29.4116282039814,30.9737244952435,30.8248798748992,30.6415278871151,30.8528501997209,30.6893601418379,29.2873932132752,30.7592456680576,30.873013412019,31.0237844488152,30.6156965283464,30.7191240422057,31.0235131949527,30.9426600429885,30.7796510196406,30.4807227624497,31.0679513884144,30.1881424829251,30.8705991807092,30.5613017712268
P04642,28.3426891195025,28.5159724732476,28.4606760323479,28.8313046487961,29.2943202172113,28.800587539602,29.0766275879348,29.1694803422995,29.524967847779,29.4109805452039,29.0815291825267,28.8979498132534,29.2089474356352,29.4360256349813,29.0454502128994,29.3249851821325,29.2206530473541,29.2314135329555,29.4727340380918,29.6734362369517,29.2519682654235,29.6040706042985,29.1909024078511,28.770380905153,29.4982404194825,29.2795935876754,28.798649656733,29.5428176966425,29.0462618385705,29.2841100778268
Q5RJQ4,29.7249374824818,29.6347832819764,29.7618838000954,29.7028295710172,29.3373302237181,29.6349933895929,29.4681071812109,29.3803270456035,29.3751662143529,29.4142979410283,29.5632640363128,29.214487892749,29.2876305221828,29.4386482900445,29.4817201210237,29.4672713060989,29.4191545693228,29.2470990198002,29.5969468190847,29.736386162294,29.6187029556623,29.4809331473604,29.403932359546,29.3219060276672,29.0636716234887,29.3775193802408,29.470211730066,29.3135178934104,29.516725720794,29.4535359226762
P54311,28.1530698945891,28.6610481999959,28.362534123058,28.685131310747,29.1682015659483,28.7308358772036,28.3267486711691,28.8370484355176,29.0988300585555,28.9143826705346,28.3499863989901,28.667804946227,28.8370828542396,28.8072129771066,28.6324965775549,28.9095659847942,28.6165268755774,28.8356573902507,29.0107981426933,28.6332055495406,28.6161660723582,28.8087746129025,28.3591158047739,28.5286475180758,28.8574940388971,28.9845664005095,28.3834191116816,28.8341827035888,28.4501672213242,28.8352478757869
P16884,31.9029981049066,31.1122268702358,31.697785672756,31.5508339411317,31.7185108093114,31.4284660353325,31.3751926531512,31.1174485475489,31.5131061343122,31.5832973600903,31.2734176658104,31.3695492000416,31.5602115846551,31.5758462606163,31.3937925850593,31.5077098515314,31.476537269448,31.4504349106593,31.3837396278614,31.3190484921408,31.4577048320625,31.3578242189496,31.1568245042353,31.2902699496073,31.3181960060101,31.490847048664,31.3099296413164,31.2695963111186,31.3315631327315,31.5785557562182
O88989,29.0451167529692,29.2578458394186,28.8672140527959,29.4304396237958,29.5307922459965,29.2452881028109,29.7499736347436,29.5677935036704,29.7182490044552,29.7139648356272,29.1743983935898,29.4556340681421,29.6140396744529,29.6509127230568,29.6734419556019,29.5145094201206,29.4018864830409,29.5380299837444,29.6980128150521,30.2680706736868,29.6832298669754,29.6237098095061,29.8613877491353,29.782688307998,29.9149427777934,29.5499716417985,29.3929935951517,29.6440399147365,29.3959575197165,29.5782745404027
P59215,28.1847220992787,29.3464618735394,28.4466310255037,28.6852479500164,29.0733560829588,29.7837277609956,29.1403411644888,28.7528092516797,28.9863243354457,29.1205718112554,28.4468515310192,28.6074086527622,28.9356982066152,28.8721532754005,28.5971935736189,28.8662775833245,29.4115664860707,28.9412481466125,29.3191896913257,28.851149310001,29.0391806611972,29.2038132965027,28.9515077421128,29.2370495641791,29.4190614950168,29.3232337387647,28.4389499745458,29.084941996304,28.5218632555884,29.2516384770568
P15429,27.598079734776,27.7959454875531,27.6138008424707,27.5605709558857,27.7563020185713,26.592418540765,27.692681635885,27.5620550609493,27.6770719515912,26.8853583251683,27.8704335390517,27.6508099165403,27.8885861756645,28.0690391429702,27.3736298154259,28.0724173157989,27.5794034723594,27.8965909669577,27.0698387502903,26.3708563084403,28.1581302204705,27.7704042815327,28.0081293918823,27.6529791006604,27.0015676389021,27.9357647748416,27.8985886893627,27.6167897216269,27.7981612547647,27.9109218703586
O08838,26.7211835360908,26.8656190588929,27.258795147888,27.0919880634227,27.6300736549009,27.2538158730709,26.8320829855389,27.0540234612629,27.4004981087576,27.2856914459737,26.6648581364178,27.0856354693414,27.3645060466768,27.3914441452574,26.9386847570965,27.0206609775486,27.0986542687351,27.2259426882244,27.3131945122588,27.5003666609751,26.8894691919524,27.3188441327918,27.1259894014255,26.7733604055524,27.5751860611965,27.3535115923285,26.7060556654635,27.2554222022327,26.93571448017,27.1961292865565
P61983,28.3875600561921,28.2077706744412,28.4029640346361,28.3917789695194,28.7868846691453,28.4370331714021,28.4984391590357,28.2323502989844,28.6570186666186,28.5530437247696,28.0607367338486,28.1956312812743,28.4449637906112,28.6762031806453,28.2870524090055,28.3398861065029,28.1458744278089,28.645518159221,28.5900689910408,28.6702365334848,28.500409689223,28.78886770691,28.2783828630981,28.2941717637926,29.2298218230476,28.4180518509752,27.872919940847,28.1892020649686,28.0752762227412,28.4641143463664
P09606,30.909703845988,31.531379381463,30.7945809331255,30.9713020137721,30.6044653594363,31.4157470780117,31.5548210553265,32.125930844878,30.9643811902283,31.4369036661472,32.4012953588957,31.6539166098111,31.3202448940032,31.1714081122848,31.4621970259315,31.244603040993,31.4938510605075,31.1535350037387,31.4478593594256,31.6154850679944,31.320802026933,31.456116042982,31.8158834172454,31.5340060327097,31.5702128252042,30.5235120905614,31.4790176785228,31.5826256494987,31.2599010541326,31.1728799790698
P14659,27.1952681049659,27.3732923093751,27.1420418117811,27.2714386564232,27.358396311124,26.9207728051999,26.7611638382268,27.1266998139021,26.6926395625194,26.8611363984012,27.1976678471442,26.9686223345852,27.0279762007953,26.2366075480866,27.2377610155325,26.597644422683,27.1242945313279,26.6297654657926,26.9803426262869,26.6654646578353,26.818955926742,27.1740256858146,26.497440323621,26.8666794515198,26.6764603626022,26.685248838798,27.3536789059591,26.5619445649858,27.2113740242727,26.9954351941339
P11505,28.0367891177503,28.3123529223866,27.8871237058083,28.2571302845501,28.6058542314465,28.6265678525749,28.3512771702839,28.5851433433182,28.7919913664702,28.7980230776755,28.2044696651877,28.4689717045653,28.4382598298972,28.7748802666463,28.3500733928764,28.6066598460073,28.475200134872,28.533905022009,28.6082704273279,28.6929949951448,28.5104579941862,28.5465361254273,28.6512251784764,28.4100074993752,28.7340899800109,28.5036558490207,28.5246289864709,28.6258021576585,28.4377064911412,28.601918299433
Q09073,28.9688994590303,29.0712268104215,28.8440466392654,29.114205025111,29.3163110200133,29.2214193592822,29.4223511185674,29.306237179211,29.4115428641014,29.0714606030804,28.7321719557471,29.2783254428933,29.1250300541215,29.2911917427231,29.1804644986379,29.3749667762408,29.1268352266279,29.1351310932458,29.2723888773163,28.2899505854577,29.3630087200291,29.1972245380293,29.1178757286354,29.2539987917575,29.4972297761314,29.3958193615004,28.9953679571915,29.2585507843885,29.2143927240907,29.305788261026
O35095,27.7534782906824,27.7465793648797,27.1038955277325,27.3778187813152,27.832268710949,27.677720100495,28.5132548021477,27.7274663509393,27.6989992606274,28.5074791982477,28.6603412947578,27.5345192397211,28.0769941650484,28.4849790984595,28.2791007426466,28.1497970972625,28.1309555661988,27.6843549867119,28.0940440318927,27.5527063012638,28.5297297219152,28.344906445962,28.9730750581342,27.670480406582,28.0236561586037,28.3015328155906,28.2555248165293,28.0614001548349,27.6294174260451,27.9873042215156
P10860,27.8688447965243,27.7971682826955,27.5791635794887,27.9252732965357,28.3879902774748,27.7648998411494,29.0754533172228,28.0224201421503,28.2918583956293,28.4233582351666,27.9234320337941,27.7438755036223,28.2479739610033,28.5027035181917,28.319375535331,28.3305888770416,28.1504866573878,28.1765807479231,28.7280382130751,28.013132845586,28.546980119492,28.3011078969887,28.4321716296173,28.4612678294311,28.4101589162295,28.1310511763847,27.6215657983296,28.3898933801958,28.2241402566301,28.2236394109648
P47860,28.0182744227158,28.0739011886544,28.2217516739386,28.1785393389739,28.5013775313738,28.2469396715385,27.8594046367907,28.2379887218089,28.3823623216249,28.1102087474191,27.9244908074187,28.3209280752215,28.206427024824,28.0301196475033,28.0826828877215,28.2903398242212,28.0569261014335,28.2097367709963,28.1973554494094,28.3133313290603,28.3656456920675,28.2975253328499,27.969238146885,27.9358352561012,28.3178737813707,28.2881201658938,28.1668331357989,28.1990117780258,28.1697827595033,28.1726549941939
P05197,28.972977285295,29.0192840858626,29.1117823038731,29.1973887936824,29.1889932572612,29.1015932418987,29.0873129676192,29.0363734918755,29.059338772563,29.2225786938112,29.1688590009672,29.1037269284895,29.1946926322692,28.8754757449754,29.3485372624519,29.1095675886236,29.2458619965043,29.2013106710749,29.0006785110258,29.1393709734079,29.0783598426837,29.0741744483086,29.1380894370068,29.260117848228,29.1362051079779,29.1066594260242,29.1260020805393,29.1042090143407,29.1180825886422,29.250928774328
Q5U300,29.2713652932919,29.6700111505032,29.3661244345075,29.4712758770221,29.2514471058703,29.7203562956232,29.1118825354128,29.6408467758284,29.1698593560206,29.1347529539959,29.1290324520646,29.4919284722533,29.0001426474284,29.0129794166895,29.4911780777054,29.1667883752608,28.9560086168438,29.0473646386948,29.3095389401749,29.4539090567461,29.0969313778421,29.0852378815756,28.883837038374,29.5109455607015,29.2529690870758,29.1887436136984,29.3796895214144,29.1174369297144,29.3903686377198,28.9844784253835
P62260,28.2137721874883,28.5070182495809,28.2418807262247,28.7311823981222,29.1833826323815,28.7628304841268,28.9533729304858,28.7738443234528,29.1027669941756,29.222595739666,28.6485827757324,28.5950197887028,29.0187320368311,29.1792729020817,29.0556754862,29.1259820510548,28.9730356846489,28.9384431699437,29.3010069954161,29.5040994963442,29.0868335067166,29.2660747073526,29.1283166484787,28.67098481114,29.2176351234585,29.0442182309231,28.4837480681753,28.9643945967484,28.5700459855447,29.0530963413142
P08461,28.1215391350999,28.3380340436424,28.0908762033004,28.2719360377147,28.8040921562351,28.4639156156876,28.763000666945,28.6919999806087,28.9543606096393,28.6935792670804,28.4973732158583,28.6620292195155,28.5884583496083,28.9645791912898,28.5356135779427,28.8726410213611,28.604407865302,28.7046632303659,29.0163231246087,28.4901278372953,28.6741907610764,28.8100088123191,28.8011356312194,28.4238364721625,29.1020096352084,28.9653802893733,28.5690372799029,28.9160213605257,28.6678124203638,29.0020930405523
Q5XI73,26.7370306596099,26.8036037028215,26.6067799805013,27.1722068655435,27.4960764516624,26.6597292074129,27.6138822770851,26.8665513910512,27.4043057842343,27.1138470122473,26.7559323227536,26.7229616737773,27.3226722497228,27.3450268645986,26.7137950238631,27.2423863499461,27.6354585463434,27.1541100454808,27.5193147573164,27.5381432389046,27.5195626437031,27.4704698313006,27.4132181296131,26.8127429657937,27.4374745044148,27.2509557346845,26.5958076047203,27.4602795375384,26.997698499937,27.105733542736
P42123,28.1510390321675,28.5178967575605,28.2499018423275,28.8338412345871,29.2209206934657,28.6265132312251,29.6100983121169,28.964736320797,29.6527756984023,29.2561509546096,28.7374515717901,28.7989505930871,29.1984027878401,29.4159388585236,29.1110915683062,29.268285829813,29.2944118890321,29.2365246088487,29.2153857197956,29.8665851274014,29.6329397229239,29.6156167317158,29.3516259921882,29.5241253138335,29.6925001441247,29.1898183417731,28.5361446235422,29.3414299009647,28.9049397898095,29.220585960883
Q9Z0W5,28.3735148317671,28.7074880555249,28.8865643836571,28.6128235168089,28.6415878471088,28.5976634049682,28.6702428915905,29.0227996631189,28.7349976642787,28.7815079499043,29.0937828452025,28.7968699341154,28.7651422334076,28.7186831870405,28.7074908208397,28.7147476527994,28.6711232311003,28.6482194513285,28.6238899274817,29.0167140219736,28.6755178942157,28.7571425069275,28.8180856723476,28.5187906630866,28.9289998691767,28.5226067689059,28.582187059492,28.8988724363908,28.5556828469872,28.6241771677868
P25113,27.6926734740257,27.9151897050494,27.6283439500072,28.2291103089697,28.5916060302099,28.0174948963786,28.7823434310539,28.127807880032,28.5166877512373,28.3902284292847,27.874457517411,27.9326654185706,28.4618645677401,28.5797552985614,28.2947859636141,28.3712670769963,28.3868946137619,28.3151685222651,28.7025663364242,28.7869753531114,28.5864610927301,28.5250841810401,28.5371066407231,28.2097998544788,28.7389931024129,28.5176109378583,27.7115752383562,28.4547748771192,28.0064223588059,28.3728132480777
P02688,29.8081964211571,30.497264602801,30.1442516873097,31.6078626851145,30.9482215835176,30.1659740224247,32.8750283467246,30.4607739316248,31.4261403574842,30.6054023398043,30.2723963802698,30.1195497758563,31.1934281562599,30.7392484382013,30.822672620163,30.9204394510321,31.9750459867811,31.4514421566354,30.876719392459,31.7489799385648,32.3190114489188,31.0963119802482,32.3732356600886,31.6687723658141,31.277404165058,31.0770019256436,30.9634711073234,31.5844760932277,31.1496237023658,31.3339852397009
Q5FVI6,27.5047908433915,28.4771527323936,27.8364222681037,28.0436356933457,28.1419038737716,28.0078732134423,28.0489896795934,28.2832821792063,28.1571154726003,28.3732041570245,27.6543288379602,27.7886706933034,28.2523979042207,28.4976779072016,28.3685567817894,28.2385841022791,28.0398082225383,28.1266490487126,28.3411924843183,28.1987238534758,28.1836449325991,28.2642408669392,28.2929664036425,27.6641956427177,28.2195826251611,28.2550764621301,27.7333842317733,28.0974370371477,28.1760951735892,28.2854178372583
P07722,27.6090166557682,28.1161781847972,27.663118991437,28.2770247649564,28.1175667714622,27.8106111156679,29.2487872963697,28.150490223005,28.2154556184079,28.5942316150156,28.664532711794,27.9827565346849,28.513292464688,28.0323027651988,28.521736108977,28.3345178935281,28.8287365482307,28.3495509645262,28.4229675407923,29.6046642293031,29.0656076125118,28.8641870097091,29.2765742064768,28.8086053233403,28.4959285801857,28.594848738807,28.3997168747169,28.7267422473245,28.530198051363,28.5845132853537
Q6P6V0,28.9230965686326,29.0185608145521,28.7305176604522,29.0336900433207,29.1953268727582,28.8628637354348,29.3123102707429,29.0223184413934,29.1421512449,29.2640147307434,29.0998227016242,28.9899980172491,29.150954738334,29.1598036578873,29.1349815593098,29.2663773452398,29.2618193486293,29.0418039724414,29.2483037423487,29.3510375948606,29.1896768278649,29.1925503749078,29.2017014186747,29.0918664601528,29.1463067495311,28.8878836470997,28.8856925418932,29.2395494750514,28.9674774951476,29.0013232483273
P25809,28.133968556181,28.6528103552694,28.2765686296573,28.7641525226557,29.2021045689316,28.6312253839552,29.3216626499224,28.7461086888365,29.083574135833,29.0332355711845,28.0608955488942,28.6320680906862,29.0072073610992,29.0831545532415,28.6204392916417,29.0060198319797,28.7769863903983,28.9698207951915,28.9185358622857,29.2459245780127,28.8796395324337,28.925393783157,28.937291329545,28.8467769154524,29.190721054979,28.973746690126,28.4318688176932,29.1453325883013,28.6982668424378,28.900296855785
P0DP31,30.0463053738706,30.8289787541671,30.4031208296463,30.7990281835077,30.9955485130479,31.034967196896,29.9672177958106,30.8164219132593,30.9103346039175,30.823531064655,29.8714647238924,30.6766693903493,30.8017180625179,30.9338346690584,30.3372505636021,30.6848983763046,30.4326175343747,30.7210958468985,30.6665129580247,31.177825005074,30.2893589387669,30.7495892839735,30.3734767197853,29.8587889703357,31.2130832379987,30.8672518015429,30.3586424655261,30.7430547845193,30.3463297182655,30.6224624822141
Q8VHF5,27.8260392173871,28.0158850440107,27.8717168403777,28.2783822171815,28.6496310856607,28.4633631317274,28.7436140496745,28.4176738189931,28.8706474087317,28.6759082889828,28.0992009436728,28.3782043829888,28.6127507841422,28.8021595480269,28.5152760847238,28.6914091271994,28.470010302286,28.4513803807843,28.7934632131589,28.5234081040584,28.5933578705222,28.710483806596,28.3703255174934,28.4337230678258,28.7764641901232,28.6528385609374,28.1878323330567,28.688052285237,28.2983437761102,28.6047093853767
Q63345,29.6265625332685,29.3819776262582,29.3891345134128,29.3727480391911,29.1671041004241,28.9574466665864,29.5362353263918,29.170371888318,29.2410275326553,29.6025666079454,29.7149593703816,29.0831812140169,29.4897360256852,29.1891708174716,29.4971397002096,29.4432993618462,29.7302274959774,29.3483166936595,29.4425752486593,28.989723342221,29.7966262650302,29.8952281298319,29.7768460806626,29.052517638715,29.102832761928,29.5309463973262,29.4442100155488,29.3079942646181,29.4323187893516,29.4042164122125
P10111,29.3422326795183,29.7086447878197,29.4865826682747,29.9785365421093,30.4101652067698,29.9428785848876,30.1179134336087,29.9335619443813,30.3395907499392,30.0764276280925,29.5235228365394,29.89678425141,30.335717244853,30.2830572027072,29.8752973040332,30.0892945795151,30.0649065666046,30.1040712915269,30.1977080607787,30.7022158086541,30.099138708333,30.2509533750799,30.1449516105904,29.761519821934,30.4544406664419,30.3862500072702,29.6548385960807,30.2001810446955,29.8334775540224,30.1508283118554
Q9R063,29.8798002564597,30.0648003844988,29.9629125112923,29.8946176431748,29.3524791731525,29.4262227370532,29.9433245990402,29.5482311307236,29.3733292295165,29.8090343893892,29.8160065050227,29.5224507401047,29.5740284391573,29.3275649099228,30.4149275010029,29.8322272570705,29.6678743551404,29.7323697968018,29.8289221641502,29.2168021034575,29.961731343613,29.753467296127,29.8594616702182,30.2128741869023,29.3076513561161,29.8623808647594,29.9409779188416,29.453640759018,29.9532085432873,29.6371511961772
Q9QXQ0,27.5010133768435,27.2903730980398,27.3028599871665,27.5933616573077,27.6421227009091,28.1831019844987,27.6304561810649,28.0409210547929,27.7509967596518,28.3012213530591,28.120924495015,27.8337855752696,27.8615649198762,27.646654266873,28.2131060694922,28.0888439775497,27.9165015824155,27.7973778780605,27.7349505576811,27.894333449276,27.5635470013697,27.7683274014379,27.5171260112152,27.5805483240182,28.0548644413559,27.6313939773525,27.5937529969978,27.7174887311206,27.640281064322,28.0997843482619
P97536,29.4857501388451,29.750829973883,29.0938416141059,29.3304646047818,28.9887933935843,28.6843229467592,29.7350249408273,28.8576844884185,28.7160939069243,29.1932049603186,29.5398957780864,28.793698963499,29.3340901293139,28.9998167369835,29.831914100506,29.4531097576254,29.1118178055049,29.4479912143029,29.32197448954,28.7920912483636,29.9523356295462,29.5152122758425,30.0102402521911,29.9199127813105,29.0160975726062,29.6507552666345,29.4996076257124,28.7763581874279,29.6206681088413,29.339984390239
P61265,27.4820452601146,27.5316673543535,27.3051250177013,27.8046431451762,28.3023400491154,27.6670108359158,29.1679713400193,28.0393433036481,28.4569684652998,28.3051489696752,27.4586060367117,27.98571408224,28.4528565346824,28.0712621497803,28.7077190789292,28.3888187341924,28.63566550242,28.1060532383043,28.4813151837709,28.5640399911876,28.542428888644,28.3519865399785,28.2753238618537,28.8034046962345,28.4915456237003,28.3630505475123,27.7509016931034,28.3712295146401,27.9925702028058,28.2203650046816
P12346,28.2171132274694,28.077868234747,28.0403300303965,28.0859666269027,28.2045563119437,28.0909030161492,27.9642987413272,28.1023362472366,28.0659610390988,28.016164604458,28.4415744346114,28.0510955429005,28.0635725735271,28.1285656106636,28.0615713301444,27.9575626499374,28.3402505065005,27.9638383980366,27.9920565697475,27.9900607376274,28.2470622513756,28.3057724901282,28.1692075149191,28.0136772904601,28.0105572603675,28.0547638090222,28.1449538164183,27.669343331577,28.0878956694746,28.0094851369799
P68136,29.9714237995617,30.1626472425817,29.8537436565741,30.4660363518133,31.0671806325427,30.4979907428997,30.3421255153313,30.6054147285938,31.0280421495356,30.9081712897299,30.0526926276322,30.5010807304153,30.8182754457998,31.4115521635641,30.4558587083507,30.8681720337144,30.6729591064701,30.62231742274,30.9473480759467,30.8117368212858,30.4382676050104,31.0130825227382,30.4036467405318,29.9023146906976,30.8832945336318,30.9531794165675,30.2139508983175,30.703317519641,30.254894511541,30.9395142939637
P50137,28.1086855211683,28.5172972639157,28.5156447900305,28.3409431850908,28.3627713695294,28.4828568461656,28.4003738542603,28.6167039954111,28.6641173259373,28.375523585844,28.4792310486028,28.6136077796571,28.4278361464758,28.3737809808322,28.4191664457136,28.3185389904885,28.4477002477086,28.3557749758157,28.4525679748851,28.5741062428853,28.5185248147582,28.5518078886914,28.4158906833918,28.4558639769493,28.5565311246261,28.4390750301209,28.6240864810853,28.401471236678,28.4388523997049,28.430859114004
P68035,21.4704001374458,20.674128936022,22.0031313043276,23.3049225055894,22.7579280900902,20.3507436142834,21.6536409816277,23.0503334737634,22.5521222906201,22.0049897934284,22.06786813932494,19.4934935091621,22.373813666169543,21.9991399493436,22.4731192316969,22.21476037477928,22.07299102010638,21.9490243053736,22.687111487935418,21.9962389420115,22.4484750067183,21.9206045256516,20.8543489193548,22.07891984952282,22.293987081581964,22.1067806281664,22.131994802623957,21.9679282110063,22.052364547764437,20.8539527491231
Q5XI78,29.1671602427243,29.6281680059407,29.3636935651865,29.1350972273334,28.9585398377151,29.2168790793651,28.9179174294773,29.3378036182719,28.8601088225581,28.7409047567834,29.3619393377866,29.1897629835963,29.0107639131931,28.7148899272869,28.9496250524391,28.8335959068965,29.1008048687424,28.9666431838534,29.1031270190252,29.296777301647,28.9005297996204,28.9216081052237,29.2633963965014,29.29239668726,29.1013867157809,28.7454055491526,29.2848653340591,29.1708384912246,29.0818768954548,28.6765610124433
Q62950,27.6881506078887,28.1368366838719,28.27722024973,28.1904611170072,28.6145332198052,28.3246997282107,28.2898114158938,28.1832836588098,28.5316614214776,28.3323132248578,28.0352831686347,28.3146846717965,28.405600990792,28.52460870535,28.0147363683077,28.2499244416404,28.1843775132229,28.3997534500022,28.6004272080106,28.4450989317573,28.2842327729371,28.3209684955329,28.2264728171308,28.0744584055981,28.4230480229869,28.5233107828249,27.9762888246539,28.3862593504225,28.1748694484707,28.3789765883651
P32551,28.0479192755094,28.3188174121724,28.033582235763,28.0668093955219,28.0310007099195,28.2565256698873,28.4541868655865,28.530117282789,28.2319902495349,28.1238051718205,28.3340480055282,28.2943836383544,28.2449063604282,28.2248618670003,28.2310529592115,28.1502699958932,28.1987240322854,28.0776575030868,28.1821285828092,28.1078797551386,28.2723710102234,28.1438076709163,28.1584430648566,28.28102883082,28.495967469205,28.2702869555434,28.2041498879341,28.3605796744942,28.2735927136029,28.1632158612638
O35303,30.1362730832745,30.1484505885513,30.1853654981812,30.0587194231269,29.6602980587287,30.4080275892938,30.0022215622782,30.2292499317176,29.8245212371602,29.5648750939354,29.7557688028398,30.0690550450947,29.6580435250387,29.5637902229164,29.9669473152222,29.5887057716935,29.6717520693671,29.7528485474905,29.6254718980266,30.1345261874715,29.6102342004847,29.6492100408415,29.6706965309674,30.3519160282158,29.742567008742,29.8047045932667,30.1318265260314,29.8719843263655,30.0340336063931,29.7011784695266
Q9WVC0,27.2136883287038,27.3521751163592,27.1508219180075,27.5060548969971,28.0576041795145,27.278860966426,27.6299574575468,27.5224463268518,28.0735785139673,27.7550377821271,27.2275466581241,27.5061511170871,28.0252262724062,27.8458048624702,27.4333170499082,27.7387030166727,27.6975057330465,27.719372896663,27.7422127714079,27.5826826708335,27.8337403592195,27.9256799885073,27.7868320797796,27.1989300969547,27.7794228843108,28.0271205165311,27.2305299690404,27.8998069574944,27.644491814975,27.7789110335502
P62630,27.5599531998086,27.4424758619729,27.5479045940627,27.5864902164253,28.0909753613243,27.6702096439064,27.3576371622646,27.7135932761727,28.0005413766542,27.7113687819751,27.3110072091263,27.5572884714203,27.8986930316468,27.9683338818416,27.296053676507,27.7076055448165,27.7182206749692,27.7120492349675,27.8173381645925,27.5607801840587,27.4981248774441,27.7129556138818,27.6437160314047,27.2602658528493,27.7997833505733,28.0277345982191,27.4942019474318,27.7624407146088,27.5677721821642,27.846826117168
Q05175,25.9843539645745,26.5963726842715,26.3304821108256,26.6997672343973,27.1248438124934,26.7980474040742,26.1345753182924,26.8185082262681,27.2103743954808,26.8014116965778,25.9606276584866,26.5725582254331,26.7033633477482,27.1066955377304,26.3061835991127,26.7943081415696,26.6905933751577,26.9711096077066,27.1531010230897,27.2147840631508,26.4439295733362,26.5540556624428,26.5856797789893,25.9319481554989,27.1463599792111,26.7820460229461,26.5495499084646,26.7685840488771,26.3873151402319,26.6686344332408
P97685,28.0039807733938,28.3094798264606,27.7979451807216,28.0934000369695,28.1704220138765,28.2761859093253,28.7128160585359,28.4233735435025,28.6723961230479,28.3600447980562,28.0354493755649,28.1788187477479,28.2732695012551,28.2314800267171,28.4973527608336,28.3253241716591,28.222693147365,28.2460003766457,28.6728087437727,28.2665654144837,28.4139451920898,28.3532724088323,28.4326626961208,28.4538288377606,28.4051059791954,28.4868260266337,28.3311668901342,28.2697630812563,28.3461216479439,28.2970978596353
P25286,28.36170592302,28.9581027240816,28.7744854533246,29.4216469185963,28.8805277378073,28.6217013642328,29.3439154100476,28.3775467986407,28.64618122026,29.3679719744864,28.6931879638622,28.9734244342814,28.4927341311701,28.9078743078388,28.6008524498144,28.8605140431498,29.6423833177686,28.7261256470933,28.6000105105065,30.0790212870733,28.6255218028902,28.609302291332,28.6528031202019,28.5067837810127,28.7167869338432,28.6991456118884,28.5381720899886,28.6292409380798,29.2144275334108,28.4888821898196
P62632,27.5769542420716,27.6764741846144,27.1390553164659,27.4273006667288,28.2048464715739,27.4859793436625,28.2871534188851,27.6658977833661,28.3079388130561,28.1975218470935,27.7803623011496,27.6254765257579,28.1653190116479,28.1634285021654,27.7431110970565,28.0555980810137,27.8677692033102,28.0691274618432,28.0061509586936,27.7492175781509,28.2359246231168,28.1632543666142,28.1493772754621,27.7922574316668,28.2797964648529,27.928293369952,27.5118432106276,28.1377865809189,27.5663915561066,28.3038073211173
P60203,32.083083471881,32.1829625863735,32.0890838593962,32.3455655063897,32.4046793561441,31.5773823140098,33.8567076151113,32.3149447040185,32.6670100069138,33.2807751263163,33.165921831593,32.2513138912035,32.9153902426957,32.5915852671359,33.2686738673812,33.1166498111929,33.1640793741754,32.8736869147389,32.8364422475299,32.2844265515954,33.6329178798292,33.3018544308393,33.7076857728692,33.2256291862232,32.8560659208335,33.0417184457157,32.6994075083834,33.2601627099888,32.8756545498069,33.0489079011845
O88600,27.399431442287,27.5483104691508,27.3935577552945,27.5028369615232,27.8875670703134,27.6136113599804,27.719896973158,27.5106016306409,27.8461581483461,28.1091675619067,27.642209338716,27.632420372885,28.0289008431604,28.0660133075156,27.5311731445866,27.9059938423716,27.5248748651216,28.1766575346949,27.9200616099035,28.0958350368259,27.9193308816928,27.866700387945,28.0485592101651,27.531662872094,27.8873478031968,27.6992423861558,27.3507725010255,27.7764875108053,27.4181136807503,27.7571691362848
Q6P6R2,28.1324491724754,28.0851269504839,28.0590899265746,27.9669369815334,28.0872753336538,27.9560236198469,28.4959164976769,28.5539454883544,28.4260507947513,27.96655242615,28.4840686146969,28.3265722911348,28.2715800598221,28.2180425881893,27.8896481988334,28.0751489526606,28.2193529764933,27.9396725749502,28.2498211412199,28.4616119259634,28.3013410305772,28.3188524139103,28.5474215194498,28.3391267327866,28.4446860018924,28.4949059702674,28.5018786153062,28.1039201229458,28.3900614647567,28.2144580837011
P63012,26.253107933519,25.7951122404144,26.0271718808127,26.5180470395504,26.9998424727846,26.4699715030733,26.2843183811563,26.1600065945445,26.7632268298122,26.9421276267793,26.1625329496248,26.0096025362353,26.6780488809252,26.9980923549262,26.1958505839087,26.4646871077036,26.1873231239763,26.5792606916515,26.6350188062758,26.4507840771904,26.4102776358007,26.6219186082216,26.223162786194,25.8125737763745,26.6984590250087,26.6530075690547,25.8614435187415,26.7661532134468,26.1677657590031,26.6025908646642
Q63537,28.4514724972559,28.2188734018099,28.4821316952877,28.3950551355481,28.860627637535,28.5861219656106,28.4074295832771,28.3930766276024,28.8610401868266,28.7325869223074,28.2356720674964,28.120824982364,28.7439310282686,29.325987255613,27.8834142556041,28.6416040987946,28.3301062463755,28.6011564908919,28.7389719727104,28.6012137759388,28.7073879799757,28.3938548771481,28.3938011136759,28.0962608854474,28.7149224449426,28.6717680004231,28.0898058280675,28.6441912703658,28.5034006061816,28.6229694210473
D3ZQL7,27.6651058340727,27.9639682776253,27.913806199433,28.1571890261334,28.5979074066432,28.011602711459,27.7178308899863,27.9478271531008,28.2413231328933,27.8162633682893,27.6089795423675,27.8794690953598,28.169915355412,28.0003161154533,27.7281992260348,28.1511383607,28.0244136890548,28.1451503402309,28.1274660342033,27.7701012421231,28.0255662691683,28.0325185226013,27.9561444163796,27.143106996653,28.1358755858569,28.0286275057019,27.8263408711958,27.9975428992684,27.8295314055472,28.0453041274899
P54313,24.813401251636,25.3182298023978,25.0404082938256,25.5118911133174,25.6281849899651,25.0317703942367,25.7378165231286,24.6581708466202,25.3777227995363,25.230389045089,24.8089705044809,24.6119140912461,25.5701842260602,25.1857210693012,25.1490070407527,25.2964146754677,25.3095219477783,25.6053469999912,25.467114959733,25.3938877691263,25.7552924030319,25.6768451561215,25.8355906538181,24.8646456704626,25.5207855559279,25.6709003459659,25.0668443045822,25.4718044047637,24.8585902061622,25.0463839929699
Q64542,30.2909480287866,30.453552604295,30.5744942369403,29.7532378871391,29.2366034203865,30.4586811981419,28.477385215193,30.2389940365867,28.762401400621,28.5607963295385,30.1709031169829,30.1704390854025,28.6470149868168,29.5755460237526,29.5763985523191,28.9135374329509,28.1418377092402,29.3449165340878,29.4324578433951,28.9988999713207,28.5503227290501,29.0412986846049,28.6067090601034,29.3289934841097,28.7785256284028,29.2013327720277,30.2436039655427,28.6913233737658,29.7720575532719,28.8863152182979
P11507,28.3723583949113,28.507219459878,28.2228469683482,28.3468142928199,28.2266255698023,28.6425422803245,28.7348827575821,28.4982792748073,28.3063577609089,28.4249113840312,28.5530856855257,28.4801709691808,28.2649411259357,28.4333166504571,28.4031466207757,28.2365275950372,28.3735955196166,28.2636089938374,28.5614083063853,28.869483832723,28.2735507105694,28.2930769144874,28.3096704945852,28.6230574814986,28.4624839023592,28.3669589148792,28.1649753117945,28.3709671276309,28.2459185489651,27.9091995962876
P11730,25.3721165006142,24.9606517389768,25.2976911288628,25.8259354051005,25.7034139310168,25.897069102827,25.1197818845295,24.4516933983706,25.4881752616237,25.4568725286216,24.2523050482802,25.1386274841338,25.4411250760865,25.4309153546641,25.2190864565274,25.4445908235498,25.3262258329762,25.3366400576596,25.1613679245263,24.8275940874293,25.0542989405857,25.1695626260284,25.2251876238806,24.8968247419847,25.6874553657088,25.5094918836721,24.7836254671972,24.6855713326659,24.8162605496735,25.7154949912437
P62762,27.8522692426098,28.0900037805797,27.9346558482424,28.0800677261277,28.6061766960459,28.2592413674959,28.2402118959798,28.0961493091765,28.4927282151932,28.4321773038265,27.3947477243272,28.1938420361353,28.4284902444379,28.1996424055688,27.7670296446249,28.0330013767543,28.0646460580396,28.2933289058734,28.1521448823511,28.1587564182106,28.0776474094315,28.2388811481737,28.0621122513897,27.9428222763288,28.530174265746,28.5908163689791,27.772401825415,28.2474555433056,27.9286702278643,28.2702097961567
P62142,27.0656254696383,27.31370200578,26.6924139316491,27.013006744286,26.911611071397,26.7960234551024,27.3315499410034,27.0188756710763,26.6540455656932,27.1665449073721,27.9693694188605,26.9402933705423,26.7731921302352,26.7352985544098,27.5344943539327,26.9952771029402,27.0413333618904,26.8811837710385,26.8547424719693,26.4106252742705,27.1842892368625,26.9833110396026,27.3748642260348,27.4074143494823,26.6881649443134,26.7192401409477,27.6375701462704,27.0308914246477,27.2328807966118,26.9196571014823
P04897,29.7980670991426,28.9242825593939,29.7078638738558,29.306110180406,29.1422425954865,29.1824102204304,28.863093219333,29.3170591408049,29.0291951214223,29.0682640220032,29.4981284409251,29.1856246292601,29.0013774809584,29.0535168488749,28.8545402379005,28.9209927527697,29.0790865719745,28.8393502207463,28.9701786691743,28.94278378971,28.8217879469696,28.9654530695914,28.8525252198839,28.7980852285576,28.6822106239147,28.9770970296826,29.1638643908332,29.0818823912764,29.0245724091765,28.9311336641365
P07340,28.9639272386535,29.1667555076952,28.9325667677209,29.4414840130231,29.6676401364393,29.1928710683461,30.3219271042479,29.4494351301447,29.8522619958792,29.8491420354295,29.1233911343217,29.3306733706095,29.7582000705327,29.7157243638739,29.661508352531,29.6846292411787,29.698943655157,29.5434563669105,29.7999699332951,29.5741010265946,30.0340733526424,29.7381880190905,29.9106531159502,29.6711221002966,29.9639240145138,29.7841999696862,29.1030056706465,29.6763011863637,29.4080211738281,29.7427058788825
P08009,27.631174350958,27.8248305067167,27.676006795768,28.1150830742702,28.1886708528044,27.7856167999299,28.1605172059176,27.9603605938682,28.3872157360951,28.2935538747755,27.7320274537784,27.9372506257515,28.3108558236005,28.5116755549934,27.8856918695176,28.2481163663166,28.5849517091766,28.5240972663628,28.6312004222424,28.6806558188976,28.5010693305396,28.4899088789362,28.6351125947461,28.1571057349126,28.6031633840947,28.4083445763433,27.8135252999805,28.528630212318,28.0854955591288,28.3429056484718
Q00981,28.1561663674437,28.1833014351164,28.2518068459463,28.3163803675943,28.6971454096516,28.2389673905176,29.2794835697149,28.5131820525293,28.6755140061068,28.9060376181116,28.4894085620344,28.2516683899226,28.7974137807566,28.7914778449945,28.5645606747977,28.7078882281125,28.7566748497776,28.6590471455289,28.907674454248,29.2708322130815,29.060042757574,28.9600311847305,28.9628529295062,28.4938100034808,28.9244897283727,28.6196099138424,28.2481658441293,28.9599353954429,28.3727214776211,28.7115260735329
Q64541,30.6784838122363,30.8869228178381,30.7881789902905,30.7190733267775,30.5716166138364,31.1404450470938,30.508709267763,30.9542623367525,30.7136425852106,30.6418753505309,30.6903040023921,30.7318667337605,30.6049759286635,30.9796950232905,30.1945774075434,30.4352805535511,30.6945404349061,30.7765738046623,30.7619946029059,31.1676898608141,30.5934652973195,30.6609361279921,30.777362736273,30.5842063050193,30.859791250153,30.7332472844723,30.8310374137762,31.0724539039489,30.7657722918822,30.7050137148552
Q08163,26.2575857946931,26.3882139413175,26.1007831011779,26.5970090136896,26.8893656439617,26.6011625846219,26.6927998705277,26.8845301679735,26.9077369766628,27.1278605047968,26.5998682007196,26.9061788541313,26.9836442348107,27.2825744796583,26.9958136687788,27.0451316713967,26.6085953032262,27.0681866007341,27.0653668168889,27.0600654693528,26.8047878971502,26.7770531994543,27.0719091242731,26.911317856305,27.2203690198584,27.0167253988128,26.9857900229851,27.2121729277954,26.7958828540609,27.2522649684534
P62138,20.7029240139182,22.3084220597267,22.0863392355843,22.2403538563598,22.6347101011476,20.8817535859043,21.2599054381028,21.811886689786,22.3074783808138,22.1208710671863,21.3063661549565,21.814072220725517,21.9595003118651,22.1618189863278,22.36563619905518,22.300467653217,21.7939020192006,22.3030457155469,21.8372211045029,21.9635970177713,21.990154445581,22.2771098959523,22.2209256218376,21.3165565679996,22.0971750211275,22.5247781433432,21.7300951304436,22.3997640231921,21.8749668941707,22.4422297489424
P07171,28.1877427058626,27.8196378396122,28.1380278112105,27.790014440045,27.6638704926269,28.0558687812674,27.5158885848243,27.8988192505285,27.6249774188328,27.7985190777685,27.5108452326873,27.9778240610783,27.5234470440571,27.7892105859311,27.6826677672349,27.8168780194678,27.2102288990006,27.6416337216532,28.197742489575,27.3599053403431,27.6255428250477,27.4932409260736,27.4867158836148,28.2833085450587,27.6719551187582,27.6489201234316,27.932025322541,27.4386017474537,28.0517572035975,27.8136773033532
Q4QQT4,28.607608219356,28.4688168629874,28.6323529206004,28.5324131215738,28.1845496995124,27.8035214760678,28.2477216964784,27.6896932282692,27.8191104604752,28.0060736110868,28.1131008140903,27.7809314475942,27.7480240037352,27.8126383140964,28.3759587260889,28.1760180367117,27.8530552777084,27.8552350283711,28.0262933606882,27.3823540888468,28.1187880710673,28.1964548384387,27.9011350303519,28.1352203738099,27.4594565651273,28.1647644940461,28.106903583309,28.0394787138043,28.2387156226989,27.9666864123264
P67779,27.3548258275767,27.7101275211324,27.3279192790426,27.5817408307355,27.5794019552593,28.0266540955245,28.0189768746947,28.1488699483145,27.7006079683611,27.9006271922908,27.8366610083871,27.8732944523793,27.6563038899822,27.7296376637107,27.8817329030596,27.854987663668,27.683227180079,27.6583671896985,28.0185668239678,27.3729805661825,27.6370332269489,27.8917211575821,27.6698995582869,27.8663558301672,27.8881023123199,27.7232714961553,27.7703768980081,27.6958208465265,27.7427140116996,27.7183531327163
P35704,26.7517184837578,26.7799196912444,26.4740701794636,27.0177621616109,27.5371193298298,26.8946020525245,28.3249017603959,27.243819890752,27.5740316652233,27.6304955108916,27.3709875193635,26.8872174601552,27.7948035283376,27.7207584961911,27.5251888585918,27.7322035798305,27.6558873761022,27.3327130893549,27.7320634979778,27.6023558171241,27.9004232992461,27.7808999818407,27.8003841092639,27.7056885830366,27.7450287770186,27.6290546379203,26.9597365788955,27.5800176265609,27.2490647526254,27.5848552735533
P63088,24.4872802067122,23.1718998240737,24.5327832567198,23.2103549229505,23.6196617457625,22.9813619752633,23.6017822594299,23.0729981098075,23.2886540623126,23.4135396207998,24.5986277824228,23.3923593331514,23.4580941428826,23.7015074950552,23.5270280495489,23.6281696792675,23.4145197605972,23.3398766093008,21.7637403497359,23.4393522131267,23.386858191039,22.9152602264917,23.2307505469499,23.2707458446989,23.3003403176988,23.1292772623285,23.1080405486487,23.7228300347423,23.5880426973057,23.5572717693999
P21707,28.9874420049828,29.1194475550052,29.0710698677086,29.1527188690412,29.5561223809027,29.4460944335922,28.6714943279555,29.4078841206942,29.4723155867482,29.4105581680592,29.0287541892437,29.2992460550478,29.2196317173798,29.5030601898003,29.0393189920037,29.3226733483673,29.1042652502768,29.2673301981965,29.327776798428,28.9265564976279,29.026716294322,29.1346298505925,28.9134948751717,28.8092735537443,29.3835841713957,29.3439965718408,29.0735141448124,29.4571190011133,29.0781577486629,29.2573850935341
P48037,30.6365684056652,30.4453005765463,30.7149135815667,30.6070092300383,30.7250667184843,30.6015893008892,30.5630731788282,30.5152915545846,30.555068920021,30.7956695948071,30.6905970251838,30.7725289299996,30.9398435101456,30.6514507820405,30.5668168347367,30.4302108954655,30.8612166768132,30.9598657339299,30.4945156153034,30.74725679501,30.5541749918191,30.7363934057649,30.7222961176512,30.5083638549107,30.8399940611315,30.6892772550241,30.4550460527851,30.6809681844972,30.8385732868388,30.9624317034099
Q66HA8,28.5368457488775,28.3731745637469,28.9193578885922,28.577922424785,28.6865291152882,28.3074712611426,28.4066257087619,28.5204763268651,28.4118318859233,28.4792249746339,28.7519371133484,28.5183812614089,28.482774033747,28.6308406448043,28.7925430928747,28.7278793345778,28.4896062254966,28.4720032459198,28.475195715524,28.4925699234864,28.7832275258751,28.5161167581206,28.5121588070639,28.9124015230045,28.4254904084183,28.7883034258729,28.5192773190761,28.4616995513594,28.6805100694481,28.4265414987531
P08413,27.7748678783607,27.5094149754282,27.5387279603537,27.1385924705651,27.4511315107928,27.5005612773405,26.0293404254233,27.475217186904,26.9450938461282,27.0447774813572,26.8854022591263,27.4120707057194,27.090762698952,27.4163277774073,27.046432525729,27.2239620376351,26.9148720801882,27.1862617474959,26.7137169101226,26.7153779410349,26.6067452232633,26.9285740425243,26.818339506723,26.6103884590668,27.0566324851695,27.1546100327679,27.3499289468995,26.7791215124704,26.963905159011,27.04711903696
P84079,25.8802705366774,25.6385458484419,25.777564971634,26.0541854649597,26.5815526749936,25.6156019196763,25.9063961930596,25.8039908925422,26.479860897961,26.3937574209084,25.557460066668,25.7996137052047,26.267463327799,26.3871822784557,25.8604476869018,26.3006127220529,26.1480490786401,26.306468514732,26.5428992529913,26.1769697646183,26.1471199097386,26.4976163300081,26.3659713138633,25.491680953985,26.5091573764009,26.3275040857764,25.5825835196387,26.1097274711889,25.8905540811011,26.4105971727284
P52303,29.1207432098836,28.8856289739483,29.0325638660633,29.0499539883251,28.5485644438818,29.7034248240688,29.5897058114271,29.6032520896552,29.4813946793509,29.1211098334221,30.7733614679711,29.7805100766689,29.2580994954366,28.5973012386253,29.9399413973367,29.188320195356,29.800712902158,29.3071679383541,28.3732959714305,29.326470742534,29.191232560345,28.9500635665697,29.1755648479492,29.5627389192624,29.6670410366729,28.7257946483648,29.6851819457005,29.4873854897526,29.1606221496811,29.1118527374167
P62738,25.0287338044908,25.3085753657023,25.0664387780042,25.0041076907741,24.5904568260583,25.0030614412925,18.4627393298373,24.9717011619632,24.3305369820793,24.4732306544997,25.0344486987545,25.2158432883727,24.179890356829,24.3957724455538,24.1903707743033,24.1564907156004,24.7290209790584,24.4609227630774,24.5831369892667,24.0000078972259,24.0218007818355,24.1369051739711,20.6482505410378,23.5508683849992,24.0249561557762,24.0887689667914,24.9454274607765,24.6533487770631,24.794926894578,23.6726881124873
P24942,27.7198082838309,28.1977156397782,27.8188239854304,28.1135788038053,28.4958506806533,28.2677444350873,28.0337142422225,28.0832790182845,28.3684582268255,28.4111989554812,27.6533412705258,27.9562585581821,28.1612407911705,28.4721714400971,27.9351728660132,28.1765074871286,27.9695783755611,28.0840284066959,28.5742799972644,27.9874748598929,28.0850013850613,28.2095227189449,28.0618484791759,28.2668391671915,28.510829894305,28.4368926464837,27.9222514768644,28.0269262220246,28.0234161703648,28.3592037327011
P97700,28.207512571607,28.1534510604737,28.1189425524096,28.29118821812,29.1484813540909,28.1178994845953,28.5952519878872,28.2404991436375,28.5102743226724,28.8407220118533,28.1173368713782,28.0778288629565,28.5076154708576,28.5767599048583,28.2781226991243,28.8494324156322,28.9241989869854,28.8142204478323,28.8846864000703,28.609851572355,29.0357793319939,29.0215917099442,29.2216761688488,28.2849842618497,28.6086793633207,28.480094444017,27.8789152982684,29.0274331940357,28.189071905405,28.8899484915365
P63045,25.7637018243223,26.7015488288097,26.8921187015305,27.1574154886012,26.8462868462578,27.3045380501391,25.7270530191795,26.9727011869239,26.6128295836929,25.4554630963089,25.8455876922002,26.7311631902169,26.4073459605704,26.5315271770426,24.991616233056,26.0900479728188,25.9209300775915,26.5663177991723,27.1238434606909,26.1072614341301,26.4470579554555,24.9957365578294,25.6538388211446,25.7539886434092,27.0302711095018,26.2443827878256,26.2154647802668,25.9128161966668,26.8633472468975,26.070750711533
P10824,24.7169456424108,24.8402379432868,24.4223889068915,24.9483670489659,24.8827026604014,24.8987180684572,24.5663508012423,25.1059301675883,24.9644301245543,25.4381291829208,25.064821135293,24.9499635407607,25.0376977463978,25.2072419559464,24.9013630757033,25.0603995713897,25.0447748539804,25.1479156273429,25.1823733925333,24.4355757493672,24.75752551878,25.3757041313394,24.9547910422067,24.7197394256634,24.7704585585864,25.1552456965721,25.1695405311167,24.8800860533603,24.7408558607195,25.2444888302201
Q8CFN2,26.2774975370967,26.5455151375017,26.2496291272276,26.9248088081598,27.1982479036283,26.5247428634175,26.8760851305489,26.5274190509462,27.6285074641304,27.1189713512602,26.3852249973297,26.4575043302385,27.0178200975052,26.8853999900533,26.9296909426584,27.1235388154791,26.9087222470357,26.8131823184109,27.140881625653,26.914324495234,26.9353176767708,27.1195058867378,26.8968545787675,26.6044559500132,26.8995267937059,27.1196301687065,26.5212290210471,26.8867573458173,26.6787428898695,27.0077402978411
P13264,27.070434564382,26.7491678315906,26.993813050072,26.9921781512321,27.9242418543352,27.3547724648066,27.1432842134106,27.1730039987547,27.7642523095144,27.9405073016179,27.1876466838758,27.4811337974766,27.7555144860361,27.9169249901103,27.0671334679574,27.6538662658134,27.6920639191576,27.7469533660832,27.3470809492844,27.5159017450207,27.4694655819873,27.751126707331,27.6361919063776,27.1126644168501,27.7165911813959,27.7657757423099,26.9153263810562,27.6671474028163,27.0232178382303,27.7509765141836
Q920L2,28.2573380549726,28.1411295480902,28.1452500635472,28.1438484644818,28.2375760945807,27.9984324297648,28.2849438767014,27.7365751149974,28.083041399949,27.9480607552293,27.9456848739309,27.6045693677292,27.9121149748056,27.6254070047403,27.5911479385157,27.9271546836306,28.165929740797,28.0027935832016,27.9827709351073,27.6952227558004,28.2403003512124,28.0714668373507,28.3249436440894,28.1616962855728,27.8701417403435,28.1019412215109,27.8382377489529,27.939658448192,27.7655327033836,27.9027367207488
Q8VBU2,26.9964611612174,27.2284764300877,27.457949186535,27.7334213054659,28.1794127465154,27.351670916539,28.1592522380483,27.0931634871013,28.2579633714929,27.7932525557015,27.0552642734857,27.4287634532697,27.8651234894889,28.0795335598527,27.3522892763803,27.8532756161658,27.8042315596601,27.9960978010598,27.7713258923644,27.9193899965833,28.1825445314371,27.9959096698185,27.7343191844866,28.2952912588586,28.0498393340314,28.0714468661943,27.3757257636024,27.6706004428237,28.0259405295632,27.735263853986
P15791,25.3903118060807,24.6713090185878,26.075796020851,24.2924079499807,23.7708002762412,23.8154086783228,23.229243056966,23.7015901278265,23.2526913030066,23.3153951624324,24.2073605332865,24.0929546601422,23.3605080524609,23.2475916856906,24.3549970882074,23.3557729753394,23.1809209166568,23.4543767718351,23.6013757546868,23.219828440845,23.3816581812599,23.0665145800729,22.9653980348287,24.2706997476385,22.3426926293616,23.3930448336676,24.4275286544032,23.0896162099357,24.420574658894,23.5398433924089
P63329,27.9861216698423,28.0598558455262,27.8520308043071,28.1018574725197,28.091403234582,28.6730375657324,27.2667262046128,28.3998170557489,28.1760445084032,28.4025174442869,29.5223044419351,28.4233253237746,28.0892048924593,28.8098867152925,28.1726950896502,28.3034005819796,28.1569603240732,28.0693727138812,27.8853713585033,28.2225726422183,27.8059606725758,28.2767448235994,27.91934776221,27.7606998430052,28.3386897144621,28.1240514828938,28.2575343625072,28.4951656971173,27.9805649653296,28.0847236287543
P01830,27.3417149515644,27.702343019949,26.963995068971,27.9311898623491,28.3411244163195,28.0181101305284,28.4149798701503,28.0915860302273,28.4991712558228,28.4808383317468,27.9664455685725,27.890501203023,28.3364515901358,28.3902070400272,27.7503969361813,28.3241992567967,28.4529609115426,28.1243449454621,28.1557768905809,28.1715368040366,28.1282328406918,28.381343412519,28.4059439386245,27.4242931515455,28.5458111620026,28.4498507654329,27.7633135188499,28.5339471888478,27.753891365967,28.4218076844385
Q05140,28.7314634595877,28.4268735756358,28.5258222352272,29.185669106131,29.0517785848975,28.6552197035835,29.1079864137275,28.6519912451877,28.9197139617105,29.2217088856025,28.4963630264261,28.6192290642972,29.1551100340663,29.1261566956305,29.0094764836798,28.9991811729819,29.0956178395289,29.0521159251177,28.8944755222267,29.1323882084163,29.1158154813685,29.2730134016669,29.4165077863895,28.7118045976561,29.2275259324803,28.9905441461158,28.6166958565791,29.0239894386877,28.7298729146769,29.1328174038724
P37377,26.1831787905405,26.4206852260721,26.7553726307166,27.1381105507716,27.3638925170769,27.4352543784813,25.7234053837847,26.9215127493699,27.2750315069747,26.5819706335255,26.0792826361121,26.8275151175,26.9242993290564,27.4309490203569,26.1808843457866,26.9283921673631,26.7744298979105,27.1312481882139,26.9160647699186,27.1115711106102,26.3666244783876,26.7409183832734,26.55954268488,26.0747062734988,27.1869483700474,27.1233766888697,26.9136467882098,27.1869840318709,26.8100906031212,26.9111782845544
P55063,25.5407832022444,25.6650576326999,25.9042068644294,25.9049066961345,26.0176677401503,26.043753749403,25.7243815365589,25.7307842215941,25.7697549896857,25.9503925336951,26.0912741417298,26.1269845838663,26.2445956897929,26.1503111036591,25.9706914801199,25.7973933323886,26.1334544678418,25.9330222616711,25.9822431436125,25.6631282382404,25.2167772519351,24.8133972184122,26.5741171316831,25.6956721858067,25.826641147868,25.6233984424296,26.0022723205704,25.9764889064075,25.9845058403369,24.2865238561461
P63100,25.308164871248,25.3795859704901,25.7457674652053,25.577466560945,26.3497426517946,25.6645819093994,24.9534961561921,25.2875881355797,26.1774775815054,26.7869569610499,25.0803136532663,25.4205405730699,26.1870871585039,27.3466433379116,26.0880484817565,26.4733448993288,26.3279458321769,26.2936966900595,25.8166516831109,26.789947368358,26.0627044215882,26.8171759356064,26.705572567103,24.8960015734453,27.2082816280403,26.5300531845775,25.1021567387223,27.0157467682957,25.7946691399309,26.1981161023159
P61589,26.510716719259,26.3055536287846,26.142064336664,26.464568225978,26.8875105312482,25.5278798479473,26.2452847877302,26.249233171161,26.7035432959517,26.8266861361906,26.1614601615652,26.6234847753171,26.6985458592964,26.7242993337455,26.2728879851471,26.6709513245074,26.1581201614962,26.6680750519748,26.419790975886,26.3576713565162,26.5586016466823,26.7642624001291,26.5718501170007,26.1064526758105,26.6289984139367,26.9321737136589,26.3812795558304,26.4870036673637,26.4212230936078,26.7411063240588
P62747,26.9495922375427,26.8663794292472,26.7741792175434,27.1076575726511,27.4520731056977,26.6974464959316,27.0685274897528,26.834205738296,27.1421047455876,27.3347795901967,27.0245716373721,26.8453817322427,26.9742513645725,27.1818242072628,27.1381767075039,26.8895488659994,26.9695357732121,26.8495369790038,27.2265993900399,26.8347468170182,26.9424430683136,27.1519943806296,26.9926620946625,26.796499039168,26.8285773768574,27.2036862212489,26.8692866168692,27.0223731562412,26.7853328937548,26.8895926595005
P49432,27.752469349757,27.6266329437752,27.7021180429931,27.673239214451,27.9315789367847,27.8110526186225,28.1582912673809,27.9047445788189,28.1414729562405,27.8224001645333,28.1785320039662,27.8029892940443,27.9201423308057,28.0187731358289,27.7995528414821,27.9404081800211,27.7266106968837,27.9156955162465,27.8236759146162,27.8732796941103,28.047435546459,27.6703458722591,27.8503763217795,28.0649269651389,28.1910532839037,27.8897819881863,27.7478096640981,27.7844730694555,27.884880429075,27.9208456727411
O88767,26.6919075998744,27.0505800761458,26.5730709368316,26.8103854298416,27.2721180380062,27.2714055617755,27.4091344980626,27.2141648862113,27.5227765742221,27.4980395872971,27.3074746942312,27.0833019177429,27.5851632528756,27.5747893783113,27.6034928759323,27.4310888000367,27.6910928024963,27.4985023360201,27.6359230457783,27.8390126779452,27.9774715381165,27.6112677862029,27.6489921680538,27.681929257137,27.6032345448712,27.4469856047411,26.5667727913736,27.5376283078267,27.1952942508969,27.4533893886411
P61980,31.6944107237258,30.9527831720404,31.40176183697,30.8489997603122,30.7017205607944,30.9679306791433,30.003829106048,30.4458974832806,30.4945727904446,30.4582417457526,30.6025366074512,30.7366691709033,30.6110123686335,30.5869692969868,30.4260511189644,30.4728147503843,30.4518685602285,30.7152129390449,30.52630142926,30.216125253193,30.3828143811049,30.4461295516079,30.2939215872931,30.2624341589219,30.4849313041283,30.5404379795185,30.7272058221922,30.2406522956342,30.6818810006681,30.5537774634729
Q5U318,26.7764918691201,25.8611289656875,26.4238299995461,26.7606539087724,27.7617283399573,26.0157365318852,26.7650587183975,25.8713460560522,27.2567821155981,27.38033315218,25.9190885931638,26.305982500671,27.0434415838719,27.276782799053,26.5543553222313,27.1374454427522,26.8592220907973,27.0991022305897,27.1788010347132,27.0600506475357,27.1835153511735,27.0810141422818,27.0828791048712,26.651108506415,26.902948452323,27.1863154910087,25.9186387924631,26.8280978480358,26.3681993337237,27.2770137510778
O35814,27.7974657050746,28.1748605283336,27.864578858425,27.8784736708194,27.6553331692843,28.0121421769916,27.6835500182104,28.0229899742515,27.6803605519969,28.0105449067263,27.6747012564419,27.7408280033668,27.5971809550183,27.4221321457745,27.6742184944999,28.1736107410387,27.6320514249576,27.684128728015,27.8164044105503,27.7791671688516,28.1269030724827,28.1117084664639,27.8363997137507,27.8417002732551,28.2336227402691,27.8112734134659,27.8076681993745,27.8765520387142,27.9033709613625,27.7897568379745
P09812,29.4124821480088,29.0825546258158,29.4437969330476,29.1838256054026,29.2721175980674,29.0254401764187,29.2461821072463,28.834480916792,29.3762528232305,29.6775362525433,29.3499055460063,28.9830565670491,29.5631743696808,29.2525579468625,29.5154848416505,29.421596677511,29.2045900563973,29.6023788155058,28.9781440288015,29.4006143341792,29.9389746656019,29.282073204978,29.7095648544081,29.6265056864525,29.5537359684081,29.3858075599987,29.1817083411564,29.072888748867,29.2981136119908,29.5631520394361
P47858,30.0110879109046,29.6118369577657,29.8720112821402,29.9304355803688,30.4640677879976,29.8625714965488,30.6715170336902,29.8049484764824,30.4962736092846,30.7420786944781,30.0653760999716,29.9967934890933,30.8348751791906,30.7192770927317,30.0589739288735,30.4486894734386,30.7956786500937,30.6136404993671,29.4098212037255,30.5261942199872,30.6337955019706,30.7508584893988,31.1903312757265,30.1864856362833,30.9354924513671,30.5562399504539,30.036222472964,30.9550372812721,30.2288594873047,30.6068436269072
Q9WTT6,28.9297708195178,28.9929447557493,29.0720999203018,29.6446109610333,29.275520522057,28.9529318754149,29.9982827467144,28.9848944046029,29.6653682275126,29.2350001825341,28.9994280524866,28.8442510070747,29.5022279541709,29.3142569108483,29.252726040917,29.300392341815,29.8023866977325,29.6018694495896,29.3388971352954,29.5228803769316,29.9927546509619,29.2448840202815,29.7375835263452,29.5308004816365,29.3087561514111,29.3305573410051,29.1907207492285,29.4829147220022,29.3854794990716,29.4314150210974
Q63941,25.1990924389242,25.1016650621765,24.7975374776305,25.4062849485092,26.2176585182827,25.407998098598,25.0165514843435,25.1225531077091,25.8594397530776,25.8116158107716,24.9715813532619,25.5058521774508,25.6726314872938,25.990898267281,24.7311555905673,25.4849507563538,25.1221164327955,25.602087257879,25.6400894363342,25.6783122778372,25.2759144087151,25.5339891504653,25.3305626668036,24.7479123215196,25.7127548087518,25.73951112641,24.8910688665927,25.6831474572311,25.4548769955344,25.6928502114679
P48721,29.2039902890499,29.0422376986743,29.4288718623044,29.2546530878447,29.7497186072603,29.0192068352058,29.1423360338877,28.9248549251637,29.6208094646883,29.5646994629658,28.7100007176328,29.2123397218133,29.4127081887492,29.3977839324231,29.2459088508025,29.5365381230444,29.260446743339,29.4123635267053,29.48712694632,29.5483826884456,29.4050984138968,29.4039644627833,29.3887543983887,29.240180500534,29.4515992683875,29.536613532638,28.9604519485301,29.409812621712,29.2484155910643,29.5527100021945
P63319,26.2230941361568,25.7117883856412,26.0307012303821,25.9864649233333,26.0057468543246,25.7957173303627,26.0168446173803,25.9209010803508,26.1028955121847,26.6026416413914,26.4589489299444,25.719763956611,26.2633731945283,26.6618482297391,26.1236404457554,26.261048986352,26.1853319341389,25.8871970592038,26.1676662385492,25.6583128000773,26.0497320757426,26.3243469207068,26.6143115795879,26.4230237432395,26.4793039222533,26.0226548832423,25.6846465627126,26.7209396606757,26.1438812667047,26.3710455291329
Q63942,22.46777629305154,22.349200510037157,22.467382035135138,22.0515224305088,22.56844276186322,22.2474420462187,22.2764336362887,22.119876206582898,22.55506419239564,22.2130882875617,23.0758423129825,22.6075513663955,22.8268518591285,22.5510208320286,22.8964220433032,21.322214659215,22.586158865328,22.884878802309,21.7044265122227,22.5348544250596,22.426913848701,22.5996581005426,22.4409317025842,22.574021295227197,22.3934117609466,22.7617848946967,22.6647721886964,22.441954686163,22.193051776104824,22.584756529524704
P84083,26.8796579818961,26.8585640138611,27.0284156370472,27.0547003206525,27.7611047419921,27.1644464654036,27.1472028416978,27.1216853083882,27.7003975287615,27.3299319355009,26.9000115297626,27.1948359579514,27.4738206814718,27.6850673604871,26.7975893785251,27.5308488957679,27.2834970118597,27.4101804459443,27.358446614564,26.837949710777,27.3216551103678,27.52542916887,27.3750391005466,26.609835390427,27.3855490513112,27.6612601461563,27.0506103092767,27.4540606285777,27.1253323703488,27.612124669858
P07825,27.1819705852344,27.0182204475813,26.9222085049953,27.3782324783927,28.105527323836,27.2364210628813,27.7749900464047,27.3319661855904,27.9818893708624,27.7086168833632,27.2174734093421,27.2429480152581,27.7179453753492,28.1198024400009,27.4804522731147,27.6611676419576,27.408515840178,27.8400648075986,27.7879523711436,27.7336305939643,27.563857631688,27.7249024108366,27.7070416379927,26.9276522556336,27.8981937545276,27.7383326901959,27.0653978727534,27.730401315166,27.2275640772055,27.4948752346707
O08839,29.1394204382367,29.2913802540704,29.0624088099862,29.0574486596638,28.8876437502731,29.5710040732729,29.0751105792403,29.5124202791573,28.9104406078261,29.1829058941042,29.4309928640372,29.2594130033878,29.0612753546924,29.1738825172939,29.2886604995295,29.0410103494189,29.1516489742308,28.9974030962817,29.2986093510715,29.6949335613017,28.3386404419154,29.4039277006795,29.4191982897132,29.2365037537318,29.3601854968257,29.0430141010398,29.3411605124914,29.2679566487385,29.026651196018,29.1530497772584
P16036,28.0203898729076,28.2714515807643,28.2902503953481,28.7219413344846,29.2268612564394,28.628663301681,29.1537094117302,28.6017842601635,29.0696350868819,29.1441759150709,28.2734304074837,28.6418652821804,28.9276564248167,29.1585113846164,28.7070466236092,28.9324345528098,28.7522443694564,28.8799030956131,28.9505788476236,27.9541703235144,28.8599077180017,28.8039617452791,28.6680822367824,28.7454737411103,28.8545997070366,28.9895580420919,28.410479585114,28.727307053893,28.6406568864242,29.0327373698825
P27139,25.7547638078701,25.5871971824527,25.8311705689722,26.3892267185716,27.0121127122462,25.7162685349202,26.9925548734586,25.854885197039,26.9719531477477,26.9093734792423,25.9299120098935,26.1350052867014,27.113885840559,27.0981192038187,26.8908844538766,26.8425352341759,27.1744951769916,26.9176609061433,26.6604383723172,27.6069962138739,27.0035146194444,27.4523354216696,27.1044648273595,26.2206337945658,26.9387327147464,27.1409354511543,25.729039562152,26.9757081640504,26.1263567056701,26.9673381431735
P37805,28.3531290136675,28.4128061359316,28.1591815417512,28.3936705095316,28.7150705380731,28.4790824927934,28.2710931741306,28.3816889207132,28.6529256329053,28.4044781962815,28.3612549151295,28.3080865747652,28.5616168784549,28.6590178729367,28.0697052991946,28.4037615300605,28.3907544196135,28.4974187582061,28.2772646813515,28.2976224301686,28.4044330993158,28.5945837915321,28.4813751392887,28.1086840159302,28.7675501763909,28.7726553013084,28.4272516071697,28.5352191238212,28.2621872156642,28.4967037814611
Q9JLT0,30.8681048399476,30.9873644594853,30.7476815962933,30.7692985379351,30.7060742105966,30.7581619989451,30.5994675947511,31.1320924961119,30.6759983023303,30.4427892559836,30.7921046311723,30.8309210740195,30.6943798060745,30.7322115717087,30.3998475692151,30.6013807544315,30.5227255017353,30.8974882135488,30.6570018670372,31.0926171964385,30.4595059984682,30.3506850001189,30.1686367457038,30.8923527194515,30.7825287160473,30.7524732996643,30.8921133945334,30.3459191365339,30.8013036108241,30.1976823921927
P48768,26.1297748470236,26.2597463385503,26.1356891016928,26.643216577216,27.0602672902053,25.8967292687292,27.1947243772187,26.6164563751869,27.5616264561677,27.2896335418776,26.3522821379531,26.6532196006674,27.3355559212544,27.1862088436791,26.5260740756649,27.0986463057251,27.2710958685855,27.237537333504,25.9826624976241,27.5054105484815,27.0060621715108,27.2673352623549,27.2318416640139,26.37660638991,27.1443203107829,27.1883246182661,26.5265474892945,27.3471050386172,26.6391179355335,27.0935515035766
P84082,24.5774355580206,24.7416119761089,25.0812219410137,25.0095021447708,25.0137388019369,25.8676334321224,25.5449983049797,25.1757953864046,26.0479511000387,26.3240495020283,24.8491991197324,25.4323107654377,25.6317183677883,25.8703029488004,25.6858686235692,26.0607927964175,25.2922938097713,25.4269576212047,26.0778766964434,25.1987421251924,25.1117056125719,25.624400244296,25.3755141532939,24.4195240249914,25.8292095425546,25.5299184858147,25.0151937816435,26.3144472008747,25.3313830072302,26.0137237589194
Q99NA5,27.1557132882658,26.9377408002816,26.9998762141406,27.2243276373672,28.2314999846768,26.7778095627105,28.36239621788,27.4368469002463,28.3178394621925,27.6085961601815,26.8343731881297,27.140817546192,28.2933754886159,28.0909105144478,27.836817738191,27.7575650628141,27.9779207522487,28.2332346955634,27.5938615934321,27.3358895416601,27.9884023898766,28.0970631857226,28.3752943235551,28.040831763621,28.1394551873496,28.2067399491335,27.0348720121694,27.8089806906151,27.2771550293219,27.7753047709783
P10687,28.9160365943056,28.5460870320336,28.7290654172333,28.7365037603155,28.6381050529228,28.5283089291584,28.7336506395215,28.4119287456696,28.8259863691439,28.6185264209119,28.289861775157,28.4138240655182,28.6398496413404,28.4915047524691,28.6321276777503,28.7823392240439,28.5688368281609,28.6993994160186,28.6662402584168,28.5394769554188,28.5682630393571,28.7428253757751,28.6045585141099,28.6067727463412,28.6502323672649,28.8255951774799,28.4615517236221,28.7494336150045,28.625364400621,28.7399798499858
Q561S0,26.7717967632066,26.8194925174202,26.7159287089352,26.7802849072817,27.0762980321828,27.3126417819418,27.1155777652354,27.3470809417712,26.9503360124601,27.1908394612567,27.5214139774018,27.1694356758108,27.0029035550455,26.896562951642,27.103841034366,27.0107874402858,26.8994128931379,26.9277282369358,26.6867386246344,26.9168107884299,26.8089799700596,26.9110934446456,26.8397966484267,26.9579114936566,27.1808639663853,26.8927178019305,26.7993118142084,26.9117942433291,26.7042645453415,27.1006424693964
O35179,29.6120572073895,29.6584994103386,29.6683702337062,29.5167094790874,29.2570916282762,29.5391516137076,28.9725356038558,29.2214195022244,29.2597310130467,29.0692259642082,29.2124995584906,29.333831699999,29.1189898201686,29.3426802722966,29.3141114591388,29.1860478210217,29.0092192837171,29.1460330631459,29.1486179035152,29.541421940646,28.9823325161968,29.0754716050425,29.0374319513901,29.0577978336376,28.9973048610726,29.0635006229122,29.1306775701003,29.082451468243,29.2703304209362,29.0998379552582
B0BND0,27.5581232150686,27.8750740294089,26.9601226538232,27.6106699816088,27.4759027668121,27.6515620752207,28.144159335563,27.973602258869,27.5235176309787,27.9960703146621,28.4863865667094,27.7818016456469,27.6631804429972,27.6001771278619,28.0408128059598,27.8352025965404,28.1601701858262,27.8141833652072,27.6863715113607,28.0171871131903,27.9306668251885,27.9372216412424,28.4815784894661,27.8268697814227,27.7415241873537,27.9572839487067,28.1465091033527,28.1411601929792,27.9270273577552,27.8858787770397
Q794F9,28.3347051703105,28.0819480924504,28.1874167721752,28.06377992894,28.0606771476219,27.4716124379096,28.3257759140905,27.8955207659333,28.2228296876881,27.7122704510622,27.7121256321756,28.0371394053399,28.4203851330864,28.2142584118084,28.1779741074609,28.2428677655194,28.1380382757775,28.3199952158224,28.3066249101953,28.4898150088864,28.4364636025438,28.1252588311452,28.2532863995089,28.5171520582058,28.0753482161485,28.130757703246,27.9113354631265,28.0675450645394,28.198665445706,28.1981707167118
P31399,25.1682448066879,25.3694609595387,23.559730220199,25.6714777975269,26.1056546076787,25.4371607673575,27.1550623127365,25.7967985711355,26.7355014765711,26.4331830295641,25.4181342716912,25.5509603574973,26.4323991347485,26.6797410333446,26.1313770992508,26.5132131793599,26.3595216426774,26.2428038500546,26.483568995422,24.8868399354296,26.7182039898054,26.4339201535126,26.8986362629219,26.5196888304062,26.7010694843569,26.4202454398273,25.3919806077057,26.6030827413631,26.1278885062724,26.5542072559317
Q6PCU2,26.5706374577993,26.5022243601362,26.7459113030511,26.8234124799587,27.4048076228787,27.0053004298984,27.291274682633,26.9974553357859,27.2306981826909,27.425375959528,26.6558455460843,26.9542570902122,27.197965897633,27.3765078612598,27.2786517358892,27.4524132386879,27.3364653996109,27.2620470089076,27.4550602656363,27.3192556400295,27.3122288670635,27.4025160792591,27.2525542965489,26.7283896568278,27.2316580206855,27.2799872093056,26.7525445636794,27.4385177619796,27.0368375787969,27.1450474036665
P01048,25.9567040034892,26.1921455832348,25.3143799565462,26.1925998240925,26.165858699696,25.6397327809633,27.1714368950723,26.3883138929441,25.6296556869713,26.9431903116541,26.2965559245715,25.9351546290077,26.1698660422891,25.8463025341225,26.9272948666662,26.4838913766572,26.1712237423389,26.261622327842,26.9124578133882,26.3170125275807,27.1933366051232,26.527513018777,27.4649134163041,27.3724155765047,25.7874075924428,26.4764872972269,26.1045216410316,26.832492525153,26.5188871358041,26.486921211049
Q05982,25.0444201844317,25.4592089264259,25.1801625211416,25.9076630745958,26.463475905365,25.5262082622769,26.1025422854716,25.6110302223242,26.3770364433696,25.8701881704176,25.5526476071325,25.4261527902241,26.1369651715819,25.927905928868,25.7354004334738,26.0372594583438,26.1659141568466,26.0780673118313,26.0107047283061,26.8197362166654,26.0613676944361,26.2564470740234,26.1293380038161,25.5085700690117,26.1195322164877,26.4140289857879,25.4537185874102,26.2711317278933,25.7291127451236,25.9237799764706
P0DMW0,28.2114676907635,27.6337742293999,28.1408975136206,27.997556053671,28.3641432748283,26.9476431348106,27.5702511351607,27.7971903422876,28.4455545067564,28.4910517430187,27.6047284267426,28.0893562652964,28.5600603458303,28.5496043283906,28.0113610442536,28.278437176545,27.9452737594104,28.4150331514844,28.1648581717353,28.1196431554016,28.2519649131727,28.2881790059057,28.3016196033944,27.9267699057356,28.3177562794067,28.3716159884746,27.9267732042022,27.9068480946111,28.0637538413309,28.507260578811
P81155,27.3099542328627,27.2932651026864,27.0093673940767,27.565266036543,28.0943471768328,27.5528434850059,28.5320138558086,27.5193639640841,28.3087186176582,28.0442637206658,27.2984601071956,27.5527095053066,28.3021515812182,28.2163315802612,27.8164887677216,28.0620956904187,28.0115335707866,28.0512168904023,28.1944202130373,26.5359483609541,28.3369949405763,28.0353413207011,28.2561082232889,27.9688627662277,28.4059061492084,28.2439873278001,27.1034893949592,28.0978147264915,27.7004369596699,28.0829732257381
P05712,26.7336470760794,27.1218868195287,26.9723014199115,27.222990924039,27.5781484706255,27.0911819557394,27.5571695325015,27.0140275976192,27.4613068183399,27.405978737411,27.0413185247602,27.0126297905809,27.4099245931873,27.5629302010228,27.1632626386357,27.1856536052429,27.3808121077492,27.2753210574746,27.2881091727845,27.2832643659136,27.4646746076924,27.3241083149142,27.6913011601503,27.6114052191547,27.4150509150621,27.3876183334333,26.9578939504692,27.4326555659636,27.217390386271,27.3056097171198
Q63092,28.189559180161,28.6271107394434,25.3295087033349,27.035443250026,26.3830824086835,27.8801581421266,26.4116191657524,26.036092619085,26.2063454287564,26.3376320136901,27.6804445509971,27.6083241469391,26.5874602151114,26.451673931317,26.5714001543252,26.8284785737375,26.8002404474569,25.8965928275702,27.115664283764,25.6600566188956,26.7745924905437,27.0689608993087,26.4790472993016,26.6174863388038,27.1174241603647,27.0328009137767,28.1009074002503,27.1946161157213,26.7363755698623,26.2318370248416
Q9JJM9,25.0679852955639,24.7022032397036,24.7649372094951,25.4350687705506,26.5667682688443,25.1355147663691,24.6860946234953,25.0699641070059,26.2685511708292,25.6749791625413,25.1324628305792,25.2105450200957,25.8343621248563,25.5846159612569,24.7734308468529,26.4901583968559,25.4641601292737,25.6267780582643,25.5786038339234,25.3417839807457,25.4871481758236,25.917225465366,25.7118477903083,23.9765912198459,25.3251116432918,25.8116370238708,24.7280998951197,25.8525970260766,25.4353130403006,26.3851797689057
Q63228,29.2680631949946,28.3896322549874,28.8019563940381,28.4571530752446,28.5375963771007,28.424966352397,27.5526453278007,28.0020928220771,27.9901826258731,28.3018338459351,27.97509873661,28.3543304110241,27.9358175772236,27.8545987860447,28.2349934592909,28.154750453462,27.7659674210294,28.225159088995,28.0946360430775,27.7890608239751,27.269549831533,27.9116074990649,27.7456831935152,27.7791167874919,27.8793832759311,27.9792869881184,28.2544257547964,27.5238863811382,28.2523492354258,28.128161420746
B0BNF1,29.2147800602017,28.6564404366868,29.3013963256883,28.3889404984216,28.2603191284989,28.1310751368103,28.2227683025219,28.0079379155083,28.0964149853379,28.0286066095997,28.6248832246582,28.3472381267499,28.2339104835888,28.2478274599346,28.0266509038794,27.9888761458503,28.5131895176498,28.1968881575757,27.9519177101394,27.8572007473496,28.2353557203758,28.0711954491592,28.3556689420819,27.8983514835609,28.0362973310938,28.0490499298842,28.0434554216571,28.0659606526495,28.0909426806172,28.2320403332799
Q62813,27.1775257838802,27.2284729703199,27.2051750356494,26.973282535897,26.6660459601545,26.9649653484149,27.2326018426866,27.0829190106118,26.8700800419683,27.1784391664387,27.0537152995864,26.955264534925,26.8592973764448,27.0284622649321,26.6925328999106,26.7960516044438,26.7275927767936,26.7779825135592,26.8915713253519,26.8319318659075,27.145179232642,26.7740025581545,27.2640119354371,27.2445245683038,26.7213245501042,26.8911503465585,27.1105939427461,26.7403774856901,26.9879618117494,27.2134305425975
Q9JHY2,27.1253575629407,27.1700289008326,27.0389009298574,27.0921051368013,27.1575920976824,27.3284277256076,26.675234641538,27.0155959515715,27.0671370502586,26.8032355199908,26.5818654395182,27.1035390168377,26.7218203222639,26.6918551083859,26.5821611264779,26.5586167280191,26.7345930879819,26.8385173400691,26.7135236619872,26.2768912094412,26.4616129167761,26.7366103581437,26.5306121521953,26.8665170824697,26.9625825070439,26.8424831864257,26.8033021460559,26.5460020168564,26.6107037130222,26.6273958343166
Q62910,29.5610196836257,29.6283452169084,29.4219337472595,29.5061646456524,29.6202243731508,29.476302859358,30.0179504575711,29.7061042160394,29.8423507563733,29.8743947448049,29.5485216829918,29.4330318750736,29.6446899019189,29.7768169926955,29.7569793385264,29.8073968062727,29.6410955722379,29.4395427536711,29.7160504313565,29.6807969315437,29.8935008149838,29.7638341675537,29.9585963110744,29.569346169849,29.6367982454985,29.7687257764511,29.4013784643136,29.8303629012228,29.7293479741095,29.5040333576343
P19804,26.7782106815082,26.4937361742678,26.3899208987641,27.1174028304327,27.6940489057321,27.0910557611812,27.8498008273303,27.0427508961412,27.7914743001565,27.5894734633939,27.3041061158594,27.2951843369368,27.623583963556,28.0429825096859,27.3167954963006,27.6393064870937,27.5655687047471,27.5199873833856,27.5893057542131,28.410134913491,27.895098543002,27.6937282784824,27.6394794749733,27.0361503923314,27.7554836147953,27.7059522817591,26.7739559543046,27.7674848958895,27.0249284603985,27.5988378370873
Q4V7C7,26.5549222432238,26.2516977917016,26.4370084147424,26.9453528391952,27.3329047654106,27.1349715177153,27.0895697894096,27.0348872100645,27.6944690455241,27.6583323666817,27.0874403921386,26.9955870561576,27.4254667172608,27.8111416352171,26.9215653198479,27.3565129905003,27.5455708988597,27.133171069054,27.6624115257276,27.5069341615501,27.3326428388955,27.5622470066639,27.5635013243849,26.9071422541215,27.4536567905277,27.4177338022193,26.7603965497213,27.7471457220728,26.7587246802116,27.4497320831837
Q68FQ0,28.6541119109636,28.6910542184894,28.7441894097458,28.4642434445515,28.0062323335056,28.2355885110235,28.6545771972351,28.2639431368741,27.711008882216,28.336023773621,28.9116181108782,28.1818869929185,28.1614465580392,27.6823990556579,28.836720735192,28.213009540335,28.3573409543537,28.2524292356431,28.0600531477219,28.5653058828879,28.7542804126559,28.4349347680284,28.6928872944161,28.9621296258219,27.896088531362,28.3545812514487,28.5827068366489,28.2611105769467,28.6231530374309,28.2136196509054
Q6RJR6,29.4300765552537,29.3256168038923,29.6302648540608,29.0539041473147,28.9708954204744,29.5393950473697,29.0485710349255,29.2452853292373,29.2629084624594,29.299911868884,29.6304140998613,29.5575713304931,29.3285315460291,29.1774577043563,30.0055668078324,29.4386383470298,29.0813703796768,29.1850815039257,29.3091553515155,29.1582890338712,29.465440238952,29.5459380904036,29.2731955571233,29.5101556586022,29.3399588861404,29.2864188465779,29.7092262648009,29.2157571740522,29.5666055618717,29.385032120595
Q6NYB7,30.9605755140404,30.1258301307113,30.6723625425266,30.4487802366641,30.4990744415146,30.6018943497433,29.7640472084837,29.9735509689512,30.2881246773438,30.4001854164391,30.131782192351,30.3748034971068,30.2456943125275,30.3753769862232,30.1542000754152,30.193817888743,30.0882638638213,30.234699727023,30.2836743575044,29.6572917505661,29.9963565248697,30.0327519600345,29.8374903549765,29.8877225615194,29.8714423594725,30.2266967486575,30.2885961939935,29.840304244498,30.2492372682206,30.3494067455509
P80254,25.6158416004163,25.9584099470938,24.5416776165774,26.0908176411057,26.3908264058992,25.9805339606892,26.3402534829011,26.1304070921229,26.2039775551879,26.1303069883796,26.5303286495729,26.0606928343452,26.6492326594323,26.5249259430488,26.1766717994578,26.2232469224581,26.5325837399324,26.246623451496,26.3777196037508,26.6050706546414,25.1036385658844,26.0134285015078,25.4224860616105,24.764201884615,26.0988768904308,26.034271218307,25.1728468636421,25.6229058364762,25.2880399238487,25.8233587261295
P61751,27.7164362572074,27.5434335119537,27.6830411823013,27.7110365122042,28.1510683403199,27.7678543654001,27.5733528882876,27.7013733770673,28.2563067168849,28.0080369017761,27.6918755417681,27.7502090935023,27.9231712610536,28.1480397611978,27.5555011711577,27.9632350907797,27.7009661382968,27.8358009118124,27.8663067552259,27.3617476882371,27.7592461995557,28.1539568671495,27.7523016744138,27.2565185296117,28.0848841893201,28.2136800826528,27.5823252926666,27.9035272421894,27.5932394578317,27.922938024121
Q9R1Z0,26.8087891877233,26.7427385835303,26.4750480829181,27.0121640197192,27.6064411952698,26.9136340505152,27.5094623080856,26.9094921925125,27.597486351526,27.4847568945063,26.5834028803752,27.0043707032007,27.6283669249443,27.7244890441215,27.0533085878782,27.533741609816,27.2390663082085,27.4831148142024,27.6332933696129,26.7805589733427,27.6062659905925,27.4047957348998,27.4628440395172,27.15268163617,27.6662656175856,27.6726164977186,26.7992427957402,27.3661821672059,27.2509332342617,27.5862985848856
Q3T1K5,25.5958103842589,26.1806916812783,25.4953792308857,25.9495338714947,26.3134618702478,26.0941693360659,25.1943333093096,26.0979140105416,26.1471235210727,26.3047509609016,25.8054183048564,25.658793364915,26.0956552211754,26.743425398813,25.6750694850107,25.934702099629,25.9032480137365,25.8690615287432,26.1350799004391,25.7489538617527,25.8980414206351,26.1040729524406,26.0565091899367,25.0984315449415,26.293864315286,26.1841313188997,25.5773943363429,25.9909308715987,25.7408114188812,25.9835838352964
Q64568,30.1297305643252,29.6232939439447,30.084271190486,29.5423718103522,29.2432418181483,29.450513723603,29.0157745799851,29.510592467405,29.0552594448413,29.1635298666454,29.7613920912373,29.5833075069993,29.1425506424244,29.3981222423175,29.392827027917,29.3718713237308,29.3472594707066,29.2097464068751,29.2088241122325,28.9054989831968,29.1858574972961,29.1913200674757,29.1447327020735,29.3133898185999,29.0771123984583,29.219622649215,29.5968088755546,29.2153320024825,29.5678199750231,29.2498709517001
Q7TPB1,27.7453680173688,27.9741025596338,27.6015587384432,27.8154928174644,27.7997608906085,28.27726591775,27.8897465928557,28.2876619770948,28.1452738593908,27.5424980799002,28.0613029542186,28.4081915842051,28.0959059895502,28.028961989496,27.8337574615923,28.0946846913177,27.9174444102116,27.859831615393,27.8643745208485,28.191352857439,28.0449149780762,28.2035169695164,28.035320596692,28.2665128751972,28.2297011858068,28.0170214256075,28.1939040861377,28.0160654416188,28.3201772602415,28.0397309200612
Q63028,29.3806362050262,29.7149140225887,29.4035956244815,29.1132609815329,28.9569244193208,29.3904892419775,28.4460210634154,28.7539431046344,28.8636813598706,28.6922763562422,28.4015212188532,29.3162125584476,28.8161535278495,29.0280414451318,28.9834592091877,28.8805068526012,28.7092677755098,29.2258235639864,28.8321079444421,28.8944461121043,28.7215761938367,28.5618698038768,28.4728139831885,28.938094610051,28.837966549723,29.0144278964535,28.7820468137076,28.7729974648928,28.8906839719792,28.7283028501878
P97846,31.1226654302704,30.9574258633331,31.2523540416131,30.9531811235159,30.6065789632586,30.6718832148717,30.7371456536623,30.6690194839271,30.4584871272105,30.6509252946481,31.0149570713197,30.8651514398503,30.533077096487,30.5036408595676,31.1009500173838,30.6402131888152,30.6529127027428,30.5927816141235,30.5536075525426,30.4057131323979,30.7440331412696,30.6268262601051,30.7045360560582,30.9821201860664,30.0249421070343,30.8627154734637,31.0833702536114,30.5259222641694,31.0057113293716,30.7020856831877
P84092,30.1213088911081,29.5063914797669,30.0609163682613,29.2447826188139,28.7790968504915,29.5969661094184,28.5333446433655,29.2923476380976,28.834790997539,28.6780255299659,29.1802487517656,29.3976747687398,28.7482983557686,28.8868519474916,28.862700112005,28.8192351085533,28.5010116779919,28.869366513358,28.8149072941316,28.7098053144411,28.7082341699988,28.7331531864078,28.2535913005856,29.047648294884,28.7800757264439,28.8927474292811,29.453644136306,28.4444982717279,29.2503380216364,28.7800099964615
P10960,27.5900842653882,27.7251250773016,27.5943225917052,27.8212517888873,28.0924889070253,27.7009766928986,28.3539146447522,27.7278943226157,28.1287460888354,28.132373108496,27.8355152608145,27.4660525079257,28.0477084138821,28.0658777641408,27.6366832033447,27.9009646759718,27.9608003564764,27.9829727749848,28.1438011965671,28.6824190516802,27.932049955999,28.1793942559614,27.9569493332781,27.6343364544233,28.0344748144099,28.0190929283587,27.2355550947116,28.0529482048162,27.5622048012506,27.8366654293305
P04906,27.3551003841416,27.6977256253715,27.23352549902,27.7216165542559,27.3754653561902,27.9702534313824,27.5655226080942,27.7114735290661,27.4462302802692,27.3208953908224,27.8271129379061,27.606973645015,27.6202071140431,27.4606580199854,27.4242062938599,27.4353300564991,27.7091277175038,27.5154708287716,27.4562762158057,27.5083344965141,27.3648026818298,27.7794829480217,27.7506328663858,27.2888198966286,27.718465302361,27.5107551536422,27.4563235473469,27.7090964429884,27.2255598404935,27.4180710551815
P16638,29.1084377673144,28.7918979788789,29.156610347905,28.785698525238,28.6430545261593,28.7695149558191,28.6360759655332,28.7347090586424,28.5246626812387,28.5203550994722,28.9026473443929,28.838506994647,28.5175758149814,28.6664936806166,28.7831946333603,28.5060443590482,28.388857135063,28.4925250087325,28.6194288852076,28.539645314289,28.5719124315063,28.5067781877132,28.2614295838978,28.5507791555626,28.3290820555846,28.2703851934972,28.583880405784,28.3754660574225,28.6859899728124,28.6099101736848
P32851,29.2583359028309,29.3285413769572,29.2513074360571,29.5832618859452,28.9307039161841,28.7430023739335,29.5381607901827,28.9577518338953,29.0474812689509,28.7079274137935,29.1760557598449,28.9673999070269,28.9110084535221,28.7187501524966,28.9023959731048,28.8415873732794,29.4254500615029,29.0611390245024,28.7594064863509,28.8871706504491,29.1070188238868,28.7697735452048,29.0747676636029,29.3089841220203,28.6298293650256,28.8786630852297,29.693841988224,28.9420256695422,29.3583869484966,28.906145893849
P68403,27.7499794231262,27.6087994519688,27.3973103979749,28.175870977055,29.1016732021641,27.1313941596217,27.3967338195716,27.9674531164383,28.8490462487765,28.4121415459811,28.3336581678843,28.2693393245353,28.183994283282,28.2314851490377,27.2996169760374,28.9463117491656,28.1800477413025,29.1409065363845,28.3936142534941,28.7273719021209,27.5914177898121,28.4577602403255,27.6752415362206,28.119385289945,27.7255043485339,28.5052756688516,27.7551146207233,27.5357581710383,27.9685121054548,28.3905577715579
P54690,26.6001418446894,27.01996816811,25.577814549322,26.5735601902384,26.0696318106441,25.705359192613,27.0734907150623,26.1715887101324,25.8735459620589,26.6005819115589,27.0309803431044,25.9288096409865,26.3798799438049,25.5572732204229,27.2192007594068,26.3217513551657,26.8648004543166,26.2571556986482,26.4866082790591,26.6994850842164,27.3186901638683,26.8212247391436,27.1325113998479,27.4060589449626,26.1399448295712,26.0283664869129,26.4357307219313,26.0856951844779,26.301494495465,26.1040055360547
P09527,31.9676029836073,30.1789987534533,31.8893728504274,30.1130186923923,27.02194827481,29.9072486372499,26.6580405209855,29.941470473978,27.4281333233537,26.8522220422401,31.5112589729794,30.6269045832459,27.3095530310797,26.8636059507388,26.2448491463542,27.0766048665692,26.6605589256353,26.7644033644678,26.7852448370184,27.1184520345238,27.1825461049504,26.8040032716484,26.6090900687461,26.2778146965691,27.0005532475343,27.2469252908999,31.3538548180048,26.6838555002574,26.4449586074642,26.7746524813701
P07936,28.0814288016548,27.8964265907447,28.2418695468682,27.9113915535473,27.7058471177693,28.0882329648678,27.8831171534832,27.9331128935059,27.9592015619398,27.770340546171,27.2898725593542,28.0389718299992,27.798913856092,27.6192672601085,27.7029310016278,27.7754436751548,27.7668163751136,27.8683237201549,28.0101341446219,28.3646799084203,27.9549841518411,27.8415412624298,27.9798563329194,27.6036548005521,28.1145811059447,27.6059544977212,27.805901556361,27.8625276393847,27.9453008515927,27.6836417269406
P31016,28.5465595919468,28.6932195050661,28.5616265419593,28.3388324449369,28.1352533008132,28.1227136908476,27.9343312137384,28.2882143289018,27.739941981279,27.9947215389923,28.2826733081928,28.161278334909,28.1584231450475,28.0711632517174,28.2357856856075,28.04329264548,27.9400570591413,28.0355803329718,27.7660503062202,28.240581598021,27.7805872374622,27.9441903673624,28.142106513694,28.2458320919833,27.847253810125,27.8547371376177,28.2866660234656,28.0594085895452,28.29348867269,27.9266635650071
P11598,28.9869375572691,29.1038733916761,29.1163740263124,29.0061527560987,28.7648637527914,28.7132284675673,29.0992118185675,28.8124109054911,28.6457950982537,28.797236821721,29.0165915843714,28.7003700997891,28.8583818953116,28.6825022074136,29.6614208881131,29.0078119709603,28.972698080545,28.8304531149788,29.03464230993,28.7000408002698,29.1622602451219,29.0589848991121,29.100218530462,29.1867008622066,28.3415544642309,29.2208806037652,29.0625940085547,28.6512643770635,29.0479840626972,28.8545032180176
Q3KR86,28.8719920207354,28.3735976956661,28.766193363171,28.4988710593472,28.4869939067832,28.4023488571097,28.8156544960583,28.3607524486751,28.2949377515367,28.6898388137181,28.4720576324498,28.6201141672575,28.4659732248265,28.3201628855188,28.4607084315037,28.3945780703777,28.4133916095691,28.5148413527575,28.3184182754255,28.0579565096007,28.4548949033313,28.4097934590102,28.5210199290975,28.2180945564123,28.3302659325735,28.2393752457963,28.6715894797473,28.4641810599811,28.4045146472539,28.4263144804474
Q9QYF3,30.6881322468972,30.9440546659801,30.5894988404554,30.7044018357195,30.4010021380554,30.5911208882185,30.6545155764918,30.6760658744432,30.4387072782801,30.2718839357198,30.5915692989436,30.6365838448439,30.5912496260816,30.4588506425737,30.7472046588737,30.5758764744714,30.3391638352858,30.6822506166606,30.5444850060779,30.464281274393,30.8011918641695,30.6438323706715,30.7181803320655,30.9266817044086,30.5297150342415,30.7483050961281,30.8557359534024,30.3814777248201,30.908854803328,30.5848681603804
Q06647,27.8673855915164,28.1912933215523,27.7515420227407,27.9336288211699,28.0584744921441,28.3670261884581,28.3040852398021,28.2285237222804,28.117126288539,27.8288338616186,28.0052272778359,28.1566522785557,28.0699779106526,28.0429863983363,28.0379563711644,28.0751877803754,27.9022327244987,27.9780376800417,28.0720015607443,27.6307295014928,27.9919330790875,27.9457714562313,27.9061902434883,28.2153721072989,28.2182375974733,28.2575367847349,27.9945294615813,27.9687823609418,28.0548422474027,28.0294100288416
A9UMV8,28.5444160337602,28.8614246231292,28.9249717170909,29.0665367900258,29.3830904092484,28.9464124981094,29.838247200895,29.0413871657287,29.4857141381573,29.7241848743458,29.6966769723019,29.0711230039371,29.403546460488,29.250785710822,29.1659571951226,29.4644888569694,29.8199609513956,29.4933935393501,29.202073158165,29.6919783422883,29.3344278641713,29.5743810985402,29.5577277436586,29.9707927066128,29.585226175359,29.4987698457821,28.9720197372025,29.8026410453346,29.0914844435335,29.4792940866251
Q00728,21.8587859116008,21.6987432292391,21.385392143076,23.0090003027756,24.3254497497833,23.6043003328434,24.1856334392581,21.7088353981598,24.6954070461586,24.7061128685016,21.5479220788672,22.4351374342761,25.1586368210906,24.693920548291,24.8898577353842,24.4993629946466,25.0029040799011,24.515857693919,24.7670132911613,23.0501867015274,24.2044639740571,21.9756292594586,24.1889008663362,21.8229869408978,23.3081682486195,24.2363674492221,21.2050564440426,17.4064529845457,23.4076203427285,25.1886871480513
P0CC09,21.0734519350968,20.9352651557099,19.9317841555352,20.3648320070099,21.035564610252443,21.1686129995503,24.1982565092561,22.2272294224226,19.3431787335584,18.578883603228,21.5628874890307,20.5123236283794,17.925644382543,19.5756014932036,22.4597010021959,23.6700287451068,18.011976900296,23.7342494184403,23.7577914156519,24.177891025552,20.3779918751198,16.6829475167846,18.9066128353512,18.2024782632488,21.144365280217603,23.2334929336454,20.81422996590168,16.6597188957137,22.4327520446022,18.3408541611793
Q64598,25.9358234333894,24.8061809925304,26.0891707827951,25.1149412066907,24.8115036202255,25.2651275825175,24.4424660260247,24.8843207606432,24.7637409257182,25.0657463892694,25.2078357997188,25.640740351887,24.9811438675384,24.7900916371712,25.114023141211,24.8151175325746,24.7096308375128,25.0339114651415,24.5802221444855,24.602369574428,24.7347828043321,24.6500771141398,24.5689774719352,24.8259514644025,24.5386273744885,24.8716120011752,25.3518894647526,24.9457519034891,25.234378415544,25.1633060063777
Q64548,28.5392321455778,28.2192895502745,26.5701681499156,26.3100751387817,26.7165831556248,26.7778897487621,26.421202377309,27.7320227986051,27.0123543789253,25.9803038072277,28.560328644794,27.4625403620129,26.7788614088832,26.3634028578437,25.9331052242923,26.6478166362819,26.390427732225,27.1586416257793,26.290478833619,27.052136345,26.7072586961423,26.3293455960108,26.4526410328149,27.5794908971349,26.389106035493,27.0825919005741,28.5822575661458,26.4386230403688,27.3202464430584,26.5415577649902
P04905,27.3424599312069,26.6268838058831,25.8450626789689,26.8486559497282,26.7178478686968,26.3913565448554,25.7061563759256,26.3673908500781,26.4039949013418,26.6145138187359,26.2166966521483,26.8635215395824,26.5242676107686,26.7151491338117,26.3294911529349,26.7111949075,26.2379547574735,26.6441104464966,26.1694705534893,26.1738327641534,26.4076844320874,26.2827213556253,26.0473111384191,26.054031177908,26.4163890917719,26.6296122448824,26.5933472426719,26.3127037204039,25.9296481895592,26.5962362849566
O35244,27.0180764599459,27.1581010787587,26.7157366723517,27.3299559986939,26.9781082647763,26.4039695431827,28.0668154982759,27.0273560133267,27.6540000958275,27.2955001695584,26.9079965489166,27.0084667577373,27.7117626592714,27.5783025202739,27.189179840483,26.987507272163,27.363383346349,27.7187640982427,27.5214679237355,27.6740313942594,27.5633436797301,28.0120224315979,27.4820918648584,27.3885586522346,27.5145494155181,27.7029045418782,27.0014337387791,27.5542002745269,27.1845847471045,27.6588903716214
P10536,25.1383345202935,24.7497435021707,24.9487118179147,24.7200272270039,24.5653175432261,24.8623818073018,24.0244064238033,24.6023803216508,23.9156381858411,24.3307905464168,24.5573238997949,24.2891233558724,23.7833918002026,23.9662035048754,23.9969435579602,23.9355049600894,23.8812407590032,24.1161171560824,24.3924845233356,23.6909341736599,23.831578213374,23.4823245578502,23.710983632797,24.1118380353646,23.9112745164844,23.8561643053673,24.3337268463898,24.1141475297611,24.2789235763373,24.2983742868654
P17764,25.893659500823,27.5893364798445,27.4012783021079,28.6423892312521,26.6428284480345,26.1482793988551,28.6785114089539,25.9850092065812,26.5308123094901,28.615069746402,27.8725294996854,28.0172939182194,26.2657233114037,26.7900631444884,25.9603352159058,26.4210298157379,29.1222149708226,26.3851837803723,26.2463630069946,29.6357772672023,26.116131977683,26.3209584580505,26.0293285656299,25.7945640681269,26.6882924422434,26.4076825087937,27.5079186094841,26.5892474294208,28.2829398749163,26.4277160340817
Q5XI32,27.5265948017903,27.3975374498333,27.7610501497524,27.3948361626194,27.7879717561172,26.8057085550857,27.2889790547605,26.891761489695,27.3987278755509,27.7392102459493,27.7293843477428,27.3165437101298,27.7110405799129,27.5892926503857,27.3180609500021,27.4517992435347,28.0072258272569,27.9133037333182,27.9685315135,27.9209054273644,27.9449867024915,27.6967723651968,28.3883903906991,27.6362040067064,28.0458111510402,27.7103806297538,27.2987175557244,27.8986979566695,27.5981716871633,27.680601441352
P31000,29.3336638251392,29.3488298122327,29.4348128740827,29.2462150266127,29.2135674062787,29.0581852645654,28.9714881392488,28.915814431341,28.6258475426968,29.1043498868018,29.1494709210831,28.9444405401594,28.8456146446502,28.8807068280784,29.0802437701882,28.9516981810833,29.0505942347282,28.8175414254626,29.1422948787283,28.8543405384678,28.9349990525165,28.7712895516012,28.8846683868318,28.9796454237967,28.5477568718492,28.7418766692392,29.0391029646962,28.8848862604557,28.8706089593866,28.82588456198
P07632,29.3828784936282,29.40490904243,29.1411557519084,29.2683954909344,29.2544047915788,29.7598270604748,29.7079079803213,29.6216453790751,29.5275290824018,29.4933435043985,30.0635641216637,29.562488698102,29.5174612973772,29.3653737714923,29.6598788125607,29.434025257938,29.6880681829602,29.4634324347758,29.1968283309555,29.814043287593,29.4603034742697,29.3878514626373,29.4816677460935,29.5183902824944,29.7378713894023,29.3532994309466,29.5506903031981,29.7380605704123,29.2812664273068,29.4391115645291
Q6AYH5,27.7731563192643,28.1424818145734,27.5767532993524,28.4570954614783,28.2958786875878,28.0213209450011,29.1861178122021,28.3011431309248,28.3479370277174,28.2956183949377,28.0522107711215,28.0182309069778,27.4477386595677,28.376355389794,28.3178045271903,28.2396904992066,28.5536464223196,28.3197031560389,28.410506873506,28.6548513224069,28.2621027046198,28.4281661790747,28.9450576716192,28.3050789583563,28.4817307766069,28.3272192450856,28.5519607608483,28.5089664421834,28.4184583529089,28.452989950056
Q9JI66,27.6054105504671,27.2648304376619,27.6562362814412,27.4474822827204,27.2690067625294,27.3502645735896,27.8365737835788,27.2034736565499,27.0250912507827,27.2764281864446,27.0633383397207,27.2511438919288,27.2974180453799,27.1742391760072,27.2343080055152,26.9450236847698,27.4546048309525,27.0069522847941,27.3973418187685,27.2200055193885,27.9162354257743,26.7689718709217,27.3968059124993,28.1641343432335,27.0650960777031,26.9740580195845,27.0090438895527,26.9734786130646,27.7055803161301,27.0897509499926
P07895,26.0758161330413,26.2727152622323,25.623444411955,26.4361678068923,26.968315748824,26.4296143817559,27.7132262982169,26.482780703194,27.1112622153398,26.7952019148874,26.3537351211953,26.3308565539647,27.0539578462341,27.1546177059982,26.9046249278302,26.866888670274,26.9782389089824,26.7090346482547,27.2599168964434,27.3457649081929,27.2321004313193,26.9870425014284,26.9618032483986,27.1539757160432,26.980979885499,26.9164062112965,26.1712247688669,27.0106464571519,26.726007705864,26.8397449872948
Q02563,28.5662424313407,29.0481825143922,28.6451837682922,28.5274276976884,28.217514932314,29.0909429434548,27.7449049241626,28.9470672017466,27.9188755755509,27.8243205821712,28.4408475657217,28.5940196435259,28.2007911773199,28.2124255687149,28.2411913489931,28.0959017662212,27.7614210867116,28.0382435192878,28.1085144152196,27.942400891758,28.1528745303796,27.8709644387665,27.8267501850587,27.9997685313787,28.0672528925651,27.8917393730444,28.4481062272047,27.9668324361386,28.349657027365,27.763352691147
P47728,27.4706915340893,27.4205079718622,27.1467268379073,27.5137346014477,27.1955633533773,27.5743024028422,28.1931897943813,27.8493183828336,27.5493827671852,27.7755505713695,27.8760676246309,27.3886181302821,27.2154453036262,27.6783778816063,27.9734703258423,27.6878900718459,27.4047649460925,27.1750972942086,28.1664883530162,27.7987863501,27.8994650384564,27.7952507898328,27.6534343120899,28.5031720271483,27.3216411529809,27.6255677210691,27.4058959245476,27.254278113194,27.6377328115283,27.5486808915063
Q62812,30.9148645223922,31.0387674847928,31.0994276302277,30.7427527732621,30.6157936416629,31.0556959090329,30.075128224098,30.8681165653224,30.4177828906802,30.5804332191565,30.6683421906631,30.7741523289737,30.4053452762568,30.7411520161339,30.5023177262592,30.4356011089749,30.3284513390134,30.4026444273934,30.5770639085492,30.7473921746972,30.1922508985831,30.2785966523209,30.1117832510236,30.3151091386073,30.4410066702069,30.5288491037278,30.8729232427521,30.5181801043335,30.6347509830858,30.450396049403
Q5XIH7,28.4261826384435,28.1599486778695,28.3611980724332,28.2727962072692,27.9228544215389,27.2876093746711,28.4234162777005,27.2997886614661,27.7316323830174,27.972495840668,28.0512198135693,28.4947299223755,27.6708866916168,27.6951606026382,28.2623607015703,28.784480321995,27.8291771070331,27.7204529103355,28.0216793062219,28.1165839333686,28.6987590702093,28.2186181479722,27.9003001641169,28.2391311961711,27.2048320017371,27.9813420190339,28.9512023591632,28.0034483664543,28.0740114630629,27.9963283843934
P03994,27.1569315091049,27.2410056998961,26.9323890894076,26.8454939209419,26.2953818982856,26.7682528833433,26.3367485424412,27.1267564468836,26.2885828192392,26.1235938647218,27.4862670482062,27.0047838619872,26.0353917863907,26.366607435451,26.8832196847293,26.1817720946212,26.5458130804516,26.4841067161885,25.2180162843498,26.794747492975,25.577092769346,26.1788072257269,25.9943335712452,26.8849311205415,26.2779605962947,26.2850043132223,26.7563416183635,26.5147328758052,26.9054579587682,26.2671893693489
P82471,27.4554732195886,27.0478849480824,27.3879007225496,27.0403481464145,27.0353615751443,27.2437762315874,26.7982400925396,27.1496486655126,26.6819441265724,27.0132757162724,26.4654729853703,26.8439042146737,26.663267183985,27.0071334116863,27.0853854796197,26.6704148293577,26.4999990145712,26.6942391696774,27.1297309995621,26.7868379711552,26.6262343485532,26.8156406597414,26.594683646034,27.0141643323481,26.7882373084939,26.7414169841893,26.8096900920333,26.8693318999582,26.8268834412105,26.605048401926
O35353,27.8623670326811,27.9736316271295,28.0247748614159,28.0838422345273,28.2982569023412,27.7178798514338,28.0240045677338,28.0959560029651,28.3635766406502,28.32092850084,27.7992262722502,27.9639347909911,28.3950586269406,28.1199641359311,27.9542443501161,28.350396514091,28.1109155987376,28.2457244579235,28.3214644600509,28.2360888283607,28.3097756917677,28.3060359698684,28.2569134388285,27.6546459436798,28.4109969007544,28.4315380490199,27.9719961289851,28.304458907295,27.9748098707599,28.2281856260033
P39069,27.330993677824,27.5260825814406,27.7489424529758,27.4303197789532,27.616476721973,27.3285936962136,27.2003167427137,27.2906437890415,27.8109392008341,27.590889756819,26.7445980725808,27.6937687417787,27.5888443614233,27.7313659855532,27.206673993423,27.4165064508192,27.2269438598244,27.0852100458281,27.5501173935665,27.6309233972869,27.3984656193457,27.6318104884596,26.9983992268017,27.0702620121037,27.3730214728594,27.7717632987817,26.9655026096792,27.3983513211523,27.3802560568861,27.2326499345468
P20788,26.6881401168318,26.4726976346434,27.0947850562884,26.8611720629921,26.6428712101311,26.4156537952292,27.0535907852403,26.496151723744,26.9894025367007,26.7785728224932,26.8911577676065,26.5372711559811,27.14622405074,26.9752210732584,26.7700539548365,27.1068990250346,26.8791200685509,26.7360026032701,26.8928103729363,26.6236397769539,26.8911377388399,26.6926928947684,26.7215909980235,27.0959968597886,27.1059814897071,26.9442840892357,26.7464935082805,26.7322520266981,26.8221796532998,26.7821665485143
P85834,26.8366664920223,26.6804125935278,27.0741348246559,26.5844128849627,27.0325400499568,26.4813888216458,27.6502991678519,26.5633317136231,28.8514952011451,26.7364765314162,26.2808792255822,26.8060482680327,26.573460349381,26.6538107539952,26.2918724925099,26.8115672023713,26.3768385317675,26.6657590959146,26.8876494656009,26.1816703567455,27.4664809097319,26.4469650685054,26.57756277966,26.8033773355483,27.5212629753789,26.8700734501518,26.5697910421753,27.1641939616687,26.6455679421009,26.9221435478473
Q68FX0,28.9392285810502,28.7911866931777,29.0484016948061,28.5580401626126,28.9862855717522,28.8164649254607,29.1125580884064,28.9823424121026,28.6423746243628,28.5696196407723,28.6546225353745,29.0021722174522,29.0649696251179,29.2128450049921,28.6122008457375,28.5468261134348,29.1255352102449,28.5634447766532,28.5919591753666,28.1706478130988,28.5603576493778,28.2962922148043,28.2890669972047,28.812059401076,28.6670166335464,29.1616330625974,28.8836027881803,29.132263972749,28.9975434625704,28.6896107390737
P84076,27.6449959759778,26.9379250537533,27.3227575557315,27.1447231404744,27.4012490915441,26.7090251710708,27.0756100284752,27.069595794822,27.3185313996054,28.0947836885794,27.6113816938731,27.4358318574161,27.4640218078535,28.6018083122148,27.4856738757561,27.8922903778482,27.4771114576028,27.4596136740955,27.2925647050709,27.7146129116987,27.0471263747893,27.540487083392,27.4976144287829,27.1503731339309,27.3859289456823,27.5246914408317,27.2099249669488,27.4244308895244,27.1335402561086,27.7830642673978
P18418,28.0472984864245,27.8798465417028,27.1863726553262,28.6766197002156,27.6766210555008,27.6761523383265,27.7364454115067,27.8119922532975,27.7402674339843,27.8840847883393,27.942064682856,27.6681259840676,27.7517087687454,28.2364911613983,28.7092638682614,27.6543004928656,28.4083265632958,27.6698145823208,27.7489082710423,28.7168947580086,28.0790503324761,28.2741950823111,28.9455403010068,27.7344555884894,28.5031861282915,27.6529929611073,27.9548948098987,28.523183713273,27.5053854423775,27.73434779421
Q5XIM9,29.96244936067,29.5642485242184,29.8460899269003,29.5213176591459,29.405661747596,29.7034234953497,29.0420283758165,29.4599265171554,29.2645078786164,29.4805102987425,29.7492315276941,29.624171452342,29.593466945824,29.4424793294759,29.4097641364455,29.3796965146237,29.3503971137106,29.4312052258512,29.4984022268749,29.1160709366598,29.4137916766088,29.4234518580368,29.5022734930684,29.3280746879942,29.4964371491034,29.4545226181755,29.7931779473319,29.2877373015302,29.8230983655917,29.4854223435884
Q9JHU0,27.4302445040166,27.6861464433917,27.676415013476,27.785264170868,28.058009728552,26.8344696653552,28.3105869536984,27.2442780803434,27.9004090786762,27.928012862189,27.3873997856244,27.0982411969547,28.1796211520349,27.8188435798677,28.1720428534814,28.0817669300477,27.8736206254515,27.7229904009059,28.1523597013484,27.8829394211237,28.3863833538118,28.0125254915328,28.5160107033723,27.5369843615578,27.9006153953065,27.6255106050748,27.7700032847741,27.8606193654989,27.9856862553295,27.7931985031036
Q62656,28.9752903392659,29.0781273947762,29.0192988961487,29.0390744241689,29.3166393897406,29.0909177504747,28.9179717114124,29.0679675552088,29.0484752125028,29.2012899929493,28.808376984123,28.9418492896076,29.1685548873351,29.1117192536732,28.8364139878209,29.0558791946205,29.057938611433,29.0758849334125,28.9441814702909,29.1649565913724,28.8903303543008,29.0409374553566,29.3059388260914,28.4734563215814,29.2021164050168,29.093725002015,28.8087951549734,29.0686983321649,28.6555978331646,28.9498878806149
P52873,29.5365205674653,29.2148636709006,29.432822724924,29.0849810317678,28.6069659469118,27.9661604936749,28.7913774554116,28.8963055000042,28.6026279025331,28.5899788521692,29.0599997633197,29.0249320598626,28.8402904149053,28.7228561455163,28.5981224830244,28.6076402172714,28.6913646991062,28.7158621034661,28.481274980136,28.5583442462125,28.6851373479539,28.7021219095966,28.7947986882389,29.1139224212855,28.6371153717893,28.6110158216773,29.3200579453262,28.7522033366709,29.1543838688985,28.7490366838559
P19511,27.3234770840637,27.0382090927798,27.2662180174838,27.3268090721637,27.5051107477133,27.0364957985217,28.0892236001435,27.4239175619019,27.7940230345251,27.9066106215902,27.69743509293,27.4086373204731,27.8299557796726,27.9803100248011,27.4526151292094,27.8152199902341,27.7854770631907,27.5150782609273,27.8077751645865,27.4441267014067,27.7549904394059,27.8540439792881,27.6333278107496,27.6945398797633,27.9599708758264,27.5809679768817,27.3711105753323,27.9244160549064,27.4992818563965,27.8737127249844
Q5HZV9,30.5525098563083,30.3425674632698,30.5458680949114,30.5914946847443,30.8588057014008,29.8282420117981,31.8550198155028,30.1763298794944,30.6448551165283,31.1570446162831,30.9378116268568,30.2020696301634,30.9625056035937,30.7033627217465,31.2499227127441,31.0771158807267,31.2483439372761,30.9573750092808,30.8205572035878,30.1891850393167,31.5655017723726,31.3970776397387,31.8188863029906,31.2096405767481,30.6975062750722,31.4106644189261,30.7585651932987,31.2066452577898,31.0184985481311,31.1221549859988
P63025,27.949765745191,27.5393516202092,27.901675325342,27.8631563276687,28.0533191593796,27.8026598891927,27.4755303838427,27.6457646913241,28.0244347468476,27.9334348592412,27.3293425305959,27.6974693247153,27.9466364448684,27.8586046904762,27.6986245812772,28.1858111850529,27.9693839191919,27.656656640164,28.1005864536621,27.1762304342941,27.4045110167848,27.1973179149743,27.7551437986583,27.3998314804772,27.9669877086189,27.9828014604214,27.7221896846162,27.6386178300439,27.6923869291985,27.7225495668129
Q63362,26.0551310387009,26.0743615183994,25.7682117407248,25.7593144756008,25.5445198520388,25.8853762430969,26.2762543703538,25.6887858120092,25.7334265936951,25.4982906165281,25.5344191351729,25.6756192548308,25.4309865241513,25.7496903959148,25.9019609359397,25.8540875390972,26.2208540276251,25.4658044367831,26.042612996594,25.6525269326549,26.1032198191528,25.7322118105788,25.5170404373294,26.0592622052859,25.7657030031458,25.8128459923816,25.4108957265049,25.8337652475417,25.8115809271598,25.7566163915127
Q5GFD9,27.9565953993456,27.1225517048206,27.7365596729786,26.1970458566139,27.1430245884513,26.5491764700229,27.5999524031508,26.852424991324,26.7604958032096,27.0109110085803,27.94123709087,26.4609593288801,27.3600957946275,27.0556350996326,26.6916055834545,26.5179290192184,27.380467701837,27.1384478543154,26.877753809862,27.3346028986334,27.3916566805845,27.2892409830303,27.5746594082727,27.6528575082469,26.920442977799,27.4549635231405,27.6101832461495,26.9930469295055,27.6847703181748,27.2219512952775
P62804,28.456620951594,28.7049295010172,28.69619786451,28.9149008247167,29.2101817748664,28.4789311371717,29.4932771114701,28.4896060174034,29.474061935242,29.634973022836,28.888472692634,28.7381758987035,29.3846536315078,29.1582080242419,28.6828560542952,29.3401284127933,29.3715218780144,29.4037731217147,29.2080866888821,30.3460383551218,29.2802797808515,29.4283011640766,29.5438341299868,29.8485483809888,29.6207503385336,29.2820197219252,28.7247470141212,29.5729705099351,29.0566357514954,29.3404804588458
Q9JK11,27.131446543701,26.7375152476663,26.9435670042081,26.7538971288751,26.8286547877268,27.0719520822092,27.1667039677082,26.7122039067547,26.7810277582276,26.7753654964748,27.2718019645427,27.0249462381974,26.563699531069,26.6648383961629,27.1186315762956,26.6112462174948,27.07785956975,26.737745440518,26.9324193755396,26.7763231372638,26.8167998250248,26.7268658157685,26.6071645964502,26.9387530188617,26.7769611177159,26.7650433980217,27.0067132593479,26.8373382522066,26.6559270778947,26.790914269884
P85515,27.3613078726249,27.1024118851474,27.4210855152117,27.2196815233384,27.3687288640797,27.2318977032214,27.1024651951922,27.1326574555922,27.215277809772,26.8799379521778,27.0794489077858,27.1906171248876,26.9374552587805,26.9949334362277,27.2579636440981,26.8346402165315,26.7275624301462,27.0195477568399,27.1591102636872,27.3575573990955,27.0726256878881,26.8952477581742,26.7347255558492,27.1986804562028,26.7931145566169,27.0563365354139,26.8453657395695,26.8318316613517,27.0620957589,26.8845064863971
P20651,27.3841289381282,27.6987078852426,27.4269535684596,27.4880024197895,27.371720968926,27.689061411013,26.993467597257,27.7662346391806,27.4830245173269,27.4376009638753,27.2380533851015,27.6809640823149,27.4045586281483,27.4176301863914,27.3934067390131,27.2271186206681,27.1007867519047,27.3102140540654,27.4239318509518,27.5189615776184,27.0445970797551,27.2731807981334,27.1153301281407,27.0352499508695,27.2048511351731,27.3315968254897,27.4834465767924,27.1021510808664,27.5598154357725,27.3126687390647
B3GNI6,27.4266317481412,27.2692043862054,27.2917278352916,27.6647452127,28.2088343696952,27.8746501866963,27.8951416066967,27.9224089116673,28.2280180239506,28.4449114388805,27.6222401294467,27.7686247253173,28.1787076930191,28.1661551508108,28.1889776993326,28.2541968281906,28.1855223230208,28.1681061742064,28.1426499206559,28.142805751489,27.9669806130833,27.9587798652215,28.0733388170197,27.6506037368872,28.415897569864,28.1032266720666,27.5079528613486,27.9639585211569,27.7777284056963,28.313262653306
P55068,27.5905194883018,27.5096397326143,27.5553076104483,27.4581868321776,27.6220973949306,27.7417925628185,28.0209218197273,27.8378945146884,27.8050303395102,28.0195617415155,28.0361174470268,27.7407071744717,27.7835545484149,27.967814419461,27.8359707289763,27.6703136172491,27.900417869343,27.627523403712,27.8340681107508,27.9657721766714,27.89316198504,28.0569100141869,27.881034963784,27.6991575973031,27.9417893976725,27.6828988764252,27.8238558539704,28.0975256644103,27.70865243981,27.860255438622
P13638,26.5862139763072,26.8040919261032,26.3230526245974,26.5118075264869,26.8788432542679,26.8478528345752,27.7122352833904,26.9110122483085,26.9583753928938,26.6716603107862,26.6511107145334,26.7864483446071,26.9930807861053,27.0721045326118,26.9785016922007,26.8320844816511,26.8387486475108,26.7662763254786,27.1482264607143,26.2085382050905,27.2028386729501,27.259902100424,27.058296414632,27.6221425477232,27.1206092683258,27.1115537792901,26.6108837384387,26.4950315509797,26.9179149570191,26.841086411085
P62986,24.349806249585,24.523112816432,24.0523584925343,24.0399425551446,23.5547061478958,24.8122766127007,24.7061531313443,25.2984990358335,24.0625386092334,24.9027789314739,25.2776594100911,24.8862346956437,24.2878166250679,24.5780109716293,24.892572467811,24.5076238055278,24.3788452973399,24.1777759871375,24.5276916603879,23.7872973494404,24.4984863524616,24.8158095713458,24.5263398069725,24.8602255480012,24.5783247528574,24.0647073488402,24.9954992956443,24.4690067657799,24.6117839365631,24.7329913253869
Q63429,25.9184625139699,25.8805935980423,26.2755772146089,25.6569963879144,25.5968279114666,26.1971175466614,24.9467170607051,25.6855783770567,25.5464785376125,25.0716925020628,25.0356507054264,25.5966387591062,25.4509357272423,25.695010418887,24.8722670870576,25.3414939189589,25.1332923724213,25.515523169881,25.2114147980327,25.3790464566221,25.2286398669701,25.1946840825928,25.1584838543885,24.8662547243838,25.594782109124,25.464696014109,25.5855536634247,25.5498144027653,25.6089134978248,25.0992944350773
P62982,27.3509139552184,27.6460375601345,27.482536672846,28.1595344291678,28.8694078688053,27.7482221845496,28.7645440903801,27.8224819563036,28.8478851870845,28.8120161412768,27.5877068783885,27.7572711096424,28.8025786810432,28.8241315783323,28.0034877278383,28.6288492971755,28.5314221673018,28.5002062037965,28.3516125117823,29.5392328401785,28.5015343254655,28.4916778288936,28.5252008322675,28.2440904682951,28.935237049071,28.5241201160499,27.3029281320777,28.7342158783307,27.9574524229289,28.5571410382792
P32736,25.7910476112433,26.5803433249693,25.7919230455787,26.3107277320407,26.3690076032945,26.3912529609964,26.5677965235595,26.7879476413896,26.697359845267,26.4036755888094,26.3606803252312,26.3673355918594,26.8968130870071,26.8123839873355,25.8519479856313,26.1825608725975,26.9089719051403,26.6322545529256,26.5150131767546,26.7017429779223,26.2124075141251,26.8070902556041,26.7661531655276,26.1138935115286,27.025389960178,26.5543469848501,26.3307272266585,27.1990216900233,26.0116690070279,26.5539294151234
P29101,27.8924732578899,27.6529430989619,27.8454444558869,27.6427171576779,27.3032078635861,27.7736545682226,27.1096518359061,27.8889895936228,27.5431359779534,27.4619950480608,26.7272800253087,27.97151902085,27.4940958750891,27.2782317749578,27.5783018069465,27.4665591880694,25.7941958596618,27.4647087332885,27.2415062371239,26.3172746091789,27.8492386265774,27.2270265869473,26.4713903918814,28.1721460686961,27.555321744595,27.2825861817422,27.9695264424309,26.3793747266431,27.9029900143013,27.2475338947648
Q63754,26.2647464144433,26.7526129769831,26.346922450781,27.2987001778216,27.373606883858,27.4527174236754,27.6479703430352,27.5063888556551,27.5694209221456,26.5709410320976,27.1100423545284,27.1452038793981,27.2382363951269,27.3879215334198,26.6758661051266,27.1458767863956,27.4127666898359,27.4118954106049,27.1487696067423,27.6283142317041,27.3829399756335,27.1323141972109,27.3623741762448,27.2301869695148,27.7285330185659,27.0547800035414,27.1130757834096,27.6330041206507,27.1152720857082,27.203600587744
Q9QXU9,26.2693708771029,26.0300386885878,26.2432235117,26.1313107137517,26.0756426771122,25.8449668613404,27.9432468079195,26.0476620724324,26.258290909184,26.435789226303,26.4031129731072,25.8277117666487,26.4298744354307,26.302616342195,26.5496656420532,26.496611245608,26.5834775319463,26.3012355545184,27.2680127923145,26.5652685254438,27.216650310063,27.2161851353932,26.8929296403005,26.7362593128864,26.1271094891075,26.5433040781344,26.0792411348948,26.5805451396565,26.8509836981171,27.0355786107295
Q63610,27.8740170391173,27.6899232892339,27.8760795228625,27.3434004971125,27.1093950774616,27.500198655881,27.4440118468925,27.7913983568989,27.2987754884516,27.5865007148304,28.217072895871,27.7069426009578,27.4271911806424,27.3980444562613,27.7844948148502,27.5639802240273,27.7537072375397,27.495613185275,27.5544186348271,27.6992051937052,27.4802030841237,27.5551020013399,27.5281801868757,27.4554201695478,27.544820547756,27.2949276350143,27.8232647004003,27.6001312126971,27.4929138574972,27.5094163476401
Q5BK63,27.0436875198038,27.3384680624345,26.8608193636492,27.0404416853437,27.4783810767145,27.1705712259431,27.2393540409423,27.5360823383398,27.4296793398334,27.3238784204981,27.0008233349594,27.0566601610737,27.3179290360051,27.5011202477205,27.256131521894,27.2253127327576,26.7961835140899,27.449582800151,27.0829441148692,27.0055731412265,27.162397609734,27.3466251074648,27.1579720578083,26.9377795856569,27.4602301499757,27.5968938994328,27.1905213276269,27.3848851107469,27.2343301006066,27.3733787641094
B0BNA5,26.2880418997373,25.2889454606509,25.5725430345509,26.2013870904055,26.1382352946978,25.8886160403673,26.3169273943897,25.898074174311,26.2967970724609,26.7191112119216,26.8540641707934,25.8474543980281,26.1109157905282,27.1206296823619,26.7752260338639,26.029351999423,26.7542336474428,26.1430169479677,26.7867365633592,26.2119582851264,26.5471028558436,26.6696222631495,25.7820982993879,26.7653488681663,26.1583468010826,26.442877297703,25.3554082555123,26.1369996681031,26.8225585879871,26.3686939395607
P62824,27.4946610371506,27.5333782714959,27.5086252606138,27.5611071550779,27.9845051713971,27.5360697644029,27.7108450142575,27.728064608981,28.0701242422024,27.7720482059785,27.2091697653065,27.5973338852877,27.8819745028543,28.1684318287468,27.3540899056037,27.8386726455801,27.5843948431711,27.8411554195123,27.7502454849656,27.8577719596486,27.4314057527893,27.905856278227,27.4647164183574,27.3041267217219,28.0301470582759,27.9388131484053,27.2866519848795,28.1567105792625,27.5532920342549,27.8824286046167
Q62717,29.2697115898247,29.0940695821055,29.1600508984418,29.2939515895407,29.6757439328317,29.3344829406718,29.46987784906,29.3569760087305,29.5601177042264,29.520858299111,29.4701525507242,29.3443143167588,29.7807827945762,29.4915860389143,29.4113349600159,29.502126245116,29.6734169129009,29.572553528062,29.3461716606988,29.7229909535807,29.3418172552386,29.4563595270698,29.4883729835957,29.3335718956585,29.7711173122999,29.5027759697079,29.2150768331692,29.6957612219508,29.3538897268235,29.5813023490513
O35077,27.5049945962853,27.4520840453279,27.3854875129051,27.3115309493707,27.1407695842142,27.1606043276804,27.9029021450856,27.7832459389671,27.6394374519245,27.4449576886143,27.7838147290685,27.5732404095801,27.6105670521001,27.6059118246886,27.3955168886592,27.5594251631697,27.6474763780039,27.462461204465,27.634307503627,27.567696954599,27.4479526755781,27.8438466688426,27.653924712905,27.7193762257762,27.8486396249675,27.5519221447858,27.6296718358607,27.7204058019922,27.3464285781956,27.6300956714999
P35332,26.7716964806604,26.4589115684873,26.5823372955981,26.4847452277354,26.5492445066124,26.4819539491675,26.6151752986644,26.6188919800221,26.5909639925926,26.7679834448881,26.6559374315754,26.6444063405536,26.5693426004829,26.7831409551178,26.6421447918766,26.4642603340378,26.4551380975157,26.6741952393893,26.467485776529,26.6404824152037,26.58158082287,26.5727035389586,26.367962387049,26.6116001620206,26.6073923743056,26.7055624811243,26.7916008401545,26.660197581412,26.7052576687639,26.7693852331892
O35796,24.2737020592032,24.7274838809223,24.6740488997588,24.9227895873396,25.2126201103807,24.8756715637988,25.3009372651093,24.9487977921012,25.288654373872,25.1338050082164,23.79020851936,24.760211092491,24.9542891511474,25.3607859809656,24.6144204343608,25.4191702943722,24.9881253330082,25.1474936665181,25.2801168873696,25.4500578998088,25.2619559991211,25.1523292439502,25.1274486389478,24.8554056727089,25.3173019202305,25.2579844663333,24.3715287094047,25.0464281780193,24.7957210793354,24.9839806505339
P61107,27.3117807747015,25.8741831828444,26.959009586266,28.8572305042285,28.0541253784097,28.8458865759327,29.3127506023569,28.3279949385415,29.0536735609391,29.5029997071191,27.8030444968049,26.5138558607309,29.6850881995463,29.2199045778462,28.6145177089574,27.1722485059973,29.7320349851633,29.6020175850503,29.3573133240841,29.6012291595239,29.7372520898286,29.4813661610123,29.4124438535542,29.5540284120687,26.1633217005776,29.4639492746966,28.7217037714752,29.5957462063948,27.4991698109935,28.271662380112
P26772,28.4166262123837,28.91653622576,28.7649129501472,28.8746501573963,28.6835372122869,28.9124817407006,28.828865543002,29.1500331368649,28.9444254878685,28.6280965366427,28.6819609566433,28.9171700388032,28.7892440896394,28.8976046856185,28.879758630717,28.8983371584651,28.6402471322086,28.7307520827952,29.0834764752334,29.2047743920187,28.9271876807898,28.861775625258,28.6038700713169,28.8223220654827,28.9640730140412,28.9334034810281,28.9614750036598,28.8755423040817,29.0336870232483,28.8694106783636
Q68FR6,28.6201585987892,27.9406170787806,28.21989373852,27.9834662568653,28.3498081871771,27.894395140935,28.1272427192127,27.7119272343891,28.0791313659514,28.1784381600303,28.1991323027864,27.8734187412133,28.2429862500592,28.3418271742666,27.6743950068722,28.0309472997802,28.1830602456736,28.1916747163632,28.0631665993556,27.9742213424258,28.1397683361924,28.127206552365,28.1488172185526,27.885301858586,27.9667326227012,28.1321392795468,27.7067856966585,28.1300869885122,27.7747672251377,28.252660265968
P12369,26.7826247430027,26.9773195632297,26.979971884245,27.6077566542433,27.9713017748315,27.1216289707431,27.5438107273092,27.3992380749147,28.1739239471832,27.6024891340507,26.8608338220531,27.3160021144625,27.800165763126,27.4425075023542,27.4145379150982,27.824334379056,27.7654342948466,27.5879397542428,27.7585671319292,27.96632806619,27.9763578097442,27.9385247687214,27.5518521400761,27.4050558641395,27.8477960021317,27.7531223704815,27.5178799319673,27.8669049053223,27.4139363680894,27.8426153083958
P84245,21.5539610205863,19.0792204523312,22.1304734679098,21.6893642184359,23.8116903318686,16.3674870601606,22.5873928361129,19.2067674466407,23.1567882112448,23.7907260852092,19.2091040183498,20.2672574434119,22.4200471268614,22.824708165879,19.7049989665947,22.664935292629,22.0015298973362,23.1607290317027,22.3984717547946,24.9640192567542,23.3496258284626,22.2106778332481,23.1041173233194,23.1131772935024,21.9399200504219,23.1654804435408,20.7432232678972,22.9754473441379,22.1805545767502,23.3142114441092
P09626,27.9619749426224,27.9773214970182,28.0524658043931,28.2511619123161,28.1950019312136,28.1991220689346,28.206773284493,27.8669299335008,27.8868583354311,27.68524365383,27.885336113862,27.7475703364689,28.151548177581,28.0115172607644,27.875645149379,28.0844147924763,27.8329515678703,28.23387852461,28.0865951157027,28.1732606600061,27.915516669982,27.633503897476,27.76370528644,28.296633907012,28.1205112978027,27.8394137581208,27.7224548782835,27.8918568762492,28.3070960534617,27.6738659459649
P0C1X8,29.0805578476516,28.3731710206636,29.3152287803142,28.5856008913438,28.5016800640142,28.3345224264379,27.8545181551413,28.3375205760272,28.343406246014,28.6008760009885,28.4996300221063,28.882387821799,28.4700754396205,28.5479669261603,28.5804870848974,28.4352725433459,28.4329486180984,28.6588482741605,28.2777355271626,28.3623530992049,28.3012803378084,28.3917330296194,28.3691266455122,28.2526993185441,28.3892351722489,28.5429252201278,28.7920351217887,28.1331418827617,28.7015614697737,28.7592370788446
A7VJC2,27.2093652869098,26.7808605633464,27.0348770692426,27.4718783429905,27.2424666538946,27.456347396531,26.6766462982476,27.031124585288,27.14361534872,27.1465564762932,26.6957201968704,26.6118559260577,26.8845049985594,26.8571177859151,26.5067855045354,26.7240347175588,26.8709284151011,26.8288327393032,26.8725838659043,27.1022952245757,26.7592112501028,26.8423675866305,26.8714134969038,26.9590770901937,27.1965369837337,27.0300183777513,27.3537454726996,26.8740029287085,26.880265457816,26.8802979305792
Q99PD4,28.1122654508561,27.9918351617267,28.2913431252457,27.6959225627441,28.0307896444556,27.5698722506671,27.8555522906393,27.6561344263537,27.8767201475418,27.7857203543496,28.04962915216,28.0375046086276,27.8374168472743,27.8368467500576,27.7181619021379,27.965484894074,27.9256986213261,27.9928054970309,27.7599445907398,27.8173716101785,27.8333773430878,27.9518343592844,27.9845740265914,27.5246006498949,27.6315177210927,28.0592908393846,28.0497781825957,27.8736577199814,28.2151605574373,28.0436039127239
Q63716,27.1847622310428,27.4233666066677,26.922617999098,27.2918319733695,27.6696245088457,27.287232285999,28.5905520315543,27.6422206923054,27.8928475564091,27.9887115325719,27.9071200045734,27.4352672118233,28.0390831173596,27.9136610944436,27.903135561142,27.7662642845466,28.218973348949,27.7976853154157,27.9728053788456,28.1413866012403,28.169875422507,28.3308397793159,28.266071120455,27.6861576700144,28.1549203602655,27.9933896842736,27.3936898557242,28.2476629022137,27.7027313066106,27.9340890683192
Q64578,30.0640629013848,29.5338068023382,29.7864588030548,29.579582420737,29.5617667174904,29.7429161373851,29.0334265727332,29.5392212076119,29.4845182548347,29.4182036829863,29.8720274382061,29.7476907025916,29.2889026907909,29.384662754475,29.5600736863546,29.5159050687332,29.2680462921883,29.3654714755943,29.4600848125252,29.1592509911465,29.2174022978777,29.416274856999,29.2470205054811,29.1802303398928,29.2318108231413,29.3892262938044,29.5997625198255,29.2173366667776,29.4431021049123,29.3329095101358
P04631,25.0150359530365,25.0374813228482,25.1124890583656,26.3439518964269,27.2499716585708,24.7791060457261,27.5007803691799,24.7794574793746,27.1361593151474,27.008581885332,24.7613715071826,25.6970419229903,27.0054149957793,27.1406971189113,26.0919767186026,27.0388316165747,26.4639678636729,26.9866497248184,26.6659261555043,27.7934946798546,27.1915997199441,26.8787981181767,27.1644518469368,26.8156726955631,27.1339168679705,26.9650238940423,25.763850522782,26.9122557144328,26.0040217640142,26.927857908175
B5DFN2,27.7820567869837,27.2655379156643,28.2739354502693,27.6936261039935,28.4281856964274,27.5269032793803,28.4333218867889,27.411266138095,28.2996836099598,28.4982976258588,27.5224094404429,27.6455932958772,28.1988183030774,28.2540039901701,28.0959459983813,28.2009930038158,28.1145927607378,28.2501457110544,28.243017135207,27.6491403555747,28.3390099921141,27.9418923711263,28.1358474064406,28.0726615259856,27.7683789764582,27.865427110618,27.4626556273806,28.0735069050752,27.7646986624302,28.2071201242848
P0C5X8,26.3849405763025,26.696956657327,26.2238713053521,26.2363330295748,26.4048891637174,26.2423450289925,27.059967700622,26.6738859034439,26.6194622168658,26.5314896626042,26.8995845608537,26.6680093465255,26.4201441872244,26.5207997221474,26.4009952757787,26.4868812343132,26.0156829924202,26.3510545596612,26.3964216831068,25.908458955895,26.5372494577894,26.4094268323252,26.4788166034948,26.8738778789043,26.6100268252522,26.4401989470074,26.6475291155649,26.398191951338,26.6046569827453,26.2902007036966
Q641Y2,27.0778387818265,27.4677713885741,27.8535146083545,27.4696403333997,27.5461244961058,27.4888528859666,28.5416265962299,27.8811379889188,27.8066741858109,28.2537014506577,27.7049136256543,27.7736141365952,27.8443927106604,27.750303163054,27.6107358253409,28.0545689943072,28.0666750426399,27.7224209951025,27.9375306265582,27.8269096903803,28.0638139915443,28.0164220057218,28.2648352595456,27.9780664230223,27.9776352626142,27.4974648811244,27.7288846020666,28.1692292035842,27.6285386287907,27.5780974868076
Q5PPN5,25.6808236802616,25.4715516848777,26.016254026347,26.2630988368039,25.9039078083826,25.4238743528048,26.6337413912005,25.4652338607729,26.0113371917084,26.093719636693,25.5363813393639,25.8971531529796,25.152728591377,25.9798244152453,26.6313492113093,25.817560896808,25.5814027983159,26.1537634312083,26.5938765769439,26.1628168628292,26.358093677689,26.6087680931601,25.8996512880703,26.7072745186152,26.3755965069592,25.1336084544576,25.6664164918861,25.5666662300225,26.4810609984751,25.9344012368126
P69682,26.230969091042,26.5310239364415,26.0863458090316,26.3886467265481,26.5435643589825,26.953530713327,26.4505194689851,26.9238980234903,26.4652336814062,26.5529144717564,26.6854441567479,26.6364551601404,26.35034318068,26.7166043767297,26.7646331057707,26.5553791745434,26.2165000376705,26.3727567031439,26.8466242712173,26.5201441827863,26.4275509669249,26.6274754588356,26.4467231120597,26.2405741444409,26.4856885209615,26.4984086391859,26.6411565774072,26.3015533367754,26.3551219351326,26.5492719527808
Q62952,30.1889602852754,30.1658517053512,30.1011366516086,30.2970535296008,30.1124108509489,30.7169411866184,30.0939490552948,30.412275128649,30.1019107726284,29.7069409150527,30.5664217947597,30.3638882480319,30.0790443818477,29.7853046873527,30.3464432592709,30.1517313838698,30.1664681777966,30.1031555584682,29.8195262387601,29.9965867672726,30.0348224479343,30.0031419169428,30.0871640129307,30.2146861990372,30.0668887058426,30.134977763976,30.2666434573182,30.0129306374051,30.0901028825425,30.1214293656101
B2RYG6,26.5372932719327,26.7210015446568,26.5787473854337,26.5722699364837,26.8484671034346,26.7257932703591,26.6616864828885,26.6128419239938,26.4702933635824,26.5735930920598,26.5354601806161,26.3432023779578,26.5472429931896,26.6628684210822,26.12730711443,26.3415077740434,26.350891660685,26.4727158924078,26.4289484914908,25.906618137254,26.4349100034672,26.2960782902501,26.3604936670206,25.8719825984284,26.3084108069965,26.3320009339348,25.9272132779281,26.4819905459511,25.9753466490899,26.2618132085276
P85969,26.4365932083126,26.2512390448236,26.1549462165037,26.5968383621053,26.7424682981601,25.6163146240936,27.1948326943954,26.542610970607,26.8896194881186,27.409851776648,27.3336280317356,26.3622810752552,26.9033297970318,26.8648375502943,26.5830717864159,26.7972327058583,27.0435520941947,26.8300320062519,26.8021950847775,27.0841092917777,27.3597267228148,26.6344206594096,27.4234119824271,26.771679109236,26.9560532329187,26.7681447126943,26.4185633658636,27.2324929748338,26.4451304084487,26.8898139704297
Q5BK56,26.3352379499813,26.36513699097,26.40433995072,25.8369953677479,25.779364807422,25.8841695113876,25.963682087311,26.11890085066,26.0319088827435,25.6054265985515,25.9270112448056,25.9825581297534,25.7085485314563,26.0614251498722,25.2849839993347,25.8818398793537,25.7650200683485,25.742989805076,25.585971839824,25.2490081214749,25.7672439687453,26.0575995274154,25.6082744161124,25.6516540512549,25.7126657481284,26.0124084129637,25.7468845999216,26.1037243862699,25.9242736083661,25.6890601972448
P35435,27.0384632215042,26.9400859026116,27.0995242074821,27.2986525864189,27.7239135173485,27.4063816776726,28.307727189699,27.6139424700683,27.9902695182767,28.0333726115308,27.5353812000368,27.5070988654831,27.8849094899774,27.998589192674,27.61554384823,27.8766768185581,27.7813676991258,27.5747319751998,28.0590802604798,27.444543705061,27.9477539230121,27.9769541862738,28.0620225018073,27.8570575942768,28.210799422912,27.8616674721592,27.5873447136089,28.1749358868765,27.8114463571029,27.8508291721391
Q9Z0V6,24.5576065840384,24.9656117296866,25.3192897338807,25.5310929941458,25.5738336953675,25.4426255601682,26.3787419717187,25.5134215667755,26.0850144454567,25.3809551007205,25.3029453875951,25.2878478762721,25.8703712203965,25.7180876534771,25.6236194372662,25.8537930487845,25.7611554959962,25.4260922467644,25.8997875990583,25.5754980071343,26.1093099714613,25.6705005332712,25.8863298521685,25.7100894769296,25.9921135571027,25.7477154957724,25.2395675097479,25.8317359366385,25.4333378310476,25.691986664244
O35264,25.7128183604887,25.2360807602385,24.9043483500263,25.8792011139911,26.0961770701926,25.2736051411045,26.3934288738422,25.6954879481235,26.0493631638242,26.1043750999157,25.561108558981,25.748515845752,25.9594915290503,25.9586767751271,26.2799221335025,25.8934129550951,26.0208782740703,25.8894304096204,26.4257712724835,26.4140977315593,26.5422468461287,26.2333414477039,26.1854459803986,26.2266254577467,25.9655143977653,26.0241838528158,25.4132132093097,26.0232205952924,25.8415723260708,26.281335862656
P19234,29.5805792197515,29.0696301216839,30.1242664730021,28.8827587081937,28.938873675584,28.9518675062659,28.8456713243347,28.675847282219,28.6673098613047,28.9136442183944,29.083003109987,29.3759369061195,28.6628373612252,29.2028490234753,28.8291644748776,29.0911223516139,28.9399600357227,28.9553139881575,28.6303563177142,28.4104539593514,28.5092477597351,28.761779169716,28.4689118695148,28.0080646300039,28.5014570200054,28.7737007515221,29.1851944745137,28.7837182092163,28.3054830964294,29.1085647254155
Q62718,23.6298749137165,25.3528614676395,25.5346188554255,25.5351288008211,25.4589044349926,25.0956267432755,25.5228171078024,25.0208576505138,25.5905914895133,25.2712082486449,24.1686700754928,24.7171493192612,25.2185586865152,24.6421423589038,24.0818761689196,25.1436728214602,25.0471245035713,25.2017793671916,25.0422595607117,25.0985280443409,25.3091968853057,24.8360502596791,25.1428034539946,25.2966067530997,25.6046998412691,25.4773088415523,24.7858244127812,25.6023249637326,24.9524687693952,25.0516183740308
P19332,27.9923518714985,27.9125805083697,27.6349475446897,28.0013669628514,27.9417806321722,28.3630150042102,28.2748410633002,28.2601375280183,28.1410923309031,27.9280962517444,28.0337867049478,27.9724103886822,27.9444728442618,28.174390466836,28.2067064122044,27.9894343348033,27.9511156184901,27.9085270314042,28.2342731899867,28.1624219473471,28.0918227869964,28.1667328103012,27.9745188732109,28.0789989135954,28.0460320223355,27.9903995674753,28.1919601452378,28.2054037498964,27.9414727400605,28.0770001074016
Q9Z1B2,26.6840801204252,27.0370245214698,26.8109677547151,26.7663983006755,26.8276496836126,27.1122256964637,27.726782716696,26.9571107893234,27.2364012515216,27.1905707431559,27.2347595645521,27.0851943506858,26.8486802848328,27.6224696540798,27.0170270536899,27.542697443548,27.7573772205493,27.2045926354371,27.1819787062761,27.3990254091314,27.2625836402901,27.5235234939585,27.7021582257493,27.4646121643237,27.1295410503472,27.1438033442412,27.3841813592297,27.8135827694734,27.2074526851923,27.5935105416224
P13086,29.1024306971,29.3014585305195,28.6613926356196,28.960324466958,29.0459768487806,28.5148504467517,29.3731864913643,28.8849359958002,28.8088795319154,28.917265207926,28.9743241853737,28.651623741751,29.3581108940186,29.1401797537108,28.9141105585487,29.0523345262731,30.3469252224967,30.2207385815925,30.1512464474946,30.4726771801927,30.402344634405,30.3367651827623,31.0458504269085,29.9805711964537,30.5069505526012,29.8718034332238,29.5183508019449,30.4525830392215,29.5960796132581,29.7135153402492
Q6PST4,27.9791543604275,28.5700474136372,28.101181601675,28.2293741496865,27.8526556710194,28.1651599677107,27.2734716830825,28.0602662858631,27.649872858952,27.5892552877481,28.4162505609357,28.4896309861398,27.5414830711165,27.5967955303715,27.7447099422487,27.6012598656383,27.5322198000619,27.7613023439879,27.5504232173834,27.5235425935014,27.3645030335881,27.2513906635234,27.0959940473241,27.7854788186793,27.0973084200639,27.6081707963902,28.4977870159899,27.4799241887492,28.2979092834182,27.6385801628624
Q1WIM1,25.7881193302448,25.8818597435265,25.2064625320864,26.762509042848,25.5179099898436,26.5898990456357,26.7785273763548,26.4202656624215,26.3496135790192,26.4483184392974,26.75247571054,26.2745167768262,26.3970660577559,25.4122236213466,26.5968790894806,26.4283014868975,26.1480826621321,25.9708742725459,25.5509548518173,26.8792077798169,25.9703112976196,25.9874999812149,25.6761697764166,26.2901157867078,25.8266689388592,26.0388344829188,26.4321527254987,25.8562249846271,25.869276222952,25.7715009150914
P56574,26.0039723861624,26.1125606408004,26.230985632344,26.7515230014591,26.865412641983,26.0732972553096,26.8519218323755,25.9900382724309,27.0700576215064,26.9389767583659,25.9959817466155,26.5614696331796,27.0235552871138,26.9051240979758,26.5502052027684,26.7905859477404,26.9204154828491,26.9018583053313,26.8908360592771,26.8305285261426,26.9036825714383,26.8076274469478,26.8661783783295,26.534497317826,26.8711685344118,26.9554003043852,26.0653048677547,26.905428500585,26.7792100339374,26.792315393652
P86252,25.9990728793873,26.0910892554919,25.9969532572993,25.8614427933116,26.2775487407737,25.9301520196202,26.2996037238045,25.9597613892921,26.1904012515412,25.9043994508748,25.4555644026511,25.8577493341035,26.2097102439916,25.7738272170632,25.6191123124317,25.818476728399,25.8275105528047,25.8888585259252,25.9675410015684,26.1812883585246,25.8849910280163,26.1386178397793,25.86548349466,26.0325682517045,25.9597987130578,26.0788354431114,25.7594982037078,25.9912673935927,25.8633163696077,25.9742113080833
Q62636,27.3109800721749,27.0190776901347,27.3241572434103,27.5588744604799,27.3276828555221,27.3561797132985,27.9385513878052,27.2526209840989,27.4244422457863,27.4091017893069,27.8429678066049,27.4299036536402,27.666077959958,27.7282846225192,27.6556552831253,27.6113905068747,27.8248906189263,27.5234600790808,27.5678258175189,27.4368612669262,27.6333864846475,27.6211169327482,27.6209994809552,27.6301803573891,27.4624351069597,27.5612912821634,27.4229318481486,27.6066320893802,27.1898826951314,27.7473213164832
P20760,27.3056957187131,26.9064954633979,26.9809173220326,27.2543364339259,27.5773050730945,26.9596651860675,27.3631631878839,26.7440738996145,27.0157850081699,27.4632781100356,27.1486479568104,26.9127004144909,27.5000526729356,27.2748929512565,27.0643226943602,27.3483321585757,27.6570250019499,27.5089976224543,27.2631003534464,27.3276093210543,27.3212441514937,27.3140605041079,27.5994122715586,27.185959434811,27.3566905751115,27.5721621383439,26.8797284277572,27.2789179461178,26.964483230474,27.3943479312167
P11348,28.5779694628246,29.1439562488003,28.527272483947,28.2816662428468,27.6188661335547,28.5219756376306,27.7217915378276,27.5712553546395,27.4466940506701,27.4428204345446,27.5331535539887,28.4143261874455,27.9531869124931,27.7083739193957,28.3376253668162,27.9145337433969,27.8840502389393,28.1658904396477,28.0559579052788,27.9159889700704,27.7203872908182,27.846313970289,27.3994825882237,28.0899848079073,27.5634611765115,28.0490865124321,27.7482114197512,27.749785143563,27.7327804433685,27.4554953079729
O08557,28.2299132739757,27.450111003283,28.1693569809555,27.588057541202,27.4932625399938,27.5094082820303,27.5063620401594,27.2745168373672,27.3085570704988,27.287493582469,27.3865687492993,27.4887488090819,27.3394799105476,27.2699724315148,27.4424569626608,27.3519174554687,27.2114645667635,27.3020019345357,27.4647425149109,27.4108197874895,27.3128763764715,27.228913468865,27.1140903913397,27.195882039517,26.9913165560934,27.2976453822595,27.4750866168785,27.1732389878736,27.6250686883556,27.169462167922
P00762,27.1276766017012,27.5917536844394,26.8241294705393,27.88058837255,28.6847097091518,26.7541158779709,28.9781787009436,27.5091281581993,28.3751158616313,28.5085809762793,27.3557061242503,27.2530346689354,29.1229939278601,28.7660816134645,27.786518608004,28.5408432479402,30.0446816963108,29.835259768243,29.8184696281566,30.123726279198,30.082000293199,30.0618499384808,30.9040476798676,29.0479121319488,30.3909513626974,29.6441825146124,28.0332698678722,30.0238946475528,28.4066812288794,29.4432209080607
P62963,26.6096131175144,26.2078019240962,26.9761353216031,26.7845491888061,26.4861020289896,26.4245936031686,26.0640839534955,26.556147414139,26.3642965100537,26.5848477765104,27.1257525491455,26.2091522689357,26.770839555293,26.8547149496432,26.6109362435236,26.2259557941971,27.0989882493098,26.310810904529,26.6605699460296,26.3209353415117,26.7673171434412,26.1665568983678,26.9485800124271,26.3124905324498,26.828894303144,26.7944681398369,25.4440728573354,26.9999490341772,27.0385602988494,26.2742874207862
P14408,27.2143870249898,27.4285294171186,27.7029023607307,27.2046793854978,27.743233526952,27.3478363937048,27.5892288107344,27.4836591810398,27.3506048797925,26.7196971796965,26.6725462519178,27.2935332247458,27.5521707453507,27.6152732998907,27.631625145238,27.5441993210538,26.9566501746192,27.467301668236,27.1278925944164,27.2895997976878,27.0787775861477,27.6908032013273,27.0945148039997,27.5326928084616,27.4222641388328,27.0852997587311,26.9067851413183,27.0063801747374,26.9734303853763,27.3565857206046
Q3T1J1,26.6481254293233,25.8369678949025,27.6439041847695,26.2781149778452,26.1105199110631,25.4045697571906,26.0269185864804,25.4618837141568,26.2429235358977,26.0698660179156,25.9425554539905,26.0575838813234,26.0369668919152,26.0970288917099,26.1714465067309,26.2068603237308,26.1559308145823,25.9950688280646,25.6516914590328,25.7454375692529,26.0511578752124,25.9153638574947,26.0226212465799,25.9578408541643,25.5946221555099,26.2153275662029,25.9571691957938,26.116975481984,26.1382084763098,26.249282227234
Q9WVB1,26.5312931440068,26.5005674416631,26.55706635372,26.8309708090852,27.3967737783339,26.3449131846157,27.521861422761,26.4034228863024,26.6961318876817,26.1999791006208,26.3570675182578,26.2872422550493,26.6845915760549,26.9338351038205,26.2588616125471,26.6778947598986,27.3614382826021,26.3713443218632,26.5392944284571,27.1141101149492,27.2573069662326,27.3338078912741,26.5391050046887,26.4136475597313,26.7186316237785,26.8310428337508,25.9633162276991,27.4548226119878,26.188168335434,26.4424580490427
P63331,22.52340335808,23.1056860287303,23.2611764351983,23.3714587801332,23.3948947895264,22.550868366481,22.9251494581044,23.1151026678502,23.1046989671564,22.9856437533365,23.5774195799599,22.6384161346069,22.5483052032978,23.2874321898451,23.2152028339606,23.6941240349056,23.078250306163,23.3413776825196,23.521472382401,23.2856900925907,23.3099314764364,22.5563787173707,22.6884341273767,21.929973832699,22.7903156532565,22.8401958333061,22.8078712847621,23.2070064659539,23.0800703598534,22.837487300833
P12785,28.2032194093042,28.448447074026,28.1988183900121,28.4011419167428,28.663772245554,28.7609465868325,28.3890881989458,28.4180095161722,28.456021918865,28.4891408482016,28.1753178437484,28.3748646354081,28.4828758811747,28.453714334526,28.7165201412251,28.5347511417824,28.5167598387142,28.4327044607906,28.6608113529687,28.2320690744002,28.3482006142101,28.5002377743121,28.3559879234368,28.394301100739,28.4661820246542,28.5223659706097,28.383400280087,28.3321539368582,28.3480474041574,28.4778602284652
P85971,25.1396618537471,25.1808805061872,24.829156808832,25.202266473928,24.7254842863536,24.200730074923,25.5933724942932,24.3132984543689,24.6419422238726,25.0802500818493,25.1337179419029,24.5796475364606,24.862808244362,24.6458295210689,25.6868084312215,25.1899291491887,25.1159221080824,24.834350378652,24.8440877687935,24.6684501115228,25.4847923214823,25.1023843111481,25.3157613427092,25.4047602500868,24.0870928333916,25.208369601218,24.9844017778009,24.7488731382146,25.3771705060969,24.9332901220949
P60881,26.8712821146658,27.1338947633052,27.3862592195772,27.4716802984678,26.9864849983718,27.4658179819147,26.5677147577311,27.3164628849006,27.051086407743,26.8289360508036,26.7585199642335,27.2259887964096,27.2514135891138,27.0957500958584,27.0648847996573,27.4704183589065,26.985434273864,27.6016854104148,27.4607001957701,27.5306622600777,27.8017496135134,27.2793704780392,27.453813101503,27.7455819321962,27.3841341959658,26.987130846292,27.5268256954304,27.0256623513903,27.4841883026941,27.3185821639838
P63086,30.2064458532123,29.3461782957198,29.9788812036622,29.1420777591227,28.3515399203222,29.230495622156,27.8930857292343,29.1770725195412,28.4149572237096,28.2931846903312,29.3668309777985,29.5172277451928,28.2361967064969,27.9231724666775,28.6857925583299,28.3737078841605,28.5163123333639,28.6447063840735,28.3677086474592,28.2815035956404,27.9471228177993,28.2517777338869,26.4334477577112,28.7357057130349,28.0103863115219,28.3345678998564,29.6439055680436,26.6628888506102,29.2684756402688,28.4392708541292
Q812E9,28.6240651688468,29.0313342175973,28.8676236184343,28.9884855262237,29.2303428539379,29.1307882285196,28.9077714971132,29.2938825124362,29.560960188213,29.3683456980747,29.0921460090633,29.2559318106626,29.2202493296608,29.0998813866742,28.8778374781906,29.193700310905,29.1054567782108,29.2047486540853,29.0337119405429,29.4728969694553,28.9043092343951,29.0886286656829,28.9366561361647,28.7789282252867,29.373844072302,29.2044273152128,29.1352102236591,29.4950351824551,29.07571305652,29.110005678705
P62749,25.6938431854605,24.8317987487186,25.5145694206368,25.0713869319946,25.3653756773037,24.5248255774528,26.0056776177447,24.5139084527762,25.406588630478,25.6326307655944,25.3223181234444,24.7944071546282,25.547878267249,25.3092458544723,25.0531477420979,25.2024335454302,25.3432337021671,25.6036062735561,25.4937374933747,26.0205779524389,25.867190288227,24.965858766117,25.8836229338658,26.2014792577311,25.1240303824284,24.8780303034376,24.6791526282562,25.4378004608149,25.2351443360557,25.3871313910269
Q5PQN0,25.4664535001416,25.6233089348446,25.4735058621685,25.9355198998703,26.3297921941072,25.899626019739,24.8081895147706,25.680177139625,25.3003122054384,25.0504675772379,24.8661536321155,25.1238186430878,25.1929841293142,24.822756379141,25.5843104781534,24.920204702939,24.9601161659672,25.1310741579902,25.1833201878464,24.9605061497507,24.8393210040846,25.2416373019154,24.9557917551128,24.7486693354865,25.1856804162852,25.3293072954554,25.2305507210011,24.8885735062174,25.207740820187,25.9405961699711
P62828,24.9908407637356,25.1681732497448,25.2130270456422,24.9032515149599,24.7488012732401,25.3182310235056,24.3997017938963,25.605717001795,25.2155446122614,25.4241104566315,25.9655086628851,25.6037284029379,25.2767370117345,25.5237800364941,25.3045062379611,25.4972143356726,25.3100672236726,25.3102721426485,24.5585073354437,25.5789037147106,25.5690160112318,25.3500326584339,25.3826858666634,24.5367061091649,25.3129850207236,25.0434852557327,25.6828496809928,25.4761003674744,25.0535118755893,25.1867006498102
P33124,27.4345030470005,27.543488996072,27.4379115357693,27.7270023881134,27.7756349228543,27.671739229171,27.7713340658404,27.8610359753178,28.0218431555511,27.4543171621946,28.0051812503244,27.6480367604865,27.8570019194737,27.7693943862349,27.586025689809,27.567072146828,27.7741156811321,27.6026570664867,27.6955445645387,27.8630449263301,27.7547349189205,27.8224994857155,27.784574190969,27.8101535240671,27.754100935507,27.7653741587257,27.770731036713,27.7432196775307,27.9010993414373,27.7032861500638
Q7M0E3,25.8483534542092,26.1433807025912,26.4005582538425,26.0818042103159,26.4702761923947,26.0106886814962,26.2603046820149,26.6203191825408,26.6211691563346,26.3879939210094,26.3274013397172,26.6843540302275,26.5737099159123,26.4035617747102,26.5167850524343,26.4960645337567,26.5610230802999,26.5728161614206,26.631332862851,26.2543543572781,26.6509177637928,26.5521891909258,26.4398916787015,26.403659129829,26.5159415187058,26.6075699903365,26.3158943247634,26.5393315545273,26.4165992238035,26.3628527269212
P63004,28.6505880802821,28.0879427914766,28.3735134187925,27.9539176577682,28.0691359427751,28.0712517736369,27.9148839706724,27.9447621562539,28.0945652780556,28.0045505433798,28.2396175896849,28.3803113414622,28.1364258127062,28.311672505793,27.754582303527,28.152136816448,28.2399898661101,28.0432580918693,27.8032124490979,28.0268660258694,28.0573787993884,28.079727913908,27.9884426338035,27.8512345145404,28.0927620161055,27.9223727399537,28.5491814257179,27.88024609906,28.1383586324754,28.2428049073327
P46101,26.5177713374096,26.5918669319739,26.3855450569065,26.5010052062128,26.8384879982919,26.5231108439907,26.8898629634721,26.5051814533946,26.6882866461557,27.0426743898141,26.1823720854351,26.4333341660382,26.656307322016,26.901482318305,27.0274680345741,26.8813213876544,26.9146453230051,26.4157007453208,27.003241576366,26.6307290687661,26.9921618325996,26.8001120579848,26.8727487910565,26.8233757252291,26.4772939584679,26.9823873434292,26.4624222299448,26.6041700661896,26.5934659282977,26.8088260814845
P54921,27.3776500802354,27.556126016571,27.7347849086897,27.6166419026736,27.7433907491396,27.509671509314,27.5567909345262,27.7224286709525,27.9593573258201,27.8037610906387,27.5157701198051,27.5520965738971,27.8922517757702,28.1871303378484,27.5636763566723,27.8393527330107,27.6864360312346,27.7027154371886,27.8955021710543,27.9358908679527,27.6423877282126,27.7822341793473,27.5859970306254,27.2607195023815,27.9729409301499,27.8538938506331,27.4534218324519,27.7389802351046,27.6202928750253,27.8746687848748
Q00715,27.9661505911032,28.1800280827793,28.2068112571929,28.3995990528766,28.6447101878868,28.0417049604892,28.7506990668872,28.2256837401092,28.8535555993207,28.9269858270069,28.1184131738022,28.2135590173106,28.5895713609045,28.5216561868499,28.18190099478,28.4450925873013,28.6776816064752,28.8421758628046,28.5022320979875,29.1727073497269,28.5918768186782,28.7191944862038,28.9193494922141,29.362974615313,28.8243840353571,28.7946107006704,28.1777854285679,28.9652900218708,28.4076189585086,28.7531375105091
Q6DGG0,26.1620647813965,26.2453231816668,26.1004131208338,26.1836209719342,26.2190907075297,25.5433376114493,26.3117632307498,26.253117286216,26.3374759659461,26.1819147718659,26.3978011944805,26.0989006392572,26.6209030506508,26.371371514205,26.0554792634855,26.5341948790177,26.4674919278628,25.988470482571,26.3623885385396,26.5950085737508,26.5018505400639,26.578753859431,26.3521064044499,26.2864826046112,26.2230671568007,26.2941205775299,26.2710916595726,26.4718319068317,26.2615785983604,26.127917458803
Q01062,27.1535094263109,27.2649936276969,27.3874589996154,27.2584851874498,27.5541870365678,27.1276374421644,27.6137982684279,27.3363413606386,27.5500062115768,27.7009153773357,27.7028414240387,27.3974844858042,27.4296583750224,27.4691117227676,27.2777295835504,27.5094278166974,27.4935180524006,27.487910732026,27.3593088183045,27.8240845164064,27.9186817990378,27.4784994970643,27.5589705040241,27.9246630798856,27.5131616899115,27.322011721108,27.347329762801,27.7922418524571,27.6093788599533,27.3583467158866
P10888,29.7776684807514,29.5091652396459,29.4283296225084,29.5827413906617,29.7050038504275,29.7172905227471,29.7866318798932,29.8263288674007,29.6890122657583,29.7747129572957,30.0791016613586,29.7476438043004,29.7240709904023,29.9230318169657,29.7240151314551,29.829173633627,29.7349883962237,29.7406282276273,29.8331659413208,29.4641247220148,29.7503612047196,29.9448429647499,29.8105303448222,29.6341062738644,29.7918051879431,29.7739941165686,29.7187418063424,29.7564610711634,29.7333734820106,29.9555929382599
P14668,27.2905750268982,27.7081191371099,26.9872617124464,27.5270984615286,27.525722253057,27.4885062187397,27.472246157638,27.5438963066834,27.5279427862926,27.291066278704,27.6423493473758,27.5767365438588,27.5654419923211,27.519587313957,27.3287989484646,27.5676152420248,27.5230245783898,27.6917301045499,27.029403243708,27.9400504711358,27.5736391185822,27.3153581185272,27.7139281052309,27.4396254512655,27.3971343474788,27.5167936146015,27.3614212597868,27.4055635927571,27.4290535882585,27.4075683581812
P54708,29.1874477895009,28.9540133091559,29.0654804737478,28.8305231229938,28.7665999211793,29.2601412560557,28.7079543236865,29.0035999221366,28.6924913086891,28.6057748359556,29.0681061056525,28.995099950102,28.5981920624671,28.8495391562795,28.925392731125,28.6771221921991,28.6366400861424,28.6509233452022,28.7219103353971,28.4324881508339,28.5598521139647,28.493553872963,28.2827472554789,28.4985476521138,28.4240227801861,28.5026411517568,28.8356548944649,28.5996920293927,28.731768333003,28.3373829945723
A0A0G2K5L2,26.1618050557629,24.956096058195,27.0320023008212,24.1383250301303,24.7939738992194,25.1109913227633,24.7631704067493,24.3153335912689,25.2941172783535,24.8541596598343,25.2961411502745,24.8832968285603,24.905442742984,25.2766818285321,24.8916470715898,25.5291047116344,24.8764289714679,25.2842174596247,24.5935996783833,25.1360786675958,24.6509011739077,24.9380545059021,24.710813494872,24.3796515017201,25.1215618906893,25.6497554842715,23.7054626201747,25.2667955333994,24.845864325793,25.2562710409884
P14604,26.7215028692245,25.9370108180963,26.1735292393183,26.7495002183134,26.7741150465209,27.2121045567104,27.6626080810318,26.6810631862364,27.0864440143325,27.4144725224575,27.2939921211612,26.7827518874527,26.7005548500525,27.020346066067,27.2255355045306,27.305044987101,27.4307054966428,26.7073893394652,27.3334363462771,26.8508904476669,26.9420692785224,26.8565192193159,27.7232725101094,27.0128191399898,26.7965731606585,26.9198708863335,26.6423268663517,27.6697540881322,27.096303944339,27.276913481484
D3ZQD3,28.4974532373485,28.7400085834198,28.5905157184754,28.4784952595488,28.2579409478029,28.8322253161218,28.5405712133025,28.9565954731297,28.2916336323815,28.2884749961096,28.528760207906,28.7379346662435,28.2064995027771,28.3668589803275,28.5862435091526,28.430977061213,28.3432601768479,28.3273273838958,28.7139349591663,28.5767130152788,28.325193274375,28.5983636570292,28.4090028454504,28.5773812004275,28.4242148270205,28.2343410884057,28.7493159535573,28.3753058578745,28.3969935492181,28.3727198171698
Q5RKI0,27.7051126747935,27.1674525198461,27.3397221292617,27.3725891144645,28.0716503436955,26.6473046737293,27.4268770109468,26.6913819061044,27.5626625840753,27.6580590568061,27.2127203200264,26.7948807593202,27.6147157250939,27.9085183630796,26.8552678784412,27.4756569450477,27.5217011186085,27.6061299343193,27.4562304727328,27.2407917147093,27.5700796556974,27.4179129523311,27.5382484041456,27.5224173268085,28.1426348851985,27.9535766900499,26.4124684932288,27.6487292588525,27.1469890811306,27.3808413039752
P18596,28.9469848221148,28.7912064674813,29.1283673995642,28.6529865151779,28.4469532115804,28.7561228983688,28.3794601554617,28.6675388319499,28.3507746684033,28.3972805032784,28.7241831947324,28.7649802171122,28.4436534844314,28.4003889263036,28.5382385015531,28.5447569682924,28.5319487959981,28.5660779457518,28.5299393699167,28.5898065917332,28.5242875422595,28.4522526503704,28.7238342631367,28.4342927723702,28.6187238291807,28.4001213695006,28.6892074145914,28.3898432746466,28.6834703150539,28.4266208621261
Q63965,27.602026264865,27.3352256354762,27.3701588829249,27.188030543486,26.0920690643324,27.8953962257802,26.5053608555168,27.9340364764165,26.5526748977855,26.3347990758953,29.01047087173,27.8940368093994,26.1166650284074,26.2825354880022,27.6073582766198,26.5102451214795,26.6079400839672,26.4814369455306,26.2821990991686,26.2063855819432,26.1142616330901,25.9245617087377,25.7735766080307,27.295619837481,26.1399759464218,25.9110068001784,27.7888273541019,26.4314478021921,26.8601243452479,26.3155753356924
P09605,26.6794150536686,26.6414893670799,26.6923033583391,26.6095315597489,26.6163423200948,25.1572396172151,27.006634297741,25.6592547087631,26.1877320118911,26.4581099295534,26.2715740405358,25.7587348918577,26.5069478494825,26.371122827918,26.7908633286667,26.8010624934163,26.6803488390212,26.7084397547572,26.3274901342731,26.7613058786772,27.3014484485593,26.5873255641038,27.489458476247,27.2284023691207,25.873838053735,26.6154285176829,26.4079279843511,26.1668119123,26.757349611646,26.5116609996394
P11240,26.4455882763274,26.8362121369108,25.8120981147763,26.6080259948569,27.0549836729101,26.5427847833157,28.0454541492125,27.0502947805036,27.128740341506,27.3471961593953,27.0597753430589,26.7704473463336,27.222956926267,27.4355303281137,27.1122178582083,27.4052199323114,26.8785438568629,27.1473471763533,27.2893784345874,26.6104685922738,27.5058301125182,27.4163458239112,27.7208716440273,27.2833211834853,27.4988681995303,27.3572084351337,26.9624275239798,27.2398989308082,26.809355392542,27.2621825964736
Q63633,27.9408560172512,27.8011949228674,27.8516273485936,27.6869040937024,27.847041812396,27.8005591007294,27.9861865734518,27.6916080620538,27.7564391779439,27.8940136098792,27.9395846706239,27.8501051525688,27.7618635765645,27.5685556327241,27.6954865628987,27.6248776070081,27.7173094450985,27.7477508527348,27.5908789921146,27.6032598583191,27.5537129516929,27.8907528922289,27.8093440028188,27.7684708407556,27.8511091224532,27.7667042159483,27.9144153893766,27.7621645316265,27.7678238069114,27.6770602871086
P13668,28.0176606960741,28.3003753348822,28.2422772911931,28.4348662539522,28.0005977894525,28.459081592892,28.0627381636806,28.3517541500063,28.1884043668618,28.0017166475774,27.9968317685258,28.2478169203275,28.2759738070448,27.9784948953202,27.9969938840531,27.8711736092107,28.2503709257043,28.2391186282543,28.1086301793198,28.887693991083,27.9556752603976,28.0825797870582,28.0023917846709,28.1687396123382,28.2756093026458,28.1140136904853,28.1206366562653,28.2715687524645,28.0530948196529,28.0382853692566
Q63081,28.7734486555459,28.2769968809694,28.332021185317,28.2809818381078,26.5273670034906,29.3704199298708,27.4592495104031,28.742689524688,26.9807132422981,26.5263186346522,29.4477415958393,28.4882191488777,26.8414614125102,26.3797972830628,28.5358642805653,26.9828563389209,27.6935487443112,27.1143640233533,26.5277010343465,27.4187266575753,26.7667556038812,26.6257814270288,26.9624547135462,28.1566881609504,26.4526942635596,26.6581781121121,28.4968169878896,27.2558991386968,28.0091973694304,26.6547231625855
Q68FS4,28.5066183549241,28.0107424924001,28.4468577901433,28.4558759473054,28.867425091489,28.573769063023,28.890324382307,28.3353444366631,28.7042098065211,28.8191053157609,28.9330440864255,28.6343759886385,28.8625741296382,28.8631226767851,28.480607822183,28.6430228275908,29.016221456821,28.8649050694407,28.0232920139704,28.9772153796893,28.228371770186,28.5240613958915,28.4830827272686,28.3776345861859,28.8820981023348,28.6152303941866,28.2281115354911,28.8636176093215,28.2389118159775,28.7396930860905
Q6IMY8,27.9817054352548,27.5663620825639,27.440927390817,28.1808689210322,27.739259809573,28.040071395148,27.7667429650182,27.6603194364904,27.9232823232556,27.7603881122552,27.5250642413509,27.7974512879172,27.3526499459696,27.9520199046014,28.019547163276,28.1201261853104,27.5439306040262,27.7942140515407,28.0747208390278,27.6971767724313,28.1792588021707,27.7342054993683,27.9287294762304,28.3599405170488,27.762888942255,27.7110339268755,27.5464402532551,27.8976216819667,27.6418638098303,28.2029341934412
P21571,26.4312923487156,26.5759934676278,26.3017136566479,26.3940644358376,26.4807048210966,26.4297728307846,26.7309066339743,26.5587434807536,26.5783157491455,26.6467947269358,26.3234267335346,26.3131044079247,26.5151119571159,26.6125426709776,26.2260730786074,26.5526271321106,26.3653198420088,26.4023968729726,26.5151137060994,26.0620787435345,26.5104864700873,26.5410837794213,26.4443241691718,26.427141186174,26.5568198539974,26.4942797719043,26.4624910105465,26.5370209989307,26.332478231381,26.4522863732548
Q2TA68,28.042676500841,27.5800219528837,28.2396979756333,27.7147199869506,27.7524714125058,27.5639573807538,27.9533357712928,27.5818152715922,27.9108019649997,27.9013189949426,27.9685119955898,27.8880333170548,28.0842871132617,27.9017584713692,27.8505142426902,27.7027964964358,28.0356520115818,28.0432074728175,27.8597204719547,27.8926674298011,28.1094118172953,27.9645916784497,28.1715771351055,27.8103745821235,27.6379535313226,27.9895255127155,27.9427909555844,28.2183632076105,28.0092270135631,28.143623924314
Q91Y81,26.9820373246885,27.8716130592343,27.0013341526983,27.4131538320243,27.3795826296341,27.5834174506205,27.5796680697441,27.468700946288,27.2567786003063,27.1882475074501,27.6297381175647,27.3981739744026,27.2529884957941,27.2366353765622,27.2154255673035,27.320200423833,28.1708014864153,28.2634021587331,27.8752820924584,28.0822711413859,28.4144476189202,28.1390362168238,28.7184467301131,28.0837198455976,28.1530933676351,27.8601372917368,27.6946858302875,28.3252922050441,27.6731160442017,27.7717584970772
P08010,25.9616133422771,25.8430041949863,26.9221971883061,26.6542585321672,26.8627674902441,25.5979947146469,25.3407565438236,25.5287128792597,26.4885455203993,26.8895689862323,25.6553870560758,25.8630416343816,27.0677240605419,27.1517311771979,26.05628628748,26.8012414625658,26.5731092145294,26.4886901541621,26.9128993018314,25.8069664986298,26.5206035583384,26.749694117885,27.0039540037538,26.2431835752101,26.5110850113196,26.5993767770584,25.3155255077339,27.1012653461931,26.3503205707503,26.7453294161601
P50475,27.5957736976788,27.7144510114379,27.221480824298,27.5550680061274,27.6525094379915,27.681184043828,27.8134258998596,27.394957376313,27.5830963512926,27.2761824465885,26.9831160620365,27.4220904512136,27.4333434092371,27.0134846181187,27.4111265572802,27.2977120859303,27.104043110601,27.4173231148449,27.2322608916458,27.6887755925016,27.6362989052476,27.2879081533142,27.4499644613698,27.4380857354162,27.1693081008537,27.287894705487,27.2923235081809,27.3267235769173,27.3691630546898,27.202981754678
P12368,26.2541802903658,25.8785477635285,25.7673495791852,26.0005671418458,26.6476108958991,25.4003668746425,25.9739386634137,26.0035164121918,26.4195185086184,26.4245485298511,26.0407771440998,25.7264810057445,26.5703201639143,26.2370715363084,25.4097548330167,26.6915650077661,26.3564768715558,26.4828484808595,26.3892529282219,26.2903081031235,26.4718290997381,26.5329856512355,26.7698230078053,25.8073286864805,27.441640477278,26.4691063313059,25.9584234834199,26.4858564892596,26.0171713438548,27.7697365699013
Q8VHV7,24.5943641462354,24.1691664419486,25.0412233221391,24.2301809924864,25.0944229215724,24.1444207581915,24.2160723829115,24.3425768077469,23.3844884541729,24.3090839937278,23.8565166147551,24.5917799575684,24.1181654732354,23.6866565456601,24.9912141975835,24.3228667874657,24.2362459662404,24.5630795525019,24.7504556478672,23.9364326292132,24.7766848009985,23.3263231597621,24.6034037721436,24.5354407567158,23.8304555140973,24.0890830932114,24.7598955616674,24.2012559505247,24.7754657615325,23.6697670469076
Q8K586,27.0921127258223,26.8633238176955,27.2479158785658,27.0250428750186,26.7622978016718,27.1745598484905,26.8489065657917,26.9255566634611,27.0046441836113,26.7524840508756,26.9925685471313,27.015113035471,27.1885379426206,26.9671319535375,27.0389382646242,26.8972675637906,26.8430639856932,27.1162875900884,26.648071721153,26.6288659276907,26.7899424845125,26.7865831208173,26.7981564600043,26.8680672154955,26.9513212155947,26.8457936630866,26.9320959160816,26.7843336054987,26.881174149833,26.8974083626972
B2GV06,28.0799329176885,28.0396987284637,27.8399360697079,27.4228650578765,27.2277007579511,27.487138222686,27.6878709228294,27.9448722761913,27.3961939033529,27.3441093047613,28.4682038282342,27.8007602279681,27.5351572686671,27.1591313038066,28.0354468130964,27.4154996946747,27.5516700837722,27.3542634299999,27.1355925529201,27.5916560850868,27.5363551680246,27.2543344975837,27.1303987525169,27.9268769474294,27.1091756405946,27.0523261469836,28.2452842577728,27.0415706031051,27.8446186206588,27.2006533790691
Q66HD0,28.6427303453714,28.7550788868042,28.5567695310708,29.2853931926173,28.9923995059571,28.7469142186113,30.311628480552,28.8965628912699,29.1803000378434,29.2169058504677,29.1307491301573,28.7909449921247,29.1230109455395,29.026690414649,29.2926523287016,29.2421917684129,29.5854302563691,29.2671236069819,29.0337570195788,29.353435258016,29.873531865847,29.3937177411779,29.7846722521765,29.6722519764721,28.9095739866765,28.9911534790965,29.2595758862019,29.5099041070294,29.2414445384112,29.3723046209057
Q6AY84,25.7452463394069,25.2989032144937,25.4406843775439,25.9031837973331,25.702393884949,24.9814560227662,26.4544677216255,25.2438651920568,26.1203649161739,25.6852999616795,25.5476050283783,25.4956603627877,26.2088234612229,25.9611393844419,26.12326193161,26.0889652898304,25.5043766808295,25.9697558075776,25.8713788776287,25.8413715925933,26.3292172527862,26.6675932946977,25.8237545130941,25.6985206844371,25.8146326205174,26.108260488706,25.4285211019085,26.0869076044829,26.0390867429305,26.249806547613
P35281,25.3688316741146,25.4476167257355,26.074264608432,25.7908856549998,25.9868279223503,25.5480110767062,25.8939340693906,25.5316290414336,26.0484373590487,26.0590865588368,25.4360077040586,25.6466643964408,25.6663986924008,26.0468957665264,25.9667956913678,25.5170812263589,25.050625819814,25.667957780736,25.7414942498535,25.9317771970672,25.2954464966376,25.2841937960479,25.7302987868154,25.7348368279176,25.9173756486295,25.6346413284486,25.6645189505214,25.7965861063354,25.5788552225243,25.6455429737125
P63142,24.0091388398947,23.7953623112304,25.2963257506491,25.1942347850297,25.2789068155565,24.7819978015903,25.3828397800545,24.5862175726641,25.0370914793065,25.0047655470445,23.4320555865959,24.6392387582686,25.3878269873167,24.7189666547563,24.7028707708682,25.1120926796756,25.0442290275251,25.1675918807162,24.3006177349682,25.2092178481779,25.0301389175989,24.6790927902558,25.1512444948218,25.1266005186434,25.1617828471411,25.2862686753337,24.4243789915401,25.0545816513154,24.0602344750033,25.344998399872
Q4FZY0,28.0308828011429,27.9826321371892,27.6338275742445,27.7090942199704,27.5937658156314,28.1486144457545,28.4712432075613,28.1597599214595,27.8738903869342,27.6963473525301,28.4355768559917,28.0910138312331,27.7109369058345,27.727004238498,28.0424964025732,27.5866734884181,27.8033998336261,27.5338742147388,27.8132125344399,27.9550084851259,27.7440814928066,27.6267060057075,27.9893839535963,28.1433156195256,27.8162708856353,27.555141033718,27.9100071258803,27.8062486996011,27.98714301226,27.5464642386033
P27605,26.7133719887248,26.2797991568001,26.7518188692033,26.3742238168515,26.9155942411224,26.3811115796656,27.0034057605729,25.9989209669031,26.8710977842698,26.9628440108927,26.604576195602,26.6555680190136,26.9371951051954,26.8957996500718,26.9530356309594,26.8828598704994,26.9295599556142,26.7625432211055,26.8857247165081,26.6671075549847,26.9270059695578,26.9517607002169,26.8782148326792,26.6489666558078,26.607144185115,26.9378513392024,26.3903201511259,26.6233832993193,26.7333140794788,26.9112101833205
Q01066,27.3137607215986,27.8626379090987,27.8629213531824,27.4564407166808,27.1533603434755,27.9607913295858,26.8901070688885,27.8727651896523,27.4415521115583,26.4074401437952,28.0768459060745,27.6597537738322,27.370850449421,27.5005520115553,26.4968483338012,27.4340501710836,27.2798829901802,27.4173138973348,26.2866433709178,29.6762050262191,27.2551264620608,27.4943804636462,30.1847012849046,26.9656221016832,29.4145419685708,27.4497978001361,28.1338164603128,27.4738251122673,28.2327464279409,29.5242604244075
Q9Z214,26.2832312772026,26.9985073514823,29.1885030305835,27.1981219961656,26.9677087951559,27.3672210091006,27.0558681455007,27.0703932728322,26.9260230328175,27.2173237501744,27.0477620007527,26.86929144144,26.7874308224776,26.7114681140004,26.637108729415,26.8610876360473,26.8123627916795,27.2951635465884,26.6262965350777,27.1441089137298,26.8966788755711,26.8109285049323,27.1116457028281,26.8868816868905,27.2923800766415,26.7694875984823,27.0588313201087,27.3167008227653,26.92243320317,27.5483964745661
P02650,27.9214067967688,28.42022287918,27.575434666459,27.9357372790832,27.7600931403223,28.6052654916857,28.7251616090258,29.0614511999494,27.9862829550343,28.7200466618354,29.4502539374239,28.478020543662,28.2633835010895,28.2805657268232,28.6934061738018,28.4674754257049,28.4710312683089,28.1502101099629,28.3720136112355,28.5397737182868,28.3036141987531,28.8039316294859,28.9499284473048,28.3571819861822,28.347396999912,28.0888638228565,28.7029952619912,28.7383763144596,28.3222081173388,28.3448986452542
P26284,28.5379356415712,28.7916680524409,28.6532638480838,28.7643710471576,28.8807694996449,28.8094742984395,28.743471201755,28.7010940594414,28.7618950334849,28.6900100066673,28.2773927787305,28.6334856396688,28.2965603478177,28.793967323615,28.5868560271466,28.6093457184049,28.2174376136968,28.4469272137464,28.8722452754339,28.6086305952352,28.4296108846169,28.6550482522492,28.5514153237082,28.6358541608297,28.6112081957373,28.6908839469744,28.4400957727354,28.4374664244661,28.6221606058648,28.6214277287426
P02401,28.1697053922427,26.9342871911001,27.991990147186,26.5931792963505,26.2027850434059,24.1066515849516,26.5471489399471,26.667676766519,26.1283811897499,24.8823329642734,26.4715644449837,26.4172520268817,26.3148471043988,26.1872135364637,23.9716546120067,26.1226244087418,26.6766144253799,26.4586743087199,24.8598354059195,26.6955235162759,26.1103751174829,26.1822305470477,26.4984390146481,26.5003450721255,26.1544878995604,25.9495932302293,26.4280485535332,26.3972969483785,25.9486259076604,26.0794949685234
P63322,24.8148079449498,24.803058284843,24.6329829630882,24.9564440325401,25.0923308675102,23.7422831021899,25.0607838342458,24.3461252757104,24.8801905250278,24.9225448956811,24.405119260329,24.2406640802721,25.0433102541061,24.7976798527049,24.5136999699787,24.8954529201945,24.9117709702812,24.8636565244346,24.7551862301005,25.4052629970183,25.0499336304624,25.0519405627769,25.2334024194574,24.5447308400214,24.6058682832631,24.9602889361877,24.4072074002535,25.0750186879616,24.5337261667715,24.7005680810073
P97697,28.5580096547327,28.9719674495308,28.5346938775803,28.9346017501476,28.7192984571886,28.847149631457,29.1827936756254,28.959346069777,28.5885705152308,28.4456367829314,28.4503804542194,28.6634339746448,28.5850863039177,28.4595727483973,28.738616826284,28.6357748237383,28.7162694181061,28.54683155937,28.7833147545396,28.7870635577774,28.8774541506877,28.7032968665039,28.6647605989997,28.8326561583637,28.529421392908,28.5351835162596,28.6397079586583,28.5658684262877,28.7368129194328,28.7122645895827
Q920Q0,28.8774117094825,29.1929011674263,28.8321879852589,28.9176193830391,28.5233985642801,28.6092989224669,29.1339327825043,28.8944273168661,28.2579579202,28.7194895059279,28.9758132192368,28.6158108556945,28.6367220933941,28.2642824003171,29.6409718167334,28.9467215599719,28.7679349990382,28.6663601293565,28.8059984211417,28.4829010089684,29.1586181136137,28.9193847411779,29.2087866388272,29.3967768606218,28.050835893018,29.0363881284256,29.0976104008534,28.4992296137392,29.0483975016647,28.6727718846694
P50408,28.5165400662273,27.6198430484516,28.10824817325,27.5844732780679,27.5989246452038,28.1028268879022,27.6664612334737,27.762285446251,27.8552945688643,28.1563466490327,28.8455160401914,28.2243308671418,27.8537093468014,28.0456256059378,28.1740218510828,28.0896774564716,27.997750546273,28.0414602266854,27.8534878065585,27.4586418406668,28.0403200500249,28.0322386048566,27.8983840790637,27.7716060085461,27.7566038207397,27.6172616811471,28.1465969448177,27.9165389381393,27.8507680904144,27.947844435614
P52481,27.9493891699158,27.7310614009601,27.4663680769703,27.0578197280414,26.7374429544296,28.0739759277738,25.7955738702945,27.8392094592093,26.6650742896147,26.8057609560848,27.0984676252143,27.6002569771211,26.6630390756709,26.8320745761693,27.1130114134059,26.6420573195403,26.5580029583251,26.9182931446498,26.0845197979683,26.9891236012705,26.2177998177549,26.7606459860379,26.510382924703,27.0262674226982,26.6661437695828,26.4166796282728,27.6409501613935,26.4723073429601,27.1157758336163,26.6609817803011
P05696,28.4316931618529,28.3865109380416,28.0492748795429,28.3171973228997,28.6152075196747,28.0374990956212,27.3291825397969,27.9243552677686,28.0320051539348,27.6959288538504,27.6122946963709,27.9957079543169,27.8792061950631,28.0835207835564,28.1943991222224,27.7500005186142,27.6657010239246,27.8881085926924,28.2608850501138,27.9065263795547,27.7596852606822,27.8182009395912,27.5534000238412,27.7102137760294,27.667175460588,27.9694882937928,27.7361644872452,27.6092417987734,27.951242931038,27.5057623724256
O35509,27.2072703723413,27.2879417097774,26.978746358647,27.2208554824069,27.4635166997638,27.8532888761954,27.43842585221,27.5138893775566,27.5356084614527,27.4805139822425,27.3112020902051,27.5344793146366,27.4369058805402,27.459299223815,27.2148618785114,27.3771431681022,27.3365402457143,27.3071693455812,27.3579572918162,27.1137188768328,27.3921608859268,27.4784752605259,27.2458400311872,27.1906803633475,27.5397063731028,27.509386829706,27.406433180633,27.6428776633403,27.2926417541984,27.3809393358783
Q63357,28.9443428307579,28.8974679803972,28.9204744079358,28.8717543697383,29.0426860723315,28.7435183293494,28.6879257016211,28.7537685888298,28.8172983980245,28.6963405518932,28.6061714238108,28.7663927544791,28.747468405394,28.6642968567123,28.9156476853547,28.6281824820616,28.7361190785985,28.7800234280518,28.8083768284973,28.7528715083331,28.660182046079,28.737037759528,28.6208128674692,28.7762703268273,28.6060544775416,28.7758918937403,28.678279379597,28.5750909889856,28.8621993711239,28.6758736593503
P08932,22.540176040073,22.4505054411343,21.9683173413213,22.0132174805577,21.9651937901195,22.9998285347331,23.7895568275159,23.2423275897046,22.8746581624639,23.2392741545618,23.4601164840784,23.4400766389487,22.9308054765949,22.9001862014052,23.4806223016881,22.8153322332646,22.9800102288476,22.5455145671972,24.6370058028989,23.0218878783608,24.3412455225206,23.1220804700862,24.2901613319962,24.4916335895204,23.0203572713408,23.0907273249588,23.7486582367229,23.4843457427795,23.4315710321978,23.6124845476926
Q1WIM2,27.7899298779822,27.6258065458246,27.692759414366,27.3481066507411,27.1661690567842,27.7474250907281,26.8057128215,27.3823066097726,27.1159092540856,26.9536169536661,26.9222403959771,27.3490480995152,26.900643816609,27.1654186322794,26.9472850340593,27.141076229741,27.0858189160625,27.2219652496258,27.1523484687341,26.959994286349,27.0541618654645,27.0111252501983,26.9106158505845,27.2792327695529,27.2521455625463,27.0224450125606,27.1773596199376,27.204076813101,27.2138442117635,26.9010717187122
P39052,29.4073612541101,28.5839458414061,29.5026367360559,28.5727992600275,27.9350752191811,28.5275917916206,27.7151100365355,28.3076090174189,27.6963968754945,27.6955963087533,28.4454938825981,28.5868656229818,27.757577436339,27.8178360351866,28.1301880297596,27.8821892741124,27.8984588302531,27.9526807701692,27.8469765943706,27.9691098936073,27.7985376643071,27.5910717084553,27.456673945111,28.1197273513381,27.4596491964962,27.7647699604969,28.7092099292791,27.7137571374059,28.4474459608415,27.8532116836293
Q64119,26.2359346614365,25.0835516855899,26.5264101452448,24.9410330694097,25.3197098326206,24.9297715779201,25.5697991110101,25.3440135844528,25.985864667537,25.4632481690838,24.7758557281862,24.9628866306763,25.5801865574031,26.1796854141242,25.3071989947948,25.6910508619191,25.5926669331558,25.451539984543,25.3772466524359,25.6389874836636,25.8067741676473,25.4041184129039,25.6309584980881,24.7668888208646,25.4394085849299,25.9748541247878,24.765456658349,25.5072314726141,24.9654913614455,25.8664233343586
P51650,27.755226007629,28.0864368274027,27.8531915382279,27.7507128281941,27.8582495113235,28.2387372255717,27.8604189930067,27.9405942374936,27.7475314878379,27.9716667148957,28.1750308166855,27.7700438464825,27.8751700377287,28.0240251297471,28.3330767543844,28.1400258199471,28.099505776558,28.0733741861197,28.143204077018,28.1134816051295,28.237725958466,28.2141732377642,28.2116847588736,28.25747165827,27.9697772034597,28.2373431371112,27.7568376116181,28.1022308622504,28.1733634512085,27.615633801438
P55161,28.9688613785862,29.0692425677022,29.216760515141,29.3603651078777,29.279160362902,29.1059361669182,29.1573801850666,29.1449942099379,28.9547170698132,29.1735544703703,29.2660095525997,29.1522414800416,28.8678827389665,28.8217556965464,28.9224989253772,28.8556861786255,28.8916650984438,28.8785105893875,28.8682847934527,28.8956055440648,28.795316122497,28.9155120873003,28.7484762859654,28.7884661192677,28.7783852660154,28.9650211836591,29.1551446658567,29.0338502967365,29.0074244801368,29.0005371309719
Q5PPJ9,26.3809394219543,27.0081922734839,26.5137865280756,27.2080205091682,27.6148248553937,27.210992870857,28.1152923333993,27.2101038650983,28.0237947728142,27.9534001911421,27.855808710971,27.3574015005433,28.0107965632189,27.4537191581348,27.6153786343954,27.8999281288606,27.8930002838259,27.8208543511729,27.2971790175069,27.8588190178137,27.8808639996492,27.6015795900724,27.7346214464196,27.4310024964349,28.097139316164,27.4890404890257,26.9243574145141,27.7758546995908,27.132128088537,27.7747906236371
Q9ERB4,30.1064241801608,30.628030038921,30.3003853194004,30.8264748283263,29.8627331638235,30.0767162073773,31.1577843667722,30.3436777226512,30.1201845098996,29.5797723541172,30.3366578433315,30.2128430855101,30.1792679931405,29.8144427852957,30.0348431582694,29.9381765593603,30.6601725265029,30.355182388731,29.6991273844267,30.6366106968845,30.8395331422309,29.857385783949,30.7557824716862,30.8488504577006,30.1974199167406,30.1196625818735,30.9106854823222,30.3774296422336,30.7388757997561,30.1063354766916
Q75Q39,28.3877917723329,27.7715953916081,28.3392162163064,27.6169189392303,27.4721606385525,28.0627589455121,27.2568685300925,27.8665279243156,27.6266061994187,27.7905387055575,28.0625296387392,27.9728530902541,27.67086567544,27.8550763660747,27.7090946099252,27.835359076828,27.4273441489898,27.7476508640729,27.3143917395081,27.7820434327785,27.2908203868216,27.7656424353478,27.7776343425757,27.6199634474773,27.7112919063419,27.3910436627257,27.9340574851932,27.546341999079,27.7414194400205,27.8252351787247
P35280,26.5671021469421,25.9995632530262,26.1568205088545,25.7039925860072,25.5196807652955,25.3467560524476,25.6747080360941,25.6790933019869,25.3620341415684,25.3702232924371,26.1539879381004,25.5806120319823,25.5351479934879,25.5764794210841,24.9403733784345,25.3509789436315,25.7399584603118,25.6895555617566,25.4038615687076,26.0249473257393,25.4786123203795,25.697594560434,25.7566510816515,25.705184653388,25.4682613512771,25.3822073461406,25.6652625716921,25.7678622375907,25.665508745903,25.4923487419857
A0A096MJN4,27.2183481445322,29.4259400038037,26.920856802172,26.7981161808265,26.610510953149,26.612286499782,26.9062924696849,27.8355367529357,26.7246444379144,26.8960973473,28.8341203934388,26.8727957009833,27.3858031553168,26.9705889376782,27.8395844872853,27.2880891796672,26.6603405585329,26.879892094092,27.1987484015123,27.8472543109962,26.6169495003258,27.4001001813209,26.6977301490392,26.8838002809358,26.2971157033318,27.0094251030098,28.9875849421256,27.6141378961341,28.647633483225,26.9404487526172
Q5M7A7,26.8226119836853,26.3484010331703,26.8125474925778,26.5621343714423,26.6154690768281,25.8881531943077,25.1474158436936,26.0866246539946,26.5119828667049,26.3214497607946,25.9783043321184,26.1763429642808,26.3947843252273,26.2698586174649,25.3724047578707,25.9682357950431,26.1693759554618,26.3754087109189,25.9151442025055,26.177107554557,25.8353611702501,26.2213442547663,25.873532324675,25.5638731120036,26.1096465872565,26.3605771363063,26.2405829322786,26.2067004048967,26.1310771904551,26.2314810307301
P35565,27.7237855402782,28.249485432383,27.6847139605484,27.861757627759,27.8292207337883,27.92365926586,28.597438869484,28.4167312453884,27.8408378123102,27.7548267853169,28.4184923742717,27.7994739674723,27.8547147222289,27.7300053734489,28.156947034185,27.810779074776,27.8031827336366,27.6879367489301,27.8836386145133,28.2932015441144,27.9841677738165,28.1457159792375,28.1553561649774,28.0510147108257,27.7550287997081,27.6490693237429,28.1264224950316,28.1131875206611,27.8535629952171,27.9093688046597
Q08877,27.5793025190224,27.5164147891716,27.6924686849443,27.7803026016554,27.7366314245357,26.8256794233293,27.3380429427844,26.5790126978349,27.073595775133,27.4400541397961,27.1352398785956,26.9566641044902,27.6309146533312,27.8548644675636,27.3428234172456,27.8664508169854,27.5935463197099,27.8411887082871,27.006684886006,27.59364511956,28.0960917230352,27.5941762827,27.811532098706,27.7451338594676,27.4441033423133,27.8295964753218,27.4900513801908,27.4685052416153,27.7227742559694,27.6303917705085
Q01205,28.8893647543143,28.0961082610194,28.5014064113459,28.7274037819175,29.2517160561172,28.1698596154941,28.3643113605493,27.8599176810669,28.9177689101854,29.0399552114494,27.8579599998782,28.4074897625512,28.867111219395,28.8199163043906,28.4219363366427,28.9381617650278,28.6974290281495,28.9178230823682,28.4796082287083,28.1729593082817,28.4763242254458,28.6754511152074,28.3453693298244,28.0417508125203,28.5985206933036,28.8116263125526,27.8948205549757,28.3470745164424,28.2508245702858,28.8978346307277
F1LU71,28.3749732492245,28.5109887680124,28.0772619818326,28.2288780741318,28.5811042770802,29.0003121264445,28.894156023036,28.7771247825599,28.8377693882831,28.7530902769906,29.2680086803825,28.6788711339535,28.8028733075678,28.8331607917021,28.7642639019053,28.8736215494225,28.9811258463808,28.8164409534775,28.6739597185859,28.1056182137463,28.7495374530644,28.9810153490938,28.775242735243,28.868063021298,28.6993845891225,28.7402365001753,28.6010442481682,28.8032850872737,28.5385539339011,28.8467240690969
Q8VII6,29.5483195489105,29.3433634258561,29.3747047219873,29.5170570970031,29.2378114796945,29.8915154870965,29.9862844665126,29.9960238256213,29.8682755088797,29.6408741635969,30.8988784987314,30.0315092834363,29.8828090804917,29.1377500152035,30.1139047530246,29.6235854347901,30.0395040399649,29.8421688027162,29.2784714847327,29.7661619215854,29.7304837801135,29.7278318827432,29.9662474236227,29.9671097168261,29.9225642402243,29.2863375175164,30.0437108120692,29.8048148661764,29.6650558756798,29.593294335853
P30427,32.1341097670805,32.0439092619169,32.1123475635726,32.0052090457057,31.6777742755438,32.2518472110877,31.7610140917236,32.0260412830504,31.7509615837791,31.7463865762829,31.8395441751592,32.0468002456684,31.8458933265173,31.7824917451613,31.8954328958377,31.8251280650946,31.8872726680254,31.8407576397398,31.8507889656647,32.0244613878416,31.4737838310945,31.6793506902146,31.6483142553942,31.7247842772335,31.8591265117611,31.634857295627,31.8493666070742,31.9227890287591,31.6990040587355,31.7652880853725
Q9QYU4,26.1574927136473,25.6782858568186,24.0917868018193,24.8025863059573,25.2300988744868,24.8615223406881,25.5837912717748,25.2222206391969,25.0134458111592,26.2895710237822,24.7700558674532,25.8895226176718,26.3405340771843,25.6388814475116,24.6934983094837,24.848900378885,26.1628747215691,25.9120250197553,26.0833045073639,24.1095113154603,25.0945500367954,25.0026855865157,25.9667671005706,23.9360568954853,23.8435431399447,24.8465612965025,25.3876162963578,24.6404399567296,25.0761546419135,24.9996398084037
P27791,27.1888003912091,27.6917455219787,27.5388519204019,27.3683689679776,27.8758118803168,27.6907286290758,27.2252893223399,27.6396266498102,27.8350960202465,27.5607214250883,27.2536163328589,27.5964566350445,27.5976200354408,28.0354691140715,27.1301714696958,27.4918565172005,27.593703917308,27.5922258206364,27.5234975559569,28.0828992866636,27.3322876900141,27.729795004514,27.5094760827713,27.1414389040401,27.8990321044984,27.9371033034773,27.6584853929486,28.0221297171229,27.6054407665932,27.6825163428241
Q6RUV5,27.6406662586492,27.7458107720065,27.7753013401331,27.6815127537117,27.9054689202695,27.8963824832293,28.6055153730872,28.2748410895058,28.7631746074294,28.722105556355,28.8682050638914,28.345187294129,28.2904671670746,28.5071349146693,28.2634948158968,28.4070752640458,28.5456337053275,28.2459939316476,28.3650839577321,28.4435470066993,28.6338160154702,28.6162648953497,28.5123436883467,28.021988331534,28.7246416556325,28.0142619527766,28.2094079305078,28.7416444477546,27.8827582264881,28.2964768764079
Q63564,26.9485791888283,27.4205503332082,26.3138094127008,28.0585441873214,27.5692788918422,27.7334832284628,28.3877222423338,27.9203857668054,27.728300844266,27.4648125535857,27.6234089470201,27.6168882620447,27.8345696602138,27.8837209997709,27.9493578623708,27.8591921887132,27.8953487753055,27.7988743311666,27.5065976006311,27.9113985029452,28.1634346954726,27.8336820677633,28.4410903048194,27.9474098750127,27.8810799097773,27.5993799196444,27.7678416195781,27.7745839199945,27.7046382776106,28.0275890930194
Q63862,30.8629003995209,31.053455687014,30.6749871011062,30.5175829782635,29.9815492300946,30.5737330880036,31.1365630592281,31.109465600082,30.4306482172222,30.7752953509421,32.149954906382,30.8658206263685,30.4136063518588,30.3593658928564,31.3489895277145,30.8135747687014,30.8031446308496,30.6493351259564,30.6120520618475,30.3220982809175,31.0822833952722,30.5972513224544,31.021645945151,31.2988009015833,30.4360721250913,30.4120677522855,31.3673482517728,30.8422073319016,31.057461002626,30.7028150422308
P21913,29.4877526399896,28.8610562597665,29.1590406665856,29.0264541491879,29.2529030192042,28.8517315516429,28.9575831817803,28.834363609744,29.013529574568,28.9210227808933,29.1567581460972,28.9675378173656,29.2138277230442,29.3107222572251,28.8341385099395,29.1202228749198,29.2286310724618,29.3957644838236,29.1460737001837,28.7438032167542,29.2683055486903,29.2945785538289,29.4966947125792,28.8830323286553,29.298115810823,29.4392879330034,29.1407451981704,29.1143714828265,29.2132610040744,29.5785572067644
Q5XIT1,27.2540803203567,27.245363199806,27.3936007464339,27.7287602819906,27.452059453954,27.3136964053708,27.0296171398499,27.6573452814559,27.456044808799,26.2515152060667,27.2694888078976,27.3664285188453,27.165283810705,27.0095739328809,26.6285569830894,26.6203346175308,27.6387894501825,27.4756323722714,27.2533631106618,27.5956839185025,27.51167617787,27.349826714719,27.9155527550297,26.9090366052176,27.4237595001814,27.334353092583,27.471325594705,27.4719693274065,27.4409591686267,27.4094500779388
P35467,22.9919516123616,22.953182946811,23.3296437303352,23.4869436074145,23.8628436432813,23.2202503037881,24.1465021300744,22.9665216162293,23.7739821544941,23.6044899928767,23.1954152049088,23.2241781720317,23.7328739309406,23.5862179682087,23.7277885065805,23.6964648965703,23.5422881126099,23.4492696442852,23.6901649968665,24.0544594538573,23.9266191548719,23.8546599542898,23.7085548573547,23.8712074218579,23.6068738783845,23.7239166981684,23.0151136483683,23.3461819901216,23.6778766115025,23.6332170479518
P41565,28.626942872652,27.7219138696489,28.558923936861,27.7801896578111,28.0119390922695,27.8708959223267,27.7872980510024,27.3047274805042,27.7926578246975,27.8789563144786,27.7476420398735,27.7655595014493,27.7721189855725,27.9290172216938,27.5576473860927,27.7158060015753,27.7485890636363,27.718695990318,27.4494328197818,27.1947152121347,27.454773258083,27.3960646958206,27.3773259486139,27.4071851115588,27.5374889970114,27.6735333280963,27.6500306112483,27.4238024327611,27.4951472233463,27.8425473114189
P15384,25.011361991539,24.420870411804,25.3375683054707,24.1033450239077,24.6849078383563,23.9747782314628,22.9809280621703,24.2901759688667,23.8501053969732,24.0795913541491,23.7949044800601,23.6655977050676,22.8081411594772,23.9280104791621,24.0507502542811,23.413479320401,23.1584137410142,23.1217177923835,23.8600951180168,23.9944996202146,23.2753038007124,23.4230247541214,23.3922264529818,22.3225391477137,22.9484072266831,23.0539779262762,23.5082038120985,23.003525539922,24.1409442872127,23.5045198909647
Q05764,27.5376595192627,28.1358767248386,27.9160907450754,27.7280823561638,27.5226463031804,27.7110102303518,27.5346557936288,27.801787831404,27.5939033063339,27.177459811771,27.472138959679,27.7569937913255,27.6838241728215,27.9767696122075,27.2135500435119,27.4595180842045,27.9282115056506,27.9197682987513,27.9293748003011,28.1175926062552,27.7062044424755,27.7870925567802,27.7722402812679,27.7667787316112,27.9198121865023,27.8887430656094,28.1223898525708,27.7928112740104,27.7923682172234,27.6807785405901
Q9ESV6,25.7688156024553,25.3611033533771,25.6260993761425,25.587710590753,25.9501428857384,25.3887394314874,25.8144727905334,25.2537046860088,25.7232686463222,25.5131606965125,25.6955332157326,25.4925589526564,25.9526741343599,26.0755936264535,25.5688656000408,25.646507829231,25.8299613530017,25.9930704881718,25.7999013875992,26.141520760086,26.0507758106327,26.2065955281556,26.0963412494838,25.4052082742864,25.8561941647321,25.9408735293764,25.2153742143928,25.8904040641838,25.7094102762724,25.9927278733354
B2RYW9,26.508760522673,27.1605704907511,27.3905714720196,27.0589029962151,26.5046890849954,26.7927562699951,26.7994432454467,26.6914548157936,26.6230486659599,26.0349260643149,26.7117898812695,27.1436946310823,26.7907931028974,26.4078408566711,26.1341871656534,26.7034618925446,26.6166398242863,26.7465300256782,26.0673379315304,27.1180749235272,27.4262282467366,26.2031997856211,26.4959106290598,26.7892102560404,26.8958906693812,26.7085704459228,26.9142431331486,26.2957057498308,26.7560675929568,26.3204067991289
P15865,27.5402499107504,27.9373677337066,27.7789576370414,27.8422912728507,27.582248280654,27.9303450584155,27.5986138012553,27.8785602108956,27.9502837412591,27.8631020045408,27.6744086952928,27.7763789717014,27.698585040056,27.7537588437475,27.6528925376239,27.8099094236896,27.8371252247856,27.9011556629076,27.7771716258433,27.9500279663155,27.8427274506629,28.0525086103347,28.1057202653139,28.2113729325336,28.0161945918474,27.9312612549649,27.9904151383674,27.9070256398537,27.606500571783,27.9127046732402
Q8K4Y5,26.6350297132888,26.5872866452291,26.4001523359199,26.7520684550174,26.8687450994106,26.8558530066834,27.0658074678068,26.9273673370392,26.9085280535442,27.116231819476,27.2574022134216,26.8981031410628,26.9048399207333,27.1214889450127,27.0617916275965,26.9539712767744,26.944189591353,26.6959898700763,26.9955986341136,26.8054624530846,26.8703705341907,26.9452400302107,26.9202854931744,26.8642960706102,27.0657664607328,26.9583918829117,27.1355507858499,27.1397131703563,26.9548148882568,27.0179035146713
P20059,24.9633059031181,25.1926693374329,24.8335377507815,24.7716087722376,24.836756789941,24.7600786565652,24.618424230691,24.8429949473146,24.6899902753194,24.8130993844512,25.1389501255546,24.7719173643695,24.727666342612,24.8210929347135,24.8451792809601,24.6172637193226,25.0251527754026,24.8791540312577,25.6410285596806,25.0884513250028,25.5358377092681,25.1176503946808,25.5062555046028,25.1288312275359,24.9465737796776,24.8602601570667,25.1641030417088,24.8730344999202,25.090274565241,24.8264394276313
Q62634,26.8690816455212,27.1113973458268,27.2376334268273,27.1778540835189,27.515733743907,27.6326686132294,26.6391019759026,27.1564380098661,27.6440266614395,27.2390614771091,26.8924851484158,27.2888292086486,27.0526079070521,27.903878885057,26.9246192812093,27.1904364060453,27.2907008468989,27.3877266700015,27.0349583912921,27.2893594725039,26.5893159696903,27.3762577654015,27.1595989751248,26.9139087929321,27.4620707647818,27.6008220015523,27.2070267922983,27.7804548169759,27.2185135726502,27.3320869061549
P60892,27.3192440577189,26.6723642076116,27.1709589078385,26.8149812834517,26.7432494700601,26.2978391252401,26.1003397237627,26.1712399959561,26.5542600899346,26.9340268880439,26.8146555246822,26.6955264015411,26.8822076418786,26.5576875769309,26.6495637842266,26.7772363490332,26.8084343234044,26.92208278551,26.6923252735829,26.325208139608,26.7469086946275,26.4966227556426,26.5572094284592,26.5906876424788,26.221194127697,26.5449927956627,26.6848799027372,26.8331947281585,26.8481288462292,26.8591139780329
Q9QUH6,30.020537048389,29.7485007315057,30.1048457977753,29.6993058620798,29.9078997054578,29.3648778658986,30.1437859866044,29.7047292924936,28.869490383989,29.6597027375524,30.390528234446,29.7044253138924,29.9309877645235,29.0323893132675,29.1802574426003,29.4353647783258,30.4653269320074,29.6923675711515,28.9580628876154,29.8505392976358,29.4090439663703,29.6495585455531,29.591309793211,29.9737878150663,29.5783245472889,29.1665516548169,29.5712824242202,30.2468630514573,29.7490236525843,29.7334323458107
Q75Q41,27.2962931158625,26.5293959085439,27.3785457271002,26.1974541001293,26.1722650592288,26.4582930899343,25.8093602063426,26.1208541071256,26.3891634979529,25.7241244515829,26.4683945383919,26.4613287523552,26.3831429923233,26.7086780042331,26.2998415001115,26.4991754712371,26.5561251474853,26.5767356249045,26.6136942087767,25.8933126825527,26.3288620541968,26.7435867856963,26.5081405718552,26.3466828978438,26.2492610128547,26.4673602378727,26.500581973732,26.4108188501782,26.6495009898047,26.4885483021525
P16446,28.5125962253218,28.9873295629221,28.1120134812948,28.7228506357617,28.8709362864878,28.2676700903836,29.0576130296791,28.7094337733868,28.61775111842,28.6280617269867,28.6080536463686,28.4374871050827,29.3703903578248,28.8439336050507,28.4878892441982,28.8148092877325,30.1799611570776,30.0313531517885,29.955628793072,30.3581320756624,30.1681300882648,30.1543868087548,30.8681885094645,29.8311752420778,30.3589379490068,29.7708476563173,29.3296970918893,30.2316165210987,29.3848054677395,29.5916018562386
Q5XHZ0,26.6379839045523,26.4704045996754,27.0396080694382,27.3432219359091,27.516712784496,26.5983674496655,27.1807206518071,26.5137156390024,27.2194078704069,27.2668142093038,27.489189180511,26.6450503251196,27.8567124035922,27.1399997521539,27.0230473618717,27.2214060527308,28.3179586958404,28.2962603232638,28.1335177467428,28.1504385523184,28.2238066660614,28.2196374560063,28.6009968433158,27.7643360296205,28.1138105815469,28.1717915561365,27.5288755075373,28.303872200014,27.6716187862855,28.0204811568244
Q62951,29.8133957563259,28.5544347403439,29.1824353134744,28.9952073867883,30.2894050644784,28.9239324711406,29.5380219587066,29.3690313900849,30.1796438709558,30.0310245287012,29.3797545473242,29.2814857890983,30.1589028959071,30.1824066415317,29.0751385197104,30.1736266714406,29.9426794713547,30.1191055260043,29.9253107048904,29.5450362131357,29.9144810268465,30.0375359493628,29.9244878173837,29.2492657865123,29.91520495241,30.1967004010226,29.6382949774056,29.8086612474561,29.4001881517471,30.3874452497885
P85970,27.3745840227858,26.802971916297,27.5459694395409,27.3461545950805,27.1700327143417,26.7299560979264,26.9767126025851,26.709606061389,26.4492734909023,26.7454452159453,26.2819155711475,26.6821962797336,26.2892368930451,27.0493371309544,26.9339391686864,26.6500245402984,26.3206404080883,26.7324694890014,27.1208921403655,26.8387201677499,27.0835300686843,26.4884340698628,26.4928023548224,27.0606221554492,26.6850181344435,26.5318233478438,26.1684595221569,26.3935641663966,26.8976792721681,26.7525292200178
P38983,24.9901799553927,25.0912282787896,26.2543077013085,25.7584543691526,26.2444896666483,25.4122554018736,25.6449523758583,25.4847110111304,26.2570661639571,25.8613939010271,25.0360280417719,25.3933159214744,26.0103191579898,25.9951512102718,26.3562040761326,25.8242495185216,25.7907585778779,25.6450061504555,26.035076294418,25.7676321007466,25.9356816032931,25.9948039677661,25.6800234022745,25.3650708544104,25.9285186899535,25.9319611658339,24.8079301000782,25.6828481201334,25.2508685179214,25.9448955367206
Q63666,22.9915999504116,24.1675453140537,20.9218067631591,24.2631762172414,22.9835355407284,23.7770476066525,24.9385058658433,23.4632979096322,24.0338291405164,23.5686245445981,22.4810154015725,23.6589428881082,24.0611737991927,24.0876825784236,23.3017632247662,23.4314729126945,23.4684504158869,22.9110420754986,23.6303562317959,22.2596976183486,24.4918420371397,23.5283433587282,24.2871353521089,24.1282332528051,24.162961655648,24.3947838993866,22.8346268656466,23.0633014253385,22.4546235935438,23.5273822102213
P70550,27.433008323332,27.6874758153573,27.4131257583905,27.9382808362346,28.6035807813378,27.9022679530207,28.4973991349564,27.7756792676665,28.5408784554147,28.2596853572354,27.5523546670159,27.6549210894523,28.2155683781097,28.4648106559383,27.7186036849877,27.9372529869335,28.242220158148,28.1236201856697,28.4613203734671,28.3032655620904,28.3165370455417,28.3986241040934,28.4636694816361,27.7690771707583,28.5707756720603,28.5489383478796,27.6263890892578,28.5902957275033,27.8445206696892,28.4551079321273
P14480,28.8393062141554,28.1495622903082,28.7690377340574,28.0885397049727,28.010631201233,28.1304547524945,27.3188486403653,27.9532561448422,27.790783250105,27.4970729656284,27.9565316190939,27.9528031108165,27.5550866505676,27.8852007120034,27.6175611036571,27.4702323728591,27.196805204293,27.7161647595166,27.8290781855565,27.6354054879405,27.5342042680806,27.0401944786938,26.8909215990383,27.7858757038717,27.5042036819514,27.6844664117126,27.7237775099778,27.3480757719942,27.7404498815852,27.5474475633287
Q6P7Q4,27.3275535409458,26.6834397281347,27.3271070156654,26.3593979210664,26.2444345122356,25.5579722621356,26.6232541176575,26.0901705106451,26.3100271690716,25.87346490781,26.2693757068722,26.1201238430476,26.2578155425836,26.5938218253966,26.86048239536,25.8347866806983,26.5432374585347,26.5574549781303,26.3575508075141,26.7918400617169,26.3774869367873,26.2388759244791,26.3149339803158,26.6772126629397,26.1547689702516,25.9365853545787,27.1138783301601,26.0466662790258,26.5685218301524,26.8232886897456
P49803,28.5753928473851,28.7765871532835,28.9451155890966,28.3718533428908,28.3107536113099,28.186182001074,28.6141989843113,28.568355602625,28.653764599957,28.540631755292,28.4171036509354,29.0078582292828,28.6158254803914,28.5031170655208,28.1625840440532,28.5834459657625,28.6337103481229,28.6610330149233,28.593319881354,29.0741998772181,28.5991492585341,28.7163990156561,28.8059708632107,29.3438219071133,28.7868434389579,28.5422542934541,29.185596248372,28.8034399288376,28.9457485022622,28.6267355346589
Q9EQX9,26.7042715212221,26.1434919116483,26.7841358215471,26.6955802616647,26.6588189953061,26.2057429058284,26.9525190311152,26.2255237685239,26.9117330886228,27.4387313907991,26.3551604444992,26.7768964069959,26.7618659341613,26.8409709807574,27.8162340376901,26.7180283491178,26.7822131781891,26.7347051811248,27.4511191239848,26.2235729713518,26.8616188297011,26.6733959094012,26.4723921476443,26.7705241151795,26.969877710069,26.8603727950114,26.4736280637028,26.7447095749969,26.7092236138735,26.5084698558053
P62959,23.7851606669178,23.7856468187658,23.4932076541142,24.4433837445338,25.057637774942,24.02249023876,25.9237824113642,24.7108954291911,25.1317669510757,25.0856112286083,25.4244342026905,24.5714649689319,25.2672384470552,25.2447065763726,25.2142504454146,25.2479189080293,25.3510604061714,24.96162791878,25.2890930722099,25.4484315178348,25.7063927669699,25.3462393735467,25.4549394938442,24.9137641402085,25.3429085434188,24.8468632707809,24.2426526531657,25.399217118548,24.5243735627262,25.3406852342515
P36876,26.5050362386394,26.7265716648867,26.6109083612469,26.6727007002579,26.5980030328596,26.7171593741275,26.0622636861555,26.6272796867367,26.4303842328358,26.3596606119866,26.0389996286409,26.4235979145052,26.3599059200024,26.452095410047,26.5829718975798,26.4053642720101,26.2628022159925,26.3536313749476,26.4257483277281,26.8350127336371,26.3184994910264,26.398091199599,26.0514725289029,26.2934859641983,26.3272476577978,26.5925803887428,26.5333818592716,26.3647521892729,26.4499860696888,26.2656851289543
P11232,26.7697458366304,26.0708468949344,26.4473355413177,26.4977824656921,26.559548916241,26.8411027637875,26.3422350645226,26.498048540129,26.3710108713204,26.2035953043368,26.705507798633,26.0123421595784,26.3486484647796,26.4226911695235,26.3772551664696,26.2711672156282,26.2721176211741,26.3351552797094,26.2456280230777,26.6870579718906,26.2452329520034,26.3359525177681,26.2514613951809,26.136953696358,26.2602326243797,26.5110651121595,26.3620850861163,26.4260882887751,26.3503476653358,26.2768951125369
Q9WTP0,29.3186667588733,28.5736696513024,29.0467334645234,29.2404101940108,28.5613835765312,28.1670667491337,28.2621924234145,28.6468220190846,28.1133768511822,28.3087013541623,28.7928623056172,28.6421525747732,28.2580145286491,28.3327840796306,27.9174270536867,28.3969594823432,28.2519022454648,28.3368944390957,28.4268932810408,28.0631067932449,28.4897066170329,28.4075448984808,27.9784198403927,28.2513220898294,27.9524566148345,28.3718484372783,28.6328083749041,28.0127242176327,28.4560736603629,28.2915969587386
P07483,27.346609293797,27.5407429337941,27.9616080794911,27.2281303360784,26.6604850749946,26.8559135692806,26.5794691541942,27.1974300295739,26.5604543829075,26.7273441548933,27.5453585423493,27.0093275687534,26.7312685934374,26.4767522937842,27.2207721567787,26.6791571536589,26.386782002763,26.7966692963617,26.5935687378527,26.9005260344453,27.3391871479206,26.8545176800116,26.9626887643064,26.9978671214848,26.6294031390452,26.6819112886284,27.2176960469106,26.8075594480352,27.4059620563491,26.6165950277652
P62898,26.1756481374277,26.3330749066168,25.9132805824023,26.5365631631144,27.0365725721057,26.2773400409158,27.3889771407059,26.1583383519891,27.3926341602484,27.3028041378367,26.3261069578037,26.2140265109066,27.1818657514271,27.3595473793911,26.4155179311434,27.1354788781428,27.0406874046754,27.1082093162174,27.0100187702102,27.6730898970606,27.1405109975978,27.2555908097745,27.2644431851598,26.9336252805003,27.2848098886953,27.356026836863,26.459555474329,27.3188768892207,26.5889395484495,27.0793228391039
P12711,27.9607928187608,27.9106155113165,27.8129396795413,27.9471786164834,27.6699253794241,28.3823138109833,27.8646731526962,27.9186736368439,27.9292231269096,27.5241980152078,27.5560547868101,27.9964771037689,28.0663174073189,27.8209340151293,27.7025928593869,27.4879876310799,27.2356469952273,27.7597477011042,27.7047470550157,27.5635012526153,27.3184796874657,27.8935401279926,27.0528958265029,27.4974975535535,27.5559633456153,28.1000310187654,27.7053814994504,27.6781194667268,27.7486485037963,27.368269883428
P02625,26.8975357790882,27.1307149224336,27.0311622328441,26.7319843485294,26.8154159048532,27.1450109020417,27.1681743628678,27.3076300587538,27.1594291033131,26.9233951380333,26.8498032666784,27.3723520001722,26.9010143219039,26.8362167036771,27.3382447740403,27.0508890230276,26.4344965893074,26.8491685608475,26.9373850166699,26.6783343728738,27.3122694433642,26.8221722466287,27.2403681675469,28.1322371454598,27.3757522359023,26.957611690646,27.1402680156324,26.6718674970711,27.1569604859136,26.9890987540759
Q5U206,27.5238732428997,27.2187455672047,27.4295389535456,27.6914509963793,27.8195291927218,27.2409076395542,27.2679099756236,26.9182669564292,27.6472351087344,27.5963656804933,26.6686373071787,26.8707093734434,25.164075647337,27.839147499524,27.0141695504312,27.3160383625187,27.5099104296552,27.3316862735278,27.4305778373303,27.5305067674128,25.1465312853004,27.4386697083064,27.5019421838682,23.942489704727,27.5164414440282,27.5133007472843,26.5818533792318,27.596912256194,26.8087859084148,27.3959166214393
P62168,25.9951879178838,26.0862143818856,26.6789294580383,25.8969216849949,25.6072080187371,26.7279069081868,25.2422782542234,26.1912022715682,25.3173194487594,25.3806939143425,25.2483608880677,26.1555174328286,25.2124558047007,25.325239783871,25.3497692216603,25.0614078409209,25.298783019187,25.6984998152051,25.4483870544708,26.0668192227477,25.2861378020145,25.4653039250208,25.2636135267494,26.5776198401145,25.4013277815988,25.4651298039382,26.0636369857161,25.551058771359,25.9723146360156,25.1581395280958
P29994,29.9026333519171,29.7326399913403,29.9653056438652,29.836722551312,30.0049922483809,29.9800073879878,30.0130893293967,29.8409409283554,30.1159359961354,30.0730669634271,30.3166649141955,30.06822904359,30.1024625079567,30.163039233923,29.8613110545468,30.08610176005,30.0029330615977,30.0905551572769,29.8791674259306,30.1495554565601,30.0508578665189,30.0232922359084,29.9593649457009,29.7920211892431,30.115374340972,30.029862072528,29.8509113855937,30.0270916336654,29.7807585371435,30.0972437439402
P97546,26.3788784757129,26.6539437831487,26.54120861579,26.68239984284,27.2502199225751,26.6199721356408,27.6877909698772,27.1105589057887,27.7552707986029,27.6682218837485,26.6272819838487,27.1149966585862,27.5531013978463,27.5313481520966,26.6334957331712,27.5651457924176,27.3038001823302,27.5093124605001,26.9202237733245,27.2559820819283,27.3715556557119,27.4170670581434,27.2899083095886,26.9414698745049,27.9901962528075,27.6337068009426,26.6707484273266,27.6176507185155,26.7861799635298,27.6122366224612
Q64428,27.9552341872952,28.287203858769,28.0357987578587,28.7828642106269,28.2204729820065,28.2158003230141,29.8439863992928,28.1941210340334,28.4408348245582,28.1757619676508,28.2798893088694,28.1614111447121,28.3030017197637,28.067089732769,28.612624695392,28.4085450895818,28.821270371364,28.4984793713575,28.4407451616364,28.0693006199532,29.2996661114876,28.5076021694123,29.2287036291262,29.0913457428652,27.9855250053625,28.1525811777014,28.5931495993717,28.7645210939134,28.765190146441,28.6427570843294
P14046,25.6784518506484,25.6738480742355,25.3522855210034,24.4720849795709,24.5814039461124,25.8374633178381,24.0222801927093,25.3155372892966,24.5728755656281,25.466680185008,25.4207395933897,25.2517655493866,24.671491020886,24.8465447087093,25.1777000142067,25.0398536439694,24.6007641282962,25.0741768625196,24.1231045769426,25.245714888663,24.5772328352963,24.3286468511743,23.9078778669746,24.7803785131082,25.0203699419904,25.7193408066484,25.6019087628988,24.5393614354931,25.2704569415565,24.8850715371719
Q03626,26.9209240524046,27.0363390719905,27.5808897293956,26.9807598702553,26.8403957734402,26.913327934409,26.7889626389308,26.8911354887584,26.6939602383817,26.5959467415511,27.0364194018118,26.9881526467516,27.475174198201,27.2160258702188,26.8817920932742,27.0607668297374,28.2273530891425,28.0601471033111,27.8305057010921,27.8147411372501,27.9842937467731,28.2270007711854,28.7281726000206,27.5921038570517,28.1852732308464,28.0261987078691,27.6282715776264,28.1117201970475,27.5809173380835,27.5749176235963
Q5XIN6,29.5967132555998,29.5565909123218,29.5605192363942,29.5916167689624,29.4777700825425,28.9842891317354,29.6089140504155,29.1215471206085,29.222543788704,29.4911006080248,29.5120167621804,29.0530720283279,29.3008623591784,29.4835882983227,29.713443636172,29.482082766192,29.4961768376757,29.2582897191705,29.5082949106228,28.9699499300453,29.6597934169314,29.6254056359973,29.609671198806,29.4447909296275,28.8964040787004,29.6455398945131,29.4672726784631,29.2743470791492,29.559033993521,29.4754912941483
Q5RKI1,28.819490787748,29.1742786347405,29.0349352877032,29.0377996803764,28.9383131677521,29.1234251050788,28.7128287601904,29.3129093633428,28.982133280605,28.7340803074877,28.6021126632064,28.8765920794978,28.7638139606907,28.8338957694093,29.0229928339766,28.80391519468,28.626857723339,28.6894579240411,29.0712173145688,29.3851870415622,28.9630368782183,28.7964150363699,28.4729620819731,28.7762156407229,28.9506950349348,29.0193909109634,28.918556141455,28.9948797786803,28.9289644556957,28.7521843303684
P55053,26.0747666604229,26.2808241021747,26.1833302654946,26.0662484345654,25.7673479113447,26.4926916483942,26.0366636746434,26.2404203309102,25.9876342760111,25.8463053521122,26.2763242486841,26.1410490164706,25.7536829631839,25.9911621934237,25.9472525984624,25.6644055992725,25.7783991400213,25.8086060301576,26.1319269224863,26.0248572470052,26.1128309689633,25.9483211180124,25.7411800688133,25.9718050655657,25.7982117743895,25.9720735515261,26.1787922457833,25.7166133827357,26.1902211781567,25.6297254174372
P21396,28.2819449625469,28.1625689547586,27.9924569603937,27.9473893680157,27.8123080226535,28.3394288712463,28.150320007106,28.4065848011253,27.9513575180029,28.5325266374984,28.4510820008042,28.280880979143,28.1174338039004,28.018126747964,28.29718208103,28.2371264923023,28.3726229455617,27.9330545941724,28.2702034319116,28.0758950562427,28.0974615793341,28.3003658153794,28.3009683127512,28.061300381283,28.1334214554521,27.7541194342703,28.1922227481361,28.3012288346202,28.1383863450157,28.3404456934172
P62716,27.980788337144,28.1377519600656,28.0719314088594,28.2725966177891,27.8847540601022,28.0510679962512,27.5721759773386,27.8336962014347,27.9011176737993,27.7544881965623,27.5831081936481,27.8608203262615,27.7421492796956,27.9382141255072,27.8820384901619,27.8503427280587,27.7012798104336,27.8190577894583,27.9511753857617,28.2322346126457,27.6972219713228,27.7478379266313,27.2315651114753,27.7319283627505,27.6209627402188,27.9188947179722,27.7454998032189,27.6076620896858,27.8551888092602,27.5968150774753
Q63560,30.3096882647654,30.0537196634277,30.1711620263692,29.9480868457554,29.4601646500957,29.6838486840306,28.8883273583206,30.0378929982796,29.466896587529,30.1419392387185,29.2617236979289,30.0143646439868,29.8219364942321,29.6407187971847,30.6686746740698,30.1999784866492,28.8632249788334,29.9312277410835,29.8381703840524,29.497817716883,30.5871458702601,30.0557860935428,30.3727388885569,30.7129819005526,29.6452140140472,29.9765173184006,30.4912146199974,28.6595101896948,30.4452052034649,30.2036388632201
P55067,27.3792975414209,27.5546710165902,27.4872379554706,27.6025283305371,27.3483738469133,28.0131704154657,27.129005131745,27.7149453594844,27.4400411452596,27.5649867629886,26.9241988879083,27.6164359963231,27.2106066968184,27.5999018367651,27.4628509336309,27.3981771534362,27.1166650041876,27.2072412270761,27.4083773573818,27.4433168350073,27.0970026555158,27.3465585018774,27.1313965738372,27.4547503532718,27.51403718469,27.4029889300197,27.4951083897345,27.3135695527705,27.3403667023727,27.3347074130085
P28480,26.7179903791133,26.7297154902599,26.6714745492935,26.7689921663126,26.5563187575218,27.0484670283676,26.6276241266197,27.0229199898533,26.4224006131238,26.8607880676434,27.1143557943457,26.7920198041806,26.4605215772024,26.515152747314,26.9663184246721,26.4033458438781,26.5273061243629,26.3787313452949,26.895315404315,26.5795884166473,26.509281567388,26.7161407577733,26.5648568276819,26.9898767291082,26.6542470341492,26.2434397055055,26.8502730241265,26.5158740560269,26.8518796334772,26.6132576597716
Q568Z9,24.8019750375196,25.2290633696898,25.1852633259359,25.1859461353354,25.0897979766267,24.6335227254686,24.9869659692454,25.4857807723659,25.4514064413877,25.0085089027776,25.0239907547676,25.1481625931652,24.9847151591489,25.3433896843222,24.883506351496,25.3402001894346,24.8458558153976,25.1928441587298,25.0380448983529,25.2355410510954,25.1995573936455,25.3792345037541,25.3675022300845,25.330544899745,25.3885006249135,25.0232487833451,25.2921694124222,25.4144420540091,25.2704129625176,25.0553215631444
Q91ZN1,28.656371522844,28.2215289239937,28.7376751659792,28.3925018417448,28.7577866473161,27.9160998692465,28.2857046047305,27.9584009418761,28.475498270725,28.4634668961453,28.1919924405372,28.3447118381691,28.3733147475789,28.4871843035067,28.1044208118356,28.4602645478518,28.2539015282849,28.5306113056449,28.2258198850115,28.2964017627833,28.5085146701994,28.2541640670522,28.3497416362394,28.2794874638181,28.0448798091731,28.2647401575897,28.2092691214003,28.1610797980648,28.3496351737026,28.4574008955082
P19627,24.5585025069297,24.1171481776532,25.1014627367714,24.4568977110918,24.717514514456,24.5093961087687,24.7454434077675,24.8165533435242,24.5083086744585,25.0074350438497,25.0722474088059,24.9947770552166,25.1648960165939,25.0431391457645,24.6874510371069,24.9801552252865,25.2311537342018,24.9238176608987,25.0415866298558,25.1075924620559,25.0132382016091,25.2536891035052,25.2068632714252,24.7680249923002,25.1126065949867,25.0543493928451,25.1605978283571,25.419451836735,25.2678899777976,25.2130104922015
P52296,25.5433441077938,25.7787593017883,25.7364990180972,25.8200194303196,25.9683419652386,25.8056111903331,26.2559982192767,25.8671947456088,26.1556261448962,25.3693562230645,25.7212015837232,25.8844610847963,26.3134161224068,25.8759649134401,26.0582164928239,26.0720103225137,25.9343980957298,25.9968513564265,26.0129766332603,26.143417092451,25.982380207564,25.8991484847986,26.23174732235,26.1664251014918,25.9822218471952,25.80757998506,26.1341480162154,26.2509906855232,25.9306123827382,26.1425329098469
Q07266,27.3890824312777,27.6421167843573,27.2884922598229,27.8993385938965,28.2992792448677,27.8792619122512,28.176836308773,27.6265397827647,28.0978379819433,27.9475372582288,27.2631588688019,27.4906359122395,27.9263624038595,27.8408480066812,27.6834141354231,27.6747464615296,27.6436257063518,27.5593831697874,27.9963376744316,27.8240927325389,27.9098266455282,27.6843740516443,27.79648444307,27.7306916609141,28.0514365345888,27.9826595601083,27.1427082284192,27.6496216104322,27.599729561194,27.7309880202758
P11030,26.0093064223931,26.1326185842422,25.4406693693195,26.0467981113332,26.1021273235511,26.1055421424548,27.0005804434,25.8252020381617,26.2082105698826,26.068800032897,26.3285000306125,26.1222170387057,26.1780861811241,26.2320876448135,26.2901860485088,25.9492844084872,26.1306696313354,26.0707181473297,26.2543007968795,26.6094566655145,26.3913990470915,26.1537482295873,26.2418584706178,26.689815999169,26.2436800127459,26.2278182149244,26.1141081333353,26.2500778911035,25.768835371261,25.9683398363787
Q8R491,27.6539861479859,27.9465108826859,27.6092243424878,27.5520561044988,27.3098255698214,27.8327733308212,27.7394146395763,28.0121889806715,27.4245923080371,27.5462510866458,28.6550760537588,27.763183616247,27.6423135365635,27.5065432901642,28.1451579291554,27.7602273433395,27.9476374484257,28.0690393706145,27.8317088506844,27.7187943334743,27.9950241162492,27.6631506455156,28.1833178135905,28.176718213476,27.9311426850815,27.691586733388,28.2126723930108,27.6457471284296,28.0645658907556,28.0547303513741
Q63598,27.4918423411656,27.4781957175177,29.0113653247687,28.2452013772497,28.1591103221859,27.7482526177194,28.1439890066898,28.9640176154073,27.6336788741151,27.8492851755091,28.0815096825187,28.570827821185,27.3662922127033,27.9440539872062,28.9594744719847,28.4931845702441,27.4258728171418,28.2121426169533,28.5289641835775,27.4516249312916,28.4686627514156,28.3898447255906,28.2379068482019,28.6094524804405,27.2407821574407,27.9660276451092,28.5101850071457,28.2279110970097,28.6871312940815,28.1620747987075
Q794E4,28.5883008546043,27.5478853407151,28.1429109640773,28.351221708819,28.7057773781557,27.524404774144,27.8437446076563,27.0507703294229,28.2524277748991,28.4492260623325,27.692533630818,27.8617060547529,28.1713913775236,28.6815948556388,28.1178146913,28.5385327795422,28.0337303592633,28.3314349352143,28.5448345657669,27.8770521735556,28.0937836809664,28.0290472006268,28.1971884047131,27.9094357380675,27.599955810371,28.175547853849,27.588372493398,27.8799123538003,28.1403857584017,28.6625737097935
Q3B8Q0,26.2972778132997,26.2794355037491,26.086126078554,26.3400205570527,26.2522115546782,26.3055637999541,26.4206188027139,26.5098815127095,26.6302261907246,26.5043647733274,26.6523246862837,26.5135198066273,26.5873396131006,26.226032560985,26.4582578306878,26.3878398074468,26.5045607674947,26.4257854617011,25.9862198166701,25.5628179247892,26.5832360627928,26.4177368763136,26.229732988019,26.1876449052285,26.2821564183951,26.2524959286389,26.4565189769541,26.3723082004859,26.1258204389565,26.4143156935822
P83868,24.6725782327396,25.4339595330858,25.2075216338072,25.2012911972483,26.2064164274647,24.5620403167893,26.0968117305062,26.1824945848798,26.1479422600924,25.891366908287,26.3809624793345,26.2024940027136,26.5503813727278,26.4824380234868,24.893519832882,26.5170480440288,26.7222164552637,26.2500668915681,26.193880972719,26.4226727858014,26.4691085780028,26.735426611353,26.2669975255812,26.0094944102491,25.7754653636691,25.5798550131439,26.1839519788356,25.9945353814978,25.5881883913514,26.5252324230201
P04785,27.4174427902344,27.3310414889483,27.3466403944316,27.5306642079491,27.6534190958211,27.5627994374907,27.6973952278334,27.5206697722113,27.927278746687,27.7969218860276,27.6634272806415,27.5875232378771,27.8458180296041,27.6658411045417,27.7919902005516,27.7830028842296,27.9087094447829,27.8691208812209,27.5058466071078,27.9138874918146,27.7346134139913,27.8365232204246,27.6779895257208,27.6598649145915,27.8678653102083,27.9838127916682,27.560498531611,27.7378842517596,27.5603488384826,27.7674836496724
P36877,25.6384727310032,25.7572555500173,25.5303414578853,25.3205840649108,24.5387816928202,25.6886618122108,25.6404378047728,26.0628235799491,24.6169767904261,25.61257717841,26.0317364024665,25.7681238646244,25.1011323358207,25.4738783396113,26.1120348970184,25.2607465892435,25.7633393716468,25.0743514425689,25.6529959627682,26.0541681942993,25.4456631324117,25.6178296753388,25.4942369674444,26.012785056936,25.1548504395228,24.9421572888183,26.1291760462275,25.6796497112294,25.8451555673061,25.3813305204849
P56932,25.9531568586739,25.3273859035017,25.7132313011301,25.7242557212354,25.6855638482044,25.5084007352034,26.759599094795,25.7387531327395,26.00136568343,25.9195872665715,26.1206650645006,25.5030155645709,25.7845930638443,25.5677505045755,25.9040960555073,25.8380706744473,26.3547518386942,25.8297893873166,26.2009883262474,26.2255321436425,26.6600104269595,25.9284520417843,26.6920130933833,26.5933795746346,26.3677861359509,25.6614613604833,26.2730548801619,26.7202346065096,26.3714167893737,26.4300923069846
P70566,27.9423616187031,28.3157689826905,28.2135548884221,28.1028927131452,28.2820426699428,28.6781186746801,26.0375343193531,28.2457346493239,28.1542269719624,27.8936318885438,24.7479783845918,28.1323591550421,28.1234981418148,27.9356097736629,27.3752931666541,27.8360393336897,25.7778934500588,28.059927219412,27.7024354976236,28.2053986388677,27.4301516893878,27.808960360854,25.6717360107957,27.2070251841838,28.0904839870593,28.0722955459689,27.7054417223689,28.0999669667214,27.7013254422245,27.8237758785595
Q9ERH3,29.9814099743061,30.1748148649735,30.1797830442087,29.7530950812818,29.3049516529482,30.0120649377757,29.1694866930047,30.0638016046424,29.3128599081965,28.9760068309431,30.1444728149332,29.8060571794201,29.2442902042522,29.4108688804299,29.5476677883864,29.3911956087675,29.4420009648432,29.4742868218277,29.0252997142528,29.760032078883,29.2529255443032,29.2548343080365,29.0749530861111,29.7726162132513,29.3051073136257,29.3620864553771,29.858601545972,29.3658238705305,29.6303945279184,29.1891351147164
Q6URK4,28.9547343020341,28.8730703653367,28.9694963734107,28.8561889167581,28.6493850918755,28.9606376150504,27.9303703801986,28.765029120142,28.631912119392,28.8433592242449,28.5988051827881,28.9036270836856,28.6224466512536,28.6454648812246,28.4938200999801,28.5635678775819,28.6136916959177,28.7129143820874,28.3359632966143,28.3256613319464,28.079206505284,28.6035700079341,28.4303259914031,28.4017002514558,28.6870222207911,28.4728013229931,28.7305483550105,28.3959832629199,28.3792832577616,28.7740323378275
Q4V8B0,29.3038001769029,28.9490430998643,28.9805468318105,29.4654117520138,29.2445163813216,29.0394320878178,29.1955425664937,28.3079928201029,28.2337956573623,28.5414546230066,28.2637362355032,28.6986857581289,27.8577786420213,29.3057686621643,28.9923637317431,29.0469011583905,28.1770448355877,29.4254188693082,29.3670989322747,27.9205692171618,29.3641806368798,29.2684459043087,29.7875513689663,28.5033372357662,27.9818138982406,28.8277442026344,28.2868561892909,29.3556280424515,29.0020701833279,27.9463453712053
Q04970,27.2265263706569,26.4786042214233,28.6086899020526,27.7608898109898,27.2674372045512,26.0643083048573,27.1405938374863,28.6122698043917,25.8834128367434,26.8121575475617,27.8026712323717,28.1773711704899,26.4479177208996,26.9891636581454,28.4628398695109,27.4784439199038,26.7969221441087,27.628477914032,28.0485163046837,26.5182685463201,27.9898506211785,27.5969473459552,27.066872471397,28.1241427185236,26.2874023015572,26.2286032648457,28.3762759536572,27.7002195484321,28.2292777699941,27.2552158481262
Q9EQS0,29.3641018719948,29.4957051693126,29.3500438485666,29.3232100208179,28.7563106881887,28.6931755779515,29.1749507005901,28.9778480128068,28.754783738966,28.8936055408745,29.4571965066531,29.0519196959396,29.0263345697989,28.7188793294677,29.5280537842172,29.0670689656679,29.1611572144751,28.9954874737136,29.1527879399781,28.973191586018,29.2557659858132,29.2808408333066,29.2500292599327,29.3735546120236,28.6567281480491,29.2336468305456,29.5619417264774,28.9615271811626,29.3840090305012,29.0823064788537
P49911,28.4488358405191,28.3660522791801,28.4044247965539,28.3329755424687,27.9878456945317,28.0610376681498,27.8577900578843,28.1237682662294,27.8099245660056,28.0471146340946,28.7159399098082,28.0812653013785,28.015010717925,27.5022502387305,28.7545799997486,28.0425962140801,28.2615392029565,27.9408966968985,28.1653504297071,27.9428128761792,28.1545491978922,28.3580798723668,28.2801872933504,28.1981768261233,27.6030073257247,28.3062073917969,28.7123116626786,27.9863829733902,28.468890875363,28.2403837268401
Q5XIF3,26.2522154845189,26.1239343809704,26.507593666659,26.0741819558883,26.0802720466233,25.2886765276961,26.5878570544542,25.371401464939,25.7735832047123,25.9550595051329,25.6368165387399,25.6158772232444,25.880304970444,25.5417644379636,25.8490296540645,26.0680579789978,25.9464773464765,25.7221385674628,25.7371142123407,25.8462795555474,26.148404863915,25.9603517048173,26.3240622691474,26.0398363798315,25.8541864298544,25.9373133212118,25.7032278614551,25.8067270626276,25.8029796943944,25.904617505776
P07943,27.5021874618608,27.520243275206,27.4560178858466,27.2788160077906,27.1819791657243,27.7718214670312,27.455128958813,27.5860210320214,27.135892500286,26.9643640330854,27.5780059986859,27.2701181926435,27.4550391839403,27.6459451001147,27.146996769095,27.1460596136607,27.6767476226901,27.6064678656111,27.6561147116258,27.8691758888529,27.170091409687,27.6235631132543,27.015326611378,27.6296012938884,27.6096516091926,27.5493073358342,27.8469356217114,27.7717700055217,28.1326813499831,27.4923345016732
Q02253,27.7707693981564,27.3746720522906,27.6783545561035,27.6961904108606,28.2298101066505,26.8581963515749,27.8541484011871,27.0037963493977,27.9380202586362,27.9979932566083,27.0500974030522,27.1921464874098,28.1396634471929,28.2015869011956,27.3793877106212,27.8727125390451,28.0594083841811,28.0090533292006,27.7269613338193,27.5564744976682,27.7204209070939,28.0591474309944,28.0865547097782,27.0830443788016,27.7902344685681,27.9983989513362,27.0268240678949,27.5013556828128,27.2721929180103,27.8385138961343
Q5U316,29.120624794855,28.1806720544503,29.1349888138594,28.19292108072,28.0118343779684,28.2157047283202,26.9450641632613,27.6248705153076,27.6321025305177,27.8715973123426,28.0040343039771,28.0270216122476,27.4781909142689,27.7187436467268,27.9876535807758,27.7453628574768,27.5011326515927,27.6794306578055,27.8064425836038,27.0870829894601,27.4274460941023,27.4482833960626,27.3270755438848,27.295089938142,26.9872470254397,27.6889778341861,28.0393019714741,27.1224615987235,27.8733808285475,27.596133601195
P63029,26.5283135881709,26.8610253828868,26.6284774235206,26.9871195677072,26.7729187434559,27.3120761774425,26.5081417600013,26.9963396118513,26.7553213894172,26.6469447683011,26.4472867806454,26.9204497925474,26.5644201176606,26.5331061870428,26.9157770360417,26.4892126439774,26.3965861958506,26.484421591134,26.8978966744451,26.858285331848,26.4687050978412,26.746167532212,26.3276319229519,26.6152044094423,26.6719290732968,26.7695900284928,26.7054446419249,26.6595928950343,26.8821362041156,26.5548250987783
Q6PEC4,27.8642124336714,27.6708207917024,27.1797105254582,27.353522116302,27.3027980238054,27.2863660951514,27.8992949158493,27.5952100522345,27.4679001718817,27.6907611232639,28.3257123438809,27.7373803790795,27.2860078297244,27.560273023755,27.6993581881385,27.639954835457,27.756832936011,27.6060611276003,27.5822531248304,26.9191244846797,27.9223185049899,27.5694745133182,27.5790347573541,27.8360096620917,27.6005169687024,27.3731363414896,27.5416522491205,27.7623597866222,27.6553888571703,27.7386847859234
P27952,28.837106688323,28.5395526881692,28.6391853599545,28.4982492813856,28.3828800448333,28.383657619562,27.9619791651918,28.1513578490998,28.1559231097091,28.0407323046028,28.0536340324839,28.400971402201,28.2250549828116,28.2422446610597,28.0215614762345,28.069591192704,28.0702480696196,28.2477274656968,28.2036821743974,28.0947330427298,28.1357623224094,28.216367433097,28.2195615432557,28.2039537991077,28.2537021858712,28.3782855389325,28.4302127232177,28.2134188134773,28.3867004857835,28.2195862777574
F1LZW6,28.3747427971596,28.4648972804067,28.2246778943432,28.4989110150268,28.4093189282329,28.3220474954896,28.5968301904929,28.5090943474523,28.360497928117,28.6183914727922,28.5242813269999,28.3745726035508,28.4640736503097,28.4168691139494,28.6910128061922,28.4788114022138,28.5084581611393,28.4154434476194,28.5955966637931,28.4227469629796,28.5174283535891,28.6391337430894,28.6875470022232,28.4894386034757,28.4062551969983,28.5213386494028,28.5287445413058,28.3020896638844,28.503912062918,28.5480761311055
P08082,26.7948840810277,26.7287198160974,26.9910786532834,26.8612001964703,26.6569922472171,26.9931227237291,26.0292792444754,26.9074593286587,26.6317025244813,26.8416518620422,26.108515223415,26.8778068894887,26.6020816343947,26.7391687426235,26.8558610462753,26.7110782701139,26.0427045708371,26.7742372260944,26.8615150770452,26.4239618117508,25.9647379921997,26.2592651816622,26.469704509968,26.7166902774513,26.597082073502,26.5667162972753,26.840777003182,26.0983424760717,26.5811174156418,26.7171730370823
P35289,25.7955702915394,26.6210549624389,25.8654201753402,26.9387735856001,27.6072730529564,26.6375628915139,26.7589259963588,26.5496445961935,26.257231297088,27.3170980913483,25.9677627713846,26.6024565739186,26.8580186886872,26.3085066113609,26.5295335253839,27.0123888926041,26.8217562637153,27.0661279736031,27.0066680208932,27.0716428995882,26.9351040055405,27.1947759163279,26.8601216401599,26.6517114648906,26.7951312688554,27.2089273897375,26.5834896913289,26.8856601649705,26.8651043747057,27.308093632519
Q6P502,29.0211226872361,29.1619903833898,29.5497839269707,28.9002429275924,28.3213311783757,28.3511059952991,28.9228274427735,28.630097085687,28.262090911359,28.7305127105247,29.1141665487895,28.8164486202579,28.6083495392798,28.3620649267056,29.3841630606468,28.8196468455641,28.6829348335777,28.8737405293615,28.6365865384055,28.429567390038,29.1742975060401,28.561461819335,29.083485067811,29.4666094052617,28.3265403322587,28.741858645579,29.2795377676957,28.6991973884544,29.4915976702095,28.7869540756529
P35571,28.3788047770663,28.646450907213,28.7935110237024,28.7655228641631,28.033173224517,28.2677722820083,28.2785354356906,28.3636797948884,28.0642287165055,27.7834624451225,28.1107620188229,28.172564643332,27.9817687570355,27.9399156211413,28.037277294181,28.0435630650166,28.1843817097904,28.1423782687043,27.9287851799343,28.3269819705908,28.2065621299247,27.6473780016853,28.0696489062711,28.2964806854182,27.7362698712804,27.913173345738,28.5218151363201,27.8061732589075,28.2373236228082,27.8457871376299
P84087,27.5718735820699,27.0208470692428,27.146215844483,27.3681825425797,28.0099403264144,27.2061237506951,27.2582709615532,26.4941227793242,27.5652419485959,27.2871619885633,26.7594491912725,26.6792722487131,27.4713651683911,27.6798225740671,26.8928366300816,27.1856513484514,27.22241086571,27.5351476255966,27.3783418001605,27.2772505423375,27.4838082929586,27.0995825402073,27.448792070504,26.8670513740872,27.44057146392,27.4693284508785,26.6095800525763,27.1839528470877,26.7466033684765,27.3555040012981
P19491,28.9296662271263,29.1115281520445,28.9813790761324,28.2206112238785,28.3193084321127,28.709895027033,27.8831406273204,28.9967057829176,29.0867182303335,29.1447416263201,28.6475981480959,28.733324183143,29.3991085226041,29.1175144026345,28.7099516514957,28.9675390282582,29.4585219469394,29.0939216817028,28.9905575364471,29.8946892926713,28.6382997905239,28.8898900145849,29.1513807397884,29.1876431087135,29.1606381826218,28.9553129841092,28.6345948094563,28.842202628308,28.6491853865491,28.4787154815404
Q9EPC6,26.0987777224166,26.3822472165386,25.9843372619749,26.1534282708686,26.6653509876941,26.8357419100699,26.4892228029386,26.6734509391892,26.4181466144556,26.4989739443371,26.0262991269978,26.5220228067331,26.2715198546701,26.4720563043903,26.5497924145762,26.4713606183804,25.6129065091938,26.4857777283376,26.678037682878,26.2198556535369,26.3215875003473,26.3530359276239,26.2098498617996,26.2513386180913,26.2282223532051,26.4654967745034,26.3949065267278,26.3254525458001,26.4679171255111,26.0022735327133
P31647,25.9675335513829,26.1458266320327,24.9826999257179,26.3720036259147,25.9145676149829,26.20450728299,28.0626418636051,26.5102965475384,26.7263510981868,26.8770627411953,26.9608868633652,26.3878852951763,26.7805768149356,26.8255909038912,26.8404316016526,26.5366554256272,26.781528334385,26.8335841554484,27.4434351621784,26.6994739308828,27.6980210960059,26.6029086886822,27.4209661783389,27.3437463827278,26.6408049791568,26.9001890595795,26.6639037849621,26.9981403044429,27.1348480333569,26.8595568708794
P10499,28.606032116815,28.524923510177,28.2056431195267,28.0173284179483,27.6671186530591,28.4003528395384,28.1468012604537,28.296641322264,27.6418469806558,27.7218626217626,28.1181387987348,28.2386232890923,27.6927449069678,27.5755963958198,28.1825115052516,27.6632930624804,27.8023848810384,27.682581105475,27.8517407772835,27.428788567112,28.0771151685216,27.7105427755352,27.9451782527167,28.1076311952631,27.8056330619208,27.732326627846,28.2084282459424,27.5938564236634,28.0902486830187,27.7436919467196
Q01986,26.6110394227053,26.6768636248008,27.0395128451925,26.8238440777816,26.742102528333,26.8037582377965,27.4340029643688,26.9715010423281,27.1767865684555,27.0632823008211,26.8059435428358,26.933336878895,27.03239434885,27.2505445149546,26.7824552117821,27.0836983892496,27.155399612961,26.9974060361141,27.0984060694223,27.1014863619397,26.9136383974773,27.2197060723238,27.1585309476245,26.995457107452,27.3194575165305,27.1741754780369,26.9367995661512,27.4663477922235,26.9779112913874,27.0838981042146
P60905,24.8627779151671,25.3045152642559,24.7002222610317,25.3905718291039,25.7547148777238,25.3467062152596,26.0261307062459,24.9446913597627,25.6981160740773,25.5983233131635,24.930539310578,25.2271798249006,25.849151332912,25.8670478599809,24.9551419277755,25.379874209692,25.5620339728599,25.6514674290632,25.582699607232,25.3971389143274,25.9921457953689,25.6536884612311,26.0734587771107,25.4111918362513,25.6449095787507,25.7176035063865,25.1489050383882,25.7778005420698,25.3725575365453,25.3466332641245
P62882,27.6031658816513,27.7492663191783,27.6378668167856,27.438677540271,27.0609629944024,27.6487841242186,27.5338527515664,27.5310671992833,27.3855780380966,27.4571886055347,27.9786759752338,27.5483275086109,27.3797186646866,27.3473881702931,27.7233850699061,27.6024188282972,27.5529771557446,27.5324133718488,27.4936933987285,27.3122406278808,28.0027618333874,27.5375915716207,27.9877241946265,28.1009364102777,27.6910691518925,27.6577678488382,27.873273206886,27.5680835463134,27.8916723303958,27.4889413026261
G3V9T7,26.6665605545944,26.9405354840924,26.9008095357694,27.0478795800723,27.5587207669947,26.3807465027531,27.6993572937597,26.4598984585767,27.0600178048018,27.3960865770404,26.5428023469166,26.5442527367312,27.4940493758872,27.2728474127176,26.9084800650228,27.2735003966804,27.2725660615588,27.0260293146776,27.2090436191802,26.9910045188244,27.2079084314087,26.9218299970206,27.6316865630057,26.7939207990735,27.1893768680191,26.6206292244349,25.742178066484,26.9530802518902,26.562471730183,26.7349180433017
Q9Z0W7,27.7435597192106,27.2736472138328,27.5966671415662,26.4507337900708,27.316491348592,26.7627471605664,27.0139164913396,26.8768875966651,26.4496338141448,26.984791565015,27.6651025830045,26.005850226764,27.204977360229,26.7729543247437,25.8455075378949,26.1306935031257,27.424716472844,27.2375453154626,26.7705287274376,28.2437454023595,27.1021485159494,27.157297998145,27.5117794948223,27.3681913993123,26.9804436693933,27.0879961334807,27.4222868764346,27.2820112228452,27.2503438544937,27.1805808964936
Q8VD52,27.3394001598983,27.0417818680278,26.9585331199347,27.528487844092,27.2091442260089,27.8892304771167,28.2385549726687,28.0378281342716,27.9632028594531,27.9462144002972,28.9293700526882,27.9799619415554,27.9934752888,27.4438340584536,28.338914832629,27.9999561168902,28.2246128970557,27.8742531806815,27.4298524517647,27.3508146093975,27.3394362691583,27.8879119241177,27.5486166771632,27.7943292234938,27.9842228181263,27.4406443664224,27.9134658623056,28.3417948267626,27.6665566899457,28.0385845478059
Q05695,27.2903670954725,27.8217252407598,27.3669129505659,27.950476677831,28.1518664416336,27.6112386073908,27.7531025097718,27.9261569224148,28.1761491509884,27.9599762808594,27.3608776519572,27.6117248020844,28.0653175645768,28.0937753039344,27.8256170509339,28.030438477505,28.0044660750217,27.9416496224993,28.1449116173982,28.1420393542157,27.8870769354778,27.8905331922186,27.7943826404626,27.6375895483289,28.0453252798265,28.0677127798931,27.3017339931749,27.8405548062038,27.9655378916641,28.010135796996
Q5I0G4,29.1466813192106,28.9266403239947,28.9141500013652,28.6143741153654,28.2070511779678,28.9034902148701,28.7630188112116,28.7587913185135,28.3485464940724,28.5467224094173,28.6920384075013,28.8690866908851,28.3257979801375,28.5868908292859,28.7707055127345,28.9101837539792,28.8712286016087,28.2686753583854,28.7429385102717,28.8649974946582,28.8087937944911,28.6641542424054,28.6892772084797,28.79158547277,28.3041351416947,28.5145268255308,28.9000842841894,28.7833669335977,28.816060226002,28.4715427832262
P10362,30.5797956316147,29.879169952791,30.417811184554,29.6051485402201,28.8496976238932,29.7876692796056,28.9335654588239,29.7619078805582,28.846828797826,29.22442470053,30.4161085572134,30.1595906222536,29.1152331842501,29.0167625782652,29.6282974923681,29.1697967612201,29.1814049211245,29.2969326633504,29.2113770857445,28.7751559796754,29.0691303239015,29.0112175006361,29.1828932237657,29.4681472737489,28.7794211734055,28.9029335440482,30.3023260449185,28.8735310014717,29.9142592242417,29.3083544519613
Q4FZT9,27.6005486423259,28.4576853615817,29.428935947374,28.9315510986579,26.9744131688359,27.955800950997,29.0941247215951,28.3060370727443,27.783113418603,28.9441243376346,28.9376708974836,28.834198546711,27.4644582717309,27.3807419555665,27.545587102473,27.314738910455,29.394665672486,27.3554931540354,27.6925005725081,29.8736519237976,27.5359650885751,27.5572971433662,27.5500948999859,27.9679055016452,27.4516817127397,27.4524359833057,28.7926979306738,27.810293248588,28.7777720826167,27.3879638587791
Q00729,31.6123520805037,32.0262374466904,31.9854633793513,31.3622172778372,30.6782104324256,30.7798897827925,32.08534644567,31.5679451426931,31.3328584819041,31.897919490511,32.5558835208252,31.5875136324392,31.4345837640924,30.88872389458,32.4095323781895,31.6989195134114,31.8515134177871,31.5097035724369,31.5444960089551,30.650004167664,32.3528396747776,31.8612448129135,32.4149571598222,32.130899186911,31.3716840729736,31.4995822640559,32.2890246747788,31.5183657677523,31.9449966014478,31.4705524517603
P20171,25.2798078667361,25.5097561149169,26.0228071156411,25.7862246622444,26.0703096823,25.1717551121361,24.4067323600556,25.385975505754,25.3538478108261,24.9309893326732,24.4973114444349,24.6819194995778,25.8359756474499,25.6636465335039,25.3931878555749,25.3130139493433,26.0056910584537,25.8720961325163,24.9219866436153,24.3558989481711,25.6610888085313,24.8168552179711,24.6614313114616,25.1333174936741,25.1747108557087,25.2902470684182,24.4227797757887,25.3213673970171,24.9469073557088,25.8341239311251
P55051,25.3191124043925,25.803793863412,25.8163642802551,25.7046600310537,25.047526496863,25.9188558272809,25.251085839956,25.9290428880279,25.5220387105834,25.0433694600312,26.3226838378889,25.9398459334753,25.254179140994,25.5140947142571,25.4530901083035,25.7575600248476,25.9446626030334,25.8783657224737,25.5838890033577,26.0802849752113,25.7237330158149,26.084508536638,25.8842580129027,25.4506164374978,26.194010816176,25.9685778977344,25.7511945278932,26.3858961226655,25.6255723330227,25.6837698247755
P51146,26.4631914314399,26.6440927351237,26.4383032792113,26.4375442691578,25.6865989116451,26.7409151577963,25.5884299389338,26.5368011468707,26.0671315195485,26.1319302575919,26.5643500609277,26.0065658220793,26.3431817622607,25.8633330019561,26.4059301839039,26.2115270469401,26.1658090018323,26.3583594299205,26.3853831541916,25.911594813117,26.0448289535345,25.8718475902924,26.5757644873378,26.5217588204639,26.3007273279666,25.6677954351638,26.7271727097415,26.5476055817487,26.7801046736211,26.3748029816097
Q1WIM3,25.3057267045449,25.5852482058676,24.596007635876,25.3280958921399,26.710638024238,25.7062961020354,26.7680901750229,25.5632138879994,26.6355332178312,26.5544153124785,25.0751747893875,25.474147369638,26.4468845947692,26.2751561645427,25.5203627590242,26.2737159353515,26.7115955305172,25.0627713110999,25.9017123122042,26.3454342914434,26.0316998241634,26.8936041481972,26.3037309359826,25.3856062140866,26.4747827521401,26.8117057790036,25.4883798536968,26.703147685507,25.4526002686622,26.2741460190966
P09330,28.8121470072064,28.3602594001325,28.9934181261862,28.1053670469939,27.7094800736958,28.1815603743611,27.5529577467664,28.1558845511436,27.9137300347277,27.1842412882666,28.5079118819757,28.4144482658867,27.8308695556189,27.6564905593941,27.7859789672681,27.9434585750972,27.9611050007793,27.8767316452467,27.9329403555936,27.5831254711417,27.665607808855,27.9352433329615,27.5838237173575,28.0616545084113,27.6263036031649,27.9325234725152,28.4730633994629,27.5780310011111,28.2395516392566,27.9774460373415
Q6AXV4,28.683536718599,28.80605887198,27.5018813745715,28.7696941737432,25.3666725237977,28.4588723142501,28.0069507008382,27.6760493164279,28.7499548424963,27.977660427642,28.352192318044,28.4057334330024,26.64778372878,28.7593681553203,28.4688299163374,28.6120791922928,28.6892535426131,28.650318024769,28.5857436665258,28.8616546016866,28.8855845043949,28.9512411640297,29.5414038290265,28.9368554251375,27.9794598968716,28.3580343191579,28.4586711468085,29.4202477890868,28.7545617726024,28.584824350878
P19944,24.046946436575,23.3866063068673,23.7878788125451,24.0459033690456,24.9819860891701,24.3172134284647,23.6729204720209,22.9538791814643,23.6334565617425,23.7216194544593,23.8993940796251,23.2095325638522,23.5324162438224,23.5541635385278,24.412473765048,23.3863821570699,23.3810311135236,23.9279527383416,24.1027949143219,24.4979055741513,23.2876958856711,23.5124052847028,23.2221918367277,23.0621034589344,23.5585593358784,24.1780215129973,24.273422320535,23.3234969360834,23.3518404191674,24.5263683782078
P47727,25.6630549540355,25.6603277733484,25.8579340313516,25.9391363612367,25.6885995507862,25.1035862991601,25.6452190509504,25.6214507095304,25.6944894959785,25.9874035881817,25.3442662392306,25.4717224958289,25.8522285000276,25.7928016701234,26.0730513001438,25.8416044571407,25.6946997597901,26.2648042003743,25.8959409076378,25.4421368587659,25.8528198660955,26.1442476205833,26.6848982190952,26.295244496786,25.811693702701,25.8960771625585,25.73785922895,25.6387515634086,25.8788568024805,26.2965057418708
Q9JJ54,26.8916742260355,26.5783327454772,27.2862626171735,26.3414732282468,26.4460926497363,27.0198468069492,26.196228496059,26.6215643328236,26.4985291317599,25.946372319129,27.1099569203429,26.7617086536593,26.6571526111013,26.5582170763297,26.8745741022521,26.5230415979268,26.675733446389,26.4064028623293,26.3890586962488,25.7688868863019,26.3599807104477,26.9291451925994,26.576256704171,26.2264102487801,26.4972230837157,27.0946255620946,26.8407794762186,26.0435214548963,26.6022474723561,26.5677166345241
Q3MIE4,28.583940520448,29.1695264945589,28.7674212749719,29.6982396708709,28.5753826375614,28.9293570802815,30.2973795705858,29.0007550105219,29.0782363723774,28.3980765817313,29.3824181328879,28.8433869710907,28.8075429939172,28.5308049117565,29.3660637335228,28.8147399038869,29.630292234868,29.3464274739963,28.9932123459751,29.3273301990445,30.0199994111481,28.8269234147538,29.5186442076067,29.8189497934025,29.1028708642437,28.8988682001463,29.8279095689465,29.3075944709142,29.6929918504405,29.042156456146
P16290,29.9351389971948,29.2581824350865,29.9544255379576,29.4271737092153,29.3648555541124,29.8821538823084,28.9752612166262,29.5220516903136,29.4102664128272,29.5767842466557,30.0316893351384,30.0216153607909,29.596266378523,29.5649029220924,29.8648851179045,29.5616352980122,29.5595514145037,29.6011116462004,29.6780448259727,29.0503791154745,29.4573203154013,29.6113860395869,29.5004750730672,29.5402088693635,29.4471093722189,29.732880616971,30.189186257955,29.3723282145377,29.9364133061475,29.8107235401955
Q63692,28.3642350776096,28.9195849466734,28.8088081431102,28.410834541501,28.0927543683929,28.7169119385478,28.0969379249478,28.629335847596,28.732277962758,28.3277087520911,28.2919790186374,28.217964056279,28.2934003863117,28.4735379947367,28.1379058303044,27.9778453147942,27.8453771875578,28.1912010362609,28.2670798036974,28.2813696082998,27.9544222190954,27.5567748292269,28.2500929442059,28.1693030432753,28.5127255176031,28.1344155529588,28.4246434648245,28.1500399813781,28.0872809407572,28.262935511475
O70511,29.6728447601313,29.5265079666525,29.7463665075211,29.5835043556901,29.3223715282083,29.4152522034479,29.1244025151593,29.8537490551744,29.3821086880375,28.9252342185535,29.811805480959,29.6862682649348,29.4011828742424,29.573595831452,28.930946572004,29.1201756156398,29.3828580387998,29.4285362722439,29.2214455935074,29.4837387705258,28.9995185853826,29.2606177589153,29.0938507281982,29.4107813073581,29.3280078323289,29.2418600609559,29.7715160185842,29.2884732430953,29.5987379165446,29.4121094511689
Q80W89,24.938901442575,24.8644686450654,24.9129097730951,25.1497359184514,25.7091791604294,25.4158181293853,25.5498301699746,25.0486259924848,25.61753913975,25.2158136865106,24.323320430496,24.852433543715,24.9990719164721,25.2536915893263,25.0447129243121,25.2001093082785,24.8654931234332,25.1218265596268,25.6415515935399,24.1280996245185,25.4396766660309,25.2709554460936,25.3042090982917,24.9729516365572,25.5714528917977,25.5900459103061,24.7881737004523,25.3271008655255,25.1104034766663,25.2361954724168
P04256,27.7157279192461,27.1002532035051,27.7807569884863,26.7378381255766,26.2032575205501,27.0834292814847,25.7783831226873,26.248928554947,25.9465169834189,25.8357734484523,26.7087245745772,26.6233973834777,25.7847883504691,25.8609362973792,26.6920823355823,26.1137083968248,25.9903867152716,26.2548944451343,25.8327653915611,26.2464912133384,25.7077379473753,25.2621115097948,25.4204616129777,25.8560657110916,25.5246608578907,25.4943908375645,26.4215904957158,25.5735793872634,26.3417328308694,25.6397018273526
Q6AY09,27.6385986819166,27.5409295184424,26.7625435613218,28.0051035510287,28.2113052372658,27.680279634814,27.8164790812984,28.4368044192384,27.7186829377231,28.1954765439169,28.8845877632058,28.2402137547523,28.8000294968337,28.3025362757854,27.9483605332774,27.9900094980222,28.6342521143628,27.7171962864398,28.1271759072697,28.6380778406609,28.1490012713474,28.1829085603077,28.003027012658,27.6226169870759,28.303898330086,28.3461345929695,28.2855529078769,28.650023366247,27.6410857523501,27.6772366599924
Q07009,26.8174098391942,26.7781552312814,26.589783009878,26.9084185447202,26.4599435422115,26.6766583525887,26.7444013035442,26.8102585494849,26.2003874704272,26.2139120253324,26.7190426756325,26.7955829085429,26.614900244519,26.4232458085979,26.687046101781,26.1321824614621,26.6774095035824,26.2846492625922,26.6016332663568,26.8488696610317,26.1514670349328,26.8140847549401,26.6490015732749,26.3308406211941,26.7037954364698,26.3661494187871,26.7781651578306,26.5186212552548,27.0619233686491,26.9823235341818
Q78P75,25.5618133102168,26.1441544129898,25.7989767210733,26.0421923586061,26.1048054508864,26.3261416081938,26.9188669996808,26.6830060281338,26.7564188802158,26.7009289380118,26.7627299076212,26.694566042655,26.65925686401,26.4825668955826,26.5354290241978,26.6437597750032,26.6341131694369,26.4086372412514,26.6550391256789,26.6931852837145,26.8059194450739,26.7741656802508,26.7082017404386,26.3955002437297,26.6590515689206,26.5206670900593,26.3996698008991,26.8364716760647,26.3234374793312,26.6195899380743
P09811,29.0121572741529,28.161104709266,28.9154329841924,28.4504697519684,28.0826082749268,28.3379478314515,27.1504695348491,27.8917549119809,27.7208684155557,27.7677683752806,27.6718780885676,28.193668600517,27.6372654097953,27.6128007483988,28.1363604524056,27.6723595436943,27.6582969437221,27.8611378891839,27.6362320077847,27.3670431063231,27.5928346322023,27.4596733242862,27.2675213114245,27.5361277623507,27.4800303941568,27.6466414002075,28.1061760788779,27.377273978744,27.9266653827441,27.6701725090617
Q6AXX6,26.6669709195013,26.5284644703035,25.7361107019941,26.5307436515317,26.2451953157094,27.2686297090401,26.651178478149,26.8376589500685,26.4597278014223,26.5639278498715,26.7663627120027,26.6023994558816,26.4691779207095,26.6635483143577,26.3227284018588,26.412402370238,26.4519713215708,26.0291617828139,26.2425516867203,25.5946561731529,26.49054459215,26.2418962925694,26.2806707692195,26.3884690339328,26.3161343625492,26.8195200127656,27.0289933212081,26.5898250402679,26.6724001610108,26.2494375717978
P68182,27.5242572441388,27.3885137389429,27.6618898164513,27.3635341315655,27.4835402850008,27.4338876370097,27.8786405604481,27.6201483146546,27.7776699396166,27.7446547133253,27.9066601610134,27.7458381353553,27.6742665473317,27.5758945748044,27.6442943556175,27.790770238803,27.6819974089315,27.5516498361498,27.3274123957934,27.4763387849196,27.7119616577688,27.8975298259058,27.8756086565851,27.6733096337388,27.800411779199,27.5898357076548,27.7425521675965,27.8725725115436,27.6264328933466,27.6089819948133
Q6AYK6,27.8666128973766,28.0033946713584,27.9264101254374,27.9869685000292,28.1632672194071,27.7726915440711,28.2631882524883,28.0895353847915,28.078769927285,28.0880673516924,28.5566457968295,28.0921664117136,28.319782711075,28.050105544296,28.0718528563258,28.2264253487214,28.3721734331675,28.183915032262,27.7416193760201,28.551369488903,28.1891438948203,28.1875324259866,28.2962083431117,28.1852453461774,28.2222198578735,28.0507267775494,28.0050560912584,27.8386925311277,28.103452179325,28.0219823885512
P51635,25.9771812142859,26.2511159430758,25.2701755899773,25.5365495550841,25.644812150957,27.1534605835583,26.1796869992902,26.8844246585625,25.8459723128866,26.056661537947,26.4503244171706,26.448995954248,25.6046208415845,25.8430168147107,26.7647619055024,25.8561755668043,26.1164401390344,26.2609258714983,25.7861043411587,25.5376032957554,26.0966825915382,25.8507701163461,25.5820904555505,26.1694621088465,25.7761766333083,25.3214706672516,26.8010490605708,25.6850208198587,25.8304701276086,25.7279065143304
Q8VI04,27.4153874410374,27.3217935540168,27.8175968460646,27.2124761856784,27.6640068992094,26.7939558571652,27.6867893784387,27.2407802274772,27.5174714576826,27.1546221470286,27.6766992833998,27.4416800378264,27.5808481477174,27.6111418940218,27.4648693976002,27.5596330806997,27.9375632900192,27.5588947128827,27.3716622640498,27.7795107407698,27.675175564672,27.6784140962883,27.6277055402486,27.3023472059416,27.5924224513405,27.6558764960558,27.4066159888111,27.5956407716803,27.616311448938,27.540658940868
P35434,23.8807735146649,23.9451751440887,23.4945875245711,24.0266246243962,24.2377287393471,24.1821048277718,25.6810414305251,24.756724575394,24.5486183397978,25.2647150280563,24.718164859084,24.442573278897,24.8035446883003,25.1261804463788,24.9626101858402,25.0429360120223,24.867830299495,24.7140675935226,25.0930801782975,25.5276761191485,25.0602166008732,25.246733146348,25.1785821052317,25.094917764351,25.2115768146553,24.5724627240349,24.4490983489573,25.1772778926993,24.5754831704246,25.1573851213979
P97874,30.2360366724535,30.2023561793357,30.1494879215964,29.7003011250776,29.3789196328793,29.956090641816,29.8056738851367,30.0105580799396,29.4847711219786,29.1010263183028,30.2599140189762,29.7548444965325,29.5775294712432,29.5254347874081,29.086900863505,29.5280520907664,29.8004384517067,29.6421415899023,29.0378137632352,29.6139254518513,29.4326862442886,29.4162202421863,29.7130127371656,29.7646849235192,29.4729478326584,29.2953240490493,29.884439986266,29.8184417655869,29.7617649530763,29.4782154591774
Q4KMA2,26.6211222491435,26.5499503317243,26.2188422114658,26.7535288907507,26.3532503060946,27.0411073777713,27.4030305238155,27.4437402154373,26.9449492995414,27.226133022491,28.480641456199,27.2002266350746,27.287101518481,26.7402870020362,27.3778809646418,27.1132777475591,27.6173491845252,27.126080643606,26.9822729332794,27.4919257538212,27.2429347592564,27.2717697804589,27.6943786444736,27.4133344042158,27.6536459140918,26.3299337847672,27.152251795816,27.6698749277105,26.9214221140095,27.1181136218464
D3ZAA9,27.6525366163079,27.7837367084271,27.917880567923,27.7345721155723,27.8124669440257,28.013809194641,27.7060218140695,27.9537358565771,27.9133021747201,27.9553197609191,27.9804343051186,27.7430437254155,27.9151287366153,27.9214094297799,27.8394392098766,27.7753379841463,28.0332340740407,27.9284052732188,27.7484571991372,27.5261112516013,27.6756316598976,28.0209523194914,27.9004138603592,27.4878209697452,27.8326987710165,27.7814625315367,27.8136472986391,27.8123032392938,27.6762158188441,27.7544867815118
P21670,26.4364999344172,26.8662078382995,26.6567400476862,26.6094790595331,27.2515788062955,26.9824299156494,27.2733012806811,26.9413371400388,27.0090281930738,26.9935697672329,26.7772967997918,26.55442289281,27.1794895552591,27.1435557361825,26.9388212905773,27.0206612914574,26.3198041904712,26.9579408853415,27.093147883801,26.9542610196431,26.8931733484374,26.8249065023749,26.8966689173184,26.6865977416644,26.6485280341432,26.8215581876321,26.4555626607912,26.8931346333937,26.7933802530975,26.7720891777918
P14669,24.6733729213845,24.8837658158011,24.3841930695294,25.1968272572669,25.2804371412499,24.3737392470917,25.218704099354,25.1223148021404,24.9099660639999,25.1695457167494,25.0200074976326,24.8683809064904,25.3978239040924,25.8133227893932,24.8039452027581,25.3159426679296,25.4042912695255,25.5537549688923,24.8523463279346,25.5086492321532,25.2196868892324,26.0179447359155,25.1574455570915,24.1894962144223,25.3980343505674,25.4818028514905,24.7120783722937,25.3727225155619,24.8362342435224,25.3187727236915
Q05683,29.4468415787151,28.9506627029032,29.4080975485168,28.4796839225208,27.6165096680315,28.575927928038,27.5065044596769,28.451020720558,27.4653323004019,27.69168577198,28.4966711413652,28.5458392936302,27.672470123131,27.5920202109618,28.1008446661547,27.6379698102893,27.9754084270284,28.0414496546325,27.9000298422226,27.6775823537804,27.6163610161745,27.2592757114862,27.653875921446,28.1502820290742,27.4389851403641,27.2923756829634,28.563474180712,27.6673379203313,28.3417468286643,27.677879136224
P11762,21.8990204640085,23.7207914446794,23.7662125407629,24.8801318677382,24.6508741993541,23.9235043745556,25.4831688106963,23.116410078922,24.7742350440783,24.7255649643206,24.5789404596629,24.0734089402259,24.6053564684537,25.6898295950949,24.1512237437524,24.8284834690235,23.0000795003523,24.5018494588816,25.3127174635171,25.1705694244814,25.3105047135317,25.0572620006442,24.6071660545031,24.8882852709198,25.0455039942485,25.1010886717427,23.1305690686232,24.6349532613125,24.0847132898525,24.911251825991
P09495,29.2126324812738,28.3090647393843,28.9100789893698,28.1591719944586,27.3806488674911,28.2203402592869,27.0998874783029,27.6454701970986,27.3761526318984,27.3309414087539,27.9230417506104,28.0693879398078,26.9840635760927,27.525067962998,27.6324317316106,27.6662308013459,27.4955975551243,27.2248695613369,27.4971587578217,27.4867971387604,27.2337485939934,27.2045562210231,26.7156766836556,27.2222144916637,27.064915451562,27.7109381125284,27.9617828234917,25.9072827050704,27.5356180376282,27.486528723051
P62494,24.8103436173902,24.2351977426074,24.9518688433148,24.4004028556345,24.2677254846634,24.4926982072881,23.2748650824061,23.9067807199087,24.0396208092199,24.1782363775857,22.9894818344987,24.3706123405084,23.6287355000705,23.7186576341606,24.209511959574,24.0516690834244,22.8728693603537,23.9645779807308,23.8655557138694,21.7947901960498,23.6090181160089,23.5013030333539,23.3449277683539,23.927010676896,23.2058622288692,24.0810309650084,24.4061873878766,23.2011609094074,24.2203408160958,24.0601331161913
Q5I0P2,22.3275678747057,21.7855939970824,21.5281632916494,22.0433950475341,22.4793640633775,21.4191086292958,23.4289324641373,21.8437631557506,22.1460877758276,21.897024473408,22.1360265874541,22.0341864321052,22.5010838130699,22.1861656477925,22.5834479596683,21.9167052671736,21.4707156089973,21.6908467888404,22.8516796548209,22.9311638607135,23.0241548511829,22.7142856152341,22.8486484420847,23.0381357841881,22.7172932551585,22.3095746048058,21.8312210608286,22.2271431707524,22.4902855660173,22.6098442982381
P04692,26.456529085094,26.7159144412499,26.9025669665524,26.5486798324746,26.462882719731,26.5017809394768,26.6093633756506,26.6336571190141,26.8757840298952,26.134699835202,26.6820678531656,26.8004781854863,26.6490552172278,26.6728747835085,26.1116564612069,26.6859953047856,26.8637610905431,26.756647800662,26.5701447752563,27.2749280689924,26.6593739967083,26.3247275912109,26.7526939263826,26.6553068003332,26.9319658719721,26.7912900455005,26.7461064313487,26.7784938286667,26.7685729431966,26.7346246030247
P38652,27.6564689963049,27.6701945069344,27.354846204796,27.3391052099402,26.5634840910304,27.3408957528231,27.3995086521365,27.2153795271375,26.5271293947479,26.8235742207076,27.171277396581,27.4831395638248,27.6377429313382,26.3780408449525,26.8585294612819,26.8521317439645,26.9630940023037,26.79283552041,27.0108104152671,26.3032568195295,27.4229685134699,27.7127463822609,26.6862363749286,27.5962999133569,27.7164082042994,26.684870826407,28.0845785137477,26.4373474362738,27.0624860212395,27.1826949554386
P41562,26.7141706272489,26.2446779843113,27.0224696972864,26.8661369658715,26.7634578305729,26.5790316378449,26.3774797144759,26.1176168790292,26.56835399331,26.6080904717853,26.2924003287594,26.344380485816,26.7431088217468,26.5495093995014,26.379419492099,26.5986391773451,26.1839555095552,26.7891214942336,26.2064846883496,26.983592265008,26.4554206567337,26.1960202524121,26.4712293880848,26.2485557028618,26.2915074577583,26.4205036832488,26.1825130117823,26.3345795215794,26.3402055179352,26.4724056206265
P08081,27.3510867110994,27.4998606782267,27.3624206908757,27.3757306414092,27.6525284896865,27.5839717686649,27.6070233915391,27.1068607391579,27.5096516747118,27.8224709388633,27.164298704196,27.111458950208,27.4889918665884,27.6444370708075,27.4657126086731,27.5836790627295,27.6971764264577,27.7456204784506,28.0068355189489,27.833546312331,27.519972103781,27.8579839171283,27.7228137164412,27.4972314229965,27.9446824973365,27.7299052158228,27.276873473278,27.8910549175609,27.2663291557489,27.649801154954
P22062,27.4434342004586,27.6448337028833,27.569104820938,27.4352256344113,27.2558220462981,27.7553350556741,27.3783640176947,27.4518462351873,27.3469400555749,26.863131888844,26.9609828113798,27.3512503205982,27.1192018115383,27.1506049099303,27.4922713049338,27.2958133159065,27.1297803100438,27.1169146691934,27.345115159233,27.453706572767,27.3140873717027,27.1323331213987,27.0734887210373,27.5073037867011,27.2641077079178,27.3615500552095,27.2237689963636,27.3133382453613,27.4064054622053,26.8953208929612
P31977,30.1537029985009,30.2254488792458,30.2331433749701,30.2086780992719,29.7916291787836,30.1181644533613,29.9108826885454,30.2401597981721,29.9301464478596,29.6768664587505,29.8859116738096,30.1905112299312,29.7570260013292,29.7439088996565,30.0547728754843,29.905600609071,29.7450348200232,29.7757147502339,29.8498609608751,29.7650571833977,29.8048904253586,29.6941893339152,29.5934481839343,30.1654802538042,29.9190476201961,29.832924942998,30.1480818313493,29.9712840549703,30.1328911028728,29.7727929897292
P0C0S7,22.6228534783365,22.9007145932287,21.76557221818174,22.1763338312257,22.9432027606973,21.0172545681431,23.1353645906399,21.76715190387,23.0931283918654,22.7870621782428,22.7673515109097,21.5742609460077,22.9555063526782,22.7755938872526,22.2090554197674,22.8737382726494,23.6105682341723,23.1773167194927,22.5753245309282,23.0203534341358,22.9596832753689,23.030217078299,23.335564057383,23.3844474239463,22.8999982745373,23.346764098185,22.4113803941831,23.1380645883713,22.6105437167626,22.5454075099694
Q9QZA2,29.0578926937147,29.3765473635174,29.1239925521497,28.864885711294,28.6537725831784,29.2553061840118,27.9677503196272,28.9704777130284,28.4652651516136,28.1180776075327,28.6050786777207,28.7591551405298,28.4092845710831,28.4812474547562,28.3867059289025,28.4086481390519,28.2844393676647,28.5881055076504,28.4295701222284,28.8532724110739,28.2141515546024,28.1705503015624,27.9290156582628,28.4578211233054,28.800840591168,28.4211185501258,28.7302720539291,28.2115932558161,28.582628761078,28.8186460486757
P24329,24.8059907808087,24.8822068906608,24.5771162331963,25.0771303513968,24.7656751284921,25.1613064237478,25.5511810955076,24.7511100580381,24.6894688614401,24.8092713563628,25.3379101157551,25.0635622854511,25.1100898730064,24.8824561453501,25.5160015846277,25.0990728553639,24.959808889991,24.8525276975862,24.9000363042991,24.9404921666631,25.0476730681266,25.0401352967924,25.1064800565698,25.5171365115478,24.7270097118716,25.0016009357306,25.0132007374041,24.5422096020891,25.1790104527959,24.8753352436391
P62083,26.6580585800377,26.6676537902087,26.9227462616485,26.4805084364687,26.2021795822556,27.0139298218794,25.7278707905008,26.8481768534792,26.2179761925765,25.8363820986175,26.5028379949167,26.7347509994295,25.9434783144938,25.7772837074037,26.133207931357,25.8898326877041,26.1316350151388,26.0268327758987,25.9400411897969,25.9460108103212,25.549018277882,25.9464458195333,25.6706472287514,26.1805601588764,25.9098920697481,26.2849591420866,26.7898487159891,26.1677837925107,26.5765993069507,26.0371167308025
P43244,28.5782502804567,28.787638862336,28.6771873997237,28.8587779888757,29.0440431599016,28.9199701134354,28.2547227635423,28.7320658435831,28.7976851387074,28.818457151635,28.5319877547151,28.675894526442,28.6675030867302,28.7173365892991,28.5673651738846,28.6373833527087,28.5546730124273,28.5644853802574,28.7485411694185,28.7415745168545,28.5831854538086,28.6254728100888,28.8256798589542,28.2561368147338,28.5930856438163,28.7996446326136,28.5002440116246,28.6547948717088,28.7052821698423,28.7155095961931
P97710,27.802620464705,27.9905174758444,27.7926087411624,28.1694282932265,27.8967311439781,28.0486282550827,28.0103571139196,28.1961623927864,27.8488124947012,28.1983754172319,27.9551627315744,27.9490746826144,27.8577564607272,27.7377736111361,28.1197233759519,27.9147682806365,27.8469504753287,27.8107596576699,28.054561034332,27.8924034408545,28.0710836335401,27.9046553839448,28.0295490880238,28.1057886808902,27.7413880106831,27.8456825936784,27.9692536970269,27.9291583022937,28.0380651189561,27.9374591569184
Q9JI12,27.2105768012984,26.9788258016475,27.1765844786172,26.9204738223102,26.9208303430946,26.3739754407873,26.1730296439419,26.423808784212,26.4286376664387,26.5421445599276,26.6732092735352,26.5510532535294,26.8459999423756,26.7750087742066,26.4147214957369,26.5762865230707,26.8615709695076,26.7857615247827,26.8150257242599,26.612305885906,26.6203087543547,26.3575507901677,26.7203808317194,26.3498624492331,26.3409037445536,26.3882124207286,26.5526926025344,26.3875681658071,26.4617611807598,26.4611968298566
P11167,25.9687845934272,25.8963460761628,25.9355486583612,26.1075674083302,26.8343812855112,26.0414030743473,27.0987004575111,26.4122584670766,26.810312265132,26.2282136714988,26.2940578542439,26.4267315875734,26.8512209120513,26.7080694792926,26.1757124315513,26.8595300557327,26.3153029333918,26.8273381943998,26.8560332415805,26.4115872834938,26.843729078443,26.9361406512298,26.868238977917,26.5471377939541,27.0305521890487,26.8656707718357,26.4452547197576,26.970810349224,26.3629360074165,26.8371083403464
Q5BJU7,25.9966186939101,25.7567647648,25.9855566496048,26.2987572632759,26.4823185076395,25.9568707026998,25.2143292759827,26.0271603843289,25.8671545191327,25.8490202721105,25.7135921439509,25.564576555923,25.9343074860179,26.1124892420593,25.8448684453682,25.6894999482235,25.5060710346486,25.6117030751907,25.8360605896878,25.5236879175118,25.2902763235877,25.6258268811832,25.3684561716815,25.4112031263352,26.0190322030869,26.1308129082272,25.8496045386994,25.7524334555998,25.3652054204295,25.5946890791489
Q68FP1,28.0811301064905,27.9518144806059,28.0953856679524,28.3807773189098,28.1155267977835,28.0774239951442,28.7425149376759,28.0461519210817,27.9782789594694,27.8264388151162,27.7574653498789,27.9517465822618,27.999879433295,27.989570518916,27.990255139726,27.7351889905661,28.16043731752,28.2543183670422,28.0586307797669,28.1248109976341,28.1881261863217,27.7521471544625,28.4529870228602,28.4606002733094,27.8021611598541,27.9539116575327,28.2192449015653,28.0200197298005,28.1924464974287,28.2499633828374
Q641Z6,28.2510243037817,28.5540479802629,28.7603150750861,28.2777354554165,28.0930953536634,28.6787344943498,27.8026742692434,28.4381910445353,27.8927178280344,27.7841236452573,27.9978479386928,28.4611272850203,27.8466690289713,27.8964515164984,28.3092512598795,28.0945173647976,27.8209575577823,27.8333297548718,28.2074776502469,28.0121930408158,27.8764624509043,27.8790838929986,27.7925536145496,28.2543766118193,27.6290806659113,28.1935697236237,28.2880889401683,28.1541453058173,28.2008047085949,27.8804530982172
Q5BKC9,31.6064975544618,31.1818263262039,31.2707203691498,30.7261943168975,30.4800900048904,30.940661290152,29.9720448649805,30.391443696042,30.3418577052379,29.9877250649628,30.5000698258931,30.7038071063696,30.2848649562822,30.4375873824413,30.1872379781726,30.2408993808848,30.3400950825865,30.5113666090297,30.1992066769553,30.4375062159036,30.1242611225618,30.2207899700656,29.9623607613367,30.3585752652269,30.263934364586,30.2998802448503,30.6459690944585,30.1429299248157,30.425965567737,30.1066764696549
P62628,26.264544342522,27.0272704440571,27.1875585848177,27.49934463434,26.6709061726438,25.964977977029,27.2479724679508,26.7171882153901,26.3101970564961,26.2564100534902,26.0756823378414,26.1531860384278,26.2666076622599,26.1429629629283,26.7020180287858,26.465857063948,26.4216753308672,26.2844801759636,26.181208555738,26.466508014618,26.6063629606151,26.4153556156501,26.2283929083151,26.547711213767,26.1823315890473,26.4242383427874,26.4516752391011,26.1776567877761,26.5150653203013,26.3860982307488
P62909,28.6380936588578,29.0533501669991,28.9601502962276,28.9696963985465,29.092715189345,29.1676848687257,29.1374598113883,29.129933446952,28.8813559247411,29.2451632054754,29.0326238815168,29.2884769997211,29.2757301236216,29.2007093296571,29.0112444070967,29.0164678295092,28.7972740874953,29.313279810105,29.2742728260394,29.5369324084033,29.075070823286,28.99815838537,29.7092126085392,29.0908560664709,29.0964112455979,28.9751095931076,29.2164280681307,29.3571011472036,29.3193136717189,29.1811399495386
P21708,28.2311670920677,28.2771978163628,28.1856731302928,28.1216862510314,27.9407694569241,28.5473371157199,28.014546700139,28.4121989710574,28.0635627436761,27.8040414687971,27.7551435992979,28.3219762895335,27.8592716162885,27.960930096015,28.2542563713238,27.9887371220537,27.589598807976,27.8160781694463,28.3293676307263,26.7052576845317,28.0347773599859,27.7921391738755,27.6896179058574,28.3070004831568,28.0416294946643,28.0428143844849,28.2010744506062,27.8454087430499,28.2812600182181,27.946377040169
Q5RJL0,26.6269545935204,25.7902956908463,26.5942331529193,25.4637658790116,26.2036841977987,26.4891488390983,26.7927354447268,25.1419770018618,26.3107252018717,26.4770527781363,26.5821069326083,26.2207691169992,25.6346949833627,26.0716311396118,26.401431400992,25.7658856051419,26.6868914960118,26.2741522520697,25.0080724688317,26.3736200625597,26.8505755027103,25.4591242915628,25.767390082575,25.5993861047172,25.7552222286667,25.788724108849,25.1476214805413,26.4762862413365,25.4393696968172,24.7774153440264
Q711G3,26.9317438414825,27.2836479974134,27.1769521380793,27.4302799497642,27.1153421880426,27.6637595214289,27.0590091891632,27.5808457790102,27.3704206690182,27.1781676125915,27.2900140413432,27.5518531968445,27.3753094634862,27.308101041095,27.4614389414116,27.3670015460147,27.1781320378635,27.3278686781192,27.3714058800171,27.8329828018796,27.2337327318989,27.2751283442561,27.0961262914742,27.4990411579137,27.2662378390813,27.4954220278412,27.5213623015328,27.4488329872015,27.6554438604706,27.3448997875166
P24368,28.246696271661,27.5877088917973,27.9914937044078,27.291275500456,27.3550383946108,27.0962962148858,27.7037922948167,27.4601394050841,27.1286543047602,27.4867726846919,28.171341543324,26.9801169923508,27.4951361287631,27.0889263063771,27.2937263765634,26.9985956570136,27.7276490098273,27.5247127268291,27.1574632122933,27.3847004705873,27.7337073307715,27.5114350410882,27.6331749595154,27.9209744526987,27.0170267697242,27.5941894605001,28.0265894803424,27.304377730152,28.0091441025481,27.6773713755068
Q7TP54,28.2479525336969,28.7353335214796,28.4146134934821,28.3118522524697,28.2362403782631,29.1523135458078,27.914751830644,28.6765425932175,28.1973164435792,28.2884096473681,28.5614192816101,28.4782958929686,28.0023654406915,28.0114231747756,27.8772106243179,27.9596073784272,28.048536384169,28.0028647507717,28.39200361641,27.9877903450222,27.8956683230166,28.1197338345114,28.1491272194035,27.7613573760691,28.2492107103513,28.2207144656748,28.5338613593037,28.3023177129217,28.138309103943,28.0308857531352
Q9JJK1,29.2764103460757,28.486701355832,29.0091077429642,28.4989642460953,28.2994687134725,28.5789304937115,27.6617774055114,28.010440759859,27.8697889527119,28.1720811100937,28.4787911396182,28.3316123067796,28.1143786276079,28.105197191839,28.4535414026326,28.1082789893714,28.1279298350427,28.2996815157007,28.2823486965906,27.7742565876415,27.7796975135046,27.797314344483,27.745837368285,28.0575415527149,27.7700350489184,28.0298759307017,28.291229211704,27.7312090511746,28.1536108252436,28.0220377233527
M0RC99,29.4211563390998,29.0319563461513,29.2752433474082,29.2768115022228,28.898012610685,29.7254761983407,29.6967543742201,29.6079420540658,29.625403686851,29.3185460534929,30.8614817451322,29.8442333303666,29.4316907952017,28.8230871313156,29.9648795310848,29.3811124741083,29.8719228566185,29.3961133912438,28.7116344544013,29.3317958605091,29.3303896074969,29.190794713333,29.2718471595588,29.5567108576345,29.7471502611572,29.0477331883458,29.7204583269842,29.6311862133463,29.2724450741134,29.3016962770239
Q80ZA5,29.6276210828205,29.3883674827387,29.4782103957374,28.9574686512433,28.5429570386432,29.1587244088717,27.6147325871203,29.1086100696881,28.7485875695424,28.2115226596074,29.0203336569112,29.3772417318436,28.3962711879898,28.6360707057924,28.6313340643109,28.6308633529027,28.6206668866889,28.8972240990376,28.474138063928,28.5517074749326,28.3043361005385,28.4566810914519,28.0820188519029,28.7552484563517,28.0069607221687,28.1638527402426,29.2651128107054,28.301082470177,29.0446934569407,28.3476678315444
Q80Z30,27.7514718356285,27.7303478047973,27.8060879261169,27.8208943737721,27.6509419327267,28.348576472245,27.7864576203489,28.0052805435737,27.8387516553045,27.2054745428742,28.7257991907847,27.8979653839101,28.1394610594015,27.8035857446259,28.3653358342929,27.6805023117674,27.9353710509335,27.6445163807427,27.595133075089,27.7026157734944,27.6197804033394,27.2299488044268,27.6988728045412,27.8883994718214,27.1076336304257,27.7501615264143,27.579048478721,27.802412604722,27.6204029014944,27.8491821043609
P48004,26.9679890444195,26.5841932618914,26.8330895341575,26.6510768215003,26.3601493140177,27.0696914086774,25.9448746699727,26.2914376362027,26.3052212604814,25.9768193047981,26.3321416286827,26.4889521154099,25.8419790156757,25.9862228251972,26.1629309592557,26.1472444304102,26.1296824361413,26.0722067058425,26.1593995316807,25.8096535676453,26.0453015223556,26.1239324044582,25.4508676519404,25.6016769850999,25.87606391862,26.0435116214539,26.4403340155128,26.1253650017523,26.2373710917507,25.9320611302144
O88339,28.2691562061189,28.6438283941436,28.4150222361914,28.7342960603632,29.2698275087603,28.3451540981803,28.9982133791798,28.5581929338639,29.1115024789345,28.8734601309647,28.4127575756344,28.5338411863379,29.095440316267,29.4740300554386,28.3618323593056,28.8557942422695,28.9114023644619,28.9183765994533,28.8939243399374,29.2379128243833,28.8728736688815,29.0389780257096,28.8924066168286,28.2795642099742,29.1028390848338,29.1857275685034,28.3743741425553,29.2375672162561,28.5976853481895,28.8629001726371
P30009,26.7212052029429,25.8549712887508,26.2493174496774,25.9166754883365,25.9946713928822,25.9604231508349,26.9439247230288,26.1758294491636,25.9040088289814,26.1495017790004,27.4354947040129,26.2834679094743,26.1755233241031,25.8437344937136,26.3575487439529,26.2246137586185,26.7026333631784,26.0328498196545,26.2935976792765,26.3789889268095,26.3204211947718,26.2176902223228,26.2520478808679,27.2393071188185,25.9778703018747,26.1251937507818,26.2437852528463,26.4968422374287,26.0809449270326,26.1885494584494
P19490,29.1511281205044,29.0909753193742,29.0404832009223,28.9287380091632,28.6961871317911,29.0978304847105,28.5112477465063,28.7611611458625,28.4457351793817,28.6281365339021,28.6332818190364,28.7243991826045,28.3230424913953,28.3714612363384,28.7981123546419,28.3825848319253,28.3641832786194,28.4368850766005,28.4899755111151,28.6776090265442,28.4088310601227,28.3378526198847,28.5043908769256,28.8130835595186,28.4043674181493,28.4126153745837,28.8251348938359,28.3371672243113,28.8348578942561,28.3238164718026
P84817,24.3182182623084,23.5225783832528,24.0156581109827,23.517227933362,22.9920213442619,23.6850702044377,24.5502470982942,23.9211223727843,23.9983853606872,22.8079262947389,23.1702982730641,23.4265415395039,23.6130844917617,23.8885078561141,24.2228328491618,24.0808320434171,24.3651737155197,23.5010229564537,23.6894675644581,23.3488974617727,24.5909161041015,23.3920968266165,23.301847501389,24.3237419169277,23.8454048538287,23.4667703014642,23.8909813227986,24.0315334844055,24.5737399939189,23.3075746669587
Q63413,26.2029521938216,26.9415308375009,27.1177812755785,26.6540097791987,26.831736402896,27.241056188932,25.8364272944121,26.5909948859959,26.3743170007139,26.0516225819326,26.42020899471,26.64329712542,26.1126676879722,26.206976220749,26.5275912335333,26.3372942411518,26.183818789063,26.5162965857252,26.4667558693985,26.3621926560696,26.0251391898147,26.2676272331591,25.7887293083711,25.8603644836097,26.1884996757714,26.3465069668784,26.6340428125706,26.1386764590282,26.256612078953,26.0901646995082
O35987,25.3355021512552,25.1167282281538,24.7976880256352,24.6900244292146,24.6655361883901,25.2314750719048,24.6333373277276,25.1780156983735,24.6632627739104,24.5649191309093,25.4741078485569,25.2130371823815,24.6434111199766,24.5528825469255,24.5093983405855,24.5119477018089,24.9556322426962,24.7012571944626,24.3809421074895,24.7851133397878,24.2697851369507,24.5981294896638,23.6923097908848,24.6742635608148,24.5131435354534,24.5451540260222,25.1862008504334,24.8208338648787,24.7446457225289,24.4975706435428
B2RZ27,26.5266507750656,25.7211024937238,26.4628669516928,26.8818350693228,27.1730587103561,26.2428586290481,27.2330433695743,26.0458943653346,27.1266184963682,27.2999020108287,26.1513509040208,26.4309667102729,27.4060549347528,27.4560614979061,26.6902719195131,27.2952905787871,27.4527711313026,27.2508671484135,26.5228534456805,27.7819463502479,26.9315070823289,27.0816921965561,27.4500724339271,26.4010944655454,27.0290712542504,27.3385328970022,26.3012384867034,26.9252225482387,26.4462248966564,27.216218191086
P05370,27.1934284034591,27.3227984480526,27.2449080784459,27.3375991627938,27.1784505988811,27.4453968317925,27.2762663988787,27.3820620748825,27.3350324764305,27.2087159834484,27.0687927783325,27.2308011848623,27.1635943665993,27.3235621903682,26.602498028182,27.1698222892753,27.0010369151008,27.1776706187475,27.3106247396319,26.8078856317919,26.9914399686036,27.0432767275004,27.0219874565436,27.5119160147916,27.4759009901904,27.2699885536174,27.2830824695128,27.0397969142938,27.3027120885496,27.121524090352
O55012,28.00132944543,28.4982224937046,28.3597427189915,28.6934305075752,29.3553513221098,28.6442366502254,28.7448316509079,28.5993498159767,29.2749408476888,29.1560852295785,28.3139351472909,28.5853424643938,29.0800337185074,29.5354557540632,28.5024210909242,29.0136471692278,29.0273915572747,28.9398155112049,29.1304235576297,28.996468891029,28.8836911135491,29.1282375477002,28.9592670548838,28.2440256118823,28.9097109301113,29.150433513379,28.3172281709111,29.1333925467672,28.4316321332386,29.0503366904408
Q99ML5,28.2608870141668,27.8944676696793,28.8952501732943,28.1791603374342,27.8930499958068,27.846247438545,26.9720892825973,29.0652370478498,27.1070832828677,27.7598008899044,27.6092716686524,28.5628670413511,27.2714097640618,27.6106113524737,28.9114602068856,27.7406405911128,27.1078985638249,28.0236505785149,28.5665871491506,27.0753558097841,28.0987910405307,27.7385553587859,27.0049667013069,28.2629780850975,26.7049143757479,26.9670624697343,28.7255915230424,27.9639269917962,28.4142797976026,27.6476662246822
Q9Z0V5,24.701325002349,24.2132492332708,24.3255948790213,24.1414826780441,24.0892402683412,24.9356570624021,22.4567544910321,24.1590493047541,24.0433921370555,23.9800945063698,23.9805915940306,24.2323941468581,23.6530684138182,23.9228602434745,23.8621849728298,23.662113364893,23.0377622100048,23.6484636231342,23.9074424231721,23.0130959395903,23.0303249981512,23.546500436101,23.1115102030092,23.1849278079816,23.2012301723019,23.7401941174766,24.1768600618907,23.2923028962299,23.5704442949927,23.8366039503642
Q62876,24.5768128692394,24.8474601070852,24.4343800457386,24.8179543120706,25.0091158652025,25.0359274335463,24.3691155629033,25.0090092241274,25.1606783087089,25.1307806881227,23.9504695066242,24.8410278346165,25.0600277927177,25.4945534856232,24.4559485420792,24.8989044877808,24.8177366510477,25.2014079546504,24.950447987692,24.9925788689803,24.8043630246691,25.1007502978246,24.9546606568703,24.6333490818482,25.5720821709462,25.2386788596341,24.7100525391542,24.7895442358471,25.076870652062,25.0484865868069
Q62658,27.8484138171619,27.0007345796041,28.1774787651933,27.4383761290916,27.2342655413355,27.0561756110008,27.2863689895412,27.2211855188516,27.2760895150804,27.5103346288,27.5468849428854,27.5472416619155,27.533818205621,27.0144557031192,27.9475621563284,27.6519330562984,27.5212188119327,27.2610391752254,27.1701828281032,27.4605838037386,27.5274896517076,27.6095612728558,27.2286612099345,27.3235145114628,27.1994010985419,27.426226237185,27.6330972429154,27.1841144371038,27.7065515147263,27.5899942479995
P17220,26.5100653017092,25.8225627267717,25.9549115721084,26.1595589823814,26.6692947787135,25.4989510334926,27.4879082626165,25.9763010546566,26.4058485570496,27.0172849146895,26.6378557973445,26.3521811308984,26.4336650439638,26.6929750627974,26.7564001707161,26.8387029556476,26.6140256497933,26.8859771446029,26.4865103305722,25.6573251637632,26.8220413159094,27.3030195535064,27.74455675993,26.7777549857791,26.2439919175195,26.9939081418795,26.6018054267223,26.0833212873129,26.6512620475291,27.1628554156875
Q64559,27.1191000390818,27.8627560575936,27.5174661284058,27.4686248470746,27.2095596271987,27.7980701719073,27.0782835246439,27.9619320874377,27.6317041076657,27.2844478435025,27.2087515848591,27.9884424462248,27.4688486791339,27.0456085489978,27.4163373880852,27.3318043847211,27.2433678016137,27.3204952333636,27.2528925153965,27.5872907926416,27.2372597912953,27.3996819964912,27.3023675221388,27.4353869674248,27.6501261748736,27.3271838046129,27.8549612286157,27.4174149560454,27.4545262083258,27.1287295452337
Q6Q0N1,27.8980991610305,27.56300768452,27.3827643118991,27.606911997959,27.6929901921242,27.4417161137374,27.677335897701,27.5143455280571,27.458500031074,27.4406060469893,27.6207021985552,27.522708274536,27.6173842723353,27.6448400482054,27.5231059895989,27.5693369652887,27.5903463250137,27.5897283406231,27.4285600205136,27.8103321674238,27.5601022000429,27.5574024605788,27.5124891404721,27.4288856636859,27.3583323780608,27.5595567247571,27.3130646160416,27.4279730223215,27.4365250732433,27.5446742358297
P58775,27.7230019618221,27.6150244953341,27.5769813584677,27.175476558795,26.0651392182092,26.4970401923556,26.8112383977342,26.6143569592664,26.2229444366109,26.7968050962606,27.1992538571969,26.7020174703974,26.5080954043427,26.2038986283107,27.2713102372965,26.6406897593454,26.5786802099065,26.7032038373952,26.6285297539092,26.6483464922202,26.611165718535,26.1620145038603,26.8097441430037,26.943594408944,26.33133209281,26.4487159097104,27.045047585163,26.523508797631,26.8713111499799,26.5244115418704
P28023,28.8969703949062,29.1340791836728,29.1304921610837,29.0540761910058,28.7780609770779,29.1955899612871,28.630172418347,29.2509159829588,29.1457559325212,28.6751005023106,29.2179315266209,29.2223523944693,28.8875596306211,28.9078715422234,29.338136676736,29.1505221331673,28.4646416769771,28.8770260983087,28.7522117031803,28.9948716135003,29.3183387773487,28.9847296110225,28.9563632623426,29.2979124601522,29.0612230523747,28.8726894154874,29.1690411946942,28.5996686870051,29.1563313352004,28.7916438363454
P17077,27.8899953085229,27.0290498059436,27.6907504514698,27.0772685376046,26.8561693915118,26.5177316842852,26.9587859135266,26.396420421844,26.7235842122889,26.7466368749696,26.9529451193027,26.9046229684709,26.6957839628424,26.6339598423597,26.7113221207564,26.596342874403,26.8774697092422,26.7542520976159,26.480925942866,25.7131777071575,26.7761388650391,26.466365465367,26.832208092879,26.6670450821202,26.5771306546372,26.2273981431448,27.1113341155842,26.5825480980324,26.8513624666884,26.7888922012478
B0K020,24.5646029182647,23.0904043098989,22.5361022685242,23.9391953673386,25.0395398693911,23.6954485656002,25.3757869934105,25.1744937893062,26.1319566913061,25.5305393667095,23.6547848177004,25.1469516826829,25.2049250744752,25.1811519765012,25.1560119878492,25.9132906842639,24.9260929405734,25.1633786847105,24.5719055368034,24.3139583733007,25.3293259088028,24.9663261354632,25.1648410699359,24.7511985796102,25.2424834425468,25.103660669071,25.7886874176704,25.129863246918,24.8868766733564,25.4347336321806
Q6AYP5,26.5419512105798,25.8245338531939,26.4328955015003,26.7523661652144,27.5236102555193,25.3179099252895,26.6835699885775,25.4967646893893,27.0758787514484,27.2848541517574,25.7328791334521,25.9428645279069,27.1231151459946,27.0881337986575,26.3285040378992,26.9830642825605,26.7635082577667,26.9893391650964,26.8771703410186,26.4287592096161,26.9241953525296,26.7575605287381,26.9363052727128,25.9694285966413,26.5388235573112,26.6852128031998,25.8545308828698,26.6898926204369,26.3690394561765,27.0581776729194
P38406,27.8231504687818,27.5814531282509,27.547821337464,26.9999461841061,27.1062201227747,27.1454610409506,26.4815349995839,26.7779393365821,26.8369437467552,26.8622899161277,26.7350842509392,27.0670761225887,26.925240045646,26.9630650323026,26.6576831009813,27.008686762021,26.6411064180321,27.0434368118792,26.7523468524914,27.0261033350522,26.7904991318168,26.6374479325074,26.6183590293555,26.5128714844442,26.6522237337683,26.9100782434378,26.869875694065,26.5158249784966,26.7120870063939,27.0399049601887
O35567,26.96542322121,27.0107501002305,27.2441359775547,27.1006501665987,26.9888028125462,27.3287651680549,27.2919321000863,27.3590319902986,26.9676482330749,27.7202524945192,26.8152138555206,27.0342833630192,26.7384434942873,27.1580438648638,27.5088701584153,27.1567110439919,26.8497833235391,26.9878145137225,27.6472749895378,27.075801980473,27.1117678799221,27.1649108253784,27.0008482464635,27.1503805416001,27.1044086486904,27.0284242380849,26.9617680122488,26.9504679663549,27.1996643217216,27.0524698637662
Q9JLJ3,28.7344816576256,28.9732956910613,28.7236210161935,28.7910704822854,28.2742332726745,29.1848788248681,28.0355924053139,29.0081546520151,28.587539264726,28.3804745104006,28.7659851775135,28.7960210054199,28.3659646483661,28.236937840422,28.6879760935278,28.4526848557258,28.3376214619367,28.3149878377829,28.3709093395381,28.6508964733597,28.5274475067781,28.346411426305,28.3309579328958,28.5855914724067,28.5479640501894,28.3482870315317,28.8730202715938,28.2875829502346,28.6288209057433,28.295495975336
Q9JID2,25.8496797875896,25.9975244606684,25.4429401171721,25.3953751975714,25.8907754922,25.6630938644355,26.0391426774312,26.4151871442663,25.9164790997242,25.8990445952504,25.7909273858344,26.0448889279988,25.8965472819977,25.7530507443963,25.9747014146388,25.9655792459856,25.9466640182419,25.6698254731352,26.2903147245212,26.1667777205132,25.9166993997406,26.0390734301335,25.7563218187528,26.0213662152908,25.9306597893942,26.0672284339692,25.519163283282,25.9664916149985,25.6991815177587,26.2026292724568
D3ZAF6,28.3491552529185,27.8767290561305,27.9976439727419,27.9099853244935,28.2034377228068,28.1176083722589,28.1520760514068,27.9348690331609,28.2538940841372,28.3324877650259,28.2249875617824,28.3133281128787,28.3544213218953,28.1649496756211,28.7865230593519,28.5036429750303,28.4047279628764,28.3243173632492,28.1747896608796,27.91194400152,28.5887493077181,28.3299212322392,28.3985759516371,28.7600581066417,28.2911852152591,28.494028703747,28.6659355361865,28.1833201304776,28.7296435699451,28.5406030907869
P13383,31.3418216497096,31.8404450495379,31.2618731469011,31.4120274532758,31.1078315338186,31.9615434836758,31.6035069174616,32.4303448525059,31.3145892886083,31.7388857542875,32.5191707067167,31.9356170243745,31.5854187441479,31.5144244140765,31.7308911330381,31.5884318432004,31.6478091579395,31.4255081146242,31.7021840994852,31.8771973499598,31.5343871812411,31.6895569933812,31.9293567296724,31.6998307073965,31.7715807070705,31.0149715214401,31.7945121517666,31.7894749535772,31.6308108497801,31.4881396460451
Q8K3E7,22.5782806853001,22.0125790157579,20.8064354982564,22.7485572417627,23.3998972511236,21.5601775339499,23.6820094426797,21.195409243432,22.6585159225797,23.3031409842705,22.5340660584243,22.4197811106858,22.2291686236576,23.1775059390478,22.6285052299318,23.0744912510649,23.3791828752144,21.6039212434935,23.4230277192449,23.568393280849,23.2076900958564,23.0055452446612,22.7298404769116,22.784097809734,23.4735088474498,22.3531680888735,22.6486894655855,23.3170816469648,23.1847853506238,21.985930367984
P26453,29.1009647051693,28.9679654950741,28.7802611349954,28.6785365863033,28.0883818933122,28.7803706741433,29.8794701083688,29.1855206832696,28.9705250895527,29.0379924989795,29.4855870842384,29.2114042181481,28.816399845067,28.6488176291094,29.4183884206529,28.7944966392529,28.9747379967478,28.5479308291749,29.0565342498282,28.729985621214,29.1421208495358,28.5842956005004,28.861955043941,29.6255283560692,28.7166311493923,28.604911722468,29.1343196010131,28.9935433390065,29.1279764707942,28.5834508051345
Q9JLZ1,27.2455109352628,27.1945515447591,26.8273332595334,27.0014565399106,26.8533817958934,27.4493849540953,27.5507624948898,26.9357602104863,27.0801524989279,26.8153597617998,26.9018941187527,27.1212697903185,26.8164488741069,26.8508141281779,26.8148613786012,26.9085586209837,27.0886170906214,26.9518944493176,26.9457743261768,26.4447086236258,26.622861213158,26.8352024374429,27.3668819366017,27.0584139758036,26.8389178671528,27.0698710437198,26.984411473976,27.7407915918922,27.01098388054,27.2304298401011
Q9EQT5,28.5643935968157,28.0653313047023,28.7338760875507,27.8238392845758,26.7366335503404,27.5003124744884,26.5351687738582,27.3173671200011,26.7869946000893,26.7621013462593,27.4105583081548,27.6955727006316,26.6966939954311,26.7074114708994,27.1469330043344,26.8312216863282,27.0128917737992,27.1327285021257,26.9781061347361,26.9754203885597,26.5239497675799,26.5797764871925,26.0879472666322,27.4170329130756,25.8219957079594,26.5186310053192,27.8305495794052,26.6572598011566,27.566090678138,26.8972540655541
Q6AYR6,27.6024806916566,26.858307072909,27.5676450386213,27.1578032301693,26.9249727043547,27.1044523306238,27.0323745015018,26.7189119825951,26.946027463243,26.7427251279538,27.2090590127087,27.1035328979433,26.9251821535384,26.9029498619504,26.776710369988,26.7828195034987,27.1477604061404,27.089988206161,26.7612182251812,26.8369927306747,26.7520898818481,26.6879560968346,26.8674253228885,26.9240328224644,26.7482611158127,26.8780260078572,27.033890053908,27.0707362072854,27.1317296152366,26.8256899587805
P48675,26.9908379684192,26.7572352244265,27.1438220337234,26.8302056700718,27.4065721068563,27.3852933750757,26.7057900209309,26.9960296587123,26.9807196428508,26.8332708002319,26.6440135801003,27.2817169547764,27.2447909812951,27.221067198103,26.4318962485951,26.9649482933763,26.9423179871088,26.7502382642159,27.1674218879104,27.2012727669222,27.1712507798016,27.0291685138798,27.0522150591386,27.0614907795519,27.2225791040648,27.1475883486277,27.1986026025019,27.1245855638529,27.542527075168,27.4702985536446
P53042,28.4690162138936,27.6979102492775,28.2740372830276,27.9980988689116,28.1627184849967,27.7902737469227,28.4828671658564,28.0026836325147,28.3085515965244,28.5171639744694,29.2345930962173,28.2519071542903,28.3822271735761,28.5417187498644,28.25901951223,28.6237929121289,28.7375942518159,28.4695518822702,28.1594264966755,27.8333450760477,28.5640048373876,28.6132985053242,28.5824727851474,28.1616956072944,28.2124886105062,28.1649542769371,28.3880642212291,28.5536674089557,28.2960346145273,28.5227815067401
P05714,26.9442701239522,26.1402232910411,26.5802150438196,26.4438919411597,26.5383015097903,26.2398987725823,26.0625844457096,25.8420837168298,26.1476442429767,26.413610251453,26.7624600127417,26.2882127171518,26.1998899949225,26.4091385304507,26.4120891288807,26.2520112059074,26.125376429496,26.2178344448162,26.2551827912103,25.8001610571052,26.4143589322822,26.0356831712131,26.1030432974991,26.379847109354,25.1251451467072,26.1707360188153,26.1551823184969,25.50034281573,26.3115528420362,26.3915709320555
Q53B90,27.3714869777323,27.5766799850128,27.5598481206778,27.3493720922389,27.0589395843777,27.8144019454435,26.872890249867,27.4361174081152,26.7827821416608,26.529279919295,27.0597460789727,27.2433999782883,26.6445674563642,26.9392776369553,27.1505641754544,26.7953101396724,26.5426678704201,26.5951693231115,26.9760472916932,26.7991898031991,26.7439575091137,27.1577539769246,26.5596788777383,27.0159395088919,26.6938586814008,26.7516583071168,27.2171536500056,26.8986212364101,27.1089181036038,26.9076841515801
P51156,25.1419515441615,24.9353739687648,25.2992428230533,24.4670282327807,24.4668692425418,24.6380539638749,23.2338985600599,24.5211588738927,24.0168927230119,23.454821942584,24.2732464055179,23.6679785481728,23.429774169998,23.7504672502545,24.589612126747,23.7050554127331,23.9626821866663,24.0176969513414,23.2026707525182,23.6155854812984,24.0921711922665,23.8447854858616,24.1364502269344,23.3403977299897,22.5720530913891,24.712065982846,24.5702205474405,23.0650028622825,23.9631550228557,23.8250310907294
P41498,24.2137246010467,24.9937404784522,24.995357591728,25.1155965790238,25.0880368962878,25.3966463061759,25.9295982992045,25.150319385549,25.7468060922802,25.9215629971817,25.1561004272148,25.2208168192438,25.8230871197192,25.4555372488065,25.2328895325596,25.2331592135665,26.0518215674735,25.6876716188555,25.1668253065556,25.2526179161069,25.8716258702002,25.3939028005436,25.4348425915283,24.9903372033237,25.7682224285541,25.5106676702049,25.010340201812,25.5026075429304,25.014268495067,25.3795123544077
P97829,25.9539094139774,25.7539036283306,25.6234890146045,25.7836965929894,26.1516275215239,25.7197158188306,25.8050196933468,25.6265332631941,26.1433175541025,26.060627634382,25.7836784430415,25.9051867417741,26.4651767448701,26.0994459493059,25.7918436201288,25.9970718944317,26.5341063878758,26.3526066302393,25.9035393391507,26.3566703557689,26.3881801038799,26.4712603775649,26.6242168952507,26.1278102449518,26.7560809118615,26.3010044326334,26.0501703839329,26.4503030735495,26.3952176603017,26.1391973196895
Q9WU34,29.0431278920451,29.1759352964394,28.7915383882031,28.8736370138565,28.8784502716841,29.204788702236,29.6183406039071,29.4786047560375,29.0592921647068,29.1398358496477,29.5144061256174,29.396648463092,29.4885537093256,29.1072884418608,28.9980507239303,29.2769464711149,29.5679738291397,28.9618146366201,28.9849290029144,29.1280229279718,29.0823347836947,29.4365685589617,29.4341380653213,29.1794368160165,29.6265814023157,29.2995243579057,29.3058617675878,29.7045445375426,29.2346647309223,29.0908194545686
P54290,27.660814876215,27.6213581232853,27.7528615053706,27.7586244711764,27.4993070378081,27.3387083589725,27.6593183058915,27.4600402522235,27.7772452112744,27.6043236971501,27.6702720478812,27.7033210450742,27.5372462252177,27.5660043573515,27.7815230316271,27.6010485337012,27.0829627633104,27.5141935550002,27.8428249947847,27.3812722201138,27.743662909447,27.530947836431,27.2711711668189,27.8671840251554,27.5181153345487,27.5009943982496,27.6105648043216,27.1584274866449,27.6491848688208,27.3959609900433
Q5PPN4,23.0422749758853,22.7362744686844,21.2014831921594,23.0973924146437,22.6859045673174,23.1390246861901,22.0063758317115,22.9887598236993,22.7143121553945,22.7678016653168,22.5794981607496,23.1384696877068,22.7428591162468,22.4490894865068,23.4028283156014,22.2747708513871,22.7295538519448,22.1048399125849,22.5747247474384,22.4236363910563,21.9396603024905,22.6256481692821,19.9193258858415,24.2572961643832,20.7818607674557,22.7845849097465,22.7386658077279,21.5198583706876,22.7437699176797,22.8220727145398
O35458,27.0551522060734,26.2838238119693,26.4496660985403,26.6033509851336,26.8944116323881,26.5963613514402,27.5677077834076,26.7009254682021,27.7800296163472,27.4702255088905,28.3882158516903,27.1829994820789,27.4373746783522,27.4340373913528,27.2512260674179,27.5714007518768,27.843876627551,27.4290345196693,27.2174516260053,26.9355186004983,27.6959433409396,27.7427756890926,27.590208458713,26.9089943571038,27.3137426312955,26.9696568297652,27.0622756313323,27.8152477888449,26.8269325903652,27.45364443632
Q6IE52,29.858569901943,29.9653166600597,29.4596112125582,30.1449998773144,29.3226380479241,29.4105413965829,29.3506034355345,29.2210515604907,29.1195410491727,29.2132976442035,29.7921864987475,29.0199789501652,29.2313891882398,29.0946045386701,29.1941095364104,29.4081199555058,28.8823088739463,29.6869312983892,29.6196257054973,29.156705899934,29.3135414809979,29.3795451947738,29.5604572045372,29.7140785218232,29.0592102130137,28.9981749243346,29.1680995035755,29.4677472262103,29.3109921504932,29.2191314309842
P62994,24.6373597618868,26.035146629238,25.3430362452488,25.6429608026286,25.7648648843302,25.3227575540257,26.3122072905229,25.8383122104444,25.8939146248356,25.2970979958201,25.6003255796489,25.9536240387921,25.4044988430384,25.6266236504011,26.073331614588,25.7135779788301,25.6657224320224,25.3551934854882,26.0766323432491,25.3911930442414,25.8434133181929,25.3860850115173,25.3265170460279,26.0856912441252,25.9092104000567,25.5587829878183,25.5870441099134,25.9397002138078,25.8897731289422,25.4125203609199
P70580,26.3984340408975,26.6149076310278,26.5746950734084,26.0627431758259,25.7550612865481,26.82232353973,26.7138605932349,26.7540214596898,25.5884784352812,26.3404455621958,26.7778048370918,26.6869308144218,26.084137502203,25.672501181114,26.5185608432792,26.1567051461105,26.5182156488612,25.715379441425,25.9103953223685,26.041862598141,26.5662051447537,26.2684972664148,26.3671670855177,25.3544949280109,25.3929197470645,25.8896552994343,26.9333994858767,26.3126114008677,26.6198023406747,26.0182953192421
Q5XI72,28.6966147589675,28.7080300239925,28.1049489930365,28.7410435938607,28.2062614647168,28.0746896665262,29.3219606913656,28.8443683300444,28.0417569834834,28.3433178261079,28.6101260591316,28.1650025249142,28.7158604686986,28.1516510965894,28.3649399423353,28.2840688279002,28.7567014409211,28.4780978305405,28.1595883088174,29.0867005277505,28.9725584542727,28.3785195499604,29.2831729805235,29.3679286405756,28.6264904771287,28.3452248603389,28.8525094524443,28.6489193698334,28.5398992080535,28.3981344054188
P35286,26.1290071835594,25.9168826780063,26.238075386751,25.992791589242,26.4447378339586,24.7516978651057,27.7016653506694,25.7194050555019,26.1303687619769,24.3582135133642,26.7811956682018,25.8064031278896,26.7152012996077,26.2167735599606,25.105434848768,26.7877856907775,26.952246626799,26.6984391546543,23.4638142261235,26.4312001924869,27.2260906755892,26.9186900444726,27.4980032282271,26.7673543912029,26.1716527086083,26.8602047890041,26.0011579894882,26.9177475200384,26.4095642731641,26.8441247050848
P63245,30.2961251940584,30.3013117009828,30.0726751975236,30.4455779455512,30.1419104574324,31.0729096685646,29.8262476514797,30.6515162964944,30.1027083222585,30.003087829692,30.7201344725969,30.55038977569,30.139977744158,29.6592805395663,30.5404058065984,30.0451482504107,30.0863841109904,30.294828169411,29.5254133386981,30.4582248268552,29.5390309165969,29.5752241733776,29.5472632319022,30.407873526476,30.0134320016582,29.8968358351683,30.2385934002895,29.9368858673466,30.0725930360973,30.1309058047449
Q641Y8,28.3214712735116,28.0783724051231,28.2316086095005,28.1804474796943,28.3662078981733,28.4899503972797,28.1006425467748,28.0407597463223,28.3346621285964,28.433384973737,28.1115850689691,28.1412088425991,28.1570004398884,28.2256824671524,27.789485196604,28.1573223807965,27.8057214725169,28.2429107043339,27.8524182188692,28.3795298051966,28.0644597963517,28.0284067232601,28.0839351970785,28.0231377655427,28.1757165635651,28.1807169888296,27.9452165907379,27.85332649474,27.8292879808024,28.035263042427
P85973,29.2797822096403,28.779486405268,29.0003544247123,28.9448431986109,28.9442709095563,29.1643917788421,28.6909832652435,28.7867338736619,28.903987757893,29.0976857606008,29.0476971975063,29.0989330592078,29.0397035921328,28.9454312244869,28.8699891107757,28.8585923174332,28.8879309725057,28.9782908815745,29.0008249759735,28.779489777774,28.8236310180289,28.7734085306459,28.7993030859686,28.8095223014641,28.8225925759783,29.0400574375141,29.1798648602471,28.8033315503314,29.1265902773997,29.1535675246627
P43425,27.6123671026854,27.8595660262426,27.8021902802903,27.4661533272628,26.962313498351,27.4954237548847,27.0793922543008,27.8057363135232,26.9517534455905,27.4112803565239,27.628157804548,27.5787280142983,27.2225572504127,26.9689915505648,27.6601027889513,27.4432609914614,27.3192848793783,27.3831090112437,27.3650105605257,27.3543626871986,27.3509104421536,27.1294855535303,27.8220418157544,27.6131620933988,27.2815893332909,27.0035459041691,27.7314015305793,27.5303596489914,27.7655161305755,27.4398178157529
Q63100,27.6677091150464,27.6794954757848,27.7853426571996,27.496013307573,27.3774749011704,27.7242388489017,27.9760950730845,27.8742652589915,28.2766438219208,28.5093363140576,28.0090079994118,27.948006825376,28.2152841576842,28.2073125947589,27.946921065704,28.0516321613228,27.9207941931491,28.2162318714335,28.016461209535,28.0018000409325,28.1646825547741,27.964871184442,28.1350610710468,27.8912263514309,27.846972913393,28.1914571794758,28.0503565964455,28.1062317424011,28.3069345195855,28.5035200804569
P60901,28.4149242669887,28.0360150900784,28.3857581837833,28.2222080685674,27.1978347844973,27.6672994100281,28.0749686138155,28.1100114533768,27.8399238831806,27.360484497971,28.4860831808747,28.0271666553552,27.7327663494728,27.3641921391124,27.1891031668977,27.6424436400049,28.1664076802887,28.1810804922021,27.4611031966255,27.9457757497832,27.7693672541082,27.3222621363285,27.6059811112637,28.1735243460715,27.2380232074265,27.5273176249002,28.2495702002039,27.8634745136135,28.0803342764946,27.8307925649044
B2GV54,24.6443621675862,25.1926558480228,24.444843896131,25.3089401694214,25.379036986806,25.3738618365982,26.2057651812238,25.6043662570561,25.5356512798258,25.6778818966623,26.4333487962016,25.4146743297973,25.8386526967096,25.0865081084208,25.5966966464265,25.4946839305479,26.0762766242886,25.7637188176026,25.6670464899692,25.7477198778147,25.5881059316902,25.6564933281998,26.1429954800842,25.9673431313853,25.9386323354152,25.7767354527148,25.513106071337,26.2959772343318,25.6032750068831,25.4301788994714
P14841,26.8136319384284,27.0566609810448,26.5511366715989,26.8798234941841,26.5285722946293,27.1744935913504,26.883113728904,26.9223783346802,26.5284273533624,26.5759671691472,27.3731365821658,26.808238626405,27.023610976112,26.6610261347583,27.1681201450332,27.1196884166132,27.0610799324232,27.2435796574374,25.9615060231883,27.5935575794604,26.1209675355819,26.5879467321735,26.2256502268429,26.3211285534621,26.8022474756566,26.5297303537142,26.6334946138885,26.726310685745,26.5096530603307,26.7483907866801
A1L108,24.0884508286898,24.3313015778433,23.574988850804,24.262477052836,24.3531093306048,24.0410697125674,23.5807749104408,24.0232091210703,24.2626412840839,24.1507570880061,23.1556899910862,24.027508805321,24.348650624285,24.5173611110418,23.9361235676177,23.9449748378142,23.7319548201085,24.1492255475546,24.0870479258944,23.8944432410759,23.9360356805848,24.2810978993256,23.9990784181489,23.6143398878924,24.570005009869,24.4589346444474,23.8177734122669,24.1374761292182,23.7248996544165,24.438923216539
P29147,28.6311926364476,28.7910252069422,28.4568839013054,28.5138336977914,26.3452576697801,27.6581463906314,28.0631275521949,28.7107715216451,27.4812733772718,27.8985749920489,28.4284774802021,28.4518236314725,27.924364725558,27.4536115285241,28.3369001853675,27.5619233639093,27.8150693918704,27.5143831650435,28.1559142118276,28.2130969379259,27.6953988347157,27.5174392065128,27.3824883581355,28.2315836406717,27.4641598129422,27.3234974410856,28.360594059872,27.9502102724821,28.3345688981243,27.7846004417942
P52759,23.6134910468927,23.6814117812597,23.2340149932146,24.5478726292376,24.5951997797882,20.7078527814638,25.6693870549076,24.3148365841378,25.1705130240162,22.3477834371723,25.5177515505522,24.4247867920002,25.0066079824439,24.9004655249131,24.5970035355148,24.8842032390487,25.2579342328465,24.7816126860104,24.7407521258403,24.9754661316411,25.4507257605336,25.290679381829,25.3272292321168,24.6680385476084,25.2142467253504,24.8207557672281,24.0420133349476,25.4838603929221,24.410451879505,24.9266714764969
P17105,27.4431722694728,27.6134743325841,27.3701666746264,27.5078453018276,27.3439180709729,27.6534355193882,27.5776559056562,27.6731261997555,27.5391549635109,27.6321521411261,27.3569475020731,27.354747350032,27.4027656319239,27.470062658259,27.4649777731571,27.4464389611717,27.3188293359342,27.39992678867,27.5319171374904,27.2645070716686,27.4074342154877,27.3452821087315,27.41938869931,27.5610062310688,27.4412992265281,27.4125539389961,27.4749456352718,27.3854017897156,27.3627996439697,27.5976266835392
P62243,25.8854597570454,26.493122158764,26.095309675907,26.56138654421,26.2736817774412,26.5846290789168,26.0459118525598,26.4933682627488,26.1509100869135,26.3851643584041,26.0899677460304,26.6468435120348,26.2921356725762,26.1902170239735,26.6618180355966,26.4397337421529,26.0177266157748,26.3856358435694,26.4140132872881,26.4029728025336,26.6363806090118,26.393756485714,26.5015269193528,26.4618428826757,26.45485616845,26.1284366636011,26.6546848469958,26.1498782612232,26.4682042751966,26.2151172836842
P62250,25.43567953364,25.3440920619098,25.0550401158173,25.4954605609762,25.5153029918446,24.7265029591061,25.0740610237066,25.2839560249255,24.4932715959571,24.936369359282,25.1869795043012,24.663729036307,24.8268567746315,24.4778328537838,24.0774090984627,24.9986247262136,25.0967685232334,24.5301361124569,24.8026013176231,24.9829180130019,24.4851401038815,24.4932035665739,25.0696854901447,25.0463182925827,25.2551749459032,25.1932540055051,25.8945502148605,25.2848704354871,24.5790817846077,24.7268401657333
O35964,25.2932216344445,25.1181623617995,24.8462605477696,25.1471679294345,25.0183595553149,25.7727292546688,24.7918333048844,25.7071105421951,25.1147110679241,24.8074235203081,25.8770675822931,25.4213918956067,24.8213540848883,25.1345482152584,25.414816948725,25.1909340671604,25.0118406212589,24.950581468298,25.28842763349,24.791823239327,25.0493173517848,24.9922736350926,24.949515084069,25.2530166179546,25.158802575775,25.1851298646777,25.6307236152548,25.1756205032473,25.4981449518802,25.0044952477048
Q76EQ0,27.1236469126075,27.031735535067,27.2849491950025,26.8552003305911,25.9547967001196,23.3311235400566,25.9221099430753,26.1581084929051,25.7082634107011,25.8686295816031,26.9679405344324,26.0999228578453,25.6203925350129,25.737822396102,26.6727954069695,26.3131598151743,26.5868930971851,26.1319493021432,26.104636493584,26.1118694592894,26.4243312441936,26.3261212764789,25.9172474117219,26.2193430361487,25.1395794983986,26.406924967076,26.5689954854971,25.8445565153935,26.9778862507622,26.321561146552
Q63041,28.4397103075562,28.5507187355214,28.2572463884997,28.351021697907,28.2626735221682,28.8204888696013,27.9023063790811,28.5206317955165,27.9920929036511,28.0745844833902,28.0574192303809,28.4043516374741,28.1148444690971,28.1334034563232,28.3854163495621,28.1336612466613,28.0267728031242,28.191606767779,28.2306776074925,27.9019901389588,27.9820532191185,28.1529959596698,27.9455974627347,27.902834369523,28.3163167575312,28.2703221611083,28.402429697845,28.109623508996,28.2212717680451,28.1285470086003
Q9JJW3,26.0595922019839,26.0848465601628,25.7406137645162,25.8505777437454,25.8750128083658,25.8889422500448,27.1036287712143,26.0065506043697,26.5687581806856,26.0874939936969,25.8764631324018,26.1176242824013,26.0592576874812,26.1193634656752,25.7166697289035,26.1482067837013,26.4152763333439,25.8797046225089,26.1222015164569,24.7103298571739,26.5897481230147,26.0481734180325,26.1255968378426,26.2811614245108,26.5053577407296,26.0237250729324,25.9369038676121,26.3282760634728,25.9585055813724,26.0136442416682
Q07647,27.8864569223503,27.7191333526409,27.8983539776931,27.4285507736252,26.67107940253,26.609697220965,26.7584696704542,26.7986787523594,26.5930491516354,26.8054654902166,27.4282560405446,26.9406120450752,26.7905952330498,26.4470450960338,27.5765109086966,26.9662419781588,27.1756460587712,26.9875025509644,26.9681184504661,27.0038469758304,27.1304365529668,26.8832311189609,27.1068567320092,27.2730494086124,26.3003686676023,27.1733579871812,27.5485253133934,26.84909462439,27.417293941948,26.8705466216133
Q9Z339,26.5498604357441,26.3461846775889,27.0536029030029,26.1361796155807,26.489472186654,26.5767010752122,26.3406047099284,26.2576208390482,26.2276998754011,26.2211699107038,26.5126106310378,26.0605123540385,26.1833552383828,26.3589244312302,26.2981557349511,26.1680107360911,26.6776759567737,26.2132409807149,27.0701780661568,26.5138866402279,25.7364171437315,26.2542559606465,25.6351755503175,25.8760974426886,26.1777882003377,26.4039915572113,26.024382309259,25.9788997527676,26.4296992507906,26.0907669909735
Q4V8B7,25.2255590454578,25.7104214427291,25.5341428811146,25.3683538156726,25.3795254997322,25.8816699259743,24.911605765106,25.6072734050901,25.3010428971569,25.1761209893978,25.4659979484284,25.5702637508643,25.2719338275933,25.2258999234367,25.4531005573345,25.2193441398427,25.2237933227617,25.3266363705879,25.1690283840886,25.1279008700891,25.2157246342013,25.5930777253566,24.9956332197166,25.4440976009806,25.3302948524917,25.6923183248714,25.7513093922043,25.7050772730933,25.6051007870029,25.304390014038
Q9Z0J8,27.9667384854989,27.0931894642534,27.4996932415719,26.983968284655,26.736077341353,27.1494877861017,25.8077286931473,26.6893655167162,26.403886865162,26.4013466300002,26.8787704782605,26.8816180529788,26.3670251534892,26.2719410619828,26.7023037576428,26.4554709811769,26.3910930534152,26.5147810494242,26.2911279790092,26.2209886444773,26.0592085044809,26.1185761358036,25.972033721065,26.1920617329265,25.7457592275857,26.3945988523443,26.8978316605436,25.9756556728392,26.6694350988788,26.3290571165727
P47709,29.4115493098349,29.6722667032602,29.4708847581328,29.4422423757478,29.4032610688262,29.7340953133236,29.4879805827135,29.7270973706203,29.2643407993391,29.0588942393968,29.3363685523287,29.457608437375,29.245022019846,29.3055432943644,29.335885116122,29.2280107609806,29.0040274250519,29.3123871219127,29.493690067662,29.2902530586823,29.3962105419516,29.288489208917,29.0719379626652,29.4621398308018,29.4025902153582,29.3315515739865,29.4525166222487,29.3056898858409,29.5946625449791,29.1783274917757
Q68FW9,26.6157372415667,26.3361987491238,26.6530882773412,26.8756602447615,26.4389800169967,26.4905993568111,25.9834278531562,26.72188135933,26.9015253777457,26.4553949259256,26.3630362319336,26.1915813878706,26.5103464384946,26.2500728304099,26.8561810365712,26.1885099273288,26.4053818679417,26.4764056269732,26.6568504879452,26.2875613180277,26.74659330995,26.4760807176472,26.1258397252972,26.9383883766958,26.4101711810003,26.5353598061472,26.7763874185552,26.2729979332157,26.0153003360925,26.4849583503496
P13832,23.5472682846153,23.6254634943791,23.4806741133807,23.7217865475568,23.5327371110934,19.8246740918911,23.158856821542,23.2205390767381,23.923835054499,22.8070799644495,23.392788306411,23.7507996640152,23.0970327665144,23.2423853589584,23.1748571318108,23.9730344481341,16.5454259258082,22.6946042490626,23.1116782606109,24.3556886011781,22.448402487951,23.2390128765,24.0451410289238,23.02492794386822,24.0224351161914,23.2285033558576,23.6256744647658,24.0398189068542,23.1787515175566,22.7714942218259
P18666,26.2442474372952,26.1723275460298,26.1705890741765,25.9064455984084,24.9314768806105,25.8583540582381,25.4823153447296,25.7608386224885,25.1616685420872,26.1163918359011,26.4705767868214,25.7023889366101,24.9974168396226,24.8196911601584,25.8508003210934,25.1632243996082,24.9874451781671,25.2900259387749,25.0270065273102,24.8216968195843,25.4458036724313,24.9342994953652,25.3880067197941,25.9932036011363,24.4657040123682,25.0594843018839,26.2322151850451,25.4396001464281,26.2022590041745,25.017384087378
Q5U216,26.5952702729805,26.4418312555268,26.3893328689612,26.5334459877002,24.4802700193579,26.7070325872723,26.1050628555083,26.2457782361069,26.1367826310285,25.4389770112303,26.5995694213678,26.5707361837002,26.0458834136094,26.2238497128836,25.34419912871,25.7827578769521,26.2074694722368,26.0865590045306,24.7588287151319,26.6400615737991,25.875857177731,25.651965700442,26.2917859197937,26.5010491145069,25.8468012454805,26.2885762306003,26.642748750794,26.3579987694359,26.3519290005913,25.8190448543004
O88656,26.696240079029,26.8301587930166,27.0234983369036,26.915450244457,26.8555721586092,26.9802676381925,26.8642312620386,26.8820452247992,26.921944300766,26.8478092581729,26.8712847702449,26.8579929416294,26.4521586482078,26.5464110434801,26.6648606171149,26.8702018535454,26.0269197852761,26.9967360147183,27.3225434656806,26.9907968106846,26.4704775333778,26.1935410166241,26.4136765222201,26.6426532914948,26.7100158577725,26.4869685474973,26.4936938750023,26.5494328371901,26.9145405344503,26.8390594841696
Q5M9I5,26.2981895963377,26.1845914858767,26.0812333498298,26.0850726546403,26.2620181396785,26.1178917949152,26.292317698662,25.8100839331435,26.1764371270957,25.758750762916,25.5229625534061,26.044569768609,25.6775231406001,25.8089272678339,25.7454128421692,25.6222171871532,25.8135180983796,25.8461665998847,26.123571151277,25.3133566820588,25.9523882760673,25.9816785604611,25.8765236578801,25.9622998478792,26.0443489843894,25.906131473548,25.7189350679289,25.4160560141884,25.5126713172318,25.5876213271816
P24050,27.5416275750039,27.5462986735871,27.793269917876,27.474866615527,27.1611022991777,27.8669930318353,26.7496243930565,27.5093228797646,26.9693580851329,26.9384229102275,27.1958691592144,27.4770688514291,26.9122855518008,26.8935014077165,27.4866365190605,27.0322803956959,26.8369067454478,26.9440007314276,27.1966923003849,26.7587366011589,26.8342843119428,26.9328293318419,26.5929562006637,27.3492764341863,26.6284048542606,26.9623096648471,27.5108345840561,26.7462421241254,27.387626785388,27.0320312810787
Q91XV6,22.2200446836638,22.359636225898,22.3710560906136,22.4679723705247,21.0542031724419,21.6415860824286,22.1239234872246,21.84288912077122,22.5144839586404,22.0670585604008,22.3285149938413,20.6183470922688,22.5181235894651,22.37589267680332,21.7154563723732,22.4468145661823,22.377718543802363,22.06949499841926,24.1158333470096,22.52364314677788,21.7029567876155,21.0563912437225,22.0837465004731,22.06391726564052,22.330349628651117,21.9890831832272,22.1035428306142,23.1562391482579,22.6993790204475,22.331209691433198
Q91XU8,24.496472682317,24.6497742770688,24.0365980802892,24.7065925179776,24.6929757074854,24.9757634966723,25.0227219539326,25.3890157644364,24.6764699634394,25.2966290261016,24.3980636667911,25.1389623024637,25.2503527187409,25.2230991030632,25.1554994350596,24.8659478523368,25.0861813648925,24.8428411345414,25.0991367003497,25.430583586174,24.3304895089794,24.919209485351,25.1681342767466,25.3063898584161,25.1256071384287,24.3677711141316,25.3854393502601,25.2118098412155,25.1653115852762,25.07799669444
P35427,28.4750333269395,28.6571630985765,28.3453839721939,28.5336852941787,28.40269663664,28.7025152643298,28.5591182664889,28.5881842922435,28.3582783180947,28.5567620533886,28.3190921198222,28.3919638742344,28.4638990205985,28.3929055481142,28.4137416787833,28.3533498286246,28.4281026807549,28.2857247633679,28.3438431649354,28.3333623175664,28.2961887649225,28.3237712522426,28.5680383954459,28.4332491733286,28.313286967466,28.1002347983956,28.3573854207992,28.4241727923973,28.466133928581,28.2261148011074
P62839,25.4123161867032,25.0564527410657,25.2541160635544,25.0566364916194,24.9107719883954,25.0373986551103,25.8399214363329,25.4423088372495,24.845259169625,25.915057147716,25.8304066480813,25.69036721082,25.5776106029209,25.3609879223009,26.3238588214528,25.7262240682675,25.7984568502795,25.4005557574394,25.5510208565765,26.0203481406413,25.3100493498309,26.1427644860301,25.8795715858801,26.2523013902306,25.4808506499059,25.3007909485771,26.0374339513488,25.2401286468943,25.7206875963733,26.0776985358156
Q5FVH2,26.4623183031535,26.5763314885913,26.4738607461758,26.297348975505,25.8858513385794,26.3059844190454,27.2014990325419,26.677272997348,26.6976997679032,25.088780032613,27.0250464840022,26.9309874145004,26.7425677304965,26.3625381244126,24.811697725047,26.5099511846542,26.6778158794717,26.2324881830377,25.5329971170941,26.1564607093017,26.6892016582106,26.4945252850514,26.5523832313946,27.4966109501038,26.6889609634848,26.530601291226,27.2195663281411,26.7186469170155,27.05541923919,26.7994944967496
Q4KM73,25.5576847683524,25.5594751391101,25.4162524126924,25.5125644681368,25.8156132555736,25.3841842347623,25.71086790339,25.5405071704576,25.904518227476,25.8115395444974,26.1115089563755,25.545996988246,25.7420561228652,25.6725000451458,26.0685146670264,25.7927442136059,25.4271876205136,25.7591370225728,25.6884466194264,25.7115707299958,25.8908699069277,25.7113331542931,25.8558768221033,25.7249970983704,25.5634645882801,25.5694985415806,25.494780162905,25.4721910044285,25.6143696232098,25.7434989247763
Q63803,29.9121593811097,30.1724962591869,30.0265883035226,29.7856500773632,29.6681769891028,29.7924902070838,29.6371622629771,29.8446426321804,29.8900223387766,29.6052544414973,29.4958833364067,30.0300969385382,29.8208724254751,29.7390819083761,29.6362019955934,29.8471199156264,29.6786775325416,29.6497796887069,29.793004756994,29.7171908226134,29.51546239444,29.679822237089,29.6184315884043,29.361665012795,29.6815622588987,29.7435272210299,29.5645879082877,29.8305978952919,29.6672069245865,29.680185991142
P17074,28.1901857568741,27.8399581474837,28.2152740677324,27.898977808499,27.1959243320342,28.3028611911837,27.4520629561684,28.2433394697619,27.2788425154351,27.7993309159974,28.400181979962,28.3995793193477,27.2931312564282,27.9011838561313,27.8902843863941,27.7894437282208,27.6581745088748,27.2359297779412,27.4271235273826,27.8150207389424,27.3017591407753,27.4913029961662,27.5276428714021,27.6995147947667,27.3639918511688,27.2118356746085,28.2356915638611,27.6349107555499,27.6015266559116,27.7954281478381
Q9JKE3,23.5754796892887,23.4920851210192,23.5245930048396,23.579870596648,24.4058111758101,23.681805324996,24.7346207615798,23.8996174436618,24.7261862066171,24.7046649438198,24.1247996943719,23.7635130881896,24.6510230787868,25.1345637780883,23.0901005569242,24.2846169070249,24.3964758484305,24.1824926897988,24.5159486478333,23.9842876504832,23.8428811417743,24.338607910338,24.0867738136376,23.2156758257689,24.6068801373616,24.3022291802964,23.8284742761207,24.6047133447346,24.3831149347509,24.3596769679719
P30839,26.6464288516158,26.4968691835337,26.8018005199375,26.5402705528827,26.568068384464,27.1475197516314,26.2057839206353,26.6853445306533,26.4884216602938,26.6982348819134,26.0894830492648,26.8184091610378,26.2705737909297,26.2997791845883,26.3918943819066,26.4117979280635,26.0057762005644,26.2015304128441,26.4253031992641,25.728561669357,26.190676218508,26.2496830236688,25.9908197269076,26.5392568932588,26.1028325100735,26.5232002679055,26.857635605578,25.9397679139062,26.4364276875261,26.6763696983372
Q64057,28.1215705095239,27.3878397136379,27.9106027827557,27.8011648893707,28.1698506843135,27.2796997460924,28.285107404384,27.7993818637971,28.3608414858632,28.4371694031284,28.521371686827,28.0980446196472,28.4068667785745,28.3938184063087,28.1116426799391,28.4607616271218,28.3348820616568,28.3521914560695,28.1994405457311,28.1968871403327,28.5633968304112,28.358767949633,28.4590405811984,28.0742970154772,28.3244840504101,28.3118527708545,28.0055961402127,28.2809034535205,28.2307227838976,28.5543295757514
O35764,28.647622348033,28.6335857751976,29.1213408253675,28.6553678254291,28.985008861042,28.9922547683221,29.1588581893476,28.9397095638707,28.9842487518974,28.6715000155359,28.7939459536112,28.9391004232808,28.9932702908212,29.1038757794625,28.9685055784654,28.8568998951012,29.0037048079205,28.5707007829344,28.6658411534183,28.3076799616138,28.9028201522922,28.9917232493461,28.5339331551039,28.8381222833392,29.1449703815314,29.1515447992018,28.7824942341488,29.1987412216334,28.8178835905467,28.7604246854641
P48679,29.7150163160312,29.9335346612879,29.8600121396081,29.802040766406,29.7299183380509,29.9580134635026,29.7754763576591,30.0660194518776,29.782224904717,29.6539346084589,30.2046671441464,29.8709596552691,29.7699247332029,29.8405789081077,29.5926467573017,29.7663743481711,29.5898372520807,29.7928510115613,29.7800096127172,29.8401614617855,29.774428213218,29.7212671675837,29.7259305818983,29.8356248387221,29.6430945329073,29.6370067250676,29.9484392581206,29.7010626056717,29.8669786921368,29.7251357622802
P17659,30.693835728448,29.6913525717231,30.6805756093985,29.6867160927829,29.5337088187549,30.2423719031714,29.5792671141035,29.779384618321,29.6687903893375,29.7610230826972,30.4998290141619,30.2247452418487,29.6211597821315,29.7883868060782,29.8497116607057,29.6349284955944,29.9220549130186,29.7306400179795,29.5337993229704,29.1144137025047,29.2810617267934,29.5579298049727,29.3334017623,29.506592918061,29.3251809117946,29.6810281326501,30.3075142530026,29.6878033721499,30.0076891396742,29.6926681575527
P29314,29.9117554429254,30.4457481165231,29.6699802325128,30.4806637933185,30.7577332419651,30.0871267678149,30.488080981203,30.2004976910516,30.3802166225374,30.660944325124,29.9406266017404,29.9796183136309,30.5952401393461,30.48894033516,30.1682868400626,30.4156074762719,30.5718161038597,30.5378947312395,30.6647487224054,30.3528334574063,30.4098857771555,30.461204958065,31.0161431836942,30.0987352253477,30.6962455524944,30.0580520980348,29.6152023231293,30.4861794951095,29.7825724951276,30.2095773885128
P04904,25.1276265747146,24.5367529249318,25.1213417380265,25.1195646293934,24.8596871776521,24.8021777246301,24.1101143493361,24.2244789318811,24.9653956807091,24.518985373689,24.2414152019673,24.8474136778614,24.8716817546537,24.5220643864199,24.7036019421119,24.6633607177513,24.7592617514697,25.0681475487114,24.5360919497587,24.7098066715634,24.317547983557,24.5832146212343,24.6068122583207,24.6830536842925,24.3907920100231,25.0845371855086,24.8105712851387,24.5349186816021,24.8228297029057,24.7870546949437
Q66HA6,27.9544977072786,27.409445576096,27.6621436097422,27.2731962792921,27.635212504175,26.8811412225239,27.8261947048749,27.5101588442923,27.5893537095806,27.4760442568624,27.899953364813,27.2992607277002,27.6261519857052,27.9783909702926,26.9346262167058,27.3431877687468,27.7857363927237,27.4503122043411,27.3261522854252,27.3725164364864,27.3994392085841,27.5151793954109,27.6329849922677,27.1244559640622,27.3603145340135,27.6963571319985,27.5974908123578,27.6104854687805,27.4700739975279,27.6388282062777
P62483,26.4946002590013,26.3716522152597,26.5743157764619,26.3986202486104,26.5245728496143,26.5694721223748,26.2859238747975,26.271856429673,26.4595046902296,26.261000771888,26.3162660273891,26.2114195791979,26.3877596251914,26.5319021152062,26.2535683867005,26.225259614654,26.4518895522305,26.4320461006884,26.4196141202962,26.1353599379304,26.5117388559166,26.6226260250436,26.3467899714959,26.2057225826556,26.610647613876,26.5660220241748,26.1864518001051,26.3311421296115,26.0415882353015,26.3882478729005
G3V7P1,25.3976542383516,24.9691524287278,24.7010617749241,24.4515073071146,24.4304188421597,25.2861524812281,25.1212647601137,25.4413668055329,24.6451458196854,24.9011734889178,25.3928130772374,25.1047780028636,24.3860035662148,24.9146619584159,25.227249359606,24.9519965702936,24.9300172163301,24.6296629163415,24.9468023482049,25.4681840896293,24.6711369107613,24.7465290487216,24.8241401684978,25.107569921798,24.8181909620457,24.4212716016021,25.117285028506,24.9947784265927,24.9349486684401,24.761021895569
P47875,25.1039593547028,25.0565345403351,25.1172351765292,25.497066997367,26.8775307205601,25.0667101010606,25.9642766772786,24.7335012210907,26.7017898023529,26.2031468128643,25.6356490398184,25.3672153471959,26.1612376326917,26.5732696157361,25.7503873684712,26.4175930616495,26.1156801707779,25.8965503438449,26.2600932112062,26.4192542435414,26.3552079679107,25.9556380886202,26.149075160173,24.8431291517007,26.5492104926855,26.3196927504599,25.3553814931459,26.0976134253981,25.2617467682548,26.0060621554188
D3ZFB6,25.2126394471285,24.5788276502779,25.0577605370874,24.7663051878437,24.6990578594036,24.5129208272652,24.672179975917,24.5388339594664,24.6500467606749,24.5505748702579,24.4439256247353,24.604411278967,24.251269900706,24.5107035137121,24.9050797257902,24.8653891428368,24.2753392392087,24.6628891037825,24.9269961373277,24.9737284058501,24.7820611090644,24.6122600554035,24.3416040265429,25.093695354592,24.5691542088636,24.4853700383093,24.3925027230565,24.1741961873354,25.0109470233546,24.2370810585393
Q6MG60,24.8267396621862,25.6591683814073,26.3413775366318,27.4219265723365,26.2621358495682,27.2246326186191,25.9103375509997,26.9408325545494,27.3955339049927,27.7727355949126,24.1803756766311,27.4802376613213,27.8025097525272,27.5499339871604,27.8262763878911,27.7006871400114,27.3188086535166,27.7600547121312,27.2978400132012,27.8342532498652,26.110691421497,27.1944964280445,27.2085847178476,27.7542801728583,27.3900691578589,26.3875558197374,26.7775974225799,25.9814464525889,27.2633209013518,26.201217240064
P12928,27.2375226301682,27.7070752270796,27.6503114180337,27.4721104530533,27.1330874050804,27.7387813767274,26.601332361763,27.491486699846,26.9518514776333,26.8585325953111,27.1228552109326,27.3538048964025,26.7598818203486,26.9196133665488,27.2801910905334,27.2068704780052,26.767078262017,27.1047175516641,27.0922386758451,26.6956161069402,26.8857754175854,26.7923403120942,26.8361118682433,27.3713876340539,26.6214324050117,26.7854514525947,27.3943958106558,26.9136462012558,27.3922681963627,26.8476125167993
Q62826,29.7747442090597,29.9251307980977,29.8583764697211,29.8485192713646,29.7039078139342,29.9647924927621,29.5471144855988,30.0014999459507,29.7457418839219,29.6685706134953,29.7195572594883,29.7491788061995,29.6162723783788,29.658630956433,29.7133275121087,29.6364638909114,29.6177425881261,29.5631737753395,29.7040334524278,29.8064579902355,29.3982205391184,29.6590344074611,29.456993323002,29.4947442447354,29.6377243115971,29.6658423029608,29.7319270268479,29.5902042383398,29.6717478825451,29.5854543567206
P29457,29.0135287854595,28.5189018098098,29.147748509728,28.4776310779228,28.4747624562014,28.827809262219,28.1587541954088,28.4207303395528,28.5263446598025,28.6485346438387,28.4791515313593,28.6800022952489,28.3880549875318,28.4272732196343,28.353174704866,28.407863006373,28.2310556214555,28.5034357039483,28.4233852029435,28.7604535739017,28.5092967238693,28.1007586069274,28.4935201844366,28.5192102139032,28.5765002489059,28.549852240373,28.7015000176216,28.4765123243958,28.7309595660722,28.5085339623397
B0BNM9,26.4380905435159,26.6068357846827,26.0543828905404,26.7360822470861,26.6171234737197,26.1495773924306,27.4474049926677,26.7153722348506,26.687534084793,27.3535148892276,27.2970804950787,26.8305866787294,27.1162182506435,26.6808888991062,27.5758892503607,27.3213838910846,27.2831357126929,26.9082069302917,27.1303575910315,27.240640638471,27.3748163096645,27.7161203361031,27.8504767673746,27.2248235074975,26.9701494552693,26.861620444989,26.9401622316157,27.0622697946203,27.0434394659348,27.2757064741057
Q63768,26.9191837895436,27.109090105765,26.7552434154801,27.0828645047859,26.9046530182653,27.202824008023,27.0786190702693,26.9123770631573,26.7928028484208,27.089869655627,27.4057784700548,26.9339956427219,27.2550001126687,26.9478049270682,27.4012158034357,27.3790382232976,27.3153642349219,27.3872024284728,26.2091593226513,27.6892052029369,26.8309933966045,27.1330082776586,26.6592829332719,26.5531471504595,27.0531950049911,27.0842771623012,26.6384939697688,26.9793839017552,26.8541826754762,27.2428489546339
Q5BJ92,26.3825117577712,26.5560107520082,26.4636390376938,26.4603115755607,25.8372105187114,26.4658070151667,26.0499660677399,26.4727417065353,26.128428105171,25.9166875817044,26.9265430969309,26.5646300079651,26.0581086600931,26.152648993728,26.0219867599437,25.6210855837701,26.236732085109,26.0265314607786,25.7307064018169,26.6417121571975,25.6016394568924,25.7367692923258,25.7128426092444,26.3964958861868,25.8456454966666,25.5729524812026,26.5485789374316,26.2323767960114,26.4284639137507,25.5972277471193
P36860,27.2350197531617,27.4107892644338,29.0448052345132,27.2341276691432,27.1288335448816,27.737560365609,27.2345175834626,27.5777521645293,27.5824978317953,27.727909361549,27.2213093667818,27.7460389625037,27.6134786461963,27.6343992315818,27.6100536074583,27.4419818916222,27.5051605224932,27.6546619082327,27.4205423234799,27.8029609889219,27.5652430611674,27.5909537860434,27.4805621331082,27.3854868967775,27.7884798123545,27.4315325088971,27.6229489113526,27.7490044245704,27.4798075446794,27.5444201005619
P70569,28.8629524635733,28.9052577730142,29.0270575598448,28.7737293000205,28.8359115993761,29.1146410296981,28.5199306962975,28.9470217560405,28.6570000577419,28.7868134029661,29.1690183439093,28.9657870225597,28.7652038393449,28.9795969308862,28.8977954669622,28.8808842239996,28.9977145606593,28.7202655294064,28.7430414511361,28.6071937845817,28.7914530623353,28.895466409158,28.7124773238647,28.7191474037981,28.8762076832304,28.8513690449283,28.9889256223931,28.6296577869577,28.7942465599779,29.0188486405401
Q9ESM2,26.1447283584773,25.3981970013359,26.8868123490347,25.8777344456444,25.7819579460012,25.6138683807599,26.6461402796425,25.6431092416933,25.853455991777,26.5659665822389,27.7177215496013,25.7816776829874,25.8386201801278,25.7254310049316,27.0345251802124,26.4081865075936,26.5863111456612,26.2415368518574,26.2412633521206,25.5785356608053,26.9467706188734,26.518731311479,26.794684800532,26.5793538405724,25.8912831001756,26.166229931581,26.2112521100707,26.1307734681026,26.2429801243407,26.3124792454383
P49187,22.6817726306504,24.026899127703,22.123399904566,23.9968715606522,22.567400178229,23.6616569801406,21.9384923874323,21.94954966176,22.8207937584315,23.1281771484766,21.7656013365714,21.7787557250196,23.0387837733779,22.5970476232917,22.9102033854203,22.1990486600526,23.1935008569375,22.0165074337556,22.9215982516411,21.9317215019797,21.0024905844622,22.0092592473433,21.1761176193752,22.9189844795772,22.4925283871575,22.3950751460741,22.6007253763834,22.6814526363656,23.4196074645744,20.9982767192661
P30835,28.3660653041287,28.4703125590175,28.0351175632529,28.0095453390195,27.713615167009,28.0771883004963,27.891016201195,28.2312272677583,27.4722892540652,27.6601329179471,28.5175678599542,28.0662786376993,27.7022709754245,27.6360977848984,28.3018825568447,27.7261957022207,27.8711977740904,27.8224718367637,27.8587077252962,28.3980412350715,28.0022855561376,27.9300247205479,27.9135685021008,28.3028760424635,27.6229270847784,27.6244951860132,28.1845927729811,27.658402302593,28.1147838373114,27.6336806914676
P49186,16.5870318252484,20.92114289440936,22.7359147151801,21.38037495920288,17.7600273890721,19.6632458437829,19.4896773497328,19.6352398553462,20.5347873494455,20.5463737860999,19.6644363293752,19.5568190281584,19.8288261621968,20.4207322209281,19.8332388196088,19.3985532096793,19.7947325956649,19.7350313045,20.0156290564574,21.33932934409986,21.78642688993514,18.1176133326663,18.3538699782054,17.4873999495637,20.1784395482682,20.536320461405,18.3721404377101,19.8053967584486,20.3881874259632,20.6408993280737
P11951,27.4638349874143,27.1737432543758,27.3023701978361,27.5624746496413,27.0293548422438,27.9132652718454,27.7091571012128,27.9842629716529,27.4889721120906,27.4654416825579,28.8785578334579,28.0040095052068,27.2802086095824,26.884462495685,28.3490144991654,27.438182988913,27.5658440562988,27.5324151563006,27.0880611933474,27.1104672073108,27.1943278767546,26.9610687106642,27.0552822832724,27.8768935655288,27.5293217077673,26.7444391809419,27.6894722931922,27.4937858535846,27.4048842855154,27.2226082798832
P29419,25.3588689943698,25.4201779224612,25.1525195159546,25.6387699937465,25.9524631016011,25.5083824625828,26.4628622354778,25.4703987649747,26.0923008095737,25.6523051295801,24.8661332390603,25.3855562877704,26.0137180628965,26.0000570286751,25.6074665723407,26.0364400049953,25.8866206224786,25.8723781868934,25.9095795243834,24.6260185043824,26.0786830524921,25.9628868827558,26.1094148013944,25.8562643452044,26.3388292560483,26.1620868878767,25.064486624919,26.0874828372552,25.7007053043117,25.9033246199213
Q5FVI4,23.0320970631426,23.1937128929974,23.4939270817234,23.5997876392071,22.9340097360508,23.7616122597263,22.9789994566271,23.8863169307189,22.7485696983777,22.8041669003118,22.1947076068391,23.3051536888821,22.7246056689482,24.6934657784534,21.4996992454921,21.7880852499539,23.3394207013956,22.0387015340742,22.7331363778156,21.4127502892938,22.8538381623944,22.7485181372893,23.1751259671467,23.2577806800878,22.6395683952487,23.1606045566342,23.5068029783559,21.5766398224077,23.6051420891861,22.5768532605264
O70351,29.680376747761,28.8510435139708,29.513559674885,28.8496961264427,29.0541083025756,28.744265507698,29.299625527503,28.5395648194335,29.3317745692639,29.1567178165396,29.1056153833433,28.8435225134786,29.0211467937398,29.2429219706778,28.62758359075,29.0507419342643,29.2756554749118,28.8962118730222,28.7199311775854,28.6421806838557,29.1038424450388,28.8947642899933,29.1146657240949,28.5109618892587,28.7968190030397,29.3386920428646,28.7632142764897,29.3621368520721,29.1552914507189,28.9556711268129
Q9QX69,26.5335129357495,25.9532735656439,27.0392537161426,26.4023889435716,26.3227470150886,26.4314462376598,25.3689610569356,26.019570365615,26.2958217018202,26.1485754015355,26.4485026312445,26.1962810453785,26.6581678973242,26.062329145992,26.3211079416635,25.7499170080861,26.3805265132764,26.1179119251663,26.0473627958793,26.8028050601998,26.973580741461,26.0432032996775,26.5538819705947,26.5274764565565,26.4287811321402,26.6928167170319,26.8407830499989,25.8308835386897,26.9251265955924,26.1528584075739
P50503,28.7154244688049,28.3026858584797,28.4462283669362,28.4943822170396,28.2923556378136,28.6669868313397,28.2989762625682,28.4658113500724,28.6328515544994,28.3184365722973,29.0364079274494,28.6810615669541,28.3430842135089,28.6104917476381,28.2692367007137,28.6027359324119,28.6034154003013,28.4844150846144,28.3553836134348,28.4085629633071,28.6992143045123,28.6801586232196,28.4670304473164,28.2716154674745,28.5650170089249,28.3356318894895,28.5891108470317,28.5583376400876,28.5407985166727,28.5259484399465
P61227,25.1269896706215,25.4171270496851,24.8267090104493,25.5960990977836,24.4534655501498,25.8041295259747,26.1177387482955,25.7183613079509,24.7843062187303,25.9738930459317,25.7292753847018,25.7429075243581,25.2325374546255,26.1902311572183,25.2968094743999,25.8968734597305,25.7443474139455,25.4920721449042,24.9699951184107,24.6862044524979,24.6806361700116,26.0789055741265,25.5951498225785,25.2074687848395,26.0027953046385,24.566962473516,25.9844664470572,25.0692179778331,25.3176853124864,25.0527955712265
Q6LED0,27.6295725426516,27.6634764428575,27.5779750668442,27.9619876524025,27.8225220539898,28.212805930934,28.481014392175,28.4780297239073,28.0570628866525,28.5554246592027,28.4233826151089,28.3400989798076,28.047258126028,27.9622277797634,28.0924179912942,28.2763239326226,28.4307787926562,28.3049460145856,28.1788667653229,28.6984163677876,28.2328343042027,28.4562998488007,28.5560749378393,28.7988400337443,28.3364373366779,27.9867636314405,28.153220101736,28.5542985217698,28.1057118377035,28.4525909786213
Q99MC0,26.3045919319495,26.6760846929996,26.0715861754573,26.9197894411154,27.1651833048227,26.456601391514,26.5117007353114,26.7053201168311,26.7191872451295,26.6201716710585,26.3643166024787,26.7776206270614,27.0615674911233,27.1418773869499,26.4356496598439,26.8775921779679,26.7945401544768,26.7951815091513,26.7452024536414,27.6712509133297,26.7769210444369,27.0335595078294,26.6462554215314,26.3244103840645,27.4563427514108,27.0158878698123,26.2542715161424,26.9324459681589,26.3905801899657,26.7613473699061
Q5BJS7,28.3800365363237,27.4216457568433,27.7135550748805,27.4506630081041,27.3401043972673,27.923666750243,26.598711691526,27.2012636271859,27.2062009849318,26.8276806990409,27.6409560697865,27.4552127874154,27.3431344329504,27.5561052329784,27.4998939393261,27.3093616611576,26.9666685675271,27.2007462222908,27.1944289563857,26.7289980579819,26.9819637307698,27.0618858103897,26.6906190539761,26.9785042039703,26.4578325860331,27.0549046522684,27.7173982911239,27.0323455906289,27.5550280408067,27.1907084549951
P10818,24.4372312791748,25.7685139064478,24.4322548632591,25.490784913532,24.4872090437322,25.9221561942407,24.3920403516337,25.9989958172744,24.8011186831094,24.9546822284071,25.9552625327061,25.6404687138384,24.8501147171564,24.7916525787737,25.1067593068646,24.7696279633734,24.652133873956,24.5509456227625,24.8933520852862,25.4485536386391,24.6475780799614,24.8872702408935,25.1866215921612,24.6088348405679,25.4958368641553,24.8316714242944,24.7486985256472,25.6982313134987,24.7798879544797,24.7180988267395
P06302,21.6960929103112,21.9225021590251,21.6086679933351,21.3340579915311,21.0788196493788,21.9933844341999,22.594814639423582,21.5264902592137,21.3429724678673,21.84873245622112,22.2022893363942,21.6945475566637,21.5630471020629,21.5804336148902,22.366844899188884,21.7702067563429,21.911536252319117,21.6794184934033,22.404950327073358,22.3287486912041,21.735318532866,20.8456052324822,21.2988285110463,21.9511544359887,21.6456953290295,21.1304570199764,21.2768361116505,22.33398078311516,20.9702180799238,21.5755451887028
Q5XII0,29.813519507993,30.2135764130261,29.5453938711799,29.4193586147987,28.2371177829379,29.0209216976759,28.6011551826022,29.7081321357759,27.63775475242,27.7683340656715,27.5171502913061,29.2199359296513,27.976205195336,28.0605874659738,28.9999278582756,28.2970503688886,28.3596028683056,28.7554473170818,28.8498673556671,28.9061182693372,28.4838542021675,28.3261587212458,28.2841244258748,29.4919860572686,27.5836717418816,28.0591546390569,28.8931329477235,28.5890250006805,29.3651434591958,27.9932822530424
P15385,25.0008412418513,24.9897372364586,23.8654260094663,24.6875445077252,25.5499213632848,25.1880314055238,24.757548617453,25.6470326358173,25.01438083548,25.3191682888244,25.8540584416859,24.9553627250119,24.6297439400701,24.4136796024437,25.3095187872961,25.2167774214165,25.3207721354689,24.2971964543446,24.7651389037787,26.3390900220514,24.6773214454534,25.9393623533848,24.4009593842523,26.72294461888,24.6355190642706,23.6412589000282,25.2913878464459,24.7775789489034,25.3044801886363,23.755718917343
P46418,24.9237394151675,25.6603223647477,23.5356697812848,25.2546385701697,23.9345669823315,24.9563077552653,24.202124183158,22.9810357767889,24.3940413228109,24.7224269178492,24.0743430689226,24.86381107618,22.3818789758888,23.6338144608786,24.7965730653247,23.4890493543893,25.0628020348932,24.3090397311598,25.1609658812986,23.7886684608124,22.9990823583447,23.17715091276,23.9433103512983,22.6130018941782,24.3383646571785,24.0207980618323,25.1495502961308,24.4235896239301,25.0329445571564,23.0980110496231
P62775,22.4687637515345,22.504487716807,21.808719537468,21.5053033670431,22.3880059707189,20.69633286484,20.9597186070633,22.4697182754994,22.3007627448794,22.0874985526708,22.23451924435734,22.6127986319636,22.2722929110975,22.6618435877456,21.9950715774528,22.5274226880075,22.1350911938692,22.4999719085073,22.2910906618567,23.0748932965401,22.7094438282532,22.6952114231904,22.6341597034889,22.3337884643187,22.4764899473359,22.404697051715,22.8293364367879,20.7532512588452,22.3663951100095,22.545530514675
P23978,29.0907310744362,29.7383576302292,29.3079846590719,29.2517117577075,28.7513723565972,30.0383124017645,28.4128264871391,29.4601834302675,28.5201168394114,28.1758082939237,29.6303579192071,29.2802250562308,28.3927343833175,28.4037894683081,29.0732984556964,28.6949795896782,28.698078465436,28.6415208185817,28.7861088073693,29.0143479019794,28.4292725647386,28.6705155330542,28.2756534026674,29.0272916156699,28.6356314139923,28.6432529347772,29.4135029110159,28.543651107234,28.9557877031209,28.3275918179038
Q505J6,24.3320242748728,24.7379167318298,24.9323207038339,24.8967393035776,24.9445746418832,24.8767289729952,25.8111184587602,25.0701783745956,24.9383179969587,25.4635529526328,25.1945164389999,25.1796981491955,25.4516669227639,25.4499943194537,25.3270623533174,25.1813536800746,25.4161840915602,25.2407134777112,25.4672845373214,24.5746464337222,24.9273205355328,25.6268688808433,25.4922314678726,25.1252307658112,25.2598544023164,25.0416304674452,24.9113253593557,25.2135757199048,24.8744631446147,25.3058845378456
Q68A21,26.8523761723274,27.0227982973821,27.3815837870759,27.1662651644673,26.8701989068326,27.1930342792604,27.0465630991279,27.2347043256518,27.1224501558076,27.1708663838436,27.2073038277138,27.1007843737932,27.2036866721539,26.8243705695711,26.9021164435537,26.9480464597443,27.0816178306638,26.8565814770594,26.8561374717531,27.2129363571085,26.7238599650178,27.1676816227408,26.9323753133838,26.9561786091773,27.1263640351799,27.041099181281,27.1358202116298,27.1638575243697,26.7209534199634,26.8907190907499
P85968,27.1771096125788,26.864089296266,26.6309479837248,27.2522069633647,26.8945500747285,26.9704733633706,27.2215932589685,26.1874487195049,26.98460054691,26.754037606689,26.1535050692081,26.3801132865211,26.9031568193489,26.9729627889272,26.5666511554163,26.7563711785469,26.6117697241686,27.0512862990346,26.5926824456112,26.6357952283297,26.928794187561,27.1153899179446,27.0349591731575,26.5753582026849,26.7373646145486,26.5992559478656,26.8077534495452,26.9285167065493,26.92115570998,26.9619059415262
O08651,27.1480776481974,27.137844145744,27.0130597511573,26.9791674585888,26.6748722732782,27.4686982172872,26.9235096174025,27.3261713619674,26.8311010662504,26.5416497921669,26.9786948981701,27.3343332427201,26.9229232435773,26.751981242148,27.0214175733238,26.8413312730577,26.8044557559949,26.8539742905925,26.6077443355526,26.9746227980984,26.6490093635746,26.773446025218,26.9281163951995,27.2474211709451,26.9277881104714,27.0146744121198,27.172871372401,26.7525261936594,27.0070906903071,26.6689683404906
Q7TP17,22.9334467659414,22.6550514419414,24.0224610809151,22.475277891181,22.2719853339956,23.0697549173477,20.5051567820308,22.170923999899,21.4435915798027,21.2135339628582,21.7418376220754,22.6192153397388,21.2205276503571,22.7310517938661,21.2752918630659,21.0268349113774,22.6486294774446,23.1343350261913,24.4146754067289,21.0744728273968,22.6758076070226,23.6407166407682,20.9548147620583,21.8808583048816,21.1165836476599,21.5903329140667,22.4794259193068,21.0306448701386,22.3509887210612,21.3884392354182
O70352,23.6033775573035,23.9368956834036,23.6666708784852,23.7937108506077,23.6134492640878,22.7662100786814,23.7330123288262,22.9139424764565,23.1396114518925,23.3008455274488,23.4100097698579,22.72532057637,23.5592883210778,23.6974912910981,23.3129045112282,23.1536275997173,23.8817567775435,23.3161094025768,23.6165138291244,23.9411965312952,23.7205745103711,23.8521982820813,23.9775422752927,22.7387072859727,23.2855264530262,23.6042438936277,22.8465926242023,23.2950361115194,23.1544286899922,23.0901313247524
P05942,22.859463562625,23.1270692102176,24.111794715791,23.8368023177404,23.3921600215219,23.807005678701,21.2989104152985,23.0848575303797,22.9596092282853,23.1355001398947,23.3127995050972,23.5567350341318,23.7143447359277,22.9842174144954,22.9814378076375,23.0975808823654,23.8503246409197,23.5040751917725,22.4921703264474,23.4273067785868,21.897367824023,24.2682170690564,23.2571744767703,22.2638926597937,22.8940327048579,23.6939736161573,23.6224612724137,23.7189348780137,23.1600307450655,23.7454426789847
Q9WU82,27.85969487409,28.3269482598173,27.1500213387382,27.7550637337412,28.0459383473141,27.9514341556338,28.534813994733,27.9345895645729,28.1813881130795,28.6902329486821,28.0645476225011,27.6304588408167,28.2059430962343,28.046533070042,27.6951883338061,28.1791200409057,28.283601820767,28.0070892584625,28.1968205124781,28.5344032190399,28.4767246551947,27.9919305945164,28.9358681822341,27.9119760898369,28.5305151278679,27.874548822007,27.4709637414095,28.4033420194268,27.5833747931682,27.9725308639995
P62853,25.2176479527897,25.3231477703904,26.1309323322191,25.3565663825417,25.4516145417719,25.8697063121773,25.0223153182923,25.5112719303868,25.3778867496117,24.9062856372074,25.1157475564531,25.4265364853151,24.8027581525037,25.1651416823165,25.3116859342213,25.0052494303114,24.8253534548715,25.246927514976,24.9985690092233,24.9851755769436,25.1979461361961,25.1454625123066,24.8622823806246,24.6722767478681,25.4580047396,25.4168972825952,25.3271899563596,25.1810256688284,25.5777903189391,25.2153956723585
P36972,27.1747059684333,27.2043173141804,27.1210913736021,27.2354176382317,27.701498358104,27.7084759386291,27.5958717225645,27.5913749794956,27.6832280549295,27.6393127762941,27.3146032451504,27.2884095593987,27.6407398352779,27.3775813803851,27.8300513333274,27.8892961678906,27.3271781044165,27.3090618717207,27.7445513704861,26.5868315591487,27.7185348800996,27.3209752636956,27.4670029327804,27.7984916553646,27.6570627073496,27.6275078540038,27.4911058934051,27.4520563426722,27.7640978293469,27.7405780712796
Q01728,27.1871398220954,27.571994703252,26.3573541043247,27.0275936781891,26.4445798069802,27.9561447622695,26.9638620616363,27.5580019953895,26.8556770860477,26.6984602475427,26.8917697985352,27.3568139411302,26.4964162372697,26.8834901028079,27.1565151929919,26.8835802206314,26.9189679016273,26.4064133264902,26.8100002316872,27.0485131721998,26.4858160082697,26.536056006723,26.4435369932034,27.0423175015328,26.8262126198085,26.2533905045153,27.015570899184,26.5006835674907,26.9397936517673,26.1340417698946
Q4KM74,26.6364558187914,26.7687428016509,25.4209007568899,26.0624000513496,25.3715530432484,26.2601185797942,25.4932590214205,25.9478412031798,25.2291437562889,25.4029397159558,26.8800720126806,25.8399845064891,25.8764560935136,26.1161466501677,25.6158980728324,25.5321049387147,25.7299201942803,25.9046217355668,26.0213136831713,25.3425151723019,26.013886538196,25.7904208049729,25.0689872654109,26.4299548628671,25.4315068893194,25.4865279943666,26.6270854669834,25.349106920938,26.4988589729001,25.6358467137477
P40112,26.2144972553025,26.2652765556208,25.5240446045956,26.1303840146105,26.2967728521834,26.4712152517264,26.3993215926308,26.3840581291764,26.320066705346,26.1605985118356,26.0911716942932,26.2303972254925,25.9447697564458,26.0414957267646,26.1211072580445,26.1972417899943,26.4452968777665,26.0751795743175,26.4123475824413,26.0557130274847,26.2459552343859,26.0103772644817,26.146913541992,26.1172525977929,26.2884670642275,26.287165381722,25.9810086697408,26.389607662104,26.1547868358119,26.1152171005057
Q6QLM7,27.9206917982946,28.3636608836966,27.8551443802041,28.1649034356266,28.2759521573435,28.0697359684509,29.0127665129718,28.4981160524455,28.4979691124141,28.9953419727892,28.8043309656996,28.4728266123018,28.7142014209846,28.6938091034409,28.6155552211466,28.7400732118976,28.9307682441119,28.6872559490065,28.8664723205358,29.112411883684,28.5176815829556,29.050317598258,29.3097057648873,28.6651162029458,28.8827651603927,28.3401849571244,28.6082352581237,28.9174878375328,28.3363277152087,28.8966125167781
Q02874,24.2893747194841,24.7516374988396,25.2528126764121,24.5296897267632,24.9333227772739,25.101398678484,24.7667128266206,25.492875911612,25.1524483261079,25.0008695603454,24.8816520516402,25.1114836064571,25.0086143542122,24.8596743809757,25.0440979730016,25.439535255332,25.1506299626234,24.9712403217085,25.01884102257,25.6886073528603,24.8359340949058,24.6722469232283,24.9425271201602,25.7800732404843,25.0411000690251,24.9358224023182,25.5005907863302,25.8433454433709,25.3220250330411,24.9705979122672
O35763,30.0649048022593,29.3707574152044,29.923017990456,29.3964211561443,29.5563795142262,29.3619884418081,29.2805480336471,29.1333881013673,29.3454942963386,29.2857616475466,29.479032582104,29.3862951652545,29.3830537316841,29.4134426405778,29.0740800477275,29.2777010727846,29.5366978933409,29.4398312341112,29.0650083034144,29.0366954190104,29.2096581318502,29.1948016455943,29.346178776304,29.2503629014655,29.2129825384199,29.3746073773868,29.3920918258364,29.3765588671008,29.3205143723114,29.3965317784133
Q5FVJ0,28.7712264356047,28.3904744755292,28.8223078856525,28.5977936114512,28.4925576381004,28.1995128993719,28.7455778603257,28.227197128004,28.3989045324648,28.5234429472909,28.7553419170946,28.4521998169857,28.567662900773,28.4723229127534,28.6895061501513,28.6387427434548,28.6721504080853,28.6515199103677,28.3895534480738,28.5826545182585,28.7316229534744,28.5880542192537,28.7419538632388,28.6760939537846,28.3484758166966,28.4076862392608,28.7032897462205,28.3214790868383,28.5818902003399,28.7407380571787
A8WCF8,25.9192940424905,26.2768038896152,26.2829235422333,25.1972405539013,24.2954862463186,25.3350476937305,25.4615485880824,26.16588511163,24.9163104891781,25.1548749018026,24.9132401433966,25.8456845825398,25.3702249931487,25.25627709763,25.8711200290426,24.7872402668009,24.9622178322024,25.0800298807923,24.9484422006597,25.5179111704406,24.2657700237983,25.3621062198523,25.1962142240793,25.6899124376328,25.5570508619399,24.5006240651466,26.4725545992079,25.14118799545,25.3321829690416,25.7715338041993
P00787,24.2419821161051,24.2219491232774,24.7421157437171,24.591238951155,23.9821806233966,24.1909586026713,23.37368460413,24.0564472285788,24.3575441180527,23.3760709813258,23.9176138196706,24.1401439930318,24.0984369873131,23.4736124257552,23.7264990564251,23.3546419291724,23.8819598243404,24.2659818408783,24.1377763864507,24.2307469476995,23.6452879644615,24.1726141419192,23.7280920064176,23.6609074582638,23.6603841325106,24.0811583193891,23.9350685909808,24.3127565320763,24.262207969464,23.8346537336219
Q63377,27.6394766930082,27.498355158104,27.6475260306669,27.54698204114,27.32489465811,27.6774212787159,27.4452765043458,27.6053035550901,27.4250706358783,27.220296769311,27.7014667998173,27.5284535420685,27.6853072046727,27.3438447318088,27.0990024325695,27.3078199220155,27.640103356047,27.5194869869461,27.3766698572156,27.1245495561644,27.5110639978938,27.4699993868138,27.7084434866462,27.6407401718487,27.654435138113,27.7337743065827,28.0845528321341,27.7555363731395,27.9362323105877,27.8289964616745
Q9R0I8,28.0834066297141,28.1954708361448,27.5962217471329,27.7244520506009,27.6666180642897,27.4880689067865,27.4192690363624,27.4694889222424,27.683475572355,26.9366600494775,27.3895221958349,27.674761363329,27.3327760321775,27.2968643135704,27.3748568889172,27.2378549823111,27.9945549093777,27.3358784470254,27.2252652234089,28.2396533926994,27.4258633726588,27.3170711323302,27.1108314322763,27.6392574050188,27.7087500337887,27.44947813934,27.4796700504197,27.2131608275282,27.3978608796609,26.9666261732947
P10760,27.2315217247715,26.4701509427083,26.6482769655798,28.0119510211841,26.0672109359399,25.7773882622728,29.3488179716738,26.4004940857887,29.1019817224611,29.2812335783663,27.49999595051,26.2727252335604,29.4606329073539,28.8811629734302,28.1787842935753,26.176611647401,29.5237870584141,29.2131933802388,29.07316804187,29.1836446761364,29.5268291335687,29.3942597878334,29.3034446018427,28.3888215031805,26.1109756232857,29.2882612217146,27.1125933848621,29.58427150751,26.5796444415318,28.0927261980065
Q9WV97,25.6354225301793,25.8339151276904,26.0782776671781,25.8650319631937,26.2973869859113,25.7454417706088,26.5557406257908,25.9336369547567,26.1510656775862,27.1723953240936,26.2134031555545,26.2308425878344,26.1604943492248,25.8461348489064,26.6872168488063,26.2260516682789,25.9343738971538,26.0100089874287,26.7259949962801,26.9293682374579,26.2233494460964,26.0376206490026,26.5711746341853,25.9077495554931,26.3598034595378,26.0084143885444,26.0918647185279,26.4646705870449,26.4548957765498,26.3323684220925
Q6GMN2,27.8010825836816,27.7516168711859,28.1071986701845,27.9488419423501,28.1615356061305,27.9096405059679,27.4490372029359,27.3658739211916,28.2763914366872,27.7545561046527,27.6037859447718,27.8113092805663,27.6052019834702,28.1396963226505,27.9359524698598,27.9006790938732,27.9569073260015,27.8910272889916,27.9345992011208,27.7944382703537,27.7737382543694,27.7141813035422,27.7324783197828,27.9285914356057,27.4829787570882,28.0276161287411,27.7677085172987,27.9474704228524,27.740845689676,27.770897316675
P04094,29.0818221322725,29.2389475810016,28.792625500229,27.9145968158116,25.7941800497318,25.0690423131644,25.5413713197371,25.6577494485002,25.769274258882,25.4095140985324,28.5039891780995,28.0978280055068,24.355131369595,25.773932742317,27.4994273351136,24.825861790978,24.2782107453896,24.7792174296542,26.5335401486683,26.8963852117225,26.0439912073166,25.4415791383285,24.4331720381163,24.9714057082952,25.0276810821354,24.482738352789,24.9891835782857,24.1985526264019,27.5597477006769,24.0974830268855
Q5M7U6,25.1211255256033,25.2193194697432,25.3371708557189,25.2171594815527,24.216790571348,25.6145698507321,24.6610695184354,25.1674911064373,25.4043083227564,25.0160706826095,25.3011356589406,25.2673183161857,25.101373746549,25.5032559687924,25.2105451048926,25.5528090263574,25.0559959594369,24.7433605884665,24.827822878736,24.3459344235317,24.4835364426618,24.5961921732746,25.2594522331959,25.2936071564351,24.1306069467801,25.0138626681449,24.6156141096202,24.370856259301,25.0153713794106,25.3522576267345
Q499N5,28.7011882096921,27.9898877350859,28.2075140644879,27.8268555838708,27.5373651981694,27.8827827658094,27.7739033933197,27.6611121110267,27.3468978927908,27.7076808027551,27.6881635371898,27.9147782584789,27.7883472939592,27.5455246421011,28.296923426952,27.8192993011735,28.2936525705491,28.0640880642533,27.9414412501541,28.3945369768652,28.3390244836026,28.3069288993831,28.6381593885517,28.3264085107173,28.2054492665248,28.0281201643564,28.0091922369983,28.0216023029112,28.0747661571908,27.9500820380369
Q60587,26.4590763186257,25.8764507613991,26.2355156023227,26.2841159205786,26.721001250006,26.0721415320842,26.9853605549202,26.1310310519992,26.7680079405786,27.1176389681862,27.111562079371,26.533706678575,26.988906792562,26.9497218191485,26.638168610301,26.9470009916918,26.9546283322437,26.9287877957209,26.6957970900582,26.9379175517362,27.0991485656018,27.0115341916571,27.211281283128,26.6975964014687,26.8288121663079,26.7852635186418,26.2843693187767,26.9497101465015,26.5043391402796,27.0255129094917
D3ZW55,23.7015614948797,23.3480348186427,23.6275396473496,23.2809488379482,22.9578462002161,23.6801669268277,23.938488989826,24.2242138083529,23.3993473636654,23.8146695682724,24.4136435505795,23.8223415000764,23.3956612435776,23.6826673208121,23.8463755275223,23.6546932272731,23.4909805201763,23.369500949018,23.4846432416219,23.2383851317162,23.3992922897876,23.6179398948118,23.8398068887458,23.8504372974994,23.7126171414119,23.2328202214576,23.757265564316,23.6773571421918,23.5870827258958,23.68017994304
Q6Q629,26.995378967282,27.2048239950727,27.1754703940968,27.3117210886796,27.6284315224961,26.7973908858612,27.5500042531835,27.4453195962436,27.3545354955516,27.7122316081742,27.5574299207285,27.2437609801086,27.5711068913639,27.2992634638512,26.9384457399742,27.3799549278086,27.5552323896273,27.7930144074205,27.5091771356684,27.831750854891,27.6887017798356,27.8482222184848,28.1739043854617,27.7229685818413,27.6285742646918,27.3343107035166,27.4066735992907,27.6197008455316,27.6452006345314,27.8338039067162
P37199,28.7202844385588,28.4853132901053,28.9473019796783,28.5760622385637,28.9644884519305,28.4550454155079,27.5118952651671,28.2666638789736,28.5392286854509,29.187549881602,28.1260540894146,28.826824798901,28.853615908895,28.9914358031088,28.6377729004464,28.8468432660672,28.9974987666454,29.2006728071251,28.5683162735007,28.7903914519505,28.4515396029287,28.6398864801806,28.9345783692294,28.5836255417311,28.1821276695258,28.9458613038264,28.7364096633369,28.585955664795,28.8212925105392,28.7945344530814
P45479,24.3652593475728,24.7054987092905,24.6491228273413,24.706265641839,24.460468576646,24.9607761759972,24.2408743267259,24.9267221121525,24.4416475016883,24.0535970951444,24.6702718796785,24.6530822373717,24.4071984752398,24.3211338353784,24.6270336331821,24.2981313823552,24.3187600681955,24.423057928785,24.4067593301327,23.9259435768527,24.4093621322322,24.6440911029809,24.1325456294435,24.3015081048107,24.4994461159355,24.4364048704013,24.8127577943351,24.2554062260558,24.7005944831531,24.4919774711004
Q62698,28.9375592073235,28.3785169754843,28.9347966416213,28.3143798081716,28.2178058994075,27.4410831301479,28.1412873255656,28.2218906185258,28.3596477955427,27.9357487900785,28.5653772997496,28.4745568035132,28.4281227846171,28.5755874622669,28.0489925733557,28.5554729247376,28.7487266235684,28.4042116270503,28.2637167103928,28.4360886709306,28.1603366558074,28.3488375684783,28.4996375290491,28.4665285230983,28.6708577984733,28.4353866331903,28.5486462083559,28.3300549487975,28.3814668726073,28.158684632073
P47863,23.0870933029339,23.6830053992215,23.6785265360192,23.5292938265332,23.5897519797871,23.6415892743828,22.7813666722068,23.4613604142733,23.7882910170673,23.6208263162537,23.2668083841439,23.5741680603305,23.3540425411125,24.1519052004665,23.6933648444197,23.7093704656454,22.9110569380745,23.867592877266,24.2865201053471,23.708967644234,23.2162237803059,23.8622339016595,23.7004639645944,23.3902731218326,23.6552985757845,23.5022980853967,23.7782044572458,24.1949811157139,23.8739788522076,22.9747115946733
P30904,26.7335390928292,26.7684542905674,26.629909947386,27.327353275227,27.906931085361,27.2415673673072,27.7848848318203,27.2288693717728,27.9112815138013,27.6204341277574,26.9877226997799,27.0460759032549,27.8212696094375,27.8669013101203,27.0483900625193,27.4402784325194,27.5444448477823,27.5449196050742,27.7227736960661,28.0656729647154,27.6874297283401,27.8526373975243,27.7531907390271,27.2469425400501,27.9471762367028,27.7229453662826,26.9180020649412,27.771988763221,27.1233488950867,27.6134393484126
P52287,25.9280133297982,26.2131353929058,25.9135466260054,26.1329519352129,26.4440944195347,26.1484349037415,26.6195987253885,26.5965739861301,26.4650150450548,26.7422278615547,26.0681692306336,26.2538517123457,26.7452835388086,26.5176580556879,26.4686273103301,26.7984514560689,26.5186501960857,26.5851602421662,26.7427328308822,26.8665351273855,26.5678311161,26.9300611494179,26.8170250205589,26.4978545150575,26.8390355759484,26.6662551839418,26.2386141396551,26.7942006166002,26.4198231441716,26.8842658672463
P56603,26.7055404463232,26.7053299967753,26.6195012101312,26.4409137851102,25.7829214720949,27.0944056353488,26.08434651208,26.5435246760245,26.0708806549624,26.4644239350711,26.5229613749638,26.3136285845224,25.4848292530351,25.6548886562125,26.2620978092875,25.9057159287773,25.8329061935424,26.3818859245894,26.9699142332503,25.3514348469168,25.7417075595461,26.3222469340948,25.9365302035906,26.9621327601412,26.5085189537596,25.7887551502621,27.2682191821448,25.9119200428059,26.2919016375084,25.5802035208321
Q9Z252,27.0767405789386,25.5608166733893,27.33032728639,25.765958820153,25.3789828327113,25.5353817780613,25.0307084324156,25.2569726592421,25.0273493527308,25.5692235707283,25.9411676455094,26.01531316224,25.553767159964,25.6523190396035,26.0472332289522,25.6410497099856,25.656228046339,25.9746960080465,25.3013876239377,25.3155754766206,25.2862641678785,25.0370821457523,25.0657800865754,25.1671489753073,24.7923097745043,25.6125967594717,26.1156558406985,24.9661476618608,25.9837146165895,25.6095421844714
P40241,25.9636671021808,26.2388280585947,25.4905684663506,25.8880337254915,25.8143644873541,25.4179010102914,27.3887475175765,25.9101000421748,26.7052720687742,27.2426280115596,27.1498183666699,25.9495203600441,26.65499248143,26.0849328644904,26.5646144594618,26.5120080569385,27.1047728327678,26.5670958397332,26.5524134541498,26.5398019575243,26.7953713008162,27.4248565528482,27.2003248159157,26.2457902230963,26.4193243886914,26.6678042188049,26.3873264886736,26.8071938025605,26.3725413338605,26.5196706738707
Q5PQK1,30.3855806475539,29.6705581572879,30.2007192599722,29.6484607815399,29.579027299415,29.5892985648042,29.1469133240111,29.1275350744706,29.2579174597613,29.393518180895,29.3526771430553,29.5832772182879,29.2254118434244,29.1208961899745,29.4392673329824,29.2917002439845,29.1718811174301,29.2598519516104,29.3134003992079,29.0902225918784,29.218036394758,29.1941854407287,29.0152868465647,29.181783636456,28.813333392411,29.2792394797602,29.4392426492635,28.9321300100361,29.3961951508141,29.2796170117181
P11884,26.2296968794814,26.87658659603,26.0782869899056,25.9475455897856,25.8667167162253,26.5957009380417,25.7431908639681,26.6417436630423,25.7689756976662,25.7592274754069,26.8479777477026,26.2941045636393,26.0239180336098,25.8174000664738,26.0845406650475,25.7055866314587,26.1264236091092,26.3017186770239,26.2507405312487,26.2875370880544,25.9184857451936,26.409291081312,25.9626500914037,26.7313015805117,26.1293142869728,26.2417457779692,27.3574124374713,26.2773797418483,26.8291376863152,26.0672960056316
Q9Z2S9,28.1972466570542,28.1089368430624,28.5850360077793,28.2021974063803,28.3888582125931,28.2882299232843,27.7221760290268,28.221372056079,28.3061767346428,28.042243598553,27.8252083874501,28.1967758048585,28.0963506340516,28.173835562552,28.4101385167023,28.3099618314529,27.8895643552974,28.0591568047633,28.2413882216304,28.4097628646979,28.006667333195,28.0666684193944,27.7798765031058,27.7290817591156,28.1708267480777,28.1602232675478,28.1337713757513,28.1539005949039,28.2803406171331,28.1381490896835
Q6QIX3,27.9465927994162,26.9992081795707,27.3516792626681,26.5560818023285,26.5050813081981,27.3701154176473,26.0392052806483,26.5157211656462,26.1320379730802,27.1550778974449,27.6185588885862,27.4917920460348,26.9476122634147,27.1014054128981,27.5366663544849,27.1914358318955,26.1087461505311,27.1966801539628,26.5255982685456,26.5646374538938,26.263257942606,27.2160513013945,26.4777534262656,26.5210200849999,26.4019875571776,26.2919407269348,27.7884292419756,26.3996119388282,27.0306229125432,27.4597389953559
Q9ESW0,27.8388058114363,27.7029159880412,27.7115607295736,27.3809180161402,27.7793440494583,27.839806193555,28.4193832187368,27.8616680230103,27.9605178310547,27.8108335148761,28.2373180024907,27.7002511472073,27.9044278287667,27.8552235759372,27.6717730663465,27.7366500060848,28.0528383659239,27.8047919600158,27.6921515966659,27.9990619994303,27.9858699939682,27.9625567011942,27.9855379438099,27.8418240917802,28.0162965729468,27.9206840073868,27.6919505793851,28.1470632165189,27.7514938453364,27.8058405161196
P62744,23.4361436083118,23.4008747327819,24.7442142599831,23.8925930235438,24.8508470840241,23.4968215486693,25.2711371390015,24.2157999385567,25.6723832971291,25.426656917878,24.0886310730285,24.4721490415538,25.4596406105604,25.3404985643249,23.8507278306396,25.3724224162674,25.282159161238,25.1238098767567,24.8750457038576,24.6570562849723,24.9713891375275,25.5366253627042,25.1936295093862,24.2122108661308,25.4540555480477,25.351419274185,24.3386003414563,25.8103747975936,24.7571795348946,25.4315524830942
Q9Z270,28.5994657342667,28.2169291751529,28.2553454288448,27.8464430463172,26.9352793786608,28.9545383101984,26.4010075631649,28.4156579119813,27.1204962100062,26.7844206632629,27.8331752407805,28.0927962913933,26.705411085045,27.4672329916854,28.0215719525141,27.2353686973952,27.2959004347908,26.8721398047724,26.0880753399916,27.2418280714941,26.1484854318438,26.5795805605336,26.247185928068,27.905843455809,26.7204451721933,26.5920206447202,28.0536991264352,26.8408969061867,27.8548430426429,27.251210926701
Q6P799,28.4301604032485,28.6715450706407,28.6353952747016,28.6764419435966,28.4405155391766,28.8913637488917,28.0522003435245,28.7491552736744,28.3797760344133,28.3780369586258,28.451927377641,28.6012178802559,28.405474495278,28.3116774583426,28.5410238882792,28.2970857421943,28.2086610635886,28.3715444140312,28.5180942706844,28.6988576537907,28.2052146135482,28.2881051913151,28.0460692626933,28.4863193218403,28.3352783476919,28.4053983881761,28.6545481142973,28.3572514763577,28.6918181890283,28.4288932127666
P53812,31.3295073843206,31.917670854925,31.3372649649312,31.2542614745105,30.6334088213592,31.5620591832259,30.3882307309099,31.4860004724029,30.3405629410241,30.4684013774236,31.1703449509609,31.1132804215034,30.6178963887161,30.3796493902602,30.929017420835,30.4934216870167,30.9206403471155,30.7842728745227,31.0730086974653,30.8779111018072,30.609556934506,30.5877919474747,30.9999319193314,31.0369601775833,30.8316710529989,30.2898921738669,31.1962880228914,30.9020864753928,30.971811963005,30.4255800751483
P27881,30.0406854009862,30.1214581277285,29.9622672825489,29.8526984460347,29.6895623558432,30.2754117875536,29.2685963477932,30.0023235730751,29.6333183996159,29.7531431183426,29.7390326283214,29.8198533041861,29.5516880859848,29.9335335095849,29.5345066762786,29.5421276373991,29.5009162743242,29.5516786016993,29.6892087898232,29.8040832977102,29.2380481144199,29.4469843419751,29.2488014338595,29.3437991531544,29.5546262974223,29.5928419112099,29.8666996157777,29.7193376896146,29.811104998449,29.5026325154327
P20759,21.7577034842243,21.156809525159662,20.8325285471882,20.7540988237756,20.5557911034746,21.4070723516023,22.8154647559141,21.10565437378478,21.7368690407495,20.3491265176924,21.7386793648636,21.61750174292686,20.3574677878003,21.46022167174378,21.6721933515764,20.5192542127495,21.7788850263917,21.3817800644777,20.8802848575464,20.6546214271911,22.0216378643649,21.50866546978952,21.469230306677822,20.134424065982,22.0068585027326,21.6441335577847,21.4515717473809,21.0480082320691,20.2529603503514,20.9430801085099
P22831,23.7248009461867,23.9121832896429,23.9239911815398,23.7367031825875,24.0121313636938,24.3696800037685,23.4778382469057,24.1969260284798,24.0311308444374,23.4547591728237,24.4585766367818,23.920812933392,24.0635428424821,24.2010551753279,23.8641288814358,23.4361746337541,23.9160294425584,24.013316631093,23.3979681460976,23.7410073546287,23.6295880144554,24.1053322635355,23.5206036061396,23.910242998348,23.9778573179668,24.0785140315547,24.1660141414674,24.3624604848114,23.6587147344031,23.9883742165713
P52555,25.3539466545823,25.3981748896681,25.430071840548,25.2128625770778,25.4862435334026,24.9622332706412,26.3343316800798,25.8506184997284,26.0916002758743,25.4242838684522,25.9224404365464,25.4807711920172,25.6478695056145,25.5969870950057,25.3498864211163,26.0540478534885,26.082161282985,25.4864504059623,25.9995127081543,24.0242851151679,25.8763195427883,26.0019569414256,25.8776052312381,25.5877594408177,26.0266609405004,25.5284905010935,25.4784095251107,26.000782345219,25.5733497027773,25.6189794880822
P47861,28.0859006540644,28.6865544393757,28.107564866847,28.4555566045597,28.0698141272003,28.5002445764642,27.9208722044206,28.6443388537086,28.0009990163738,27.8313848037823,28.1071697998391,28.3880498942482,27.9608418102647,27.8837643571478,28.2876382658058,28.1186757629162,28.0633217444419,28.0932575334297,28.1234827529728,28.1878740930502,27.9885204910504,28.1452971759845,27.8457491544058,28.2285571460646,28.1921370641844,28.1255957687889,28.3742963798188,28.1797679637957,28.2502551579216,27.8941859431763
P28572,24.7758212576339,24.185263000333,24.6342227650922,24.3307970526201,24.1885153795794,23.7774972942548,24.3105475889747,23.9226869907509,23.7923062368739,22.418006479261,23.8634488289374,24.3351716581419,23.1065823801251,23.9900701105508,24.15874961873302,22.436746305623,22.1172374041357,23.3823779196369,22.6102711863801,23.7448784017515,23.2790577272803,23.6566722171577,23.5646471688227,24.0708155801428,23.9633072947305,23.0859771789738,23.4072802232896,22.326066311211,23.8902222021003,23.586571292394
P49621,30.7507960534717,29.8069552618413,30.7243140174886,29.8144172906611,29.7206162994444,30.326514438623,29.6801562312851,29.930339856142,29.8216342261384,29.8504338400823,30.5588497268992,30.3221586694926,29.7334650035278,29.9371406693005,29.930305207185,29.7716179432254,30.0019507748371,29.8616826895682,29.6792650588188,29.3108217638342,29.4519849056265,29.6949400693875,29.4645425194292,29.6274364698432,29.5219302755113,29.8211509182709,30.3783420039794,29.8295390516074,30.1167023429832,29.831085858422
Q9EPH8,28.6693409108341,28.7354067477334,28.5569192063994,28.6406090863296,28.396968820685,28.5581352489887,28.2294851178617,28.7868861337775,28.5799518546753,28.4945876109676,28.6045760884442,28.6861736686203,28.4080625488139,28.3933436657775,28.5686444233558,28.2889934361179,28.4493198738819,28.3750153030344,28.6503072606769,28.8782823083222,28.5337032777259,28.5132899371077,28.2610602179283,28.4316413858249,28.4867664252376,28.5137684294845,28.5292087589403,28.3063915927796,28.577260302421,28.3011028908507
P21533,29.1107954869625,29.2796245133555,29.3108356872846,29.4303554977953,29.5692433740544,29.3854579524079,29.8996523971081,29.4762841174055,29.6072103005477,29.6199074793276,29.8367648591699,29.3448478118297,29.6537003255372,29.3836943647731,29.817306582233,29.5456656122874,29.971881555593,29.5106770454102,29.394458961411,29.7029171735973,29.547608284905,29.8030628118764,29.7074989922712,29.4582214129811,29.4662091890282,29.5880259944205,29.2708927132959,29.7766728402109,29.3709445319954,29.4976193163617
Q4KLH4,29.2421739950661,28.9590289621327,28.9756674282037,28.8001246986122,28.4309765540598,28.8508735211472,28.7644200090525,28.8138762030616,28.2013688007401,28.9185251579353,29.0762310357808,28.7350516486999,28.5324132225508,28.6343800698518,28.7688203348739,28.7014018800656,28.628231996125,28.5750757899254,28.2735430916074,28.1895972302604,28.5307094835809,28.7530916170716,29.0458479139272,28.5710582051694,28.232929192129,28.7320366106805,28.8496770304178,28.5410636284258,28.6830053481421,28.6545266104405
P20717,28.4041669411578,28.4301215664734,28.2553687888085,28.5911449984295,28.5854490247204,28.844388900315,28.7895031229652,28.5766013707008,28.5974560871207,28.6794182971178,28.6770289626092,28.4960268125005,28.4408195368958,28.2726075129404,28.8774944404524,28.5332179189365,28.5214673932083,28.4138086933613,28.4766554477973,28.0966661786414,28.2566403221031,28.3249819808186,28.1843661608543,28.5623332762795,28.585703493811,28.3524282131123,28.2246695752591,28.2306147751873,28.1977650867844,28.4357643028589
P00406,25.3981605964908,25.1903648347917,25.0829678786098,25.261235902039,25.1118810828604,25.4077751036965,25.4504978491775,25.4017780996377,25.1763907092279,25.5701484828962,24.7650396501776,25.1348697774291,25.1398471566987,25.3382806390337,25.55242030555,25.4321092584417,24.8054379239365,25.1634141235495,25.387293716227,24.4541072312756,25.0885064165187,25.1480389914937,25.336543926134,25.7157767700322,25.4226197842494,25.097255168738,25.2928882507032,24.9066215601702,25.0334785656738,25.5382178779974
Q62703,24.1035424367207,25.6889974582775,24.9182619681127,25.6955427954324,25.027539620292,22.5605807203688,23.3518725292935,25.327563375504,24.4414387685852,24.270651601868,21.7396726070091,25.3224797635419,23.3241001369803,23.662391001598,23.9902747729266,22.6491456550755,24.4936779740747,24.1439210620339,22.8015858193073,23.5573461066466,24.5579375278769,23.1977132723595,22.9776349102908,23.1609545123536,23.4185583628448,24.2813575134591,25.2303460239606,23.4341415165038,24.9679171623445,24.686540718799
P61150,28.5611546594539,28.5037419511585,28.4263163990584,28.2202320163116,27.8633563302895,28.427920937947,27.333881527788,28.0977217016758,27.5270257392742,27.4742614618502,28.123001842638,27.9994493912531,27.5239000931197,27.5725614106266,28.1937017383827,27.146708704225,27.5323426251084,27.5788386650187,27.7182498445722,28.132284520379,27.7594239278334,27.6072015944135,27.4974081983628,28.2579597754818,27.4908921406908,27.5264405948507,28.0265866538758,27.1072443052391,28.1539537133275,27.1016870468226
P04218,27.548643971163,27.2360495113322,28.4139518242781,27.9993975918332,28.3901174389874,28.7673414808808,28.4125326198849,28.715629625659,28.5170054309332,28.2375245085811,29.3220878409279,28.5670333370299,28.2818913118804,26.4134981981491,28.5916981135029,28.2185417954262,28.5039195875477,28.2744274404665,28.1700266179036,27.789433557871,27.9763413493328,28.1765778343531,28.0859405549032,28.220317261172,28.3186496470696,26.100349148619,28.4597526376019,28.6300043463634,28.22702710413,28.3585194046496
P29418,29.7739166283605,29.8925513182036,29.8500358329155,29.6197031899286,29.4571547309388,30.0560000192907,29.1365382091735,29.8489968817376,29.4536155092628,29.6027170244977,29.6657295848079,29.6991713862667,29.3754435753966,29.7985711736471,29.3793723748573,29.2964054355607,29.3693146128987,29.3623034204539,29.5474941734087,29.5384179598007,29.0361336182264,29.2921433889897,29.0155512905988,29.1050245681323,29.3450735736445,29.4046093600673,29.7322036282429,29.5707230376832,29.5787812908502,29.317833990424
Q4KLF8,22.1219660518595,23.2786507262501,23.8484917826652,22.8985758397708,23.5628486195301,23.2174516147392,23.9538364398431,22.2887293106207,23.5328952100238,23.8849750739507,23.5994420408657,22.2435337381498,23.9163846157653,24.2252173086328,23.3782021579063,24.2113611935122,24.2471976723282,23.2444455386676,23.2023786149385,23.9373302632335,24.3111992883811,22.8738908708664,24.778389414355,22.0669756816245,23.4973381358265,23.0958296758919,23.1863021047798,23.7287510300602,22.5260966837256,23.9531352067899
O88778,30.4481733626232,30.5109521821074,30.4572767157007,30.4160457315397,30.0339560391497,30.1278382426173,30.3591104151609,30.5812289455878,30.0951509145174,30.2538808944001,29.9028945198711,30.242956139144,30.0235721473241,30.0086576647606,30.4575302884707,30.101038491086,30.0709831541212,30.0908501675012,30.3543307047133,30.2201346057479,30.1165247159009,29.9861916528896,30.0381513646274,30.2298987637742,29.9757601678236,30.0242775114932,30.2632966776256,29.9287006966232,30.2336416824189,29.9649189320414
P01835,24.4966963430509,22.1033432328089,24.2235629721671,23.1231641313165,22.6137616650513,22.2511607201641,22.5927565401476,22.5712924823785,22.4760091508556,23.411303713217,23.7632261264278,22.5581977621739,23.0007585532616,22.2366577449158,24.0146913245437,23.3706063536309,23.1986232514167,23.1183844874021,22.2894012594051,22.9974411555233,21.4618178396316,23.163963860979,22.7385227051142,22.4335003929202,22.2774168480019,22.4452998441621,22.5832312083114,21.7610653251164,22.8671991347878,22.3998621081902
P19132,27.8119960188942,27.437321510543,27.5048219826241,27.2244643966687,27.1138059746058,27.3009171963918,27.3388905085295,27.1568409451442,27.0065779280753,26.8293198379406,27.0245473290994,27.0775947345886,27.0882560500282,27.0396837571818,27.2856224054489,27.1199895328434,26.8267219654488,26.981834762614,27.1362545288602,25.9090396151323,27.0703803146214,26.8217603952619,26.8680820616437,27.282801999123,26.826372691837,27.0986022922248,27.0635619836321,26.9499548107887,27.3529750105952,26.9033326929678
Q62847,26.8878961322533,26.6973090484682,26.8954191138546,26.7514515282896,26.6964687023891,26.6318486576851,26.8656260427357,26.7192170190463,26.8637010047895,26.636003537875,26.5516047932291,26.5757253217497,26.7892723271859,26.6660083870329,26.7399394335167,26.7787655533564,27.0602097923273,27.0093528544069,26.9690112649708,26.904569988613,27.1082905505268,26.8109985666086,27.3560120741262,26.7748536803014,27.1992049438293,26.8164944223305,26.8873295594799,27.1219396006142,26.6861936781187,26.7877997992453
P34064,27.3359292805316,26.0645351910966,25.916632343112,28.0788109142396,25.8411138644079,25.4437969437444,26.2643126114101,25.4744967138626,26.2296267377645,27.6239103209794,25.6805871453845,25.5466289878057,28.0056421680742,27.8529907706088,28.3557399231409,25.9393033564901,27.5955819729508,25.7019092301042,25.8513619003978,27.480350096594,28.0667052876038,27.1717228474349,28.3680043066396,27.6855080035321,27.5903185907743,27.8827597871704,27.3126098286097,28.6586442333691,25.8253181804197,27.8812900583738
P62703,26.6244803058458,26.9940816729595,26.8549242757456,26.601037906777,26.7924477223191,26.9424329350567,26.9402168909497,27.2187720705574,26.9290512727799,26.9215430047146,27.4033859178412,27.2089953901782,26.8586116098216,26.8448771799734,26.5947537789018,27.0050483586521,27.3776175221849,26.7851406148702,26.3737928653054,26.8431195558465,26.8830342691711,26.8817607641567,27.072146751491,27.0215326396153,27.0465176864288,26.9575552725384,27.1074422763798,27.082872703031,26.7510428821531,27.0027694390871
Q63421,29.8703370042613,29.3760269057504,29.9291546151488,29.3825191690787,29.7283510240579,29.4770268216462,29.3729993954204,29.3216235036445,29.6305315964448,29.5578574388705,29.7433356446996,29.5110806853216,29.613946699852,29.8096691669338,29.3007763464602,29.5637611648428,29.661680034352,29.565285409382,29.3680007711725,29.203137479604,29.3863245409012,29.6094881673412,29.434185734129,29.2133936280286,29.4059966252799,29.6417372145287,29.585496423423,29.5514538009647,29.5219660946928,29.6976736908857
Q66HR2,27.8574490844866,26.9107855266919,27.2698186294348,26.9083360328634,26.5635156187546,26.9242766494433,25.8380283358939,26.36673082592,26.2225868575811,26.1819725787477,26.7991397932474,26.6557897100746,26.1051850231282,26.2721164916864,26.5580121101559,26.2688907109294,26.2034211217989,26.2960696596107,26.2027615672422,25.8183351714188,25.9779416847304,25.9997523855909,25.7796210197872,25.9779548048006,25.6767778946494,26.1138452862681,26.6246057235558,25.7624943120967,26.4025553618615,26.0662977522652
P61314,28.7274547251049,28.8754987135468,28.6499773142942,28.8930388489968,29.1414320137087,28.8501949052251,29.208597617818,28.7872416377245,29.1023357291575,29.1409644130767,28.6422844288836,28.8226483358566,29.0124953219616,28.9870931272198,28.9931986942953,29.062087331599,29.031668506094,28.7914412654544,28.9668121917857,28.8580734252029,28.8534043551361,29.1415515694489,28.9152568134177,28.8634582167735,28.9488797786258,29.1538631247399,28.5739518862902,28.9942064338536,28.8533448940125,28.9175863086878
P56536,30.2891119893171,30.4498009544959,29.990891729744,29.960305799495,29.6523776358548,29.4485731690133,29.79518515517,29.6225815874332,29.3926838641631,29.6876052917911,30.0734550176458,29.6906142623643,29.8416138976301,29.653756774048,30.02985122119,29.9573879746184,29.618047443984,30.0231951215765,29.5456475235872,29.3285757962452,30.170648230999,30.0495412219239,30.1898099964844,30.1229111053309,29.6439330868616,30.0681129868059,30.1511292587831,29.3759775006425,30.0192401233379,29.8354843046467
Q66HL2,29.756860740621,29.7237533793838,29.8714912724226,29.5148488435647,29.1498921832548,29.471032577814,29.2847364527907,29.4590086403591,29.0822391330944,29.44470283144,29.4975403977309,29.5188234816816,29.3395189946623,29.076880912178,29.7735652330161,29.360571444148,29.1756431491188,29.3018703123333,29.5017816280003,29.3674937489832,29.3358563260218,29.2123985805654,29.490098920984,29.5286481122623,29.2530948752246,29.336553871052,29.510046700305,29.2262659761693,29.5886690327686,29.2376988531643
Q5XI22,26.1122381644755,26.3184134123255,25.8332881456422,26.7892605284922,27.1985059021635,26.1803531005278,25.7482108795329,25.8905669661579,26.7995160335623,26.7237013631938,25.8584953882784,25.6417024312536,26.0579505315091,26.3782436678682,26.7192727232571,26.0856222675772,25.6402273528076,26.0365127283066,26.1651848036308,26.7113159433507,27.0741247047344,25.8894627920031,26.0800423360387,25.9349020248345,25.9120321159915,26.0207447339569,25.9345782538867,25.5120642720194,25.7890073549008,26.165293415001
Q6AY30,27.5377110120811,28.46041626313,28.2444041965641,27.9374707798459,27.1212119743489,28.10887932967,27.3382634605557,27.9758061978052,27.0216500466028,27.2535720950137,27.8803616068307,27.5942317304214,26.9443862948911,27.3155972194345,26.9619451053634,26.6185728127364,27.6552498855721,27.3945943785742,27.5493692582897,26.9679905380892,27.202810861563,26.6733527366874,27.6270380998501,27.616934294655,27.3121420061674,26.7134630897414,27.7379517128698,27.5517870119712,27.642930196146,26.6684163081538
P24268,26.3678718964101,26.066847422142,26.3556110367304,26.4965686773862,25.9199464630365,25.5629460013489,25.3097550588186,24.9745381170386,25.4386331147414,25.123984305374,25.3412851465976,25.4735357069063,26.0204244694261,26.0208952854104,25.434507881196,25.3837032204405,25.2084002718497,25.2246318516735,25.4284623792474,25.0780984533653,25.7361209724573,25.1258214533664,25.504121894909,25.9604690290711,25.0134005004785,25.3986135580265,25.1770789090669,25.544725256348,25.6575011753543,25.6880122510711
Q52KK3,26.4491875093415,26.474989324167,26.1602700703235,26.1988848821967,25.4923208130412,26.8598581686986,26.1389130261753,27.1246162337622,25.8899251779807,26.5452946632308,26.5150445547318,26.748035400126,26.0065585367366,26.334545657341,26.5645545847482,26.1912751888053,26.0908540105372,26.0852309247965,26.1633698116467,26.4501982983071,26.2114565183924,26.2979168885828,26.4163748013841,26.9040899032254,26.3368711379178,25.9539670790554,27.1693388968777,25.9789044456121,26.3414180052337,26.3923821156288
A0JPJ7,27.9180003003406,27.7255963492177,27.3647935034935,27.6028275072522,27.1682499838438,27.6093148068516,27.8379559380556,27.8010563078964,27.1339549036299,28.0436661929139,28.3966695255861,27.6611077413955,27.5355159046639,27.1998345729154,28.3868843829501,27.6741721331093,27.6817015788318,27.527215762566,27.5250158927499,27.5419758953793,27.6150465717396,27.4701750431388,27.7386091811393,28.2264240974236,26.9365876332421,27.2889507842861,28.115518473754,27.3785640534023,27.9528054625697,27.8215365999363
P35465,25.8887145288306,26.0372408247943,25.8696399289888,26.6238355693869,26.8972943793177,26.3534067558863,26.3170507397445,26.2290937896089,26.6328241185018,26.3976302298616,26.1473962972036,26.3318454358432,26.5731017468193,26.5474584549922,26.1275038867978,26.3790335388049,26.3785638474277,26.7187235775394,26.1950292049411,27.0106643685959,26.3313536478498,26.3320773971837,26.5217464272926,25.7986799208059,26.5443263283002,26.5248185265286,25.6954886307565,26.6378138429357,26.0639441781507,26.6564739399352
P97576,25.863627413567,25.8414708738933,26.0795749594472,25.5699299410343,25.2661744665542,25.8624835626931,26.5525415747827,26.4295569104745,26.295585355733,26.1446824751051,26.2501964521777,25.9269086905214,26.1170925447697,25.7577391244371,26.6469556198607,26.4852100779859,26.5682250731926,26.1886823164877,25.9897252275183,26.3606882761605,26.123539882087,26.1997313647851,25.9758012390501,26.1350207318393,26.2943610688045,26.3005930810869,25.83746519901,26.4039155248618,25.5941473178026,26.4614629136483
B2RZ37,28.6165409681011,28.8976467302444,29.1825543423571,28.6813361595159,28.0455237191862,27.1893799096869,28.5987541989747,27.8187228042393,27.7726132128497,28.5735318811554,28.2195293742492,27.8495716808575,27.9827618215658,27.5605809441668,28.9986615208389,28.2330010035028,27.8496256373828,28.1941210443927,28.2113546073374,27.5402020162375,28.6680902655046,28.1523014069106,28.7023304320253,28.5366724054004,27.8995536957266,28.26901573821,28.5622887952214,28.0822179071865,29.173275604308,28.2992483071136
P25093,25.6964866026143,25.2926223414866,26.0220905645853,25.8888570050826,25.6328755129005,25.2878320243914,24.8711355346128,25.1167424745042,25.3169708333516,25.6080646544515,25.0831606616152,25.6497741691999,25.3272576490338,25.4507401712833,25.0847119333853,25.667697469386,25.4073868710975,25.7502160607359,25.2128612936485,25.0731111238229,25.2938313534702,25.4628461478414,25.3091931395526,24.7302265066845,25.1146691477258,25.6389608920101,25.4793808619554,24.9359430657434,25.5840822554976,25.3496123786091
Q3KRE0,30.6233058483973,30.7744054733796,30.5376933465421,30.4355199706801,29.9660041741309,30.7919661574999,31.0191874872259,30.9086805858907,30.0983038993526,30.7554560784734,31.645525238683,30.6531313886155,30.3938392972443,30.1552689627531,31.2089602787269,30.620862378011,30.62517488077,30.4753505863515,30.3886705819175,30.2930580201077,30.7918849768995,30.5990386677454,31.0238693049677,31.0953121608984,30.3553045698888,30.3084731666564,31.0544593198104,30.62785857361,30.8876458430611,30.4900356646899
P56571,25.4814918469597,26.2578495312459,25.3959777847358,26.0269973602524,24.8718389737954,26.9487173956847,25.5288889473356,26.9900015709309,25.1504934795415,25.6348079749199,26.7610998735477,26.8142985271773,25.2874798082928,25.5525132131349,26.9411184865191,25.6131857878781,25.4493540571349,26.0420222899348,25.4135316286512,25.2332551304863,25.1568606562457,25.2460302053589,25.3818149633818,26.8006568412804,25.6216293096973,25.0742308628646,27.1813911821867,25.7631434515977,26.2995909747205,25.6787123584108
Q2PQA9,30.269409784658,30.2042137695363,30.3358394532165,30.0935499547933,29.9722033097311,29.8650507214779,29.8063448512591,29.8457260736382,29.7083034692978,29.8697601221745,29.9147385417636,29.8675341401729,29.8186554801545,29.7381298083047,30.1397720012628,29.8533173089731,29.6687863597444,29.7472998524288,29.8416222540119,29.7005273635676,29.893133328816,29.814236128141,29.7867083283333,29.9083007830696,29.6873232754971,29.8812524238074,30.0456726377579,29.697746570906,30.2695430786953,29.8516044766941
Q6J4I0,24.9152456823629,25.0330716564588,25.3870957770322,25.3292009794102,25.5668294299685,25.343980519308,24.9963306441827,24.8524640591166,25.147945196817,24.9980771597792,24.6667332112382,25.0060137665601,24.7358327251368,24.9435148704404,25.0745657595265,25.2586099617885,24.4590544090095,25.2105347039457,25.0808284506366,25.7755388565264,25.5339002643541,24.8985371592532,25.1992006087408,25.4455149697909,25.3940099618631,24.9792821950254,24.5766638340066,25.2358536514591,25.2265797363763,24.8798564691496
Q9WV63,28.5656756062361,28.6748592301871,29.0878337699316,28.6331770940648,28.1218975938242,28.1038917899558,28.2761100860919,27.9750122952267,28.2353671728835,28.2430830645063,28.2178912704796,28.4667869097024,27.8395088875556,27.7192889509607,28.5441225651634,28.1714515785653,28.1233059794165,27.6854915797677,28.2386596000831,28.0688282200115,27.7233661251599,27.8529741846716,27.8597494194956,28.5538744177426,27.9163962301202,28.3125387884914,28.7605723355546,28.4499285939526,28.5470920193344,28.1315197676102
P62856,25.1838821119032,26.2586639972924,25.1604292461564,24.9161630960796,24.0263067351017,25.1406942333425,23.8816100931437,25.4063306240205,23.2245765659013,23.8675393433464,24.8953285437318,25.1810584652902,24.3657114648747,24.2929493835979,24.3340180491366,24.7877018306746,24.075693936909,24.8423477115541,24.2945945787049,25.1826070617847,25.2769517585468,24.3891750611407,24.3826963024369,24.996744353634,24.4131768467261,24.4522181927328,25.4925544809306,23.8584766356525,25.2692258407832,24.5268065175946
Q63210,27.9552490273008,28.0045442681032,27.841308067715,27.7899819498061,27.4749259085537,28.2134444500068,26.4969668717883,28.0336614988559,27.7105940913367,27.6248409755635,27.8330972308835,28.0304447750285,27.5064051084074,27.753343200847,27.3833688483771,27.7180860596413,26.8844724612742,27.8802646608638,27.8707197873414,28.084400601962,27.3548808804659,27.9694399248463,26.8362545390768,27.6927554587609,27.6499477112315,27.7766972198832,27.8643617972397,27.3467292023799,27.881008408338,27.7561283524499
Q9QZR6,29.9236960650035,29.8826598805752,30.0540357370343,29.9469781643937,29.6930260357438,30.0811245267469,29.6986336920991,29.9868807692144,29.8192721791983,29.627415672629,30.0205809745693,29.9374589314213,29.8276122560045,29.8758874720414,29.6956136558184,29.7395933794332,29.7206862060391,29.8504683819587,29.7271240722002,29.7579098638065,29.7689702726173,29.8863912996021,29.5559020629138,29.8391521808725,29.7828457130915,29.777340530939,29.9265109624242,29.9502766462909,30.0352002087938,29.9314553780327
P0DN35,25.8588380368183,25.6197002429277,25.671795100894,25.6088334775387,25.6110299641829,25.6280967084995,25.5285919820811,25.7778179983732,25.656517715395,25.5554189045698,25.9282627227504,25.915061820462,25.933209496993,26.099290340195,25.6391397475391,25.8122879401571,25.9325650002884,25.8241673177663,23.7020965361317,25.2339892385738,25.270302229051,25.9135465545086,25.9039719493653,25.2940871436906,25.7984725956098,25.7412602142231,25.8581927686189,25.817244561005,25.6803713683078,26.048289733159
Q9R1N3,28.7764556686035,28.7161384394145,28.9070785400097,28.4697795926459,28.3228142957472,28.7201956019514,28.4604941403441,28.8850662352052,28.3913145219499,28.3167087690982,28.8207941947215,28.6892945928738,28.1925462654322,28.5286289707667,28.7044451323457,28.5072969794971,28.5939308286195,28.4232335032419,28.4203747819578,28.5563415214733,28.3744478551683,28.5217979266701,28.1422014141989,28.7466650187496,28.2223950362271,28.4572204509621,28.6584495036633,28.5100988527746,28.7459776661458,28.38096095335
P62870,22.0063943064265,21.8330649494421,21.6178560955408,22.0460457883668,21.8414701851745,22.5928442012244,23.3458470517391,21.5602850235216,21.6244120949728,22.8095816624181,22.3661436239786,21.9686517436623,22.6180677053501,22.7882261740916,22.6438265431469,21.882391699316,22.3790874131368,22.1084796210905,22.339732671487,22.6820796081123,22.0552722696364,22.4281464030884,21.415790490657,21.754963995119,22.5332818552584,22.075843097054,22.1657785544455,22.8387493413043,20.8307961481772,22.3931289431559
B2GUZ5,25.5440920420515,25.7600715461744,24.9516509097623,25.4565943315928,25.1067625408626,20.5017975376304,23.3146004703645,26.0721792260052,24.9127845776239,22.4883812510516,23.101407694555,25.8674487265964,25.2130307340801,26.0699185663907,21.5620634435108,25.2692294535052,24.0975032742043,25.3813123637198,22.4737686876654,25.6267949660441,25.3464953238561,25.392294523233,25.3376123103844,25.6570552467528,25.4474966885531,25.1540141346953,25.8059200739199,24.3386894209669,25.7840318749898,25.4470886388975
P08050,27.3905060692857,26.693967942323,27.1724143943811,28.0108014649184,27.537546205259,26.9338108715511,28.5275137292166,26.7066447454934,27.5514739736886,27.2178620629537,27.4323587934221,26.9099877061106,27.6720155496374,27.788504249829,27.1570964281167,28.4132080863932,27.7469766480254,27.6063102205457,27.9605658485784,27.4437375238792,28.4124361123798,27.5075191885866,28.2989022750614,27.314931376783,27.5930872455981,28.0547502631229,26.9860705154707,27.9358152689705,27.2214781618972,28.2754596990249
Q9Z1Z3,29.9475558170251,29.2032334301233,30.0028251667439,29.1192176273278,28.6939330347397,29.2240617589377,28.025741391679,28.7877439052433,28.4125650369017,28.5456098925914,28.8770797143404,29.0022286890411,28.2891307519769,28.4126019117603,29.0413006978716,28.4977840958887,28.4283931079459,28.6020273058321,28.5783194817582,28.054775942304,28.2988721460066,28.4904482153586,28.1184401110654,28.4618667049952,27.994360539176,28.4404417650701,28.9316830982519,28.0530141899769,28.7918049678679,28.3942156134099
P62755,28.2794735529081,28.4426570668248,28.6286050895147,28.4546173807591,27.2758259055618,28.5033383658024,27.920454337048,28.2849166931196,27.5974515398273,26.9584541764284,28.1238594953426,28.1905067574498,27.3414699834322,27.2513064701084,28.4033414588366,27.3969674447251,27.7208634299867,27.5308656244331,27.0599435931085,27.4586387986698,27.7876004042613,27.1112603164179,27.4930461366419,28.5165517723142,27.1886409825852,27.4022745036127,28.7476867912016,27.5207713923278,28.319270530502,27.5418087478853
Q6Q7Y5,26.5620171696908,26.854748274094,26.7726609341598,26.6042847748315,26.3488054317438,26.8851063366485,25.8851360402468,26.8057209887434,26.2780049521052,26.3275337760067,26.2548462503296,26.7994248143564,26.2925959605112,26.2747733326442,26.662845846374,26.3763857700684,26.3958426695326,26.8944427584045,26.3896136041494,25.7657313106231,26.5598216865519,25.9761101146963,26.241777364228,27.013657555908,26.4328234739854,26.4216440287942,26.9996733159331,25.9920077825211,26.7677384535839,26.5151159287874
P19492,27.6337629837732,27.885471273387,27.6132931211484,27.7055680276966,27.2778703443262,28.0609716151706,27.0278686425147,27.9104924499765,27.2194496953558,27.3828981309469,27.5509208688613,27.7697018383808,27.1759933123131,27.2720889293025,27.6070380940306,26.9425670136356,26.9125847461372,27.3740078305633,27.7766855465599,27.4221992531468,26.6299899632671,27.0101977597946,27.1960417911524,27.5144857285806,26.9513285601206,26.9160764719628,27.7554159011358,27.0168732539539,27.4689769069203,26.7948674939261
P51583,27.9419311521397,27.6954730033923,27.8149963069989,27.8825117763782,27.8886432277905,27.6782559551467,27.7593035191132,27.6075133030711,27.756855253316,27.8512777932701,27.7190837009833,27.7750975665386,28.0754645646047,27.9137507101238,27.9975796453311,27.9017248041045,28.0188498805988,27.981602561911,27.636551714351,27.6859011289678,27.9557887361873,27.906145315405,27.8153375004774,27.7640153053385,27.8574379064652,27.9704989970878,27.6534934444661,27.7618518493362,27.6353272132334,27.925479740095
Q7TMA5,32.0986697290466,31.6789908374478,32.0569678400366,31.7061960842788,31.424769984116,31.7362800945367,30.9859771714774,31.6333046794724,31.2471316492922,31.1306112384158,31.5724183823599,31.7591369837894,31.278882270871,31.2585694521085,31.600888037003,31.3567470024931,31.2854009012824,31.4245705092085,31.3711153072776,31.2905709408005,31.3191307588406,31.2675351122557,31.1462373958203,31.5949609410288,30.9179948303794,31.4778314066268,31.8170956857758,31.2039650176585,31.6582238527203,31.394317427581
P63326,28.089527937255,28.0742902915556,27.9561990890222,27.7617237017523,27.52174954999,28.2901336458573,28.44353453174,27.766072491391,28.1004910899316,28.0684136011562,28.1239166280215,27.9274105859028,27.9387998216328,27.5665236152982,27.9240652682328,27.7465268661584,28.0285036527611,28.3247914304337,27.8517230099424,27.7028708938149,28.1000802196128,28.3030813748309,28.673368704055,27.9839229610773,27.756846875486,28.3348461972113,27.9469603797825,28.328587157749,27.9362449513484,27.6079811004286
P50878,29.069180716482,29.4548451597975,29.1947425604935,29.2914464108583,29.0418144174823,29.5623749948981,28.9139566800594,29.299251850892,28.9177969435805,28.947678748594,29.1542981615186,29.1300153091649,28.8471904535292,28.9032673684249,29.1116069724912,28.9900362446812,28.8878704259513,29.1446923054561,28.9817721050431,29.3082269930854,28.9906802537688,29.0950166601437,28.9064489417924,29.185613272961,28.7892298843439,29.0804925812784,29.2076122548706,28.9561872170645,29.145842340795,28.8421629621066
P53678,26.4635375363327,26.2291717231577,26.447591511111,25.8963162569236,26.329713615481,26.3664388863792,26.0669201651323,25.8087507941996,26.0555266283,25.9348771471828,25.6913951498398,25.8012606678262,25.9984035673732,26.0798886083112,25.8541551266347,25.8728804783185,25.6562680387969,25.8324673084184,26.2855292735789,25.8226521641937,25.8995750384757,25.6827301146216,25.7019542486509,25.9436578080276,25.8640745561151,25.8346613630176,25.7874882120711,25.8933556029175,26.0915189817929,25.8659823324062
P29348,25.3422499151864,25.4240982957538,25.3276176090144,24.9691223778677,24.2093074375025,25.4504405777046,24.016182688184,24.8888164219332,23.8913553480045,24.0175868864776,25.0370549914044,24.7468344598909,23.7757327648761,23.4762700181285,24.4179071616643,24.0296572491981,24.0214243781783,24.038065650076,24.4571097391907,24.4757076717628,23.5945484696586,23.7575013014414,24.2573522252235,23.8574110674025,23.543775392769,23.9444899745828,24.986573454107,24.5067715987837,24.733432179249,24.0183496431836
P06866,26.7894384810269,27.2030653700563,26.4629952779233,26.891279766323,26.7810242618759,27.3176224737753,26.4182301578341,26.9772269542842,26.5771001237037,26.7279755648599,26.9799860172933,26.674691418274,26.6018735435887,26.5697342757332,26.3993371510298,26.4935418627672,26.494528186445,26.4286984003277,26.4826506696429,26.4771868064032,26.1764280498355,26.6220303048748,26.5015330608831,26.2873248646622,26.5250335292412,26.2256658151417,26.4347688540435,26.3723390555821,26.1979575464525,26.2131890207911
Q3ZB98,28.6417692568682,28.7286786603306,28.9201156241142,28.7007948749112,28.6494306430265,29.0509610496332,28.0682473904077,28.8650425075842,28.5495065012311,28.2680990429394,28.2583148425989,28.7552321083042,28.5378794490369,28.4046868865331,28.6746100653837,28.6194459224002,28.3945844245404,28.5573343122899,28.6260915321987,28.5522631286196,28.6162971482304,28.2560017559415,28.2831523835097,28.6108617421797,28.56936089727,28.6190761123318,28.8302403763075,28.4049042070849,28.9226579059086,28.578136809424
P02454,30.4034653382038,30.1637898962888,30.2482911552501,30.2278477125032,30.4067832383278,29.9783253804353,30.1152655634278,30.0598530657289,30.2708462714336,30.1830803086279,30.1331359049922,30.1363033843576,30.1576616092607,30.4492063630831,29.9159655477492,30.2189573576921,30.097976258992,30.311246413385,30.1712860938517,30.205586571035,30.2832042132822,30.2938112933208,30.2660560345206,29.8802762730993,30.267846113502,30.3100076209582,30.0538986393241,30.1953363979555,30.0278772972907,30.35029391281
Q6P7S1,31.3799790789501,31.4776436609798,31.8857569290301,31.211152437547,31.024693859802,30.8368478552056,31.9975706658019,31.1891551173529,30.7889576103406,31.5183220484117,31.8746584288857,31.088129371677,31.1688487023824,30.8522459415195,32.0957916138062,31.4802821783561,31.5338673096784,31.3456630466654,31.2152819738394,30.5918108041177,31.762287558061,31.5962631292623,31.9550930086249,31.9037294914749,30.8565653270797,31.6642803814228,31.8790975380493,31.5527887796349,31.9158030175215,31.3857785415075
P05426,27.2052140827437,27.430630668028,27.2260039173296,27.0758208130158,27.0189397647338,26.8015203099314,27.3070709523924,26.7071449855829,26.9400018619005,27.039770976593,27.5210913308714,27.0933078549972,27.1253008076294,26.9803272676385,27.030076390882,26.9534842383362,27.196206037274,27.0630464798844,26.9382833974685,27.3774669124496,27.2571565754786,26.8820629911673,27.2400473745196,27.4467935284252,27.0780231500702,27.151373915102,27.25931471776,27.4559546906597,27.3064998083315,27.0801235839615
P13601,27.441548903934,27.6066460145912,27.8192979823094,27.1459397594718,26.4469026940907,26.4294774017465,27.1384608363469,26.5805377388937,25.9660129624137,26.5245956404582,27.3785697346183,26.7130237610738,26.5264563058716,26.0117521776131,27.6825220036942,26.83578318059,26.7235365797494,26.7177824850797,26.5944781194106,26.1635747793646,27.2379736497864,26.8225917429457,27.4402521478212,27.5807814444429,26.2247990392259,27.0182776320252,27.5501253475499,26.7149375113508,27.6023046889081,26.7111793819906
P62859,26.1771404006926,25.3517456563767,26.5028531590315,25.0997559903184,25.0900939678001,25.4988957187327,25.6912448619223,24.9355335604634,24.7200158164737,24.7183488235002,25.0640495361478,25.320032539305,25.3153885593496,25.3410740593403,24.6459967050961,26.1652222587305,25.7666696194399,25.0616363259358,24.9890194454642,25.3825999440968,25.403541157551,25.8714189248323,25.6466650119042,24.8547274323378,25.245298525235,24.9168660867406,25.4901612081401,25.6607449577237,25.2822442801582,25.6457542457185
P0DJJ3,26.7661168585823,26.5840547793341,27.1141029190721,26.4744440920954,26.3717228127421,27.1292578503282,26.9653766999277,27.2666944723857,27.3573692138632,26.8967913203737,27.2393560292497,27.2493565294833,27.02198387712,27.3245242992289,26.947196948109,26.8272949681171,26.8835807455608,26.8733009263472,26.7903360217637,26.577638635862,26.7859723852093,27.0404573409992,26.8657650862914,26.8161529206597,27.1395701699944,26.7111716700895,27.287966080915,27.1920823698182,27.3014661933489,26.7249390191415
P05508,25.4473473640352,25.2370513014975,25.1296702199462,25.015695612632,25.3082400785666,25.7479616295167,25.0144728836974,25.688443252898,25.2128949586678,25.1943297422753,25.333025730546,25.5525064509053,25.1222786618274,25.4220178463369,24.6656419146439,25.1538792841628,25.0342482890619,25.2229376418285,24.6654866331453,25.1517500168207,25.2787422088967,24.8621897185305,24.8661960320043,24.9379476410136,25.2975608057988,25.5137045962796,25.6202564329221,25.1481321021136,25.1848822055286,25.4881137564534
P04903,27.6307028852779,27.3570916827979,27.6057966781244,27.3946118979846,27.6207452932375,27.3558068411443,27.2797322616406,27.7109821078432,27.3686524124837,27.7286704121006,27.9491490244545,27.5173451812639,27.3562958558729,27.3343887100104,27.4591707599004,27.6513478647009,27.7490085451372,27.6797383790007,27.6405255842003,27.061532797002,27.5747865428066,27.5775464099963,27.7241357333356,27.3912758287836,27.4752519542972,27.6813305589176,27.4011283839982,27.4681201243039,27.6223051200334,27.7954368778658
P15800,28.7021969278003,28.8789366613335,29.0697710279687,28.2076695201835,27.3952124236078,28.8349474019265,27.477633204981,28.8079816417703,27.5732702566681,27.7691665542293,28.678989985841,28.6707489925995,27.5047095393038,27.7872575648746,28.4820567299152,27.7837587233247,27.6184299892102,27.7099647093106,27.6266918397207,27.6588443354892,27.3747123217953,27.571566123942,27.1015407739802,28.0030609792459,27.3754523487876,27.5189076388563,28.67552953058,27.6291151616288,28.2397141924342,27.5650153296902
P85972,29.4565551917671,29.6743733560082,29.6657762962049,29.3865278196014,29.3306505122594,29.805080153981,29.3008298660219,29.7030574485462,29.2164473357065,29.3346932069943,29.4063145675039,29.5306555233343,29.1522486639209,29.0995384859488,29.4999926761639,29.2337329800321,29.0514376583857,29.0608378418202,29.3743244555652,29.2850915407848,29.1214271734925,29.0579394472244,29.0926524256145,29.485307560513,29.1250193916839,29.0421921417239,29.5423918542494,29.1059504324564,29.4007597343233,29.1236684154359
P00502,26.8726237623355,27.1240973902779,27.0198086828275,26.6874220482811,25.7938803835468,26.4798233995548,25.995527211993,26.6071209065569,25.4416470313984,25.9916040543149,26.9403739472576,26.3260124770557,26.1572611045931,25.7161350692219,26.3297658008252,25.9087130465821,26.539831582953,26.2400264474876,26.0950211749171,26.6920647238356,26.0866754528572,25.9001135309457,26.7967706065294,26.6339318972824,26.0386331046209,25.5226583489375,26.6762448147229,26.5926708301409,26.6353334249322,25.8146989768266
P51647,27.7059669920175,27.6333476779013,27.7682465794425,27.7894647211051,27.7964959754181,28.069989194951,27.6793296364327,27.8436416035043,27.8325191517778,27.6651542729512,27.42556183043,27.7595164711023,27.5967599314972,27.853343982045,27.7686959911388,27.7599587331162,27.3487823826922,27.5249448199328,27.7377352182858,27.4910843529858,27.6746921017019,27.6094101649822,27.4587870221131,27.5313637315809,27.7284503971745,27.9097638923269,27.6374295708507,27.4809387103684,27.8343845550592,27.6752685966071
P04550,21.8401325202323,21.6947142110561,22.3584622039116,23.095225073277,23.421137556825,22.1672330382927,23.3955916738568,20.8713561171001,22.9988464202511,23.4185533005675,21.6148326115531,21.8682506589246,23.0352213389476,23.7644525055724,22.6823914457666,23.7241414534617,23.7774210669937,23.5612197899278,23.9438245186467,23.9867947373565,24.074703368155,23.9455588135015,24.0130412751311,23.4720498475897,23.8976545138161,23.4559594600547,23.1146298385547,23.2751459812925,23.2696757704493,23.8668328469946
Q9JMB5,26.1598461378946,25.2422307114991,26.4782310370204,25.8220903196733,26.3935523600444,26.5523217963283,25.5546300249944,26.142941399013,26.1600509198056,26.1652234021425,25.7795796444761,26.2583613658452,25.7144657732293,26.0355984253799,26.0557488208362,25.9808548465511,25.6475768550216,25.4374032075099,26.1035120256449,25.7476770360134,25.8809611444553,25.8913593067469,25.4681739516512,26.2429627234956,25.6764490832264,25.8824441966047,25.8593555271062,25.7453688440245,26.0516273461729,26.0766855320292
P19024,27.7177391956593,27.6707900358001,27.962188649545,27.1884418090028,26.2467367729387,26.5025460572559,27.2549323648253,26.9132157580656,25.8519849751059,26.6371200448762,27.4523039396221,26.9093040608206,26.3990801820518,26.0174972339166,27.6261186721098,26.8099410178857,26.8725029807817,26.7840873019001,26.2828109089957,26.9066074524829,27.322482460001,26.9382391446347,27.4104148926513,27.6318978515564,26.3402875717657,26.9341612396824,27.5821202702258,26.7538045294886,27.6214534345956,26.6754776343542
Q9Z2F5,28.8684702732613,28.2049488490525,28.5642309512577,28.4599044189853,28.6991151953357,27.8804330227645,28.3217881163204,27.8911435641241,28.3949132474623,28.7519074795204,28.2584307346416,28.2864320168865,28.6610068360577,28.6798866208928,28.5932876659168,28.5799950325889,28.4986261743358,28.4370673314074,28.3198090398933,28.0531194146211,28.071536564183,28.426168048133,28.3602172586721,28.0789811932581,28.059726457708,28.5328891575839,28.077151952223,28.1510267488695,28.2633909620803,28.5348125457604
Q6P7B0,26.2587472948565,26.9167489772076,26.6528521593099,26.350609184184,27.2445247482583,26.9309605004348,27.3579378364705,26.793765098411,27.3014649329771,26.5226116875764,26.9539439309242,26.8307403387869,26.7868218877348,27.1993624649233,26.0255563257024,26.6835554216283,26.7571547712718,27.2807274610399,27.1835912550397,27.5803535416259,27.0909523608429,27.02949838595,27.4021776388337,27.1119438307317,27.3965328486433,27.1728477380376,26.7621978378354,27.0276980983971,26.6523534799632,26.9679003767456
Q9Z2L9,28.6086477937122,28.3749704117261,28.5728792718212,28.3501088144656,28.3284772923696,29.0557800123535,27.9260552693249,28.5037948429876,28.0404282074975,27.7354016703332,28.6411252430917,28.4428212942348,28.2073580546148,28.5794720199976,27.2647194257789,27.1661452046445,28.0079167354462,28.0325903725152,27.5826620687198,27.606011444236,27.3650316362058,27.7666998604907,27.7371482346404,27.7000350944848,27.9450438477862,28.2004540775278,28.5309425471486,27.7263657310748,27.3528894567939,27.2764555004854
P62914,27.9202306571807,28.1052665716975,27.9812227311011,28.0300423402515,27.7715758698939,28.2832328961006,28.0839344883313,28.3144204184096,27.921783816133,28.0138133932922,27.8817123228112,28.1721622862686,27.8136999955488,27.6497332465737,28.3127328511778,27.9117642608885,27.6302209720459,27.8209254372849,28.1646535618876,27.7550531734177,27.9530442426945,27.7632329025553,27.6686162933823,28.4041482343845,27.9604467246961,28.0021386239975,28.1486004927099,27.8255681701052,28.3484880628328,27.9249499927102
Q63150,26.0517089067521,27.126000005152,26.2717215998059,26.8589179402219,27.5421854252011,27.0637023991205,26.7587679088442,26.1023920358558,27.0344496386852,27.1388698721678,26.3647831701103,26.6754714255898,26.8788265530196,26.2440467862848,26.3271592447979,26.5341293281907,26.4011703963674,26.7603814695181,26.8576511884922,26.8439893435194,26.8611512695395,26.5306990824962,26.6825467382656,26.1146774419265,26.2926335141557,27.1734026086489,26.4994475118904,26.8434954222062,26.5141735352219,26.5082168247371
Q62881,19.5790369797681,25.5129079246707,18.4435154336551,19.8420137108118,19.6985944078197,25.4378778397593,25.2779504293387,25.4425850196546,25.3496540211996,25.1401077162436,25.657565249324,25.5981340319838,25.7248079768417,25.1060465738184,25.5640898494283,25.3778519688857,25.4921975272384,25.6704091835149,24.8213213091032,25.9302545746305,25.0884507072721,25.092677462159,25.0601744840579,25.2358933782302,25.1209476759778,25.3930888195448,19.6742971440406,25.1980954559062,25.3178709452723,25.6909588944563
O55096,29.5268352361744,29.0933312796564,29.6114899573985,28.8755932750598,29.0164481589234,29.1407378281505,29.1540102648067,29.1102599235957,29.0675347691813,29.0759525022674,29.8120869059388,29.3672189077516,29.2067035654586,29.2953040751602,28.8626754528189,29.0168185312435,29.3450878396422,29.1590093180023,28.7878093985919,28.9365018717871,28.8806564004184,29.0074461585816,29.0424856267452,28.9279367338314,28.9595044378994,29.110757728759,29.3844462897651,29.3135650963059,29.2460361809588,29.1375580698116
P63159,26.7173184738518,26.883079977472,26.8360200278476,26.8251389162536,27.1268310049995,26.9700331381397,27.368681035681,27.3174527258485,26.9418674377673,26.9981232082938,27.294654253967,27.1394584724755,26.9970385377149,27.0106346763391,27.0282514694753,27.057315603725,27.0640332165046,26.9368929618449,27.0754761359776,27.5802461843093,26.994529280049,27.2974013956825,27.1481946714385,27.1818862167014,27.1758735906214,26.7593379510734,27.108028205288,27.3528312607985,27.1169331044205,26.8814002952258
O89046,28.2112528191818,28.5072942236244,28.34537999495,28.4306945447173,27.9586994542674,28.5152775535679,28.3694662189496,28.3188568608293,27.622424710788,27.8140495655442,28.1117113731438,28.129777560067,27.4315553459526,27.6369122280904,28.1215757548624,27.8455303916548,27.9046358414988,27.9671340302022,27.5755069230791,27.4229328927813,27.5691467036962,27.3516315811236,27.8611541497867,28.2230525988221,27.4755860335003,27.4557228813876,28.4071271319609,27.7237462593572,27.9619366136631,27.8164113627342
Q8CGU9,28.7771363882801,28.3932737381607,28.6029781369485,28.6365978458641,28.7029452590041,28.9069147993334,28.4324766970437,28.4504485906503,28.5861020506474,28.6393656764367,28.6578267579449,28.6130939336402,28.6764278007026,28.5239943863149,28.6154320148699,28.5789110834688,28.5959995935796,28.6969391148659,28.3529038540385,28.4484347749935,28.3494640454522,28.2920648849152,28.3570236610037,28.4578692782405,28.3252880980612,28.589049781152,28.3625720342277,28.2910335839631,28.3387129566653,28.6426956057717
P06349,27.3074451539722,27.6961221249133,27.6258128441169,27.83793110775,27.9022005339966,28.808819926021,27.8247091541432,27.9193353599539,27.712884287584,29.1527781707695,28.2427618947585,27.7734037603646,27.954077366682,27.7103265058828,29.0748809528772,27.8498046933734,28.0055030139296,27.8432881267454,27.8399549488003,27.8647959432883,27.7373056245324,27.8393650679196,27.8276694522149,27.7046304279778,27.8596058934951,27.5407782992836,27.6327545401592,27.8080726306598,27.5838832026762,27.8709416265006
Q63604,26.7383866428194,26.8054665442993,27.1908001393836,26.7005138710643,26.5137896568053,26.5340392910954,26.4791069624597,26.9887058384829,26.6758229060864,27.1856390229006,26.6795458715642,26.9928540494395,26.7983408652766,27.0677124449981,26.7478482960017,26.8549286339045,26.5309379723914,26.7214960559922,26.7353028263957,27.0562357146582,26.3755975897228,26.8313204764639,26.7731809610598,26.5543476427056,26.7130257818205,26.581764027186,27.006164799737,26.6014285673309,26.7426416491678,27.187213307534
Q71LX6,32.0907753772115,32.1251966870875,31.8734122616445,31.8646606906961,31.4051832911322,31.9941974817335,31.7368895764616,32.0414056050203,31.4852781120112,31.5625395917358,32.4445456371058,31.9719484621022,31.5713782860078,31.5231316505566,32.0900792082554,31.6861703341415,31.618131149179,31.6345596440277,31.6328855234725,31.7493969993782,31.7491009641168,31.5218485377765,31.7102130504562,32.0328940930819,31.497451829664,31.478650891847,32.0613064994346,31.6412398229447,31.8947911854698,31.5691417759617
Q68FR9,25.8070940131753,26.0048280854248,25.4125035424235,25.5453910345939,25.4067216594894,25.9173210414348,24.8473667037056,26.4368861652575,25.5997300602701,25.5322092337585,24.0170950338259,26.0713913849814,25.6968466981413,26.275844403323,25.8943934930842,25.9640775422696,24.8195126095242,25.9521377769418,26.4425633779266,26.1510629714674,25.8925998271253,26.0501777705345,26.1919309395207,26.0375267935313,26.1173992740713,25.8616293893902,26.2936943274636,25.1182258393896,25.7105099316482,26.0642350650903
Q8CFD0,24.7178320998107,24.8010716781487,24.3997894321948,24.5452010320782,24.73807932357,24.1446172506249,25.0968434280487,24.397372704402,24.8152082655628,25.2552682891047,24.8417641027919,24.4593386406704,24.9241038983819,25.0135171272197,24.7501456061329,25.107312831139,25.2056951282882,25.0057142365976,24.5341490950217,24.9154956975537,24.9863124761308,24.6896495682092,24.6891873845722,25.0723640659928,24.5234857890639,24.9143251875353,24.6808994518702,24.91934044606,24.5542819906345,24.4827196244857
Q9Z2G8,26.9068269434337,26.9428260388568,26.7807708984086,26.7905341471785,26.5316520523605,26.8661813727493,26.563352537924,26.714039455464,26.6059026160258,26.1596509564701,26.6990666394717,26.4738388920226,26.4557241206525,26.3889350062158,26.4220157436257,26.3965000031647,26.4686299493922,26.3553198459467,26.3553838961529,26.9170362732754,26.5276038973864,26.4329176696069,26.3988115609522,26.5773925497738,26.3857877436066,26.2409541092662,26.4875891004608,26.5458831740389,26.3404972469168,26.1538419701303
D4A3K5,28.6598821962204,28.8379351771445,28.6702546407279,28.5937923313624,28.8274606249795,29.0353743466005,28.3345040380829,28.6117949975664,28.2562478895138,28.6439093764575,28.4848458810707,28.7377144593219,28.4812292845679,28.2798911732817,28.6125261194901,28.3000831022591,28.2958303555661,28.7892769579964,28.671173344249,28.0788294987307,28.5945191441095,28.6676409039813,28.5359427873906,29.0210902668584,28.4190671109189,28.2345516105934,28.6316713425128,28.7151656786485,28.5875388507085,28.4388503837873
Q5EB77,22.9612907177965,22.8503353079206,22.9781479924425,23.2312070021046,24.1868261841687,23.6957553140045,23.8301895760151,23.8002835230921,24.1539610333949,23.1341245345877,24.3132612090569,23.9579301229693,23.9919491831793,23.4038748244957,24.1524554122329,23.9063721103189,24.4821159736975,23.4182790582573,22.8325516729296,23.1715252591415,23.7692949431618,24.1565087031191,23.8767918238298,24.1269507318112,23.375533313953,23.8733096894407,22.9785791665531,23.2491343323703,22.9929721766463,23.8060359796294
Q6PTT0,24.3962246167522,25.3361588791848,25.1462291862852,25.311213757853,25.0915837327539,24.5847706794009,24.1008714449823,25.3912877424121,24.5574280379741,23.9105986165463,24.2927286154045,25.2560340355425,25.144514463384,24.087999902331,24.3764550389736,24.6322852317008,24.7816399425489,25.3116944715333,24.6382035713436,25.4382505269462,25.1873835531353,25.606845060731,25.3286111065348,25.2665534846416,25.4054154274694,25.1375030596953,25.2601667158002,24.6867425782426,25.4569249322502,25.349520993651
P18420,26.4483768705429,25.4498145655466,26.1673161679466,25.4013392016245,25.6149562541847,25.4455587991116,25.4506786439269,25.5746400593489,25.6030055623861,25.9422108117832,25.9960566711905,25.9106524909773,25.9639474353776,25.8060526895708,25.960209926464,25.53940800339,25.8645124632177,25.6245914600968,25.9200023927549,25.8725519608387,25.5660208460966,25.9402720298104,26.0661044440872,25.4606890307187,25.977184612939,25.4508190954851,25.8454357435659,25.4286793053712,25.7495052822055,25.4812617946619
P17475,26.5041444838434,27.1291749285029,26.7009743651711,26.2164468973694,25.7519369576756,27.0542187305438,26.1067463099819,26.5891949782775,25.2384809817897,25.741830072637,26.870788611564,26.5535795746629,25.9753877331832,25.3301474384653,26.6377024629769,26.2075271601261,26.3647273660394,25.3694231409744,26.3582911091542,26.0761470953223,26.1840706386795,26.2580317559765,26.1582065271334,26.3489650263184,26.2765471437546,25.9481804416414,26.4062195344084,26.1964437940153,26.7003417228652,25.374471810128
Q6AYS7,27.1345989945767,26.3286985993068,26.8754208995486,26.7802491214268,28.3238530577623,26.787627971779,27.1271618614505,26.5263653814686,28.152121966519,28.5476301537281,26.2410266832274,26.7585846836111,28.4785912290186,27.5449166216783,27.3277953038835,28.2033582084037,28.2404228341325,27.0483334984361,28.0363124593656,26.8876631979663,28.3056319737787,27.2037955327387,28.8708147381455,26.3226655314668,28.0126017754849,28.2790350965176,25.9223349006021,28.3721317557065,26.2753649891653,27.5609520123591
Q03555,29.5163022173987,29.500900718449,29.3910047162969,29.7101622585577,29.8285428744387,29.1769699205098,30.2349037826592,29.2578446394777,29.5381248626653,29.9170860865634,29.4301269800775,29.280981844572,29.79551278739,29.4990810067793,30.2040954322967,29.9888906449872,29.7513494248073,29.7454021623763,29.7838997481793,29.3512354071526,30.3184015301966,30.0617305773962,30.40915299659,29.9960706588375,29.2604303748594,30.1886488800112,29.4104492259835,29.532516735255,29.6711174972784,29.8795233659554
P29266,27.9451681448092,27.9980227319248,27.5678945993123,27.4722991060243,27.0892161434868,28.0960369038501,27.1730439357119,27.9302544966322,27.0523376588233,27.148459249569,27.2567271585608,27.7317489570031,27.0387141193577,27.0725640507908,27.8947220827089,27.3395692550309,27.0296260272137,27.4041325423327,27.2171766472861,27.3785487340784,26.9789244708407,27.2337480030259,27.1370733847198,27.5877574648361,27.1273470980372,26.929375859256,27.942149306887,26.986566732616,27.5280443533003,27.1998492641865
P23928,26.4175349030108,26.6902601606535,26.6367959736027,26.4058223544156,25.0680349486636,26.722605060889,23.1163077196528,26.9992452200235,25.6297586736435,25.9924432322022,26.8584511322571,26.7419478188747,24.7385886553009,25.7066385586437,26.0131723215907,25.8386303097581,24.2190443348406,25.2878521286526,26.0394496071465,25.1203027484061,25.3084689963747,26.0466825029462,25.3505787710837,25.9044498249819,25.4530712007096,25.5375927015584,26.6861038866719,23.5826494696527,26.3898049565277,24.7704199814168
P13803,26.7969737613224,26.4261460039322,26.6654363287004,26.7552740287814,27.0513178776913,26.9744936710908,26.9043104321633,26.1804855324502,26.742569953123,26.6787172544354,26.5770336312219,27.0598752576509,27.3570153124829,26.5673260453658,27.1554866810132,26.8801006324836,26.7331116183375,26.949790034044,26.4998094552215,27.1286776262583,26.8281396447778,26.8285306503395,26.5140320965878,27.1173150141168,26.8487667812393,26.9335718550276,26.6984762499615,26.7190825889288,26.6866844886488,26.9254113373061
Q5FVI3,29.0954226253418,28.0069613898464,28.7335033372938,27.649212446994,26.1941199651261,27.8873501411228,26.2329289109664,27.4074658800932,26.0656892589364,27.0356651870175,27.6140226979058,27.8729617469855,26.0414617341075,26.3205719266609,27.368789484394,27.1249373112001,26.8839831111074,26.9581144716127,26.7863552733751,26.3639593112385,26.56664672605,26.3507198945938,25.6756182198036,27.0768200411096,26.1613434878117,26.6674003883078,27.722146731417,25.402934531998,27.3712682209913,26.8483116187128
P01041,24.3309485137847,24.1962130631275,25.7816996425454,24.4537005155066,24.5814055788689,25.4244631742962,26.5534928066796,23.9504928525647,24.3752482279304,24.1980646866161,24.0678813715493,25.6765056766308,24.559588660501,25.0733604716123,23.7400841205905,24.0854643321135,24.4479293502557,24.4801044149499,24.7043210383898,24.84908220811,24.2972841397486,24.5109905715337,26.4218057254137,25.2645770875196,24.4931739314763,24.3893156335586,23.7864308816993,24.5552553567398,24.1259433418784,24.2299406941505
P57790,28.320054669339,28.5111825261441,28.2359507778152,27.6903893652651,27.5379075129015,28.4659566609709,27.1582783435871,28.2581348252585,27.2527906772889,27.4934148550494,28.0114491010182,27.7125678536476,27.3822031521013,27.2857655196089,27.4488506191101,27.3729625988039,27.3033769759998,27.4690496910973,27.3935609380979,27.7850516067582,27.2790454377697,27.1664709333081,27.0822577764001,27.6437014932145,27.2789596547942,27.5227115620904,28.1941517084974,27.452690819022,27.9116751329246,27.3185391216861
Q8VIL3,27.8028982478617,27.6011434292623,27.5531680666736,27.574513472319,27.3433649634053,27.7986565005954,27.3730528826877,27.5809516512901,27.3817788216189,27.2960906508663,27.3424079967746,27.5309254927241,27.249632457194,27.3832037143109,27.4712288947712,27.3891862543951,27.214194466917,27.2100712566871,27.3377984716371,26.8864548552914,27.2518411910538,27.1670375858765,27.2327517080742,27.4582132903748,27.2277630158945,27.3706203961776,27.6108922492303,27.1817188027932,27.5209034493943,27.3363371761204
Q9JHZ4,30.0966574924763,29.8933019828667,30.1082152262776,29.4085601360056,29.1343886964604,29.614367218299,29.0892706629419,29.5845487821376,29.1355735069718,29.1778632224963,29.6038446519124,29.7057999780492,29.1906594115855,29.1398306775795,29.4790088728848,29.4354358703605,29.3777600524679,29.483651652736,29.4462117875854,29.2709136774324,29.56258682209,29.246193207697,29.1362103720488,29.5815265710208,29.1844819950059,29.3593967033083,29.7288535779741,29.2088557473163,29.6764362166867,29.217030892628
Q4V882,27.0866073323429,27.2730995956003,27.1795734575714,26.4587227354392,26.1992584189326,26.6966479049934,25.893254289521,26.613549903798,25.8842576764203,26.0810135682999,26.7783400281165,26.4938798327804,25.9996312619542,25.5778510482243,26.6077191544264,25.5795295162176,26.0496253403804,26.0776359883923,26.1581427279486,25.2583032519448,25.8150604273735,26.0878946920654,25.8892486230984,26.4315348036636,25.8372173806583,26.0212204939081,27.0655278071194,26.1031743585946,26.9364535796136,26.0392728652749
Q5I0D1,27.6517400046833,27.5889301823993,27.3194215371263,27.3752570814292,27.0299047967705,27.831240498835,27.2884893323494,27.7928988512561,27.243003095961,27.4908318164246,27.4664878800173,27.7467451234846,27.4840522918247,27.2576612578381,27.5510350349092,27.4004796603764,27.1377825118438,27.2728216313724,27.580227953885,26.4763684301277,27.2136393908784,27.1438783999312,27.4798479539969,27.6497694425569,27.2958599531568,27.4585706641437,27.6951733561874,27.3617772509807,27.7635460667316,27.3670333773434
Q6DGG1,24.7279192428645,24.6826052803424,24.1981278267544,24.8830288208293,24.9367120791318,24.1111964191304,24.595807364451,24.2355866119293,24.534850733523,25.0871733390596,24.516100710703,24.2647799886036,25.0986872648271,24.4388455179712,24.6939552834568,24.800442182616,26.2528163758007,25.9237798376247,26.0176547835214,25.9808427503845,25.8340317512343,26.2240764412938,26.777670042616,25.6103680605517,26.0613769543133,25.6111117507457,25.2148892754874,26.0891165698552,25.1761648869303,25.4747157040774
Q6MGD0,23.3154286283891,22.8174938553279,22.6628528128904,23.0245198674083,22.8258442450059,23.3856740164561,22.4980404439525,22.9561604741881,22.9822957404371,22.639438827982,22.4697387932487,22.726339973785,22.4388488621014,22.4276935311262,22.7684032110248,22.8550830578081,22.4172042548441,22.594745993941,22.662323578431,22.5095417406957,22.5706083282491,22.6713442287096,22.2570258398087,22.4337837279754,22.553609566162,22.8479799786965,22.8106433659495,22.4593160658706,22.689236131268,22.7401016181333
Q6P730,27.7369705486573,28.2015723415951,28.0427304221247,28.1170254051089,27.7217617382917,28.3294074820999,28.146230454374,28.1266401722729,28.0055107401922,27.8976378874508,28.2611584219748,28.008128175537,27.8210518628308,28.0967086417172,27.7869585981478,27.8006706857704,28.0049380690382,28.4462546853528,27.8618969483719,28.024470344878,28.1167399151474,28.1560787490375,28.0101926448481,28.5821020359835,28.0874333184803,28.3846112150499,28.3121625162898,28.3945224522145,28.1219488604501,28.0013157315783
P50279,25.0054427537032,24.0071856995679,24.7782170904323,26.0454189292937,24.2705670760676,25.2939657874192,26.0239926805935,24.6736117342787,26.3829472003106,27.1463457993978,25.6249112024611,26.0004444265108,26.8158146202377,26.6167565640984,25.5223950580035,25.0736565374829,24.7082897438978,26.8940760285519,24.5659781738756,26.3555090526473,27.0551600780738,26.8589543076407,24.8187826311206,25.1263648735826,24.3007856858016,24.4254604504248,24.9008949937971,26.1527877031854,26.9079975105746,27.2145616764245
Q4QQS8,29.0924590425336,28.5414232709325,29.0240688862402,28.5760823689927,28.3209369064241,28.3222155068921,28.1436928184843,28.6286408425367,28.3792646957201,28.376942492757,28.3573419493094,28.7076946114234,28.3321624703748,28.4730848855523,28.5401845625943,28.2920640366871,28.1208048583095,28.3692149500872,28.3630304864525,28.1164325031604,28.1375392571503,28.1642247120964,27.9707533791813,28.278691698882,28.1518608564742,28.2580313271754,28.5200778161841,27.9976412986894,28.4466104684947,28.39266098113
P29995,28.7582182404143,28.9030254239699,28.7499411695495,28.6030163061921,28.42675116256,28.97330895733,28.469293406423,29.1023477501422,28.4449402956831,28.6635881345515,28.9044667657082,29.0343731090859,28.5708800984011,28.5782946085148,28.6666030002715,28.5379268173688,28.4515737783534,28.5774249193161,28.694142382461,28.2931304722123,28.5239786087829,28.5486044952439,28.53535266409,28.8362100848387,28.7835297540923,28.6985873460618,29.0081619729952,28.5534994559393,28.855691751665,28.6095083858063
Q4FZT2,29.5398262340799,29.199967278168,29.9188512219376,28.9037397842677,28.6645609319867,28.472356220302,28.6798397643807,28.8184539147237,28.9724488626833,28.6773241169993,29.2129493336515,29.3051564139428,29.1016257103809,28.9929795289635,28.8172811677452,28.9623294007121,28.7500222935687,29.0689680624196,28.5143008185513,29.1290985065428,28.9062307249601,28.8348862236006,28.6123455563843,28.9098416724258,28.8809547845618,28.689224771082,29.1568648411148,28.685592688399,28.2222386375363,28.8138437260237
P55260,27.2216278989976,27.4798373216914,27.0434595312664,27.4227911723616,26.9804029019416,27.2208250053258,27.5199707061348,27.5073923340309,27.0265538976322,27.6771361253747,27.3773221690682,27.5026419241672,27.3180906666503,26.5625536114161,27.1941501961122,27.1861190368272,27.1223272263081,26.6701113153313,27.1284804944877,27.11859656987,27.3521905690739,27.0689641833731,27.2844697200096,26.9628949617474,27.1027353148579,27.1475669943108,27.1231686343856,27.2873473197616,27.0870729010055,27.015049047576
P11662,26.2973695267192,25.8243423713415,25.9205166095006,25.6901662318016,25.1110515139368,25.6093255371976,24.5874460448595,25.0047154559068,24.6295840932073,24.6022319302501,25.5236817611704,25.4016512474927,24.6095954810116,24.5468326812057,25.7499207872405,24.8657304628601,24.7689921772086,25.1115387812357,24.6544553846703,26.1146252240818,24.6858575445236,24.9809166310798,24.4956513181709,24.8805114738558,24.257496779868,24.4468906542835,25.1635400883172,24.4157367841528,25.4902194020095,24.64920608994
Q63569,26.7687879592628,27.6317921913707,26.9556979624862,26.9792458537433,27.7128569782341,27.3335445858101,27.293457749299,27.0457057375244,27.5450877460747,27.1007687761825,26.7289168063081,27.0893123186272,27.0541496410414,27.2883251457777,26.4602219499432,27.50574061435,26.8780170160752,27.2726394355256,27.3865015705412,26.711775961968,27.1336269694408,27.1705655126722,27.1538593061949,27.1882157676332,27.2617768801418,27.4804457304525,27.1342068517583,27.7606564062659,26.9353349679134,27.2153479414539
P00159,25.5346894314464,25.6573214771571,25.7916234322568,25.8140411178818,26.1448383942448,25.4554021489591,25.9447306716297,25.48396193277,26.085779212719,25.7888862781735,24.9420092763463,25.4772441448573,25.9704704320945,25.9986405427485,25.5439035909996,25.9362677790716,25.8090659397634,25.9159848151173,25.9880462296974,26.6986499900674,26.0371857959999,25.8776076806185,25.8426601617348,25.7614100205118,25.9610217176003,26.1202492412975,25.2892131180446,25.6726004838647,25.7881890479459,25.7944468050312
Q68FR2,28.3040345847987,28.5542375070099,28.6385000341314,28.4368658625659,28.9288387820498,27.9856650822546,28.368917721577,28.1955988191163,28.2970804195719,28.6225196014791,28.0415214329863,28.1706952427937,28.4341431430547,28.405194410331,28.1553068528319,28.3134655548405,28.1222221261997,28.3552089630936,28.2466272027984,28.022651167412,28.2390585100354,28.2944055066143,28.4203902386382,28.0563729009467,28.0799393495837,28.0616559024515,27.9500378159082,28.0792472154325,28.0916901101376,28.2676245527171
Q03114,27.4641993801283,27.392044381741,27.5943703535412,27.4075037924548,27.2452361056752,27.4448432102615,26.8859969953288,27.2291113861976,26.9598108206689,26.8918105474105,27.2376898934821,27.4187117395289,26.8275635884235,27.0425441212145,27.2714713289044,26.8894534435821,26.9154933801646,26.8765283896763,27.1039133398059,27.0631962209228,26.8343475728966,26.9682824459963,26.7006143912763,27.1253490374992,26.854409610137,26.9225873930627,27.4381360957439,26.7635526110605,27.0719110399157,26.8070553226316
Q5HZY2,24.590572784244,25.072158977723,24.8597831244541,25.2965740978876,25.6576092877073,25.4463621566017,25.468167884643,25.5189824379771,25.8849169447124,25.6558685392691,24.9585519726567,25.0519136426264,25.7418817584856,26.0537884652484,25.2424991026968,25.6757821812689,25.6120011635789,25.8733002752517,25.7354996961616,25.7286025417616,25.7769385258055,25.7556574238823,25.5972690831712,25.0595346173314,25.6768561117355,25.9165746073598,25.0241213942652,25.60228399838,25.3914913488211,25.651024221356
P97612,24.9357454339706,24.5945615464428,24.6249859218854,24.479666307797,24.2141201706504,25.0978932919576,25.150511454506,24.4476952154487,24.45247936202,25.3027346297208,23.9326050856418,24.9334864280559,24.0561292782141,24.9900189160085,24.768871086621,24.7732264544453,24.6783752679353,25.0464012765713,24.6765597500781,24.5954678253511,24.8744572367387,24.1699132227101,25.0974631070531,24.8339982040035,23.9605314534224,24.3534498522614,25.2479851965904,24.6476443140348,25.2099558086975,24.4362543342091
Q62871,27.094278740561,26.9254881451201,26.9535301874926,26.8416293462874,26.8228568276931,27.1404514406685,26.9148125048826,27.5207262736069,26.3558220704299,26.6552459609149,27.3887078145086,27.5598349735428,26.8098806076908,26.6990581700886,27.5168672869875,26.7885542583062,26.9208866642462,26.4344176735578,27.0744090033318,26.9920111673692,26.6905307973955,26.7534047512687,26.8890062090762,27.2291215965172,26.6365204548221,26.7541201682826,27.2351977372025,26.6939563003234,27.3261546241046,26.427838992929
P04644,25.5527710363424,24.4455323528217,25.3602656360442,25.4303817422909,25.7114157632325,25.381938757316,25.4485182325621,25.2399268010185,25.2531503013149,25.8090372032621,25.2580172289936,25.8670184995208,25.3855058549628,25.4095936338617,25.7811831396951,25.8628717904278,26.2423731011965,23.0122656959111,25.6586856145029,26.4152039876192,25.3892608297428,22.8535149221961,26.7135119314372,25.910240292252,25.8141824286336,25.107859500781,24.9845480296034,25.743659136638,25.3997283807354,22.9152859907331
Q9Z1Y3,26.652859625644,25.9620588895802,26.3230292195125,26.0654847653941,25.6937022161086,25.3511594772986,25.8338670488699,25.0550358830984,25.3641914206331,25.5571433656205,26.0389475804154,25.2853962317068,25.7931880857562,25.8506719785163,24.9495917021021,25.4850195139203,26.043900132943,25.6459608238453,25.1615997087802,26.3088247460862,25.650864868639,25.046853664731,26.154951803389,25.5970432566841,25.2118312666617,25.3409968190437,25.5615247662926,25.7528046772768,25.9957734044309,25.4920612182463
P21807,27.6548783638539,27.5164799921973,27.587107464014,27.7202712130816,27.4899106650284,26.7760575723946,27.522938121134,26.7009325773206,26.9965976590194,27.4279670381945,27.4742641931299,27.3204310481682,27.4782318550897,26.9766677460703,27.5240895804893,27.5607016034153,27.4823844866635,27.5332057327471,27.2323682244791,27.3596300021766,27.5600912992528,27.6692341787513,27.6367827981408,27.2489555916206,27.135763260801,27.7035963502565,27.3260856709156,27.3294062142785,27.4142291146253,27.2903430448821
Q71UE8,25.8442468718732,26.2026297869692,25.1826810756458,25.5269111594984,25.6534587318683,25.5131746855408,25.67893643326,26.1291053159673,25.8156425286128,25.236371779807,25.7036669598741,25.8388146740683,25.5935050893263,25.838044673888,25.8424615167303,25.3595422931453,25.8119115370184,25.8601902018223,25.6308723901766,25.688324758627,25.6474492877588,26.0299935283961,25.4763842536355,25.7636064711462,25.8161500403421,26.0203732134762,25.8987637568043,25.8126347936398,25.8481711832674,25.6098161109425
P63036,26.7198495627536,26.8877068023709,29.1171503638955,27.0564709183066,26.9298398853033,27.0528647897023,26.2580867884447,26.739308456922,26.433461901508,26.7409166870735,26.5899000562895,26.5484712344811,26.6814439971731,26.2629591575596,26.9581340234398,26.3534190304017,26.5582473989262,26.2276908091357,26.1007448665531,26.6304064640765,26.0895183152583,26.4874436878031,25.9885518574471,26.3577671221332,26.6163576438624,26.3851578599711,26.7037894444811,26.3713356622563,26.4289625672001,26.4372489508705
Q9Z269,27.0277088464026,26.5101665505984,27.0895738239496,26.5976903151553,26.537373687269,27.2535261235674,26.2914648648338,26.3730548686479,26.3906207319618,26.2216504914133,25.8694823076409,26.6723999198752,25.7410294123803,26.0366729792238,26.6695146514486,26.3646120494382,25.5643510055877,26.124299692391,26.4609970711996,26.2380637574178,25.8176448795019,26.2864732098152,25.5841849150914,26.459577781666,25.9779261896132,26.4977619795896,26.3617238092282,26.055165977487,26.4312393905119,26.2269725531168
Q920J4,28.3941905616797,28.7595119205821,28.2059701506739,28.6477865747738,28.0949017229949,29.3138999812913,29.2484232515238,29.0301152730444,28.6533767485843,28.9650300569425,29.2250203559314,28.719727939687,29.0136748368298,28.8179233278126,28.8095057452325,28.8290633669316,29.0583014511526,28.8560042134865,28.9064706461241,29.0909342425856,28.849107952427,28.6866817595591,29.2728736994366,29.1152048403409,28.9291451107906,28.4131462309864,28.8499119538183,29.2632519771348,28.8314199921933,28.7003918244024
P60868,28.815797747432,29.3404554474401,28.9580809057345,28.7609880166295,28.5981254271313,29.2701071697524,28.1658478804397,29.0670942779431,28.4632690963153,28.1870542033555,28.812490359752,28.726036272051,28.6025159844293,28.5698096189344,28.4046465929442,28.3854376934914,28.4040544689147,28.6111697175027,28.4269931722528,29.0000481848708,28.4029095950138,28.3808879374463,28.2827891272246,28.4355252587633,28.5787782723731,28.5993469614825,28.8838345771036,28.6253549679896,28.6252148335478,28.3290834061093
P46844,28.0852240061994,28.1152026513389,27.6974530665937,27.6437924234961,27.3754792819788,27.6545341040122,27.0596245487201,27.5079336203155,27.4077174242765,28.1359230502511,27.0200479100943,27.2063391105291,27.1292595588792,27.6793440146631,27.3285349155601,27.2728457489796,27.1866412119668,26.8124558835123,27.245025138929,27.3270758714619,27.1654310750819,27.1498417137489,27.0396793246282,27.2499069972419,27.3523774667885,26.9416800578333,27.6102146934421,26.7973549729136,27.3050273475393,27.1537994370223
O70441,27.1777003464799,27.4050153001339,26.8058680552993,27.1816932030611,27.3290476174097,26.9868353494109,26.4911057143764,27.3930102128923,26.9181446423719,26.9609709317374,27.5544052254128,27.3097304159074,26.9582855256755,27.6936133402863,27.037913831811,27.0020023401296,26.8351987984954,26.9585989723166,27.2666446889179,27.7019164471477,26.751523269693,26.7628490391604,26.9667630742888,26.8450291355675,26.9798067680574,27.4617136123617,26.6812003114181,27.6747055785758,27.7698991300062,27.1696130156994
Q6AXY0,27.0563772795898,27.0486040007151,27.086834232556,26.2397626055241,26.6918409120973,26.9575743484516,28.1564024046955,26.8649575359246,27.5704169044279,26.6899110182885,26.3795942236527,26.5216961151411,26.5427046482613,27.4532661623626,26.6029693808699,26.6644096365167,27.8823032002223,27.7099789628825,26.7491153952584,27.2166347910146,28.0893658082216,27.6094724414221,27.2017013196038,27.7751925560574,27.537619620528,26.5772560607775,26.3630756736018,27.6880051614774,27.5144046407973,27.7954873319722
Q9EPB1,25.4264753968357,25.8027965631312,26.0007095662228,25.2331911994561,24.6626294853402,25.4232891281694,23.8944059126978,25.5070292999048,24.7569209782634,25.0544106670374,26.1782713287974,25.2357222748954,22.7642463164848,25.1399978796537,25.2062456064268,24.9584462016082,23.0738704008458,23.4529486970963,24.6706751797566,24.248825962594,23.2578517330884,22.7322564946004,23.5588297693145,25.5508690109537,23.6673878759964,24.8446383180111,25.5631017699761,22.781375669598,25.4026101257404,24.996708608057
P23977,26.8293190611559,27.2615330966142,26.9441699274926,26.9230792947029,26.4073528577013,27.7017235688649,26.3972395169624,27.333199555435,26.6923558334967,25.8515173947207,26.8793532203956,27.0960174890961,26.2545997564356,26.3678055694065,26.7395986681488,26.334817744288,26.3905774946422,26.582221771378,26.3797989630367,26.9232315357198,26.5879493715786,26.5247407270455,26.623187854858,27.0188876707071,26.7641870018396,26.6646194566765,27.3194885474957,26.6508200236266,27.0889095598359,26.4187252832581
Q64232,29.1215870724972,29.432125669088,29.5177755945733,28.8571796651452,27.9096781519728,28.9060064913652,28.5738833776773,29.2564655309101,28.1334807954533,28.3787089389185,29.3897939721216,29.0200548423485,28.4870007049891,28.1194757704637,28.8855356846061,28.3699020453035,28.632337996507,28.5097454227144,28.5310532515674,28.7613516440381,28.4232746697575,28.2143657284345,28.7690405576618,28.9948924353778,28.4015224761518,27.9805430077042,29.0834408329434,28.8199200814179,29.0558136239959,28.3189735237626
P62278,28.3575248543363,27.3516981718942,28.3942781251599,28.2480860263912,28.6303206400336,27.8051868632602,27.6657373816347,27.3378038308056,28.2406948000325,28.4288770914265,27.4090653057631,27.9155008682917,28.0731152031672,28.1045077952253,28.0143299758565,28.1578246508508,27.8500889869633,28.1016377147497,27.8800092320349,27.7697486147722,27.8253073873536,27.8167433310542,27.5249279887544,27.5799720732357,27.9033292784293,28.0904150928293,27.6510978305059,27.7247074817185,27.8666823318201,28.255131294716
Q9Z250,27.0336215337112,27.2832419820771,26.949784568289,27.3716126435213,27.1396779416263,27.5970544942346,27.1154252346866,27.1441878959798,27.913640101797,26.780207432502,27.5997843314202,27.0842282050468,27.3011524969443,27.079682762878,27.3559491068309,27.3894562873054,27.2552050957341,27.4307079648121,26.3345677429626,27.632094656251,26.6491201360476,27.1229724602414,26.7512939340512,26.9439487627388,27.5874492865676,27.087013490503,26.9060221142107,26.9830688194677,27.3470365447169,27.116802472035
P18445,27.3188223791389,27.3716342571308,27.8311725334468,27.2661760006754,26.9511300603354,27.4870836674216,26.7068453990791,27.205973380878,26.699234800224,26.6483700709533,26.797388242412,27.3200540571406,26.9244031309864,26.8188973421974,27.1837548192137,27.0875064998547,26.5063804851376,26.7199316037313,26.9813698225015,27.0299080322526,26.948005806096,26.6300893773132,26.3693604214884,26.9064029884204,26.5482164039312,26.6583100328533,27.4471986926645,26.5667438922358,27.0072165216414,26.789720508198
P09216,26.9065275742236,27.1704385046079,27.011884466408,27.1494755540499,27.2263632204311,27.2070972442467,26.7220484049784,27.1854835483964,27.0213571978529,27.0906546339202,26.6341921038756,26.8730435729792,27.2509985227183,27.1666371876011,26.9544327303788,27.1473853486844,27.0317174241124,27.2711073288896,27.155187366434,27.2301610385668,27.0927380173351,27.2396356520921,27.399275059908,26.6892039439788,27.1598321603059,27.1416141261381,27.1770474166601,27.1641334090045,27.1959517815873,27.0917118068325
P20689,28.4348475504765,28.295119772682,28.6726045442342,28.1118247724148,28.0552662264626,28.3200178372734,27.8858436727289,28.0954457461323,28.2101657663634,28.1103480742155,28.2568937465696,28.4070192885939,27.9510873045928,27.9264522282091,28.2124600465884,28.0850513313658,27.9803420769247,28.0538706704542,28.0056049485358,28.1027231732947,27.8735473128495,27.9566184335991,28.5276168997739,27.8857954523465,28.2271044827278,28.1297258767684,28.5615608236645,27.9472555157996,28.3175481900684,28.0963759553761
Q9JHL4,29.6316885357576,30.1427964169073,29.6450578266249,29.317749518428,28.777885455351,29.5495259689332,28.623097242213,29.2026256454366,28.5460248007359,28.5129241513108,29.0051449144625,29.4519171303924,28.9547002140396,28.7084619014671,29.2693726203163,28.878806911267,28.7166363909592,28.9931651106086,29.0448459738602,28.4902517967605,28.721760328679,28.4663121512915,28.6113410213114,29.1599158629281,28.5860110438385,28.8644355480284,29.0506106630864,28.6214967186926,28.9694112588863,28.4798237617607
P70600,29.6182737167712,29.8037599711184,29.6842774991901,30.0112570329428,29.998868143693,29.8777483043243,30.91866710672,30.1190969521036,30.2766707579732,30.5306119637505,30.2883811080339,30.0311053017801,30.5491777172565,30.3914960092971,30.109199385838,30.2929877494397,30.862933510837,30.4068351066147,30.5671496864833,30.5166191892117,30.2157865139423,30.4640808520463,30.8385371922512,30.2093087174013,30.5829062441551,30.2796223922198,29.9493533006407,31.0738758512842,30.0529989966137,30.3790078404568
P04177,28.0551634468887,27.4254446053442,28.2847739308889,27.4557535791993,27.5474735997792,27.8005690437125,27.5072383325329,27.4833709722059,27.5277095216368,27.4140750489463,27.8469950417827,27.9349455436508,27.5056102491849,27.4985525142122,27.438367710512,27.4079655751336,27.4992272743882,27.464298764159,27.2197363570204,26.5854046478694,27.305258701744,27.3330329770225,27.2287267965037,27.3757701430791,27.2653796216887,27.4779478065998,27.6567620014097,27.5039030514652,27.7896468786095,27.6449211743532
Q6XVN8,26.1074552046877,26.1310987450877,25.9873522884602,26.0450519515804,26.1575296425833,26.2270131009025,26.4862757301112,26.5664260000794,26.2179056148459,26.667023412189,27.0909172454851,26.4575165617453,26.3477503013465,26.4068951024728,26.4342976018128,26.236116158326,26.498577501303,26.3040099447081,26.69267392017,27.0066859087133,26.3490759918103,26.7415129778544,26.3111127069108,26.9222062059698,26.3520510806241,26.2943972512771,26.6645921691342,26.4223020122778,26.187381840681,26.6115476300685
P04041,24.1124102991364,18.9486634661747,23.6787286014511,21.1113297783679,20.4501325492344,20.1854960589085,21.0149411837354,19.1480623406103,20.2678835848506,20.6610247059303,19.8766633196391,20.2834064082218,20.5633261604008,20.2617803357322,20.7529626263195,21.0607402668144,20.4951809109478,20.7621397421669,20.2810087468959,20.5489330952043,20.522755481267,20.4034835496676,20.5691149362192,19.5608240023107,20.4273335314779,20.4180440766036,21.43396444954886,20.1227530531615,20.0958117889878,20.6470224187507
Q62625,24.063956820092,23.2253780597714,24.4358818157275,23.4051920510628,21.5010832632024,21.3596089798435,23.6740866810453,22.5575786523745,22.4559136262426,21.0892803783618,24.0418608506614,23.0739143977786,23.1730938308763,22.8231703815881,22.2171974240135,23.2401351160195,23.3069997030135,23.7084623997529,22.780336213233,23.3171046847887,23.8516479127267,22.9359824795838,24.2241055289273,24.0322594942469,22.7766285076513,23.5228207408622,24.0302628624463,22.8594070546636,24.1187081822284,23.1219192014205
H1UBN0,25.129732800884,25.3476273157949,24.741418612408,24.6548914362735,24.4625134870852,25.0278688290996,24.4864020913675,24.8865264416863,24.3919866116644,24.5687369095101,24.6372733546455,25.169776776658,24.7180091292798,24.5576744165242,24.5349375245964,24.324339054564,24.5007473934418,24.480732336189,24.9296214176083,24.8737014641494,24.829795999291,24.5126642586618,24.8404988916221,24.6303274031039,24.8386364070542,24.5002834984494,24.8200615813807,24.8279647726745,24.9042421810732,24.5541757993686
P20070,27.0190474114764,27.1069383316752,26.7924097176441,27.318951912713,27.5185800699056,26.8382471417438,27.3812217616426,27.0158301694506,27.4717331118087,27.5227533522208,26.6769952118602,26.7759444856707,24.6418858908677,27.6873757335856,27.1882104053987,27.4457928929227,27.6750383297316,27.2861140466142,27.6561950785197,27.4632666069754,25.1324481992224,27.4449517196757,27.7527194362683,25.3464159760288,27.433532925197,27.5387781749551,26.7064391835467,27.6698041668377,27.023374260523,27.4259395717496
P01026,30.8611921206764,30.351107934,30.9111043184771,30.4153568734951,30.5210366250254,30.3319529502567,29.9106000759604,30.1415060461631,30.3738554630899,30.317567439237,30.2241017968061,30.391217851005,30.4042716157309,30.4734828444274,30.2857303669925,30.3228758461283,30.2959020278612,30.3714703540331,30.326077473718,30.1887122778545,30.1914443931846,30.3706559462139,30.1648296622616,30.1096720710019,30.2456490461606,30.4071721212202,30.3322992088256,30.0888813332143,30.2616024400969,30.4467443889007
P49185,25.0053381966623,25.2253655022375,25.8986224720209,25.222360809009,25.9564709445498,25.4512093969091,25.0866080077676,24.9148625126072,25.72688933464,25.7388508899081,24.7101577648541,25.4983564784951,25.4774501038553,25.4712707449255,26.2574528278759,25.4989867425795,25.2430832335327,24.9148745428359,25.854999600622,25.5427709604453,25.4005499175455,25.5565323470105,25.56728546814,24.9885105096834,25.4461718784693,25.304913713523,24.8218012474198,25.0013497018523,24.8883870548912,25.5222164450201
P62271,25.2714107085425,25.0737241822108,25.2105946238511,25.8029486564607,25.2866793521192,26.4350577820147,24.8033945901445,26.0709326735929,25.6256902344608,25.9933334174496,25.5620115916187,25.5841341672059,25.5315378440567,25.8542654759289,26.0298340234863,25.991355364929,25.1424182858395,25.5459892795323,25.8272667964568,24.7672898209598,25.0533760221461,25.153822540635,24.946010762146,25.4946203810882,25.3383621372823,25.6851713012333,25.9801689125301,25.3464062319248,25.9691069373697,25.493989362895
P00884,27.8749970324438,27.2033657781895,27.8222349698635,27.0148193478031,26.862418377049,26.7333841085072,27.0104275443115,26.923947508777,26.9019462895717,27.0732617707904,27.4261688465162,27.2117070585408,26.762210891488,26.7696465637413,27.064411258791,26.6878216601341,27.0094439673539,27.0080832365374,26.8092808772215,26.8404956576452,26.8920558046279,26.7684251188597,27.2272376313289,26.9109152587752,26.827545729573,26.5329140331305,27.0845686353148,26.9974234855995,27.14352052894,26.7294369488624
Q9JJL4,27.2638414210259,27.3716798182399,27.0394234811355,27.4311779609828,27.3853223266858,26.5773565431934,27.80507023395,27.7665478610498,27.5195730040811,27.8201540697018,28.7919531296009,27.5913365696733,27.8507720359927,27.4058437354862,26.682328909464,27.9635239336492,28.2521299342809,27.6587238381565,27.1797359505621,27.7620568472674,27.4690391984153,27.4529586586798,27.6738363861866,27.6555332947986,27.862544287992,27.23585019517,27.3089585157808,27.5993005693781,27.1708107290575,27.6745201908377
P19629,27.6719433809585,27.8888048141392,27.7522156630588,28.2541282238262,28.9934338063045,28.0161113537302,28.6762945377033,27.9896013160581,28.888752262485,28.9068828879017,28.4285192422043,28.1355257577379,28.8559266490705,29.2075975017139,28.2697504893257,28.7179923185687,28.8683778276762,28.6283169488416,28.814426692423,28.8251694796517,28.5334890162116,28.9746979517843,28.8426327966842,27.9086612867918,28.4364278875214,28.8034457261865,27.9175328642762,29.0012084065253,28.20639342282,28.82936856529
Q07205,26.6493493861204,26.9892900172919,27.3686993949185,26.6870390179978,26.8844678418227,26.4894049233127,27.2936026259505,26.7919134014089,26.6921009839997,27.1283651883345,27.2233037495034,26.8376752835446,27.1661703428091,26.8621214872915,26.8749604432535,26.8539235849583,27.2440689368007,26.8349608779724,26.7396999959658,27.281560506453,26.8225290553269,26.7961228619629,27.5902712117835,26.8672188175871,26.9687026241828,26.4343418281465,26.6600145768338,27.3330883852081,26.6707981158758,26.5582109443987
Q6JE36,25.5611010277977,25.5015501604168,25.2692094928536,25.8845136863972,25.3899273755675,26.4909849966298,25.9473684452954,26.2475628054563,25.6421929672706,26.6949567022751,27.4354714597824,26.0583532814787,25.918420417317,25.152153984396,26.8150157018094,25.8729159155533,26.2722264793093,25.9211590093396,25.6037245828231,26.0186709216451,25.8319132623779,25.644564912343,25.7998850487897,26.1180860424211,25.7486218879527,25.3777714274784,26.0037493029788,25.7381793581391,25.730372198813,25.8716573078454
P21818,27.0610479135409,27.13492665621,26.9913437776429,27.0008653161057,26.9142427625532,27.1027648016194,26.3277334306307,26.878116193692,26.633773845776,26.7438880077872,26.9939140148123,26.8359171966057,26.5807115789778,26.8447018501733,27.1988681092171,26.7782708427485,26.6111893660363,26.84799513485,27.1097224113067,26.7316845293335,26.6737009538832,26.6560490808081,26.9931376460204,26.7074528978158,26.3784324389905,26.7125214202755,27.0536176746811,26.5340040502249,26.9510491365036,26.7913553829506
Q9JJW1,25.2441425593426,25.338980983088,25.3337944171285,25.4484675697943,25.1098782345729,25.1445863454063,25.4315503762581,25.3875215206818,25.1935505038321,25.7033772591255,26.0289308356826,25.5198769891285,25.6907404326949,25.1339011654158,25.7019807084423,25.6158302555221,25.8729433433277,25.3560562794264,25.3939734351518,25.8608181606082,25.3801875299106,25.9388992470176,25.8884310657461,25.2544418324547,25.0076843752218,25.3666438528942,25.8424991834105,25.2460416737772,25.5612287024272,25.8147472753196
P09215,28.2882048213358,28.5936827832432,28.3783471436138,28.5428776835691,28.3725169193479,28.9276065111498,28.0720937724274,28.574720591118,28.34447069632,28.5853691530404,28.0283504469131,28.5057262896064,28.3199061247035,28.3824412504576,28.4348170953488,28.3998038147549,28.1567242490203,28.4720169591565,28.3990497827037,28.5023664415663,27.9782167897057,28.2123042000602,28.2085131504774,28.2912342870714,28.4472838060635,28.2844802799466,28.3278141080185,28.2068620935996,28.306938212158,28.4331572271033
P70618,23.3377347221974,24.9564438614159,24.8927121151597,25.088716705414,24.685189541223,24.2647266712274,25.1747135257604,25.0027741569653,24.8972951089479,25.2745123366921,26.4499845122235,25.8537241872903,25.6063945714134,25.2508595186596,24.8178768506448,25.2219565205764,25.4273868314226,25.9041927648293,25.7099923154841,24.9021902200327,25.2986169954196,24.8693517247038,26.2469622863046,25.4943140561094,25.1847920858774,24.8722086836104,25.9898080742801,25.7680260833594,25.1317356826826,25.8818477799415
P27274,22.6607674459463,22.2968157740061,20.9276108623766,22.4617523583237,22.8124721998385,22.5510126852214,25.079650345494,22.6334257184658,23.4554615284814,23.4608610403973,23.3966087847849,22.3940330918299,23.7077711766474,22.9928588387521,23.3494146023859,23.4501143625347,23.9527611444064,23.5930266974221,23.7346081612626,23.8065200280315,23.6020414715519,22.9268788196305,23.6950049431474,23.7860325800984,23.8048443506452,23.490438869638,22.9667654665805,23.5809856214784,22.9006786965109,23.0994021827738
E9PT87,28.6566219674074,28.2763450549312,28.2447891476946,28.1702398152818,28.1113041802214,27.0653187430528,28.2095676382998,27.3047258374698,27.7139356055386,28.1400890286829,28.2545479616346,27.6065969958456,28.1196237598094,27.5323826230004,28.7354812814086,28.0789273020593,28.2486693531609,28.0446372323282,27.8104701320974,27.984998181195,28.4271906764595,28.3519851709476,28.5685099040477,28.2400627546756,27.5712077704561,28.297892260344,28.1401642737433,27.6797753021565,28.2570315513332,28.0500668531959
B0BNN3,24.9320199776146,24.2191943547442,24.4418315676067,24.8981332803462,22.2617889701536,24.6891348066255,25.5922309982351,23.0364695491379,24.2969370751629,24.2146782497884,23.5280563151569,24.2699694889661,24.4995544842152,21.1795735097045,24.4715161206416,24.1449712981016,24.3022709959706,24.1461539520266,24.2239494143645,22.8308501750641,24.2538141163212,24.0908475522474,23.8421853633958,24.1344883117197,24.6158982931182,24.4039186701851,24.1370084023496,22.466932687296,20.7392402479082,25.4706567787846
P16409,25.7671954242714,25.1434548260957,26.1476333444998,24.8757469782409,22.8381439795515,24.3888002630429,24.6618565678253,24.7186546918518,24.2049510617806,24.2437105538109,25.9732857435125,25.315583333737,24.7359233627194,23.0592348588475,25.4205516896686,25.1442810179396,25.3663861701771,24.6710904492786,24.5205979497356,24.4415099101979,24.7228942516709,24.8992332073145,24.5565907648123,24.8670377149963,24.0770033865948,24.3041506765865,25.5658414918546,23.9141557182357,25.4062332098626,24.6719391826131
O35331,27.685563476943,27.6835858511074,27.6463356327742,27.5237781313643,27.5222260829539,27.6479144446369,27.4386406065361,27.535223580104,27.3260488505392,27.1018465574029,27.278548437827,27.5028186884144,27.4224458544986,27.4552321960765,27.3332808122735,27.455610361464,27.1815438102203,27.4184841015154,27.3678987173705,28.3130057210613,27.2683980487089,27.1529593780951,27.6340943981191,27.6569024453644,27.3953075626207,27.3793471167789,27.3684599612507,27.3312822270935,27.5960241043721,27.1715115813075
B0LPN4,31.1066451116306,31.6934956535156,31.2408896041387,31.1253376099208,31.008477593286,31.308344428826,30.5444677081575,31.3991549438642,30.9014508750987,30.6905418331174,31.0682683126693,31.0915907931877,30.8115768124686,30.8778767571942,30.9498067887992,30.8937401900643,30.5637333645867,30.7866101619252,30.9969868661031,31.1993902200746,30.6364268193948,30.6845183232509,30.6261411814987,30.7517302208303,30.9093328242061,30.7183444007179,31.2757958618949,30.7892946649755,31.0853713084694,30.7324843680586
Q9WVK7,26.5373051686499,26.5559114037487,24.5321651453152,25.2082585866045,24.7551495408878,24.2619216104491,25.5523499358622,25.6727861359526,25.6054257955637,25.4829477082994,24.7583287980375,24.9888096365381,25.4825646439039,25.2163426253446,24.881767468454,25.5938032835466,25.1790412153299,25.2210957244491,25.5468169952386,25.3620611701091,25.2353065574502,25.2161319405323,25.4871482896352,25.5778613452409,25.4354953109973,24.8284878139591,26.6522874782325,25.4954948273997,25.9258633249001,25.5882420388757
P62425,25.9671556636111,25.9405479478484,26.2803914394521,26.23918070399,25.9585813966818,26.2738901240379,26.4332322759393,26.1844268882294,26.3333688422023,26.056654417133,26.5126665299352,26.2305533535949,25.8085327627825,25.8046895205264,26.0688365584467,25.9409049637262,26.1425877766691,26.3223786523224,25.9744154277071,25.7441512671829,26.274575759793,26.0923846723435,26.3185954332907,26.9393732058469,26.000190151173,26.003786471122,26.4096542560485,26.6100111999482,26.1717866297097,26.2321708511296
P29066,27.51491378647,27.8356871892347,27.613341443313,27.4574141486739,27.515833995938,28.0425525536657,27.3154742434804,27.6957139028328,27.375540823845,27.1267697004002,27.3229757197709,27.5109063491367,27.1213273465497,27.2707892756711,27.3832784378508,27.1906495382831,27.3054238476894,27.0013266932131,27.4099194684566,27.2300461266997,27.0859291232517,27.1498469622433,27.0219351577959,27.2044423707716,27.5100160484337,27.3160724403291,27.3170814049743,27.1362567212368,27.2450885158224,27.0792885291841
Q64537,28.7642541261521,27.4873026098989,28.816370796988,27.4573809560368,26.6799722608891,27.5423115551839,25.9928180220352,26.9966722257879,26.2879699776259,26.2338735549779,27.1147951776554,27.5271576935536,25.9561316637081,26.2198001692413,26.9521172370231,26.5784794227647,26.262548885223,26.5741442422754,26.4297706761861,25.6137307133887,25.9512196144902,25.8648849467165,25.5987182804461,26.6028417172032,25.9296755660692,26.1358109809999,27.4696761830986,25.983037092008,27.0691334523519,26.2190587802247
B0BN85,29.4663729399257,29.0319769678394,29.3849171118983,28.7699267704456,28.2926876870912,29.1757007346519,27.6820735544208,29.0813840349313,27.9913803826819,27.9891081681653,29.1812344822835,29.0354007467519,28.6141776526549,28.5323781550376,28.3851012619575,28.1834486384728,28.5895645627793,28.5666532693431,27.9473804677774,27.4639477891935,28.0516728410939,27.7266716661841,28.0016467998761,28.2130004635667,27.7802656665113,28.2964305741499,29.1923018922237,27.6380364328214,28.4827385601215,28.1202938199838
Q29RW1,31.6150686974012,31.8428239795788,31.6985717757735,31.5041832056826,31.2554782156177,31.8886359475263,30.9889652496513,31.790907206398,31.2200617114513,31.1927909218205,31.4253350122361,31.6195370575262,31.2186767091135,31.2514164203709,31.2923440111723,31.1104311619149,31.438961276123,31.2487658107517,31.5264415384664,31.4773140025158,31.0484399304361,31.1239528295572,31.2458983906639,31.231435157582,31.2310423016453,31.0036971630099,31.3540865611645,31.2906356279737,31.3662155332537,31.107407067624
Q5PPG6,24.175566692423,23.7019730338248,23.902458218221,24.1674414913267,23.5253624743801,25.5923325075608,23.5820831617624,24.0906007564071,23.4683314802688,24.2248100172069,24.1607322727374,24.1418281888933,23.4415006851228,22.8912580992671,24.6767455711612,23.4665758108183,23.1734516877619,23.656194551292,23.5624919976046,23.3324000532885,22.894161092168,22.8730656879027,22.5997429994202,24.0033671302201,23.232475426842,22.9385809445609,23.7001773681154,22.8775385174644,23.4412303271428,23.6767999590195
Q6VBQ5,23.5712090145535,23.5545267958162,23.7459293745465,24.7826618942838,25.2348878962453,24.4700078340239,25.2059319982712,23.9764126015569,25.1657218308851,25.0665847492948,23.4047724057022,23.9269130874224,25.4530133258129,25.1660661176808,24.6326735345701,25.1775478209326,25.3068743487958,24.9597991701774,25.5386868160137,24.404077016568,25.4619938651358,25.3470971769956,25.1487938993084,24.4950142061062,25.1442135152458,25.3406732137444,23.8167059627087,24.6163338672691,24.2509459938944,25.3548434591893
P97526,30.5645052758561,30.4532079152624,30.4500570578979,30.3054189097999,30.3322612778906,30.3063015559985,29.7361976268892,30.3030998738092,30.0252382428786,30.0604194710812,30.1694531291296,30.2270519288127,30.1254852936186,30.2427291757877,30.243981262428,30.1466289244097,30.0550849059529,30.0576272604099,30.2025436931789,30.0996791617729,30.0924328777357,30.1400236239973,30.0226050926635,29.6929764654984,30.1922414138529,30.1507353554081,30.0527161832739,30.0226291441386,30.0832163264004,30.0109708114231
O35180,28.8549739509467,29.3329157368593,29.2149875031984,29.0749061158983,28.7611534554222,29.0679799133046,28.741652314949,29.1503490906644,28.5471267682398,28.7640371869798,28.7484327129115,28.9497302766817,28.913839064268,28.6901678227672,29.0240954993354,28.6960609754818,28.5755962875241,28.5858144286726,28.8624297429535,28.9987023421521,28.6240261642527,28.6083867924908,29.0638484470855,28.5349608223608,28.721580435731,28.299126682684,28.750481352517,28.7224427488691,28.8025797807288,28.4363983943585
O88377,27.1748935841041,27.4512388983321,27.5573276745551,26.9957394540974,27.2085409537558,27.0568216890591,27.442370899837,27.2201592309844,27.14794205276,26.7632173691163,27.5518288184457,27.2124844248072,27.0084652728187,26.9224942908882,27.0332581823989,27.0665009837093,27.3988259935872,26.8296050750222,27.0099081534908,26.9240387200556,26.9743085226517,27.0679246806271,27.1696495841035,27.4541207182381,27.1135203518614,27.2041075687249,27.54143118253,27.5585178716509,27.2041553342095,27.0139711424737
Q63538,24.4304498204251,24.146282812722,24.7612677667796,24.5676213681694,25.1848070283235,23.8890487834462,24.9664231558398,24.5069144621137,24.8478972217283,24.242641258951,24.0857067023233,24.2699575524154,25.065223657177,25.0561896460516,24.2435216123242,24.9897312694098,24.8473629830523,24.9692185109394,23.9501236896328,24.4959030660145,24.9652939135389,25.2366984381515,24.6150103958398,24.6159383167054,24.8042972842145,24.946600426786,24.23755071542,24.4264906824985,24.5157699830963,24.8221809236415
P18163,27.3665421071593,27.2765427074623,27.6205134828156,27.4443426374156,27.7895946096424,26.7582231738722,27.2267578224437,27.2103290181295,27.7533500436353,27.6988445445301,27.3348324711117,27.4686843627088,27.8383197914415,27.743614389614,27.9823110445019,27.9560065384408,27.4055075814209,27.819217427142,27.6913389783299,27.7583534449953,27.6997458438912,27.6414963395864,27.3519920210773,27.9964773612465,27.9028420844556,28.0274449444585,27.5193039128245,27.7982095857884,27.9176386771605,27.9127782040982
P13234,26.7583843896181,27.0205078382185,26.7249525677305,26.6435610488889,26.627827977506,26.8554866106898,26.5935455157025,26.7984118023564,26.5320280748079,26.1575659130478,26.4675887102449,26.6059587912717,26.4672029904761,26.3169598867514,26.8022770598562,26.4393036154247,26.5173113205896,26.4529852272476,26.6697008963572,26.7602510809694,26.441325134436,26.7151082538706,26.5650154642393,26.5039533521813,26.2705004297936,26.4292822609126,26.7608798160865,26.4552635507448,26.6362905737362,26.3449931521429
Q5U1Z2,26.8240733323308,26.5609339435387,27.1413170482864,26.7694997829168,27.3568901626364,26.4556794171168,26.9869351991244,25.8123758828287,27.0397631452348,27.5645129339881,26.3526018082351,26.6751449568825,27.3696357677821,27.4983339746314,26.8155139179728,27.266114240174,27.0040978952282,27.4021921644466,27.0436434545608,26.6032702606729,27.2214873275585,27.084201775905,27.0327213017156,26.7775788439907,26.5244275976584,27.2937343323891,26.4804776772427,26.7924505969914,26.9064608655613,27.6353936745553
Q9JJ79,30.1918066028531,31.1080184251021,30.3210842850577,31.1198131185582,31.3307988457031,31.4010897849978,31.5775445936062,31.2144386902375,31.2218999986465,31.879510029701,30.075032843489,31.2863259192301,30.4572389919591,31.9828207646079,31.7042871793374,31.7522067293794,31.7630429242775,31.4516645960305,31.1161319327895,31.1833154023058,30.2674494135267,30.3577353420861,31.5131640479545,31.4862877751054,30.4016494097336,31.7677533576626,30.1986094493425,31.6927728149264,31.7385175889394,31.7928774586212
D3ZHV2,32.5818343382315,32.7272202081091,32.7720060440742,32.4059284313988,32.1646085044322,32.3942994418255,32.6403652454354,32.5886233067303,32.4476088605799,32.4959156083131,32.861973620406,32.5355514991539,32.319566803206,32.1766358154759,32.7866416654594,32.4253917373182,32.4576891896767,32.3722833629137,32.4032617641878,32.1514876280722,32.8094213524498,32.4937838666683,32.7350992781532,32.6827220010832,32.3520440978169,32.2646131007831,32.8009902691519,32.3502631384694,32.6037142898852,32.3411331433758
Q9WTY9,24.2308214549663,24.6417650869004,24.3926865228721,23.9119557285332,23.8809497096587,23.6200606895246,23.8359039836529,24.1819201335855,23.5922503439106,22.7741018318437,24.0713402553695,24.2414037286814,22.9062651170758,23.3939271802785,24.8010863057073,23.8064171463342,23.9161860224874,23.282531096219,24.5137977908966,23.9401460468164,23.8953723381908,23.8215619891777,23.11402661349,24.1946716194319,23.5935229573214,24.1250168629988,23.8633142859548,23.0889706801973,23.480720044439,23.5029748251853
Q99MZ8,25.5359116260522,25.6990330286347,25.6078988598211,26.0312290022153,25.8238805156869,25.5631165552492,25.8734486209849,25.6735564795639,26.249017583715,25.7359348540318,25.5880308962105,25.4883563680339,25.1479675968051,25.1832834747598,25.1588104707374,25.7217920723761,24.8102435001829,25.5343328882505,26.0243378946747,25.6446809002635,25.0164817513829,24.9087771619206,25.2062279913585,25.6283930769671,25.8939910766064,25.4341371270082,25.3291997503072,25.2260468934517,25.5194684209712,24.749713152275
Q68FU3,27.1092509544383,27.5198809162859,27.7873760757382,27.1930524209915,27.1330058775128,27.4850855443388,26.5461410790824,27.0173753938403,26.7064076522537,26.7055416546266,26.4647054016739,26.9630300894249,26.5511409105685,26.3471780257669,26.6368868329726,26.6833909230036,26.3685899208482,26.6515661279418,26.7322043198397,26.7560376617033,26.5027348277338,26.7558233785467,26.3097992756682,27.516950442245,26.7101524114589,27.0778490995565,27.0492585142154,26.7691570917437,27.0106910826926,26.7701035581766
Q07310,32.0227348605187,32.367637573006,32.2961119453286,31.9463535768144,31.6847209674056,31.3414410936352,32.4800368683335,31.8449711609481,32.0182945348863,32.0165921017,32.6359255644292,31.9873514812888,32.1356850438452,31.8799948607985,32.2744683757567,32.2411335346841,32.329656523389,32.1560802304121,31.5338371558069,31.7028013962713,32.6791058759335,32.3697745320452,32.8206213049322,32.4692663201055,32.1855621809641,32.1318826575304,32.4976766334964,32.1596897489672,32.2935016381354,32.0880540607083
Q6AYE4,26.6831332017765,26.7271310159352,26.5888644402769,27.444084512329,26.710975156962,26.923983378838,27.8789423584734,27.0927304896807,27.1844473575966,27.6306896208174,27.3605003878027,27.0198553984493,27.4770652737691,27.0750764304806,27.9903599873748,27.5704852356732,27.3350159807247,27.5928564387291,26.8438798546711,26.7476407078327,27.1712820694564,26.7642307250179,27.8159861726359,27.8777989119313,27.5515979895589,26.683663306104,27.593683741241,27.3988743927839,27.4201061522569,27.698203924598
P19493,29.2661991368526,28.7738992372252,29.2924553815216,28.4746980827726,27.8037745697379,28.8373531803789,27.9838461346311,28.6785670157007,28.0101401064444,27.8425537310686,28.9416858442413,28.8055716494181,27.9476949658147,27.9167187586326,28.1587032537727,27.849784602484,28.0722045614116,28.1484119548125,27.9849307760351,28.1404915582449,27.8809757374671,27.7511888521366,27.7856365249791,28.3314568976565,28.086487276442,28.0915175854167,28.9417455065779,28.0364527180954,28.6597442823228,28.0286959968833
P08934,31.3705034333532,31.4603844760572,31.8809675521311,31.2064674371059,31.016403087125,30.8026220262754,31.9999077952054,31.1726318076027,30.7833145300423,31.5162610129522,31.8655271460893,31.0870307507922,31.1588364030943,30.8482236348832,32.0929497008394,31.4659711872535,31.5403731834492,31.3600242895043,31.2298622743289,30.5116031772274,31.7686740878976,31.5944805219764,31.9586001701894,31.8901229181943,30.8810005646101,31.6618572737217,31.8539918557614,31.5606000257294,31.8906767353158,31.3716247990297
D3Z987,31.6271468940991,32.0417213972866,32.0113228692563,31.3888668241638,30.7225006794145,30.7340765287862,31.9710005195023,31.6361967366966,31.3609398159389,31.9533324404021,32.489147310848,31.6151156872538,31.422528512766,30.9246599939236,31.9078144347428,31.6955485178431,31.8001604269585,31.4876065811149,31.6245779904983,30.7972192033503,32.2893283217903,31.8251246644263,32.3506178333162,32.095074961464,31.3725841334172,31.484435826667,32.2580491963265,31.4410281294656,31.9332052295444,31.4611035735394
P62198,27.2033133966733,27.490038304564,27.5469796438123,27.4239912707212,27.1912484726819,27.8225942340745,27.6901640817086,27.7712962231848,27.3063895339454,26.517543858918,28.0642619402191,27.6002560174858,27.3505066634302,27.231835397742,27.2984971593832,27.1576843662435,27.3764413781098,27.155012963843,27.6112367027052,27.4866499360112,27.200977985678,27.5521460833534,27.6105633062743,27.6053839161331,27.3904696221769,27.2140507090231,27.5907416523277,27.5081308249635,27.8711625973621,27.5388449094473
Q9ERQ6,24.6904129638965,25.1464858848845,24.9652471381149,24.8519437977537,25.0783469893681,24.9530479827995,25.2479879845596,25.6133443162596,24.9579358325303,24.9002865411616,26.0303834474216,25.4089393200654,25.3294734990195,25.1652114265174,24.7839419525346,25.1230415854721,25.2613597241563,25.1319872911768,25.2930727267316,25.7714803548128,25.0865009854781,25.3371356157626,25.4951344863132,25.0304689031516,25.4660894888592,24.9642527204875,25.3884394062878,25.3730120979233,25.0023615928751,25.061932038055
P37397,26.4424544280753,26.5692552840358,26.5354422569416,26.1306132401619,25.8566026745758,26.7956703349099,26.4327448170469,26.9474115242231,25.9245932764853,26.025412415261,26.9483336285254,26.5588030623932,25.8076144834525,25.952111983893,26.7517168649694,25.9694714843145,26.001226690112,25.9614774414122,26.3988483767309,26.1754150189404,26.1915125882079,25.991201719983,26.0385744339395,26.6045885966045,25.9422131993337,25.8979766646607,26.5626055034225,26.0399704455022,26.5616183912207,26.0325274858923
D3ZFD0,31.9069562259224,31.7902277496564,31.7781825490109,31.6331440155067,31.428308378579,31.9449122300913,31.1688644705507,31.6745167228141,31.2631593914559,31.3016078179844,31.3963336525516,31.6219849115475,31.413876080272,31.3755431408972,31.3448731171801,31.2959591720311,31.5601429506938,31.628094995007,31.7769011592438,31.8006057628459,31.4968140122359,31.5408598867793,31.8885637891415,31.5775058347147,31.7445384636023,31.3962141720092,31.6143727272574,31.7251401380124,31.5832910279821,31.4399755178
Q9JKS6,31.7095654945248,31.7205925763348,31.8011443639585,31.6153960513895,31.3698190859849,31.9814917408867,31.2471539182137,31.8709886589727,31.4678484657672,31.3406515094194,31.7700906008303,31.7551511452476,31.331894670605,31.6016175852106,31.4803274100225,31.3698975076904,31.3415448940545,31.3636990507231,31.4367209194978,31.4945198574971,31.1529177839493,31.3455820095343,30.9802085164905,31.2171418974867,31.2624934832345,31.297591648059,31.5663611896681,31.3643267633986,31.2980661833738,31.4157183694297
P19643,24.116070663458,24.5764715029347,24.8106224156479,23.8181889594079,23.9162401234286,24.7850470739219,23.7336586136816,24.402382638063,23.7246048472227,23.9887734602218,24.4240300487855,24.1625010470186,24.0664427836183,23.736525632537,24.1003711761651,24.2744824158054,23.36171456211,23.956806550645,24.242382469312,24.1029612678499,23.4733361081358,24.2543236541832,23.9839256508804,24.5068876427852,24.0213141187616,23.5720103166482,24.8278229724849,24.0351056347914,24.2503337796032,24.3646097203988
Q04666,27.004200046202,27.4058761879292,27.1671729018309,28.3208624757477,27.4652509733911,27.0435480949158,29.6645064522931,27.4210447012712,28.0997133155147,27.9101701765438,27.6982273296678,27.3827238585015,28.1579808681292,27.6318513201702,27.9777464172836,28.0150873370841,28.7331298455288,28.3176927517954,27.8695103619451,28.057555057208,29.0121868263463,28.3202461527028,29.2330454747684,28.5494336678714,27.7931996996324,27.7575798152025,28.0043612401883,28.8362229393571,28.1475959004764,28.2843131235829
P83732,28.5865397616845,28.3082082445161,28.5303914759779,28.2117470201974,28.1062239230684,28.6102030104198,27.5118997018228,28.2902173551608,28.0864419010991,27.8553081916293,28.24164367589,28.4306883518581,27.939304068392,28.0580437777805,28.1754225929042,28.0622936001522,27.8024120412841,28.1155472914788,28.1554161870179,27.734600514937,27.8903170919859,27.7375862822767,27.5637286288189,28.1428289528627,27.9326820800475,28.0499796192614,28.4730295057259,27.9300777576463,28.4065673475992,28.0619951312903
P23505,26.5348604229308,27.8116842603287,27.9655880395425,24.695419438786,24.9927984177467,28.0068837500954,26.1332509577015,27.1873922913087,25.5231737082213,24.5740464749097,27.1301156815209,27.2418158818077,28.1346730325145,26.9457560595284,27.9904014759083,27.1422596165251,26.4484454821566,27.3775381029563,26.7108955911277,27.2947484554986,27.1221443677496,27.1468726848008,26.3932195654573,27.6668136543425,25.5501502185569,27.185813062028,27.0451516605547,26.303601253499,27.4701748620263,26.9754569160858
A2RUW1,27.0403519037605,26.9262949243333,27.0737273858777,26.6298218936995,26.7242536467554,26.6924568700453,26.4839379950746,26.4652827968341,26.6570816940498,26.1727747028777,26.44864113555,26.5675923449283,27.2337346867433,26.6660312142266,25.8506378542917,26.1945257207717,26.9075736971246,26.2476872130033,26.3301350581765,26.0114952815377,25.8820190847382,26.4183298239553,27.1198906107223,25.8145663517618,25.589644455777,26.876606129166,26.6556060942462,26.1962871098996,26.400569502734,26.9073750840303
O88480,29.0960048363305,29.159609445014,29.2675278520599,28.7197949884492,28.5083003086946,28.9829699995746,28.772337620228,28.9973088436879,28.5655509942305,28.7521598470277,28.9526976377649,28.9852559946251,28.6494022909296,28.5325402663581,28.8381644956981,28.7377019319812,28.589542485138,28.5722165923925,28.7261270304471,28.9840948971714,28.7938133621755,28.7996831924729,28.7422917228371,28.9379434191895,28.7079991892119,28.5483456000561,28.9448617042012,28.6861747856229,28.9678683244326,28.7100024685305
P80432,22.2885730921815,22.7206069771862,22.3569497991326,23.4541027477948,23.2339605786334,23.2334611958773,24.8388340857786,23.4617472651929,24.409073688714,23.1321867521414,23.7157070809816,22.9249833668272,23.6054635128496,23.1989410318982,23.1084081970601,23.0841405890626,23.8236302396601,23.3146327768185,23.5554788619203,22.439372167485,24.37144128115,23.4363606855421,24.2226242748478,24.063951013127,24.3214930679939,23.2734124587448,23.339244746071,24.4142162003813,23.3240738503528,23.7482235130679
O35952,26.0011586185427,25.5931539458611,26.4280581158257,25.9397898943133,26.6080204527579,25.4298168184426,25.0840448083648,26.3774070716853,26.260327246121,25.2927309055617,25.9438642241866,26.1652407902365,26.3887353493073,26.5935166930963,25.8134612666097,26.2520339132477,26.2424087721046,26.3994436356905,25.7561638028976,26.2493746036156,26.3615789924031,26.2739069141468,26.5208475908073,26.5866011377268,26.4900386248893,26.4820417993904,26.5038765603514,26.4934021939597,26.5897108469104,26.372457601604
Q792I0,25.4902747568541,25.5464331544076,25.0213512590005,25.4243621989979,25.0403517539349,25.8983482519679,23.960639039112,25.6323433141436,25.0858031808252,25.2289011598664,25.4433770370826,25.554195677474,25.4559746883419,25.6578895730483,25.3158270727714,25.2321457053936,25.3663077139647,25.6008575411327,25.3407980471047,25.8849497784924,24.3598602195845,25.5883037867964,24.9071360286492,25.7438024831602,25.4965530188048,25.4002766796885,25.6168423411287,25.4934921007946,25.4939776962046,25.3729153719075
P97544,22.0666371773999,22.4091351551047,22.304475003428,22.5141463915782,22.7523325550609,22.6669466931297,22.6992932677892,22.4720204755842,22.9293969588753,22.893026542608,22.1846223731449,22.3878658524441,22.829376424415,23.1628189609145,21.8197415996761,22.4870542796027,22.6343194435048,22.5656843732152,22.8131123557595,22.7126265560882,22.0598567206783,22.6341278397478,22.9798486763549,22.2587755449072,22.6583026826817,22.8455448337802,22.2630155871426,22.9706488139646,22.344397318299,22.6353002781268
P00564,29.4915418765501,29.0256414924261,29.2844244495437,28.9943561026348,29.1943213245166,29.0852154441454,29.3400037429545,28.9918368039088,29.1777188626285,29.149432337774,29.3533938722226,29.1268105097129,29.5054470949728,29.5049353212098,28.9718471641511,29.051185409438,29.5268537893786,29.3673454881591,28.9601636187433,29.2532849062492,29.1517546906032,29.1925106868271,29.3343710447847,28.9756277269167,29.1314431529014,29.3506545065474,29.248877850868,29.3417797295428,29.1540141743335,29.2470173594078
Q63372,29.0291895365943,29.1266003532973,29.3344687637808,28.6137345039836,28.6249740654469,28.3619087455205,28.6230175768262,28.3974765247406,28.3867944191251,28.449439109018,29.4959176896799,28.8299932457933,28.5389285806141,28.3958867759895,29.3206528346083,28.9709603513858,28.9802672602188,29.0201774358739,28.2707525477169,28.2634265919,29.0765596000662,28.8954218027719,29.3118781672902,29.1633961267187,28.5177736880339,28.8651168378134,29.3752927600573,28.9091230122783,28.9208221547365,28.6616942291639
Q7TQ16,24.3782826139373,24.4762010656906,23.7616118736586,24.2663365876489,24.0754575799925,24.3475454643035,24.9690780058838,24.4697908286292,24.1999537137608,24.4694242032638,24.2789339273657,24.5710922977526,24.392540710654,24.3868030810375,24.2719864364238,24.5558409580089,24.4911336826075,24.4271932733921,24.2488399151739,23.9844293612429,24.6033029361817,24.5748455245051,24.5819381046114,24.6553344379256,24.7760279264435,24.299552494671,24.2293199467967,24.5867335693944,24.4138293334417,24.576467333233
Q64361,27.5700076804406,26.9680843874223,26.7307637536185,26.5760412829049,26.8185857676983,27.1251962726304,26.825324088072,26.8054017944076,26.4492742307966,26.1578211883469,26.4924653014417,26.4914333906069,26.6729208877488,27.0365246736368,26.6237245899856,27.3365365491288,26.5082338069646,27.1662038070817,26.4640629391028,26.7823158096859,27.4330747580179,26.3144154070661,26.4607352836096,26.9683612937273,27.2204648787029,27.3832673153309,26.5331970997242,26.6955027760195,26.850799554278,26.2297710836599
P18298,26.3430351450872,26.6968471230676,26.5239241702158,26.7395003494628,27.0503151271256,25.9991967389112,27.382962702745,26.3846619612179,26.6805605241596,27.1370497791345,26.5949651608956,26.547193228226,27.4606530804042,26.8648173626122,26.8125951694882,26.9744232142009,27.1088845098718,26.8027509899015,26.6737480269192,27.036747823667,27.0039321523103,26.8997067805349,27.6623835539885,26.699522440852,27.2557450132709,26.6658312164959,25.9134794479425,27.1935999044601,26.8254619872219,26.8175955695525
P25409,27.281211762792,27.368993613399,26.7775777201883,26.9411450769654,26.6339248230481,27.5766655454338,26.6534967105169,27.6937828528053,26.6670828020199,26.9562259266927,27.5110717776073,27.2688464793846,26.4734163704327,26.7331734959583,27.0680268855102,26.6667777393499,26.6342196378741,26.4162389650979,26.5060468548174,26.743525138711,26.5697940537263,26.5843055507758,26.5580672986216,26.7525679438855,26.4618651862579,26.6574692334581,27.0124967471106,26.7111564461949,26.7214810985473,26.7121325738289
P70627,27.6948650681827,27.8048491087252,28.3086399830353,27.5719516459216,27.8253040113275,27.9222054438444,27.9154564077275,27.7963671875703,27.7510067947955,27.5949134783763,27.833128802109,27.7511876845052,27.8714812083547,27.9046370449865,27.674051452852,27.9265200693369,28.1128405750148,28.0600354285419,28.1672433140795,27.8729588310519,28.274074954761,27.9860812727947,28.3451612775697,28.1644785708463,28.1588933101194,28.1063636524066,27.7219832116309,27.9042854904372,27.8593768148484,28.1586467885878
Q05030,29.2974868859107,28.9764831425766,29.3487237249438,28.9565376430104,29.2631366153135,28.9765235806027,28.6913235781551,29.0992533813955,28.9760859404105,28.9227058808694,28.7122001374765,29.1930698334292,29.0000662256563,28.8838035720582,28.8189384905387,28.8321014049383,28.7846971857044,28.8886670965965,28.915248072735,29.0038454193909,28.8728578389248,28.9636265170456,28.5939315508163,28.6871925334964,28.9953054418762,28.9947182509455,28.9815581213303,28.6452713933118,29.0421377731223,28.9867403318698
Q8R431,24.1668279026377,23.7254342642139,23.9585024464525,24.303866102585,24.3242960436272,24.9063544732124,22.5606938174332,23.6542767253843,23.6655146930449,24.5049496162433,23.2022108541892,23.3852745086213,23.9021458921213,23.659687771835,20.3168972653105,22.9828896269449,23.0695485059369,23.2051222351594,20.0167908874536,23.4232709356926,22.4936126589164,23.3707980143248,22.8494987828491,22.6765020943386,23.2939280215652,23.4674354290124,23.3330327031743,22.997166890869,20.0300094465616,23.4857029485775
Q9ES40,25.0387834611097,24.5367889908265,25.0456366538635,24.6692134202232,24.2575418069233,24.0819027387532,24.4862487933448,23.6134439996078,23.3863598786081,23.7404348692752,24.6932828000336,23.7847509527128,23.3612057905859,23.7939850220474,23.740538917947,23.2052164045175,23.8398812733751,23.3889943354869,23.414342356156,23.1871158435412,23.5426614614087,23.3988006470127,23.663844498819,23.0416305701291,22.4596533954938,23.6914240198556,23.5637101192967,22.7369221679228,23.3876729809844,23.0882356746108
P11950,27.1685281802792,26.611588226696,26.6094259450048,26.3403283642642,26.3589432742534,26.7443439601015,26.7606190980951,26.5578155155898,26.2490432361906,26.4169331186001,26.6305438850617,26.6032285493846,26.2549876634519,26.3725320364825,26.3769376363815,26.2324893732186,26.3297230181038,26.3258380286122,26.4229765000563,25.7785876978919,26.3448973266543,26.2798034787705,26.1541675554455,26.3512293683662,26.2225542064727,26.0356830128111,26.3547071404685,26.4138097136546,26.1186191940149,26.1668989914707
P24135,30.7365177764582,30.9321716840557,30.8763172884696,30.7609579484395,30.7990796527441,31.0022319695372,30.5143933925646,30.721300474035,30.2693987116941,30.7874540979501,30.4077265093368,30.7652653439253,30.8836841430308,30.6447759223902,30.7523551952102,30.6723685924493,30.6375340122181,30.7154060831275,30.6917083980489,30.9373471768122,30.1970976446365,30.0252538361885,30.2051633723202,30.5265314052103,30.5499863521671,29.8230191461255,30.4051416653678,30.3729786525955,30.62194250437,30.5215200040004
Q9ERC1,28.7886204085596,29.3727076882091,28.6731055906096,29.1052150924289,28.6354276188763,28.709391113213,28.4377894435542,28.9026311393465,28.6645918521857,28.6630170193599,28.9457117098814,29.0548310537263,28.3119055456978,28.5870821193276,28.597116585442,28.3989737590651,28.3388828134995,28.6603797719843,28.6007378190506,28.7688272764478,28.5992205494442,28.2323971796071,28.9455706341853,28.7612466750752,28.5260081326866,28.2606221283029,28.954756584873,28.6235229219646,28.6233635335006,28.4548678136439
Q566C7,28.0775341099427,27.4577184536975,27.7137584928815,27.7488384775044,27.6827221708887,27.8933012405534,28.6330527365598,28.0461731459849,28.2420924645029,28.2691332217631,29.5232676699544,28.408100973073,28.2794454174979,28.020624159633,28.4765409257429,28.3056638307867,28.7530888117828,28.3302371347209,27.6228090866957,28.0117117638574,28.4560494297121,28.3183907481749,28.5262387769784,28.2666220263764,28.3109343381476,27.8494357638499,28.3062922677139,28.5610340472392,27.8695137811032,28.320544336728
Q8VGC3,30.5580950849973,30.734871896369,30.4412972382232,30.3622563943272,30.2587882965234,30.807473296802,29.8041522417038,30.6448318946383,30.2151876425215,30.142878992184,30.2086792139863,30.4163374494485,30.0365640437954,30.5001006566906,30.0286450849404,29.9889036916058,29.9782762267969,30.1093343690502,30.2603206324956,30.1933365275686,29.8793716790511,30.0074680700198,29.6353011518231,29.8639939412125,30.1479871012525,30.158286683401,30.4980728509765,30.2137003372422,30.2812115479287,30.0627988568302
P18265,25.9968526324146,25.8565362243813,25.0623333718648,25.7482018710106,25.9614691088914,25.838521775487,25.6935730122525,25.5218247008183,25.7629895187764,25.4424849488688,25.6690544499695,25.848898643052,25.6798630706275,25.7136839410377,25.4548407195293,25.6253850082033,25.4757819768933,25.8332150201878,25.6626072717052,25.8483410367389,25.6853847170785,25.4040325462496,25.7977366462748,25.5257444348154,25.4648119972847,25.7296488901401,25.7536187118973,25.4677470395901,25.5181155256596,25.3265676985606
Q63797,27.3372210823427,27.5802863272728,26.489631691462,27.2567358482068,26.7769573571085,27.5296762279286,27.4123679038435,27.8472981369212,27.1950713816608,27.7163148846149,27.0830871474939,27.8832745433537,27.5668219955393,27.5678743996076,27.9567882208979,27.3600318761222,27.5069969433319,27.4889847016101,27.3610001753189,27.6720103158559,27.396732790017,26.8482931649923,28.3417512206488,27.915871742894,27.8026638585052,26.6759909484924,27.7763552404353,27.9624255967878,27.3042856336977,27.5919608888325
Q5U1X1,27.4943189380953,27.5377530519584,27.6774737181485,27.516267685032,27.4706362614079,27.6437835215679,26.8001441694724,27.3365525391061,27.676084496429,27.6460429894453,27.209303921639,27.6589637520803,27.3402327993739,27.6302841443622,27.4319445821251,27.4627634632117,27.4068376924203,27.5763434422703,27.5604424528477,27.5603889217084,27.2569090731112,27.4011997287895,27.2018410972089,27.2350298243893,27.5042706083584,27.5681046555946,27.6696168116426,27.6142663005218,27.5332504171384,27.6506601131572
P04182,28.6571886022901,28.3955548337669,28.3771958832639,28.3146069419013,28.3610633234284,28.2583872121983,28.1426648398243,28.4010018592582,28.4335182621669,28.2696182837822,28.4899251181924,28.5376571831869,28.7462233904958,28.6784794762534,28.4735266616413,28.4659439698592,28.5458802658988,28.6959134175336,28.248759546491,28.4546119251554,28.528573143924,28.2013217359547,28.3441988452629,28.5262810852647,28.4995994853756,28.6281222568043,28.6873123487632,28.4718332327256,28.7236161150936,28.630813811967
P24587,27.179341612789,27.5376178331905,27.2311890157905,26.9820633002106,26.9163675012683,27.6080352702782,26.9004290976352,27.6064176967713,26.7015620176932,26.5876262900228,27.2233937623782,27.4478307900499,26.4176910457609,26.6611044124124,27.1872413259648,26.5186544375244,26.5386233020775,26.5542246879795,26.7354776418155,27.3245318380524,26.4923502338233,26.6838534479957,26.416136178,27.1209260728606,26.6216487375997,26.6485523052856,27.4394231962896,26.5102268925404,27.0236264020687,26.5895246365038
O54889,29.092598217618,29.0818452962709,28.9298084958584,28.7895936304953,28.784377337366,29.3114946623141,28.7764725727679,29.0787643128269,28.838077730144,28.5274201228796,28.9153980729221,29.0015077252829,28.6298608607822,28.9480169795411,28.9253644549588,28.7883168261112,28.8536447956355,28.6642728114467,28.6565076755025,28.9177664782998,28.8648938727814,28.7475192936098,28.7246140288238,28.9061508743947,28.8992310545264,28.842581846103,29.048514447137,28.7421896338309,29.0116031939493,28.7582167488716
Q63269,31.1632999737062,30.5905399774133,31.0936560049528,30.603218915886,30.3965576214707,30.6181289722811,29.8033518029668,30.3651331624554,30.147303141675,30.2802425267404,30.4249192445898,30.5586322535992,30.1884578706756,30.2980215397317,30.2174624752667,30.2100051378728,30.1774596068489,30.3342186727992,30.2502429629874,30.2249515758272,30.0801072526419,30.0023481884998,30.0605274049896,30.2387171728409,30.0195929704282,30.1709625318106,30.5723178555338,30.0896083434687,30.4282798996514,30.2985824266108
Q9Z327,29.7555894302748,30.1806831758421,29.5889925532937,29.310302473284,28.865631580941,29.8793054462365,29.0582191974152,29.7646832321495,28.7963325791093,28.6185439424952,29.7234999109947,29.4921627820922,28.9251735980427,28.795285689049,29.2905535195977,29.0496978196892,29.3216114703832,29.0582673756904,28.9978300916542,29.0468228415121,28.9639676528654,29.0498734729464,29.2947753769851,29.5799084776719,29.0848212311166,28.7953956406652,29.9385404168799,29.2358567187216,29.311089381018,28.9323424091154
P28492,27.7244999566026,27.9181086405667,27.6363640580052,27.0919465352334,26.8261739766396,28.1963134879653,27.4980360354546,27.892206343748,26.9835326890533,27.2828753680321,28.5384024503441,27.6717757367268,27.1010842479665,27.0878934994686,27.4382654940734,27.0072704526099,27.1472490135668,27.0760938488551,27.1352813219782,27.213453124666,27.3561951742548,27.0795136486778,27.0792363800164,27.4777550297071,27.0575262978714,26.7486587656314,27.6346679450688,27.3150209426885,27.281803592475,27.1123055132882
Q924S5,28.2124635483099,28.1784183797292,28.3232065244016,28.2464334764055,28.2871207861164,28.339545283255,28.1245254781436,28.2214819885197,28.2108312798948,27.8099264346414,28.3480262772042,28.1668701682614,28.085512980343,28.1032979379861,28.0994322637675,28.0618095032234,28.1651069413525,28.0125966114507,28.1525954121062,28.1606063023959,27.9715882472437,28.0773179667827,27.9437281208189,28.0804835778159,28.1409093990498,28.1375171932982,28.0938848807381,28.1002012339858,28.0968819056976,27.9643275443446
Q64640,24.8605797005774,25.0877865210592,24.3915249106755,25.2858494785779,25.2148808658371,25.5082056721614,25.9084803108367,25.8310336011737,25.5864316577764,25.693416554717,26.2376509655246,25.3975144032049,25.6864499980741,25.1454524886244,25.6370629858578,25.7912820879933,25.7849504118347,25.3505704959622,25.3871665090655,25.5692625070893,25.1752109188355,25.5737465541399,25.8367319428643,25.5035640641434,25.7664466503018,24.9527679669612,25.4768553567094,26.042603652101,25.2732430755248,25.4271901164292
P54283,25.3750305439825,25.7002666441738,25.0048820125731,24.9573703329337,25.2224086268407,25.9926073877554,25.297061133201,25.6398819430804,25.1638410894831,25.2937263890538,25.1452615431395,25.3686646280236,25.1620193317772,25.0316412485512,25.0633190187538,25.2331356795889,24.9779694173561,25.2421111430684,25.1451237553985,24.626320998348,25.4596443831845,25.0819720508608,24.8843332024463,25.3395449792346,25.2846358494053,25.5840314882186,25.1153166810324,25.5472922634466,25.5680504600038,24.8430848557598
Q3SWU3,27.5901666407864,27.030149183258,27.7272733776126,27.2977448244749,28.1537231614974,26.8746225566584,27.2798804890123,26.5676294370674,27.3089792211669,27.8451833333927,26.7134674490564,27.1056683980024,27.7244709071934,27.702703127251,27.3830523691068,27.6806160657408,27.6154232424893,27.6059185146894,27.363542949178,27.3572520551034,27.3887618990371,27.4932495739635,27.4833136080382,27.2025588083684,27.5919199259767,27.2546903844905,26.864748156329,27.1816233789642,26.9347738238011,27.6374656993163
P54287,27.1333059398846,26.458890390619,27.1434609581995,26.6405859544289,26.734022268834,26.6233026411798,25.2705508685956,26.7643732758503,25.7522734666788,26.2331171232147,26.5721503167642,26.897309801786,26.2248988988926,26.1826597946499,26.5134059243369,26.646815988692,26.7178582563693,26.890102315552,26.3391004418076,25.7510694974601,26.3272705045721,25.9238481214847,25.9316394664655,26.088679962298,25.5686647395352,26.591527573424,26.4984570586059,25.837842989041,26.6933566302189,26.7027478015002
P04166,27.0601753655299,27.0430582289483,27.6044986818058,27.5204830017113,27.6704209245567,27.2098482527165,27.3615257371438,27.1744009578881,27.8729072678454,28.5689257048354,26.6126357965258,27.3224585421703,28.1846414117451,27.9428358846386,27.9399217030709,28.3122675387095,27.7995999848686,27.8314938334702,27.9477279347759,28.0031564144841,27.7219077041068,27.8829334755111,28.6490077690271,27.9666945492316,28.2612428482906,27.6740384923854,27.2002757742817,27.5415090654196,27.258318846325,28.0251099221532
D4A055,27.6650831004846,27.2257210926333,27.6455634442561,27.0376712400997,27.0222630510157,27.439277202606,27.1321019615246,27.4847164901392,27.4299240531967,27.3045217610684,28.1657404331479,27.8303587285653,27.1434631291965,27.1887862050848,27.4766354197237,27.2512838210396,27.3952286266477,27.198461310416,27.1994844213024,26.8302578747823,27.4165279084982,27.2870723885683,27.0459169864135,27.1522452088768,26.9656792927107,27.1818113431505,27.7511338034112,27.1931684802507,27.375407595999,27.1913074675789
Q03346,28.211567174542,27.9913477402477,28.1129576639507,27.8967653507052,27.7552775817548,26.950894787167,28.0835168380569,27.244370336797,27.3074110322821,27.7002273547379,27.9146740082998,27.3260041511627,27.8406439522057,27.4146579963486,27.9241292562137,27.6799145892165,28.0797172299694,27.6254490778482,27.7355872572245,27.609785726486,28.0520707786228,28.1093127125998,28.1761799995071,27.804618787469,27.2423481472146,27.9068253388072,27.7155764301715,27.4578647957266,27.7129762897485,27.5486868482185
G3V7W1,23.0537765674402,22.6280914419526,23.0281410683787,22.7392114284034,23.073957218091,23.1390682461433,24.7486682876397,22.9834841698873,23.156349674282,22.7293818930902,25.7639705488133,23.7871824271101,23.5338559194698,23.2127764514455,23.2751236874864,23.4792310392307,24.9196928677429,23.8233135123866,21.7909039509723,24.4448682693295,22.7065389944597,23.0639134104231,23.1254945734157,22.5557075303741,23.5541556970709,23.5003386625101,23.7730262130602,24.9020337983351,22.8680000567111,23.5108036325758
F1M0Z1,29.7517967946483,29.7518967798868,29.9295338229125,29.7968740279072,29.7260399567462,29.8480051426068,29.3111365310654,29.8682294246411,29.7340253983848,29.4432379219128,29.5637493905952,29.7834721972229,29.6808534811331,29.6625771378847,29.6524937966041,29.7033689476576,29.2753506772115,29.5494286497151,29.706691923145,29.6107063395836,29.4629431880941,29.5095819022562,29.2281334716522,29.6567400139181,29.5177669469951,29.6247089579078,29.7296363592544,29.4730939897009,29.7555672358656,29.7383150883822
D4ACE5,29.0527771669281,29.0070108536288,29.1186887810543,28.7621962302633,28.6278261823526,29.0473747480181,28.4453375798939,28.8975008154561,28.5892235050364,28.4670987891342,28.528933920591,28.7555225700671,28.3118785662697,28.4285177728077,28.8247439308047,28.4648428057367,28.2947162490785,28.492163494826,28.8002816441585,28.4325428108483,28.490406212552,28.3042016087738,28.171062802958,28.8347449314458,28.4300329633541,28.4486666294102,28.8061052205133,28.3193229850483,28.7664342202706,28.3232916383812
P26770,26.6915990935387,28.3594659470214,26.8821580638347,27.1764997276067,30.3917724756459,27.1629338114706,27.1185905403083,29.0770582104762,26.6162264495666,27.1517558369086,27.358281190367,26.4297620253736,27.0653591979677,27.2059979976211,26.9838702782711,27.0523774767444,27.2413397856072,27.6586822758185,26.9151089444056,29.5243808809751,29.9975176242288,27.3409043754623,30.0453795876993,27.5318286299238,27.5790161479773,27.47860996571,28.6346053278346,27.7332553809087,29.0377346719034,27.1702214510114
M0R8U1,31.2551701699113,31.606192341689,31.3261253578698,31.382946032415,30.9017224027336,31.6627873303988,30.9718378756699,31.6481946276767,30.8589488296586,30.7681880564737,31.5162995473738,31.4249206032621,30.8857664245452,30.977448254343,31.1641030941023,30.8071055813235,30.9701693331698,30.9670742878677,31.1090708218449,31.0155653874153,30.7666059386574,30.9020738185247,30.9030710958428,31.1224667002935,30.9622979134758,30.7296251014469,31.2640579307014,30.9915742095026,31.1971567425793,30.8481286501544
Q04400,28.537395502899,28.9223961863543,28.3491393588447,28.1677739033197,28.0270125448955,28.5565595132585,28.1021113877117,28.6812861265464,28.069440917769,27.8827508442425,28.5390137049929,28.4540996446676,28.2753939709033,28.3499201827393,27.9429725988761,27.9187689454565,28.2640181698556,28.0771887519928,28.2645933003147,28.5663066533603,28.1807106553503,28.3322198372173,28.2427593004387,28.3409720910482,27.8179870479674,28.5163052743011,28.8360745016123,28.0120039843526,28.2532299721314,28.0934810210539
Q62745,22.9830178724641,23.7427653141393,22.9289136792351,23.6585816011825,24.0347002478202,22.6171230758048,23.5489794568162,23.4542752438879,23.7636756957289,23.4212481881656,23.8717447216692,23.4169860111296,24.4606012219954,24.2040544184999,24.12700162952,24.2094974168098,24.5706399853619,24.3563731195647,24.3180270836933,24.0570465893342,24.7385209741503,24.3491198695638,25.0268593478611,24.3027946360061,24.5049537707014,24.4780140090778,23.6562360124554,24.3169674319433,23.9939392174423,24.4362540159039
P31643,23.663398824313,23.7194040813021,23.2409074061581,25.1167804106935,23.5224610999016,23.8387713800841,24.2400605457855,24.5227942259786,24.1832100416206,23.3114746465596,24.3120883551518,23.3376766797762,22.8434361398847,23.574650250928,24.4988409271782,23.9217521423876,23.7738762564252,23.9197718841257,24.4949204279025,23.5580628084452,24.3064287293777,23.5408962993909,23.296969332659,24.8111953598202,22.9738394337756,24.2765327319129,23.3191270485945,23.6343192027063,23.4445034127238,23.9656933095551
P59649,26.6000897812546,25.9045253437027,26.2401506915438,25.6747744188945,25.6250449457435,25.7226306483591,25.0789558465996,25.3999103840717,25.3309687551593,25.5775676961195,25.6648434053021,25.6377897868679,25.491831548593,25.4647272123773,25.6895737419275,25.1837597747923,25.1892499520235,25.4050184195887,25.3071108192529,25.479726109266,25.2438834965965,25.0728619743628,25.2957060109446,25.3055370002524,25.1601581145845,25.3040588996537,25.5579256782826,25.1783487311855,25.5416209162031,25.2214058794245
Q6P7P5,28.0673741215883,27.8299546936943,27.9218782942941,27.7479350277903,28.1166402150255,27.6721346052399,28.0896997538727,27.6440767734175,27.7729891936714,27.6985600884524,27.6974789234932,27.5607714553466,27.8134885168517,27.6890278723659,27.8610502150317,27.604147934981,27.8027052600456,27.6114981149532,27.6872076577899,27.6062336050892,28.1347263310614,27.7299389967684,28.36143479836,27.5830795812565,27.8882676740001,27.1725412582985,27.3139360919691,28.0186589022998,27.1366032591255,27.4269249447041
Q8R523,27.9374839802772,27.8848955062806,27.9607032306964,29.0256703692184,28.2593750191935,27.6245300381372,29.4345400467719,27.3330102033485,28.5783662915355,27.8356019367711,27.266100736286,27.3775276549793,28.2460811110567,27.6865808889452,28.2882937085945,28.2207660159447,28.8834945644014,28.6661121965464,28.0063508139247,28.5180741641464,29.29803279078,27.7705780279415,28.8498753662728,28.7808798044777,28.0046333426496,28.1621420965896,28.0953277031093,28.2051353389935,28.3523972951525,28.3111018952145
Q5U4E6,31.1847365850748,31.0596913015078,31.1314902240993,31.0832334918782,30.9499668044612,31.0541486200508,30.698230802122,30.9948657605191,30.8491374315781,30.6984572457735,30.7378508652805,31.0252871053952,30.7840679855708,30.8891957437148,30.9873884766436,30.6772610285052,30.5369061942253,30.740327183259,30.8947994310818,30.811660535893,30.7534384901648,30.6596290099099,30.4817426947061,30.9071494549447,30.6887148072208,30.7741798459413,31.0424562401024,30.6434098020314,31.0121524661568,30.7007529924155
Q6PDU1,26.161206263443,26.2100532060591,26.6942934761699,26.6254762401885,26.7619071931627,26.341004547131,27.5521524985111,27.0763571644499,26.7208666140153,27.4185141489078,27.6407851804056,26.95402618589,26.4396931546542,26.3305942080538,27.7156846320898,27.2900319730918,27.0041701490135,27.0723607166012,26.8758770642021,26.6250939268309,26.9832611639367,26.660213521715,27.2232464533573,27.9664141363323,26.4534537726119,26.5099367622111,25.9392619747562,26.948352544763,27.4789032141431,27.4395590792925
P27653,29.5045365729188,29.3098515486937,29.5200593466599,29.4841029351702,29.7755817270481,29.4289146998835,29.2559081738038,29.2547287974716,29.5541012580163,29.7389875942872,29.2123768934749,29.273124767077,29.436833816758,29.4566627442482,29.2962389512268,29.4097447237141,29.1938020344732,29.4616784648872,29.4448444700696,28.9242593925831,29.3747411652926,29.2289267950248,29.2719766155547,29.2502286416524,29.0565125329373,29.3345444129031,29.1723060577954,29.2417060085488,29.4288755048243,29.6114825580399
P97888,26.574334527385,26.7818566944011,26.7330943240411,26.8639243963752,27.2015771468846,26.7080902014154,26.9676751856957,26.7827996627474,27.1344957645057,26.8663404627008,26.33058916815,26.7480815948698,26.9950431156102,26.9501717705299,26.7087679005587,26.9652497913208,26.7563377254673,26.7585382999375,26.9972271854324,25.8358534190005,26.8919602656031,26.9218351320341,26.9534976471981,26.5358987468,27.5296574644752,27.177711396245,26.4830231116011,26.932876863468,26.7763631196064,26.967791358932
Q7M767,28.1173062537073,27.368871167613,28.2338601830225,27.4807080526916,27.1751395104486,27.71183815897,26.7261707090306,27.3624652125974,26.7290735500926,26.7140265485364,27.0850487324111,27.4609197380366,26.6099601724234,26.9760330606734,27.1116364142673,26.8469102504282,26.7166185569512,26.8396189153399,27.1416900214061,26.4818145822912,26.4609987471935,26.7995631676312,25.9345294794386,25.8881316975623,26.2998184564612,26.7587168246713,27.1873650721098,26.3215958269,27.0645104524331,26.6321302667458
P31646,22.1914281823381,23.5260349065285,23.2926537822536,23.2600447434539,23.5071191249943,21.8077021849854,23.8768337655036,21.8111269557292,23.5828844748224,23.4717064373847,22.6268786465982,23.178596898985,23.6223875883241,22.6936119312982,23.4682302560182,23.2998451456047,23.9016860374027,23.1786605613903,23.4245964561771,23.8670501764229,23.8417102297115,24.0455934755879,24.11044691265,23.6427436683873,22.7666234087327,23.9037634940144,22.7825577765197,23.6648610979332,24.1641252203996,23.2864469801997
O54874,30.7545526694116,30.998398983229,30.1372792298769,31.0939404944842,30.3230856182562,30.5170113075843,30.4057789686677,30.6883597392355,30.6463503624922,30.1443853267774,30.7143645644349,30.6061073896591,30.2403300539569,30.4509295912064,30.2962322779934,30.5950487441166,30.3702936770128,30.7292205422961,30.7950027789965,30.7309859072243,30.4955551139141,30.6213867266282,30.7116242677428,30.8649413617238,30.4392523662952,30.3282688009428,30.452107561348,30.8457940281507,30.5175216757199,30.5885280121058
Q5M7W5,28.292523070678,28.707434626671,28.442279553898,28.4578007522169,28.3599117736876,28.9447630118975,27.7724586073742,28.8309337429371,28.2155360838463,28.0698889498139,28.459885652605,28.5696187139252,28.2265607253098,28.2247357528067,28.4421393719802,28.2014340730901,28.13556423132,28.2529775691625,28.4143698948134,28.6306209351736,28.1050257328249,28.3370648982781,28.0911220961961,28.0938215810932,28.2624898622692,28.2761878661546,28.7057169696327,28.2999518390665,28.4872209619138,28.1816516261691
P28570,21.9665523080954,22.0039302647651,21.4396707521422,22.0638702426371,22.2055547929456,22.4935408022735,23.2427453627108,23.1339378692743,23.4742844594587,23.4895937532876,24.2040153236109,22.6909072908366,22.627120206892,22.7000474641715,24.106529902502,22.847422009906,22.9930372614918,22.6537293217773,23.9851276554816,22.9866749332305,23.9210908547689,23.6310634198767,24.3041570965532,23.413173618545,23.393814751103,22.7653240642693,23.5267041708009,23.507831593879,23.4712246418114,22.8293660268803
Q63170,30.5084838619958,30.6531700592819,30.4526109181559,30.5377791938865,30.3380858619979,30.6747968817539,30.7411855697683,30.7696791538249,30.4140049181443,30.1946802369296,30.9302588916601,30.6532461381132,30.3492860363719,30.2180881443586,30.5423561410504,30.3791984912971,30.5311509534342,30.4022314787045,30.2225668285369,30.3415960259083,30.4786000791232,30.3483646461126,30.3335430081459,30.5838628225924,30.395541937184,30.2649690821245,30.7503029788131,30.3895618035423,30.5146126525343,30.3638279855587
Q9Z1N4,27.1123159927271,26.5575742838649,26.7364620370704,26.7041790864958,27.1929283132233,26.749193631616,26.4395300310288,26.4394974690737,26.7231351166345,26.6573157037393,26.1838502083904,26.3978825050553,25.9775277265808,26.1023146014048,26.2505451928683,26.2256161061363,26.5745770031973,26.2253350098565,26.3201020935326,25.5936168185711,26.1637038704542,25.7472738284606,26.3062207775749,26.6294227278799,26.2330197513896,26.6421251451826,26.5162083870865,26.138783024109,26.1634395565105,26.7559871371361
P35171,23.0887066261848,23.0514934280283,22.5036314794113,22.7399164962755,22.4132959908,23.0788150841386,23.7709706573366,24.016240620742,22.839044155123,22.7870235946935,23.0884363243296,23.0381291005916,23.1321053786817,22.6807099199786,22.592364582916,23.6675569773536,22.9683348829106,22.2883628682853,22.6927340817326,21.8861361992356,23.419658073595,23.2149050953592,23.4486120129397,23.2997934566913,23.5214769285261,22.802795391054,23.808082197999,23.0799169648044,23.4679576109664,23.6422532293423
Q9JIX5,30.5783482749798,30.4545330160609,30.4323114748922,30.3591847468108,30.3243615684493,30.4454836370958,30.3637075600126,30.3610769765575,30.2262209683326,30.040811210167,30.5127909255347,30.3679914860376,30.4449051382467,30.3374524740371,29.9035077962113,30.1577118899684,30.4498625662704,30.3178322181881,30.2053011626092,30.3080945671513,30.1865757291919,30.224438361157,30.5368273378893,30.1535644630573,30.3904179443913,30.1216800495936,30.3867106563731,30.5150381349638,30.2462205361603,30.205717110128
Q03343,26.8834723731187,27.1309526338626,27.3957945539359,27.1513619733473,26.6611561734592,26.7142129947876,27.4634741005573,27.2460888519123,27.3193227684319,26.4323109542162,27.6056874422142,27.4252871227738,27.5006859891129,27.2884741942929,26.9845645837627,27.1976839787364,27.5318770951723,27.0938899846587,26.8498133790989,27.5714923725678,27.7950289157746,27.4339468753557,27.3047338670882,27.3062770505644,27.4168421713613,27.0921904943535,27.5171578006827,27.6711632323582,27.1461017249073,26.9590753883501
Q812D1,28.7504541619471,28.7365558586712,28.9935654826006,28.503463060074,28.5536232634768,28.8412479860888,28.2528996746978,28.998656571452,28.4409185744963,28.809598740365,28.5865716529817,28.641427715868,28.4868504255556,28.6049731348547,28.7349181780242,28.4731673147797,28.2707621680518,28.4363485642777,28.7493878736458,28.6348011028045,28.4207088043937,28.493209223163,28.3790095002063,28.3377802952207,28.6884413875857,28.4113983807741,28.6589536934837,28.6360633426623,28.6982632812226,28.5391681908104
P48056,20.2706958913292,20.7713949914297,20.3740436689573,21.57544181724874,20.3351516590842,17.8815490403152,22.02353244936904,21.4815475557923,21.2550303306819,21.7659900158806,21.949901013529402,21.533351639691,21.3559862101155,20.5088492476771,19.5946363134155,21.1873697218155,20.9259146924529,21.1573688115544,22.266628277894,21.9284947166988,22.296141904449602,21.5889822677571,21.841491973629,21.3240551149507,21.4634994895798,20.1161146613335,20.8670587021527,21.67921897917302,21.3628986481689,21.3936126376944
G3V9R8,28.5288058390982,27.5924042680006,27.7550060764821,27.4622924693752,27.6927256898666,27.4586605201677,27.0439436717292,27.0438058348217,27.3315705230746,27.5616501718837,28.3384912079642,27.4180150093867,27.7351081154808,27.5168731045177,28.4796031066175,27.9433952931074,27.9400546846637,28.2535911870544,27.610699996531,27.1631926583214,28.3741043022699,28.0968164832246,27.6387027418482,27.8312999478047,27.658657700615,28.1867804206277,28.0699458138482,27.3720829469382,28.2263855369759,27.5978709138226
Q62645,27.6833576472306,27.0694787477839,26.4074570933821,28.3035590025214,26.7958566779765,26.8475097653844,26.3081514904699,27.0122528365456,26.4120854805758,26.7023748281159,26.4636020525663,26.6941239416903,26.5212504065927,27.5327207157435,28.1825911968183,26.5410888793186,27.7451177168338,26.9753803147919,26.9511211838904,27.7770740186769,27.5328313080728,27.3988332152612,28.624846640329,27.2071891222935,27.889928763018,26.6025578791567,27.2559525122229,27.9117373877274,26.9990899755265,26.6883708017442
G3V7L1,31.7631635886919,31.3850206939622,31.8314001258502,31.3303389762515,31.2156088002756,31.524208468967,30.6464003761218,31.2878422885393,30.9838965681192,30.624678218445,30.9685908848264,31.4051124881011,30.8600353292024,31.0547980090137,31.0953570143136,30.8116384580934,30.9381036534143,30.9241640383306,31.1705888874559,31.0997663632592,30.9568844958495,30.7887949479959,30.5012511662215,30.9972502848366,30.9044734239091,31.0824431489223,31.3457717024034,30.6957136358903,31.2236909831844,31.1233953584748
Q63450,29.2494288043541,28.3243497309479,28.783772507641,28.5126920625977,28.1314695769195,28.1332370089089,26.9408610020355,27.5334321660744,27.5470869121145,27.8350089602627,27.8328338343446,28.0662061537038,27.4913469045107,27.5433341267472,27.7884065039577,27.6551840691371,27.5924167416092,27.8836389482552,27.4744048867356,27.0929297781529,26.6347144342066,27.1582363222395,26.8869221581432,27.3257398406814,27.4377553891671,27.5805935645664,27.9053775102079,26.9923026083943,27.8398035777667,27.7415731048507
Q6JEL3,28.5262938130166,27.9467334508009,27.6465022220177,27.8350895664856,28.195713756645,28.986177665665,27.5068696535113,27.5658283431792,27.631787200239,27.8257063723121,28.3999829157563,27.4946950557125,27.6927030384127,27.6769355233296,27.9234462782063,27.9652188743271,27.5887634990049,28.1068276141217,27.5712418358009,27.9440896211183,27.7299642545836,27.7792909163775,27.7768883277393,28.658585640185,27.7479377287395,27.7649138275559,28.0824234258831,28.1387678396579,27.9997958122109,27.9113436304954
Q5XIA3,27.5572167463732,27.9374800065035,27.821319464536,27.9705969788464,28.0087972246743,27.9096745460942,28.2188961779218,27.6288604007683,28.3265634904767,28.0952138493839,27.7201705931888,27.6815961897561,28.4461776463259,28.28356203427,28.3359911564722,28.3499283679671,28.8138846031868,28.5534207729251,28.4377127315563,28.9176481132668,28.0367238979098,28.3423830094918,29.2189360737904,28.4784156033561,28.1366003159014,28.4643890307162,27.9155863317681,28.5371217032084,28.2468045547848,27.8310055039969
Q6GQP4,25.2141326969687,25.5875996138513,25.7809774210831,25.5938370141873,25.4779875382567,25.863760092881,24.3601377830497,25.2124680170077,25.6336377341682,24.4779270817196,24.7813019397017,25.3890973293752,25.1526762343638,24.9483130201891,24.6859997521629,24.6409844002008,24.9916488873528,25.4075790142421,24.5919761333114,25.1408703563055,24.5525393262408,24.2325011431612,24.5625932780496,25.5303609091397,24.6947582477639,24.5299253318883,25.7722340313069,24.6008412638076,25.7115187079523,24.876135935815
O35923,29.8745272260048,30.2603195050749,29.9188578261999,29.8692197348285,29.7198193806272,29.8995779591838,29.7336794585951,30.2825581080859,29.8578506573281,29.4347641229133,29.9148772547049,30.010617178227,29.8846166202054,29.7407955152573,29.8188963335874,29.7964260380148,29.6508355511834,29.8632423057274,29.8364285128595,29.7851424682414,30.0561606111609,29.8613360807745,29.8961693055889,30.0499777118118,29.9696568866358,29.7561334832035,30.2669758677191,29.8346121632893,29.9477067821747,29.7411703742253
P13437,25.6511745334659,26.0036340940773,26.2008292777089,26.1378101481905,25.7990778236223,25.7664562567501,26.2137204219844,25.4074183306859,26.330161021233,23.8128763273802,26.4895796442136,25.9911896824458,25.8798302391949,25.647296329979,25.2005255720633,26.1577798704083,26.0810405937062,25.9091174046126,26.1877324318206,25.8110735856875,26.352243985882,25.5246870900846,26.3343089205393,25.9061769569891,25.0157196635176,26.1468108995078,25.496217634905,25.6550677763051,26.0971443194584,25.5519693990421
P11530,30.1275889281577,30.3441928796204,30.0666111304975,30.7200325269458,30.4745359648667,30.39069410154,30.8789588262554,30.2883264821733,30.4757256498508,30.3167216361446,29.9586872819732,30.1206179803721,30.4813084891612,30.2107732467247,30.4607921455636,30.3185203029168,30.4928198686003,30.4570064024537,30.4986267256317,30.5118069136074,30.7493380012671,30.2068042515129,30.7058980466975,30.4184455990315,30.5143897242736,30.1613637693148,30.2520099247272,30.3121711690236,30.357607156668,30.3031546982804
Q920H8,26.9668886736236,27.5500998704136,27.5359197713211,26.8477085208031,26.9732607500448,27.0125599568623,26.6542668002555,27.1478197656061,26.8392255276828,26.7310980950539,27.0202962158836,27.1055401705618,26.5459673589473,26.5717280171466,26.741265845354,26.8090064520845,26.8380390827269,27.0077737006043,27.1273788474085,26.9782132232885,26.7276696252817,27.0749292499935,27.1586154118283,27.4226912238855,26.9410636877263,26.5876093531874,27.0530062482861,27.0824796996992,26.9973300939048,26.6826994251745
Q5M823,23.0481697487098,22.2890249193953,27.1856047649688,20.3974656967504,20.3930108536997,22.9842252253269,21.4111530665821,22.3082513448563,19.9406071363474,23.5024024623254,20.507013758564,22.9631524655042,21.279631951671,22.4279836646088,21.6197832220871,20.8945960797385,21.6452428612726,20.6185716799491,21.7794984613023,21.235848790201,22.2039475644595,22.4536079639549,22.9406236734717,19.1480704580313,21.4199540897943,21.9028257992297,21.8442605561166,21.7456806139684,21.3662583020674,21.1646237094851
P07896,29.2121171917059,29.0804447705938,29.3508138284772,28.8238582638481,29.1812609386591,29.1415780893696,28.3500773711383,28.7775386190128,28.3531518095744,28.8943930276014,29.0199578107686,28.6016512349175,28.4660616033359,28.5225078982534,28.8496851943591,28.9521210590805,28.5278478053291,28.529884006668,28.528885204011,28.3925498799646,28.5266471377521,28.1795532219075,28.4946570977856,29.0709501353087,28.4237810878991,28.5388395004917,28.9915860469403,28.2389586257327,28.8037700183076,28.6159545938552
P26769,29.2029358230618,29.2122325071057,28.7513580030607,28.7174467767483,28.1938205980552,27.186721206733,29.836986435051,29.2972621643254,29.0106565269629,26.1886924219131,29.4042799349669,29.316665014967,28.8843007545856,28.7928497127727,27.8972733723181,28.9874971744391,28.9226480566788,28.5553929875928,26.0703563125135,28.7111690734809,29.1286169955247,28.5187929287747,28.7178867721189,29.6219696350008,28.791078555663,28.5534946634846,29.2076302259369,28.9292733375974,29.2428109283283,28.7369897330263
P0C0A9,24.7114761069597,24.6242568629778,24.8194449027106,24.4854707284777,23.93707741949,24.8955609488366,22.5365014810446,24.5390460196354,23.9811617417728,23.1614268880117,25.0723907648196,24.2387661110418,23.1163069601666,23.5040881753043,23.2743825495504,23.480804816774,22.7915330709567,23.4861355197449,23.9009706214864,24.0317796538007,23.0232800142588,23.5801641455111,23.5512888923378,22.8891856628988,22.8041928808092,23.3678960920198,24.5384792279625,23.8834268294459,24.7088157071489,22.7677538130128
P60522,25.1530397081991,25.7161340161633,25.1802708184354,25.5620291732963,25.603471593231,25.257873308611,24.7956559110783,25.2047113498304,25.0367988059426,25.5129559166001,25.2469691266504,25.1365178795055,25.1602741876401,25.3707519980874,25.4221478680707,25.4517971012799,25.3400091678221,25.4459909685472,25.5261824975002,25.9075175485674,25.5167065564785,25.6157683970475,25.2465302557777,25.1134659109776,25.4957846321514,25.2383037194268,25.5394932492832,25.283617802157,25.5578910040906,25.2519145412104
Q5U211,26.2156381704281,25.9822520618705,26.8566740423365,26.2157912757136,26.0015779204775,26.3042074257075,25.9766594215595,26.215392780103,26.0007403390314,25.8755456572827,26.2535294007751,26.3162850083626,25.9031979723804,25.9225097216367,25.9755921680862,25.8363589019323,25.9085719455537,25.9395491474402,25.9963770705893,25.4535081245818,25.7538812823143,25.8386928910089,25.5460207174971,25.90823054447,25.7831405399951,26.0050893853447,26.3080269282939,25.9878480650982,26.183340109273,25.8969041465421
P07153,27.5791506123655,27.2135254321636,27.5320318799391,27.5294929470427,27.4528343905385,28.1182230700135,27.6296038974917,27.4060993225615,27.265175865957,27.2778441317705,27.326137057094,27.5622053154171,27.1650912815921,27.1325101367675,27.5827316915927,27.252064508689,27.3083216358847,27.0081283973908,27.1567447559509,27.1731645466149,27.3760492992311,27.2599501973326,27.0769272898701,27.2394693389687,27.3463972440742,27.110371416387,27.6030708876214,27.1971710511241,27.2990162805649,27.1189283245823
B1WC61,28.3132696777283,28.4017092004993,27.4809684467717,28.101193242158,28.4657620781699,28.632804180693,28.401810167085,28.2928608333909,28.1473185223748,28.2139517458829,27.9929407803019,28.1541451081179,28.5188906846071,27.8658123805452,28.1491094328729,28.2318688642764,28.2136177792526,28.1151632719854,28.1970519885752,27.9566816061897,28.2430495983462,28.3210745554496,28.2507601892981,28.2650118579775,28.3378889709152,28.5901501857393,28.0717656802247,27.8797954353593,27.9876007211599,28.4643601251337
P29117,25.9518816908362,25.9591187395717,26.2941607161566,25.2685361308301,24.8470213219155,23.6040805642787,25.4861876180426,25.7711621449333,24.7851079343864,25.6884008441675,26.1003133295671,26.1819686642869,25.505218987282,25.9172677731325,25.5167501495956,25.4359129379526,25.5391119688965,25.4472438442761,25.3119041458417,25.7263424183324,25.6095948342502,25.39078408506,25.8044949502116,26.1216560880675,25.600699801119,25.5543866202776,26.1567971835164,25.4734741705762,26.1568280277861,25.9370012900208
P19945,27.3951218169753,27.4518313466154,27.6480528169041,27.4559509730979,27.3494235894664,27.5617213494429,27.3126205432469,27.6638551093314,27.3755758668631,27.0942859472212,27.0620755982543,27.549412159179,27.3801163783138,27.3807667490119,27.5213607667464,27.3446685494982,27.1923189476682,27.2872484167251,27.3244727783834,27.8211308220164,27.2951904899182,27.1159474095718,26.9341904773139,27.3238282658506,27.429305747284,27.3235658568343,27.4523121657255,27.385724104437,27.5820713050589,27.3073054663193
P47198,25.775310699044,25.4149073615701,25.0825182968807,25.2179582431816,25.1018713747732,25.8271498416227,26.9561469262045,27.0651323070779,24.7479685608992,25.6519858148102,26.8873784867522,25.8561575706164,25.9571578393,25.1059037179238,26.0384562089328,25.6322585129745,26.2343294880023,25.8143176407703,25.1872205172209,25.0940751267031,26.2509399006678,25.8730332365615,26.9148651457177,25.7697298235607,25.5921361639203,25.5606916554742,26.1276946286214,25.6794428855897,25.9582077803139,25.6448680122308
Q6AYN4,25.4780398415461,26.2287099871757,25.8730688800847,25.9200628408061,26.2483851465174,25.7375970653086,26.2481793176823,26.3944219658876,26.2716461368796,26.2050590283514,25.951159994867,26.0530669290517,26.3699414861937,26.086164133615,26.1755970639653,26.1895693117106,26.1581139745192,26.0567500049234,26.1391771184771,26.2489719985756,26.0807026123433,26.6510203020267,26.6685475089528,26.0203863595636,26.4267739251685,26.3706669859987,26.1089201570704,26.0459784090152,25.9749762066758,26.3389788817761
O88794,25.3472309172648,25.4072265515225,25.4980117274971,25.075511780877,24.4931638139915,25.1908721031819,24.4617955484525,25.0987067892566,24.0352172913219,23.7758219265142,23.1372838987309,25.1733541565357,24.3594592144151,24.5627557771518,24.3948114510677,24.7016544403213,24.0077856343849,24.0965123674746,23.7755243340783,24.327543532731,23.9248930068218,23.3278489021169,23.6143285789463,24.5801026241591,24.2483598881437,23.4382182255961,24.6258336922605,24.0406529357308,23.9168692563325,24.195677076254
P38718,26.8119702895266,26.9323341531581,26.4392940071819,26.7550681108348,26.5814846819457,27.0461280781337,26.9643618479393,26.7738688664568,26.5551031896557,26.5704911497242,27.3025784268375,26.7247002224927,27.0627470432476,26.6249673170979,27.0686279367362,27.0421777223425,27.0348122827671,27.1399135390571,25.5023226746252,27.3310874606447,26.0443016029637,26.7310156259932,26.1390323410439,26.1733866601125,26.8341444957792,26.5810440288815,26.4277468596959,26.7551937842515,26.5990288912291,26.7629138674345
P0C2B9,26.3056864142945,26.6272857547292,26.1695119395751,26.7344053524194,26.9095198540347,26.8628300927759,25.496129902054,26.1400033770475,26.8822370218204,26.5825966678742,26.1213651339441,26.5339905170117,26.501951547772,26.6800472288767,26.1238012311473,26.6898190743717,26.4631680651959,26.5983480821047,26.8505898955586,26.0578174616859,26.623538577148,26.5138821300622,26.4587933885446,26.8577755419533,25.1834610823893,26.8184602625114,26.781048722013,26.6429390484157,26.5545421359484,26.3782399084224
Q8CFG6,29.119377761433,29.1136527097912,29.1357363244649,29.0541843766422,28.7720062914212,28.594380422957,29.3634102305953,28.8099362851156,28.7042567277462,28.8622624649671,29.1084874313334,28.5847216609641,29.1853235189308,28.4726563276983,29.1620106931901,29.0493898206933,29.3737711786616,28.5367011508272,28.8501745679654,28.5181296880202,29.0997242036121,29.2639531733417,29.3028809338337,29.1414448033143,29.0657865698051,29.2485524294059,28.9371128176722,29.5137947730881,29.2538640001708,28.84572648762
Q5FVM4,29.3225490110081,28.8663748983455,29.1937564102326,29.1223739510026,29.6340610635954,29.0821361246182,28.8150258861104,28.5807175022743,29.264554464771,29.2909560678037,28.5073616978188,28.8882875177341,29.206255482727,29.1401469680447,29.0232633642765,29.280693712884,29.0365319034784,29.2268688174685,29.1524856808774,28.7537011409978,29.0877290254501,29.0209902608267,28.9942172939518,28.6498540779888,28.9595207854934,29.1521000913787,28.6043903082826,28.8201460474115,28.8554662397691,29.2383821753706
F1LTE0,29.2439151262148,29.0498884805464,29.1324356686715,28.7952400126908,28.4503417127131,29.3835086539104,29.1948830162077,29.3762075375248,28.6513548113989,28.9552852674617,29.6081226471954,29.2826711001719,28.7508855356421,28.8484933388073,29.4181317452932,29.0287792287023,29.1340692439576,28.8785795549782,28.7019448377886,29.1388909905504,28.9174907329551,28.9938748439668,29.0424025354834,29.3291853555749,28.7992523165791,28.7414430489929,29.5103715208816,29.2017007844347,29.2508113491726,28.9868632240835
P21588,27.9677334406609,27.707715790267,27.4691808988051,27.6038988743347,27.5990898877023,27.363634078818,27.1625344294414,27.3727881291892,27.3577716971253,27.3391079319678,27.4076018969627,27.426396987882,27.4175587332962,27.498459754388,27.2864203255853,27.4026390212709,27.5089281858371,27.3719067621311,27.4961267031462,27.4701514491045,27.333192394851,27.3356528107472,26.916705000612,27.1614280071376,26.8801498548871,27.5212318080875,27.3883589915894,27.0579352514412,27.5152760150937,27.4088440514932
P03889,24.6909676124632,24.8438014239402,24.7634234478433,24.6070534707886,24.5537599212154,24.3279866849853,24.1929014721731,24.5672717053095,24.6709666414021,24.3472347966513,24.4326076771808,24.5705620899219,24.6066168821533,25.024850975085,24.5181217955548,24.5544257184964,24.5481159389609,24.5716920439964,24.63426374177,24.4771440308262,24.5281919663357,24.7838545583087,24.343913810147,24.1364604217282,24.5098112780421,24.7884174189375,24.6162445441758,24.4382995039163,24.6175623903941,24.7497828148352
Q9QYJ4,29.5131717597105,28.6932726281315,29.5581773675341,28.6607805115551,28.7251202176166,28.8858024669684,29.1020126347053,28.8918311929073,29.262211796089,29.3612092862764,30.2160320183421,29.3680191998607,29.0889955320622,29.1096294716149,29.3307229463521,29.1777302784843,29.1844421859506,29.0411545799578,28.9543495569525,28.7394280229588,29.6601302321608,29.0315754705173,29.1156696094213,28.932969669481,28.8903136085797,28.8527615103563,29.493646837751,29.0507014613597,29.1496458740447,29.1889999662867
P97690,30.2818840581621,30.1594854655559,30.1544873094605,29.9809656525947,29.9743423594284,30.2824793562677,29.9339808028779,30.3608618948748,30.0739040265371,30.0742379869047,30.3293900722854,30.2196617487084,30.1125785485666,30.2363743667538,30.0071193351841,30.0130622843639,29.9797692798354,29.9986136719185,30.1142529782111,29.9588933820593,29.9267901760733,29.9437865941174,30.0812456668462,30.0577052527159,29.9719003854375,29.9276709629335,30.2657615027884,30.093116925396,30.1265137196135,30.0992564568334
Q8K4B7,27.5396743627028,27.4784660039208,27.740664799353,27.5080307577845,27.6684910524694,27.7366535291356,27.0565097321144,28.0943813930958,27.8754846788485,27.4398271101573,27.2215264733797,27.8035989652518,27.8440778812465,27.7931059629448,27.5910743813981,27.7813483379675,27.6222002919986,27.7348015898241,27.9505494094298,27.571128803875,27.5455654029663,27.7486670829538,27.8061186520366,27.6079600250378,27.7690846853687,27.6494612043166,27.6598633374303,27.8893316083299,27.5380553719821,27.6194701941285
Q9Z2A6,28.803435774441,28.635422317581,28.7172399065035,28.6713642862944,28.9720281341645,28.3002957269203,28.7379437418858,28.62720634183,28.8290427284872,29.2202584204757,28.5793553889904,28.7389243138643,28.7753522794275,28.9654581908856,28.7003955648687,29.0534332347339,28.9114885998058,28.9685684409253,28.901629000625,28.9933042295668,28.825197699835,28.9537600891233,29.4081224798823,28.599495017807,28.8798384153681,28.5821343375626,28.4889765788249,28.7047659703992,28.4428307321491,29.1508372861694
O70127,28.2445476052494,28.4877713847515,27.8568173428599,27.9831860259902,28.274110530782,27.8373655496318,28.3064116616,28.5189632500329,27.9543425732724,28.0724941484626,28.3118947117529,27.8473089734613,28.3220747722563,28.0844099947137,27.9685261852439,28.0507152831722,28.1289781428224,27.9976737094271,27.8525990799265,28.4659737596936,28.2502199082966,28.2571810719029,28.3092500669064,28.1881189498745,28.4148144690759,28.2582601202545,28.4649450126646,28.4318743252018,28.3429473618167,28.2741070453698
P20786,27.80663439551,27.4728290959911,27.4072980658713,27.4292450989615,26.7926025454154,27.5203197047661,27.224790826776,27.5375910887479,27.4122445430444,27.444880306432,27.6492792178787,27.6074705570992,27.2892346409516,27.3523914640202,27.2306700879,27.4510273775474,27.3495304331264,27.3868421629914,27.3476348562412,27.5373905180878,27.1337258398903,27.2089806473633,27.2540547811971,27.5575891356948,27.1452611584545,27.1327054947447,27.5181267856139,27.3258007141314,27.5145099770482,27.416338181473
F1LMY4,30.666305885767,30.800222914568,30.7505747885874,30.6800310012943,30.5018574948525,31.0757595026005,30.0698350113434,30.9130940084688,30.5048970913113,30.5449383103513,30.6306973796372,30.8607204801221,30.4982856310409,30.4315607775168,30.6666891333226,30.5049885959222,30.3351516207214,30.3861735671401,30.5378300070507,30.7155270234226,30.215118341774,30.4434678395375,30.1943356472523,30.5624773997185,30.5009775107815,30.3838102476844,30.7043229798911,30.3411862160431,30.6063213036587,30.4568020341797
O08560,29.0123442541489,29.4432076316425,28.9921955703867,28.7102333101609,28.0460984660836,29.1301198092942,27.5011391611629,28.3393185025975,27.9695054902723,28.0190752407527,28.4871823236474,28.9489789235313,28.2337978511609,28.0062142963831,28.6319236552164,28.2453076212028,28.0771328796632,28.5714985408515,28.2822400265002,28.1665509449276,27.8339587276994,27.7562759715541,27.5840449491675,28.3250670903551,27.827074303534,28.2637574342966,28.3834955736963,27.7078350344639,28.017630109995,27.84923233368
