Protein.Ids	Description	AC1R1.raw	AC1R2.raw	AC1R3.raw	AC2R1.raw	AC2R2.raw	AC2R3.raw	AHFD1R1.raw	AHFD1R2.raw	AHFD1R3.raw	AHFD2R1.raw	AHFD2R2.raw	AHFD2R3.raw	AHFD3IPR1.raw	AHFD3IPR2.raw	AHFD3IPR3.raw	AHFD4IPR1.raw	AHFD4IPR2.raw	AHFD4IPR3.raw	AHFD5PioR1.raw	AHFD5PioR2.raw	AHFD5PioR3.raw	AHFD6PioR1.raw	AHFD6PioR2.raw	AHFD6PioR3.raw	AHFD7CrR1.raw	AHFD7CrR2.raw	AHFD7CrR3.raw	AHFD8CrR1.raw	AHFD8CrR2.raw	AHFD8CrR3.raw
P16086	Spectrin alpha chain, non-erythrocytic 1 OS=Rattus norvegicus OX=10116 GN=Sptan1 PE=1 SV=2	7511997534.58984	3801061488.66016	6331952112.88965	4302485918.35742	3580292571.55469	3900789905.61914	3480620122.44531	3752643632.8125	4066693184.03125	3217788103.9375	6283194227.14063	4874366633.65625	3328056338.55078	4100948284.76563	3255387404.42188	3941962403.54102	4160342845.60938	3790629196.96094	3299704505.4375	3470736836.8125	3970981766.10938	3894557883.27734	3199603289.61719	3565590837.25	3708945822.64063	4878408568.25	7083905297.49219	4200085553.35156	3644505442.92188	4257560871.57031
P11442	Clathrin heavy chain 1 OS=Rattus norvegicus OX=10116 GN=Cltc PE=1 SV=3	2646509155.375	1871907233.46875	2361347291.0625	2404125025.9375	2842799609.17188	1847942263.91406	2506050936.00391	1920272852.04688	3173829399.0	2640268905.75	2476845206.46387	2322381594.60938	2630962471.9375	2883129974.4375	2789352885.15625	2982937791.875	2986528967.46875	2787307733.6875	2803028495.1875	2141917959.89844	3015651417.0957	3146098972.45313	2327625381.0	2626792185.47656	2968328000.625	3983912016.75	2975997596.98438	3167851930.51563	2825257992.3125	3496287610.71875
P06687	Sodium/potassium-transporting ATPase subunit alpha-3 OS=Rattus norvegicus OX=10116 GN=Atp1a3 PE=1 SV=2	1017377447.5625	717984321.609375	767683094.453125	908318373.03125	1125744946.3125	776915708.15625	2506906200.75	920289770.75	1693988661.53125	1544797422.75	1228771400.77148	1000018301.21875	1239459597.59375	1675062211.8125	1600432445.125	1632951187.1875	1577165599.95313	1171559720.125	1579506995.0	1150768518.89063	2289159689.75	1451504500.84375	1453086690.28125	1651980470.625	1604423830.46875	1943417700.01172	1057699929.90625	1574112028.8125	1421465685.1875	1687163873.0
P13233	2',3'-cyclic-nucleotide 3'-phosphodiesterase OS=Rattus norvegicus OX=10116 GN=Cnp PE=1 SV=2	2258794328.89063	1569319769.94922	1530919678.26953	2755797670.0	3122227173.35938	930235366.515625	5238974693.6875	1447546090.5625	3416162789.9375	3985351169.4375	3238143968.42188	1748233638.5625	3838108112.40625	3239128458.8125	4475653619.66602	4495046997.00781	5640071065.60938	3606647209.57813	3598687454.60547	2836552998.26563	6128903204.11719	5816646256.28125	5519378953.71875	3860193404.79688	2901624466.125	6400724241.09375	2930027514.1875	4283868329.34375	3385535538.90625	5264207501.875
P23565	Alpha-internexin OS=Rattus norvegicus OX=10116 GN=Ina PE=1 SV=2	1861295693.12109	1170252373.47656	1624801315.75781	1775457990.69727	1998625606.44531	995462173.851563	2185750831.9375	1092781234.80859	2001663696.46484	2471128505.04688	2264297106.44531	1648448713.875	2488907724.13281	2111319945.56641	2801326417.65625	2938336227.17969	3293574934.59766	2349355975.78125	1714395128.29688	2230521892.69531	2979116259.625	3246554098.15625	2427322033.41016	2310672330.48438	2056957724.97656	3235837879.9375	2211581895.44922	2250460796.1875	2356033910.6875	3208261650.76563
P06686	Sodium/potassium-transporting ATPase subunit alpha-2 OS=Rattus norvegicus OX=10116 GN=Atp1a2 PE=1 SV=1	2113799505.03906	1627559028.37891	1565154367.96094	1944213416.2002	2188444365.1875	1815327975.11328	4489724113.75781	2052428688.79688	2997157393.08984	2530268516.5	2262358993.10156	2229230199.70703	2420859921.63281	2767948078.58594	2781742979.6875	2850690529.5625	3035604149.32813	2526308800.76563	2862011201.52734	2318598609.08594	3764900178.01563	2778248303.96875	2650437232.5	3614630126.36719	3279900009.51563	3470437884.30469	2510374456.89063	3018979867.80469	2704193416.60156	3128428278.0
P47942	Dihydropyrimidinase-related protein 2 OS=Rattus norvegicus OX=10116 GN=Dpysl2 PE=1 SV=1	1116284187.57031	1115592355.33984	961999224.740234	1632599536.34375	2300004796.35352	1147385896.84375	2373208190.45313	1268043969.47168	2792890658.4375	2035810201.60938	1495582345.57031	1314966277.86719	2127988462.35938	2522797607.8125	1643702676.97656	2361032538.78906	2808559890.59375	2215871098.41016	2415035136.15625	2522236363.125	2700706569.80469	2913170374.24219	2043170822.10938	1575897594.8125	2536748831.3125	3218003853.70313	1435039233.4375	2817160144.25	1679283688.73145	2559070718.32031
P69897	Tubulin beta-5 chain OS=Rattus norvegicus OX=10116 GN=Tubb5 PE=1 SV=1	866143335.515625	402891802.25	584602862.625	741522575.5	1192347965.46875	415125137.0	683087377.625	432956210.625	1176914524.5	1094139256.82813	598756753.3125	725190054.46875	1185573393.5	1296626129.75	618909178.75	1195871591.125	1328546585.25	1366194219.5	820885051.0	647103918.0	1097182875.75	1168725391.5	980746832.75	622878410.75	1111196976.125	1649100388.375	775892253.75	965823690.25	812519296.25	1697154673.75
P06685	Sodium/potassium-transporting ATPase subunit alpha-1 OS=Rattus norvegicus OX=10116 GN=Atp1a1 PE=1 SV=1	518591225.117188	683592895.5	498779558.265625	934712101.375	1126223023.52734	687518609.25	667342295.375	729029986.0	1292898211.375	953289429.375	585487425.953125	872891862.25	1002104418.70313	861710173.140625	873292317.4375	1175388110.625	1215492599.79688	1107647739.57031	925839958.5625	966080826.867188	1113376894.39063	1261460982.0	821296401.40625	848934973.125	1302081930.0625	1595819295.0	974504019.75	1269167794.15625	870070919.5625	1224223179.55469
Q3KRE8	Tubulin beta-2B chain OS=Rattus norvegicus OX=10116 GN=Tubb2b PE=1 SV=1	101913081.0	43324428.0	59451956.0	50064819.2734375	49880773.25	53811824.0	74656851.7421875	60316532.0	87859903.0	78758851.90625	138560032.0	79475240.0	62013384.0	82140267.4375	75644072.0	96535874.0	103672415.0	82540599.125	64028261.90625	68775804.75	89169605.96875	82579025.0	81677600.5625	67533646.0	74291809.046875	71891088.0	92168504.0	81801239.6328125	74010296.0	106388310.84375
P07323	Gamma-enolase OS=Rattus norvegicus OX=10116 GN=Eno2 PE=1 SV=2	1440680468.04688	1251789195.4375	1212512598.16797	1580152814.96875	1845617428.8125	1406751396.71094	1969600214.4375	1537189373.25	2462853481.56641	2087597513.875	1532579968.84375	1684688552.02539	2154106896.75	2533198029.5	1878703654.6875	2422899127.0	2546311473.85938	2146235042.375	2160079481.39063	2914092653.125	2299486798.24219	2381045834.0	1839490346.875	2117283930.60156	2461933586.34766	2866339827.375	1799346871.0	2279754390.5	1899508773.82813	2333438519.625
P85108	Tubulin beta-2A chain OS=Rattus norvegicus OX=10116 GN=Tubb2a PE=1 SV=1	2697768782.53516	1243159935.61719	1826159787.82031	2382102031.70313	3926994902.1875	1678504129.09375	3074658782.02148	1639128465.20703	4183450673.88281	4357231785.74219	2940233171.88672	2459459305.03125	3649168108.75	4602062826.71094	2901247777.875	4300619308.82813	4526055483.85156	4000049293.5	3227119999.4375	2466097431.05859	3919087606.68359	3862461521.39063	3319527544.64844	2543331751.40625	3379527705.625	4880299995.55859	2361049656.46875	3345508756.875	2531089907.1875	5475815401.25
Q5XIF6	Tubulin alpha-4A chain OS=Rattus norvegicus OX=10116 GN=Tuba4a PE=1 SV=1	2085070380.5	954812949.75	1537813021.375	1811860984.375	2684645052.0	1026846299.125	1558936515.75	891627427.5	2588942328.375	2584628138.875	1294204842.0	1607585234.6875	2406345084.125	2856056403.25	1616547322.5	2630141360.75	2788388045.625	2881570238.0	1824104574.25	1540109694.75	2498653782.875	2600958027.75	2107016860.75	1356344894.75	2556054603.125	3462772258.625	1484714394.125	2147195779.5	1704378369.0	3204606289.0
Q6P9T8	Tubulin beta-4B chain OS=Rattus norvegicus OX=10116 GN=Tubb4b PE=1 SV=1	103616279.3125	32355295.625	68463599.6875	116775022.5	271000762.25	54931874.5	184260606.75	46761877.75	272433398.5	254739832.0	102870554.625	101480499.25	237683820.5	280983276.0	111195739.25	263606426.25	275101803.75	253336257.75	169584733.625	169696857.375	279072720.375	254238663.5625	241873279.625	120283686.125	226266049.125	323989172.375	80542009.625	208424943.5	107760684.5	326319100.375
Q6AYZ1	Tubulin alpha-1C chain OS=Rattus norvegicus OX=10116 GN=Tuba1c PE=1 SV=1	8524085569.13281	3540268551.77344	5925483625.16211	7153734648.79297	10552545735.5684	4848438159.89063	7816256703.9375	3941014203.32031	11348234063.8086	10947722875.8906	6891660175.28125	7029154737.63281	9870922226.75781	11922599738.2344	7963052394.15625	11223954347.6172	11572664744.6523	10569149816.6211	8852445150.96094	5353306679.10156	10316014223.8555	10381668870.1953	8178127507.60547	6499987999.5293	9179119124.32031	13622087743.4766	7079232505.55469	8833230486.42578	7631972898.01563	13581230484.6172
P10719	ATP synthase subunit beta, mitochondrial OS=Rattus norvegicus OX=10116 GN=Atp5f1b PE=1 SV=2	892010632.375	696704420.328125	761520752.15625	1158157265.375	1468420902.625	950003827.34375	1775734797.1875	981470109.1875	1895714332.54492	1393529416.75	928791465.25	1037742664.77148	1455124231.9375	1915964955.625	1274900860.0625	1784360909.0	1650062338.875	1483204145.875	1620653637.4375	1135304974.375	1870441544.75	1660064244.9375	1329873530.125	1618343137.875	1922477881.06055	2166853965.875	1153068162.42773	1802822949.1875	1446275467.25	1921023048.875
Q68FR8	Tubulin alpha-3 chain OS=Rattus norvegicus OX=10116 GN=Tuba3a PE=2 SV=1	892785811.078125	438089758.25	633068829.9375	760506690.0625	974326757.578125	627471170.875	514197226.671875	481472041.318359	1046360584.77344	915347317.484375	795269026.5625	782215218.125	921598383.515625	1141967516.90625	827730652.9375	1073610716.03906	1014134545.5	923139908.046875	822896196.625	344342275.917969	830898942.15625	1005449200.72656	679245770.71875	595844843.6875	715330454.109375	1287467608.28906	990502191.65625	735538036.71875	863612332.492188	1262969911.53906
P38650	Cytoplasmic dynein 1 heavy chain 1 OS=Rattus norvegicus OX=10116 GN=Dync1h1 PE=1 SV=1	3858519444.66406	2903822004.8125	3238661874.37109	2978279927.0625	2580563148.95313	2828198987.21875	2787831581.69922	2897478822.54688	2902348222.9375	2637328859.1875	3462378020.10938	3125577896.4375	2679399060.9375	2957380857.5625	3107207428.5625	3213652768.375	3686070270.125	3122721815.5625	2846120843.8125	2668252172.2207	3190832767.78125	3110735806.6875	2834082136.1875	3244510647.625	2665249992.0	3746042690.875	4021125359.10938	3381297396.5	3423301741.0	3603738008.5625
P15999	ATP synthase subunit alpha, mitochondrial OS=Rattus norvegicus OX=10116 GN=Atp5f1a PE=1 SV=2	1837899786.25	1249999199.30469	1535351969.71289	1901135790.5	2452551661.5	1547977217.51563	3082913410.40625	1700018050.03125	3325724888.17188	2478135709.625	1719256178.03125	1997542634.875	2464783654.01563	3249985636.0625	2152712840.9375	3175542482.875	2996023516.96875	2730909623.1875	2736283708.5	1554871008.67969	3227107102.625	2821806162.0	2534976609.90625	2853238742.25	3224711613.375	3645080555.5	2151058166.45313	3223693350.625	2533932550.4375	3625382854.375
P63018	Heat shock cognate 71 kDa protein OS=Rattus norvegicus OX=10116 GN=Hspa8 PE=1 SV=1	1263004406.85156	1122322900.98438	1080674094.4707	1412368329.15625	1622775992.4082	1148175491.92773	1950898192.625	1299622583.6875	2000196830.75	1566560895.75	1275238205.24219	1319656036.9375	1637167504.0625	2133473536.5625	1572692051.5	1828946624.375	1909859215.625	1710067702.5	1851233118.375	2064986322.8125	2122668322.28125	2028558657.82813	1508666900.46875	1804553378.49609	2095533671.75	2455935340.7207	1554748588.5625	2051928777.75	1771563456.625	2128400266.75
Q9ER34	Aconitate hydratase, mitochondrial OS=Rattus norvegicus OX=10116 GN=Aco2 PE=1 SV=2	1613525876.52734	994744573.751953	1386121977.38184	1267142309.26563	1421691922.15625	1108707801.73438	1651693832.75	1075285527.71875	1820892878.53516	1457468319.33203	1297931949.625	1308225039.02344	1361425878.875	1774720273.75	1387692123.16406	1769113340.25	1699349845.25	1636663063.04297	1524821443.67578	1223906887.9375	1818125916.75	1719120876.875	1278334522.5	1526375361.125	1714207473.375	1927070352.25	1407815714.85938	1657956715.5	1394894128.1875	1765811336.5
Q4QRB4	Tubulin beta-3 chain OS=Rattus norvegicus OX=10116 GN=Tubb3 PE=1 SV=1	247914264.4375	114693600.9375	144245373.15625	210833760.53125	380282679.0625	120591745.25	344147468.5	111522548.5625	412665376.75	368242434.5	182541707.4375	189575373.5	382033075.46875	390745855.5	263389709.875	433111074.6875	449573081.125	448983524.875	313663913.375	202909606.25	471277518.0	417210978.75	324447926.5625	228607049.375	357152699.4375	517441949.25	184777751.625	320813517.3125	243014410.8125	467824108.75
P21575	Dynamin-1 OS=Rattus norvegicus OX=10116 GN=Dnm1 PE=1 SV=2	1036837562.375	817884692.526367	828456062.90625	1124944027.625	1435798400.87891	1059426985.52246	1266685257.65625	972014236.125	1584495520.14063	1327464535.125	1307194580.42969	1151814598.86523	1282221170.51758	1596368762.125	1219379560.6875	1404391019.5	1525770038.09375	1363793723.4375	1192739794.32617	1425287980.5	1422661081.21875	1476138959.375	1051177903.25	1337989028.875	1727832624.5	1759844722.31152	1139844466.0	1469073321.78125	1258531900.11914	1558217180.34375
P07335	Creatine kinase B-type OS=Rattus norvegicus OX=10116 GN=Ckb PE=1 SV=2	1585889384.98438	1855394862.78906	1372380872.07031	2270780420.21875	2772982482.875	1653821719.125	2335457160.5	2090849264.71875	3102787617.9375	2107893927.92969	1700328726.65625	2175495217.48438	2502239830.5	2836933004.8125	2067148270.43359	3079853651.875	2877038132.8125	2824377368.625	2290601477.0	3376865029.6875	2965287171.5625	3181585360.3125	2183570439.625	2696793685.9375	3463369999.875	3830558544.78125	2263445609.40625	3018691692.5625	2391926452.1875	3026884414.4375
P04764	Alpha-enolase OS=Rattus norvegicus OX=10116 GN=Eno1 PE=1 SV=4	446525320.203125	412680534.28125	331662583.76416	700489700.29541	797857358.53125	408218484.96875	972105489.125	487753676.625	973476602.4375	912941949.1875	627821958.125	552630351.8125	856026237.1875	1233364530.25	715828277.0	975396795.491211	1207839103.25	915723630.381836	984435674.228516	1100530793.54688	1076337676.46875	1132219629.3125	892444383.5	993584852.306152	1058754345.50391	1270015997.17383	593941097.234375	1140305154.08447	754636509.75	1071468014.0625
P11980	Pyruvate kinase PKM OS=Rattus norvegicus OX=10116 GN=Pkm PE=1 SV=3	1717955947.21875	1318204186.8125	1308605138.83594	1829220635.73438	2106570826.67969	1680565070.78906	2647589699.5625	1717786366.96484	2990034323.625	2411138603.09375	2461696331.6875	1984779327.90625	2249001981.75	2714239235.9375	2274352983.95313	2881204138.71875	2903664872.0	2485141391.5625	2379243849.5	2344020341.65625	2947446851.17188	2942246279.51563	2044306280.03125	2294473623.625	2735730930.70313	3087670651.375	2139887570.35938	3056219953.90625	2225734548.75	2884144953.59375
P12839	Neurofilament medium polypeptide OS=Rattus norvegicus OX=10116 GN=Nefm PE=1 SV=4	690489986.328125	443747668.867188	633808176.875	771656010.375	940330641.945313	664833790.046875	1408477197.08203	647098785.90625	1085295442.8125	1222573788.71875	1109025458.67871	816909661.6875	1204116758.83594	1123718818.19531	1315093825.6875	1381718480.75	1758513758.25	1217719106.40625	879687864.578125	1308403564.32813	1442577861.91211	1465657520.5625	1147728365.99609	1251269602.25	1259529152.53125	1492469812.07813	976339549.875	1302868861.25	1009350404.6875	1634809564.72266
P02770	Albumin OS=Rattus norvegicus OX=10116 GN=Alb PE=1 SV=2	225627468.53125	209631793.703125	184799236.359375	299015642.125	387056783.625	253534367.578125	622201123.546875	289056136.6875	601769376.75	455576007.625	498710491.40625	377010301.28125	481281760.75	451178095.6875	558679067.25	640364517.75	670867709.375	579892497.875	231032088.5625	680424930.0	339783442.3125	495889381.0	271022147.171875	228293160.6875	616681718.5625	524291996.0625	297105985.8125	540854871.125	298735843.8125	642210088.75
P63102	14-3-3 protein zeta/delta OS=Rattus norvegicus OX=10116 GN=Ywhaz PE=1 SV=1	873792903.268555	1034951026.59375	901792990.210938	1454083471.36914	2261211573.29248	1356074979.73633	1701316414.0625	1413583293.51563	2832074529.62305	2311239573.41211	1332669326.875	1552769876.44922	2296484026.08984	2720671709.69531	1880271793.10156	2706427659.1875	2564779609.8877	2298099198.875	2375073133.39063	2419786511.25391	2300264782.44629	2821476989.59375	1820806119.91406	1447494548.4375	2848294557.41406	3065543015.61719	1620077741.83252	2811545396.625	1704665237.7168	2736572934.625
P61765	Syntaxin-binding protein 1 OS=Rattus norvegicus OX=10116 GN=Stxbp1 PE=1 SV=1	554522380.625	763486798.456055	518167122.78125	732181491.1875	1088007180.50195	1128085557.3125	1087363338.625	680002473.515625	1253121135.33008	961854119.775391	668904584.375	704562679.578125	939221443.21875	874098362.875	820856407.71875	1119149806.28711	1312579552.85938	1084180803.78125	1026782976.92578	977032663.625	1152872662.58203	1228922892.9375	804852266.0	1156719424.40625	1371709090.9375	1714629159.5752	711494794.96875	1205640149.07031	859938313.171875	1374974446.00977
P04636	Malate dehydrogenase, mitochondrial OS=Rattus norvegicus OX=10116 GN=Mdh2 PE=1 SV=2	705016839.636719	637395221.441406	550904456.3125	910305652.4375	1212302963.55957	757971139.989258	1532193344.03125	878512016.125	1587516063.88672	1249183434.77148	847176683.71875	922372551.384766	1215894220.34766	1555090550.14844	1137417990.98438	1452365491.75391	1332276515.26563	1278893643.97656	1414182998.90039	1070004963.15625	1591168798.41797	1426417984.39063	1112181289.65625	1406881680.80859	1587554355.23438	1669465543.6875	963461884.283203	1424945211.25	1096268430.07422	1533500383.41406
P82995	Heat shock protein HSP 90-alpha OS=Rattus norvegicus OX=10116 GN=Hsp90aa1 PE=1 SV=3	637451187.9375	499378397.1875	511974754.015625	641325510.96875	749894689.625	640814975.75	1039351418.57813	747806619.453125	1009176474.4375	830562514.5	934401063.5	699086579.625	850838561.96875	1009755248.0	866432550.3125	954831652.625	948685106.375	872888376.25	959946725.15332	873747382.5	1107812215.44922	999012139.625	825028767.75	989436268.375	1112647998.8125	1057289771.1875	764706146.78125	985531897.875	760887086.1875	1047079560.125
P05708	Hexokinase-1 OS=Rattus norvegicus OX=10116 GN=Hk1 PE=1 SV=4	695068798.984375	618501015.460938	650478072.640625	854985807.234375	1102552689.51563	790321828.3125	1081941262.5	818323678.25	1397639170.25	1146394927.64844	994367518.84375	963312010.375	1208877678.625	1419330724.75	979143919.96875	1290567662.375	1325359409.0	1191026004.0	1122120534.5	767643868.9375	1195481295.875	1269233893.25	925469860.625	1022940209.5	1328891249.875	1578593558.71875	937353208.3125	1302796280.07031	973962675.625	1414868087.125
P13221	Aspartate aminotransferase, cytoplasmic OS=Rattus norvegicus OX=10116 GN=Got1 PE=1 SV=3	524996379.5	464670971.0	396731563.59375	565754714.625	665567003.625	523234206.0625	937418735.5	555340034.125	862840977.9375	720878903.5	615891334.234375	589301051.75	688286258.125	831679181.875	718090747.125	785436861.875	867722877.5	756513873.4375	719632648.375	994341889.25	928628942.875	851681398.0	615209316.5	809463914.0625	989342691.375	997344244.75	611521009.75	891141373.6875	714673511.25	829060646.5
P48500	Triosephosphate isomerase OS=Rattus norvegicus OX=10116 GN=Tpi1 PE=1 SV=2	427085288.125	381231038.269531	430197973.4375	626714914.898438	995837357.226563	441302777.28125	914836096.515625	462159438.65625	1087855295.7168	762018353.125	481182999.0	469300924.0	855217929.25	1029468946.6875	717487982.625	1010315597.125	945425643.234375	866930648.875	932772052.537109	791956701.375	1111794704.72461	983405399.085938	765917993.1875	693215922.367188	1041362938.625	1233632992.375	520018760.671875	963430692.25	674654313.554688	1084314794.55469
Q6AY56	Tubulin alpha-8 chain OS=Rattus norvegicus OX=10116 GN=Tuba8 PE=2 SV=1	23073458.0	33367077.0	17436004.0	16158236.0	13605124.875	19552264.0	64227324.5	33286354.0	11482304.0	13597046.0	13207346.5	17890737.0	10786919.0	26107331.375	85725596.0	83117695.75	117196625.25	15641493.5	75603651.625	9127263.0	7244059.0	10069634.75	79731314.75	77658798.0	75544803.0	108593130.0	85290286.0	77942773.0	10652762.0	20071874.3125
Q9QUL6	Vesicle-fusing ATPase OS=Rattus norvegicus OX=10116 GN=Nsf PE=1 SV=1	4725779839.76563	4457810426.78125	4872861528.62891	3809935254.34375	2986326533.75	2492601241.03516	5838867722.25	3141881394.96875	4457485724.4375	4201533773.25	8158486463.98438	4193586045.6875	4111440152.1875	3710204136.8125	6004465065.9375	5610177470.40625	6558642338.28125	4645387887.0	3372035052.375	2570881896.53125	7807586897.5625	5874195974.25	6946868705.45313	6514340258.5	4160811537.6875	5837576518.78125	7391959915.5	4856681286.0	5745903036.8125	5321503644.6875
P34058	Heat shock protein HSP 90-beta OS=Rattus norvegicus OX=10116 GN=Hsp90ab1 PE=1 SV=4	246462920.375	185604545.125	215819052.296875	240590627.03125	368131841.59375	196259398.0625	364448003.375	182232776.5625	437456047.0	387257173.875	287346810.359375	233619054.125	350527116.75	470849141.375	373358032.75	413982498.75	424902383.875	368050513.3125	409503789.1875	359508340.25	439170752.9375	425337400.3125	313556107.3125	330749184.125	439688595.125	496355445.3125	241182097.6875	420595128.4375	290560599.875	443936826.75
P62944	AP-2 complex subunit beta OS=Rattus norvegicus OX=10116 GN=Ap2b1 PE=1 SV=1	555117700.203125	540863396.59375	579836242.640625	599752032.125	623327210.125	508044354.5	573219319.375	476694283.625	743301725.25	591094037.707031	540440440.4375	565498336.1875	605431454.59375	716951288.0	596364994.3125	683259649.1875	785726829.625	684435836.0	683207117.3125	573212339.5625	684312785.59375	713367704.75	582397317.21875	622323389.15625	743734339.75	829287871.21875	675923278.265625	739004769.25	618053206.328125	706259710.4375
P50398	Rab GDP dissociation inhibitor alpha OS=Rattus norvegicus OX=10116 GN=Gdi1 PE=1 SV=1	485567160.25	435073066.671875	392439918.4375	523318169.09375	547689457.9375	382083820.496094	657467214.0	419028665.289063	646545505.28125	551484993.25	490842411.09375	436320592.0	560302508.0625	619957972.75	619976125.8125	611451110.0	676012464.0	576227462.875	686832540.375	592912830.6875	720668379.0	754703471.125	549346991.4375	566625433.40625	603045931.75	786604838.0	543205321.953125	671137990.5	574469026.125	685322445.25
P63039	60 kDa heat shock protein, mitochondrial OS=Rattus norvegicus OX=10116 GN=Hspd1 PE=1 SV=1	424217280.75	332449872.21875	410550873.28125	440206347.0	499080958.125	436481704.828125	714931252.5	406382012.25	668947483.775391	409949692.125	389046413.890625	408774145.125	462704520.5625	614080062.5	458993406.125	567243379.0	569537398.967773	518002185.5	571336615.912109	309596640.625	674240986.169922	455144213.625	430825278.375	603024183.21875	576969702.5	628664774.333984	479697750.5625	620331506.875	547784722.0	591818301.5
Q9QWN8	Spectrin beta chain, non-erythrocytic 2 OS=Rattus norvegicus OX=10116 GN=Sptbn2 PE=1 SV=2	3724156023.59375	2028013104.77344	3005470826.51563	2516769996.4375	2721085251.5625	2582654788.92188	2038610953.24609	2061658459.4375	3009847623.5	2876643028.20313	2645754554.92188	2910527710.67969	2478527039.21875	3230593165.125	2849861365.0	3224057490.5625	3123225762.9375	2948309125.0	2613661575.77344	1900992661.78906	2723358398.05273	2808548073.09375	2115665230.5625	2611254663.07813	2435835624.89063	3767655590.73633	3242742193.3125	2612084645.15625	2857835118.03125	3373954473.79688
P34926	Microtubule-associated protein 1A OS=Rattus norvegicus OX=10116 GN=Map1a PE=1 SV=1	825037460.109375	686873728.265625	786627917.171875	840450983.351563	844474270.4375	788314473.34375	816132999.5	755803505.109375	1024561419.21875	770030299.03125	739733770.320313	807117826.0	882825334.5625	1066226375.5	862964574.0	1042236893.03125	1039342800.625	1127463084.6875	880275315.125	871871219.6875	986013793.125	998128500.375	716857954.25	687615404.125	1020989101.25	1264637804.375	992087419.1875	1376249320.0625	876428633.125	1149309697.5
P45592	Cofilin-1 OS=Rattus norvegicus OX=10116 GN=Cfl1 PE=1 SV=3	342692092.875	364553067.0625	471713884.96875	514155041.84375	603238620.125	384254488.0	513116528.375	396597721.546875	914048082.5	695341644.375	519324204.3125	555343922.125	676708990.125	820109325.5	574603030.9375	741260695.0	708910984.0	723725121.0	675708440.0	531114085.25	808406072.125	734229405.6875	585348863.691406	557856673.25	855475572.25	859695065.0	604074795.8125	723442277.25	555291538.875	827631636.25
P63259	Actin, cytoplasmic 2 OS=Rattus norvegicus OX=10116 GN=Actg1 PE=1 SV=1	713109051.0625	667592055.125	659065368.640625	858125518.21875	1270416770.375	623871810.9375	1216872549.13867	655833847.5625	1470203404.15625	1372753902.9375	709475856.296875	712187345.875	1271783094.25	1906568594.28125	932907574.828125	1443342018.0	1468662546.375	1275593130.84375	1292861547.625	1211493085.9375	1269179170.96875	1428969863.0	1184286692.59375	807943903.78125	1569262399.25	1756191238.0625	669679785.546875	1526436048.75	828762299.578125	1599300800.0
P13596	Neural cell adhesion molecule 1 OS=Rattus norvegicus OX=10116 GN=Ncam1 PE=1 SV=1	347771403.453125	326829135.609375	288371481.027344	366557630.0625	475145005.335938	311457505.34375	602920356.8125	352359384.859375	575838799.101563	488622856.0625	422046918.75	374312475.34375	435428230.84375	480840457.75	571938537.4375	535230758.75	564585298.28125	453386290.9375	639967174.59375	470674855.125	606565773.5	576536769.4375	455952381.25	500830906.625	502988145.3125	709665129.75	483516575.96875	553617670.5625	491225064.609375	569211526.625
P31044	Phosphatidylethanolamine-binding protein 1 OS=Rattus norvegicus OX=10116 GN=Pebp1 PE=1 SV=3	484878613.5	404288127.8125	300002006.5625	614280967.265625	898632980.0	462439460.472656	917941457.25	425129367.0625	834852768.734375	686604804.015625	379815921.195313	467827998.921875	710057187.71875	915517840.28125	620212121.882813	740688772.6875	757368705.5	727178600.71875	797582389.466797	1077599622.39063	981522126.382813	888702277.75	653723622.5625	732569371.9375	910463910.5	1043999232.875	421525733.65625	753067411.619141	529229454.28125	785844555.25
P15146	Microtubule-associated protein 2 OS=Rattus norvegicus OX=10116 GN=Map2 PE=1 SV=3	645590677.21875	452474428.765625	547211681.6875	655383320.0625	788637521.476563	657476016.625	590269561.3125	523612165.703125	817835753.75	514691805.011719	398312297.8125	597690772.34375	619538890.625	831360675.3125	655548445.0625	615982351.484375	642173462.6875	748988034.21875	634289779.984375	597564598.5625	708729022.5625	563086842.75	504547781.6875	642614434.375	842624767.34375	881209962.15625	651540029.476563	726299699.25	585330949.75	786323986.125
P16617	Phosphoglycerate kinase 1 OS=Rattus norvegicus OX=10116 GN=Pgk1 PE=1 SV=2	561395885.125	524871863.5625	503309096.765625	722626994.3125	971723144.695313	582000688.9375	792063476.75	600338517.25	1080855300.0	738416302.453125	645293896.75	771862559.0	875154613.375	1031486835.5	749057256.359375	1013901369.875	940485821.875	887138357.0	865371101.0	954766479.6875	1004671212.82813	1009953943.15625	787483755.25	768560632.0625	1039930285.75	1324434370.875	829008218.65625	1155749348.41406	889906303.375	1134570102.75
P09951	Synapsin-1 OS=Rattus norvegicus OX=10116 GN=Syn1 PE=1 SV=3	797849884.765625	441534870.300781	593236093.621094	718470664.660156	1057283823.67188	614325848.320313	720490726.539063	605014588.90625	1274521605.67969	875442706.453125	673297663.59375	711328127.75	977308395.6875	1328103429.1875	665569308.125	1048257320.11719	1056013947.97656	1137993151.625	869877671.5	766763732.859375	1002485628.49219	1096847328.3125	834407610.640625	695198136.75	1229293445.53125	1501092327.3125	816046349.84375	1173280448.45313	889544109.96875	1347575553.6875
Q05546	Tenascin-R OS=Rattus norvegicus OX=10116 GN=Tnr PE=1 SV=1	237451272.8125	235828555.453125	228165691.4375	301292152.6875	347601273.125	251923546.125	367698474.96875	260487718.1875	411415824.0	369269496.4375	323621386.96875	252172526.21875	371212211.5	459232352.125	325967066.671875	325190992.6875	471347181.25	398225955.875	335621480.3125	382431015.25	342347845.375	450058211.375	317879828.03125	343976457.875	428473318.125	538713466.0	314203232.21875	476461928.5625	329669886.25	404060950.375
F1LX07	Electrogenic aspartate/glutamate antiporter SLC25A12, mitochondrial OS=Rattus norvegicus OX=10116 GN=Slc25a12 PE=3 SV=5	285412147.25	241338323.75	250486089.375	263641562.0625	308513275.75	261777170.625	381926380.125	285817652.0	449299661.03125	283597234.8125	287599134.0	282155904.25	322106572.0	359510264.8125	333264198.0	374828778.25	398212424.0	320353393.5	351750259.75	158549555.5625	385295897.5	383317385.5	317880751.25	340635374.125	434636108.75	547582630.625	377089463.0	421856032.625	357206803.0	424169579.25
P31596	Excitatory amino acid transporter 2 OS=Rattus norvegicus OX=10116 GN=Slc1a2 PE=1 SV=2	254197357.864258	289629413.136719	242653720.15625	388017743.5625	746739190.37793	431921767.601563	338991494.28125	371588823.0625	822500218.625	719640904.628906	281369943.6875	435029388.658203	519167987.5	896678885.78125	294435042.328125	604088152.375	543527678.0	636500626.0	519281252.285156	421582000.0625	452032388.125	635204494.5625	446893127.375	256590321.976563	854356549.75	863015708.5	411289136.25	635934805.625	339656698.195313	778842660.1875
Q68FY0	Cytochrome b-c1 complex subunit 1, mitochondrial OS=Rattus norvegicus OX=10116 GN=Uqcrc1 PE=1 SV=1	315334236.84375	258594279.0	216205263.5	319375341.5	323866108.4375	184609575.875	382428254.3125	243540263.625	341934516.5	309013067.3125	282229344.3125	323591208.5625	311464905.25	365616827.625	383252358.5	429319190.5625	287136526.21875	282032560.1875	334326925.0	120413253.1875	348849683.8125	276644750.5	255780539.6875	305886774.5	354068029.8125	419458450.828125	315209262.9375	352450259.8125	289607557.75	347144978.125
P15205	Microtubule-associated protein 1B OS=Rattus norvegicus OX=10116 GN=Map1b PE=1 SV=3	9324206686.30859	8318387846.53125	9313395339.77539	6646953791.55469	3962096943.9375	7830817850.79688	4850490570.90625	9727511580.0625	5984393607.1875	5013035757.76563	10293201138.5625	10864035282.2734	5870779520.40625	6615332639.42188	8946583473.6875	7293248379.82031	7121624341.125	6818708504.5	5929296973.0625	1031476205.90625	6549271896.9375	5180320997.71484	4267296073.83594	8025499637.42188	4782404929.0	5883107630.25	12058280273.0	5718834898.125	9243645228.4375	5707309763.8125
Q66HF1	NADH-ubiquinone oxidoreductase 75 kDa subunit, mitochondrial OS=Rattus norvegicus OX=10116 GN=Ndufs1 PE=1 SV=1	467221520.732422	377371035.46875	357456585.125	455120817.125	424205726.34375	540261690.6875	648347757.6875	525505914.96875	550537250.84375	436460048.5625	667582373.4375	547933586.21875	403193819.6875	490167845.25	574974740.875	538082307.0625	472202248.25	473973540.546875	493825667.75	370246495.25	526421159.0625	512981021.6875	360341440.945313	586743207.4375	528852206.835938	609429868.125	563291683.625	574399787.6875	557321403.058594	559695262.15625
P47819	Glial fibrillary acidic protein OS=Rattus norvegicus OX=10116 GN=Gfap PE=1 SV=2	946439538.683594	338793078.972656	862508922.818359	514782092.75	449763580.6875	382138638.195313	493412428.8125	307277072.90625	595951976.614258	696888111.984375	821385061.523438	508384411.507813	574671242.359375	934934636.75	799088410.476563	889495785.988281	823828508.421875	756872026.361328	535908662.03125	612122522.21875	614229558.766602	756060286.3125	636151857.359375	645738737.335938	477099820.25	586519649.625	635777572.5625	567438195.75	631430253.914063	1045265812.0
P18484	AP-2 complex subunit alpha-2 OS=Rattus norvegicus OX=10116 GN=Ap2a2 PE=1 SV=3	2252606230.84375	1313206859.82813	1884186629.13281	1576920488.375	1878053856.5	1387512797.4375	1833994398.26563	1365690950.75	2291541873.875	1819001650.53125	1851471509.17188	1717861452.92969	1891424601.125	2296798752.4375	1752188228.375	2189949848.75	2342039057.125	1994703595.0	1791658051.75	1466375137.3125	2012249996.125	2110578344.25	1618439611.60938	1703493793.4375	2033348128.5625	2631549767.75	2041455326.0	2302111405.375	1854129469.6875	2436281883.125
P19527	Neurofilament light polypeptide OS=Rattus norvegicus OX=10116 GN=Nefl PE=1 SV=3	675516788.802734	378405413.914063	503622149.662109	571262036.484375	596871967.21875	356921936.153809	1251336793.1875	415987966.9375	692496114.15625	1057446610.875	991809967.15625	689367814.5625	994547471.34375	817988235.445313	1315717200.09375	1143770040.375	1426920066.625	790482932.210938	686079946.81543	896016009.025391	1425819442.0	1275854408.875	1107667492.5625	1258700142.59375	792253520.125	1117454718.125	840083737.96875	803213700.5625	856880697.625	1423892166.0
P62815	V-type proton ATPase subunit B, brain isoform OS=Rattus norvegicus OX=10116 GN=Atp6v1b2 PE=1 SV=1	304425347.0	303164088.28125	320769600.691406	475833390.25	453511631.03125	336594720.1875	636594388.25	338534180.71875	615398602.4375	443833835.75	340211154.15625	352205360.125	453888842.125	563424089.96875	451706619.125	526293304.75	576701369.0	507001592.125	490052127.625	390659498.625	665204654.21875	505003139.15625	470109791.125	551419371.398438	518505060.375	686280163.34375	546072210.625	590872962.625	530608762.0625	604100055.375
P02091	Hemoglobin subunit beta-1 OS=Rattus norvegicus OX=10116 GN=Hbb PE=1 SV=3	1210350208.96875	791412970.273438	694317045.953125	1656672894.75	2002548790.28125	1568174101.65625	2719088724.375	1514047208.8125	2873725887.0625	2776732778.25	3137409207.0	1836855082.625	2718190408.1875	2105149436.125	2845865154.625	3093422745.96875	3700290828.625	2958654776.8125	1485044747.26563	2538357890.03125	2217280529.42188	2435150842.0625	2091370102.1875	2506008580.3125	3509460000.8125	2610473034.6875	1623348046.5625	2808084850.125	1610458604.5625	3506500109.0
Q9Z1P2	Alpha-actinin-1 OS=Rattus norvegicus OX=10116 GN=Actn1 PE=1 SV=1	599642436.15625	455671497.859375	555045518.6875	521955063.9375	584706903.359375	567994041.28125	408660944.8125	498142009.6875	710240731.5	552838497.59375	601908019.6875	610969086.5625	503215556.375	631751070.90625	674423445.375	759451997.6875	629817806.9375	592510676.25	447600437.3125	445687251.5	530122600.125	664959298.5	411240669.015625	574979214.28125	675821558.8125	763801782.0	704242742.5	630693002.25	570606088.0625	744008375.0
P53534	Glycogen phosphorylase, brain form (Fragment) OS=Rattus norvegicus OX=10116 GN=Pygb PE=1 SV=3	538969766.75	451493288.03125	499814583.78125	791066441.628906	637693186.710938	554784336.1875	1166124742.6875	493430522.53125	852697113.351563	523800457.84375	461133760.125	572282099.15625	626905804.09375	653022080.734375	723955594.0	730598840.0	913176589.625	871394111.234375	661390749.25	599989597.5625	1138971108.5625	638212308.25	718781568.390625	1043741517.1875	746825181.375	869600013.921875	755885605.78125	725812891.25	793986294.4375	861523602.125
P35213	14-3-3 protein beta/alpha OS=Rattus norvegicus OX=10116 GN=Ywhab PE=1 SV=3	311323617.350586	285246634.491211	267219584.904297	411413677.6875	465803835.791016	464764292.542969	533721394.71875	436471194.246094	595697062.640625	550674447.546875	921790177.9375	459794348.828125	528646397.5	510109506.5	623800147.1875	600422640.535156	685569521.421875	571407392.351563	470525428.865234	533061328.703125	564765101.484375	575506588.113281	423121820.0	529108720.027344	663656001.8125	602384881.05957	465774374.375	654439954.765625	447081157.0625	657097121.0
P01946	Hemoglobin subunit alpha-1/2 OS=Rattus norvegicus OX=10116 GN=Hba1 PE=1 SV=3	756280303.375	513841152.03125	468186302.53125	1164067727.79688	1943456730.625	1097214762.66406	2356705359.5	983385411.875	2380806280.875	2163484256.0	1836589117.375	1137514593.58789	2534185559.44336	1967180106.40625	1962453595.84375	2421941215.5	3202707974.25	2425030446.375	1214369860.6875	1911379149.0625	1896252673.0	2124450010.75	1805557396.375	1661198737.125	3241916878.25	2730619814.75	1038744443.0	2439145219.25	1140521262.24805	2911016018.0
P05065	Fructose-bisphosphate aldolase A OS=Rattus norvegicus OX=10116 GN=Aldoa PE=1 SV=2	188980650.6875	202270399.074219	158438122.21875	298130840.0	363917647.5	266482832.71875	517399655.4375	376357302.140625	614733660.125	482972779.75	476184852.59375	345832794.5	421767202.78125	654483769.4375	444963780.15625	554391566.0	605033526.773438	469089541.75	528051445.5	587535361.427734	641152234.96875	694552903.84375	481303390.25	395989240.25	639874881.875	630257091.3125	339048523.125	663270568.75	355802052.765625	606428594.875
Q9Z2L0	Non-selective voltage-gated ion channel VDAC1 OS=Rattus norvegicus OX=10116 GN=Vdac1 PE=1 SV=4	533983284.40625	421379880.90625	445529004.0	574376087.375	813790269.75	552729415.75	824740278.375	521896972.5625	1012730561.875	755200132.125	491744785.84375	643328559.75	737855631.125	992457250.25	724104586.5625	1001045797.375	798382537.25	794067668.75	825676721.0625	287301307.09375	1036040483.25	812504547.6875	695438599.0625	782851739.5	963954158.625	1087000092.875	647562854.125	939233123.0	832809847.0	1059095396.75
P09117	Fructose-bisphosphate aldolase C OS=Rattus norvegicus OX=10116 GN=Aldoc PE=1 SV=3	298900372.8125	258591597.25	226173515.128906	307098146.6875	397776336.4375	357095314.25	608492364.0	292626900.5	533525984.75	432690802.125	346225427.234375	336334661.625	364478536.34375	480103278.4375	512481517.5	461318417.4375	448698716.5	406978303.5	464438693.875	372424690.0	544729236.5625	539369993.125	365439749.5	636286314.125	520286730.25	562315739.5	338751507.6875	442884157.25	381398685.375	487730215.0
P50554	4-aminobutyrate aminotransferase, mitochondrial OS=Rattus norvegicus OX=10116 GN=Abat PE=1 SV=3	626945307.109375	473164382.53125	462522833.0	612062041.6875	608273819.890625	748364643.5625	865000702.519531	543791175.8125	676010099.0625	601625605.921875	736042962.59375	584386583.34375	630608965.640625	627010346.09375	871237023.25	751397095.234375	790098120.1875	716246872.625	665383125.625	559685966.671875	923294522.625	667612456.75	681083725.375	964294018.375	731824676.5625	914297473.976563	724034157.0625	771749296.0	784387876.625	829908364.875
P46462	Transitional endoplasmic reticulum ATPase OS=Rattus norvegicus OX=10116 GN=Vcp PE=1 SV=3	822168630.5625	520939129.6875	593491924.8125	789842013.6875	620175563.640625	487809535.78125	1424972947.25	588881798.90625	840441771.125	779629760.25	905279413.375	707061624.25	754706144.75	791395388.5	762007033.6875	922288271.03125	1070573838.625	904657328.859375	671321566.5625	554412606.921875	1248674891.0	939812471.5	971430316.1875	1056801360.625	772454369.375	1045666652.75	1114175522.0	1049578137.375	982206091.5	1120458445.0
P00507	Aspartate aminotransferase, mitochondrial OS=Rattus norvegicus OX=10116 GN=Got2 PE=1 SV=2	704770011.90625	550599793.9375	530606693.59375	658876939.289063	758094312.984375	680882660.875	1006060194.625	790014007.9375	1051424953.0625	749296204.625	994152642.875	806370527.375	820782229.34375	920330003.625	830313690.25	935317627.375	1028695800.5	907533886.4375	869243505.25	1083494789.0	1049550123.625	973573456.625	748343547.625	1065571573.625	1139210824.125	1128291849.0625	910755304.625	1053355510.875	869581763.875	1041559014.375
P68255	14-3-3 protein theta OS=Rattus norvegicus OX=10116 GN=Ywhaq PE=1 SV=1	367824861.388672	357964681.488281	317377246.12793	475046000.604492	517973060.936523	448441267.96875	435602132.1875	407599196.0625	617810873.691406	490811721.480469	409572147.289063	428449513.09375	499560601.3125	613348036.8125	503782883.53125	570723683.59375	543172206.375	529087794.265625	613355484.929688	565716271.9375	564838447.935547	589702506.125	419223469.664063	537068949.59375	590954309.923828	746321282.169922	483973105.71875	543494889.5	526195595.117188	646138866.875
Q05962	ADP/ATP translocase 1 OS=Rattus norvegicus OX=10116 GN=Slc25a4 PE=1 SV=3	859520247.886719	718347376.171875	713206131.457031	992689721.75	1255964870.1875	937969643.601563	1894433504.51953	1004499873.39453	1791379378.10938	1462802466.88281	798618339.46875	1166020043.3125	1301333743.21875	1571222023.50781	1347674838.54688	1672051276.62891	1502763323.15869	1365985739.67407	1507055772.25	474923861.1875	1738126012.0	1580351196.57813	1207795986.75	1676453751.5	1769730288.03711	2082021510.75	1110239711.4375	1639173548.41406	1346692236.89648	1850717463.46875
P11275	Calcium/calmodulin-dependent protein kinase type II subunit alpha OS=Rattus norvegicus OX=10116 GN=Camk2a PE=1 SV=1	1161025017.875	731006296.330078	1079647918.17188	1016458079.0625	1194044440.03711	907002065.21875	400188126.4375	675964358.40625	1084431113.13281	1390301891.8125	773528892.15625	1095176884.625	1050650027.625	2125537608.75	746470434.554688	1210663516.0	1224021818.0293	1352970951.625	659260909.28125	752132778.855469	733369550.970703	898627908.890625	857639820.625	463052983.046875	1108889028.6875	1393464470.125	1076952676.875	883188897.650391	841899526.34375	1546805161.57031
P50399	Rab GDP dissociation inhibitor beta OS=Rattus norvegicus OX=10116 GN=Gdi2 PE=1 SV=2	286352965.25	247868906.5625	211821950.375	307565423.0	359283074.742188	270361026.492188	369967745.125	285751903.625	411178373.25	348821174.5	303261556.0	301595254.625	344009179.0	401724878.375	381805642.125	395389954.5	383364840.75	369213180.875	374803566.75	411731235.65625	484912090.5	404261292.5	323842961.835938	358592950.8125	387058424.875	496086748.0	340110303.75	398456485.390625	342799633.820313	424622269.75
Q63198	Contactin-1 OS=Rattus norvegicus OX=10116 GN=Cntn1 PE=1 SV=2	2949260155.09375	2551903206.77344	3451802559.60938	2447777193.0	2185222248.92969	1627588422.67969	5118426988.6875	2081654975.71875	2279547615.9375	3459026630.25	4925925416.71875	2321894796.1875	2587750159.0625	2264310415.625	5353914133.75	3832130953.375	4489314716.125	3257668481.0	2667495001.5	1607896625.39063	4859882008.70313	4053464048.75	4814489690.53125	4933895873.6875	2281958326.875	4946018482.25	4966937092.21875	4118040944.6875	4741903312.6875	3801986282.625
P68511	14-3-3 protein eta OS=Rattus norvegicus OX=10116 GN=Ywhah PE=1 SV=2	91547409.53125	107274688.6875	97944907.25	155007154.4375	202479259.25	142176836.6875	117878653.25	160327588.625	225943299.75	172229234.25	141561525.875	163148871.125	176999280.625	221623934.25	124501990.25	185146569.5	203835882.0	175801245.125	183439521.5	175654545.25	143332094.625	220480417.375	116314112.125	146104884.375	254194401.0	256459903.25	145734683.0	195341028.0	125942439.125	226988342.0
P11506	Plasma membrane calcium-transporting ATPase 2 OS=Rattus norvegicus OX=10116 GN=Atp2b2 PE=1 SV=2	682504202.817383	618633909.363281	588226650.547852	1025633762.15625	686317604.6875	743010989.625	1155132971.375	721909643.203125	934356301.625	689731598.875	868274782.640625	742340357.625	675854457.75	701958629.4375	888179580.726563	1003688513.875	1052887571.0	912512828.125	720775584.101563	814688751.578125	1247463613.88672	684347941.421875	752791843.21875	1097685048.375	891949174.5	1139393139.625	958609293.328125	954741129.96875	856498444.609375	1052589865.60938
P06761	Endoplasmic reticulum chaperone BiP OS=Rattus norvegicus OX=10116 GN=Hspa5 PE=1 SV=1	205838813.875	168083473.1875	162744690.53125	244695737.5625	275830569.03125	152939500.40625	259030497.5625	137847862.765625	354552694.9375	281749475.5	196354409.5	197563677.375	268757966.90625	332687113.5625	265282042.375	330935195.9375	325274507.875	292398739.6875	244377847.5625	263579998.15625	271029407.125	333797733.03125	222470359.109375	235812419.375	304024632.8125	413626882.0	214660195.0	312814382.4375	233496908.625	385415713.5625
P11517	Hemoglobin subunit beta-2 OS=Rattus norvegicus OX=10116 PE=1 SV=2	45901147.125	33775097.375	22397908.34375	60786151.71875	64956978.875	70598964.875	159833874.5	80288453.75	121588078.25	100864322.25	291436117.0	78544384.125	124358789.5	89860561.625	142082723.5	107830965.75	150784343.0	101569474.0	67361623.25	65983814.46875	132987004.625	94612696.0	99806741.21875	128160446.3125	116596462.5	98900887.75	66761355.0	141565318.4375	71327978.75	143797438.0
P04797	Glyceraldehyde-3-phosphate dehydrogenase OS=Rattus norvegicus OX=10116 GN=Gapdh PE=1 SV=3	723127947.625	459449418.9375	610162317.183594	688287522.375	799871722.570313	469372421.183594	770080514.519531	495033499.5625	958099834.25	722492378.9375	594588144.828125	583072224.550781	851342211.050781	963747122.914063	698036701.007813	834188143.679688	1035129173.67188	912744828.960938	824841355.0625	633962515.929688	1120276162.78125	984796808.042969	839349775.207031	790695319.609375	1030734488.125	1263880816.48438	804710139.234375	935460212.640625	833618350.75	1159590726.76367
P85845	Fascin OS=Rattus norvegicus OX=10116 GN=Fscn1 PE=1 SV=2	1756482579.16016	1686287370.46875	1459484566.03125	1641646744.75	1165067055.4375	1380043142.78125	687748994.101563	1847866276.03125	1621135690.5	1793529804.0	768807608.203125	1928564824.125	1787317309.1875	1689007830.625	2071429381.625	1968464912.59375	824300171.65625	1942579450.0	1838141607.9375	1851980805.21875	1933972198.75	1961858892.875	2148735290.625	2321754338.57031	1860458243.84375	1990972894.625	2610864346.125	1400266331.0	2126219939.48438	1941587088.3125
P04642	L-lactate dehydrogenase A chain OS=Rattus norvegicus OX=10116 GN=Ldha PE=1 SV=1	328434901.421875	288155665.351563	303747566.429688	438663873.140625	593563484.0	384864937.578125	548794737.78125	486443437.0	843671021.09375	664465987.96875	556784494.226563	470978049.15625	586405162.0	772193400.125	556947573.6875	749811836.25	743612240.1875	675272592.476563	712856863.125	758772334.375	719394852.640625	889728487.125	542463321.734375	492598248.625	792700273.8125	862366759.0625	524149195.71875	888763573.65625	586412163.375	800081956.75
Q5RJQ4	NAD-dependent protein deacetylase sirtuin-2 OS=Rattus norvegicus OX=10116 GN=Sirt2 PE=1 SV=1	849874890.71875	622808720.375	738557781.734375	800349654.0	614296677.070313	678250891.109375	725358554.5	559529082.75	757487827.960938	673340811.34375	775244738.375	582973361.5	622021337.625	773415025.0	756385687.75	830599946.5	862155257.625	685632192.75	776529148.716797	798005453.5	928922500.59375	818191728.625	637166102.375	723270236.8125	588062799.0625	928330985.25	828169954.375	762115026.3125	813354035.0	904642844.667969
P54311	Guanine nucleotide-binding protein G(I)/G(S)/G(T) subunit beta-1 OS=Rattus norvegicus OX=10116 GN=Gnb1 PE=1 SV=4	288513859.40625	322236779.1875	289642159.046875	394591484.8125	534360768.0	368678695.125	324169933.5	391141930.6875	624270292.25	463484009.0	340738470.125	405412646.5	445768432.25	495284406.0	421523990.875	559440691.75	484659253.0	507176464.5	518787065.5	364785291.0	464452264.75	513745609.5	302517841.5	421311811.375	502130577.5	697084903.0	401285561.1875	542220053.75	390394292.125	579630550.0
P16884	Neurofilament heavy polypeptide OS=Rattus norvegicus OX=10116 GN=Nefh PE=1 SV=4	3849073297.0625	1770031972.21875	2844207130.14648	2719369369.34375	2895030432.75	2053059038.64941	2946590510.70313	1732313697.55469	3047379863.0625	3216176837.59375	2983764812.1875	2486924625.625	2974702117.5	3126316793.625	3140725628.1875	3529508808.9375	3885443888.65625	3138504201.22852	2586620023.71582	2172302684.53125	3581682702.9375	3103726967.75	2511596180.36328	3036709590.10938	2647593128.47656	4018063606.25	3165308802.59375	2962373234.3125	2970749797.125	3936412614.125
O88989	Malate dehydrogenase, cytoplasmic OS=Rattus norvegicus OX=10116 GN=Mdh1 PE=1 SV=3	530009286.34375	479712385.125	396749256.4375	661436288.8125	701609437.5	515399192.625	884570787.671875	636080268.25	957753258.625	831033423.75	593956383.34082	688045870.585938	779675042.75	893927849.0625	866269428.6875	858936348.125	854737053.34375	838801780.0	832260977.171875	1153245213.25	972936970.099609	903983740.5	879777264.75	997552479.25	1059210565.1875	1047066199.50195	785382361.375	959424015.5	748821229.691406	986769469.5
P59215	Guanine nucleotide-binding protein G(o) subunit alpha OS=Rattus norvegicus OX=10116 GN=Gnao1 PE=1 SV=2	295247829.84375	514599711.71875	303750867.6875	395841669.5625	505670663.75	762986980.5	572159131.9375	365945393.5625	579561108.9375	539819104.625	361282781.03125	386523659.375	482158173.625	520443222.375	409163777.875	544396028.125	845322153.625	549565645.0	641223331.75	426363283.125	621650898.75	674553837.617188	458040142.5625	683239854.140625	746052837.8125	885760171.25	412077531.125	645752012.5	408480393.0	778801605.375
P15429	Beta-enolase OS=Rattus norvegicus OX=10116 GN=Eno3 PE=1 SV=3	190417639.0	183244608.8125	169781922.25	180754685.875	197917160.875	84871429.6875	208015146.25	169436368.8125	232942397.875	112361729.5	242649758.734375	203132015.75	228804041.25	301872671.25	177477650.5	312317221.5	230806038.875	263205975.375	138118650.0	78584767.0	340580217.75	249930839.125	233908879.875	233331137.25	142186841.8125	334542229.5	291717025.0	231925731.75	251595898.25	301741169.25
O08838	Amphiphysin OS=Rattus norvegicus OX=10116 GN=Amph PE=1 SV=1	102518506.765625	95009770.3945313	130078988.34375	130344969.484375	182554123.710938	134485855.832031	116068421.25	119491145.96875	195523309.125	150115642.59375	105397907.996094	136512740.0625	160550320.625	190382286.625	132969423.5625	151168316.125	165988302.765625	166424203.5	166424421.8125	175034808.53125	143478408.4375	181691106.164063	126438417.59375	127596624.84375	214293296.808594	225444316.0	125419611.5	180423101.5	138581055.375	185157064.25
P61983	14-3-3 protein gamma OS=Rattus norvegicus OX=10116 GN=Ywhag PE=1 SV=2	337449524.90625	238710217.421875	299797367.796875	321471391.0	406590366.625	302027312.875	363285181.875	260758522.3125	457722370.75	357978259.0625	279624834.0625	294268330.875	336718889.25	452453617.625	332898274.75	375949235.703125	347544531.53125	442284733.0	389128791.25	376009363.429688	428455419.0	507059881.0	284861615.25	360632621.125	649834803.875	467873939.0625	284704970.208984	346466091.375	302634909.9375	444543142.8125
P09606	Glutamine synthetase OS=Rattus norvegicus OX=10116 GN=Glul PE=1 SV=3	1934120540.03906	2365758232.77734	1521144443.17969	1823287421.18945	1342011994.0	2044418662.53906	3329126496.25	3494187300.68945	2088950794.73438	2899353057.32031	6487614783.625	3033334321.24805	2519181026.5625	2367965776.75	3282409304.125	2937342560.5625	3922118354.0	2554710204.5625	2706637987.5	2676883943.59375	3249247225.66406	3318298104.53125	3945961898.44141	3587699483.125	3158113956.96094	2054681065.98828	3551933447.1875	3680114830.375	2823393805.67188	2971229380.375
P14659	Heat shock-related 70 kDa protein 2 OS=Rattus norvegicus OX=10116 GN=Hspa2 PE=1 SV=2	141619812.625	134221839.1875	119020024.5	147370069.46875	151764909.5	106916801.9375	111267528.25	125790571.5	120858474.25	112736844.25	151859517.5	126002571.875	127760623.65625	86297212.25	164205036.125	113128820.5	169119598.40625	110383951.5	133319842.75	98983504.875	137083536.9375	164044067.875	81780015.78125	136228090.25	115895474.125	142332193.25	194511825.6875	111744009.375	167706557.9375	161687378.65625
P11505	Plasma membrane calcium-transporting ATPase 1 OS=Rattus norvegicus OX=10116 GN=Atp2b1 PE=1 SV=3	265134931.09375	255569186.90625	209421448.498047	292877873.5	359383842.835938	343959835.753906	328416965.421875	331636957.0	503073558.125	425007948.761719	308913141.28125	354985597.640625	335842748.125	484116306.5	347593393.5625	452605427.0	437465342.5625	409815766.125	393547096.125	381232131.4375	431547631.484375	428661260.75	369272872.4375	390119773.617188	460491213.0625	497333708.5	446176858.0	469024792.71875	388569510.6875	490165744.125
Q09073	ADP/ATP translocase 2 OS=Rattus norvegicus OX=10116 GN=Slc25a5 PE=1 SV=3	506551943.234375	423137820.71875	395584261.554688	533741982.6875	603204710.9375	514834517.4375	697728024.375	534512325.5	779980270.75	525653446.5	436609086.46875	612709906.375	553695156.875	698736826.0	611505689.0	776528178.25	697342028.0	632090465.0	620424906.875	291135507.25	776817523.0	671112737.25	516072976.625	688574465.375	792743007.8125	935283910.3125	599992728.375	730152433.75	658822779.875	812732904.75
O35095	Neurochondrin OS=Rattus norvegicus OX=10116 GN=Ncdn PE=1 SV=2	214514101.796875	176793405.460938	121379124.171875	159156652.625	208492197.375	179704654.375	365914145.703125	188122885.328125	235386045.875	344883424.5	421131844.125	187837463.53125	259435297.75	399862470.5	330984605.375	329126938.125	340266688.226563	226456339.125	278140291.625	175814738.671875	437098013.359375	372911085.65625	458386639.5	235375852.375	284887700.25	429112873.75	374492241.0625	316630026.46875	223126453.6875	317197764.125
P10860	Glutamate dehydrogenase 1, mitochondrial OS=Rattus norvegicus OX=10116 GN=Glud1 PE=1 SV=2	233919617.3125	181743895.40625	169422268.390625	232662259.6875	307093288.078125	190384347.992188	540795203.78125	228387728.375	354892520.765625	325920766.4375	253610563.242188	216351346.46875	292440183.828125	402958774.21875	340525032.648438	373039654.25	346611837.0	318766279.449219	430084043.03125	240243729.8125	442218793.6875	361542518.734375	315866162.0625	406402705.3125	370045429.84375	381770957.25	240524832.003906	397873194.75	336427147.46875	374344561.625
P47860	ATP-dependent 6-phosphofructokinase, platelet type OS=Rattus norvegicus OX=10116 GN=Pfkp PE=1 SV=2	259251145.125	220410888.375	264428582.875	277310189.875	332102351.0	266027472.3125	232753064.84375	265545690.671875	377852724.625	262251647.1875	253702978.5	322926752.8125	284048243.5	290554931.375	288996578.90625	362752443.9375	324649208.5	326118696.65625	297847855.625	296056215.1875	389967046.4375	360650949.625	229086660.59375	282428000.75	347341101.5	425544950.75	351157837.84375	348535069.375	324052456.25	361207952.0
P05197	Elongation factor 2 OS=Rattus norvegicus OX=10116 GN=Eef2 PE=1 SV=4	508578592.375	408616613.226563	477440998.625	565317357.936523	551460932.5	474335967.78125	552726231.984375	443730556.046875	610872764.8125	582772059.25	591897222.3125	543371717.875	580345324.75	523429524.875	687238568.9375	645671365.125	756390751.0625	661057438.75	513936939.375	523687526.4375	637912182.1875	616241084.875	522762147.75	691859320.0625	616473420.5	764686611.75	658156056.25	655611678.984375	616409915.125	781577962.375
Q5U300	Ubiquitin-like modifier-activating enzyme 1 OS=Rattus norvegicus OX=10116 GN=Uba1 PE=1 SV=1	623253914.40625	639585323.546875	565489660.78125	683495380.03125	578042283.40625	725727700.9375	563497264.75	672924903.5625	659700784.5	550868623.5	573372212.664063	709269819.625	508803306.5	576777268.5	758406704.65625	672912162.0	621011947.96875	595845778.375	636605671.875	654213958.125	645876970.375	621123355.0	439926077.875	822366035.125	670568528.1875	811724656.125	780499849.75	663080037.179688	744168868.5	651708180.25
P62260	14-3-3 protein epsilon OS=Rattus norvegicus OX=10116 GN=Ywhae PE=1 SV=1	301343792.085938	287870967.007813	264116875.953125	408451374.53125	544770198.65625	376204549.25	502324592.796875	371737676.28125	627927281.875	578437101.4375	416205583.9375	383583762.125	509863636.125	643328771.0	562657482.25	651441097.625	623180197.4375	547818051.375	633323430.0625	669501305.5	642759043.375	704437174.3125	517385661.0	462033238.375	647949818.3125	729424792.5	425955111.59375	593814200.4375	422607491.75	677942367.1875
P08461	Dihydrolipoyllysine-residue acetyltransferase component of pyruvate dehydrogenase complex, mitochondrial OS=Rattus norvegicus OX=10116 GN=Dlat PE=1 SV=3	282156353.375	257904707.3125	240140645.265625	296235989.5625	414729736.75	306488072.25	438386140.125	354126553.875	564533132.125	397342121.0	377635043.875	404052182.375	374822472.875	552211900.3125	394358866.0	545158716.625	480338308.75	462850944.0	520933968.625	330372443.0	483534829.875	514273472.0	410800392.875	392102752.125	594623666.75	687504639.375	456939757.375	573838230.0	454213857.0	650188236.8125
Q5XI73	Rho GDP-dissociation inhibitor 1 OS=Rattus norvegicus OX=10116 GN=Arhgdia PE=1 SV=1	103684332.875	91047790.171875	82822301.1875	137811410.75	166330131.75	89090537.125	199463901.78125	104925649.53125	195931793.0	133208207.0625	112269078.0	106176058.15625	155919173.375	184281307.46875	113742786.75	176255782.28125	240775641.375	158316431.5	191882980.25	179583024.875	221995647.4375	201851873.5	154299372.875	131107507.96875	194708616.875	209928183.25	116260521.75	207938527.625	144660867.8125	173879638.875
P42123	L-lactate dehydrogenase B chain OS=Rattus norvegicus OX=10116 GN=Ldhb PE=1 SV=2	287590310.71875	288552065.9375	262484723.765625	439431572.375	564088240.625	341132748.507813	794308005.003906	422098613.0625	921810614.765625	596813133.34375	438668623.921875	439758368.125	582105141.765625	761494490.578125	582880926.109375	720899447.1875	782584407.6875	677641261.125	596394751.523438	867417228.6875	936821119.203125	896879316.1875	606367819.1875	830620253.25	906913407.203125	810311305.75	436984724.898438	772950928.234375	531698524.28125	765586718.90625
Q9Z0W5	Protein kinase C and casein kinase substrate in neurons protein 1 OS=Rattus norvegicus OX=10116 GN=Pacsin1 PE=1 SV=1	336273225.460938	332483645.132813	416132827.550781	375413944.40918	371317645.697266	336097624.236328	411519360.71875	444443951.871094	485321062.027344	423067049.799805	570218131.4375	443095985.125	424487479.839844	465944531.75	443782344.875	488892075.363281	503602769.9375	445661220.4375	396646035.957031	475925342.125	483910743.375	495601939.085938	415983116.363281	418127495.546875	527872632.5	506331848.875	460039031.765625	567112780.25	419803500.484375	501097191.0
P25113	Phosphoglycerate mutase 1 OS=Rattus norvegicus OX=10116 GN=Pgam1 PE=1 SV=4	207755811.40625	196143409.039063	175381328.125	287190118.203125	354244410.75	226330821.609375	441758109.125	244135718.25	414906940.125	319040887.53125	245523884.5	245942029.921875	339793310.625	424048057.625	334769007.125	383891273.875	409520386.0625	351262258.625	421643340.5	409192720.34375	454620163.75	422272594.390625	340246181.25	340871353.0	463465150.125	500007652.484375	255381968.75	416339713.125	288980751.75	416032551.25
P02688	Myelin basic protein OS=Rattus norvegicus OX=10116 GN=Mbp PE=1 SV=3	902422632.771484	1153733698.27783	970302490.506836	2856144413.84692	1725837177.26294	875488545.899658	8232816386.72656	1113539135.05078	2907601272.37207	1614812350.41992	1453889358.28125	1053631751.89355	2307715736.7334	1772340520.5	2080076312.61719	2334160564.89258	5418595683.91602	3140062769.83252	1828471434.86719	2976391873.20215	6425939971.4082	2572788621.03906	5692422615.09375	3905263961.55078	2594297983.74805	3013281969.80859	2465896434.42676	3684608759.49609	2603398605.02979	3320480090.58203
Q5FVI6	V-type proton ATPase subunit C 1 OS=Rattus norvegicus OX=10116 GN=Atp6v1c1 PE=1 SV=1	181240156.8125	292280133.25	202264328.875	252544231.84375	258669306.9375	225631870.0	265337293.25	274961115.21875	323237520.0	314478582.5	210149233.3125	223592789.28125	293066798.0	402347000.375	352288344.75	349944338.75	320304879.8125	307760512.6875	329453910.5	274041236.515625	343725345.9375	352472806.375	286466655.34375	234114896.0	325078207.6875	415651637.25	260330942.3125	324766948.625	325642639.0625	390267257.125
P07722	Myelin-associated glycoprotein OS=Rattus norvegicus OX=10116 GN=Mag PE=1 SV=1	197008836.0625	223305141.796875	179367016.664063	296925009.375	256064335.25	195445724.625	611625600.71875	245615421.65625	337271061.3125	368854142.875	424943260.234375	253539643.5	353594365.75	289395937.5	391560623.375	374737548.375	558692933.125	360556485.4375	346223378.5625	717497708.25	634046112.5	534239115.25	569480873.25	514480432.875	390493610.0	529560521.0	409418992.125	502986033.375	414426170.0625	484028845.375
Q6P6V0	Glucose-6-phosphate isomerase OS=Rattus norvegicus OX=10116 GN=Gpi PE=1 SV=1	491531833.71875	408660507.859375	367075691.125	504597727.871094	553341381.722656	402167992.921875	645785568.625	439677166.546875	646773958.484375	599222095.6875	564838757.75	502440092.203125	562535799.5625	637127673.125	592857168.625	719584986.59375	764347860.625	591472303.0	610207962.328125	605881865.0625	689213793.929688	668985595.125	546078810.625	615983565.0625	620310984.0	656758693.210938	557861237.625	719852579.25	555439646.90625	656994486.445313
P25809	Creatine kinase U-type, mitochondrial OS=Rattus norvegicus OX=10116 GN=Ckmt1 PE=1 SV=1	285122729.625	319056387.78125	271498913.25	417507457.25	550088993.109375	343671377.96875	647667623.84375	365476383.75	618975792.875	505771077.6875	277740177.0	394256544.1875	504219669.9375	600919454.1875	416797096.25	598943845.75	543134543.8125	558603974.875	486064365.21875	558634606.34375	557107456.1875	556508424.1875	452630713.8125	523108014.40625	634501894.78125	693655886.5	412423942.625	672932517.9375	462464034.6875	608603233.6875
P0DP31	Calmodulin-3 OS=Rattus norvegicus OX=10116 GN=Calm3 PE=1 SV=1	1065290477.0	1448713091.3125	1162342573.91797	1655622631.90625	1833297954.25	1658619863.75	1075423434.75	1457824365.5	2077101357.875	1845184343.09375	1055862429.0	1570352286.25	1758873737.625	2069817365.75	1447699261.625	1961711203.65625	1821938347.8125	1891891073.125	1593470539.95313	2062766601.25	1541360640.24219	2003083806.40625	1367479525.03125	1094665663.0	2513611815.0	2602650525.125	1595931274.75	2057155890.0	1477912680.0	2025636735.375
Q8VHF5	Citrate synthase, mitochondrial OS=Rattus norvegicus OX=10116 GN=Cs PE=1 SV=1	229002162.25	208284374.4375	207263080.601563	297206409.9375	370289394.75	307261145.625	430949721.875	295553878.3125	531156506.5	390358650.125	287176517.171875	333476251.75	378852227.6875	493438796.5	389805978.625	479921315.25	435720392.875	386937195.1875	447580071.75	339083588.625	457048158.75	480249056.75	303867544.6875	396732364.25	474300763.875	551306424.6875	353471719.5	489679594.0	352887896.75	490881982.25
Q63345	Myelin-oligodendrocyte glycoprotein OS=Rattus norvegicus OX=10116 GN=Mog PE=1 SV=1	794665531.375	522880444.21875	571309118.78125	637343772.1875	546071168.5625	425192598.9375	759022670.625	484279902.0	691389503.125	765685501.828125	860151260.625	532801798.4375	715461754.25	651302647.125	763350550.785156	816423405.125	1067274551.75	735255996.0	697911116.25	475416931.5	1050040738.5	1089905239.375	822401816.5625	599404668.125	604641398.25	1031669381.125	813619892.5	758525674.0	766673856.375	873766864.0
P10111	Peptidyl-prolyl cis-trans isomerase A OS=Rattus norvegicus OX=10116 GN=Ppia PE=1 SV=2	652090824.0625	661677382.867188	612324214.199219	954298847.106445	1264416784.40625	810444140.611328	1165443140.0	809672460.375	1436916066.24219	1080937710.52588	785844701.1875	926678143.6875	1277603529.8125	1354802822.38281	1018827544.29688	1285181858.75	1379752969.0625	1236552124.41602	1165202323.46875	1535164667.3125	1318399521.5	1403910771.65625	1113581000.73438	1000855761.49219	1514511179.4375	1867499959.40625	957322027.070313	1413746876.75	1023474196.71875	1463610264.08594
Q9R063	Peroxiredoxin-5, mitochondrial OS=Rattus norvegicus OX=10116 GN=Prdx5 PE=1 SV=1	944690246.375	841016775.671875	847698674.652344	908288569.375	616831573.75	577980895.75	1018966615.25	625011190.5	747617686.625	892038766.5	936784385.5	718570215.0	756861576.625	709415201.5	1458395845.75	1072210571.5	1035303546.875	958667493.25	908753771.5	554747516.25	1185631528.1875	990918878.1875	890731632.25	1351750879.0	691750735.5	1301030242.0	1152744634.6875	842220133.5	1104942274.375	1027666618.75
Q9QXQ0	Alpha-actinin-4 OS=Rattus norvegicus OX=10116 GN=Actn4 PE=1 SV=2	178790220.0	129197167.75	137929537.5625	184854856.9375	182746041.75	255387062.5	198832941.8125	235420231.25	244566706.3125	299218502.125	288780818.75	231063698.25	224000298.3125	224734300.4375	316582668.25	315760420.0	292039507.90625	245263870.75	218015968.5	224661682.625	224553928.8125	249932639.25	166717513.90625	221541943.875	293527293.9375	270244664.875	236605405.25	249067505.4375	225204317.5625	343323143.625
P97536	Cullin-associated NEDD8-dissociated protein 1 OS=Rattus norvegicus OX=10116 GN=Cand1 PE=1 SV=1	721937055.375	675774811.5625	466875556.546875	619557608.5625	482351370.625	353005904.5625	869290594.375	390498873.53125	481275184.75	574986537.1875	761645742.8125	436563498.0625	641901545.5	571579388.875	961253714.4375	821290477.625	693327763.5	787287834.75	642065851.5	414086102.125	1168949726.0	837104402.375	963129365.3125	1092391763.5	569407322.0	1119563743.5	846569401.15625	524058182.75	873141166.75	834823858.5
P61265	Syntaxin-1B OS=Rattus norvegicus OX=10116 GN=Stx1b PE=1 SV=1	178920090.601563	151179296.125	140115457.0	213999481.75	289400523.3125	177887837.308594	576620530.375	231054008.0	397925414.0	300288924.128906	183762026.375	255822283.347656	337074386.5	298787461.375	445710169.15625	388406595.03125	485200788.1875	303562928.25	362463515.291016	351931880.125	440828040.875	374519815.875	283335444.75	515155849.25	391497104.0	448388777.5	263072318.8125	392762274.375	286532125.125	373509270.0
P12346	Serotransferrin OS=Rattus norvegicus OX=10116 GN=Tf PE=1 SV=3	296598877.875	221896573.96875	232788950.4375	260048547.625	270063439.4375	239091864.9375	250176234.699219	242982510.125	303481049.5625	245474330.875	362424029.25	268359512.6875	257086652.125	311772463.875	284731333.375	288025861.875	394130035.328125	274899777.375	258798504.5	237427512.984375	359197144.609375	362818190.1875	262809584.617188	298380039.1875	281565743.9375	361728332.5	346458112.9375	241351806.84375	306412233.0625	322259646.542969
P68136	Actin, alpha skeletal muscle OS=Rattus norvegicus OX=10116 GN=Acta1 PE=1 SV=1	1011392336.53125	912743914.25	794224853.798828	1315163708.6875	1928754329.03906	1144754762.75488	1393470146.0	1260592920.23438	2255554933.84375	1955379263.125	1195158938.5	1391088300.1875	1779201774.0	2884667970.625	1570149800.48828	2226550228.3125	2150489103.26563	1766699518.90625	1936565725.75	1602360875.18945	1707545225.75	2403568534.21875	1394209596.03125	1127420081.0625	2001043420.64453	2762328383.35938	1442684110.74609	2001327749.66406	1386638461.875	2523458143.125
P50137	Transketolase OS=Rattus norvegicus OX=10116 GN=Tkt PE=1 SV=1	278371448.71875	295288365.96875	324000473.828125	310356578.34375	303299464.78125	311591274.6875	339572466.34375	339763828.65625	460161479.25	316780899.75	373724828.625	392840478.8125	333036959.078125	366770605.625	364746456.875	370531336.9375	428756945.875	361983841.0	353552615.9375	351456067.875	433912715.375	430228204.0	313496518.65625	403109059.875	407353339.625	475093980.6875	478694211.15625	401425888.75	389160649.0625	434819956.875
P68035	Actin, alpha cardiac muscle 1 OS=Rattus norvegicus OX=10116 GN=Actc1 PE=2 SV=1	2235900.75	1508589.875	2586790.0	10326424.0	8363986.5	1305460.5	3907156.0	9086329.0	9291698.0	4737390.0		810005.5625		5945293.0	7181874.0			5299926.5		5294596.5	7940695.0	5878396.0	1853432.25			7276386.0		6106019.5		2527079.5
Q5XI78	2-oxoglutarate dehydrogenase complex component E1 OS=Rattus norvegicus OX=10116 GN=Ogdh PE=1 SV=1	582397178.4375	623907193.21875	570078341.6875	541251300.1875	469147699.5	514223845.5	491157037.625	547439141.125	531776751.75	416633091.375	678052236.375	577337494.125	510034918.375	467825562.375	521523630.75	532936827.8125	683245793.8125	561095627.25	551822333.0	583013296.3125	564146225.5625	554478384.25	569692935.875	708146750.6875	600843429.8125	594714742.625	736539260.5625	686156481.875	601412508.375	524254743.125
Q62950	Dihydropyrimidinase-related protein 1 OS=Rattus norvegicus OX=10116 GN=Crmp1 PE=1 SV=1	206947883.125	229020371.765625	274988334.953125	279603203.25	359742816.0	280177710.5625	313920201.125	254070759.0	419161683.25	306349219.1875	274408167.03125	320700189.0	326623257.9375	408341306.5	275712491.125	352864366.5	355657386.875	372363805.0	393022100.5	323138073.125	368668837.34375	366548758.8125	274241074.5	310481466.125	372513334.875	501715255.75	307009868.5	396997359.0	324871289.0625	417554330.0
P32551	Cytochrome b-c1 complex subunit 2, mitochondrial OS=Rattus norvegicus OX=10116 GN=Uqcrc2 PE=1 SV=2	265058520.625	260595665.84375	232207695.328125	256645372.0625	239857280.4375	267556852.0	351634719.339844	324236474.0	340483188.5625	264898325.1875	337252266.8125	316677036.0	291922987.0	332173328.875	320307144.5	329234635.625	358641576.125	297701133.0	294443788.25	256317237.5625	365591821.25	324190579.9375	261376573.1875	358560477.625	392437368.5	420604387.0	360006576.375	389907827.375	348080464.125	359144022.5
O35303	Dynamin-1-like protein OS=Rattus norvegicus OX=10116 GN=Dnm1l PE=1 SV=1	1129164865.1875	893999535.882813	990820815.617188	1013652804.875	758771801.78125	1130848191.90625	1068129409.21094	998540961.296875	1014234881.0	755579018.8125	908942537.921875	1047100072.91406	800540258.023438	829938617.75	1076438941.125	906788931.78125	1044072473.29688	970946504.375	786740670.8125	1043383760.17188	933694951.1875	923257141.0625	790889088.015625	1496899641.6875	930553531.609375	1249271416.25	1322591904.51563	1126227349.875	1171895342.5	1073310684.125
Q9WVC0	Septin-7 OS=Rattus norvegicus OX=10116 GN=Septin7 PE=1 SV=1	145970069.21875	134767018.8125	123322909.78125	174045754.0	243842497.859375	136560308.1875	199085938.4375	164783957.648438	306467518.5	205226840.234375	155389602.375	183821662.4375	251428649.3125	258521941.15625	184855986.632813	247803478.1875	250529532.0	232704630.5	219945589.320313	181865530.6875	271782398.25	278415880.375	200703826.5625	170279184.460938	243610982.859375	356258309.0	183675848.625	282257056.21875	226129814.375	275266589.09375
P62630	Elongation factor 1-alpha 1 OS=Rattus norvegicus OX=10116 GN=Eef1a1 PE=2 SV=1	185670130.75	143503401.375	162560927.0	184019877.25	249530925.0	179094086.25	164798416.5	188057187.0	291242171.5	199057893.0	164651741.25	190506993.75	230240309.5	281354824.5	168007909.0	242506199.5	254206563.0	231469467.5	231564580.0	178996767.5	215238973.5	240292164.0	181789444.0	177636125.75	246900904.5	356293673.0	220562452.75	256672582.0	214378886.5	288464080.0
Q05175	Brain acid soluble protein 1 OS=Rattus norvegicus OX=10116 GN=Basp1 PE=1 SV=2	60504074.7519531	77782137.0166016	67134008.3378906	99024402.2685547	130000481.638672	98871266.1064453	72296255.125	102120673.337891	174834669.144531	109765568.423828	63411524.5859375	96389595.5839844	102638044.589844	160345788.6875	86127811.6015625	130731778.064453	124666037.882813	140573938.867188	151626152.195313	146615873.025391	105519065.458984	106439274.316406	87129635.1601563	71110371.4921875	163593877.566406	153089453.53125	110256523.125	129443885.4375	94513894.2617188	129839627.9375
P97685	Neurofascin OS=Rattus norvegicus OX=10116 GN=Nfasc PE=1 SV=2	257869163.838867	257650998.320313	197257039.546875	261406005.535156	264606153.46875	270727245.34082	421011908.015625	299470450.023438	462226290.75	312492118.75	274537311.890625	291624843.03125	298218975.3125	333034753.453125	385228134.75	371883945.736328	365560158.25	334858223.1875	412951537.246094	285180665.375	403393213.375	374868523.875	316528787.765625	403622125.554688	367631649.875	489558398.9375	392278700.46875	366241736.25	365657193.125	394860464.855469
P25286	V-type proton ATPase 116 kDa subunit a 1 OS=Rattus norvegicus OX=10116 GN=Atp6v0a1 PE=1 SV=1	333874040.207031	394273118.6875	383449730.9375	658530618.5625	440127359.625	341417581.8125	657707717.5	283104319.65625	457075937.03125	637785175.125	430546757.53125	499532934.8125	352938942.75	532142590.125	411202149.1875	541466865.5	989451775.8125	471748315.5	389776678.25	995144196.3125	467143513.392578	447018904.6875	371608432.375	413313855.875	456804692.71875	573401860.21875	444017311.375	470553029.125	661421390.0	457567887.75
P62632	Elongation factor 1-alpha 2 OS=Rattus norvegicus OX=10116 GN=Eef1a2 PE=1 SV=1	189141916.125	168713024.9375	123837760.5	164704682.34375	269869307.25	157420465.125	313064922.0	180931198.25	359314250.8125	278231828.03125	228388735.375	200117725.5	276067905.625	320761945.125	228308965.523438	308447985.375	282918897.875	295817015.875	262299235.75	202264148.4375	357024424.839844	328814898.3125	258728140.96875	256310243.75	341592063.75	331531836.0	223688933.4375	333650928.0	213756349.875	395140233.375
P60203	Myelin proteolipid protein OS=Rattus norvegicus OX=10116 GN=Plp1 PE=1 SV=2	4346539629.63281	3806432230.25	3766329275.09375	4495882835.97461	4247039671.98438	2039051148.53125	17457238101.3125	3757876764.3125	6294986598.73828	10939988242.2305	12704618251.375	4446274684.28516	7504420112.19531	5897279873.0	12563357919.1875	11063394324.8555	13288300952.5	8356499734.375	6916234122.83984	3884298836.78125	17209870774.875	12314477159.543	16678298715.5938	12331261043.3008	7305180931.39063	11742299709.0391	8821457285.56641	11742383845.75	8950417514.17969	10837455391.5078
O88600	Heat shock 70 kDa protein 4 OS=Rattus norvegicus OX=10116 GN=Hspa4 PE=1 SV=1	166456699.0625	154483373.921875	146604291.25	173627937.5625	216660860.34375	172130622.59375	211641176.46875	163147125.34375	261370673.25	262018384.5625	207177063.765625	200893547.109375	251684770.5625	300741372.3125	197442303.90625	278201167.9375	222494188.992188	319129149.53125	248116445.71875	258682388.921875	287618650.25	267497605.4375	240871344.9375	214233407.65625	261684742.1875	283404123.4375	199867449.390625	259370805.78125	193123809.0	270841744.0
Q6P6R2	Dihydrolipoyl dehydrogenase, mitochondrial OS=Rattus norvegicus OX=10116 GN=Dld PE=1 SV=1	281293667.890625	221345402.6875	236393652.078125	239479651.078125	249483554.0625	217142331.351563	362020521.46875	329143470.5625	389524585.5	237620835.5	374366745.25	323624287.25	297477527.375	330409173.5	252812730.625	312553284.15625	364057496.25	270601849.75	308433751.9375	327237550.6875	373028194.75	366005096.0	342394356.25	373175725.875	378454943.9375	491642308.25	442291517.25	326393674.25	377260351.71875	372290911.75
P63012	Ras-related protein Rab-3A OS=Rattus norvegicus OX=10116 GN=Rab3a PE=1 SV=1	72112628.0	44543627.5	54066375.0	87395602.25	120203607.25	79343587.0	80172455.5	65197822.625	128748408.0	122815118.0	71576876.0	65806807.5	101331594.0	150986140.0	79643568.25	105350638.0	87492054.0	107894528.0	106186739.5	87458595.0	102951741.5	111536479.875	68141741.25	65561406.25	122302799.0	141136664.0	68306203.5	129596433.5	81026237.0	125072730.0
Q63537	Synapsin-2 OS=Rattus norvegicus OX=10116 GN=Syn2 PE=1 SV=1	353573857.875	239312110.1875	316223588.265625	322279423.375	429000448.625	334346849.109375	341543140.5625	290035081.4375	527847059.75	406335316.125	315659251.75	278755065.875	415293657.5	709226309.75	251502521.25	463772309.8125	395771457.0	429482390.0	430741744.5	357592509.75	494690126.25	385611736.5	309005915.125	313750760.625	454345934.125	559012604.65625	329886178.25	475066873.125	406553804.375	497614284.1875
D3ZQL7	Tubulin polymerization-promoting protein OS=Rattus norvegicus OX=10116 GN=Tppp PE=1 SV=1	201379993.125	205773585.28125	212292674.5	273153866.59375	354413676.5	226567458.03125	210909757.78125	219621932.5625	342959946.875	213601804.552979	202985463.3125	238618119.664063	276827565.0	286153378.75	225943554.34375	329503323.25	315667798.0625	311750322.4375	285014213.633789	204856753.6875	308376902.5	300322599.6875	226393157.6875	163379820.5	308603030.0625	355288068.03125	278164847.53125	302824252.25	256437419.109375	330263226.6875
P54313	Guanine nucleotide-binding protein G(I)/G(S)/G(T) subunit beta-2 OS=Rattus norvegicus OX=10116 GN=Gnb2 PE=1 SV=4	26909888.875	33598300.625	28909760.0	45591997.25	50440834.75	31357893.5	56012508.5	24515725.0	51443772.5	38869646.0	27813862.75	26270236.0	47417725.0	44510545.0	39669762.0	49114492.0	47473554.0	56055109.5	49454886.0	42905370.0	65805915.5	59334961.5	51883030.5	35442515.0	56866655.0	74582870.0	41082070.75	53929114.0	32686809.0	43776256.0
Q64542	Plasma membrane calcium-transporting ATPase 4 OS=Rattus norvegicus OX=10116 GN=Atp2b4 PE=1 SV=1	1260468244.1875	1099318071.65625	1300935757.28125	830208486.1875	572973422.25	1205775838.5	363909038.3125	1016530963.25	496658552.5	371398932.625	1179360004.0625	1132878250.4375	398841158.5	851754999.75	805736113.105469	565264060.875	354395571.625	733299624.625	693123171.625	478249174.65625	442425932.0	602856251.25	364689335.4375	725556723.75	483014638.0	820433248.5	1416705128.875	494369605.75	969927341.75	609928761.25
P11507	Sarcoplasmic/endoplasmic reticulum calcium ATPase 2 OS=Rattus norvegicus OX=10116 GN=Atp2a2 PE=1 SV=1	333616200.9375	294319103.25	264709283.46875	311602562.5	275519209.875	348490285.875	427795790.625	314111772.9375	358837670.0	327306977.75	393308763.96875	358721217.9375	296972214.3125	382516586.25	360840246.875	349861853.625	406633285.882813	339264869.375	381706038.6875	432113774.796875	366070199.875	359586693.8125	290962119.3125	453277062.875	381961145.875	451249516.09375	348937593.5	392947189.0	340806522.671875	302323210.25
P11730	Calcium/calmodulin-dependent protein kinase type II subunit gamma OS=Rattus norvegicus OX=10116 GN=Camk2g PE=1 SV=1	39561920.875	26262651.25	34638025.625	56831893.0	53419839.0	57169949.25	36638518.984375	21287259.1875	55740216.25	45545185.5	18945997.75	37899032.5	43420887.0	52833120.5	41712586.625	54521383.75	48142784.3125	46573996.75	40126277.25	29075077.25	40551185.375	41862429.0625	34052207.25	36366331.5	63992112.125	66862460.75	33821580.0625	31380752.6875	31766884.25	69645969.0
P62762	Visinin-like protein 1 OS=Rattus norvegicus OX=10116 GN=Vsnl1 PE=1 SV=2	230833324.125	223203562.015625	216626961.3125	259011588.3125	356978044.25	268462420.125	302993698.5	241115708.03125	407871084.25	327693888.5	175644959.796875	295914728.0	331173201.5	327019799.75	232200402.1875	303463583.75	326119291.25	345489981.25	288833228.3125	266269094.0625	319380081.125	346293323.90625	244206509.3125	283907195.8125	402766200.375	524661186.5	267325798.125	360395106.703125	274253712.5625	386278987.0625
P62142	Serine/threonine-protein phosphatase PP1-beta catalytic subunit OS=Rattus norvegicus OX=10116 GN=Ppp1cb PE=1 SV=3	129828767.125	129210579.75	87499568.125	123302241.3125	111127487.125	97959954.375	164666339.375	116658806.0	117081187.375	138706858.75	260003213.8125	123441526.0	106808325.5625	121298211.125	201372369.375	148744782.0	159642939.0	131211704.25	121643509.25	82588410.6875	176351298.75	143860863.375	150222623.5	198156038.875	116291099.375	145483112.625	238050911.875	154519826.25	170279356.625	153114070.875
P04897	Guanine nucleotide-binding protein G(i) subunit alpha-2 OS=Rattus norvegicus OX=10116 GN=Gnai2 PE=1 SV=3	902024554.460938	383120871.828125	724081129.398438	609323010.3125	532639106.6875	502166611.375	472775837.5	539752386.375	597826245.625	522563197.0625	745498000.75	575808027.0	506542952.875	591462562.0	488323603.0625	566147949.875	672879109.0	513566799.375	503258127.625	455988752.890625	534222676.875	571607683.875	428427357.78125	502818017.5	449190310.25	698182707.25	677626699.4375	645050288.0	578055341.0	625267519.75
P07340	Sodium/potassium-transporting ATPase subunit beta-1 OS=Rattus norvegicus OX=10116 GN=Atp1b1 PE=1 SV=1	500851466.4375	450465131.179688	414973767.90625	665920538.25	770806525.125	495905920.4375	1316936068.625	585494667.25	1049216892.25	913749445.0	574394692.15625	630548867.25	861359638.75	933804195.5	860340076.0	966779082.9375	1051808399.3125	841859566.0	892799196.5	712652813.75	1241802767.5	979010337.5	912857888.625	924347995.5	1094783491.375	1231975345.75	642685164.5	981578057.75	755510225.5	1106002528.625
P08009	Glutathione S-transferase Mu 7 OS=Rattus norvegicus OX=10116 GN=Gstm7 PE=1 SV=2	198529709.320313	185077158.367188	181224234.1875	265378118.125	267541380.4375	193060970.648438	286863166.0	218503767.625	379157446.375	297957437.46875	222176240.75	247260136.0	305558505.0	405273911.875	252116726.429688	352334122.125	468679144.5	405655382.875	401997831.5	381301827.5	428387942.125	412086537.78125	363689015.34375	329064818.125	422760098.375	462813736.125	274637281.0	438069517.125	305543943.25	406750879.4375
Q00981	Ubiquitin carboxyl-terminal hydrolase isozyme L1 OS=Rattus norvegicus OX=10116 GN=Uchl1 PE=1 SV=2	288958094.59375	231786474.068359	268573224.628906	305468703.507813	384941866.125	262273935.292969	626948277.6875	312995099.609375	465235092.59375	460216565.171875	375637938.285156	304104338.765625	433067274.6875	489737083.679688	402429671.0625	486272672.148438	533682156.5625	448333316.75	483206318.03125	567589154.25	631813021.28125	570666480.15625	459446350.25	411716074.234375	525710501.1875	540868817.875	365994265.59375	591561776.8125	370275526.828125	531413597.625
Q64541	Sodium/potassium-transporting ATPase subunit alpha-4 OS=Rattus norvegicus OX=10116 GN=Atp1a4 PE=1 SV=1	1651138984.625	1509107124.25	1518016881.4375	1560176163.34375	1356600527.75	1767778478.875	1573385195.875	1594453850.4375	1802418354.0625	1634157600.75	1883406414.5	1626211898.5	1534572341.0	2125192220.875	1320242791.375	1654456775.125	2196283218.75	1966094169.5	1698714210.75	2032395484.375	1913459696.875	1888419377.5	1828024287.375	1818107960.125	1960740310.5	2372173734.0	2223745060.75	2584332615.375	1981414597.75	2145274128.375
Q08163	Adenylyl cyclase-associated protein 1 OS=Rattus norvegicus OX=10116 GN=Cap1 PE=1 SV=3	73771650.0976563	67663243.8125	57684787.4179688	92295004.3125	109810362.9375	85776650.6953125	106302460.9375	106428884.96875	140753990.550781	136079411.75	100036826.789063	120806157.367188	124101820.505859	178898920.25	138936213.429688	154512778.8125	118232095.75	149742906.378906	141826642.816406	130490348.984375	135758970.0	124502448.25	121806609.0625	140455179.125	169631722.9375	179297066.046875	150225569.125	175515847.9375	125681370.875	193480078.828125
P62138	Serine/threonine-protein phosphatase PP1-alpha catalytic subunit OS=Rattus norvegicus OX=10116 GN=Ppp1ca PE=1 SV=1	1327295.0	4656306.75	2796773.25	4929746.0	7610602.0	1881483.375	2946993.75	3828050.5	7734707.0	5095967.5	2657769.75		4627762.5	6583826.5		7201852.5	4866463.0	6704446.0	4652646.5	5102541.0	5726026.0	7408601.0	4753416.5	3494083.75	6728699.5	9650597.0	4196244.5	8122249.0	4387136.0	7583661.0
P07171	Calbindin OS=Rattus norvegicus OX=10116 GN=Calb1 PE=1 SV=2	287559418.835938	186455233.203125	245743279.167969	211865402.484375	185535774.5625	233864738.890625	183710292.890625	213479624.9375	224184603.53125	211235665.484375	189151403.96875	255269618.90625	177268109.125	248199672.625	219258972.492188	261530126.875	178916581.25	220220323.84375	300689135.84375	155263183.84375	234563877.25	206507660.9375	163193185.03125	360668808.375	225313756.96875	273646122.625	299064641.8125	205234687.5	299598943.609375	281628188.09375
Q4QQT4	Serine/threonine-protein phosphatase 2A 65 kDa regulatory subunit A beta isoform OS=Rattus norvegicus OX=10116 GN=Ppp2r1b PE=2 SV=1	388267588.03125	291346948.09375	350544801.71875	354339353.25	266246488.5625	195996603.0	304438008.0	182911795.625	255787512.75	243695740.875	288402450.5	222683664.0	206556325.34375	250688970.75	354011030.5	335139463.4375	280905727.0	254947021.25	265200183.3125	156025582.0	328684414.125	336396200.53125	218142438.125	324723441.875	192428995.25	390339475.25	337644408.25	311898084.15625	340282404.5	312764076.25
P67779	Prohibitin 1 OS=Rattus norvegicus OX=10116 GN=Phb1 PE=1 SV=1	161416556.59375	172824321.5625	140128481.25	183386485.125	174986307.25	229182122.75	260374271.0	253902115.25	236264065.0	226736439.4375	237073861.5	237417822.8125	194379328.75	238174184.0	251717161.0	268532838.3125	248322316.5	222798743.0	265600703.25	156699332.59375	236463335.625	272193102.625	185279127.5	270153664.875	261765429.5	288135033.0	267354978.3125	245281308.5	241838465.25	263632018.5
P35704	Peroxiredoxin-2 OS=Rattus norvegicus OX=10116 GN=Prdx2 PE=1 SV=3	105541808.875	90351005.375	76543607.25	124065688.25	170335853.125	104766847.75	323426520.0	136093734.875	217781057.125	189005706.75	171790256.125	119358744.5	214973818.75	237501711.75	197996224.0	246865338.0	243442562.25	178441309.25	219690190.25	185502222.5	286318775.859375	251203423.25	202198693.5	242465621.75	238954035.0	271246098.0	151533061.75	225865392.5	172076183.625	241244559.0
P63088	Serine/threonine-protein phosphatase PP1-gamma catalytic subunit OS=Rattus norvegicus OX=10116 GN=Ppp1cc PE=1 SV=1	19627058.0	8040297.0	17704178.25	9495115.5	14085765.5	7830671.25	13859713.5	8658477.375	13699454.90625	11753756.5	24718750.375	11795443.5	11978217.0	17662630.75	13630419.5	16917259.375	13828561.125	12610495.875	4103542.1875	12732387.1875	14040619.875	10210797.5	9173381.953125	12712241.78125	13734066.328125	13815740.5	10818566.0	18266189.0	14005277.59375	16101028.625
P21707	Synaptotagmin-1 OS=Rattus norvegicus OX=10116 GN=Syt1 PE=1 SV=3	512805111.875	437302531.53125	462456290.960938	548164917.46875	712758301.353516	601250575.140625	414772678.599609	573287030.25	813616435.007813	665436841.75	535855846.611328	621387313.648438	591565796.0	809532895.1875	554457163.617188	749093782.5	686927770.808594	693092306.75	644703784.09375	452957323.875	615261622.875	642629788.625	448159536.492188	505801250.6875	733112811.28125	902701116.0625	632804573.398438	838186591.0	599407547.146484	786313424.191406
P48037	Annexin A6 OS=Rattus norvegicus OX=10116 GN=Anxa6 PE=1 SV=2	1603899771.96875	1110803454.4375	1442863052.04688	1446464637.75	1514366237.69141	1222579212.58594	1629552065.875	1179714641.07422	1619278751.89063	1813840759.4375	1873319946.1875	1675509447.75	1935503504.5	1697283210.0625	1703087366.9375	1646404459.0	2458631889.9375	2232374264.21875	1412797533.5	1524585904.5	1856933159.1875	1987280246.875	1750426382.875	1721088975.25	1937386035.625	2300722836.94531	1709920583.25	1970308120.75	2081408430.5625	2564055130.125
Q66HA8	Heat shock protein 105 kDa OS=Rattus norvegicus OX=10116 GN=Hsph1 PE=1 SV=1	375566332.929688	265536621.421875	427680102.9375	365931984.875	380913096.625	275367394.90625	341725321.609375	315919773.421875	386946329.625	341429613.125	451232741.71875	366673446.890625	347141434.5	438007979.09375	471990259.5	492621001.875	442613403.375	393099701.140625	358473648.71875	331266253.828125	521456538.625	419662438.875	335717148.9375	551648702.5	371769706.337891	606791592.3125	443310111.65625	418697992.78125	459162581.0	434996829.5
P08413	Calcium/calmodulin-dependent protein kinase type II subunit beta OS=Rattus norvegicus OX=10116 GN=Camk2b PE=1 SV=1	212465275.109375	148154232.125	157541371.945313	134556354.5	161419942.835938	159602994.59375	66686168.25	160040134.621094	143002338.359375	127298188.546875	122736395.25	171161720.625	132991405.636719	194150585.1875	143475703.96875	174191136.328125	146214351.25	162034954.171875	110135628.210938	101855027.75	118097149.25	138546470.3125	102142437.75	114029604.25	149914645.25	196616921.65625	195379986.0	129739672.25	141323372.875	167151549.0
P84079	ADP-ribosylation factor 1 OS=Rattus norvegicus OX=10116 GN=Arf1 PE=1 SV=2	55525516.75	40187461.25	45554568.125	63792332.5	91345365.0	44665025.75	61680542.0	51752038.75	106233438.25	85476641.0	46138195.75	57701638.75	76561392.0	100589752.25	63152285.0	95850412.25	84640816.0	90216382.75	100262678.75	73067392.5	85902048.25	102918983.5	75617017.5	52862730.5	109626164.5	113938288.0	56759203.5	82489546.25	66852200.25	110759548.0
P52303	AP-1 complex subunit beta-1 OS=Rattus norvegicus OX=10116 GN=Ap1b1 PE=1 SV=1	560813999.1875	371082316.8125	447825475.875	510169270.3125	355393083.9375	715938775.5625	785643950.3125	654974592.5625	818224145.75	546599918.078125	1791290975.49219	865504392.5	608811888.375	432412915.625	1035750185.25	683422870.296875	1117000673.9375	713886559.734375	332666113.617188	599496508.75	689668737.875	565725863.0	539607395.5	852710409.625	893915075.8125	589454290.75	963282641.0	857595670.8125	634706070.625	712480517.9375
P62738	Actin, aortic smooth muscle OS=Rattus norvegicus OX=10116 GN=Acta2 PE=2 SV=1	29653655.75	34380787.25	27895690.5	32798915.0	26722361.75	31164812.625	380712.25	31282884.125	26741446.75	23817423.0	32876360.4375	40946674.125	19002594.5	27462640.0	20983951.875	23330143.5	33362444.0	26300088.0	28224433.5	17768538.0	20956460.0	22284376.5	1491346.125	14977106.53125	21466881.375	26084771.25	38413942.5	33219574.0	31968506.5	17215115.5
P24942	Excitatory amino acid transporter 1 OS=Rattus norvegicus OX=10116 GN=Slc1a3 PE=1 SV=2	210571939.4375	240523687.84375	199910101.807617	265098238.0625	330690349.5	270057084.171875	262582989.6875	238996445.625	374208677.4375	322956994.0	210120206.4375	250993705.25	275167695.875	395029863.0	260902174.734375	335200850.8125	305308933.4375	298830792.25	387021982.9375	236474714.1875	321011321.8125	339318814.875	244155982.375	355404562.375	397421278.875	471558432.125	296595261.5	309307451.6875	292873368.6875	410848200.0
P97700	Mitochondrial 2-oxoglutarate/malate carrier protein OS=Rattus norvegicus OX=10116 GN=Slc25a11 PE=1 SV=3	298796517.179688	228259272.3125	245670108.8125	299939468.90625	524312937.84375	241528742.4375	389302043.6875	260442719.007813	414133810.625	438402987.875	290726819.3125	270317749.642578	352937168.371094	421878601.9375	330526032.40625	535820985.875	597939980.25	498142671.0625	476259378.09375	359455944.875	621197494.953125	595785801.980469	548825072.625	357289625.53125	422065027.074219	489860145.783203	284636028.0625	619690359.25	326740171.4375	599415220.75
P63045	Vesicle-associated membrane protein 2 OS=Rattus norvegicus OX=10116 GN=Vamp2 PE=1 SV=2	51212445.375	83551148.75	98374782.25	136358094.25	108574250.625	142173429.5	54505867.0	115083884.5	116125210.0	44121872.5	56988125.25	109039888.25	84146059.625	110034480.125	34546029.0	81836029.5	72566085.25	107319922.0	149215749.625	69279651.5	105654468.5	36185146.5	46054290.25	63112893.5	155257200.625	106756199.75	87444811.75	71804239.5	131181190.25	86870272.5
P10824	Guanine nucleotide-binding protein G(i) subunit alpha-1 OS=Rattus norvegicus OX=10116 GN=Gnai1 PE=1 SV=3	24848692.0625	24284794.25	18865695.625	31228777.375	30960368.75	28674640.8125	25391435.875	33721831.0	39422668.75	45295424.5	33459809.375	33427297.875	33145471.375	45717841.5	33699364.875	42124227.75	40119755.75	41090027.0	41271890.75	22593462.75	33351164.25	49110899.5	28551997.25	32618402.9375	34332614.0	52909908.25	44494847.625	36590082.0	30309998.375	50419202.75
Q8CFN2	Cell division control protein 42 homolog OS=Rattus norvegicus OX=10116 GN=Cdc42 PE=1 SV=2	74713730.0	75384912.6875	63875920.5625	115814474.65625	136128221.960938	81403557.28125	120788721.75	83125532.84375	232316674.375	135460115.8125	86074576.5	88570501.6875	127175006.125	136106052.910156	132742228.625	163271815.75	145528552.625	125548026.75	149644186.0	118111371.748047	148596353.375	157807639.125	107902360.75	113519588.25	136073592.8125	192660565.0	108703065.0	140130096.09375	115852968.375	163435947.0
P13264	Glutaminase kidney isoform, mitochondrial OS=Rattus norvegicus OX=10116 GN=Gls PE=1 SV=2	131609067.875	88428321.046875	109702766.578125	121881945.9375	222785573.976563	144134044.515625	142612320.097656	129581479.984375	248537668.75	234358046.71875	151295764.703125	180130700.90625	209228529.875	272121656.96875	144165280.90625	233828147.625	249638090.6875	237817422.265625	168283205.640625	174761522.25	212440378.519531	246047515.40625	180434574.15625	160760058.625	234337808.375	298255155.5625	146900528.78125	239921545.765625	147144925.15625	270718446.3125
Q920L2	Succinate dehydrogenase [ubiquinone] flavoprotein subunit, mitochondrial OS=Rattus norvegicus OX=10116 GN=Sdha PE=1 SV=1	303938561.75	232526319.53125	249583280.96875	270646093.734375	276098398.75	224474878.25	312395895.875	189488256.4375	307234587.25	234022431.5	256503534.25	197206387.0	231456344.125	220495015.5	205456217.125	282082100.375	348436408.9375	282410933.0	257626517.5	194248033.359375	357725590.375	308536765.0	292426221.96875	330914291.125	256361171.125	373719181.3125	280461084.25	290969644.5625	245250159.625	299151320.125
Q8VBU2	Protein NDRG2 OS=Rattus norvegicus OX=10116 GN=Ndrg2 PE=1 SV=1	125912091.25	123769350.25	153343491.5625	203717263.625	265231793.75	143545969.125	286963152.25	122142967.125	347679937.0	210474407.0	137930287.125	174459689.625	224653039.5	303546318.75	174395801.0	268214485.5	270047953.5	281566328.75	223771386.25	228852468.03125	345128774.0	292577054.0	193739377.5	363692312.5	292821290.5	366782445.0	203369355.125	241030277.25	294296953.625	266740968.0
P15791	Calcium/calmodulin-dependent protein kinase type II subunit delta OS=Rattus norvegicus OX=10116 GN=Camk2d PE=1 SV=1	37257410.75	22460453.75	53434887.75	20056663.625	15441871.859375	13841748.0	10550291.75	13199947.625	13064723.65625	10846693.9375	18682211.5	19031712.625	11007516.6875	12691839.4609375	23859766.75	13754416.9453125	11603293.25	13402754.0	14496543.25	10691333.46875	13777712.0	11039598.625	7556780.875	25100062.25	6901139.71875	16383847.625	26929290.4375	11551272.96875	24828666.75	15825701.96875
P63329	Protein phosphatase 3 catalytic subunit alpha OS=Rattus norvegicus OX=10116 GN=Ppp3ca PE=1 SV=1	253641215.59375	218148032.0625	204675426.25	262955775.375	249993394.65625	357349804.375	154354572.6875	296854457.75	327510199.25	321203589.625	768072711.5625	346578611.125	261926547.625	498697488.5625	307603767.3125	366064365.4375	348073476.125	295912941.625	239868705.375	277882807.648438	264580569.6875	355490653.34375	221340365.4375	250103969.5	352265239.3125	379867064.75	373850083.375	427974406.3125	284189270.125	339920575.75
P01830	Thy-1 membrane glycoprotein OS=Rattus norvegicus OX=10116 GN=Thy1 PE=1 SV=1	161791648.1875	170918341.78125	110450154.15625	233602738.9375	296934129.125	227274390.5	341939336.25	240922156.8125	409742460.0	338804945.5	260834672.75	240003267.5625	310635562.3125	373585623.0	229505447.5	371349756.25	426370750.59375	307261515.25	289792245.875	269056757.125	330779414.875	382297659.875	309750564.125	198274147.5	407755512.375	475711368.5	265844769.34375	439494492.84375	243047856.4375	428926049.75
Q05140	Clathrin coat assembly protein AP180 OS=Rattus norvegicus OX=10116 GN=Snap91 PE=1 SV=1	431368374.125	272157915.65625	321185328.34375	559866517.125	497790555.75	349058639.359375	559344647.75	341396773.25	553278943.25	578639001.5625	374171624.96875	389853644.0	560971918.796875	620394029.0	544677309.25	596804293.625	678807584.15625	593160309.75	477737999.0	517825266.25	655660680.328125	707750354.125	632058652.8125	474962743.75	652917558.5	703110063.75	466514078.625	618948441.25	471945797.75	716908989.75
P37377	Alpha-synuclein OS=Rattus norvegicus OX=10116 GN=Snca PE=1 SV=1	69871264.109375	69063798.71875	90568279.0742188	134238576.625	152841153.34375	153177724.8125	54340604.4375	109326538.125	182070773.1875	93550283.0	69465115.625	114580932.5	119285378.75	199107422.875	78989337.71875	142783858.5	132494261.375	156626801.875	128193659.5	135627795.75	100165577.75	121334809.75	85434180.84375	78600309.6875	166533157.5	193317654.125	142498461.25	172645699.75	126852083.53125	153011731.6875
P55063	Heat shock 70 kDa protein 1-like OS=Rattus norvegicus OX=10116 GN=Hspa1l PE=2 SV=2	44425335.0	41643133.0	50590267.0859375	58289874.25	63109566.625	61682662.375	54168201.1875	50189317.78125	65589215.75	63471494.125	66441543.25	73481865.59375	75391597.875	86105943.5	68763110.4375	68512509.3125	83456577.40625	70045685.375	68817568.5	51069558.25	45005037.6875	32208757.625	86690560.8125	61388388.6875	69164311.625	70688535.0	77010790.375	75350898.75	71321540.375	25627597.375
P63100	Calcineurin subunit B type 1 OS=Rattus norvegicus OX=10116 GN=Ppp3r1 PE=1 SV=2	37405090.6875	33666422.359375	44654254.34375	45928561.0	78035241.8125	46397250.75	31841789.8125	36296966.375	86253666.5625	112482479.625	33089991.875	44475580.125	72431374.75	195953389.25	74015340.5	108316034.0	95811613.4560547	89538961.5	60712818.625	111755661.625	81017371.0	128578505.9375	95623690.6875	35023522.875	178429172.8125	131357066.25	40780156.375	154645025.28125	62556867.875	95745047.9375
P61589	Transforming protein RhoA OS=Rattus norvegicus OX=10116 GN=Rhoa PE=1 SV=1	86406302.0	63457287.875	58611782.9375	84169338.75	110950969.5	41211338.140625	78032149.0	69201282.0	123451708.625	112958579.375	71861034.25	100469989.25	102671389.25	124412990.5	84052600.875	121107070.0	85851124.0	114528798.5	91422236.0	81736241.5	114098810.25	123052019.5	86635254.625	80296019.0	115995513.875	170897863.5	97908129.3125	106734514.75	96620105.375	137375085.75
P62747	Rho-related GTP-binding protein RhoB OS=Rattus norvegicus OX=10116 GN=Rhob PE=1 SV=1	119618391.085938	94597572.75	92404258.8125	131605515.625	161787960.5	91521052.25	137500946.125	102664755.0	164659456.5	156208931.5	134926641.0	115612488.125	122947743.875	165729896.25	153166329.0	138360963.0	151942086.625	128457440.5	157808464.25	111077044.0	149251307.5	161628821.0	115260015.1875	129777178.75	128464284.375	203721021.25	139364191.0	153676795.125	124854113.5	150103826.5
P49432	Pyruvate dehydrogenase E1 component subunit beta, mitochondrial OS=Rattus norvegicus OX=10116 GN=Pdhb PE=1 SV=2	213442910.5	163025260.625	182769638.125	195323425.375	223292983.75	197225655.1875	286364544.875	213679132.125	320221780.3125	214535681.5	300848275.25	226330304.75	232972237.0	290318711.5	237427181.1875	284804641.5	256427759.75	266002383.625	231253576.25	220614790.125	313414331.875	233655069.75	210253113.75	309687382.0	321498941.3125	322853297.375	263442055.75	261142304.25	266604816.0	303043307.375
O88767	Parkinson disease protein 7 homolog OS=Rattus norvegicus OX=10116 GN=Park7 PE=1 SV=1	101078079.9375	108788664.921875	81712115.5	107419846.6875	141891657.25	136087141.53125	171744460.0	133389283.65625	210676482.625	172729686.875	164459669.4375	136579747.0	186148785.75	214851899.875	209453682.25	200441889.75	249585381.75	200384658.25	206063520.625	219161215.25	302797162.0	223126827.25	181931680.875	238741048.0	216997925.125	239432224.625	115116984.75	219282634.75	165820714.25	220482893.5
P61980	Heterogeneous nuclear ribonucleoprotein K OS=Rattus norvegicus OX=10116 GN=Hnrnpk PE=1 SV=1	3338814333.9375	1578398491.48438	2322451129.28223	1714715741.64844	1496685235.125	1584931300.35938	1102437034.5625	1128362056.74609	1557986231.66016	1431752141.69922	1750441478.28125	1637626283.79688	1541100911.1875	1628447301.8125	1538471689.96875	1693034261.75	1845344877.625	1884197939.375	1446251417.90625	1060039952.5	1643529463.71875	1622673564.60938	1292655833.75	1447353033.625	1518003521.625	2075055751.01367	2059468105.375	1452240357.67188	1864417450.14063	1931433800.0625
Q5U318	Astrocytic phosphoprotein PEA-15 OS=Rattus norvegicus OX=10116 GN=Pea15 PE=1 SV=1	105386635.75	46853597.21875	71957091.75	103333288.4375	201405872.5	57273660.15625	111868607.25	52802368.34375	179821250.75	162751090.4375	62140576.71875	79834111.25	129571326.8125	178995695.375	102326914.1875	165080526.625	140497279.1875	153193599.625	153829114.875	130905636.5	176440628.75	153580138.875	122799112.25	117195059.0	136838661.125	201965144.25	71480809.375	134636067.875	93379218.875	197208819.75
O35814	Stress-induced-phosphoprotein 1 OS=Rattus norvegicus OX=10116 GN=Stip1 PE=1 SV=1	219944962.3125	238455753.625	204153198.570313	225206196.375	184395538.375	226776359.6875	206153704.8125	232179561.75	232723052.1875	244491449.875	212077212.625	216734577.5625	186343121.59375	192135389.25	217760903.875	334809442.53125	239998682.359375	226631529.359375	230330608.40625	206996752.5625	331418576.703125	317208854.90625	208137153.25	265380261.0	331588576.25	305900996.125	274540025.375	278250768.625	270133260.875	276803062.75
P09812	Glycogen phosphorylase, muscle form OS=Rattus norvegicus OX=10116 GN=Pygm PE=1 SV=5	685848070.085938	425096882.632813	594462885.835938	559563807.953125	587161218.470215	446760853.664063	619811531.550781	384100037.457031	760246971.09375	804994390.9375	667612178.0	497583116.59375	752536706.9375	680949620.15625	772232430.085938	803749215.3125	739935906.664063	876427004.359375	505893857.25	631648628.0625	1158302893.33594	712288683.578125	782747750.125	891581765.46875	826610749.222656	932102245.214844	678819508.195313	643883961.25	698289262.65625	974827451.4375
P47858	ATP-dependent 6-phosphofructokinase, muscle type OS=Rattus norvegicus OX=10116 GN=Pfkm PE=1 SV=3	1038908377.25	621954047.5625	803418893.265625	913693263.4375	1286831313.6875	749125190.125	1734569181.25	731229100.0625	1576086468.75	1730015094.53125	1180996799.34375	986238745.125	1800895730.125	1803471859.25	1178123063.0	1657402988.0	2319827820.5	1756866619.75	669993510.75	1333194689.875	1936408241.25	1995723934.1875	2361382739.375	1361422984.75	2089150691.75	2098219340.75	1264796003.375	2383914235.875	1355722643.25	2004181913.5
Q9WTT6	Guanine deaminase OS=Rattus norvegicus OX=10116 GN=Gda PE=1 SV=1	490660232.5	399428291.5625	459195062.976563	769997533.46875	588637194.625	424617999.9375	1044296467.625	426189404.796875	928712339.75	592638396.09375	523597939.25	451818874.5625	721510834.0	710656434.25	643805274.75	739101695.671875	1120358603.0625	876253888.375	649600219.40625	687677665.609375	1202415457.25	694221317.1875	798622578.125	834486413.75	697549408.125	897305720.375	682863752.3125	855739092.875	741936367.75	889954055.339844
Q63941	Ras-related protein Rab-3B OS=Rattus norvegicus OX=10116 GN=Rab3b PE=1 SV=2	35260901.875	28799565.296875	24254515.8125	42114507.75	75049539.25	40587842.8125	33689466.890625	33652323.8125	71295173.75	57995124.5	30974710.53125	48632217.25	50817222.125	77604466.5	29583353.625	55766964.5	41522691.875	55836258.0	55416265.5	51929054.875	47044536.375	53496116.125	36452233.375	32450304.375	64668652.5	77787258.75	36212960.4375	62048503.0625	49369283.0	68445077.25
P48721	Stress-70 protein, mitochondrial OS=Rattus norvegicus OX=10116 GN=Hspa9 PE=1 SV=3	593851721.765625	413516233.34375	588910976.925781	587839768.8125	817385521.25	445232714.34375	576435778.710938	409107507.84375	901028216.0	743863433.71875	428477550.21875	583536818.875	677854627.8125	753141815.5	640375201.859375	870187387.242188	768571991.9375	768086845.625	719938272.3125	699454943.9375	799947823.5625	774981694.09375	626043091.9375	681960964.75	770057934.875	1034406531.40625	582581792.703125	812962442.546875	674567908.0625	967462166.65625
P63319	Protein kinase C gamma type OS=Rattus norvegicus OX=10116 GN=Prkcg PE=1 SV=1	70366973.015625	42192066.5	54206757.0625	60755846.796875	61070776.375	50382614.09375	66623447.75	55922134.71875	81713798.5625	98496767.25	86448029.25	54439663.578125	76295246.6875	121351116.125	75748835.0625	92929610.125	86938268.5	67333274.5	77161413.125	50959131.625	80275917.75	91140708.125	89803968.125	100672943.5	106985821.625	92019558.75	60769923.375	125914217.125	79675269.1875	107528129.625
Q63942	GTP-binding protein Rab-3D OS=Rattus norvegicus OX=10116 GN=Rab3d PE=1 SV=2				4300215.0		4806687.0	5801285.5			5314812.0	8902136.0	6953564.0	8174051.5	8362596.5	9268322.0	3574150.0	8182542.0	9730878.0	4124041.25	7276748.0	7547036.0	8856234.0	5450474.5		7909671.5	11126879.0	8009331.0	8029543.5		
P84083	ADP-ribosylation factor 5 OS=Rattus norvegicus OX=10116 GN=Arf5 PE=1 SV=2	114777564.5	94898292.75	111436216.375	127136540.625	199533707.5	126388790.0	143786625.875	125173383.0	239435733.125	154234712.75	124067619.625	147359672.5	172739307.25	232513897.0	120219869.625	215011189.0	188422404.375	188805854.0	170854987.0	110031617.125	192971062.0	209929680.5	150340676.8125	113748236.5	187215805.375	278439385.875	160148896.5	206957706.0	158006383.5	246596269.625
P07825	Synaptophysin OS=Rattus norvegicus OX=10116 GN=Syp PE=1 SV=1	142469157.3125	106766459.09375	104779063.625	159302344.0	252343131.1875	132708485.5	220541557.75	144573874.6875	288283456.0	199157589.5	154380454.9375	152922705.0	203541728.25	312903769.5	191534132.53125	234920508.53125	205020399.25	253362364.0	227762583.6875	202619178.710938	226142006.25	241899009.0	189683600.75	141256683.3125	265201147.539063	292158251.625	163427304.6875	250777623.5	169475740.75	226394737.5
O08839	Myc box-dependent-interacting protein 1 OS=Rattus norvegicus OX=10116 GN=Bin1 PE=1 SV=1	569841091.484375	492700034.8125	459797474.4375	513138821.25	448385953.9375	655702593.8125	548629891.25	616421795.0	551150298.375	568211577.75	708271394.515625	604519030.25	530006883.0	644337431.0	659076880.75	616201425.5	709777840.75	574766148.25	631801183.5	771429195.375	381885735.0	774508008.125	636230741.25	680155672.25	721234748.5	732653395.875	761939285.25	735133713.648438	578394824.21875	731380436.625
P16036	Solute carrier family 25 member 3 OS=Rattus norvegicus OX=10116 GN=Slc25a3 PE=1 SV=1	263311934.46875	245661651.21875	275129445.125	404967490.9375	557366734.375	343362000.703125	575482232.9375	331794964.5	612141923.125	544205630.875	322814528.5	397846466.9375	475318563.625	632117936.0	443533741.4375	568583010.375	532858880.6875	523454125.875	497382958.0	227885593.96875	549857833.875	511908319.6875	374971005.78125	489090697.0	501444075.75	700010000.25	408195128.25	503538736.875	445163477.0	665364661.25
P27139	Carbonic anhydrase 2 OS=Rattus norvegicus OX=10116 GN=Ca2 PE=1 SV=2	51544386.203125	38629577.921875	47455568.546875	79846577.375	120318835.0	46743615.84375	131038050.375	52397146.625	148290163.5625	118466228.25	61970009.375	71224009.5625	136490441.75	159624928.625	129156709.625	135307366.25	174259668.75	135540889.75	107813742.75	192656529.5	155479070.75	198337046.375	124881767.34375	86852941.875	141931596.625	196461030.0	62397468.125	149478239.96875	78858595.4375	159825229.9375
P37805	Transgelin-3 OS=Rattus norvegicus OX=10116 GN=Tagln3 PE=1 SV=2	329542906.625	275070412.46875	253165396.947266	321896145.8125	386910487.625	310925892.9375	310347244.6875	289102630.28125	456459061.625	322996181.875	344381762.625	318075891.4375	365135742.75	447068935.75	286329884.875	392988889.875	411898546.75	399170428.25	313244827.75	290374346.75	400886932.28125	443174014.875	327928197.125	317079950.0	471647214.375	598322021.125	418003498.25	440383116.75	344461517.375	454778410.25
Q9JLT0	Myosin-10 OS=Rattus norvegicus OX=10116 GN=Myh10 PE=1 SV=1	1883128769.42969	1617473059.54297	1476020149.875	1618203860.875	1493737365.84375	1361775059.09375	1671835678.625	1808250847.59375	1760129129.25	1420741524.73438	2011573114.9375	1744285312.4375	1632671834.4375	1794271339.25	1517729283.84375	1854172801.0	1945226233.375	2137905920.875	1580953972.0	1935805246.5	1739704350.21875	1521353067.6875	1193471310.21875	2246694860.3125	1861231936.5	2403764213.5625	2315735873.07813	1561952405.375	2028701389.8125	1509102177.0
P48768	Sodium/calcium exchanger 2 OS=Rattus norvegicus OX=10116 GN=Slc8a2 PE=1 SV=1	67491997.375	61877181.5625	59071779.5	95291683.25	123652150.375	52650640.1875	150579087.9375	88392158.9375	221585976.625	152311419.125	84218163.9375	101397232.375	158429629.5	167452750.25	100335339.125	160394351.75	187124776.5	168423912.5	66995377.625	177766122.0	156077033.5	174871897.75	136091411.125	96949495.5625	161028083.71875	201981434.5	109207603.5	192750057.375	112731595.0	173367467.25
P84082	ADP-ribosylation factor 2 OS=Rattus norvegicus OX=10116 GN=Arf2 PE=2 SV=1	22924192.5	22409234.0625	29451523.625	31931172.25	32477771.0	55750983.5	48486712.0	34860174.25	81086664.5	82683523.75	28411576.875	46154253.0	49382901.5	71345064.875	57269839.25	83044866.0	46688552.0	49437735.125	74931813.0	37189174.875	41948787.0	56903421.75	37594505.125	25793702.25	70028994.25	67173380.0	39414333.25	95986299.5	45314416.5	85454929.0
Q99NA5	Isocitrate dehydrogenase [NAD] subunit alpha, mitochondrial OS=Rattus norvegicus OX=10116 GN=Idh3a PE=1 SV=1	140419751.5	101157925.5	111352764.625	143157261.4375	275029282.125	96463559.625	330555176.25	155140177.125	362700396.75	185298977.0	118335884.25	142799567.75	302531936.757813	306165113.875	244248670.375	251030301.75	304443407.25	332063500.03125	198152564.0	152991970.625	302074450.6875	313685455.25	301955511.125	305041810.25	312108027.375	403157553.0	160481141.375	265168839.5	175215434.875	274408343.0
P10687	1-phosphatidylinositol 4,5-bisphosphate phosphodiesterase beta-1 OS=Rattus norvegicus OX=10116 GN=Plcb1 PE=1 SV=1	489105302.131836	298409864.1875	374165913.117188	408647686.859375	369172198.34375	320615627.125	429231564.0625	292094745.59375	516178254.375	376754000.5625	327274209.1875	340483379.375	387917134.6875	397727752.625	421908734.0625	511900415.0	468285693.132813	460793140.501953	408864940.339844	341954835.108887	449300879.3125	490972643.125	358264235.9375	445555907.5625	434570375.5	623568312.65625	424789051.75	511226127.78125	441359479.75	541616114.75
Q561S0	NADH dehydrogenase [ubiquinone] 1 alpha subcomplex subunit 10, mitochondrial OS=Rattus norvegicus OX=10116 GN=Ndufa10 PE=1 SV=1	105718267.125	91541864.625	88710662.0	104878754.953125	124712738.375	140198080.3125	142115501.5	146497706.75	144241320.0	141437507.5	190357636.875	144736209.25	125447356.125	136066108.0	149595583.25	150517946.25	144742728.5	135630887.0	108600519.125	117632882.75	136080542.0	136760499.75	103671915.875	145146615.5	164066878.25	164248559.0	132691514.4375	142350057.5	118029950.3125	173783199.125
O35179	Endophilin-A1 OS=Rattus norvegicus OX=10116 GN=Sh3gl2 PE=1 SV=2	789851062.085938	634874179.4375	698255622.625	705439416.25	579909678.125	640621117.25	511348137.375	503427483.3125	702150495.625	525904931.9375	607967256.25	636000196.75	552173223.78125	724674645.625	670771723.75	681721575.375	643817268.875	637685434.0	569415998.0	694543753.546875	596563305.0	616873725.25	488903778.0	600749921.9375	561363273.875	743794494.0625	657435201.5	646888481.296875	684770059.25	705544107.375
B0BND0	Glycerophosphocholine cholinephosphodiesterase ENPP6 OS=Rattus norvegicus OX=10116 GN=Enpp6 PE=1 SV=1	186411916.0	193696561.5625	109153281.375	187043050.375	162822786.75	176609100.625	283640430.625	224273830.5	208708751.375	242015210.0	372312741.75	223004653.5625	195021085.25	217304347.125	280707414.75	264791805.0	346179776.0	247974552.125	210387390.625	243976836.5	289175618.75	281101878.75	325567860.75	262631216.625	235622408.5	338408475.5	347264402.75	334317502.625	274563637.5	295833844.75
Q794F9	Amino acid transporter heavy chain SLC3A2 OS=Rattus norvegicus OX=10116 GN=Slc3a2 PE=1 SV=1	322460735.4375	221995630.625	258096586.8125	256103592.0	244574779.375	155528447.125	321499494.25	209853231.8125	338279140.113281	198946679.875	218851698.8125	265477855.96875	329305602.1875	330376235.3125	308721278.828125	350978327.375	343107336.6875	351927761.875	321497899.375	334990090.0	409561973.5625	320069111.09375	278794509.0	422749801.1875	293888064.0625	381391512.375	294370264.625	318137603.5	330705854.25	367447200.625
P31399	ATP synthase subunit d, mitochondrial OS=Rattus norvegicus OX=10116 GN=Atp5pd PE=1 SV=3	33900606.59375	33367231.375	9797035.5	48948758.75	65718644.46875	39498463.96875	146552885.8125	51526109.125	126853014.625	87890280.625	41868943.3125	48590239.375	85843796.4375	123261735.0	76205914.75	111136535.1875	97987155.5	86350662.875	96252944.59375	29878619.5	127618582.90625	98498263.6875	109391060.5	107823655.6875	125303010.75	121552413.5	49755821.625	116136399.3125	78807831.5625	122398586.625
Q6PCU2	V-type proton ATPase subunit E 1 OS=Rattus norvegicus OX=10116 GN=Atp6v1e1 PE=1 SV=1	92338215.5	73833328.6875	91129032.6015625	108196701.375	156185405.25	113206452.53125	159619499.3125	114900273.75	173883252.625	165422536.1875	104739415.5	124624441.75	143074933.375	188475671.125	168339464.125	203928143.8125	195753115.1875	170660649.1875	183691516.75	154444431.859375	192369560.625	192522435.0625	138026951.5625	123694457.5	168934501.8125	214277235.78125	129471766.4375	204846157.875	148646110.375	178739679.125
P01048	T-kininogen 1 OS=Rattus norvegicus OX=10116 GN=Map1 PE=1 SV=2	58677778.09375	58656599.4375	32976484.1328125	69764422.5234375	67493906.7470703	44666397.421875	148289868.442383	76451445.0957031	58693407.1767578	123077904.591797	78406651.8017578	62558836.4238281	71274188.40625	68054346.125	132212087.761719	106919756.433594	86477166.5996094	86637429.828125	128732048.905273	79807813.625	177165273.0	104499787.558594	161246084.902344	193390607.75	65158334.2480469	124987895.710938	80863897.0644531	135721984.756836	103344026.779297	115535643.296875
Q05982	Nucleoside diphosphate kinase A OS=Rattus norvegicus OX=10116 GN=Nme1 PE=1 SV=1	31348306.5	35874326.125	30415537.5	58111304.375	85296380.875	42699419.5	70460622.5	45871419.25	99505858.0	59868393.75	45774856.75	44972013.0	69972260.25	73604240.25	58200436.25	80583009.0	85463155.0	77343348.5	69861550.25	113961087.0	80880068.0	87424654.75	63901310.0	53756284.75	84412890.0	121846101.0	52416026.75	92385292.5	59774059.5	79501484.5
P0DMW0	Heat shock 70 kDa protein 1A OS=Rattus norvegicus OX=10116 GN=Hspa1a PE=1 SV=1	295665638.0	162975971.375	249726857.75	244600500.5	301714185.5	108218177.0	190398255.0	196435570.5	394792123.0	341215700.25	202997573.625	275465223.0	362715515.0	417212967.0	275013058.5	359754398.0	299898815.5	375850623.5	291614096.0	259536582.0	360399185.0	358388130.5	288147805.5	280879834.5	348117142.5	450603556.5	297731013.0	284564120.0	301275987.0	455103774.5
P81155	Voltage-dependent anion-selective channel protein 2 OS=Rattus norvegicus OX=10116 GN=Vdac2 PE=1 SV=2	156904325.75	129421393.03125	112885888.375	181253940.625	249976394.4375	164937998.5	371171688.0	163739032.984375	359718823.875	250259586.625	163403211.679688	190246956.375	303734555.875	333146685.5	240313156.25	309899027.0	312238045.375	292281690.75	299279438.75	87421848.0	383326424.75	300865704.125	278433481.3125	289819208.75	373569823.875	412863642.375	168517980.21875	324390314.0	234675753.8125	339169164.375
P05712	Ras-related protein Rab-2A OS=Rattus norvegicus OX=10116 GN=Rab2a PE=2 SV=1	103810644.21875	114009564.140625	107330538.8125	142898840.5625	175676669.375	120125678.351563	190847853.375	116158041.625	202611437.75	162444344.0	136814774.375	129918119.59375	165152711.058594	213492712.625	154764725.5	169210777.25	201494486.5	171882047.980469	162515108.0	149628938.90625	212874515.5625	182655281.8125	187227544.0	227643404.375	190923704.0	230191085.3125	150386743.375	203903197.179688	168409253.359375	199298355.78125
Q63092	CaM kinase-like vesicle-associated protein OS=Rattus norvegicus OX=10116 GN=Camkv PE=1 SV=1	281131589.375	319046175.859375	33750922.0625	125041820.53125	77376024.875	208312431.375	87542330.1484375	59138468.984375	86702143.75	78832134.75	211184832.96875	196684026.5	94381752.875	100791058.3125	103549925.6875	133090222.3125	134975783.75	66515556.375	147069393.699219	49521533.5371094	132928529.40625	152367692.25	80774475.5	114544387.75	158307369.6875	181423505.015625	324870367.867188	173473668.703125	120570143.828125	95461186.0625
Q9JJM9	Septin-5 OS=Rattus norvegicus OX=10116 GN=Septin5 PE=1 SV=2	32203881.09375	21817051.125	23677505.3125	42917765.5625	95420347.8125	33579084.125	26757928.75	32416088.0	94559478.625	52737904.5	34597018.125	39599222.4375	56836385.375	58540021.5	30441453.125	111874503.625	52610273.375	56789326.5625	53049081.90625	41089580.75	54435749.625	69734880.25	47470550.875	18989905.75	49399325.25	81705940.0	32319437.25	69727920.5	48701319.6875	110569859.0
Q63228	Glia maturation factor beta OS=Rattus norvegicus OX=10116 GN=Gmfb PE=1 SV=2	614718092.75	275332479.75	394758059.0	336356552.0	340218906.25	301357530.75	188079560.5	226563504.75	287942986.25	299246806.25	262345422.375	331077182.75	235306316.0	257792849.5	321110371.0	330204712.75	264765798.0	329493769.25	277823577.0	206481373.75	182415543.75	276068633.0	195972723.25	253584823.25	257012124.0	343300455.5	373717109.25	218211552.5	343384262.75	349909645.5
B0BNF1	Septin-8 OS=Rattus norvegicus OX=10116 GN=Septin8 PE=1 SV=1	595528166.109375	328972455.958984	559233438.28125	320851758.570313	281257846.951172	245177718.28125	299565680.390625	225499595.390625	309956345.0	248048791.125	412716351.40625	328332027.8125	289790654.265625	337340364.0	277996817.96875	294406335.875	446237327.1875	323402545.28125	250914658.546875	215275202.3125	356347275.09375	308273577.125	299758412.5625	274949828.6875	285192694.25	360913133.515625	321923914.125	317911838.375	306631332.0	376824321.40625
Q62813	Limbic system-associated membrane protein OS=Rattus norvegicus OX=10116 GN=Lsamp PE=1 SV=1	140046216.1875	121539758.296875	124518198.65625	119889535.757813	93847359.25	110175719.161133	154129984.625	121986955.046875	136444630.625	140234456.625	137646278.3125	124769888.84375	113565191.03125	149101868.875	112489349.710938	129704818.125	128491603.125	122261063.25	125174805.5	110917663.5625	171794135.125	124361930.75	139111649.4375	177046166.125	119319206.4375	164073397.375	164634532.875	126404014.5	143678706.125	187918971.9375
Q9JHY2	Sideroflexin-3 OS=Rattus norvegicus OX=10116 GN=Sfxn3 PE=2 SV=2	134307905.25	116127393.125	110275290.25	130031948.0	132443200.25	142207100.25	105106869.25	116669504.25	157584963.4375	109000545.0	98472322.125	138705308.25	103645314.5	119220211.0	104320997.25	110467927.0	128910123.75	127840185.5	111371392.0	76017200.0	106990349.5	120985432.5	83731128.25	136090394.25	142447877.375	159083675.0	132048876.875	110697701.0	110487667.5	125656617.5
Q62910	Synaptojanin-1 OS=Rattus norvegicus OX=10116 GN=Synj1 PE=1 SV=3	757418006.75	620879018.859375	582501602.390625	695064092.75	744244889.25	600769905.953125	1070139654.5625	698308207.9375	1038218882.8125	931872081.320313	774840230.8125	676072822.5625	795532982.625	971253741.875	921926297.226563	1053354968.5	1013635594.5	782985927.625	841343375.75	766271035.0625	1128802329.0	997370817.96875	949240492.6875	863472346.0	870759464.6875	1219175474.90625	791655512.4375	1092999624.125	945116380.9375	937288522.875
P19804	Nucleoside diphosphate kinase B OS=Rattus norvegicus OX=10116 GN=Nme2 PE=1 SV=1	107457023.9375	74065054.75	72156673.96875	132930572.0	189949502.25	120059838.875	232768675.5	118401073.25	253336776.5	183777057.25	164022765.875	158327942.875	190971763.5	296999093.5	171439065.0	231490220.0	228694868.25	203221774.75	199104301.75	324907945.625	285420579.75	236426341.125	180832800.125	152472586.25	240790768.5	286185389.125	133152686.0	257196238.75	147323353.75	243653724.5
Q4V7C7	Actin-related protein 3 OS=Rattus norvegicus OX=10116 GN=Actr3 PE=1 SV=1	91556616.9375	62240424.6875	73842308.28125	117823471.03125	148380666.6875	123837834.625	138332762.0625	117881612.90625	238831544.0	193866671.375	141293647.375	128309907.1875	167175141.375	253990996.5	131139894.8125	190607160.1875	226057072.5	155899291.8125	211258169.3125	175219253.125	194659369.125	215265224.375	171285673.6875	139850692.8125	196472890.9375	235358729.75	130744767.1875	253598241.875	122559088.84375	220470346.0
Q68FQ0	T-complex protein 1 subunit epsilon OS=Rattus norvegicus OX=10116 GN=Cct5 PE=1 SV=1	405574101.601563	334306338.203125	379932416.15625	338026486.15625	236489659.0	262833283.78125	404636349.9375	267010454.015625	237510168.4375	307753248.4375	504271572.453125	291714859.9375	276418173.0	227298973.0625	487341504.125	344206368.5	402083318.5	336648428.125	269650609.5625	349964640.8125	510833432.273438	396741226.59375	379489646.59375	573363623.875	257936471.8125	447400337.125	466112462.625	364136983.25	442653012.75	373351108.625
Q6RJR6	Reticulon-3 OS=Rattus norvegicus OX=10116 GN=Rtn3 PE=1 SV=1	693989345.71875	502995502.671875	676022299.8125	511270503.375	476610237.5	637495675.75	540720777.875	510454573.75	702589292.875	619990539.75	810845251.125	740738972.25	639692023.6875	646355862.875	1084948500.75	813463994.0	679771662.25	656419768.5	636341474.5	534144341.125	834311360.375	855330097.5	578922239.125	822663261.8125	712808922.75	870324913.125	978105066.375	711124412.125	841199775.3125	861846234.125
Q6NYB7	Ras-related protein Rab-1A OS=Rattus norvegicus OX=10116 GN=Rab1A PE=1 SV=3	2004483686.78125	886194758.0	1396545756.75	1315549073.0	1331909310.0	1265623080.5	918214490.0	827653500.875	1375296921.375	1358342765.25	1216890460.0	1286575871.375	1198332770.25	1432525048.0	1246991092.25	1384935989.75	1411139544.75	1352084037.75	1232172341.0	737450936.25	1235909016.5	1209730504.25	911871891.375	1099527792.5	1004974868.5	1670569579.5	1496139274.0	1101270698.25	1370154590.75	1677704940.5
P80254	D-dopachrome decarboxylase OS=Rattus norvegicus OX=10116 GN=Ddt PE=1 SV=3	46486291.0625	50560193.8359375	19481559.9453125	65830660.6875	80826065.0	58258869.90625	83124891.0	65537293.375	88103852.625	71595158.375	90197922.1171875	69649707.5	99798248.0	111187525.125	78902173.9375	91491218.125	110261135.5	86859390.25	89913688.875	98252401.6796875	41657068.5	73808533.0	39203975.1875	32045294.75	83058126.875	93490219.0	43047945.3125	58933429.0	44033954.25	74058006.375
P61751	ADP-ribosylation factor 4 OS=Rattus norvegicus OX=10116 GN=Arf4 PE=2 SV=2	207703265.5625	153958118.546875	179686549.9375	200552243.71875	260034110.28125	191491611.3125	191074273.125	185958402.25	347063992.75	244148815.5	214535170.0	218089337.0	233708415.75	318008234.25	200645765.625	289413676.25	251590901.875	251839445.8125	238673710.375	155203269.65625	257065799.0	326559327.375	196274869.0	176947253.0	299494843.25	404511441.0	234773240.875	283401131.375	217945625.1875	303666340.75
Q9R1Z0	Voltage-dependent anion-selective channel protein 3 OS=Rattus norvegicus OX=10116 GN=Vdac3 PE=1 SV=2	109280460.0	87582086.75	75941473.3125	123444367.5	179244186.25	106219801.25	184818049.5	108051901.75	222935088.25	171699160.0	99619918.5	129137044.5	192264417.0	238945647.0	143527049.0	215439400.25	182704097.0	198591312.5	206696489.125	105732703.75	235041977.25	193093975.0	159776699.8125	165709272.25	227418640.0	280630021.25	134551483.0	194727262.0	172378492.5	242214454.0
Q3T1K5	F-actin-capping protein subunit alpha-2 OS=Rattus norvegicus OX=10116 GN=Capza2 PE=1 SV=1	45900092.125	59080246.875	37794596.8125	59765697.0	76757657.75	63187836.75	37550756.625	64198608.375	84779628.75	80867698.75	54548440.625	52788143.75	67997186.5	129470493.0	55777094.0	74995614.5	71254812.0	66893814.75	76082892.25	54263849.875	72234716.75	78636026.25	60794215.75	40430366.125	95185488.75	103826435.25	57057980.5	76070948.75	60265372.75	82822253.0
Q64568	Plasma membrane calcium-transporting ATPase 3 OS=Rattus norvegicus OX=10116 GN=Atp2b3 PE=1 SV=2	1127180581.1875	618282216.71875	926129508.625	717309326.03125	575620528.9375	599466490.78125	528533475.25	613541009.625	608431165.03125	564017609.96875	887912441.25	754106943.5625	562308038.5625	753187880.9375	709476081.375	776653426.5	817273194.0	667720519.5	593593854.625	448273570.5625	687318204.25	668923775.9375	529540520.5	717757531.5625	594079983.84375	830911426.25	904831669.625	710885217.25	841897480.625	784739175.25
Q7TPB1	T-complex protein 1 subunit delta OS=Rattus norvegicus OX=10116 GN=Cct4 PE=1 SV=3	213419941.5625	206910739.8125	171463455.328125	215570772.4375	203873157.816406	272251698.75	237519893.375	277174191.25	320698496.5	176696968.171875	278108121.6875	344098619.0625	262864579.5	291396203.8125	243088594.25	316781862.25	293565440.375	255750001.1875	237140526.90625	273570420.700195	312312629.4375	338077972.34375	239341583.84375	355734069.875	328452762.1875	352319622.375	358756166.5625	306853131.75	360111683.25	328961716.6875
Q63028	Alpha-adducin OS=Rattus norvegicus OX=10116 GN=Add1 PE=1 SV=2	676585808.09375	664980227.5	590885285.5	532302521.5	465635645.125	581255541.0	353392657.3125	366642964.53125	532032933.25	400513758.625	350696681.5	632352011.96875	443073002.875	579308043.9375	535184166.78125	549516547.0	519055078.5	668573234.5	457585670.875	438762995.5625	498992548.0	432369510.25	328465628.6875	556005226.09375	498026501.125	714519910.0	523789214.5	520037680.5	527785657.625	541280485.0
P97846	Contactin-associated protein 1 OS=Rattus norvegicus OX=10116 GN=Cntnap1 PE=1 SV=1	2246445000.96875	1584682440.09375	2094147609.07813	1835082279.875	1389927149.17188	1277605239.67188	1843275704.0	1308452605.5625	1510281097.0625	1644404217.625	2358581917.1875	1783638819.6875	1459969024.25	1527928078.25	2474485334.375	1906955359.0	2133761088.75	1730920760.125	1470260127.75	1198524507.5	2123895562.0	1844271945.03125	1737948939.375	2395488816.0	1099291122.75	2594895184.1875	2648718742.375	1769401178.125	2339909400.32813	2140922217.5
P84092	AP-2 complex subunit mu OS=Rattus norvegicus OX=10116 GN=Ap2m1 PE=1 SV=1	1129860168.625	574525881.875	928480830.4375	583572174.625	412906523.875	670084632.75	375804249.75	531496400.5	521990409.5	397671052.0	599884722.3125	668005570.75	423928909.125	526126697.0	491578491.75	527122467.5	449992256.75	523318392.375	452011615.75	386971189.21875	494097057.84375	486718786.875	282505255.5	598700666.625	479573561.25	657620533.5	831332736.5	414364185.0	676525581.375	562068358.75
P10960	Prosaposin OS=Rattus norvegicus OX=10116 GN=Psap PE=1 SV=1	190821059.125	174518941.1875	169730868.34375	216421668.4375	249646178.625	182724593.40625	327911765.0	188926426.0	317366678.875	265950185.679688	237254536.625	179184725.25	254473716.25	299844828.6875	212075545.25	277106206.75	301716458.375	278679298.125	288607748.125	386335102.0	289249073.5	332515125.5	226405012.4375	229748318.875	288262114.375	353088064.6875	184703888.375	314582353.75	213149094.375	285850981.5
P04906	Glutathione S-transferase P OS=Rattus norvegicus OX=10116 GN=Gstp1 PE=1 SV=2	160662784.75	171023952.75	130059757.90625	202112205.125	152117933.03125	220686200.5	190707893.75	188059809.375	198830885.304688	152195191.46875	235555745.5	196838825.0	190183113.75	198132631.0	184167844.5	200874080.0	252517283.0	202292773.0	180936208.25	173276020.4375	196943892.117188	251256000.0	195520614.0	181422314.5	234091745.0	249486252.0	214334671.0625	247117282.0	169233379.5	214632505.0
P16638	ATP-citrate synthase OS=Rattus norvegicus OX=10116 GN=Acly PE=1 SV=1	558763701.609375	354017307.671875	503392257.441406	422787092.015625	370304438.6875	379019291.953125	401075067.769531	365523324.082031	418807573.132813	351860927.109375	500544078.394531	457144933.585938	356267420.40625	449008905.5625	468558180.40625	422636474.328125	413264260.328125	399154271.296875	395869011.0625	342025743.195313	450434167.25	416883322.25	282386302.726563	428716330.75	347826516.8125	424275742.671875	462579970.25	394477270.9375	460400939.09375	494763618.1875
P32851	Syntaxin-1A OS=Rattus norvegicus OX=10116 GN=Stx1a PE=1 SV=1	620614383.6875	507151945.0625	527958968.375	738316926.375	459804735.25	370378798.5	754758929.519531	420860153.296875	605374538.0	406914891.25	596599662.4375	495086553.0	475610336.75	468874939.5	504861179.3125	535760351.375	855261121.75	598740523.375	434865822.5	438578297.84375	651061977.25	499123175.8125	499687119.625	716636082.375	433024786.5	652003754.25	978934394.0	585383310.5	728628052.1875	614371527.5
P68403	Protein kinase C beta type OS=Rattus norvegicus OX=10116 GN=Prkcb PE=1 SV=3	214728631.125	160174788.65625	149152584.15625	276780855.5625	503057133.4375	122916783.25	168822477.5625	221033421.75	522192388.0	323055322.875	336454869.5625	312062469.4375	279485911.5	334647013.0	167918322.125	571552054.5625	352903946.5	621620777.0	341715982.0	395486739.125	228001907.5	403089384.25	186663967.9375	320996785.5	230902646.765625	494346177.5	264329003.5	220025009.25	282027496.375	419740952.5
P54690	Branched-chain-amino-acid aminotransferase, cytosolic OS=Rattus norvegicus OX=10116 GN=Bcat1 PE=1 SV=1	91871964.125	104113498.109375	39626853.859375	90781924.6875	62970541.609375	46625354.65625	138536278.75	65605530.1875	69458209.75	96656667.25	131142464.445313	62107194.875	82345841.5	55455511.125	161942056.53125	95146739.625	140069629.46875	86179670.6875	95766287.875	103668131.0	193228959.875	128010247.46875	127828440.25	197682876.75	82742496.6875	91387081.3476563	101669608.90625	80829107.78125	88915962.125	88377844.75
P09527	Ras-related protein Rab-7a OS=Rattus norvegicus OX=10116 GN=Rab7a PE=1 SV=2	3985788538.5625	953440621.125	3350754619.8125	1059804307.5	118928353.78125	842478078.625	101145980.75	871381788.125	195070178.125	109518742.0	3040205002.6875	1601217192.0	152418940.5	129867304.5	80813018.6445313	156413207.25	122893624.851563	119694119.0	112207137.75	129966217.332031	171772315.316406	128141683.375	89077829.875	89618761.75	140024126.625	206603856.677734	3205702841.25	121876997.125	98148097.5	136887970.75
P07936	Neuromodulin OS=Rattus norvegicus OX=10116 GN=Gap43 PE=1 SV=1	267987987.335938	196574783.199219	265501192.308594	230386062.0625	190951915.921875	239024959.060547	236670425.5	218019543.445313	282260301.232422	206946162.371094	162464950.0625	266536802.386719	214234040.0	220162305.101563	222074051.421875	254040841.84375	263603124.375	257437151.4375	263258273.5625	310322316.855469	294039986.0	263078023.8125	229957344.089844	224968240.5	305061182.515625	265235111.5	274255599.421875	275624834.617188	278044282.601563	257120853.09375
P31016	Disks large homolog 4 OS=Rattus norvegicus OX=10116 GN=Dlg4 PE=1 SV=1	373181354.9375	339445628.125	334396615.875	309886992.5	257489549.625	244315193.3125	245069682.125	275843718.625	242066129.375	241918511.625	324873137.875	289462615.9375	274588787.5	299340128.6875	321318949.59375	305637737.125	298936826.9375	288936093.375	221119737.0625	282067764.5	259943122.4375	282340689.4375	258037046.3125	350350472.625	251098375.9375	314935033.5625	381990511.0625	316322722.75	353237140.814453	304352857.375
P11598	Protein disulfide-isomerase A3 OS=Rattus norvegicus OX=10116 GN=Pdia3 PE=1 SV=2	514944707.09375	435161290.296875	483723020.8125	494342938.875	407961799.875	363393777.3125	555928310.125	381582206.5	457581709.617188	431097698.65625	536695425.375	412438102.8125	456627445.375	456127035.75	855892461.375	600362903.945313	623325161.984375	508633164.542969	526491679.160156	383698740.125	677130823.25	610179435.0	507599094.8125	660170161.25	353273630.0	824776063.15625	635564431.75	478018727.125	588400679.53125	591082969.0
Q3KR86	MICOS complex subunit Mic60 (Fragment) OS=Rattus norvegicus OX=10116 GN=Immt PE=1 SV=1	472525706.90625	267263036.453125	385439094.46875	346260798.03125	330590358.808594	294668821.46875	452852843.0	284499067.1875	356276126.25	393911263.375	371871028.09375	394596438.0	341976599.03125	353382569.84375	375397048.875	390591261.1875	418701379.84375	404190251.75	322148174.625	245736918.75	415193510.875	389895643.125	337203786.875	341843440.75	348216491.125	413698377.5	494685893.5	419262204.5625	379994703.75	433477465.75
Q9QYF3	Unconventional myosin-Va OS=Rattus norvegicus OX=10116 GN=Myo5a PE=1 SV=1	1662191804.34375	1569102949.78125	1322654178.09375	1549976782.28125	1213324682.36719	1218371434.6875	1732506508.875	1321987203.53125	1497175887.5	1259346129.25	1741042398.0	1526880064.71875	1520105399.0	1488469758.82813	1924616056.90625	1819353933.6875	1708452960.45313	1841626188.875	1463940942.59375	1257050991.625	2198820518.36133	1861904603.35938	1738120473.55859	2295741085.0625	1564758404.71875	2396699602.875	2253310327.125	1601083649.875	2183128593.1875	1973553710.125
Q06647	ATP synthase subunit O, mitochondrial OS=Rattus norvegicus OX=10116 GN=Atp5po PE=1 SV=1	232367531.0	240424734.75	190322721.0	233970825.9375	243948000.5625	289682369.375	316556925.875	265849466.375	314487451.875	215510083.5	267579775.0	288972002.25	258193459.25	294146051.5	280062773.5	312521289.875	290585949.0	277594236.25	273778291.125	185392609.5	301030287.5	282750171.75	218886163.414063	343301073.25	325696227.375	416253805.25	312383486.75	296973820.5	299582504.375	326644938.0
A9UMV8	Histone H2A.J OS=Rattus norvegicus OX=10116 GN=H2aj PE=2 SV=1	375623801.875	364614648.375	414634156.59375	515773543.25	634221935.875	422660093.25	934709807.5	443187071.96875	819937989.25	831930879.5	848959199.0	528735886.0	673826104.0	680060977.5	606252082.5	828160764.0	1134187015.5	812807186.25	590821266.5	773226999.25	761879230.75	872354607.875	705099848.25	1132093587.0	844898146.0	1008316592.5	586779135.75	1068088213.75	605161053.75	920021343.625
Q00728	Histone H2A type 4 OS=Rattus norvegicus OX=10116 PE=2 SV=2	3153778.8125	2911124.5	1969243.5625	8268824.0	23105589.75	12101013.0	20912162.5	3383906.625	36683425.5	28951676.875	2996352.8125	6091518.5	39234153.5	35387834.5	35300243.0	31167336.0	41854626.0	28727125.5	33098309.1875	9816823.5	24904599.46875	5383959.5625	17891769.5	4686790.75	13962977.0	29923558.109375	2895683.5625	231251.84375	12384486.0	49989205.0
P0CC09	Histone H2A type 2-A OS=Rattus norvegicus OX=10116 GN=H2ac18 PE=1 SV=1	1593495.046875		535576.6875	1354295.4375		2337637.0	24183818.0	5327461.0	1098483.0	462397.8125	3327232.75		307537.21875	1188417.25	7576600.296875	19722886.875	382082.6875	19586371.125	18867600.0	26390954.0	2018569.75	173161.53125	500356.0625	426103.21875		16641316.0		168760.84375	6639979.5	449058.40625
Q64598	Histone H2A type 1-F OS=Rattus norvegicus OX=10116 PE=3 SV=3	57925763.6875	23702844.0	59967811.40625	35019770.625	29388064.875	36961815.75	23259872.0	28902923.25	34233913.25	34957129.875	36935941.5	53926295.5	31825932.5	34180604.375	39021223.375	35499540.625	31752173.5	37937665.875	27143901.375	25297886.25	32780795.0	29627346.375	21819496.75	35058243.5	29187320.875	43407875.25	50456875.75	38199110.0	42640640.5	47635875.375
Q64548	Reticulon-1 OS=Rattus norvegicus OX=10116 GN=Rtn1 PE=1 SV=1	359548147.0625	241297458.8125	80083251.0	75687628.75	97257996.75	96827963.8125	87898856.703125	191359139.625	150810761.5	61209694.25	390594150.75	177432113.75	107488281.0	94201591.25	66470620.5	117120883.25	101693093.25	159252021.875	82631711.25	129384447.25	126864919.0	91349023.25	79278534.25	223282443.875	94942070.5	187449945.25	455905706.625	102583829.5	180857489.5	118033543.5
P04905	Glutathione S-transferase Mu 1 OS=Rattus norvegicus OX=10116 GN=Gstm1 PE=1 SV=2	153490875.0	79280808.625	47662484.375	109890528.25	98819696.5	75104106.75	53698728.0	75242933.25	100360409.0	97802395.0	74375615.75	118885290.75	91070063.0	124012760.5	87379808.25	124895899.5	90638379.875	112816141.0	76891908.5	72143213.25	102764598.5	88156474.25	60304703.75	77487024.5	100498947.0	138812394.0	113430387.0	94634825.875	68700965.5	124473640.5
O35244	Peroxiredoxin-6 OS=Rattus norvegicus OX=10116 GN=Prdx6 PE=1 SV=3	126624893.5	117108181.1875	90082880.1875	153960154.6875	115782986.75	74598431.5	271173525.5	117207671.4375	230994972.0	150221129.5	124702981.296875	129625004.375	203340373.25	215492351.25	157301350.5	147417763.375	198929283.6875	233537022.625	190571075.75	195708431.5	227479975.75	294461612.9375	162018092.5	194894460.25	204224533.875	286075477.75	155406916.25	221812244.25	164607631.25	254354925.75
P10536	Ras-related protein Rab-1B OS=Rattus norvegicus OX=10116 GN=Rab1b PE=1 SV=1	32032366.5	23321066.4375	25772109.625	26934992.5	26231591.3125	28253453.75	17966381.375	24198167.5	20026290.625	21560503.625	23611158.5	21526098.5	14419862.5	20362529.5	18339071.25	19990602.75	18520929.8125	20685074.0	24711100.5	14317018.453125	18342532.21875	14127129.84375	12449812.625	22075414.25	19808926.4375	22180684.0	25134768.5	22825580.75	22347298.25	26550690.0
P17764	Acetyl-CoA acetyltransferase, mitochondrial OS=Rattus norvegicus OX=10116 GN=Acat1 PE=1 SV=1	57606046.6875	156367716.0625	142969236.8125	381445726.375	92253014.4375	62529131.375	419010861.125	56978151.75	107543545.5	378709433.625	243080349.375	260429177.875	75151735.0	126045122.25	67640629.375	99917557.75	675430721.625	93049338.375	79823321.5	772603195.75	84117754.0625	90891089.5	59113729.375	64789796.5	116344047.0	117243474.5	217488506.25	113780314.75	352578410.0	108892102.75
Q5XI32	F-actin-capping protein subunit beta OS=Rattus norvegicus OX=10116 GN=Capzb PE=1 SV=1	181275066.0	139054700.65625	188156813.078125	161134858.46875	202282869.15625	98382516.78125	157201047.0	106449169.5	192004275.21875	203014370.3125	220033096.90625	161159582.8125	202259235.375	216441409.390625	170701305.09375	203119594.890625	310493135.625	266218900.8125	257381845.0625	229998529.90625	293664042.25	237543057.9375	304504241.734375	230592212.6875	293113601.25	286081227.3125	192539894.1875	282011964.71875	219005821.125	257165830.90625
P31000	Vimentin OS=Rattus norvegicus OX=10116 GN=Vim PE=1 SV=2	654585882.59375	515211648.609375	601923004.058594	584087313.0625	557752548.6875	461316637.03125	509092291.34375	409515023.0625	451545096.125	534177980.34375	587486368.25	488028304.6875	453321515.0	523766348.0625	571690424.75	577738542.1875	658483356.921875	504695662.0	567182274.625	427592902.421875	578247602.21875	499778889.34375	437444891.78125	571296213.125	408099021.828125	592203887.5625	624046572.75	562229664.9375	520041096.0	580069795.5
P07632	Superoxide dismutase [Cu-Zn] OS=Rattus norvegicus OX=10116 GN=Sod1 PE=1 SV=2	670056589.15625	531075839.25	479924665.25	591709525.375	579738594.75	737955183.625	857814704.875	660837431.875	840604313.125	712297567.75	1098022822.25	741444659.0	729399084.875	734358203.875	856924685.75	812026913.125	1040579626.75	796621740.75	588279395.625	842112055.375	832951958.75	767342955.0	674262683.5	829617042.625	937732162.75	913352543.25	875701278.75	1023521416.25	691221438.75	895923168.75
Q6AYH5	Dynactin subunit 2 OS=Rattus norvegicus OX=10116 GN=Dctn2 PE=1 SV=1	219722543.1875	229525207.3125	169218903.5	336355947.3125	288629404.671875	226900480.0	584467806.0	275190740.5	369125016.5	298828008.5	277737093.625	260924489.90625	168266622.375	368236180.25	340149908.6875	350445412.625	459782154.875	352397228.75	344321880.375	373293205.25	363091236.0	394841042.25	451482995.25	364098835.375	387710250.5	438257932.75	457186503.625	432285854.75	384473007.125	439885267.125
Q9JI66	Electrogenic sodium bicarbonate cotransporter 1 OS=Rattus norvegicus OX=10116 GN=Slc4a4 PE=1 SV=1	190038184.34375	125944286.578125	172548813.890625	166976889.623047	141754835.828125	143753491.933594	231510653.5	132449562.992188	149647589.239258	148428748.388672	138908736.09375	153299617.742188	152714487.578125	163013474.9375	162504054.121094	143195963.25	212028178.341797	142674982.125	175182756.53125	143118439.4375	290961443.75	124337416.03125	152673266.6875	333845456.140625	149736673.6875	172766036.84375	155922965.3125	148316983.6875	236219169.75	171559875.5
P07895	Superoxide dismutase [Mn], mitochondrial OS=Rattus norvegicus OX=10116 GN=Sod2 PE=1 SV=2	64848183.53125	62325064.75	41320355.75	82520854.5	116200765.0	76299331.625	215839285.5	80666848.875	162557059.25	108476572.75	83998049.125	81218248.5	130514007.625	164443360.5	130446656.625	136843320.0	152585185.0	116896793.3125	162716592.0	159562189.25	182487464.0	143898379.0	112912085.375	166072041.3125	144422979.0	167497172.0	85163686.5	152792219.25	119665513.0	145637187.0
Q02563	Synaptic vesicle glycoprotein 2A OS=Rattus norvegicus OX=10116 GN=Sv2a PE=1 SV=2	379528699.4375	432225358.09375	354770860.375	353177522.40625	272928041.8125	477170310.59375	215054853.75	433111460.0625	274051063.375	215216795.75	363113402.03125	389858664.09375	283096539.5625	329390000.0625	322564622.75	317050150.25	264799021.125	289657967.375	279844826.125	228613175.875	336523821.25	268329729.0	207663493.1875	295081625.25	291624538.765625	323493201.9375	426409330.1875	296768485.0625	366953771.53125	272165498.875
P47728	Calretinin OS=Rattus norvegicus OX=10116 GN=Calb2 PE=1 SV=1	174369748.875	141279596.71875	122890222.774414	174978078.8125	134163115.90625	167608883.25	294219881.65625	206738844.402344	213152595.77832	208202831.140625	243583862.875	169406602.09375	143464331.208984	230237175.5	268888063.25	239235418.011719	204494741.4375	159600941.9375	295267461.025391	211357539.625	284575226.0	254314686.875	182949946.6875	420578112.25	177453743.314453	269763287.71875	207378058.5625	180411169.875	225101820.75	234703342.0625
Q62812	Myosin-9 OS=Rattus norvegicus OX=10116 GN=Myh9 PE=1 SV=3	1944995198.49219	1675120740.375	1883269850.4375	1593950647.06641	1411743074.09375	1686772276.9375	1157360463.79688	1513377998.45313	1478489738.17188	1557242837.9375	1828954778.92969	1681583706.375	1336366344.46875	1813644876.10156	1620301187.41406	1649247329.8125	1692663502.82813	1517175778.64209	1498568977.42676	1533839852.98438	1438941860.94141	1444218602.28125	1137530478.03125	1500119698.48438	1473296907.14063	2058418401.625	2276812136.875	1760338257.57031	1803810978.21875	1797840569.25
Q5XIH7	Prohibitin-2 OS=Rattus norvegicus OX=10116 GN=Phb2 PE=1 SV=1	342522534.5	235114630.78125	290574486.875	295988345.0	222101978.609375	137052397.875	343880493.25	139511373.875	240729360.03125	238108723.5	276356578.625	365153583.5	195809123.625	231022048.75	327218250.75	510953596.625	276372708.25	232212572.9375	264298858.75	259445521.0	491295621.25	341587855.09375	218046117.8125	348938018.0	161230976.75	343749832.75	606096469.125	304217350.25	303542786.125	319279364.5
P03994	Hyaluronan and proteoglycan link protein 1 OS=Rattus norvegicus OX=10116 GN=Hapln1 PE=1 SV=2	135550049.765625	121400586.46875	101488696.375	109573264.0	73470249.9375	97220276.84375	83156697.375	126925856.375	92531366.0	69167058.625	180768243.625	130619145.875	64771444.3125	96778246.25	128379982.1875	86032482.28125	112444873.5	100657879.625	39729368.4375	110351172.625	57796454.75	82000760.5	57979552.9375	137670606.46875	90557919.625	108922046.5	126996806.625	108743270.8125	135208286.375	98727712.75
P82471	Guanine nucleotide-binding protein G(q) subunit alpha OS=Rattus norvegicus OX=10116 GN=Gnaq PE=2 SV=2	169285006.6875	106919607.3125	140821447.0	125505793.5	121479676.75	133888554.3125	114336019.125	127887009.234375	120309143.75	125633965.90625	91175961.5	115684377.875	99366018.421875	147726523.0	147823731.8125	119143921.875	109666443.0	115535383.875	148239429.375	107935835.1875	119954913.625	127888530.75	87498267.703125	150841169.6875	125659124.125	148126284.5	133023181.539063	138376892.25	128419295.0625	123514559.875
O35353	Guanine nucleotide-binding protein subunit beta-4 OS=Rattus norvegicus OX=10116 GN=Gnb4 PE=2 SV=4	232370876.375	206008790.828125	230558604.90625	259689351.0	288333384.3125	184499452.435547	260805709.75	241231092.417969	372949099.5	303336968.875	232439205.8125	252382876.761719	323556725.539063	309527875.5	264366473.179688	378136381.375	336651249.730469	334257619.75	324866076.625	281039052.484375	375125905.4375	362806000.546875	279465933.625	232528021.976563	370959282.125	469774714.9375	307054608.121094	374905158.875	283192402.625	375143285.0
P39069	Adenylate kinase isoenzyme 1 OS=Rattus norvegicus OX=10116 GN=Ak1 PE=1 SV=3	157497845.773438	151352462.5	184800020.727539	165104370.570313	180089868.250977	141573573.9375	148519447.78125	140630368.8125	257067810.491211	184112524.9375	111317005.570313	208596383.328125	186547709.335938	239412496.5	158990255.75	198401888.342773	180895424.203125	150421448.75	194010181.894531	189561839.397461	202541111.6875	226392023.375	115918069.160156	156194408.625	184885027.886719	299749404.853516	151879076.6875	199114881.203125	188488918.25	189136296.40625
P20788	Cytochrome b-c1 complex subunit Rieske, mitochondrial OS=Rattus norvegicus OX=10116 GN=Uqcrfs1 PE=1 SV=2	99239788.0	71637284.875	114675409.25	110804288.09375	92674997.9375	75512534.0625	136616292.0	81374515.3125	149263851.75	107091373.75	122097048.625	93649568.3125	139063344.5625	145002138.0	118834029.875	161488307.25	142523212.625	119047519.1875	126068945.5625	96627378.875	144105284.90625	117371410.5625	95573472.5	159572250.875	157211377.3125	170675765.375	126996497.625	125931913.125	127942974.0	139846153.0625
P85834	Elongation factor Tu, mitochondrial OS=Rattus norvegicus OX=10116 GN=Tufm PE=1 SV=1	110067489.46875	82764919.0546875	113104434.921875	91470958.140625	121368557.09375	79001750.4375	206583957.0	85227445.890625	542363823.625	103933146.296875	80051010.15625	112785525.5	93469207.875	115946173.976563	85310795.90625	131536895.0	100647753.125	113360222.4375	125567056.460938	71089477.84375	214732756.375	99004776.5625	86482477.859375	130297245.6875	209435630.0625	162069918.625	112410430.6875	169852465.75	113215583.375	154036301.25
Q68FX0	Isocitrate dehydrogenase [NAD] subunit beta, mitochondrial OS=Rattus norvegicus OX=10116 GN=Idh3B PE=2 SV=1	498085923.546875	351682349.019531	464535675.296875	361684854.0	472642828.125	390933497.328125	559796313.25	431204925.90625	455557232.875	366044400.25	419881517.0	510162044.875	523723393.0	656812251.125	414902764.65625	435429193.5	690854632.125	420862757.625	387745649.375	264891695.125	446658768.375	359944270.5	288555985.6875	511478602.1875	440733354.125	789385552.375	565420814.75	666771531.9375	569593842.25	525198899.375
P84076	Neuron-specific calcium-binding protein hippocalcin OS=Rattus norvegicus OX=10116 GN=Hpca PE=1 SV=2	195929612.9375	100754035.703125	137712383.117188	135469276.625	155071406.625	92131610.3515625	136123926.0	120629664.375	182563130.5	260896437.162109	202963623.65625	174524222.75	170995379.066406	437534866.375	192760632.875	275868870.742188	215103132.25	194910004.375	162123629.306641	200669520.5	158603061.84375	212584596.148438	163887957.25	165048564.375	186406518.433594	252426191.875	180094648.625	202762685.75	158845771.072266	276867188.9375
P18418	Calreticulin OS=Rattus norvegicus OX=10116 GN=Calr PE=1 SV=1	262783970.875	193997961.125	128415055.1875	391545967.625	187155077.125	179533823.875	213590342.5	199637888.4375	242255844.25	223870523.5625	255874096.0	206087166.75	207095502.375	336763243.0	445967990.75	233471194.875	412208466.0	224201643.5	219060490.25	394333749.875	319885326.0	355086142.25	449620146.5625	246090068.875	397530910.75	273772397.5	304080772.625	436026817.0	204780306.75	266192861.25
Q5XIM9	T-complex protein 1 subunit beta OS=Rattus norvegicus OX=10116 GN=Cct2 PE=1 SV=3	1001520443.58984	593049416.75	782426508.390625	705308969.6875	643916099.057617	710145893.46875	540428729.6875	590920027.75	700846432.884766	705674945.625	882672449.375	774013138.25	768879677.625	774932522.5	720228080.625	781913103.375	822994185.109375	779010233.875	725118506.875	519159366.5	806304941.0	786424262.1875	683378253.625	726857861.15625	793410647.375	979587703.753906	1035953915.6875	748949483.625	1006134263.75	925066732.980469
Q9JHU0	Dihydropyrimidinase-related protein 5 OS=Rattus norvegicus OX=10116 GN=Dpysl5 PE=1 SV=1	170406113.875	169957715.96875	178994661.953125	211130694.15625	243779454.375	100262023.125	318461712.96875	135410021.3125	271141088.375	230943510.0	173743802.25	138809864.5	279113524.5	253054586.25	307575274.0	314181131.75	283644490.5	232865601.0	290897680.5	222617862.75	396904582.1875	296092969.125	333297886.25	214891231.25	263444903.125	269021836.625	267420596.0	275136356.5	286044808.125	277515147.25
Q62656	Receptor-type tyrosine-protein phosphatase zeta OS=Rattus norvegicus OX=10116 GN=Ptprz1 PE=1 SV=1	510419992.933594	426757507.337891	450542644.1875	506126755.625	599841556.78125	471703565.386719	490754612.3125	454710787.25	605484480.5	571969486.53125	463184923.125	486820942.046875	567727762.875	615139835.585938	482548775.0625	621236210.636719	662298618.125	604209719.5625	494345848.75	530897910.25	560467807.75	602415550.875	586094260.59375	401925595.875	642977804.609375	756211831.875	531148994.375	638802204.875	447855001.0	632632374.902344
P52873	Pyruvate carboxylase, mitochondrial OS=Rattus norvegicus OX=10116 GN=Pc PE=1 SV=2	753719425.65625	471249213.3125	605575420.6875	521373640.4375	363873558.3125	216770907.3125	448335534.96875	405791997.375	443388236.4375	371728144.1875	555490782.46875	517865339.5625	448805168.34375	467952343.53125	410565135.0625	454338664.0625	511659906.671875	468201218.625	359017529.5625	346713408.625	486904733.1875	476767804.0625	409945215.65625	629867909.5	432075434.9375	539273448.875	763972070.8125	512392274.1875	634623196.5	547773797.1875
P19511	ATP synthase F(0) complex subunit B1, mitochondrial OS=Rattus norvegicus OX=10116 GN=Atp5pb PE=1 SV=1	157443180.296875	108386985.265625	133481901.265625	153714692.375	166274314.5	115454759.15625	273777340.9375	153951768.84375	252559885.9375	228014559.84375	215220170.28125	171765377.140625	219660714.71875	283844056.5625	187419963.125	261311271.25	266245552.0	202021572.625	230290647.6875	165311538.0	257484146.8125	264881729.0	180410720.0	240127269.25	276234802.125	261565209.375	202425897.375	287066533.0	204509254.1875	294022765.875
Q5HZV9	Protein phosphatase 1 regulatory subunit 7 OS=Rattus norvegicus OX=10116 GN=Ppp1r7 PE=1 SV=1	1512763501.625	1035513047.625	1282861831.25	1421095855.0	1640674649.24219	703548530.421875	4026268864.25	922994400.6875	1706826691.5	2348922410.0	2266517752.5	1121704796.25	1966230632.28906	1743277361.5	2766792585.875	2590296677.5	3245702831.96094	2228907582.01563	1764397460.25	1021717057.0	3778794594.75	3155656879.75	3811646478.9375	2820418962.125	1744789803.5	3795047053.0	2125696423.25	2835813345.75	2367916313.25	2865486552.0
P63025	Vesicle-associated membrane protein 3 OS=Rattus norvegicus OX=10116 GN=Vamp3 PE=1 SV=1	243759365.5	153526653.3125	208493281.0625	222888157.0	243039977.25	196231584.625	178665931.8125	179172943.375	295751991.75	231971242.75	166785690.375	210157136.5	237737167.0	260471801.75	221744825.625	337748201.5	302779546.0	222553145.375	281194300.8125	136756419.625	201301866.75	168195081.0	196542060.625	195526107.5	276542125.5	344961088.25	258551263.5	235730435.625	233562258.625	264421758.375
Q63362	NADH dehydrogenase [ubiquinone] 1 alpha subcomplex subunit 5 OS=Rattus norvegicus OX=10116 GN=Ndufa5 PE=1 SV=3	63515811.875	55395016.375	46131627.125	52762273.875	45560192.75	55377470.5	79439402.0	48826207.5	64037733.0	46415566.5	45186718.21875	53808458.0	42896759.25	65258596.5	65635102.375	71309734.625	88659395.5	50675356.25	71851851.0	50686886.625	83184458.5	60915964.5	41632791.5	79063891.5	66350620.5	80679760.0	51164763.5	68270197.5	63255775.25	71040475.0
Q5GFD9	Protein IMPACT OS=Rattus norvegicus OX=10116 GN=Impact PE=1 SV=1	241671689.625	113697093.765625	181491557.5	70120970.25	130155171.25	82514874.0	197303119.125	103890508.84375	125209581.5625	123905412.8125	255332327.21875	88559727.75	159896386.625	150622825.875	111914802.5	106631429.5	201692454.0	156540703.0	122821984.0	155727409.875	202990582.625	178085979.75	172591635.5	234607910.25	135918864.8125	241667434.0	235229712.8125	150388267.75	232888277.25	188370966.375
P62804	Histone H4 OS=Rattus norvegicus OX=10116 GN=H4c2 PE=1 SV=2	354955342.523438	328104287.0	356657988.591797	464859452.640625	560773443.9375	307556103.9375	733132749.6875	303356538.09375	814597444.25	777398553.25	486225277.6875	421186328.625	663231462.1875	637405145.8125	433076319.25	758200052.5	826701194.0625	761819698.625	593376092.75	1211561386.11719	733485393.171875	787706188.875	693696726.5	1039532867.25	864073642.1875	864720314.5	496938967.125	908252966.375	590534759.75	832908780.875
Q9JK11	Reticulon-4 OS=Rattus norvegicus OX=10116 GN=Rtn4 PE=1 SV=1	135118626.625	86156583.3125	103393606.25	102886607.4375	105324108.75	118910446.25	147701425.1875	94462481.4375	129021805.25	106666231.125	159261978.46875	131209093.5	92797748.5	116700108.125	151304078.625	114423939.9375	163661115.125	119120117.625	129432282.5	107265994.75	136885382.9375	120226982.375	88265470.375	143138485.75	124864792.3125	150635216.6875	152296871.3125	135383338.75	114048833.1875	140576221.75
P85515	Alpha-centractin OS=Rattus norvegicus OX=10116 GN=Actr1a PE=1 SV=1	159460255.171875	111691828.78125	145132511.5625	142321187.375	152491620.125	132494418.5	140369179.875	126220254.5	172558354.125	113608987.0	140373191.5	146814079.375	119619878.875	145055660.625	166172169.5	133019808.75	128420790.125	144374908.75	150053745.875	159049276.5	163151100.8125	135368834.703125	96390758.625	171447840.375	124948225.375	183706072.25	137631596.875	134580322.75	151274205.25	149366454.25
P20651	Serine/threonine-protein phosphatase 2B catalytic subunit beta isoform OS=Rattus norvegicus OX=10116 GN=Ppp3cb PE=1 SV=1	163270933.5	170429222.46875	147601691.75	171804943.625	152058051.96875	181788713.3125	128792118.25	195588997.625	205033077.0	165691001.5	156744794.625	206643125.875	164282073.5	192709537.5625	181129347.125	174027003.25	165790656.0	175897455.25	177982121.75	175639380.75	158676486.75	176486182.75	125664575.375	152521188.875	164690225.5	221080385.25	217221628.875	162144222.25	213495587.25	200029597.0
B3GNI6	Septin-11 OS=Rattus norvegicus OX=10116 GN=Septin11 PE=1 SV=1	170720924.109375	127120414.476563	137956834.039063	194163781.414063	270639179.1875	206045419.03125	238484140.25	215756821.3125	339799866.0625	330251028.125	204874968.96875	220969556.0	278509538.875	320982090.1875	310960501.5625	353896715.734375	352991004.125	316744270.71875	288004609.25	265203787.8125	296090987.8125	285357826.375	245560324.5625	232250794.0	374653049.375	374131893.1875	223077927.6875	295862896.0	247385624.6875	397665173.8125
P55068	Brevican core protein OS=Rattus norvegicus OX=10116 GN=Bcan PE=1 SV=2	190350310.642578	150393099.658203	164470713.572266	168310253.191406	180215720.194336	188062216.927734	260572232.1875	204408983.162109	253837500.683594	246104396.21875	272352159.4375	216659511.373047	212147728.109375	280656681.625	243699069.980469	236232317.40625	288897651.1875	217982393.625	233392172.494141	235891448.0	282062760.469727	305317186.296875	214596467.765625	240484622.394531	271203840.625	279990346.234375	277562227.84375	324194606.0625	236095051.267578	290752268.460938
P13638	Sodium/potassium-transporting ATPase subunit beta-2 OS=Rattus norvegicus OX=10116 GN=Atp1b2 PE=1 SV=1	92703566.1875	90326116.484375	67342492.5	87013984.84375	108963949.25	101736020.0	215379724.5	108377932.75	145642535.0	99093644.25	103745847.75	111147405.75	124855552.3125	154434220.375	137254888.625	133239232.234375	138701659.5	121430533.25	150083417.5	72258521.0625	178892705.75	174025065.75	120655325.75	229914120.75	158117655.875	191416032.5	115960180.46875	106741302.375	136793492.40625	145435808.6875
P62986	Ubiquitin-ribosomal protein eL40 fusion protein OS=Rattus norvegicus OX=10116 GN=Uba52 PE=1 SV=2	18859732.0	19720413.25	14257831.0	16780609.5	12772737.375	27108617.0	28507002.375	38851979.5	21690296.0	31694692.625	38802032.03125	32272601.0	20128551.375	30440518.0	33841451.5	29234701.5	25800640.875	21275725.5	26788372.75	14926281.5	28539530.5625	34573702.5	21624500.75	36616119.75	30792689.875	25295704.5625	39669598.0	28504162.625	27976345.0	35662847.0
Q63429	Polyubiquitin-C OS=Rattus norvegicus OX=10116 GN=Ubc PE=1 SV=1	58072213.75	49357920.0	67415880.0	50028114.0	48669832.625	70063577.125	32035049.0	49644032.0	57290744.375	34709392.0	32336710.0	51729920.0	43568084.0	63185808.0	32588464.0	50446009.875	41819536.0	52569580.0	41107176.0	42146540.0	45494516.0	42249780.0	32344917.0	35162964.0	59533244.0	64214104.0	58534532.0	56505792.0	54927052.0	45340672.0
P62982	Ubiquitin-ribosomal protein eS31 fusion protein OS=Rattus norvegicus OX=10116 GN=Rps27a PE=1 SV=2	164026816.625	162601764.8125	158518628.0	273667440.234375	429620833.65625	187728296.28125	436413556.75	197362076.96875	522044220.3125	427523475.5	201304429.25	217690092.25	430475846.65625	502142723.0	273555217.75	458988091.75	452884106.0	399416524.125	330474426.5	688827533.375	428652696.0	412618305.125	337535294.4375	348960402.125	530789004.75	502467749.75	192297610.75	505351414.0	279272945.75	472947322.40625
P32736	Opioid-binding protein/cell adhesion molecule OS=Rattus norvegicus OX=10116 GN=Opcml PE=1 SV=2	52491815.4453125	76775840.3125	45991204.09375	75651849.5	77429152.5625	74954658.0	97583382.75	100496326.75	122908509.0	84203284.25	82565657.5	84096631.0	117775136.0	132166823.5	62787854.125	86281917.375	144498804.625	111687729.125	97652947.5	103697300.6875	89759109.25	126758025.375	99101673.375	80704458.125	152555745.875	131477625.875	94539583.125	174822678.0625	72746155.25	120618548.75
P29101	Synaptotagmin-2 OS=Rattus norvegicus OX=10116 GN=Syt2 PE=1 SV=1	232347495.21875	165195881.476563	197447180.25	191275901.464844	144968709.367188	192749398.5625	139525309.0	212932941.351563	213621217.878906	168438556.75	109998247.75	252821975.140625	174738701.861328	174914551.375	205788234.125	205423058.726563	67015343.5625	195725025.0	156732457.0	76305260.375	276975155.472656	170971522.25	80434789.3789063	335316562.695313	209870548.25	213615111.75	304449720.3125	98252475.0625	270810931.375	191142806.875
Q63754	Beta-synuclein OS=Rattus norvegicus OX=10116 GN=Sncb PE=1 SV=1	74842465.125	88032334.625	69324034.625	150502535.09375	152666218.25	154352630.15625	203837488.5	163458825.4375	219165962.8125	91282724.0625	143519249.0	142318035.5625	146882502.125	189517593.625	110648902.78125	164746878.25	206214928.875	189164151.3125	148081847.25	190733533.40625	201659535.115234	159763089.09375	148986803.46875	174985234.5	237835209.375	183062960.75	166819366.625	234326041.625	156925324.078125	185936708.75
Q9QXU9	ProSAAS OS=Rattus norvegicus OX=10116 GN=Pcsk1n PE=1 SV=1	73215787.25	52436141.75	62919919.359375	66794935.75	63124615.328125	51288291.75	253205906.039063	60107897.96875	90627393.4375	85960112.4375	85212678.75	57799040.625	85166329.21875	92671334.6875	101864066.25	107107474.25	115379679.375	88717176.5	164540936.75	94202815.28125	180061051.4375	168309759.3125	108131737.5625	124207272.0	81672870.375	130351778.6875	79422609.5	113838743.6875	130182942.875	168264756.8125
Q63610	Tropomyosin alpha-3 chain OS=Rattus norvegicus OX=10116 GN=Tpm3 PE=1 SV=2	230405037.25	170195756.671875	203364747.484375	155500141.90625	126442313.25	159270838.890625	175177035.75	198691867.65625	179342927.5	182799389.25	308599838.0	211091975.625	166259264.25	189649892.5	236152436.5	219578045.0	260444277.898438	199419855.8125	193434649.25	197531731.5	213076535.25	215188167.125	167656476.25	203539723.0	207351066.265625	214670348.65625	276674370.8125	229209881.0	203648430.359375	228535116.375
Q5BK63	NADH dehydrogenase [ubiquinone] 1 alpha subcomplex subunit 9, mitochondrial OS=Rattus norvegicus OX=10116 GN=Ndufa9 PE=1 SV=2	128528918.3125	132261632.9375	99122971.5625	125866463.375	164082579.5	126929652.5	153379813.0	166838110.25	198645491.0	153679827.0	133060105.875	133872130.375	155114029.5	204780178.5	165300426.25	174007798.0	134446747.875	194091050.5	141280407.5	123698577.15625	172915135.5625	185412188.75	129322536.0	142822840.75	197276598.0	266401864.25	176289903.125	197273715.125	170412637.875	209055887.875
B0BNA5	Coactosin-like protein OS=Rattus norvegicus OX=10116 GN=Cotl1 PE=1 SV=1	73637379.0625	31392751.96875	39413267.03125	70316734.40625	66529767.5	53341878.25	82042744.5	54696945.375	93304276.5	106068080.5	114493709.25	59151866.5625	68537577.25	165724780.5	118938556.25	78566330.3125	129242846.5	80084557.9375	118172631.966797	74552541.25	113252971.75	115501029.375	50357300.9375	127283993.375	84960138.6875	122592912.604492	48198712.6875	83893200.25	127523901.875	106879905.75
P62824	Ras-related protein Rab-3C OS=Rattus norvegicus OX=10116 GN=Rab3c PE=1 SV=1	177614252.0	152864990.25	158444852.125	180797675.4375	231752289.65625	163161972.765625	210426335.625	189835951.71875	305470103.578125	207524656.515625	153441495.5	195956667.65625	227466597.023438	323060155.734375	174785096.65625	265546394.0625	231765941.632813	253038376.25	220830317.257813	219659642.0	205316681.085938	274751989.75	160634216.0	183055492.125	289320797.75	334819950.140625	191084047.8125	337446836.875	212174152.992188	295554585.0
Q62717	Calcium-dependent secretion activator 1 OS=Rattus norvegicus OX=10116 GN=Cadps PE=1 SV=1	619929355.5	428147482.75	486698487.96875	602871940.5	776721786.5	550816496.492188	726156918.8125	550585603.8125	861203999.375	724867779.0	726712676.625	637908529.1875	875508753.8125	802390358.9375	720290095.1875	850880049.75	1028166025.28125	859130251.75	652645376.375	790611026.8125	766667163.6875	804349296.1875	675417873.5	729081973.25	960308741.5	1012486119.1875	693931185.25	993261174.4375	726511902.8125	988386255.375
O35077	Glycerol-3-phosphate dehydrogenase [NAD(+)], cytoplasmic OS=Rattus norvegicus OX=10116 GN=Gpd1 PE=1 SV=4	178349615.78125	144299895.109375	144656462.65625	152103756.25	129242971.03125	125880447.046875	240840932.4375	197601201.71875	227186568.6875	165769313.640625	228561843.75	192365222.4375	188838174.8125	219070038.5	180414678.65625	218897273.75	241955065.6875	194927661.53125	204539389.6875	180406136.4375	208460997.6875	262814684.625	182895670.75	244443127.1875	256042763.25	256593233.875	241847140.9375	249110359.6875	183999202.6875	248523824.09375
P35332	Hippocalcin-like protein 4 OS=Rattus norvegicus OX=10116 GN=Hpcal4 PE=2 SV=2	104185928.5625	70661363.03125	79812752.75	85313573.75	87362891.53125	79528482.0	100878582.5625	89038017.1875	113942321.0	107565553.75	102325023.125	101458983.195313	93626108.125	128505061.0	108692394.625	104203015.746094	105785022.125	114561887.164063	94362618.125	98719495.9375	116026782.375	107770251.1875	74981869.1875	113874020.75	113022810.0	145384015.625	130252447.625	120156871.90625	117766963.6875	139438041.21875
O35796	Complement component 1 Q subcomponent-binding protein, mitochondrial OS=Rattus norvegicus OX=10116 GN=C1qbp PE=1 SV=2	18295995.25	22448270.0	22480024.0625	30659793.4375	38835492.3183594	28218045.8125	42192539.75	30228586.75	49282978.875	36654872.75	13827170.015625	29295306.9375	31250463.5	50788368.25	27605304.5	53973718.625	38529031.75	41053643.125	44110928.125	45556407.1875	47258582.25	41990994.5	32146142.125	35795059.25	50093952.75	56758286.75	25578495.0	40986181.5	31467267.5	42073572.5
P61107	Ras-related protein Rab-14 OS=Rattus norvegicus OX=10116 GN=Rab14 PE=1 SV=3	160683674.703125	46954832.8984375	109881608.140625	444119903.125	245792162.6875	399893311.125	640493319.8125	276358690.6875	603837391.4375	694359364.75	233727502.75	91363834.875	799005818.78125	658890996.25	417150139.0	167592255.75	1047387037.625	860469073.78125	660626192.3125	714255948.40625	1010214433.84375	819329751.875	626664120.0	860444815.5	77501268.25	969396731.5	509927875.0	918954719.5	202432653.5625	390807022.75
P26772	10 kDa heat shock protein, mitochondrial OS=Rattus norvegicus OX=10116 GN=Hspe1 PE=1 SV=3	346860965.736328	382879146.9375	380542471.5625	450842687.625	384312779.0	417582678.5	460397427.75	483283943.875	562219003.25	382221800.0	426870581.5	480190994.0	433858821.0	528600407.25	498651381.0	555980667.5	494207382.75	473563987.5	544867586.75	543181694.75	575695518.25	532439207.5	359342472.125	514007864.5	542557306.0	674767268.5	594809508.25	558192471.25	583317403.0	596009177.125
Q68FR6	Elongation factor 1-gamma OS=Rattus norvegicus OX=10116 GN=Eef1g PE=2 SV=3	391991116.59375	201865919.625	263549803.273438	242207307.25	298628270.3125	208681155.6875	280073619.6875	185516956.9375	306279406.0	274669155.75	306272058.21875	237325055.0	291117985.25	361565552.125	217701551.625	303064243.875	353315581.21875	321920070.0625	271946363.625	234958701.25	333465505.1875	320598660.1875	259075610.25	273013183.0	273280792.75	381640694.5	255769142.75	332143466.6875	246657781.5625	381389930.75
P12369	cAMP-dependent protein kinase type II-beta regulatory subunit OS=Rattus norvegicus OX=10116 GN=Prkar2b PE=1 SV=3	108101797.75	103838363.875	109218355.75	186772282.375	229833733.75	122523557.6875	187767142.5	151420323.4375	329049699.875	184888326.1875	120546619.75	160953923.8125	215353824.75	195608061.0	182800443.625	263016681.0	262569186.75	212635731.25	222925581.75	237808451.625	300654173.4375	280647496.5	170405958.25	196584692.0	255882796.875	294984691.75	223823701.25	275738919.5	192812019.375	287960236.0
P84245	Histone H3.3 OS=Rattus norvegicus OX=10116 GN=H3-3b PE=1 SV=2	2395210.3203125	496375.5390625	2886477.875	3364424.875	17200266.453125	82319.3359375	7392183.75	628948.59375	13925145.25	16208064.375	620888.03125	1381934.8515625	6364213.9375	10418010.4375	1043753.68359375	9267990.625	5616503.734375	12142330.625	6861644.875	40801802.5	14684848.5	7069297.65625	8764572.9375	12133613.125	6029231.421875	15040177.5	2117203.1328125	12096128.75	5420914.78125	13877523.0
P09626	Potassium-transporting ATPase alpha chain 1 OS=Rattus norvegicus OX=10116 GN=Atp4a PE=1 SV=3	247636881.46875	207582169.0	233998667.0	291544680.875	268068006.75	257981740.625	295928250.125	207434766.75	268180893.875	195049246.75	245977264.9375	217756935.25	273250783.75	288183741.625	250244363.625	314573678.25	276600436.5	331477001.25	276873898.25	270598317.625	285627916.25	227754836.0	198176029.6875	363369548.875	304990165.25	311550906.375	258833076.0	281480544.25	356983861.5	255270170.0
P0C1X8	AP2-associated protein kinase 1 OS=Rattus norvegicus OX=10116 GN=Aak1 PE=1 SV=1	546678620.09375	266495702.125	563480807.869141	367768359.6875	334396468.0	280900029.125	232766044.25	279252377.0625	368656385.125	370770668.339844	379042577.75	472720388.625	343380302.75	413636630.0	407772736.890625	401926701.4375	424893728.1875	446924601.9375	312936020.125	303111543.994141	373307817.375	385047356.3125	303711054.5	349777588.09375	362564389.75	511118427.125	536944506.125	333347836.625	466507214.25	546722220.4375
A7VJC2	Heterogeneous nuclear ribonucleoproteins A2/B1 OS=Rattus norvegicus OX=10116 GN=Hnrnpa2b1 PE=1 SV=1	143098879.203125	89073782.0625	110583520.8125	169361988.125	139987097.78125	154924757.1875	104885607.4375	117703735.359375	165057451.625	137273333.21875	107327312.625	98365036.0	115612685.59375	132526640.5	98916286.6054688	123432619.78125	141900437.75	126678326.125	123624013.53125	133873929.375	131493304.875	130376722.125	105973886.0	145253798.625	166015772.375	180698192.75	194702651.875	138696204.3125	133331634.5	149223138.625
Q99PD4	Actin-related protein 2/3 complex subunit 1A OS=Rattus norvegicus OX=10116 GN=Arpc1a PE=2 SV=1	274024322.375	209963028.03125	275136673.289063	198414695.87207	239193931.395508	166853201.0	232135490.75	179771499.34375	266502633.0	209145615.546875	275202914.136719	266272901.847656	219961634.71875	255841993.875	224398304.84375	289782585.078125	294452174.238281	280587912.148438	221194710.597656	212124488.804688	270135278.011719	283994149.203125	230777729.15625	212924238.53125	218031197.96875	363069783.5	324774758.25	277816236.957031	335157663.75293	329941931.421875
Q63716	Peroxiredoxin-1 OS=Rattus norvegicus OX=10116 GN=Prdx1 PE=1 SV=1	143777786.125	141651468.6875	106193224.09375	149969310.4375	186239109.15625	137218293.875	386629616.5	178383481.0	269697584.0	240849702.25	249113189.5	175348036.25	253177469.25	270202533.5	255247458.25	252460417.0	360406267.75	245221792.75	256800125.0	266214572.25	341535129.625	369209004.75	280304463.375	238284337.5	314137888.5	347123251.5	206034431.4375	359826769.25	235086702.1875	305963595.9375
Q64578	Sarcoplasmic/endoplasmic reticulum calcium ATPase 1 OS=Rattus norvegicus OX=10116 GN=Atp2a1 PE=1 SV=1	1075217909.1875	580737736.890625	751425394.6875	734931654.875	717750962.53125	731239434.0	536505729.875	624779470.8125	817369508.6875	674974132.625	960017037.1875	843767751.75	622575271.125	745154881.0	798400291.5	859004924.5625	776164241.5625	744245577.0	706288063.8125	534867902.796875	703276750.875	782278248.9375	571202858.9375	655495298.0	660838584.0625	935797271.875	905979941.375	712873884.375	772813457.0	832027292.75
P04631	Protein S100-B OS=Rattus norvegicus OX=10116 GN=S100b PE=1 SV=2	30601371.375	26345454.625	28694329.9375	77433907.25	142778955.25	24545294.5	186279911.0	25007123.875	166681496.75	128358027.75	27166202.25	52916739.5	127076397.25	166335786.5	74126293.0	156529211.0	106059469.5	142952156.5	108452301.5	221458514.0	176934109.25	133224635.5	130736583.5	131310306.0	164984623.0	175010722.25	63814055.375	143368931.0	72341311.0	156518682.5
B5DFN2	S-adenosylhomocysteine hydrolase-like protein 1 OS=Rattus norvegicus OX=10116 GN=Ahcyl1 PE=1 SV=2	218574381.6875	126750558.0625	272780696.703125	198092920.59375	315092153.835938	161896814.6875	346255515.75	151275834.09375	357038314.0	342689217.625	191254941.9375	202897719.0	282362058.5	340960274.25	291530630.25	341053507.5	336203524.75	335241993.0625	308606937.75	188196523.875	383093165.75	282034626.875	256485018.875	311127509.0	238971443.0	317228106.125	216179069.453125	319242889.0	245122248.4375	369429411.375
P0C5X8	Protein tweety homolog 1 OS=Rattus norvegicus OX=10116 GN=Ttyh1 PE=1 SV=1	79219012.7460938	83238367.75	62041679.75	71850498.75	79384803.625	67608196.5	137255726.5	92863220.5	116451304.5	92015435.3125	119936531.875	103591358.0	84640804.0	107995191.25	91864233.25	106556584.5	77792487.75	91914459.75	89948244.0	59843182.625	112425023.5	96220613.75	81209587.75	136673305.0	114410770.5	121484992.5	117754560.5	100353883.25	109726220.5	100474695.5
Q641Y2	NADH dehydrogenase [ubiquinone] iron-sulfur protein 2, mitochondrial OS=Rattus norvegicus OX=10116 GN=Ndufs2 PE=1 SV=1	133471529.5625	146084729.803711	202363835.125	169644743.726563	170964325.90625	157807510.234375	373776193.5	210559501.058594	254087382.914063	289435241.03125	216514215.1875	221679191.279297	221244616.246094	241317707.238281	208442277.6875	308314507.875	324252328.5625	232775642.3125	250657629.0	214144894.796875	317389036.109375	296892041.796875	280038044.462891	291743308.841797	277900331.976563	246176851.5	259904544.382813	340757136.34375	223318711.648438	239077198.0625
Q5PPN5	Tubulin polymerization-promoting protein family member 3 OS=Rattus norvegicus OX=10116 GN=Tppp3 PE=2 SV=1	48588182.53125	36036844.8828125	54077576.046875	74114421.75	57596259.875	39540048.1875	101911807.125	41273290.15625	77047006.25	69754948.0	45309436.65625	62125425.4375	35368362.75	76157129.8125	108079212.25	69001740.25	57043782.1875	81408096.125	104367507.875	72325657.78125	99397272.125	111466188.625	54597053.0625	123160334.9375	100532401.5625	50041152.625	60546050.375	56672088.71875	100674184.625	79936425.1875
P69682	Adaptin ear-binding coat-associated protein 1 OS=Rattus norvegicus OX=10116 GN=Necap1 PE=1 SV=1	71301235.53125	74207663.625	56440276.46875	79836736.671875	87300704.8125	110584938.125	89975185.1875	110323429.6875	104602123.25	93214867.25	103654367.5	101236029.125	80594294.125	123451390.0	118234390.875	111544139.125	89471143.25	93218599.25	122861180.75	91288898.0	104203094.9375	111915032.75	79360147.5625	88088817.5	104695163.25	126345848.625	117246825.25	93819348.0	92319478.875	120104435.1875
Q62952	Dihydropyrimidinase-related protein 3 OS=Rattus norvegicus OX=10116 GN=Dpysl3 PE=1 SV=2	1173647529.8125	910219093.4375	939124974.625	1186394729.95313	1022445689.5	1376362149.09375	1151210679.5	1124308085.75	1212366978.625	838783939.75	1635181179.75	1278450508.375	1068197634.25	954509000.5	1420094566.85938	1343903267.5	1486251364.75	1234764742.0	894407653.875	936178200.375	1266142473.25	1184068302.125	1078845707.25	1375896010.875	1153304732.5	1568115436.75	1469659755.75	1241418746.125	1225462346.125	1433011878.0
B2RYG6	Ubiquitin thioesterase OTUB1 OS=Rattus norvegicus OX=10116 GN=Otub1 PE=1 SV=1	87802328.75	84626847.5	79239548.0	90746921.0	108247550.25	94752360.5	104143142.5	89253109.75	105093289.0	95151724.875	92662347.5	82940806.5	92554367.25	119711318.25	75946132.75	96753499.75	97987262.25	100226412.5	92056398.5	59990218.1875	104725474.75	88991687.75	74955024.5	68323697.25	93358916.5	112997871.5	71495648.5	106430610.5	70907984.25	98774001.125
P85969	Beta-soluble NSF attachment protein OS=Rattus norvegicus OX=10116 GN=Napb PE=1 SV=1	83212259.671875	61379890.515625	59689758.2109375	92235937.3125	99405969.90625	43440822.84375	150701701.5	84113279.9375	139487946.5	166248733.59375	165499695.40625	83044041.375	117615306.0	134654548.765625	104381524.6875	130461716.8125	159598594.25	127163869.25	118538306.257813	133192887.109375	199331596.507813	112675040.0	155511144.4375	127390054.625	142124210.515625	151193218.75	101032551.0	178235234.75	98480491.5546875	150849017.5
Q5BK56	Glutathione S-transferase Mu 4 OS=Rattus norvegicus OX=10116 GN=Gstm4 PE=2 SV=1	76879412.5	67436881.75	71298576.75	55472971.0	53298467.0	54978996.25	63967448.625	65459267.5	78500520.75	49903309.5	59313388.5	66312655.625	51994585.5625	80853651.25	42673242.0	72501037.5	64687133.125	61358173.5	52169754.375	38342252.375	65934773.25	76234946.75	44455197.625	59454405.75	63792549.25	92405972.0	64374898.5	82281327.25	68418483.5	67659574.46875
P35435	ATP synthase subunit gamma, mitochondrial OS=Rattus norvegicus OX=10116 GN=Atp5f1c PE=1 SV=2	129584627.25	101338597.351563	119529241.3125	150716013.75	193431277.125	149105539.875	318122148.25	175285804.0625	288861400.5	248630126.0	192387148.53125	184161110.5	227804230.5	287039521.0	209364537.8125	272610054.75	265765258.75	210284139.5	273272247.5	164748784.75	293398114.5	288722495.125	243110855.9375	268456571.25	327532343.5	317213069.25	235461458.25	341850020.0	253670135.125	289033126.375
Q9Z0V6	Thioredoxin-dependent peroxide reductase, mitochondrial OS=Rattus norvegicus OX=10116 GN=Prdx3 PE=1 SV=2	22611018.875	25971443.828125	34293948.875	45457170.4375	47208836.21875	41245530.375	85666951.8125	43698699.375	82456394.375	42906232.0625	38658369.625	41481506.125	58202839.0	64045298.75	54526768.828125	71641945.5	64466140.625	49348003.5	65686772.6875	48068925.875	83535968.375	58534325.625	53560801.75	62555252.0	78019025.0625	77621034.5	45761209.5	68348999.75	48626908.4375	68197590.375
O35264	Platelet-activating factor acetylhydrolase IB subunit alpha2 OS=Rattus norvegicus OX=10116 GN=Pafah1b2 PE=1 SV=1	49749816.9375	30672763.3125	25071582.1875	56888331.5	65962835.5	35738387.65625	86223795.5	48530269.71875	79184933.0	70356478.25	46055161.59375	56139351.25	61873111.0	75126496.125	84788774.875	72844013.0	77319953.0	67833051.375	93013250.75	86058226.0	112903913.0	85989270.5	66504585.125	88341385.25	75775008.125	92890188.75	50892392.5	77788729.125	64628065.25	101772998.5
P19234	NADH dehydrogenase [ubiquinone] flavoprotein 2, mitochondrial OS=Rattus norvegicus OX=10116 GN=Ndufv2 PE=1 SV=2	777269976.5	425570631.53125	975606348.0625	453475700.75	459060466.625	429079660.125	465915116.875	347722279.0	464080571.125	466189821.5	563313104.828125	659699386.0625	397744941.0	653380290.875	481276735.8125	635586002.25	608527260.625	553600232.9375	397959370.625	313339701.1875	430850613.875	496732242.0	327343100.125	292159140.0	393913800.0	604251780.625	694016152.3125	523801689.75	352016787.0	703785875.5
Q62718	Neurotrimin OS=Rattus norvegicus OX=10116 GN=Ntm PE=1 SV=1	11763817.375	34562302.875	40888449.1875	46710053.0	45648702.6875	32847947.375	48895142.4375	31706251.875	60360613.0	40195325.625	17945892.75	28380123.875	37373726.25	30716932.5	19034761.75	44441572.5	39929069.25	42526939.625	37206345.25	35420300.5	48626213.5	33481742.1875	32337802.6875	48349557.5	60814872.75	65784881.5	34006092.8125	59787733.90625	34997612.0	44026885.75
P19332	Microtubule-associated protein tau OS=Rattus norvegicus OX=10116 GN=Mapt PE=1 SV=3	253573150.171875	198063945.34375	175647727.953125	245226116.71875	225036280.375	288810268.6875	310229495.4375	271448925.375	319733247.09375	230893540.15625	273040933.234375	254235708.9375	236696290.65625	322039435.328125	314836387.296875	294474849.75	300752707.0	264546627.0	306257782.875	267814735.4375	322578484.363281	329520295.6875	229558792.349609	312277702.078125	288844925.3125	345915494.636719	358082026.125	349928762.0	276897796.777344	337642635.5
Q9Z1B2	Glutathione S-transferase Mu 5 OS=Rattus norvegicus OX=10116 GN=Gstm5 PE=1 SV=3	100212032.375	107374908.625	95821047.5	104103331.5	104486472.75	121896667.25	214917150.1875	111681222.5	173625581.75	140054909.0	156472948.375	136567496.5	112009543.375	222669207.25	139992275.25	216795229.5	261706746.75	163742724.25	151219805.875	162375963.125	185261570.4375	209638165.75	188596143.0	205728046.0	156799029.25	194540465.25	201757229.75	265528491.375	167262722.0	243456981.75
P13086	Succinate--CoA ligase [ADP/GDP-forming] subunit alpha, mitochondrial OS=Rattus norvegicus OX=10116 GN=Suclg1 PE=2 SV=2	551529059.84375	494412938.097656	344031268.65625	477587618.1875	501443581.6875	310790768.351563	681031119.375	396304559.25	510109128.875	478271337.5	516841128.9375	394137580.5625	652976342.625	627586965.1875	511611425.625	623445517.3125	1645014672.125	1346434835.875	1139560467.75	1329046907.375	1601345737.75	1481753558.125	1998356253.5	1143933038.78125	1596901492.25	1308662528.875	856596516.375	1680200067.125	860144958.96875	1083717827.75
Q6PST4	Atlastin-1 OS=Rattus norvegicus OX=10116 GN=Atl1 PE=1 SV=1	249006778.085938	313675921.609375	239808889.765625	287274419.8125	211461634.03125	252237975.40625	155256991.625	238629834.375	228025384.765625	182677833.6875	354361918.6875	364035953.5	179442984.375	217122178.0	228829632.75	225209855.625	223730270.25	239218220.9375	191867187.25	173776661.8125	195637842.4375	174660723.1875	124504225.3125	255367039.5	151173234.75	265947744.5	442740065.125	211242438.125	355271766.375	249393821.0
Q6IFW6	Keratin, type I cytoskeletal 10 OS=Rattus norvegicus OX=10116 GN=Krt10 PE=3 SV=1	114159527.3125	93920154.1875	91481951.421875	126725640.96875	170798616.90625	66707135.9375	279832240.296875	104180455.3125	208393078.542969	179380684.074219	236957639.625	124207967.46875	228306393.8125	221019555.53125	236877086.375	268016718.0	374426125.375	204791485.0625	236338876.90625	210952104.25	314995892.0	360085652.0625	330129014.25	225536129.5	246771467.125	261091493.5	194914487.09375	263958626.875	197912117.28125	296886821.0
Q1WIM1	Cell adhesion molecule 4 OS=Rattus norvegicus OX=10116 GN=Cadm4 PE=1 SV=1	52066931.5625	47510943.25	30634166.5	104117508.4375	43612008.15625	87526532.6298828	112933124.1875	79166499.0	96998761.1015625	88614470.375	105820872.875	80061226.84375	83725735.125	51092972.4179688	105180396.0	104504055.875	84689508.0	71411229.0	50358683.9375	118824776.59375	75983830.6015625	72205226.75	46872753.875	91865089.75	68159109.25	93147604.75	102129787.8125	69167264.0	65868885.125	71028747.5
P56574	Isocitrate dehydrogenase [NADP], mitochondrial OS=Rattus norvegicus OX=10116 GN=Idh2 PE=1 SV=2	61327789.6875	55619439.8125	62656725.71875	102641266.875	108610113.125	59829973.53125	118866340.5	57509264.21875	158637304.375	120759070.744141	64977183.65625	95656231.4375	128147520.25	139450691.9375	101999632.625	130403480.375	146189656.25	133990902.75	126426585.75	112342647.84375	145118538.9375	126889996.0	105831610.5	107972920.25	135201371.548828	172643405.375	78816269.875	142326466.5	124011420.625	141468740.25
P86252	Transcriptional activator protein Pur-alpha (Fragment) OS=Rattus norvegicus OX=10116 GN=Pura PE=1 SV=1	60629797.5	55430027.8125	53419682.5	56153439.0	74721701.0	56258669.875	80815649.5	58225643.5	87278245.25	61217602.25	42821500.5	60509534.0	73589078.0	66061854.0	53609908.5	69107984.375	67635585.75	67782442.5	67662349.0	73244100.375	71597803.125	80499071.25	53295093.625	77193162.5	75424487.5	96422593.5	64647012.0	76076247.0	65608954.125	82220687.25
Q62636	Ras-related protein Rap-1b OS=Rattus norvegicus OX=10116 GN=Rap1b PE=1 SV=2	155771914.375	106814733.625	138401166.75	180550850.75	147187989.5	144203246.125	247049957.5	136847476.625	195923674.5	161846697.5	238177628.75	174061275.625	196377473.25	238550660.5	216309440.25	226959311.5	273613573.5	203459314.5	195576156.8125	164987094.0	237363489.5	225084785.0	178687071.5	229893400.0	196098287.5	258451577.5	209351781.3125	230147518.0	165112592.5	269714482.125
P20760	Ig gamma-2A chain C region OS=Rattus norvegicus OX=10116 GN=Igg-2a PE=1 SV=1	154182780.5	98084080.4375	107796701.984375	145997705.875	175685053.875	109664740.25	167040736.375	96349863.625	149010258.25	169200327.1875	147407219.625	121176327.875	175931985.375	174999593.875	144661041.25	189471145.0	244123857.625	202209712.8125	159971830.9375	154539041.5	192954420.0	181305688.875	175630867.4375	169596054.375	183540448.75	261797723.1875	142219094.0625	183299528.625	141337894.75	212067407.0
P11348	Dihydropteridine reductase OS=Rattus norvegicus OX=10116 GN=Qdpr PE=1 SV=1	378908815.40625	466368786.25	324532414.09375	297770930.375	179794311.125	322754609.125	211520118.0	169279047.875	197746288.0	164892248.0	192523686.59375	345723020.0	238256507.25	233835923.25	344722269.0	279684401.75	286291730.59375	316294367.5	271345764.5	226817267.375	249647587.25	263960006.75	153891588.5	314991949.5	207684499.25	360412249.0	263505218.75	255012290.75	239837771.875	219452246.5
O08557	N(G),N(G)-dimethylarginine dimethylaminohydrolase 1 OS=Rattus norvegicus OX=10116 GN=Ddah1 PE=1 SV=3	293704279.75	143600851.875	247356627.9375	184182854.1875	165340507.875	160474310.5625	183602019.6875	139064120.25	181455461.625	149182532.75	173702448.75	180972102.875	156927063.667969	173874197.0	187201821.5	189712038.25	178960779.75	174803497.6875	182841103.75	162719871.4375	190852974.125	171236059.875	125600343.25	170396945.75	141892821.976563	215777787.75	216244840.0	170349919.125	223345456.25	181022091.75
P00762	Serine protease 1 OS=Rattus norvegicus OX=10116 GN=Prss1 PE=1 SV=1	141877648.0	153221092.375	99483036.0	226096874.25	383206590.875	93615331.75	509844304.875	155403400.125	378426533.75	350640310.5625	170750645.625	151826480.125	544826009.75	481745174.75	234186924.0	433545463.25	1305936339.0	1015734028.5	907453348.75	1025421697.5	1282583122.25	1223973777.0	1767179340.0	602645393.0	1455234107.9375	1102572419.0	313873331.5	1236993716.0	378301456.0	885068490.5
P62963	Profilin-1 OS=Rattus norvegicus OX=10116 GN=Pfn1 PE=1 SV=2	92906391.75	59336337.0	104707377.0	105025890.25	83751598.25	76534638.0	68846078.0	85365150.125	97471944.0	95018613.25	141205275.9375	75151703.5	107764280.75	135438026.25	106336392.25	88532527.75	165118947.25	89167705.75	107955948.5	79308367.0	131912702.5	81303383.0	112237823.0	92551404.5	132283576.0	154855462.75	51145582.25	152158079.5	148315245.5	99088009.0
P14408	Fumarate hydratase, mitochondrial OS=Rattus norvegicus OX=10116 GN=Fh PE=1 SV=2	144925862.195313	141082974.5	178232153.5	141113849.25	196917551.125	143511487.0	195026351.875	160839379.5625	187514532.0	100904163.96875	105946510.0	157872938.25	182203442.96875	221296686.5625	214018740.375	216917907.125	150136782.1875	196299211.25	145329746.0	150183306.25	162823247.0	235563401.0625	123813556.9375	215503441.0	191792028.625	186609496.375	145262409.75	151738095.3125	142205087.0	206410449.3125
Q3T1J1	Eukaryotic translation initiation factor 5A-1 OS=Rattus norvegicus OX=10116 GN=Eif5a PE=1 SV=3	94601431.21875	46176775.03125	166290797.617188	74583683.0625	66012029.96875	38669676.3125	67033689.75	40896066.28125	90198278.25	68373285.25	60184284.71875	69090351.0	65270766.75	82355995.625	78375572.0625	89955235.5	85069075.90625	72760474.0	54106547.375	54179076.5	80372637.25	68785120.1875	59593670.5625	73073679.5	58247943.5	105525923.8125	73676719.5625	82929321.375	79375300.75	99136099.625
Q9WVB1	Ras-related protein Rab-6A OS=Rattus norvegicus OX=10116 GN=Rab6a PE=1 SV=2	88519273.25	72821965.484375	78631049.5	108455475.164063	156820049.6875	72158993.2734375	189114799.1875	76528118.828125	122322497.121094	72216464.2539063	83642641.25	79022918.3398438	101249160.245117	141985974.75	83357834.125	120451624.28125	198593975.5625	92691650.96875	99024763.375	136528497.253906	185491461.8125	182794805.53125	84322361.65625	99312245.3125	121338083.0	158244599.71875	73489834.9375	208199086.25	82349058.796875	110898306.470703
P63331	Serine/threonine-protein phosphatase 2A catalytic subunit alpha isoform OS=Rattus norvegicus OX=10116 GN=Ppp2ca PE=1 SV=1	4937321.125	7796910.859375	7031470.6875	10661139.625	12262666.375	5867186.0	8846275.625	9073005.8125	12418174.0	8881820.25	12346296.0	7046213.25	6525562.0	13537460.25	11216903.0	18070548.75	11173704.0	12933061.5	14136209.75	11779716.875	13563998.5	8229429.25	6370471.25	5105025.375	9969481.875	11492913.25	8811276.875	13125197.0	9911561.0	9835781.875
P12785	Fatty acid synthase OS=Rattus norvegicus OX=10116 GN=Fasn PE=1 SV=3	297081270.8125	281821552.96875	260187267.59375	323571512.375	373476866.5	377957676.3125	336836267.625	296344184.625	398263356.125	342584704.46875	302737857.40625	333078044.5	345816220.59375	387736712.1875	448285666.0	430370288.75	449579465.3125	381706125.4375	408584268.25	277413867.234375	385571591.375	415120077.71875	300665928.859375	386428899.40625	382700467.5	503118428.125	405382684.375	382571986.3125	365534477.125	448981138.8125
P85971	6-phosphogluconolactonase OS=Rattus norvegicus OX=10116 GN=Pgls PE=1 SV=1	33336103.375	30741241.1875	25026309.0	37219627.25	27721097.75	17674929.0625	51690906.25	19460842.375	31490569.0	35325507.5	35090812.75	25851677.125	29338188.875	30951182.125	58059927.5	46053418.0	42110324.75	33048435.0	32615341.5	26513602.125	55167258.75	40580455.75	36638515.5	52398112.25	21359473.0	54853331.0	39121969.75	33363019.5	47092719.0	40624839.75
P60881	Synaptosomal-associated protein 25 OS=Rattus norvegicus OX=10116 GN=Snap25 PE=1 SV=1	114102886.5	114839873.0625	142784484.234375	169739330.0	116642983.34375	155751587.6875	96233497.1875	143268977.09375	152682884.0	108995843.8125	112479275.5	150570674.21875	148071390.875	154554325.5	144705249.25	206197478.1875	153258869.75	215618424.8125	183431354.0	177872810.875	269192042.375	177004432.3125	158774079.5	249954280.25	187050326.0	174513232.75	222746264.65625	153788011.875	202629858.0625	201208297.0
P63086	Mitogen-activated protein kinase 1 OS=Rattus norvegicus OX=10116 GN=Mapk1 PE=1 SV=3	1195264649.90625	520681921.515625	890987488.0	541110067.5	302197485.0625	521967327.0	239477460.375	497509145.4375	387918542.75	300299733.0	690843939.25	732386696.125	292803293.375	268205548.25	438192581.75	385464015.75	451089549.5	443265287.0	332643585.5	286077505.125	292103761.3125	349380208.0	79496671.375	487792340.75	278840947.75	443246295.375	965811442.5	120346871.75	689893862.5	439121154.25
Q812E9	Neuronal membrane glycoprotein M6-a OS=Rattus norvegicus OX=10116 GN=Gpm6a PE=1 SV=1	399352754.044922	412082002.21875	403192488.265625	489098876.851563	567410651.5625	484063984.884766	488022254.40625	530486577.464844	864837702.3125	644645344.625	561336082.964844	603877694.3125	590641422.1875	611473071.75	495943618.542969	684412228.8125	686184499.25	662568096.875	525844976.09375	659800052.310547	565430083.984375	622452981.125	454607657.0625	495673302.25	726772587.960938	818241226.902344	662494222.0	859558051.25	598591884.84375	708776209.75
P62749	Hippocalcin-like protein 1 OS=Rattus norvegicus OX=10116 GN=Hpcal1 PE=1 SV=2	49591843.875	23952206.9375	40072423.25	33524241.25	41871076.75	22044878.5	67235896.5	22142101.125	52341040.25	51318192.0	39628010.0	29772128.1875	46660509.5	48451038.125	37069672.0	45956617.0	48525576.625	55954286.0	50265956.375	66081037.1875	71021800.5	36188400.75	53583032.0	89292338.0	43124188.125	42963996.25	31352488.625	52554807.625	42420642.0	55415775.75
Q5PQN0	Neurocalcin-delta OS=Rattus norvegicus OX=10116 GN=Ncald PE=1 SV=3	42287604.8125	41533685.5	39070032.875	61211404.96875	82182444.96875	57242142.875	29446345.5	49818272.1875	48818265.46875	34330208.0625	28957691.5	37477810.5	36526170.34375	34627403.0625	53671877.25	37863518.3359375	37293761.34375	40363622.125	40664629.0	31808489.0	34896567.0	43926365.296875	28215147.125	32743901.3125	45119337.3125	58911975.1875	46048036.75	36039816.9375	41648307.5	81377643.875
P62828	GTP-binding nuclear protein Ran OS=Rattus norvegicus OX=10116 GN=Ran PE=1 SV=3	30399870.5	30306385.25	32634680.75	29945606.1875	27498930.0	38262002.75	22202915.5	47330695.5	46066723.5	44492524.5	62068521.5	52283542.0	38720418.0	56308983.0	44224405.5	56502938.5	47554946.0	45710811.0	26386716.5	48863737.0	57888234.0	47380954.5	37946094.0	28289530.0	49306946.0	48349587.5	63027363.5	54194452.0	37431730.0	48262266.5
P33124	Long-chain-fatty-acid--CoA ligase 6 OS=Rattus norvegicus OX=10116 GN=Acsl6 PE=1 SV=1	170491978.375	153959593.71875	151080842.6875	202819604.25	200495767.4375	179221026.0625	219358922.0	208054384.0	295280897.4375	166445462.75	266436776.125	203043902.125	223461030.25	244897223.0	205149210.5625	219962299.125	264416628.125	214409187.125	212439061.25	220239798.8125	256697143.59375	259395007.25	200565759.9375	259885173.25	238704821.4375	296759434.25	267358580.5625	253426146.0	269948410.0	260953546.75
Q7M0E3	Destrin OS=Rattus norvegicus OX=10116 GN=Dstn PE=1 SV=3	54486690.625	56704820.265625	70046618.9882813	64583661.25	83242368.84375	57689701.2890625	78846385.625	89667237.953125	116665995.0625	83599133.890625	80297818.4375	105008060.625	94247659.890625	99933962.625	99491881.59375	107604689.8125	113383616.25	107382056.6875	105906303.5	76290400.53125	121636935.625	106262526.0	79167745.484375	98739986.09375	107692034.875	136715537.75	93587104.75	110733419.25	96282439.890625	105888173.125
P63004	Platelet-activating factor acetylhydrolase IB subunit alpha OS=Rattus norvegicus OX=10116 GN=Pafah1b1 PE=1 SV=2	400786891.59375	223316141.03125	293384500.1875	237310497.4375	245906034.1875	235811560.625	241768267.460938	217649381.53125	309540548.3125	243535379.25	315186864.90625	337047737.625	270416268.25	353821939.75	230169454.90625	329602190.65625	367823364.0	290466311.625	226976880.46875	243415308.296875	314929432.34375	310179133.4375	231906822.8125	266564415.03125	297900391.0625	330028947.5625	458375558.625	279360155.703125	317277869.875	378867889.140625
P46101	A-type potassium channel modulatory protein DPP6 OS=Rattus norvegicus OX=10116 GN=Dpp6 PE=1 SV=1	87725029.5	77590457.625	69835857.25	86283554.5	106472506.75	81627711.6875	122032001.5	82104364.6875	121636194.625	129453062.875	74143864.0625	87424141.3125	99267870.0625	138773662.5	142014413.25	138648596.75	145726391.5	95567862.875	136565204.125	97622066.375	154363703.625	126281456.625	106249647.875	131934893.59375	102585904.875	175709072.5	103884173.375	115441081.0	109067202.0	142925881.75
P54921	Alpha-soluble NSF attachment protein OS=Rattus norvegicus OX=10116 GN=Napa PE=1 SV=2	163804355.0	155299725.375	185389212.625	187890503.0	196079542.875	160198060.8125	189100397.5	189074477.8125	282866885.125	212121184.5625	189777486.875	189923095.5	229070500.25	327246082.75	202088724.75	265667400.0	248767831.625	229868955.875	244179470.0	231833009.9375	237607834.75	252203488.375	174733130.5	177618459.25	278015747.0	315650323.5	214515432.75	252627942.375	222248000.25	293947931.5
Q00715	Histone H2B type 1 OS=Rattus norvegicus OX=10116 PE=1 SV=2	252848238.96875	232306052.416016	261007701.197266	323378137.75	369985539.664063	229050171.046875	433733614.525391	257578144.4375	525529821.776367	465636105.796875	290878595.5	296863435.109375	373770454.78125	406080044.148438	309125016.988281	404921411.0625	504204734.194336	508049887.160156	365272277.5	530820605.140625	456681403.59375	483100338.5	445172125.375	753943995.0	490169046.671875	609403810.438477	349921156.28125	593596877.125	380057004.304688	545451053.25
Q6DGG0	Peptidyl-prolyl cis-trans isomerase D OS=Rattus norvegicus OX=10116 GN=Ppid PE=1 SV=3	67483144.0	60912243.625	56825411.5	69451126.0	70353159.0	41980571.25	81748747.0	69946790.5	95968506.5	73077444.53125	83469953.0	70403406.75	97595245.0	98571514.5	72219844.5	111459082.5	105954175.375	71941014.0	88053206.25	97212435.171875	109753811.25	108443649.75	74751788.375	91324303.0	88836518.0	110568621.5	90917939.0	105804999.8125	86441046.5	90439737.0
Q01062	cGMP-dependent 3',5'-cyclic phosphodiesterase OS=Rattus norvegicus OX=10116 GN=Pde2a PE=1 SV=2	139568392.902344	126579805.773438	144413289.861328	146608802.976563	172272182.125	123107928.75	197374509.25	145069688.78125	213911734.46875	198271623.375	216171923.375	170108926.710938	166782928.25	199384062.875	166609859.625	211497203.039063	217468923.125	198593740.75	169429822.5	216018585.71875	289572956.875	203804976.625	171106122.3125	282056764.609375	203268503.0	219076569.75	198501605.5	261686548.125	220866428.875	206065806.59375
P10888	Cytochrome c oxidase subunit 4 isoform 1, mitochondrial OS=Rattus norvegicus OX=10116 GN=Cox4i1 PE=1 SV=1	880133532.875	572304038.328125	585264783.75	731500749.125	787258687.625	706705569.9375	914520024.5	757693669.875	929958536.625	871298433.75	1125053896.0	839813774.25	839687096.375	1071390465.25	903824527.25	1070038983.0	1085079195.0	964074818.0	911241039.0	658313773.6875	1024387921.875	1131616273.5	861785712.0	905382064.0	967267483.5	1223712735.0	988485651.75	1039001893.5	948951870.0	1281428225.0
P14668	Annexin A5 OS=Rattus norvegicus OX=10116 GN=Anxa5 PE=1 SV=3	153428600.59375	172039078.0	109367449.6875	176608929.875	168937147.5	158106167.25	178988269.625	167531279.125	210757596.75	149288306.875	207311226.1875	192572995.625	183288294.5	206519893.0	172676668.875	220218045.0	221983806.625	228774178.25	134861661.75	234208758.375	228080119.75	181981952.375	190483509.25	201560460.5	187627141.5	250811598.5	200357931.375	200153810.5625	194924222.25	213262544.5
P54708	Potassium-transporting ATPase alpha chain 2 OS=Rattus norvegicus OX=10116 GN=Atp12a PE=1 SV=1	591233661.9375	394344685.710938	470952325.4375	436598732.4375	405048344.15625	531941091.25	422479871.609375	438439253.505859	471288394.244141	374643633.5625	560050967.5	508272702.25	378206684.5	510227647.5625	516057308.25	476340566.5	491780631.375	446579097.382813	424498644.736328	317461515.65625	446614794.40625	412822739.65625	287058375.5	412209924.058594	372024034.945313	499445175.9375	548214593.625	460906828.015625	474228920.4375	410846354.0625
A0A0G2K5L2	Mitochondrial glutamate carrier 1 OS=Rattus norvegicus OX=10116 GN=Slc25a22 PE=2 SV=1	67862853.125	26280845.125	115350545.875	17775297.75	28942556.25	33212603.9375	28990820.5625	19470089.875	49331776.0	30155562.625	39254495.0625	31879425.875	30150488.25	47800500.75	33417773.125	58159605.75	35579380.375	45084606.0	27345783.25	36521506.0	30883873.5625	36074270.25	24032965.5	25686896.25	43637222.25	74327786.0	16105647.75	47586137.5	32546158.625	50777019.75
P14604	Enoyl-CoA hydratase, mitochondrial OS=Rattus norvegicus OX=10116 GN=Echs1 PE=1 SV=1	102158936.1875	49691008.25	60964971.8125	102683173.25	101103680.25	130742411.75	207467672.4375	92320930.9375	158334053.25	165000713.625	162668476.1875	110694566.0	101671932.125	148096652.5	162689389.875	184502998.25	209157367.5	116385887.5	169844534.625	112268854.875	149187021.625	131709179.25	191255898.25	150763603.875	125584906.0	167306909.625	119151649.4375	240684629.125	154889447.6875	196288095.5
D3ZQD3	2-oxoglutarate dehydrogenase-like, mitochondrial OS=Rattus norvegicus OX=10116 GN=Ogdhl PE=1 SV=2	364809056.6875	343878647.5	341051083.75	341439362.5	282323526.125	396706408.609375	374426509.5	429178467.4375	355609738.375	298495452.53125	386774831.5	427807788.375	285950554.875	364881717.25	409434504.25	400690405.125	399167811.3125	355107424.125	423502238.982422	351765447.65625	379532996.9375	444340111.5	312168553.703125	438174901.625	371510113.875	412581674.0	521481774.625	394257175.046875	377799749.1875	418084323.03125
Q5RKI0	WD repeat-containing protein 1 OS=Rattus norvegicus OX=10116 GN=Wdr1 PE=1 SV=3	204139799.1875	118050078.328125	139179424.8125	158630379.1875	246883681.5625	88284990.625	173760872.875	92827039.8125	216404326.625	192872884.3125	153983004.9375	111875585.9375	189912483.375	270680911.375	124609355.25	206701968.25	221895718.25	215825571.75	181766660.5	144630517.5	228101192.125	195204010.625	168528899.25	213677982.375	315169223.25	339987752.625	103529279.375	236852818.75	160347087.4375	209586954.375
P18596	Sarcoplasmic/endoplasmic reticulum calcium ATPase 3 OS=Rattus norvegicus OX=10116 GN=Atp2a3 PE=1 SV=3	499200170.75	354521196.0	494203503.125	385508338.25	322790129.109375	375734797.125	335447004.5	349580015.78125	371000557.375	322710398.75	442548294.0	434869067.1875	338015684.75	373353014.15625	395628034.25	433958662.625	455942001.875	419703002.125	372264975.0	354267055.15625	435792316.5	401472391.9375	388852311.875	395888016.5625	425081180.5625	463788605.125	498435765.59375	398373860.421875	459973135.25	435206823.125
Q63965	Sideroflexin-1 OS=Rattus norvegicus OX=10116 GN=Sfxn1 PE=2 SV=4	186919595.75	130227148.0	138755129.375	138974137.90625	63275855.875	210647207.90625	93429974.5	220497887.34375	110305441.1875	78765872.5	530255460.5	239893481.875	68131880.25	89752562.3046875	212319169.136719	106814517.5	118083428.4375	99804153.9453125	82582870.125	72381547.546875	84099302.25	68912408.125	49543217.5703125	183238017.375	80523374.1523438	83405129.25	261490656.0	102242827.21875	131343889.375	101223025.0
P09605	Creatine kinase S-type, mitochondrial OS=Rattus norvegicus OX=10116 GN=Ckmt2 PE=1 SV=2	97334178.25	80118504.5	85920376.0625	93042324.3125	91790161.9375	31830908.59375	132295544.5625	45903945.25	86288885.875	87239988.75	77858741.625	55077994.875	89820075.375	97108600.625	120413906.25	132188667.5	123423364.5	117608161.875	85725710.75	107848124.25	190973250.0	108842079.0	163456058.25	174684073.0	68459046.75	136978390.0	99747940.75	85445480.5	122012413.0	116977202.0
P11240	Cytochrome c oxidase subunit 5A, mitochondrial OS=Rattus norvegicus OX=10116 GN=Cox5a PE=1 SV=1	84594889.75	92964001.8125	47637232.0625	93165290.0	122621096.0	82162525.125	269563340.5	119202024.0	162271733.25	156872136.75	138553406.75	109703749.375	145688735.875	196585837.0	150117010.0625	197451448.125	142563405.75	157685726.75	164006538.5625	94635879.875	220157443.875	194310053.625	190939694.0	181785698.5	203542779.0	226194550.875	149497669.75	178533360.75	126969924.125	193959996.25
Q63633	Solute carrier family 12 member 5 OS=Rattus norvegicus OX=10116 GN=Slc12a5 PE=1 SV=2	242432120.75	184089909.5625	201644553.570313	197244496.4375	210644936.5625	195916937.660156	254469110.75	184852819.5625	245527425.875	225660385.875	254638733.3125	233671187.375	209079529.828125	212942810.5625	221172251.3125	228932158.125	254326947.5	236997002.375	197361306.375	183695643.125	223092568.25	272046397.5	204122708.625	252388997.8125	254976502.375	296866157.75	295469713.0625	256870439.5625	246044624.5	256150486.5
P13668	Stathmin OS=Rattus norvegicus OX=10116 GN=Stmn1 PE=1 SV=2	259038120.78125	258015783.25	268177025.203125	331227580.414063	234667751.5625	308237477.4375	267958827.65625	287532372.4375	330312954.03125	243216263.195313	266697088.5	307056383.0	298026880.25	280419316.0	272329851.96875	271277528.984375	371114954.984375	332797337.40625	280147280.007813	441019441.25	293498128.0625	310731478.070313	234370699.289063	331957845.09375	337427838.578125	377103756.65625	340173873.3125	366495684.4375	298905980.1875	329018893.75
Q63081	Protein disulfide-isomerase A6 OS=Rattus norvegicus OX=10116 GN=Pdia6 PE=1 SV=2	429584614.34375	255591694.0	278705790.125	297834600.0625	84486849.0625	582376694.6875	177106288.125	384275361.875	143933216.125	87707142.25	724288227.25	362672335.226563	110819667.765625	93651262.515625	397774532.160156	146786837.75	249806177.375	153153876.421875	95006133.03125	162744940.125	130035631.625	112961610.5	113244073.515625	331021850.125	97311581.40625	138119891.125	441065051.0625	180525084.25	291302910.8125	126413932.25
Q68FS4	Cytosol aminopeptidase OS=Rattus norvegicus OX=10116 GN=Lap3 PE=1 SV=1	368034724.433594	206193890.773438	307970512.742188	336331068.0	432316095.125	331024620.53125	478175889.0625	277405790.5625	474152456.273438	432565791.25	511342651.34375	397027977.375	452210866.375	514554592.875	380019338.75	464639816.007813	638100286.375	516499688.125	261947916.953125	463291425.375	354982395.570313	421933951.0	329185714.3125	380434445.875	510266111.375	538601760.875	361779241.75	553274952.0	337852919.8125	541010863.25
Q6IMY8	Heterogeneous nuclear ribonucleoprotein U OS=Rattus norvegicus OX=10116 GN=Hnrnpu PE=1 SV=1	249809541.84375	156409945.492188	152105845.46875	277733189.46875	195448270.625	231225989.09375	218423179.609375	180630652.734375	275444063.5625	205593709.0	191157402.28125	225388877.75	157319182.0625	277477544.875	276693876.625	322637555.375	225731150.84375	244630174.5625	275589555.625	195656485.492188	343756505.578125	244157635.4375	221862957.25	380119919.125	239381875.75	285417215.375	229047565.734375	282309124.28125	225372801.328125	368634890.125
P21571	ATP synthase-coupling factor 6, mitochondrial OS=Rattus norvegicus OX=10116 GN=Atp5pf PE=1 SV=1	81723519.5625	76534454.625	65448835.8125	80161731.96875	83731358.625	77036569.125	109253359.5	85800679.625	113209398.0	99805126.0	80303729.0	81064714.375	90438557.0	115245072.5	81357370.0	111661434.0	99079070.75	95308491.25	97677566.75	66646146.5	110351589.75	105417842.75	79335303.25	100296743.5	110467217.5	126224689.75	103572943.5	110517777.75	90845956.0	112510235.0
Q2TA68	Dynamin-like GTPase OPA1, mitochondrial OS=Rattus norvegicus OX=10116 GN=Opa1 PE=1 SV=1	261266894.0625	157786881.0	265646327.0	201013181.9375	197233159.875	166158128.046875	248383592.15625	170647427.9375	272834073.625	226587674.875	260236753.34375	240058460.3125	260972861.1875	267511520.5	245951569.978516	241527238.125	317877366.3125	290539895.125	236947377.4375	223353592.25	327016990.9375	286514688.5	262756692.0	259535937.375	218867067.375	345888795.0	301557722.75	352829667.125	290538690.0	353606758.625
Q91Y81	Septin-2 OS=Rattus norvegicus OX=10116 GN=Septin2 PE=1 SV=1	124504883.75	193255468.0625	111483323.117188	163174610.4375	152377622.9375	168603675.8125	192132589.84375	158593719.15625	173825386.625	138457825.875	205375432.0	170694181.5625	147082150.375	169344929.25	158761182.9375	185379813.0	348004297.5	339066502.6875	240809273.75	256626227.375	405811478.75	322955754.9375	383052062.875	314234932.75	315036231.0625	317039710.5	253550963.875	379281714.9375	230544720.0	273723624.4375
P08010	Glutathione S-transferase Mu 2 OS=Rattus norvegicus OX=10116 GN=Gstm2 PE=1 SV=2	58873436.875	46048970.875	100506802.75	96077517.5	109419931.75	43396768.0	41689396.0	42137029.5	106451023.5	118604530.25	50264676.0	59514771.375	132810246.375	168226858.75	72287735.125	133246529.25	114250534.5	101412928.25	128774477.75	56047380.75	111139791.5	121901964.0	117153327.25	88415052.375	107621707.5	136112861.625	46801053.375	163518866.75	91947055.75	138211175.0
P50475	Alanine--tRNA ligase, cytoplasmic OS=Rattus norvegicus OX=10116 GN=Aars1 PE=1 SV=3	189223616.4375	172459624.734375	128206154.234375	180015672.5625	184645849.3125	180768918.125	227171434.625	151175804.210938	219517042.304688	148031118.875	131330017.875	172790379.638672	167488139.75	145561408.03125	183199224.25	182720172.5	166124061.125	189360502.875	155649989.25	197321983.125	238845402.25	178374585.875	158519788.25	201555585.4375	160540425.75	214340535.0	190490087.53125	189470215.875	187045523.59375	185288193.96875
P12368	cAMP-dependent protein kinase type II-alpha regulatory subunit OS=Rattus norvegicus OX=10116 GN=Prkar2a PE=1 SV=4	71941322.0	47233030.25	45111581.6875	61164480.375	94642486.0	38000743.1875	64680538.734375	58807299.125	101572574.5	86413817.875	65210526.75	54362808.0	94220108.71875	89761281.25	46160671.1875	124232613.5	98124738.125	101313379.8125	89691363.75	78675906.3125	107488506.75	105039366.25	99835475.3125	65501940.875	206600667.375	124785571.75	73187239.25	106828532.3125	72970397.875	282127625.25
Q8VHV7	Heterogeneous nuclear ribonucleoprotein H OS=Rattus norvegicus OX=10116 GN=Hnrnph1 PE=1 SV=2	22079378.75	15545109.9375	27741687.5	19174710.625	37665363.25	17139442.125	20451638.0625	20149487.96875	13768413.875	21167628.5	14510654.28125	26479407.375	18100626.0625	16674822.75	36440358.75	26013548.25	23598610.75	28068417.375	31560600.625	16850203.375	35111641.25	12571042.0	23023684.875	29500013.75	18609981.75	25968759.75	33749952.6875	24087829.875	31475722.25	17142452.875
Q8K586	GTP-binding nuclear protein Ran, testis-specific isoform OS=Rattus norvegicus OX=10116 GN=Rasl2-9 PE=2 SV=1	131757726.25	94192705.375	127980155.875	124213941.25	100445653.875	127528526.625	118307580.0	109444359.875	150189103.125	104664007.75	131611842.5	130175632.25	142874018.25	143364026.25	143091941.5	139308683.75	139145289.0	154705312.0	105988673.375	96589179.25	134368334.0	125384075.0	100739484.5625	136343202.75	140388183.1875	159140456.0	145074491.5	130400222.125	133379042.0	151134995.75
B2GV06	Succinyl-CoA:3-ketoacid coenzyme A transferase 1, mitochondrial OS=Rattus norvegicus OX=10116 GN=Oxct1 PE=1 SV=1	265653671.695313	216838424.0625	198190532.5625	164306780.8125	137275046.09375	157857815.25	207503326.6875	221033614.75	191952020.9375	154588415.15625	367309827.5	225213792.5625	179230656.75	160731616.3125	281157164.25	198116015.8125	226409074.125	180851392.046875	144774662.0	183446501.3125	221656888.5	174649983.75	127230327.46875	282265354.5625	153371618.75	181500023.4375	370531144.46875	155607753.5625	259892152.5	184549412.0
Q66HD0	Endoplasmin OS=Rattus norvegicus OX=10116 GN=Hsp90b1 PE=1 SV=2	403588528.375	339539650.703125	323419125.234375	600948001.09375	482491772.53125	370099219.4375	1293301225.64063	402048126.0	664533672.0625	582267188.59375	574752473.375	436687055.9375	553509172.125	582020958.53125	660877601.78125	708632409.375	959438247.1875	693289193.875	525838492.0625	609354414.75	1106503558.1875	769092822.9375	820265734.875	919827298.6875	528055224.625	707168392.9375	719329838.875	869731890.875	671214178.25	851902239.875
Q6AY84	Secernin-1 OS=Rattus norvegicus OX=10116 GN=Scrn1 PE=1 SV=1	51102707.625	32230282.375	36589277.75	58111926.25	50576313.875	29439146.0	89878663.75	35720758.5	83505524.0	52762060.375	45593252.5	47347487.125	73545401.875	75448714.625	76329769.625	83734165.625	53987216.625	71814175.625	63617672.5	57802554.0	97329791.25	116377568.0	51596154.875	61440108.25	68495440.375	98795887.0	51655172.625	81331861.625	74082380.375	99832950.25
P35281	Ras-related protein Rab-10 OS=Rattus norvegicus OX=10116 GN=Rab10 PE=1 SV=1	39623279.875	36105893.4375	57494201.5625	54206308.875	62433090.0	44172843.5	61036550.28125	44063290.125	80060322.8125	68580928.59375	42285287.875	53004134.125	50510264.375	80337380.625	68949696.75	56616967.125	39379355.5664063	58330887.125	58620558.25	61494143.0625	47504802.5	44722757.375	48121281.8125	63397910.5	73914415.4375	71558567.875	61246593.0	66598675.09375	53800160.625	65931298.25
P63142	Potassium voltage-gated channel subfamily A member 2 OS=Rattus norvegicus OX=10116 GN=Kcna2 PE=1 SV=1	15135740.625	11797195.1875	34432371.5	37137106.625	41120280.1328125	26457869.75	44967336.5	23566437.75	41739383.8125	33654901.375	10795673.5	27002830.125	42460163.5625	32796692.5	29443431.0	43830762.375	40314938.421875	41776393.109375	22522342.875	38957247.125	40493071.390625	30561893.75	32880014.75	43452536.75	45286921.0	58199166.75	26596625.25	41646924.75	18957256.875	54158505.5
Q4FZY0	EF-hand domain-containing protein D2 OS=Rattus norvegicus OX=10116 GN=Efhd2 PE=1 SV=1	258766145.125	208678009.734375	174197113.789063	200243211.375	176678365.125	249240369.90625	355782437.5625	255103350.875	266051280.0	196598757.5	359462677.71875	276328292.71875	201558429.65625	237230120.875	281005004.046875	222883134.75	270375666.875	204168837.882813	229665372.90625	233603553.296875	254046331.773438	226680627.25	231482521.6875	327019080.375	248071683.835938	256053709.9375	294778932.640625	265081420.210938	286224997.375	233797853.375
P27605	Hypoxanthine-guanine phosphoribosyltransferase OS=Rattus norvegicus OX=10116 GN=Hprt1 PE=1 SV=1	100622633.25	62545607.9375	90136708.9570313	79034026.625	112206463.875	73901234.625	132006381.8125	57757146.3828125	137914143.25	122238879.125	99580901.875	101882192.0	120515981.75	137932144.875	134884656.625	138626296.0	147347390.0	121450848.3125	125763908.125	99949590.375	147608625.75	140331436.5	106611195.625	116948383.5	111946996.125	170223734.25	98927706.25	116927245.75	120207531.0	153282380.25
Q01066	Dual specificity calcium/calmodulin-dependent 3',5'-cyclic nucleotide phosphodiesterase 1B OS=Rattus norvegicus OX=10116 GN=Pde1b PE=1 SV=1	156761753.875	192071257.0	202736620.0	168139651.875	130255697.125	218991306.0	119105846.25	209791437.25	197523927.5	80571823.5	279999741.625	204672295.25	159560230.75	203289970.375	96445787.84375	200593046.625	187700541.5	188582329.375	80027151.25	774223681.375	181609559.75	206608594.59375	1058573735.875	144743022.5	754831541.0	238492630.25	343828943.625	210239385.0	339746917.5	922109151.875
Q9Z214	Homer protein homolog 1 OS=Rattus norvegicus OX=10116 GN=Homer1 PE=1 SV=2	75510103.9375	103897581.5625	493900546.25	140198841.84375	115505584.4375	145532505.75	135956596.875	120893374.125	141276689.5	143597457.8125	137297448.25	117505815.0	107831620.25	119234818.75	108079930.3125	135502873.875	136203377.875	174789705.0	103764553.3125	137234411.25	144444098.375	127673326.8125	125169711.625	138130008.9375	176683257.0	150606095.25	159498873.25	188354106.5	137314460.5	236689782.0625
P02650	Apolipoprotein E OS=Rattus norvegicus OX=10116 GN=Apoe PE=1 SV=2	244301622.578125	276522060.75	168924435.375	234348779.109375	199575882.125	339358486.136719	425130700.75	463160582.830078	287548440.398438	401948390.25	732591243.609375	357856802.421875	296928477.640625	343920797.664063	441189714.476563	410725787.375	435444965.0	313779294.625	334520404.3125	343462181.3125	373825991.625	512382337.84375	453746988.117188	376699601.289063	352491456.875	372453316.25	506078191.414063	506972103.5625	359107583.1875	409331288.625
P26284	Pyruvate dehydrogenase E1 component subunit alpha, somatic form, mitochondrial OS=Rattus norvegicus OX=10116 GN=Pdha1 PE=1 SV=2	376184189.90625	354129779.1875	355236553.5	416549278.125	436479616.875	389721426.25	431981452.1875	357283307.75	493575562.6875	395651434.3125	324551319.375	396686928.5	305558658.0	490479396.0	409003061.875	453962462.875	366881139.4375	386658771.25	471756423.6875	358809052.6875	408121932.75	462021568.65625	345201541.5	454882582.25	422931795.875	567719190.375	418876009.25	411785366.1875	440566960.25	498575471.5
P02401	Large ribosomal subunit protein P2 OS=Rattus norvegicus OX=10116 GN=Rplp2 PE=1 SV=2	271164044.75	98284185.5	210882964.0	92358898.0	69751096.0	15555240.625	96252620.5	93489877.25	83077583.5	29786503.5	87528876.25	88008985.0	79003648.0	87041552.125	17036287.5	84090465.875	122346561.875	99843689.0	31111687.0	104422540.5	83694872.5	82468443.75	82825945.75	106053126.25	85050790.5	87253842.0	101496651.25	100534425.25	69583805.0	87637626.0
P63322	Ras-related protein Ral-A OS=Rattus norvegicus OX=10116 GN=Rala PE=1 SV=1	26362245.5	23762615.0	21664044.5	31546858.25	36355173.5	12874489.25	36095230.0	19978451.5	37609620.0	31864828.0	21193705.0	20512454.0	33558117.375	34799458.0	25869865.0	37825252.0	36905870.75	33913744.0625	30979616.0	44891703.0	41205783.875	39816615.0	34923371.625	29120993.0	30926351.0	46567950.0	26311619.0	42491350.0	26365122.0	34695452.0
P97697	Inositol monophosphatase 1 OS=Rattus norvegicus OX=10116 GN=Impa1 PE=1 SV=2	382003909.8125	399728354.03125	326349169.625	469080396.53125	391477555.1875	399632474.4375	586773800.75	425739626.0625	438300087.75	334913741.71875	365291139.8125	404183214.25	374331231.75	389229886.25	453695799.125	462738938.375	519355549.5	415161730.0625	443106727.46875	405838041.375	556668187.5	477524030.625	373905027.4375	520133897.5	399999416.5	510517554.5625	479289416.0625	450199688.125	476200213.25	532271937.375
Q920Q0	Paralemmin-1 OS=Rattus norvegicus OX=10116 GN=Palm PE=1 SV=1	477327211.0625	464013430.4375	399188095.523438	464325492.0	343539621.75	338509111.625	568575194.625	405144322.3125	349212335.5	406795678.28125	523816823.234375	389907981.25	389899866.25	340598677.5	845694088.4375	574776671.125	539654290.75	452537711.375	449613163.625	329117796.25	675996072.5	554221708.5	546282731.8125	766061908.0625	287869201.0	724332622.0	654504214.4375	429995543.625	589571861.5	519701757.125
P50408	V-type proton ATPase subunit F OS=Rattus norvegicus OX=10116 GN=Atp6v1f PE=1 SV=1	363296811.5	162117177.75	242879479.8125	183654438.0	177330592.8125	241360939.5	203538563.375	193145850.75	262453964.6875	270385264.625	478261419.25	303054595.609375	222350889.0	295312322.375	307757745.125	315766185.75	309860945.875	290136358.5	235738839.5	165105535.9375	311562437.0	300264834.5	217499781.5	252585978.75	237300207.5	267153235.625	347304425.0	286283064.5	260248216.0	308694248.5
P52481	Adenylyl cyclase-associated protein 2 OS=Rattus norvegicus OX=10116 GN=Cap2 PE=1 SV=1	238830807.625	171979371.023438	149003519.867188	127084619.875	98691097.875	237804814.59375	56981446.625	206134164.3125	118590142.25	108508996.25	141747521.4375	195229283.875	99214515.0	130417154.625	150607229.75	116674522.625	114212237.890625	134829162.875	71661637.25	123895259.875	90370612.625	123170632.3125	82517816.75	152159603.5	115091607.5	118162397.75	237330015.9375	105016589.59375	156950333.40625	128241018.25
P05696	Protein kinase C alpha type OS=Rattus norvegicus OX=10116 GN=Prkca PE=1 SV=3	342078473.625	275978769.0	232756062.75	305204104.625	358662717.25	230717429.609375	161156720.625	216411455.125	296756961.375	196521753.5625	203283010.4375	258662916.3125	226400568.75	303461223.375	312156534.25	249564966.125	245954532.25	260931062.25	312936547.5	225545747.640625	256637446.03125	258868756.1875	171177396.5625	242136569.3125	223382864.125	341128857.125	261319084.875	231307925.65625	279102045.9375	227254219.5
O35509	Ras-related protein Rab-11B OS=Rattus norvegicus OX=10116 GN=Rab11b PE=1 SV=4	144501566.296875	128269739.265625	108280699.839844	142780052.75	162006106.1875	203687835.375	175235715.0	164182215.5	212508737.208984	170614163.441406	164878316.625	186746953.625	167947018.6875	198304255.203125	159960550.375	193077656.800781	195193712.5	175477549.617188	169907460.875	132527556.25	201764604.875	203525113.5	137586860.125	169825821.417969	207610599.859375	249979732.625	206067394.875	235882604.625	177391536.25	209660315.875
Q63357	Unconventional myosin-Id OS=Rattus norvegicus OX=10116 GN=Myo1d PE=1 SV=3	499758050.542969	378841072.875	425497810.871094	449403856.242188	491021907.703125	371741387.792969	416883855.5	368317812.125	514111674.375	399295668.5625	406308630.875	433481438.34375	419876200.304688	448894076.015625	512286038.609375	460576178.3125	527177602.664063	488720041.3125	450586416.015625	396476806.734375	478724375.34375	488629422.203125	363007988.601563	499297008.390625	422255032.140625	603921257.882813	490941402.546875	453137446.03125	518809097.289063	519896985.398438
P08932	T-kininogen 2 OS=Rattus norvegicus OX=10116 PE=1 SV=2	5036383.0	4918615.5	2922015.0	4150362.75	4517290.0	7976466.5	15963034.0	9834747.0	10452583.5	10512635.0	11312226.0	12245125.3125	8419466.75	10254894.125	13354471.0	9743883.0	10344905.0	7370902.0	30371662.5	9688287.0	27496694.0	12006962.0	19241109.75	29913900.4375	11523142.0	13574608.0	16893778.0	15715844.5	12609686.0	16787424.0
Q1WIM2	Cell adhesion molecule 2 OS=Rattus norvegicus OX=10116 GN=Cadm2 PE=1 SV=2	215308726.375	161158354.09375	176068867.875	155723401.875	132258727.0	189339250.5625	113771650.5	149997888.75	160182629.0	119078851.375	125996317.25	163900062.375	116285019.75	162528723.75	133612812.5	164235862.0	164432820.375	165868956.25	148568123.0	120111608.25	160647163.25	146862654.75	108924047.25	181078536.625	171050196.0	179065604.0	174265856.0	174076034.5	168028959.875	150804921.25
P39052	Dynamin-2 OS=Rattus norvegicus OX=10116 GN=Dnm2 PE=1 SV=1	677285794.9375	314907768.125	641755675.9375	364436035.0	224091615.21875	323535261.125	210507038.125	279843095.1875	234883413.0	196592609.375	363554903.71875	388907742.25	207965932.453125	251242523.25	298621416.0	273353847.0	290309765.375	272792107.0	233954568.875	233836945.0	263202955.25	221058297.125	160417381.1875	321080650.375	192060534.75	295878321.75	512122464.0	248914994.625	393073525.5	289212436.5
Q64119	Myosin light polypeptide 6 OS=Rattus norvegicus OX=10116 GN=Myl6 PE=1 SV=3	72381974.1601563	28381548.0	80082542.09375	30420354.3984375	40080032.3203125	29083032.40625	49266187.25	39134806.75	77583963.5	45515681.5	26979597.125	33310011.5820313	47642748.484375	88383738.875	44019019.5	64235702.75	57472388.96875	50278224.25	46060100.953125	50418082.75	67881666.9140625	48820195.5	44868966.5	32779158.375	53415560.796875	91366146.75	33124479.0	54814277.7226563	35161423.375	77140593.5
P51650	Succinate-semialdehyde dehydrogenase, mitochondrial OS=Rattus norvegicus OX=10116 GN=Aldh5a1 PE=1 SV=2	214827430.59375	223716771.640625	204093542.3125	206102909.8125	212293339.375	265099860.46875	232733480.5	217993931.375	243430780.75	237902311.59375	300873896.9375	221125360.4375	225566226.75	290452122.75	343608155.0	326900484.25	332989624.0	296546168.25	287740103.90625	259263789.4375	356983139.5625	340594885.4375	270439517.8125	353535975.1875	274372584.3125	410440321.125	265020604.25	325729807.875	325287326.25	245165427.75
P55161	Nck-associated protein 1 OS=Rattus norvegicus OX=10116 GN=Nckap1 PE=2 SV=1	508238053.6875	424258285.6875	516967459.796875	632302834.0	584171177.8125	476726631.71875	579243624.84375	479790369.875	567300095.125	560826285.875	636404241.46875	563401701.1875	460715236.25	503007232.375	512308268.28125	540664037.3125	590040534.976563	526773323.625	469032180.375	440288482.5	524801874.0	552278832.0625	398163054.6875	500141732.125	479144374.0625	691512131.375	675675290.5	623483085.125	571624546.5	655037787.625
Q5PPJ9	Endophilin-B2 OS=Rattus norvegicus OX=10116 GN=Sh3glb2 PE=1 SV=2	81780838.25	106041453.875	78968894.5	141574323.75	179573041.375	130382564.25	279174746.40625	132853945.0	296730091.625	235948039.625	240289540.0	165566811.25	249321867.53125	197184279.625	210270402.25	277194054.5	286841598.625	249987135.375	162050370.5	220934614.5	281650660.25	222102819.0	193359851.75	200215767.25	304362906.25	245764888.5	148231668.25	258818323.75	158621885.75	274844261.25
Q9ERB4	Versican core protein (Fragment) OS=Rattus norvegicus OX=10116 GN=Vcan PE=2 SV=2	1109646846.6875	1257256273.17969	1080677315.625	1702834656.78125	850608757.078125	871937668.0	2425033949.375	1064421716.5	1217067681.9375	771858937.4375	1419013473.5	1146841255.125	1143475048.125	965350315.375	1155619722.875	1162443004.25	2107833220.75	1468948278.875	819551647.375	1443393353.875	2228691097.09375	1073438787.875	1740541248.875	2150815887.25	1254459998.5625	1550491870.0	2314455000.0	1597569391.9375	1928770822.875	1416840888.5
Q75Q39	Mitochondrial import receptor subunit TOM70 OS=Rattus norvegicus OX=10116 GN=Tomm70 PE=1 SV=1	330200521.6875	180338997.609375	282309594.578125	187916469.8125	162456454.496094	235004118.765625	153545632.9375	208813192.796875	224488768.03125	210105433.1875	277246803.625	254344159.617188	196384384.25	259849004.578125	223376513.085938	264911333.0	207941007.375	237052461.0625	163073602.914063	208147923.625	186065272.09375	249391478.6875	199622323.78125	227765332.9375	231655421.511719	228906521.125	299437746.21875	221117315.375	241644623.945313	283940474.25
P35280	Ras-related protein Rab-8A OS=Rattus norvegicus OX=10116 GN=Rab8a PE=1 SV=2	90997890.125	53065661.625	61096198.90625	51148962.5	45327829.09375	38518925.0	52508069.0	48921247.5	49859540.0	42568521.75	69643926.4375	50731429.9375	46126406.0	58024511.0	33907876.25	50514643.0	63510664.75	59224048.5625	46490985.5	65619352.125	53944903.75	59605717.0	48975510.0	62231588.875	54206995.0	60166503.5	61380451.0	65337214.0	57122363.5	59341538.0
A0A096MJN4	Septin-4 OS=Rattus norvegicus OX=10116 GN=Septin4 PE=1 SV=1	145292386.0	563171054.8125	103609204.6875	106452218.0	89818318.0	86192430.3125	121516153.875	205273771.40625	121550728.75	114055209.125	474027022.9375	117927049.875	162387017.375	141576072.125	247264495.5	181648617.125	122274332.5	130660321.0	152701111.6875	221129253.34375	118253839.375	192553673.875	94037063.625	137458713.5	87948744.3125	177079665.5	614282796.75	231234100.25	453843770.375	154711255.5
Q5M7A7	CB1 cannabinoid receptor-interacting protein 1 OS=Rattus norvegicus OX=10116 GN=Cnrip1 PE=1 SV=1	106617661.25	65589727.25	93193771.5	90542282.0	93179244.0	53707215.5625	36467997.5	62720835.75	108498572.0	81044602.0	61960921.75	74698425.5	83569011.0	92469146.0	45000992.0	75848879.5	85985177.5	94441611.0	64766895.5	73009578.0	69190914.5	84855753.0	53739741.5	55495709.25	82791571.0	116296128.0	89330674.5	88157854.0	78970909.5	97604986.0
P35565	Calnexin OS=Rattus norvegicus OX=10116 GN=Canx PE=1 SV=1	209836838.84375	250747668.6875	181226344.0625	222575765.6875	208028365.71875	213155812.250977	388007538.5625	303825750.453125	259796736.625	204692282.878906	355847088.03125	225740990.6875	222468864.558594	237184975.3125	304127720.125	260242034.765625	270865232.375	227060951.359375	240622623.875	294233540.640625	299604646.375	324834017.28125	259948168.21875	306521682.75	236878933.9375	273073263.75	342476928.136719	328123100.875	260718519.828125	300550995.3125
Q08877	Dynamin-3 OS=Rattus norvegicus OX=10116 GN=Dnm3 PE=1 SV=2	187548831.0625	150732377.625	178533578.0	210500129.8125	195459065.25	99846822.71875	162982061.8125	85808687.125	153687033.9375	165415041.398438	145844109.75	125353145.125	191699161.242188	260463774.1875	174219429.6875	270865691.8125	233074334.625	253639995.640625	132620639.03125	184026289.25	327286334.5	220869927.3125	203878554.78125	249005394.5	193695498.65625	311364798.25	219237097.0625	209109038.125	238908377.6875	248772112.25
Q01205	Dihydrolipoyllysine-residue succinyltransferase component of 2-oxoglutarate dehydrogenase complex, mitochondrial OS=Rattus norvegicus OX=10116 GN=Dlst PE=1 SV=2	479065883.625	219672120.25	320416021.0625	405783917.75	562742809.9375	250500870.34375	331544906.75	200321363.5	549084976.75	502952852.84375	242941085.25	339943847.28125	452437729.5	499359546.5	365275707.5	569663006.0	510650307.75	534982737.25	359808947.75	265687585.4375	421491916.875	468721283.875	298852683.875	302049455.5	419104097.125	616054820.4375	288081677.75	386657942.0	341199747.75	602227227.125
F1LU71	Methylglutaconyl-CoA hydratase, mitochondrial OS=Rattus norvegicus OX=10116 GN=Auh PE=1 SV=2	336575010.117188	290218895.1875	237532887.25	287668762.609375	355964881.9375	444327158.125	480540826.96875	374965684.40625	521089494.03125	414708252.5625	643537183.359375	408368372.875	435611862.3125	504378505.4375	461666809.1875	545767059.75	624228148.25	500683899.78125	410686184.0	253075165.78125	509402281.078125	578824755.75	403766658.765625	532780527.90625	450144581.125	588686986.875	466250409.875	530748395.71875	414911880.15625	584551265.0
Q8VII6	Choline transporter-like protein 1 OS=Rattus norvegicus OX=10116 GN=Slc44a1 PE=1 SV=1	750776458.265625	510247840.453125	563946360.0	698787713.875	569308217.8125	796998315.359375	1050633160.125	852102828.171875	1052536243.9375	794266600.625	1987050807.3125	1022294960.84375	937240787.46875	621434154.25	1184684083.375	927985795.4375	1340531160.375	1034294078.25	620274167.9375	811460041.6875	1010628666.75	973670374.6875	960661014.8125	1140777357.5	1058753151.875	872729305.125	1238516099.6875	1074478102.6875	905193762.875	996821181.125
P30427	Plectin OS=Rattus norvegicus OX=10116 GN=Plec PE=1 SV=2	4508923779.875	3390688540.93506	3789624193.98438	3675901384.67188	2747219471.9375	3519496955.19531	3915918347.57837	3197047446.15625	3522838608.9248	3655136657.8125	4580820871.4375	3938360984.28125	3618527608.96094	3542579705.375	4552351831.36621	4435282968.92383	5257964319.35254	4110647759.0625	3552930411.2793	3459697644.30176	3685267817.32422	3913062022.0	3658246412.1875	4170024608.34375	3804018517.08789	4442720275.5625	4669569099.6875	4658739173.28125	3865921938.60645	4479588809.78906
Q9QYU4	Ketimine reductase mu-crystallin OS=Rattus norvegicus OX=10116 GN=Crym PE=1 SV=1	68149440.0	43203383.5625	15020596.5625	27979060.0	38536616.90625	27895543.0	50594899.75	36333744.625	40152850.25	81151653.625	27140261.5	63803506.625	81025654.25	61050882.5	28990360.625	36096247.5	86037819.5	69417892.125	76088823.75	17694891.625	41722569.5	37319864.75	56968211.75	18702809.078125	17838911.625	42261550.75	51433089.75	30444852.0	38046038.0	42410123.0
P27791	cAMP-dependent protein kinase catalytic subunit alpha OS=Rattus norvegicus OX=10116 GN=Prkaca PE=1 SV=2	143354735.75	170455494.0625	161118899.0	158210906.0	215033762.0	181727066.5	150477789.25	178813769.25	259967510.25	179480058.0	158241653.6875	195591987.125	187043759.90625	294955207.5	149958994.0	208855063.5	233104720.25	213171906.25	189211721.0	257543616.75	192194505.0	242959993.5	165535060.625	163693332.0	264924893.5	334910070.0	246934475.25	307139842.0	220145628.5	257594380.25
Q6RUV5	Ras-related C3 botulinum toxin substrate 1 OS=Rattus norvegicus OX=10116 GN=Rac1 PE=1 SV=1	200336031.75	174513652.34375	194190535.375	196484054.625	220123286.0	208148802.25	390762450.125	270491490.9375	492173721.5	401485129.0	488872558.625	327435686.5	301663219.0	403312359.0	327590893.25	393511200.5	457028872.25	334776361.5	333767814.0	322626507.5	469776329.5	449815280.0	334407403.5	299317432.0	458980819.5	352658958.0	360718265.5	507913272.5	265276519.0	394488874.0625
Q63564	Synaptic vesicle glycoprotein 2B OS=Rattus norvegicus OX=10116 GN=Sv2b PE=1 SV=1	121806994.34375	141395621.78125	69387276.03125	255210413.6875	173762200.625	187035385.5	336197434.8125	216706785.625	240838116.0	167618589.125	204498732.125	198762395.0	219940050.25	265014038.90625	263790393.71875	269315800.125	287659268.109375	245585753.9375	186248927.125	227575285.0625	340572955.96875	261463116.785156	316216782.34375	285761892.9375	260482027.65625	264418700.265625	266889012.125	259048179.421875	235536171.9375	326648927.375
Q63862	Myosin-11 (Fragment) OS=Rattus norvegicus OX=10116 GN=Myh11 PE=1 SV=3	1876205809.96875	1694263845.875	1403294597.0625	1353998342.53125	897792095.679688	1187629076.8125	2437900604.98438	1769980762.125	1477120890.01563	1796781839.5625	5210220632.1875	1781311307.25	1343944952.0	1378633715.17188	2949164448.625	2153541069.5	2374660855.375	1800194845.5	1529281833.90625	1126472916.78125	2692763152.5	1809285326.95313	2177083689.5625	2990601176.8125	1459103240.3125	1898949942.58594	3232120062.25	2202940819.4375	2428494893.75	2142262016.625
P21913	Succinate dehydrogenase [ubiquinone] iron-sulfur subunit, mitochondrial OS=Rattus norvegicus OX=10116 GN=Sdhb PE=2 SV=2	726397332.9375	366045264.1875	492950535.914063	502193771.375	576715686.457031	398776544.859375	505308019.15625	385634637.4375	591843123.640625	473087097.84375	586644000.5625	494278676.0	588346578.109375	707924290.9375	481073630.5	650576515.34375	747686019.140625	756704753.8125	568420014.054688	398311495.78125	727601749.90625	717946853.71875	670497794.125	532622517.875	689974769.109375	963256252.515625	664487115.5	660381653.875	658387883.5	981172458.875
Q5XIT1	Microtubule-associated protein RP/EB family member 3 OS=Rattus norvegicus OX=10116 GN=Mapre3 PE=1 SV=1	148963622.65625	124256351.546875	143830608.375	202922201.1875	160931863.25	140155541.0	132328212.25	181417616.25	201743336.5625	72943761.984375	160245919.75	166052463.625	139348930.125	145430022.5	106786079.875	114337719.1875	240900963.125	197439676.125	158543691.125	185688749.125	219811596.25	185975916.59375	218736588.375	139869569.4375	191997828.875	221777643.875	214818290.8125	209532565.375	196632915.1875	214118684.75
P35467	Protein S100-A1 OS=Rattus norvegicus OX=10116 GN=S100a1 PE=1 SV=3	7001922.75	6876992.5	7793252.5	11490192.5	16588522.5	9211002.5	20100606.5	7998461.25	19009803.5	13352050.5	9311428.25	10469994.25	14394139.0	16205171.0	15574335.0	17617216.5	15026215.0	13505335.0	15522115.0	19332707.5	20293059.0	19381453.0	12728317.0	19177524.5	16820971.5	20762408.0	10133803.0	13961332.5	14878497.5	16938115.0
P41565	Isocitrate dehydrogenase [NAD] subunit gamma 1, mitochondrial OS=Rattus norvegicus OX=10116 GN=Idh3g PE=1 SV=2	389421155.5	174213085.0	328255039.375	210443916.25	236195117.75	205774965.75	221856961.875	141539924.875	251993290.75	223465909.0	222867490.0	220214654.75	210762852.1875	273630412.375	201239122.125	243862554.625	259723684.25	232424742.75	179228928.5	138686211.0	208623876.0	192978575.0625	151205180.0	196594361.375	205570542.25	278548546.75	245839828.75	203053434.375	203778683.25	287469865.75
P15384	Potassium voltage-gated channel subfamily A member 3 OS=Rattus norvegicus OX=10116 GN=Kcna3 PE=1 SV=2	28588011.375	18913762.5	31868272.5	17597933.75	29152438.25	15477645.0	8900301.5	19889485.1875	19830700.0	18454237.0	14052908.5	14168189.0	7523754.53125	20386248.75	19359067.375	14354709.375	11444835.75	10670541.5	17370798.5	18350709.5	12827568.375	14189783.625	10173780.75	6516458.75	10537594.25	12975131.75	14244762.5625	10911801.5	20466919.25	15454740.5
Q05764	Beta-adducin OS=Rattus norvegicus OX=10116 GN=Add2 PE=1 SV=4	183199691.039063	232144682.625	210604871.40625	202966529.21875	168239030.953125	184151583.640625	186136357.5	199630331.5625	219438618.75	137358038.3125	184139282.015625	219014373.78125	198139482.125	282697167.34375	158422381.25	204152703.6875	294265881.53125	267072720.15625	249715558.25	262603028.375	248111643.40625	253139456.375	198888572.8125	252150130.25	267630307.3125	323179749.125	341214595.75	262324910.25	250318776.875	256870472.1875
Q9ESV6	Glyceraldehyde-3-phosphate dehydrogenase, testis-specific OS=Rattus norvegicus OX=10116 GN=Gapdhs PE=1 SV=1	52155861.125	33869220.0	41926979.75	46933495.875	60539773.75	39361372.4375	57711462.375	36197875.359375	63704224.0	46925116.25	50559828.875	47483419.0	61588661.25	81854464.0	52185972.25	61818506.75	67606339.0	73048368.5	60841900.625	71119274.625	80197374.875	84679557.0	62136555.625	50319169.0	70718885.625	88281646.375	44746572.125	71029312.0	58918085.5	83744728.5
B2RYW9	Oxaloacetate tautomerase Fahd2a, mitochondrial OS=Rattus norvegicus OX=10116 GN=Fahd2a PE=1 SV=1	87160730.59375	115071914.0	140137307.75	127018939.25	84491621.625	98415661.25	114618687.375	93430878.75	116271021.5	64396989.0	106981726.5	143063469.625	108976383.75	98587344.5	76457645.875	122589193.375	118519301.125	120212152.25	71390915.0	136882482.75	208540457.125	83489402.0	81831017.9375	128844348.0	137166382.25	145352102.0	142074791.0	93224532.75	122074660.875	101892164.5
P15865	Histone H1.4 OS=Rattus norvegicus OX=10116 GN=H1-4 PE=1 SV=3	184027534.007813	202262632.3125	192388476.0	219628406.03125	175287046.015625	214276568.78125	194367383.125	210062056.25	280604740.34375	220739172.6875	212033949.666016	222141516.125	199912418.6875	241789786.25	214565929.75	260203333.125	276656823.335938	263422226.5625	224152093.5625	233023500.875	272165148.539063	304455653.625	250854923.90625	342887460.5625	285199648.90625	332431002.375	311614448.25	284190358.75	219893091.5	301427110.5625
Q8K4Y5	Leucine-rich glioma-inactivated protein 1 OS=Rattus norvegicus OX=10116 GN=Lgi1 PE=1 SV=1	95986079.78125	77794437.5625	71116771.0585938	102802276.1875	108132385.125	102247229.71875	137494220.75	109579532.375	140495746.625	134665047.875	158145261.0	120030483.28125	117362851.4375	159534966.5	145374134.085938	144886505.5	149250789.5	115603142.9375	134846236.59375	109157629.625	142071863.1875	139962283.5	109638121.96875	135988778.5625	151961177.5625	172052902.8125	167062574.75	166819960.5	140365881.0	164292979.0
P20059	Hemopexin OS=Rattus norvegicus OX=10116 GN=Hpx PE=1 SV=3	29491616.25	30997427.75	25096800.5625	27618940.1875	29960108.75	26046371.25	26307547.125	28097456.5	32569930.5	29359640.75	35220317.75	29540373.0	26722267.0	34960747.3125	32403160.75	30971717.625	39554998.375	34096238.375	56684724.375	35491134.25	57170844.0	41031657.6875	41822531.9375	43289222.75	38767043.125	43104936.0625	44317133.5	36379248.8125	38605919.4375	37728571.25
Q62634	Vesicular glutamate transporter 1 OS=Rattus norvegicus OX=10116 GN=Slc17a7 PE=1 SV=1	113889520.25	113014220.390625	128730558.0	138448429.0	168375612.75	174850741.125	101160987.6875	128234268.390625	230424298.75	144888658.0625	123432092.0	157251485.625	129046148.25	270697980.75	131350075.25	169845180.625	189405663.40625	185935158.75	136634857.0	150563719.8125	116215865.25	189268404.125	129471097.125	140471241.0	197506463.5625	267107951.25	178351383.125	259503892.875	168553070.625	203144795.5
P60892	Ribose-phosphate pyrophosphokinase 1 OS=Rattus norvegicus OX=10116 GN=Prps1 PE=1 SV=2	152740507.0	82010199.875	120277361.375	107257515.625	99737111.0	69870141.75	70600399.5	65175384.25	110903615.5	120217214.75	114749681.125	104915095.5	116145530.5	109489285.0	109279122.125	129109856.5	135322234.0	135823696.25	110135875.25	79074042.25	130199982.21875	102302114.0	85405576.0	112271032.0	86043829.0	129833870.0	121144205.625	135342347.5	130099258.75	148092715.5
Q9QUH6	Ras/Rap GTPase-activating protein SynGAP OS=Rattus norvegicus OX=10116 GN=Syngap1 PE=1 SV=2	1041499415.875	674912585.671875	935147348.9375	794374094.625	908109674.96875	555698101.40625	1168278747.75	697450017.375	528640208.25	803276219.8125	1390079431.8125	815843943.5625	970004361.1875	579443783.25	618438651.96875	814003664.75	1795625862.90625	932865023.5	497396483.25	861726097.421875	807101988.375	921539889.953125	736599612.390625	1143331460.125	835854691.3125	803161286.25	890888105.828125	1458952721.0	958287377.984375	1098785834.875
Q75Q41	Mitochondrial import receptor subunit TOM22 homolog OS=Rattus norvegicus OX=10116 GN=Tomm22 PE=1 SV=1	148733242.0	74099014.75	138009641.0	69959612.25	67657994.75	78619417.3125	57677299.0	63379076.90625	99319794.0	52708356.0	88664020.125	89897698.75	82560843.5	123326980.25	85611699.75	107712318.25	113044444.0	107610971.0	104600645.5	59344895.75	97297306.5	121312172.5	82962122.25	94877345.125	89389498.5	123971869.0	106345165.25	101280117.5	113158614.75	115449593.5
P16446	Phosphatidylinositol transfer protein alpha isoform OS=Rattus norvegicus OX=10116 GN=Pitpna PE=1 SV=2	367896681.375	398172770.875	236567566.125	406666004.375	444393444.5	264627472.75	543340336.25	352483975.1875	449653781.875	388400497.765625	399329884.625	341161975.0	658110087.4375	513030735.0	378578052.5	527548803.5	1452942767.125	1179352043.125	996178363.0	1225650992.875	1357439876.75	1303613326.125	1744406105.6875	1027106357.75	1444066283.5	1216355161.25	752863429.75	1436594158.125	741414897.75	993593289.125
Q5XHZ0	Heat shock protein 75 kDa, mitochondrial OS=Rattus norvegicus OX=10116 GN=Trap1 PE=1 SV=1	97766860.875	73062842.75	113777443.25	155482557.8125	167734105.5	85258926.5625	146017153.0	81971560.25	169838266.5	146543021.375	186351426.875	101076954.375	224001936.726563	158622582.5	139398249.21875	173181229.0	385096085.96875	347476772.421875	289185835.0625	270272758.25	357030517.0	340970773.75	352578895.25	252206587.6875	307772959.25	394379437.375	225477238.875	373252198.0	230530191.625	325792368.5
Q62951	Dihydropyrimidinase-related protein 4 (Fragment) OS=Rattus norvegicus OX=10116 GN=Dpysl4 PE=1 SV=1	902184133.125	295059199.875	493419382.375	487356069.5	1182232147.5	408867035.0625	768336848.75	552417232.25	1309572010.5	1039589561.25	690772475.125	608353987.25	1135726754.0625	1284818440.0	575423520.5	1358112756.42188	1250908559.6875	1253751545.6875	972130962.125	696992219.4375	1146338213.90625	1206143091.75	929381257.390625	692383189.0	1055066563.8125	1640298016.125	933725738.25	1076951789.75	752704856.25	1728879809.5625
P85970	Actin-related protein 2/3 complex subunit 2 OS=Rattus norvegicus OX=10116 GN=Arpc2 PE=1 SV=1	159415025.21875	89971007.140625	156538693.3125	155047502.0625	133701144.1875	94005110.84375	129556785.5	94437807.5	102800791.75	104900813.5	79830648.9375	103663487.9375	76844657.125	153034964.0	133120339.0	117810641.5	96694357.5	118851269.75	147846382.125	112365533.25	164599110.5	101830070.75	81587643.59375	155636238.75	117791724.25	128352136.0	84948476.875	99645639.25	134764803.1875	137160518.25
P38983	Small ribosomal subunit protein uS2 OS=Rattus norvegicus OX=10116 GN=Rpsa PE=1 SV=3	30449534.0	28163090.0	65014444.5	52939061.25	74495422.0	40133707.75	51344093.75	42591484.75	92411087.0	59775759.25	32033032.375	44416302.875	64104641.875	77473588.25	90224088.5	70004487.0	65782869.25	57402703.25	71763918.125	54876903.75	74038820.0	73162801.0	46505211.375	49018344.25	74439035.125	87863425.5	33792188.875	61535917.4375	42865657.5	81090487.5
Q63666	Vesicle-associated membrane protein 1 OS=Rattus norvegicus OX=10116 GN=Vamp1 PE=1 SV=2	6985965.375	15983709.0	1461592.75	19685672.125	9034002.5	13564904.5	34875340.75	11308217.0	22832451.25	13046625.5	5682336.625	14165350.03125	18115411.6796875	22991301.5	11616086.0	14696417.734375	14304333.625	9323951.25	14917514.75	5589258.75	30087731.875	15514362.125	19032880.5	22958248.5	24816741.0	33110995.65625	8945207.5	11506749.5	6376723.125	15750943.5
P70550	Ras-related protein Rab-8B OS=Rattus norvegicus OX=10116 GN=Rab8b PE=1 SV=1	172392431.625	169133869.1875	150807716.4375	234755985.75	356195974.0	209725935.0	362050126.25	193490262.28125	421753132.25	290664793.5	195775085.1875	203826130.5	285672668.625	393363063.25	224507175.75	283985586.25	368472428.875	307110230.75	358115371.375	294724187.5	376892640.875	386895914.75	322416186.75	251788131.875	414796350.875	509541009.5	241754188.125	457008366.5	258795063.0	438956126.25
P14480	Fibrinogen beta chain OS=Rattus norvegicus OX=10116 GN=Fgb PE=1 SV=4	451537366.734375	234351911.5	380284278.1875	260577588.515625	235957181.625	246294474.0625	160286491.5	221752280.1875	251546849.6875	171433956.0	257607009.75	250832847.9375	181240825.375	265332966.25	209645618.25	205677497.5	177231003.0	231935767.0	232982554.6875	188033073.109375	220259456.0625	150833860.375	107964410.25	255525078.625	200681354.125	280536409.25	258823943.5	192724729.84375	241482923.125	234210527.75
Q6P7Q4	Lactoylglutathione lyase OS=Rattus norvegicus OX=10116 GN=Glo1 PE=1 SV=3	151930852.625	82450081.25	133149976.625	78281724.5	71165016.0	42143009.375	101398586.125	62079014.9375	94028877.0	58502234.5	77163711.5	71002438.5	75707444.5	113982621.5	126260110.0	68017211.25	112007561.0	106226394.625	87595606.75	110700810.0	100635176.5	85513819.25	72588768.5	119340589.25	83806511.75	85851275.25	162706620.25	78695801.5	106976705.0	145668672.0
P49803	Regulator of G-protein signaling 7 OS=Rattus norvegicus OX=10116 GN=Rgs7 PE=1 SV=2	386486810.0	349478768.0	434086537.3125	317489570.25	294647609.3125	252808607.125	395449063.625	324998639.8125	458375572.5	357409123.25	357176745.578125	513465233.8125	382041362.0	401052301.625	304491902.375	446148469.375	490225083.0	449093096.03125	388535571.90625	495248324.5	459024555.75	481956097.4375	412199434.5625	741834456.8125	477950605.25	512776407.28125	700496177.46875	530764012.6875	550682930.25	501282129.875
Q9EQX9	Ubiquitin-conjugating enzyme E2 N OS=Rattus norvegicus OX=10116 GN=Ube2n PE=1 SV=1	100017126.125	56914379.5	92199522.75	98755427.25	93896509.75	65431008.5	127427045.5	67571013.0	141823033.0	169948704.0	83803636.75	110802252.75	106710941.0	132738365.5	245366760.5	123634842.5	133057956.0	119115692.5	186069900.0	73474771.5	141078163.5	115714619.0	80466365.0	127237758.5	143881623.5	161301442.5	104830986.0	127173718.0	118223711.5	115926064.0
P62959	Adenosine 5'-monophosphoramidase HINT1 OS=Rattus norvegicus OX=10116 GN=Hint1 PE=1 SV=5	13025775.875	11691572.0	9907357.0625	22006078.25	34952283.25	15621669.75	65060979.0	25644587.25	44271656.5	35476347.5	42931760.25	25713643.875	38862194.25	46921187.0	41861293.875	47971612.5	49609456.0	36112766.0	44441159.5	45592226.0	64380327.0	48118903.0	40383215.0	37314242.5	51054818.5	42727639.0	23404033.5625	52437890.5	26086788.625	53895883.5
P36876	Serine/threonine-protein phosphatase 2A 55 kDa regulatory subunit B alpha isoform OS=Rattus norvegicus OX=10116 GN=Ppp2r2a PE=2 SV=1	85928132.5	84951578.125	81056602.375	97261364.125	90903992.375	94093340.625	68729951.3125	90054489.46875	102203757.5	81912941.5	65809493.6875	87599488.5	81249741.5	103272662.875	104170970.0	100969712.0	92234421.875	92210340.5625	91829590.25	114023932.75	96602135.75	95483923.5	60461578.03125	91455052.5	94398871.25	135242437.0	108798466.0	98102324.0	98541169.0	98946546.25
P11232	Thioredoxin OS=Rattus norvegicus OX=10116 GN=Txn PE=1 SV=2	103066236.375	53928617.125	72314308.1875	86208884.375	88698314.5	102746188.75	83466001.59375	82521221.25	98127159.75	73747861.0	104039003.34375	66019495.75	80687868.0	101528358.25	90296288.5	92308571.75	92725134.0	91191236.0	81093305.0	103181995.84375	91829804.765625	91514602.5	69550036.25	82149104.75	90484833.25	128056912.25	96678651.25	102409518.25	91946822.9375	99912652.0
Q9WTP0	Band 4.1-like protein 1 OS=Rattus norvegicus OX=10116 GN=Epb41l1 PE=1 SV=1	643303695.0	307752361.390625	468455301.929688	578896336.625	347685118.25	250516748.5	308377884.125	347681843.3125	313986067.125	302150980.5	464481279.5625	401088561.539063	295735041.25	356637529.5	257670107.898438	391094812.375	373981013.75	357066496.5	347559624.5	246901502.8125	425278774.75	389286413.75	231360434.25	350137476.625	268109593.875	453050250.5	482225182.625	306566878.625	394098636.875	394355410.0
P07483	Fatty acid-binding protein, heart OS=Rattus norvegicus OX=10116 GN=Fabp3 PE=1 SV=2	157333296.75	150788461.0	210137688.1875	143023436.0	93537075.25	102198499.75	98076408.3125	132097700.5	110224890.5	102703304.25	193329345.625	129586603.75	103985990.0	101867864.75	162268655.875	119677586.5	101440591.75	123903222.0	101925339.125	116448839.0	196581140.0	131467838.75	112898403.25	149204522.75	112112916.25	141980503.25	177100677.625	132467971.0	191935865.25	124320003.5
P62898	Cytochrome c, somatic OS=Rattus norvegicus OX=10116 GN=Cycs PE=1 SV=2	69739157.65625	65162398.7421875	50687948.125	88518802.0625	121557783.375	68509111.71875	172153413.25	64323876.65625	196812845.125	153489746.375	82812813.5	74747633.4375	142317473.4375	188504400.0	92909516.875	164430422.625	159538373.5625	153912181.25	136384091.5	199433146.375	171328748.25	173502624.125	139189163.875	142658159.125	177197547.5	226770047.875	104403143.0625	188949004.0	108900090.125	171555974.5
P12711	Alcohol dehydrogenase class-3 OS=Rattus norvegicus OX=10116 GN=Adh5 PE=1 SV=2	245517134.0	198570653.03125	195888377.75	236261424.375	186333080.03125	293294542.375	234032740.75	216552198.875	276939135.75	174715422.125	195159349.375	258497002.75	258370114.0	253820015.75	222432794.5	208231466.5	182043048.5	239086428.5	213825323.25	178974887.875	189734109.5	272476873.5	120775693.625	209258243.5	208103754.125	374262436.25	255505048.375	242234571.625	242887741.0	206888194.0
P02625	Parvalbumin alpha OS=Rattus norvegicus OX=10116 GN=Pvalb PE=1 SV=2	115558578.5	113828530.597656	110668994.0	101480905.75	103954424.375	124766247.09375	147021603.125	142507144.25	166174880.359375	117180586.0	119668131.375	166539904.0	116695657.648438	130070522.0	175751953.25	154583515.5	104825455.0	128327519.28125	128799229.125	99416122.3515625	192701397.125	128660402.5625	136851042.1875	327488536.25	187276729.625	171613156.875	168665947.5	120475317.5	161550889.5	160656520.9375
Q5U206	Calmodulin-like protein 3 OS=Rattus norvegicus OX=10116 GN=Calml3 PE=2 SV=1	178561443.25	121138695.25	146087110.75	197400922.0	208361819.5	133310562.0	157327634.5	108783197.375	232597436.0	186544279.25	105623815.375	117606289.0	34976873.75	260208064.0	140289490.0	185655853.5	220852298.75	179208363.0	180978727.75	179170735.5	42916921.25	197318314.0	164055704.0	17942862.0	206146126.25	252094392.0	114756064.5	228683989.25	126917474.0	212848873.0
P62168	Neuronal calcium sensor 1 OS=Rattus norvegicus OX=10116 GN=Ncs1 PE=1 SV=2	61196381.1875	56267531.6875	87553823.5625	58392344.84375	48059813.375	100198983.75	38869080.25	69675324.125	48273981.75	42864961.75	37143695.875	75483982.5	36876789.125	48731636.25	44989121.875	41302984.25	46770088.375	59584651.125	47886056.75	67537856.0	47202583.75	50718932.5	34807748.5	113790808.625	51712733.625	63666070.25	80822268.375	56190177.5	70662789.875	47047529.0
P29994	Inositol 1,4,5-trisphosphate-gated calcium channel ITPR1 OS=Rattus norvegicus OX=10116 GN=Itpr1 PE=1 SV=2	961238080.125	672014064.6875	852490992.578125	866214971.5625	957540101.708984	834310612.65625	1081490964.1875	760506252.953125	1233725893.43945	1077218428.6875	1355305553.1875	1044539706.125	1087547690.46875	1249842791.28125	1006355838.0	1281572136.0	1319234482.59375	1225574674.125	935442211.8125	1049104970.91406	1272577325.0	1198181658.71875	975200951.03125	1020178968.875	1199577758.04688	1459182115.78125	1094224004.5625	1253999396.28125	985674852.125	1410840980.8125
P97546	Neuroplastin OS=Rattus norvegicus OX=10116 GN=Nptn PE=1 SV=2	80978268.25	82182792.09375	79277840.125	98169938.0625	140178418.34375	86664185.4375	209633681.0625	124242596.5625	249432575.625	195372502.125	102700611.984375	139360052.375	182754994.5	209407901.6875	107477708.75	220339061.6875	191238591.03125	202408753.15625	126452014.4375	147422676.25	200141658.375	194599533.9375	141681549.421875	143269627.5	285238663.75	273507028.5	122699964.5	231858731.375	124921728.25	246862156.625
Q64428	Trifunctional enzyme subunit alpha, mitochondrial OS=Rattus norvegicus OX=10116 GN=Hadha PE=1 SV=2	250539287.1875	251202660.0625	232170599.375	421640747.34375	275108739.863281	258751431.875	924172417.882813	252952132.375	394369941.0625	276083122.0	325491990.25	286856552.75	305757333.125	296414366.875	416982107.375	394518819.5	556010690.5	399853852.625	350424195.875	247443254.0625	745760201.859375	417247510.40625	551014425.1875	625657155.5	274092797.578125	389877420.25	467934428.6875	516356120.8125	487615520.875	504186807.0
Q4FZU2	Keratin, type II cytoskeletal 6A OS=Rattus norvegicus OX=10116 GN=Krt6a PE=1 SV=1	118125904.375	100431537.625	109960430.0625	88294334.1875	74251818.0	99461997.25	81361060.625	79354077.1875	75316154.875	70388436.40625	82777258.8125	82748267.875	62993535.625	111409788.75	88870938.25	78138980.25	84655202.25	75059200.25	102348383.5	117045240.75	92985568.25	64028592.9375	65610049.0	90556595.75	66348192.5	97600220.25	99929090.75	78396763.5	101049986.75	125359149.0
P14046	Alpha-1-inhibitor 3 OS=Rattus norvegicus OX=10116 GN=A1i3 PE=1 SV=1	48424585.75	43265044.75	35961942.875	22438289.5	25090745.625	54962478.5	17398738.375	38983591.0	30022337.25	46178721.375	42815742.75	41193798.25	25696857.0625	35574970.5	40798185.5	41506330.5625	29468254.5	39027228.375	19789255.375	39565121.75	29411649.625	23739129.5	13809044.71875	33993715.375	40792519.5	78173140.0	60024227.0	28857842.0	43737139.75	39290764.25
Q03626	Murinoglobulin-1 OS=Rattus norvegicus OX=10116 GN=Mug1 PE=2 SV=1	118671120.5	107921255.75	164841511.1875	120923542.0	105094495.25	106136375.0	111539241.125	106579529.125	118334931.5	92269932.125	136234510.984375	128005530.125	172257981.25	167392292.25	126763021.0	155003325.375	361767362.0625	295450143.0	235216418.9375	214934676.75	303472751.0	342221257.65625	384648911.125	224112691.5	324233488.625	357214006.75	240843393.3125	326517448.625	216581055.125	239594017.5
Q5XIN6	Mitochondrial proton/calcium exchanger protein OS=Rattus norvegicus OX=10116 GN=Letm1 PE=1 SV=1	778150709.8125	590094961.53125	643068613.5	741522167.75	677237423.011719	432839337.8125	798674315.117188	468013206.1875	682258836.453125	709171954.34375	747531887.84375	521638653.125	627699015.1875	798504531.75	887216914.875	838818891.5625	908031260.71875	690839641.4375	730386446.070313	468997558.5	955243462.421875	904100824.5625	733122526.625	786949135.5	523934639.234375	1117228643.39063	826645441.09375	741237340.75	837204407.625	918171072.4375
Q5RKI1	Eukaryotic initiation factor 4A-II OS=Rattus norvegicus OX=10116 GN=Eif4a2 PE=1 SV=1	458595306.300781	457289238.28125	457916272.675781	505096403.0625	459420082.5	483104533.257813	425104640.5	540334286.375	577462514.25	412082681.875	403209578.625	466388530.539063	427065575.339844	506231855.75	550182317.5	521024451.101563	490100348.25	460810456.75	540109005.5625	616302260.9375	589967879.125	508729185.875	328425197.875	497170188.875	538283172.25	716810478.125	576129538.5	606449694.875	542079617.375	550135602.75
P55053	Fatty acid-binding protein 5 OS=Rattus norvegicus OX=10116 GN=Fabp5 PE=1 SV=3	63791218.0664063	63079349.25	60655518.375	64607441.625	52324031.0	82798782.3671875	67395676.6875	70540210.84375	75747791.46875	58721740.5	75706873.5	73496492.03125	53641978.6074219	76712840.0	67233944.5	61995048.75	65408003.5	64057188.1875	75713246.5	65737542.125	83864220.5	70493480.59375	48940023.46875	73935719.375	67315654.9375	89416099.25	86273433.5	62870172.1875	82292813.5429688	64680270.875
P21396	Amine oxidase [flavin-containing] A OS=Rattus norvegicus OX=10116 GN=Maoa PE=1 SV=1	311205049.375	234417092.3125	225562020.75	236255738.5	205978867.6875	283658039.5	284747327.5	298519985.171875	280268652.0	351423326.21875	365445373.875	314110166.5	267044002.875	288171282.25	335322516.0625	349612928.75	404027496.75	269199974.625	313293448.875	251158855.875	323812756.984375	361362454.3125	288296712.875	308101561.34375	305682509.5625	293883558.5	357415970.375	374120582.25	317085594.0	405736105.0
P62716	Serine/threonine-protein phosphatase 2A catalytic subunit beta isoform OS=Rattus norvegicus OX=10116 GN=Ppp2cb PE=2 SV=1	249621165.5	232423487.265625	235510853.625	295968813.765625	216189809.34375	233000386.75	190874546.625	203716882.8125	271257650.0	204762061.0	198996877.5	235502637.34375	206090152.375	274856112.75	251550694.5	267613163.125	251727340.625	248888263.0	252998696.75	283549151.09375	246137880.875	246469493.0625	136835636.5	245971281.5	216984167.4375	329667013.3125	262927142.25	230898794.5625	261295916.5	242187020.6875
Q63560	Microtubule-associated protein 6 OS=Rattus norvegicus OX=10116 GN=Map6 PE=1 SV=1	1273556229.15625	837526481.25	981406084.398438	938396276.585938	659904147.585938	683826379.671875	493869102.875	874118527.21875	790868656.375	1127562706.57813	646361034.65625	1007883172.21875	896634526.390625	874652232.78125	1752242168.14844	1385440247.75	596499228.625	1098545538.57813	911362704.875	670668873.75	1838790436.8125	1224044061.0	1288347772.5625	1923860059.85156	869276968.0	1407118707.625	1697977504.0625	485996498.375	1558901998.4375	1520241176.14063
P55067	Neurocan core protein OS=Rattus norvegicus OX=10116 GN=Ncan PE=1 SV=1	162871036.71875	154392643.125	154161076.3125	186039095.375	149543148.0	227538152.875	141347261.75	188711696.890625	198773357.875	180824523.625	126072410.75	197717765.5	143518337.8125	218553014.75	189869643.5625	195894259.0	167579924.625	163692080.9375	175838708.875	166430072.3125	164332160.125	185783407.25	127115451.1875	203888187.125	203854844.625	232125515.0	219262858.625	187752194.125	183347100.625	202992011.625
P28480	T-complex protein 1 subunit alpha OS=Rattus norvegicus OX=10116 GN=Tcp1 PE=1 SV=1	100726833.410156	85350376.4140625	85106665.0708008	103893979.041016	87591448.6230469	117527352.513672	101749912.15625	117587402.09375	101193905.652344	114203751.484375	141335722.0	112141501.632813	86692358.8164063	106250161.0625	136114583.9375	99597031.96875	111384546.25	93177997.8222656	126752474.671875	94278914.0810547	110439134.101563	119126095.75	85847214.375	148065943.375	116083874.53125	105317214.0	135888253.503906	108606337.953613	130448259.539063	124853891.839844
Q568Z9	Phytanoyl-CoA hydroxylase-interacting protein OS=Rattus norvegicus OX=10116 GN=Phyhip PE=2 SV=1	26594633.9375	31672210.375	32080438.375	36560867.6875	35102596.0	23831663.84375	33551761.875	43678824.875	54543350.875	33430889.1445313	32409760.125	38205618.0	31690964.375	49798132.75	33111868.7109375	50806602.375	34594972.875	42197653.75	36949409.625	38734360.5	44940118.625	48551826.875	37660488.3125	49294919.125	52151474.5	47860814.75	48206708.0	52197303.125	43555654.0	44096791.125
Q91ZN1	Coronin-1A OS=Rattus norvegicus OX=10116 GN=Coro1a PE=1 SV=3	405498542.710938	242215725.4375	378364642.265625	321627050.125	397689053.390625	210866039.4375	313170403.6875	216772862.625	403300914.375	335807920.0	306049810.296875	327040221.125	319736450.28125	397500338.25	293376129.9375	408387780.0	373700238.6875	407956987.625	302837244.625	290989827.859375	430740219.0	349988913.25	298911646.71875	357584976.0625	286307257.125	419848866.0	360356678.125	339681671.265625	366479632.875	441431769.25
P19627	Guanine nucleotide-binding protein G(z) subunit alpha OS=Rattus norvegicus OX=10116 GN=Gnaz PE=2 SV=3	22252725.1875	14714990.9375	30194224.125	22219846.0	27637229.125	21893536.171875	28765448.375	27598737.03125	28756907.5	33616115.25	33635856.125	34488645.25	36218315.875	40826135.0	29063266.0	39860149.25	45677709.5	35188119.0	37455937.0	36029865.625	39839230.125	45165834.625	34020624.46875	33745894.25	43546553.625	49359023.75	44229802.75	53223156.25	43686974.625	49339773.75
P52296	Importin subunit beta-1 OS=Rattus norvegicus OX=10116 GN=Kpnb1 PE=1 SV=1	44195631.5625	44622770.625	44579016.375	54547823.75	60279917.75	51575972.125	78418261.75	54582650.375	85183344.5	42239025.25	51486505.5	61620443.5	79072745.75	70894515.25	72670095.0	82360198.0	72843635.0	73040046.5	69809471.0	71350866.6875	76601245.71875	68177934.5	68708382.5	84684024.25	76583743.5	79876408.875	83787741.375	91077827.25	68741604.75	92377465.75
Q07266	Drebrin OS=Rattus norvegicus OX=10116 GN=Dbn1 PE=1 SV=3	165282778.3125	164864293.5	136331624.125	228547172.28125	288212546.1875	206927473.65625	290491548.0625	176787564.222656	311168244.75	234238032.1875	159308736.5625	182098069.0	234404068.75	257270290.25	219400559.5	236996832.75	241591738.5625	208031932.9375	261560697.0625	214244122.625	285703130.5625	235748167.75	202264408.082031	245914770.375	293171537.683594	344904470.8125	173032147.0	237544765.25	219025011.6875	265959803.6875
P11030	Acyl-CoA-binding protein OS=Rattus norvegicus OX=10116 GN=Dbi PE=1 SV=3	60661896.0	56453561.25	35999566.0	63319938.75	65222145.625	62370583.625	131773997.601563	52277890.5	87872542.75	67972158.75	79045771.0	71894925.5	71901821.75	90015658.5	85003961.25	74790831.75	83729282.0	76423061.25	81893015.125	98489862.25	101718706.75	80941539.375	69366791.625	121072920.75	90765312.25	106007531.0	81780664.5	90831570.625	61433920.5	81285311.25
Q8R491	EH domain-containing protein 3 OS=Rattus norvegicus OX=10116 GN=Ehd3 PE=1 SV=2	199118141.3125	203549475.0625	171028127.4375	179605677.90625	145125401.25	200264765.1875	214295228.875	230453021.5	194917192.75	177215142.875	418419808.375	220117754.25	192267168.125	203716006.125	301822304.375	251395858.625	298678156.25	295933063.0	232792584.5	198519966.8125	302472000.75	232441410.0	264714841.375	334751291.375	268879447.75	281550795.4375	363513994.625	237111943.125	302068668.375	332612912.0
Q63598	Plastin-3 OS=Rattus norvegicus OX=10116 GN=Pls3 PE=1 SV=2	179769088.8125	146098206.1875	456880080.625	290421443.8125	261837300.84375	188409812.625	283432839.8125	440173551.21875	224866556.8125	218761374.75	282700100.0625	384332169.0625	158590629.5	273964302.0625	530662135.75	417477209.5	209420509.25	326574261.75	375083641.6875	163133296.953125	418803865.75	384499468.8125	275828525.53125	450691156.5	164811044.8125	340231184.75	445846574.0	355538118.5	463973860.75	358358918.28125
Q794E4	Heterogeneous nuclear ribonucleoprotein F OS=Rattus norvegicus OX=10116 GN=Hnrnpf PE=1 SV=3	383633067.375	153674452.5	249946917.1875	312539259.75	382252656.25	161446719.5	230121146.375	117222299.25	345352726.5	331415024.75	215644196.25	235342877.5	277036450.75	457415369.875	296051310.125	430844431.25	318693643.8125	354676485.75	379629898.5	219535076.25	322991305.25	299492188.75	267958179.75	277579787.0	211820773.625	393317135.0	235558903.875	279279429.75	317764528.0	506764977.75
Q3B8Q0	Microtubule-associated protein RP/EB family member 2 OS=Rattus norvegicus OX=10116 GN=Mapre2 PE=1 SV=1	74194563.78125	62329453.546875	56276551.9453125	77320979.5234375	71790091.8964844	70992170.4375	88138771.0625	83336380.625	117480121.25	91054484.09375	99980477.7421875	93595432.03125	95265763.1875	88808498.375	95486958.90625	100329211.25	108843589.5	97224438.625	67773482.71875	47420137.0	116089836.5	96895827.40625	68581694.5	85161112.15625	92147673.171875	107194956.5	103266314.75	98695095.5	78683476.125	110054775.25
P83868	Prostaglandin E synthase 3 OS=Rattus norvegicus OX=10116 GN=Ptges3 PE=1 SV=2	24150421.1875	35099638.625	30863425.4375	35495187.375	71007704.8125	21747060.0	70247478.84375	67831670.75	84686157.25	60615410.0	81374005.0	76749487.0	93185066.625	107881124.0	32400060.5	112026895.4375	125793746.5	87017432.5	79080161.375	86602948.65625	107350542.0	121681370.125	70437457.296875	75920840.59375	66305439.875	68167682.0	86648678.125	76234953.0	54216995.84375	120374788.5
P04785	Protein disulfide-isomerase OS=Rattus norvegicus OX=10116 GN=P4hb PE=1 SV=2	168325738.875	132856079.1875	141570026.59375	177025200.5625	184233093.25	166219773.375	208491820.3125	164438228.6875	276704873.375	211151658.96875	210223416.984375	194610307.0	221861571.5625	228051006.1875	236803356.5	255499498.25	290166169.625	258012703.875	186455424.1875	228427128.5625	253387769.25	261843407.125	186211844.75	234262424.4375	258601505.34375	345466345.375	231006561.625	252404351.3125	213228025.5625	272942980.75
P36877	Serine/threonine-protein phosphatase 2A 55 kDa regulatory subunit B beta isoform OS=Rattus norvegicus OX=10116 GN=Ppp2r2b PE=1 SV=2	47871233.5	45109564.25	39908584.125	39419132.0253906	23170538.0	49089826.5	51494441.25	64180826.3925781	29911657.734375	50421470.5	64215855.921875	58040909.8203125	34161075.0234375	54128728.25	76700620.75	47572490.3164063	64592263.125	38684372.9726563	55551398.5	67082837.0	52781558.5625	56502507.0	40785375.9609375	77412625.75	43750843.25	44522302.5	85001417.5	61600110.5	64680647.7773438	55058985.0
P56932	Serine/threonine-protein phosphatase 2A 55 kDa regulatory subunit B delta isoform OS=Rattus norvegicus OX=10116 GN=Ppp2r2d PE=2 SV=1	58493853.5625	32471791.5625	43660614.875	50849699.71875	49247219.75	41640341.9985352	111347757.5	49626462.1875	76343997.03125	61658812.8525391	68055581.125	47094458.875	54797997.875	57103827.125	65156438.5	69739000.15625	97607151.625	64918982.75	79248961.75	75572063.75	122569851.625	69445586.5	94727025.625	113587940.875	99648358.125	71944349.59375	91821924.53125	126003041.5	93302561.9375	112450319.75
P70566	Tropomodulin-2 OS=Rattus norvegicus OX=10116 GN=Tmod2 PE=1 SV=1	241930732.8125	262835303.25	257687650.25	263224174.25	284880437.875	360186402.5	66014480.9375	272016469.75	324054217.25	225902732.5	27861453.875	283753502.375	269124593.125	275100828.5	177545634.75	265094895.5	66225682.421875	294638283.835938	213924958.25	279969251.75	205421402.75	256793013.5	46331640.5	171225864.375	302163497.875	367553279.25	255298083.9375	324283999.75	235202258.75	283939873.25
Q9ERH3	WD repeat-containing protein 7 OS=Rattus norvegicus OX=10116 GN=Wdr7 PE=1 SV=1	1014312874.5	905719091.5	985563403.375	827394157.0	600055036.125	877411889.4375	591326769.8125	897250667.625	723432699.9375	498128669.125	1163009806.34375	877355328.0	603444910.9375	757139299.875	793673195.125	788498973.375	878496182.125	802569021.5	522154862.5	810991620.9375	721880138.09375	699966680.375	509727102.1875	990342629.1875	694222854.25	919144395.5	1084416868.875	791056651.0	880835108.5625	753460531.375
Q6URK4	Heterogeneous nuclear ribonucleoprotein A3 OS=Rattus norvegicus OX=10116 GN=Hnrnpa3 PE=1 SV=1	502133850.875	374785445.75	442372078.09375	443901587.75	371727020.015625	432807454.09375	245836986.96875	373577046.0	451006742.375	439949783.25	405576208.0625	478443751.15625	382924171.875	442499563.0	383492871.84375	439759216.75	482785105.15625	464889352.25	325323126.125	294918733.290039	320114444.875	445834396.0	317383776.0	386792923.1875	445739398.5	488011180.5	512415410.125	400105782.0	372347969.375	554108266.5
Q4V8B0	Oxidation resistance protein 1 OS=Rattus norvegicus OX=10116 GN=Oxr1 PE=1 SV=3	641445280.25	391917266.59375	442551390.75	678716239.6875	566148435.390625	456117729.0625	593321014.0625	269875185.21875	343379295.9375	359476397.46875	319836848.464844	413024793.75	227168468.9375	700975805.6875	539547237.25	616062760.25	358246910.0625	765719555.3125	663385996.5625	222847380.15625	779553760.25	705958489.875	815823155.1875	412479804.375	274367934.3125	626723433.25	373240454.25	778495264.8125	571006971.875	314052550.5625
Q04970	GTPase NRas OS=Rattus norvegicus OX=10116 GN=Nras PE=1 SV=1	146391540.0	73166550.625	334905352.0	207584680.0	141446032.0	58946936.0	142601152.5	351571552.0	67642912.125	107392380.0	231817744.0	291530356.0	84639722.5625	143182585.0	380070612.0	207138738.5	134298056.0	219299572.0	274358699.0	87761620.0	305485804.5	220901885.25	121518610.5	324406916.0	87183493.0	102914493.5	403408728.0	245437245.0	339554452.0	192206748.0
Q6IMF3	Keratin, type II cytoskeletal 1 OS=Rattus norvegicus OX=10116 GN=Krt1 PE=2 SV=1	294252774.5	276429923.0625	243230919.75	329800202.375	329817021.4375	284823348.34375	473364715.0	294360418.78125	390656325.0	324303488.0625	360363818.9375	331003261.75	303169708.25	325425521.375	354029799.9375	370185683.75	397212281.75	329623709.875	336260182.3125	338085730.5	432580126.125	364921168.75	309254953.0625	404319176.125	398950515.125	478981062.25	364852402.5	382671702.3125	363161647.25	394122926.0
Q9EQS0	Transaldolase OS=Rattus norvegicus OX=10116 GN=Taldo1 PE=1 SV=2	666864981.875	568422582.34375	562992376.453125	616854710.625	408648663.203125	357340461.375	587397774.625	426036631.125	494640209.875	464043222.5	722687022.375	524141715.625	516514441.75	469636444.25	778266300.625	626975861.375	713367715.5	573247747.0	571078376.75	466811230.75	721350455.625	711149178.25	565014988.75	748395179.0	442232924.25	835146920.25	890111277.0	593925356.03125	741148525.75	695460546.0
P49911	Acidic leucine-rich nuclear phosphoprotein 32 family member A OS=Rattus norvegicus OX=10116 GN=Anp32a PE=2 SV=1	349338427.75	269959291.5	300099742.0625	308642013.8125	232621053.0	233890940.5	232482857.9375	245417759.375	254095353.0	251010476.5	439069624.375	273539336.25	248733251.75	201550523.25	460418366.125	305509429.75	374058611.375	270661454.25	291346975.5	229049157.875	336881327.0	376112206.5	284162271.5	338775865.5	211657576.5	430877228.0	512578495.25	300766250.75	398729884.25	378531516.625
Q5XIF3	NADH dehydrogenase [ubiquinone] iron-sulfur protein 4, mitochondrial OS=Rattus norvegicus OX=10116 GN=Ndufs4 PE=1 SV=1	72405115.625	56865434.5	76322491.8867188	65216636.75	65392578.125	36212921.0	98638347.5	38847691.25	65488713.25	63493521.0	48525375.875	51288961.875	58568422.1875	56317898.5	62966571.875	82317263.5	73405632.0	60432310.5	57789823.5	58039471.875	85910714.5	71201664.125	73138705.125	77685149.0	70227813.0	87555762.5	62308453.875	66957711.5	62914579.75	78449524.75
P07943	Aldo-keto reductase family 1 member B1 OS=Rattus norvegicus OX=10116 GN=Akr1b1 PE=1 SV=3	177728376.0	151080852.8125	151446423.9375	148689628.4375	133096165.5	192398888.1875	176815185.75	172478545.0	160533023.625	118995095.8125	198252096.875	155736703.625	169740879.375	225381905.625	152172827.75	164406351.375	246918248.0	215600786.125	208125929.0	222871151.0	172345126.25	225365645.75	117385868.875	229884612.0	217324562.75	256455966.0	280653314.625	258000322.125	317437364.375	226118243.5
Q02253	Methylmalonate-semialdehyde/malonate-semialdehyde dehydrogenase [acylating], mitochondrial OS=Rattus norvegicus OX=10116 GN=Aldh6a1 PE=1 SV=1	214905845.5	136917963.5	177976693.21875	198556586.75	274733859.25	102007380.171875	232486400.5	114971310.875	278873520.75	242796296.5	137413164.0	147915676.625	272078711.375	330709881.25	177984545.875	271907229.25	322041086.625	284368431.375	217479779.0	178440192.0625	251068403.726563	305470094.5	247111959.875	157095999.25	245240857.75	349101188.25	159535093.75	214190771.5625	174658215.125	286794039.75
Q5U316	Ras-related protein Rab-35 OS=Rattus norvegicus OX=10116 GN=Rab35 PE=1 SV=1	549034038.0	239474123.375	490546033.125	280119227.5	236140991.5	261258459.875	123674337.25	176543333.75	225283504.25	222203363.25	266247173.125	264133876.0	171784531.75	236352654.375	270858814.25	248879808.5	218899462.0	226057992.75	229234540.25	128493755.0	204450599.25	200177212.25	146104493.0	181806628.5625	140156882.75	281336240.0	322159831.25	164853793.5	264745830.375	242200083.5
P63029	Translationally-controlled tumor protein OS=Rattus norvegicus OX=10116 GN=Tpt1 PE=1 SV=1	88362766.6875	93502248.875	82639470.25	120854256.125	101746044.0	141044728.0	93662216.5	115407777.0	127425645.25	98405974.8125	89080067.25	122542155.5	93145105.75	107510329.625	131434045.875	105658130.875	101759366.375	100233609.25	126952065.1875	114308426.46875	107389612.4375	121645090.75	72818247.25	114206532.5	117415337.25	151618609.0	122939905.5	119964454.375	133225532.75	119858008.5
Q6PEC4	S-phase kinase-associated protein 1 OS=Rattus norvegicus OX=10116 GN=Skp1 PE=1 SV=3	228940605.625	167999126.625	125607859.46875	156591283.125	144549555.0	137308545.5	240090818.53125	173394092.375	201554097.75	196413294.5	332702373.984375	215658780.125	150711066.75	212183386.25	222497883.5	231434709.5	261010335.25	215228725.5	197082295.25	114956242.046875	289314213.5	217404117.0	173709983.125	264924482.25	215412149.25	226550107.25	227720333.125	256527872.25	227901898.5	267824518.0
P27952	Small ribosomal subunit protein uS5 OS=Rattus norvegicus OX=10116 GN=Rps2 PE=1 SV=1	458611756.875	303104423.6875	353400546.125	346102346.875	306271384.125	291990959.5	250062249.125	248821248.125	323023308.375	250203590.75	277842456.4375	340648765.75	288092721.1875	335909184.375	277019980.0	311368086.375	328417659.25	335051362.625	298654813.375	253653262.0	332593398.875	340908404.5	272842258.03125	339744266.5	331427975.375	453555865.625	420742372.375	352146776.25	376337345.5	373706953.75
F1LZW6	Electrogenic aspartate/glutamate antiporter SLC25A13, mitochondrial OS=Rattus norvegicus OX=10116 GN=Slc25a13 PE=3 SV=4	334962627.578125	284357555.4375	264719582.632813	346291376.75	313458160.75	278599924.125	389250627.78125	314918112.625	372943542.375	375086425.5625	385576926.0	332652137.125	341738007.3125	377795556.441406	440306760.3125	414157239.0	447469692.9375	377408149.0	390229547.65625	316245182.4375	433613577.75	457075473.9375	378587778.75	412369506.03125	366959262.5	503257763.125	447717428.40625	374734147.5625	406941170.125	471962116.75
P08082	Clathrin light chain B OS=Rattus norvegicus OX=10116 GN=Cltb PE=1 SV=1	105866406.5625	85190869.75	105948459.625	110749777.6875	94141877.59375	113349304.25	67208923.75	108757758.125	117210053.375	113211225.546875	70007472.3320313	119280900.875	95778050.25	124658790.0	126046761.171875	123653576.710938	79479541.25	122792539.5	124001717.5	84968724.5625	75659575.7109375	86723689.984375	80462597.5	122477600.5	112231306.5	132050023.0	134764104.5	81399666.25	108055732.375	134488170.5
P35289	Ras-related protein Rab-15 OS=Rattus norvegicus OX=10116 GN=Rab15 PE=2 SV=1	53325606.75	79286079.125	48809822.75	116897620.75	181099126.5	88208266.75	111412255.75	84552244.25	90031850.0	156024382.25	64154269.75	98126102.5	114014324.125	91652256.75	100576386.75	151515572.25	136814292.375	149816474.125	136648559.25	132133967.75	148485209.25	166127184.5	105257021.75	117206329.5	127264941.875	205287191.0	113209800.25	140179853.75	131739238.25	201667440.0
Q6P502	T-complex protein 1 subunit gamma OS=Rattus norvegicus OX=10116 GN=Cct3 PE=1 SV=1	527348091.046875	454062034.054688	656123589.4375	458824826.0	298778825.0	283014314.703125	491259410.875	337207280.25	350268777.75	410086784.625	576311606.289063	447974412.25	382477128.875	364563338.5	707617315.398438	526376272.25	508886543.875	522659675.609375	399769760.625	317257620.039063	683329998.75	432423530.5	500926336.75	803782643.25	348599267.03125	590694777.132813	742088562.0	493941771.78125	801441049.6875	562663490.445313
P35571	Glycerol-3-phosphate dehydrogenase, mitochondrial OS=Rattus norvegicus OX=10116 GN=Gpd2 PE=1 SV=1	332542650.984375	328204794.1875	392890211.6875	416545198.875	239975608.125	270039411.21875	311157316.25	290188954.625	303062255.875	209027063.875	288537104.875	291561337.625	242992942.28125	273121613.125	280038934.25	305694877.0625	354370404.875	311174084.5625	247390656.078125	299166381.773438	349234769.3125	229816283.6875	245497231.734375	362762877.5	232285428.3125	328022286.5	449375093.0	265426773.0625	339668001.625	287843163.796875
P84087	Complexin-2 OS=Rattus norvegicus OX=10116 GN=Cplx2 PE=1 SV=1	185307619.84375	106094211.9375	120756530.75	157956361.375	237215613.5	130097431.25	155457283.53125	81030780.5	218308019.875	149860384.875	112562447.8125	103051567.5	172555529.375	231846539.375	128535027.875	169306182.3125	180678908.3125	205976442.0	173454158.5	149391632.40625	216125157.125	156216103.375	158197823.5625	136007341.625	194660989.867188	243900918.5	117801904.25	171630910.875	121532008.75	206511652.5
P19491	Glutamate receptor 2 OS=Rattus norvegicus OX=10116 GN=Gria2 PE=1 SV=2	494999987.125	437869378.125	441317575.125	286650866.0	299083769.375	362726260.75	239170981.3125	434037353.25	620844489.625	547687813.25	416193476.75	422340464.75	663226811.75	616152567.75	442900463.875	583568209.0	872168882.125	609850021.375	510752388.5	877231862.125	471073431.375	542793036.3125	525566959.9375	661316652.0625	622516748.25	685614813.75	473292477.0	545535803.5	446548439.125	455092901.5
Q9EPC6	Profilin-2 OS=Rattus norvegicus OX=10116 GN=Pfn2 PE=1 SV=3	64675344.25	66930293.5	52447313.875	67931580.25	95559899.625	102483951.375	92428189.0	93305744.75	101411790.125	90665424.625	64827677.078125	94112507.0	76524610.75	105260419.25	101747675.25	106247964.75	58677840.375	101323099.0	109465992.445313	74742381.453125	96831263.296875	92636566.5	67626513.0	88986946.0	88703768.75	124208555.125	98938310.125	95533729.734375	99742404.5625	82684952.0
P31647	Sodium- and chloride-dependent GABA transporter 3 OS=Rattus norvegicus OX=10116 GN=Slc6a11 PE=1 SV=1	60010391.65625	57002218.1875	26447582.15625	78913187.0546875	56059384.8046875	65381616.875	275074546.863281	82322711.875	124737009.40625	115165770.4375	127499430.875	84622621.4296875	108111962.96875	131359194.0	124757686.25	109041332.25	132985305.5625	127574536.09375	185101167.25	102204637.21875	251897526.375	110192648.65625	155302035.9375	189302480.25	114566997.75	165827912.953125	119595490.78125	151604191.875	158787411.625	147880637.25
P10499	Potassium voltage-gated channel subfamily A member 1 OS=Rattus norvegicus OX=10116 GN=Kcna1 PE=1 SV=1	386522314.640625	303598061.515625	259822225.980469	247915250.734375	185913444.4375	296643467.0625	283954951.875	279749877.328125	226363235.5625	200074398.875	288860529.875	306072936.125	198880000.125	213209892.625	309575050.125	234971034.25	270607544.125	226241724.4375	235462991.625	161735430.03125	319617836.1875	240250716.125	224666321.75	318837103.25	245520473.6875	289337135.5625	362513339.875	228904354.625	307244724.8125	267963334.5
Q01986	Dual specificity mitogen-activated protein kinase kinase 1 OS=Rattus norvegicus OX=10116 GN=Map2k1 PE=1 SV=2	94700121.6796875	83058134.625	111234327.875	108137261.25	98835287.1875	98495701.5625	176883381.8125	112896996.8125	168333670.875	129204327.75	116044408.621094	122856633.0625	127877639.9375	173487530.5	119602844.5	158186205.5	172792896.75	142247563.25	144125495.375	133404914.375	146217209.40625	169452949.0	129303978.75	148943591.0625	180239368.0625	199465954.125	146344505.375	208987955.25	142691882.5	171622248.3125
Q6P6Q2	Keratin, type II cytoskeletal 5 OS=Rattus norvegicus OX=10116 GN=Krt5 PE=1 SV=1	594337254.625	378830712.375	469778057.515625	471164283.875	575013499.0	402034493.0	435136566.375	356072117.8125	530903283.6875	378124888.640625	504868945.34375	436332606.5	447884662.75	477542181.6875	445283809.9375	532641776.8125	645826573.0	535780450.25	471888278.625	388778617.4375	506558208.75	493997221.8125	444600689.921875	471342508.375	462690846.75	586972980.8125	443984772.875	524160377.75	391070035.0	548546283.25
P60905	DnaJ homolog subfamily C member 5 OS=Rattus norvegicus OX=10116 GN=Dnajc5 PE=1 SV=1	27943437.125	33075627.5	22579589.75	41536372.5	54171716.0	38824861.5	67584068.0	29668772.5	63545386.0	49980976.5	30029456.75	40002778.0	57405571.5	71160980.0	34484199.25	51769143.5	56261864.0	57750172.0	53102286.5	42631790.5	77183946.0	58035849.0	60973575.0	51225471.75	61587545.5	76435825.0	43204962.4375	66114881.5	46623198.25	53801594.5
P62882	Guanine nucleotide-binding protein subunit beta-5 OS=Rattus norvegicus OX=10116 GN=Gnb5 PE=2 SV=1	191088820.6875	177409806.257813	172635438.28125	166110149.875	122226989.0	176506363.375	186331053.75	165836370.65625	190328342.875	167016575.875	261556065.0	189202090.6875	160798353.6875	183057052.25	226169677.75	225482477.0	226616757.75	204488676.75	185288995.875	150913400.1875	305810940.75	212683712.1875	230622974.6875	318289895.75	229310188.5	275910354.625	286640584.09375	224225935.625	268444121.0	225220391.5
G3V9T7	ATPase Get3 OS=Rattus norvegicus OX=10116 GN=Get3 PE=1 SV=1	98249675.375	99520262.375	100797452.5	126242035.0	174270647.5	73498708.1875	213062933.0	79214229.0625	155714103.25	163139915.25	96562538.0625	93851233.25	176370005.875	176716746.75	130666405.0	180620855.125	187460702.75	145217391.0	156049289.75	123897886.5	179448453.5	137768058.0	179496013.75	129546884.75	165129596.0	136040220.5	63736161.25	146498842.75	106976386.75	134898914.5
Q6IG05	Keratin, type II cytoskeletal 75 OS=Rattus norvegicus OX=10116 GN=Krt75 PE=3 SV=2	219810316.25	154365812.9375	224481707.3125	166655998.4375	139536720.453125	141342594.710938	130968104.625	139426503.5	153212473.25	178673569.75	179791926.125	177425848.5	143625530.75	157946268.375	186199595.5	178607956.609375	182985955.625	189069408.3125	151460218.25	143679656.25	171273698.75	187705425.875	157609699.65625	178277859.0	156663885.625	202862012.75	204203631.0	181102289.375	194497840.25	198097760.375
Q6IG03	Keratin, type II cytoskeletal 73 OS=Rattus norvegicus OX=10116 GN=Krt73 PE=1 SV=1	630456427.75	299159050.25	412594240.53125	354987999.375	319100744.40625	334086755.070313	389531873.625	343569605.691406	445666131.875	506729319.8125	679620201.71875	526155652.84375	383912516.75	532580810.375	529071768.1875	557728305.5	606663677.34375	506389162.625	441654116.125	336745727.5625	503221755.75	591695177.875	412738680.71875	485327305.875	428248525.75	491407354.125	594833994.5	515571952.25	433442843.8125	672837851.9375
Q9Z0W7	Chloride intracellular channel protein 4 OS=Rattus norvegicus OX=10116 GN=Clic4 PE=1 SV=3	207863772.4375	125787633.0625	163948390.21875	83524008.5	147056026.625	95709744.0625	131989083.375	105712471.0	101472785.75	122149370.625	210680846.75	64581355.5	143973692.21875	124340374.875	62420208.1875	81652940.75	208203032.375	167914318.75	114597317.375	293904695.53125	166507682.625	162338543.25	165177979.375	192819735.75	142244651.421875	187767041.5	205351990.15625	183857947.75	172359886.5625	183375991.125
Q8VD52	Chronophin OS=Rattus norvegicus OX=10116 GN=Pdxp PE=1 SV=2	159866933.6875	108745671.5625	108670568.5	176723730.640625	135363574.5625	208315927.359375	303053450.875	234885934.25	283303132.0625	233938004.125	505774929.5	255712093.625	245429312.25	195241408.8125	345409072.0	296888142.5	361599448.0	258675608.5	176435432.125	154111274.0625	192224053.875	271540945.5	170405621.125	256916703.375	279451322.3125	236759075.25	295314311.15625	383948621.0625	229334216.125	329049912.0
Q05695	Neural cell adhesion molecule L1 OS=Rattus norvegicus OX=10116 GN=L1cam PE=1 SV=3	154812510.125	186670260.0	144671934.0	236722954.0	260140008.125	171746036.625	216308338.0	217045891.625	328116866.472656	236046247.125	170637104.6875	198198195.25	257731735.0	305983866.125	241823771.0	303167951.3125	310738349.0	270893170.0	289142921.375	266082089.25	280597657.0	272141873.125	202186436.75	230348460.625	290901882.5	365352951.0625	193348599.6875	271423095.3125	282002766.375	322456536.25
Q5I0G4	Glycine--tRNA ligase OS=Rattus norvegicus OX=10116 GN=Gars1 PE=1 SV=2	574444121.125	387437337.0625	424589910.625	375689914.75	274429783.84375	415562902.125	438600921.75	370547852.9375	371096271.75	359169726.375	431950082.0	466152916.9375	312703693.375	425119326.625	463941108.125	559659182.5	578196727.125	342324801.8125	430896816.875	428369961.625	530799641.5	464755279.53125	380289547.5	505599857.25	342144737.5	503218286.609375	574198782.625	523450164.875	503132825.0	450419204.5
P10362	Secretogranin-2 OS=Rattus norvegicus OX=10116 GN=Scg2 PE=1 SV=1	1538138533.125	737948498.125	1164982640.875	748500400.125	438198761.6875	755360569.3125	500125785.125	729491322.5	525822403.5	589501082.5	1398925211.0625	1123206545.5	551915241.0	577754504.25	836384829.375	675560024.25	730056626.75	709596651.25	594525190.5	409763947.0	634323527.0	590649691.4375	545407019.4375	799803670.875	483123855.375	667728026.25	1474665585.0	561441334.625	1070947219.1875	817736468.25
Q4FZT9	26S proteasome non-ATPase regulatory subunit 2 OS=Rattus norvegicus OX=10116 GN=Psmd2 PE=1 SV=1	193678315.75	288362205.390625	609977783.03125	467333217.8125	115158325.1875	217633091.75	547539378.875	279331738.28125	249422639.625	467148862.375	511508210.0625	461522346.625	169735704.625	185510772.625	199140583.6875	184456441.0	819250498.375	180331615.5	210144792.125	875021849.25	219401953.25	215930643.5	171177894.0625	288971269.625	190908844.09375	238292673.75	542513713.0625	266153996.8125	494155835.5	209508504.25
Q00729	Histone H2B type 1-A OS=Rattus norvegicus OX=10116 GN=H2bc1 PE=1 SV=2	3142932969.0	3342399345.75	3470002128.5	2367534018.0	1388351911.5	1285785502.0	4868126998.0	2343543091.0	2659215202.75	4035070064.0	7410196235.25	2875885013.0	2723994237.375	1921691819.0	6436350988.0	4049764682.0	5091224777.25	3269312253.5	2881014804.125	1347789959.75	6728394717.0	4422396853.0	6131259826.0	5487980220.0	2728389876.0	4044529646.0	6291790946.0	3520033264.125	4567538264.0	3652810076.375
P20171	GTPase HRas OS=Rattus norvegicus OX=10116 GN=Hras PE=1 SV=2	37149690.21875	38395392.375	57188166.0	55207101.375	68685570.625	34564842.75	22301245.25	40634756.5	50680000.75	31605811.0625	22428681.6875	27593217.5	57044922.5	62030928.5	47019200.75	49720322.8125	76997624.9375	67467773.875	33935748.3125	20924808.71875	61691137.0	32731030.75	23011603.875	42761303.0	44787436.75	57351407.875	26309801.125	48663031.5	34762318.875	75591728.375
P55051	Fatty acid-binding protein, brain OS=Rattus norvegicus OX=10116 GN=Fabp7 PE=1 SV=2	38223934.0625	46106510.8125	47931154.75	50960283.375	32450753.375	56947677.8125	39068153.0	57895819.0	55477604.875	33896953.25	78125495.0	64821607.0	37953737.625	55489731.625	48212596.375	66811757.25	73193313.25	67474763.25	52447848.375	68153133.5	63922111.75	77837502.8125	53602806.5	51979479.125	89439152.25	90071348.25	64936370.75	100161238.5	55583718.9375	67639648.375
P51146	Ras-related protein Rab-4B OS=Rattus norvegicus OX=10116 GN=Rab4b PE=2 SV=1	83145145.0625	80307082.625	71822277.75	82818650.625	48642007.25	96290136.0	49515090.375	85150962.25	79570671.125	70593701.625	93677264.5	66042038.6875	80506943.875	69317882.5	92077397.25	89127920.625	85959275.5	92969489.5	89469958.75	60535534.875	79954874.375	66437496.25	87288980.375	107503573.75	93757223.5	71631958.75	124725398.625	111511930.5	123825999.75	107324205.625
Q1WIM3	Cell adhesion molecule 3 OS=Rattus norvegicus OX=10116 GN=Cadm3 PE=1 SV=1	37438453.0	38956339.0	20188907.75	38738043.0	100637408.375	48020285.5	111889283.90625	44124247.875	118699719.75	95942688.15625	32924479.75	46300030.0	86732508.625	93411925.125	50017207.75	94590094.25	124890789.3125	38201712.3125	64554584.0	82093475.5	79277247.0	135749474.9375	72272793.1875	49252475.0	107609097.125	160038273.0	53471062.75	124575268.9375	49353356.25	101112641.5
P09330	Ribose-phosphate pyrophosphokinase 2 OS=Rattus norvegicus OX=10116 GN=Prps2 PE=1 SV=3	446421612.4375	270685209.5625	449232822.5625	263521800.5625	191464591.375	254860204.375	188090888.8125	253432849.71875	273222434.0	137824815.25	378713143.75	345718086.25	218789673.25	225317012.0	235164610.625	285292281.125	302296025.75	258786190.75	248900425.125	179752016.8125	240198157.25	280737351.25	174945220.25	308753654.25	216526752.5	332320613.5	435487200.875	226452862.1875	340655279.625	315055093.125
Q6AXV4	Sorting and assembly machinery component 50 homolog OS=Rattus norvegicus OX=10116 GN=Samm50 PE=1 SV=1	413986525.75	361949693.78125	160587863.375	417734819.4375	37955110.25	306798049.25	258305431.875	177597676.359375	488037962.375	240087240.125	342197094.125	340636411.25	96818358.125	479471359.25	377645170.625	453907616.8125	506156689.25	443588090.125	388159342.875	429706646.625	559516967.96875	567457287.5	683377525.1875	563356734.875	273257546.75	448521884.375	427655927.640625	813216179.875	484833506.875	482965065.0
P19944	Large ribosomal subunit protein P1 OS=Rattus norvegicus OX=10116 GN=Rplp1 PE=3 SV=1	14689210.75	9216028.75	10952504.5	16905636.25	35739851.75	19595123.625	14343576.0	7858244.1875	17000410.0	14369502.0	15087848.75	10314554.5	12394999.5	15690134.5	24820875.25	14042185.125	13325070.5	18601239.5	20515413.0	25912208.25	12903484.5	15026577.5	9026429.75	10856813.875	16019714.5	28221086.0	24199226.25	13577283.5	11835332.5	31352647.0
P47727	Carbonyl reductase [NADPH] 1 OS=Rattus norvegicus OX=10116 GN=Cbr1 PE=1 SV=2	48322546.78125	41467331.625	48941329.3125	59645870.0429688	50182206.5625	32105166.9375	51282211.5	46479624.0	62218033.0	65094084.03125	39592738.0	46622907.40625	57439292.5	67180269.875	73779872.0	70603864.75	61583052.5	88138972.25	64777890.796875	43821508.5	69947287.9921875	81001455.5	93654078.5	92978580.0	68414052.75	85351461.90625	64072664.25	59620155.25	66289102.75	103181073.3125
Q9JJ54	Heterogeneous nuclear ribonucleoprotein D0 OS=Rattus norvegicus OX=10116 GN=Hnrnpd PE=1 SV=2	113048296.25	76724558.75	129875692.75	77250370.0	81417171.5	115571525.0	75454644.0	89279959.5	106954542.5	60981059.5625	139844907.875	110161408.375	99567984.75	110168928.0	127676424.0	108681843.75	123177549.75	95230494.5	89425663.25	54048117.5	99476295.0	137930755.3125	86673535.09375	87178698.0	104979931.0	190563665.5	134672716.25	78398207.875	109620786.125	121369233.5
Q3MIE4	Synaptic vesicle membrane protein VAT-1 homolog OS=Rattus norvegicus OX=10116 GN=Vat1 PE=1 SV=1	387765161.234375	452821938.125	374825411.90625	800080897.0	361091082.9375	420322018.1875	1279970996.5625	432388408.625	619122353.625	329771048.0	684884233.375	453103100.125	444497382.125	412581979.25	695411891.875	526736798.875	988955022.375	732034351.5	511266190.875	597855946.0	1224830521.75	519193565.375	681585900.90625	1018482965.6875	603374033.5625	662951363.875	1067814119.75	755578895.5	917946338.5625	677226998.125
P16290	Phosphoglycerate mutase 2 OS=Rattus norvegicus OX=10116 GN=Pgam2 PE=1 SV=2	981791525.25	480017518.25	842492778.75	659006384.625	624554710.875	798626574.5	518267177.0625	615431619.375	771598825.125	757031651.6875	1079300435.0	1017560589.0	769763881.75	840456695.125	991382283.125	887945594.5	955774303.4375	876103226.75	820207812.90625	495578728.125	833002044.25	896829037.5	688036316.4375	844709930.0	764726285.125	1189060971.0	1364990351.8125	795283498.625	1090027442.5	1159414142.5
Q63692	Hsp90 co-chaperone Cdc37 OS=Rattus norvegicus OX=10116 GN=Cdc37 PE=1 SV=2	330683538.0625	393960756.515625	397501865.53125	325746835.8125	250576231.921875	367690135.625	274642316.75	346077478.9375	481703494.25	305385302.71875	327853979.375	299888084.8125	302198185.0	394121735.0	300284549.0	292220201.125	281195242.0	322253902.875	311924641.5	288447256.3125	293330086.609375	215818121.0	278776796.25	331566145.0	396383941.171875	383185486.125	418885996.015625	337040205.0	305726159.0	385305460.25
O70511	Ankyrin-3 OS=Rattus norvegicus OX=10116 GN=Ank3 PE=1 SV=3	820629318.25	577989983.085938	731905256.53125	737646273.5625	608128979.0625	584083617.46875	570463240.375	777758949.125	762499263.125	478735559.125	919804443.578125	809361645.625	672859530.875	850229860.25	515513303.4375	652571429.75	838773129.5	777281290.5	598742947.5625	669541136.84375	604269510.625	702004895.4375	512139638.125	768310395.25	706805911.5	844293078.34375	1020846728.5	748286466.125	860380986.375	878527630.3125
Q80W89	NADH dehydrogenase [ubiquinone] 1 alpha subcomplex subunit 11 OS=Rattus norvegicus OX=10116 GN=Ndufa11 PE=2 SV=1	29228430.75	24605096.875	26567640.375	35671187.5	53979664.1875	40990677.25	49600362.0	32269816.625	61244070.6875	38609346.375	19946467.25	31131315.75	32021342.5	46816297.5	37037455.875	46121171.75	35089176.75	40180095.25	56174291.25	17990921.125	53098928.75	45073602.75	36061914.375	38496572.875	59235954.125	70928076.875	34003097.875	49171130.375	38992468.0	49994036.0
P04256	Heterogeneous nuclear ribonucleoprotein A1 OS=Rattus norvegicus OX=10116 GN=Hnrnpa1 PE=1 SV=3	197919104.75	110339589.0	182216643.0	102170693.0625	69873386.984375	122656860.25	56492610.828125	70038909.0	73266653.75	57773703.9375	102990022.125	101657655.75	54732838.9375	69530728.5	112289222.0	83717131.25	75995776.0	86771058.59375	61105544.25	76548856.4375	63321987.0	43605948.6875	39251668.625	67897763.875	55070408.25	63708750.375	101120784.375	56817279.0	91379712.125	64677279.59375
Q6AY09	Heterogeneous nuclear ribonucleoprotein H2 OS=Rattus norvegicus OX=10116 GN=Hnrnph2 PE=1 SV=1	198518216.046875	153017761.40625	95975136.078125	245867359.6875	271292769.5625	179898282.0	225799708.4375	306611689.25	238567733.625	277932666.75	492551694.5	306025989.25	428307851.0625	351849700.75	263228964.375	294585266.75	483044666.0	231694636.75	284282653.25	372245145.53125	335606274.125	333218656.0	234174919.5	227565681.8125	345225595.0	442663760.5	382008518.25	476258210.25	224828824.25	255946983.0
Q07009	Calpain-2 catalytic subunit OS=Rattus norvegicus OX=10116 GN=Capn2 PE=1 SV=3	107547971.949219	88164462.8828125	80229744.4570313	114434244.0	82115191.4101563	91015405.625	110331522.34375	101663406.0	86914653.375	73255449.0	106912108.875	112662323.679688	96626702.125	100124435.625	112129102.875	82772719.65625	123409604.882813	87449720.6875	103554480.875	114050508.578125	86116713.875	127399845.625	91105961.59375	93736985.0625	120818380.5	114901012.0	129049701.8125	108923187.5	150798306.75	161607377.25
Q78P75	Dynein light chain 2, cytoplasmic OS=Rattus norvegicus OX=10116 GN=Dynll2 PE=1 SV=1	44831617.9375	56751847.09375	46242847.2734375	62794167.0	64416316.6875	71594828.8125	124480877.59375	93369773.875	128002332.625	103310485.375	109324253.875	105411747.125	99845677.21875	104990352.625	100862607.90625	118616610.220703	119498002.207031	95577379.78125	107585695.75	102943621.28125	135449028.0	123893615.25	95138883.5625	98078320.0	118100569.0	128328048.375	99174759.0625	135936967.875	90311467.875	126120936.625
P09811	Glycogen phosphorylase, liver form OS=Rattus norvegicus OX=10116 GN=Pygl PE=1 SV=5	510323999.0	236206498.707031	422749635.9375	334796983.03125	247962460.25	284248942.75	142484149.484375	212044154.25	239378197.25	206642326.6875	211641264.625	296630386.25	191619794.6875	219324253.0	300018577.1875	236548108.8125	244366071.875	256238227.125	203342608.289063	155619170.421875	228924566.449219	201853539.0625	140299281.5625	214742095.5	196741096.5	272946928.25	337623896.140625	196832875.875	274551941.734375	254805002.6875
Q6AXX6	Peroxiredoxin-like 2A OS=Rattus norvegicus OX=10116 GN=Prxl2a PE=1 SV=1	96277130.625	74058863.703125	44233504.75	88121567.75	71091837.0	137743892.125	103384277.59375	104061491.4375	104260143.75	94167392.5	109265098.125	99023026.875	87584683.25	119305331.25	87004548.25	101253738.25	105238766.0	73556751.25	80855090.25	48172005.6875	108840375.875	85672747.75	70806648.8125	97633960.0	93404262.0	158077897.0	153389633.875	114622982.625	114992539.25	97711959.75
P68182	cAMP-dependent protein kinase catalytic subunit beta OS=Rattus norvegicus OX=10116 GN=Prkacb PE=1 SV=2	181104063.09375	138226427.53125	175875528.796875	157670952.71875	163786035.835938	152039208.5	236495013.875	176281611.78125	249576587.34375	203718389.8125	248811255.8125	217088130.28125	197089107.375	214365285.25	213900771.125	256900222.21875	247888576.9375	207127980.96875	164915923.0	168854941.5	249671162.375	273073053.0	213475694.125	236535551.0	247057140.03125	263043390.375	261976568.0	277018125.5	223287014.0	244637761.34375
Q6AYK6	Calcyclin-binding protein OS=Rattus norvegicus OX=10116 GN=Cacybp PE=1 SV=1	232888862.507813	210480984.8125	215275430.4375	242816273.875	262524080.75	191695513.25	307805013.5	240428102.4375	306153926.625	258078146.0	392769675.75	275950886.0	307078411.0	295042842.5	286799909.5	347008570.0	403271647.25	320221388.25	217429342.625	349943757.5	345038233.375	334223546.25	287105410.0	335959748.625	325691722.875	360754567.25	314281151.0625	271443492.25	309655751.0	325128973.5
P51635	Aldo-keto reductase family 1 member A1 OS=Rattus norvegicus OX=10116 GN=Akr1a1 PE=1 SV=2	59569408.625	61726266.625	32176900.0	44716239.125	47998182.875	130668055.25	74444639.5	110080310.5625	68623494.0	67892675.75	85451157.25	90895321.875	48374560.0	69185352.0	118429953.5	70742990.25	82701460.75	87605431.75	59529647.75	46901149.25	82936672.5	65856977.25	43850514.8125	84749071.0	66236859.0	56917697.0	132660617.0	61499366.25	64130011.625	69194052.5
Q8VI04	Isoaspartyl peptidase/L-asparaginase OS=Rattus norvegicus OX=10116 GN=Asrgl1 PE=1 SV=1	167438934.8125	131734805.0625	194785361.0625	142011031.0	185844105.875	97668005.25	207515292.5	135738252.0	209007292.375	135694637.5	212257988.75	175469548.375	185132631.25	219959887.0	189550376.625	218966716.0	295838581.5	208537561.25	170748059.875	209264630.25	244392877.125	234181316.125	179506045.75	183177338.375	214621488.25	275996685.0	206963766.75	228388971.25	221902785.5	233740268.25
P35434	ATP synthase subunit delta, mitochondrial OS=Rattus norvegicus OX=10116 GN=Atp5f1d PE=1 SV=2	13793099.0	13113511.0	9837877.5	16562360.0	20116439.0	17464529.0	55499619.0	26559391.0	29900397.0	40403014.0	26329319.0	23597237.5	28429522.0	43719725.0	35318412.0	41908954.0	35810140.0	30580697.5	39169053.0	48894549.0	41515285.0	45600171.0	33631335.0	42653245.0	47079770.0	35601104.0	27089215.5	45638705.0	27143326.0	47626412.0
P97874	Cyclin-G-associated kinase OS=Rattus norvegicus OX=10116 GN=Gak PE=1 SV=1	1209315391.71875	924170584.0	964514128.75	795362401.625	629796293.9375	838240884.65625	923378897.875	862544421.40625	810654444.5625	545070321.625	1267974303.875	845138369.0625	759432667.25	816241044.625	579207211.25	867865351.375	1131610741.5625	901099086.875	525859309.9375	731694871.125	819965780.875	783743054.25	800116033.03125	988389961.125	777482297.25	878115711.15625	1106249767.5	1083931190.3125	966456208.4375	920688580.0
Q4KMA2	UV excision repair protein RAD23 homolog B OS=Rattus norvegicus OX=10116 GN=Rad23b PE=1 SV=1	95675945.125	76364203.25	63290414.75	103096742.0	75328092.5	116048300.25	172352358.75	156543615.5	142513623.0	143997216.0	371063081.625	147806604.0	152127330.25	121187856.75	180239788.25	161170721.25	237776464.0	155273405.0	132251582.0	173933333.6875	183268083.0	175877727.0	187499102.75	198807336.875	226194146.5	110873603.125	170964187.375	240454441.0	137211699.75	175382393.0
D3ZAA9	MAGUK p55 subfamily member 2 OS=Rattus norvegicus OX=10116 GN=Mpp2 PE=1 SV=2	198793091.3125	181852191.375	211605848.625	203841026.625	205627599.75	227066532.0625	209442671.75	221421243.875	273575207.25	235356449.5	262077860.5	217032670.75	232359781.0	271700177.0	244246266.5	254059738.25	316827250.5	268498289.25	219863896.84375	173837955.9375	242509575.6875	297827449.0	217530057.875	207691714.375	251330632.75	299732581.875	275634063.375	266074480.75	230820466.5	270167707.5
Q63416	Inter-alpha-trypsin inhibitor heavy chain H3 OS=Rattus norvegicus OX=10116 GN=Itih3 PE=2 SV=1	1304561684.25	1386094224.8125	1278431076.0	1071710329.5	586296313.375	614836577.0	720738156.0625	823287269.9375	560433800.375	699081055.0	739981942.125	952319403.625	646911511.875	669793520.5	1273860730.75	833355435.25	788234297.6875	946841097.0625	930605819.875	502665246.5	1045369844.0	774723692.375	631144653.0	1268659016.25	532045421.125	992925904.625	1246882971.5	858313532.25	1332543781.375	852615867.25
P21670	Proteasome subunit alpha type-4 OS=Rattus norvegicus OX=10116 GN=Psma4 PE=1 SV=1	83470729.0	94198958.375	84756304.375	93086885.0	141197719.5	111753397.0	159022652.5	110720811.375	151101996.5	124075223.25	113051682.75	94691812.25	142198355.25	162609386.0	133572557.0	151967180.0	96772583.0	138759124.0	144677846.0	121339616.5	144327805.25	128682835.5	107879406.25	120185854.25	114220631.5	156649752.5	103945684.25	140719641.25	125450484.125	138749800.0
P14669	Annexin A3 OS=Rattus norvegicus OX=10116 GN=Anxa3 PE=1 SV=4	24281604.875	24953029.625	18428017.6875	36903893.375	40218524.25	19910974.546875	39514410.0	33988364.625	37580080.5	37425306.375	32352974.25	31496834.625	42266811.625	69087058.75	31371459.375	50027129.25	51060172.5	54240637.25	32561170.0	46944919.5	45640055.5	75802695.75	32620378.875	22404914.625	52611919.9375	65894918.5	32283577.5	50870028.875	32266056.5	52961060.75
Q05683	Glutamate decarboxylase 2 OS=Rattus norvegicus OX=10116 GN=Gad2 PE=1 SV=1	694189651.3125	407112173.625	599837003.0625	341612293.03125	179559781.4375	334858102.9375	182111785.28125	310352856.8125	200174800.75	195951682.875	376097448.65625	378524838.4375	196006021.5	215237652.375	292530170.9375	230819636.625	305624621.75	290061924.9375	243060225.75	191584161.40625	232046459.5	175697737.59375	183742076.6875	328188719.875	189843247.875	213206844.25	463478263.6875	240967258.757813	365526958.0	255991652.5
P11762	Galectin-1 OS=Rattus norvegicus OX=10116 GN=Lgals1 PE=1 SV=2	3436503.25	11335020.0625	11622820.5	30060470.5	27438777.125	14660121.5	48968957.0	8576719.625	35699693.125	28101305.75	23914864.25	18407956.75	25176699.375	66136332.0	20279087.5	36645724.25	9952995.5	26717031.5	46307960.0	39162875.0	50339887.125	41146497.5	22939621.0	37444705.1875	42767796.5	52041594.25	10896980.0	32162213.25	19442817.0	40411239.0
P09495	Tropomyosin alpha-4 chain OS=Rattus norvegicus OX=10116 GN=Tpm4 PE=1 SV=3	582630195.078125	261389744.845703	416313917.779297	273718286.171875	152609202.25	262388012.75	138018915.21875	179589599.6875	189254827.375	153147006.25	251708795.125	271352127.78125	122303574.125	207117498.554688	212568183.679688	235711097.804688	217778696.8125	165312706.96875	185946592.125	170526002.96875	179654500.9375	168753027.125	95455217.0	173172966.898438	148699558.894531	286454295.75	304506335.5	70894530.125	209773685.375	224959268.984375
P62494	Ras-related protein Rab-11A OS=Rattus norvegicus OX=10116 GN=Rab11a PE=1 SV=3	25049781.0	16537851.5	24805574.0	21605185.0	21700835.0	22073392.0	10840767.0	15150951.5	22381011.0	19651126.0	8013253.5	23009841.5	13188635.75	17502662.0	21489563.5	22142073.5	9335267.0	18980260.5	17353258.5	3952174.375	16045145.0	14789995.0	9795528.25	19699622.5	12460569.25	26291651.0	26509481.0	12404702.0	21580358.0	22658081.0
Q5I0P2	Glycine cleavage system H protein, mitochondrial OS=Rattus norvegicus OX=10116 GN=Gcsh PE=2 SV=1	4164468.5	3203300.5	1968848.0	4284038.125	6721673.75	2715275.0	13018310.5	3866436.25	6738873.5	4302129.25	4665989.75	4683262.75	6594159.25	6563815.5	7534687.5	5440276.25	3813961.25	4298532.0	9226095.75	9715740.0	11519138.5	9739514.0	7266193.75	11353716.5	10057129.5	8195935.75	4495505.75	7016646.5	6673625.5	8480627.5
P04692	Tropomyosin alpha-1 chain OS=Rattus norvegicus OX=10116 GN=Tpm1 PE=1 SV=3	83964712.0	84513270.875	99834421.1875	89178830.96875	82141026.25	80496835.03125	100470790.5	89819615.125	138616512.0	69110395.75	104617734.375	112857442.0	98828945.625	118643339.5	75265974.25	121234507.25	140590109.25	121130936.25	101207759.75	152790648.0625	122525197.0	90804049.75	97810253.0	117409653.0	140909380.25	154036530.0	126374169.5	130320597.75	123111224.0	135881173.75
P38652	Phosphoglucomutase-1 OS=Rattus norvegicus OX=10116 GN=Pgm1 PE=1 SV=2	196007905.875	165911232.921875	138995832.75	154689332.125	87169067.984375	142854593.3125	172041798.0625	133634760.96875	106763062.75	108994822.1875	149717540.453125	179811614.75	194056939.9375	94331562.375	125803925.375	134512759.75	151113227.375	123275036.375	134994795.4375	76363572.375	207707288.5	238714891.21875	93215638.875	225738532.625	236381600.75	141844188.625	325987726.9375	102338993.25	151311680.25	183459517.75
P41562	Isocitrate dehydrogenase [NADP] cytoplasmic OS=Rattus norvegicus OX=10116 GN=Idh1 PE=1 SV=1	99512978.875	60836889.4375	107908853.375	111180075.625	101793683.375	85386414.375	85521639.5	63158382.5	112402447.125	97050338.75	78716896.0	82784183.5	105883056.375	110186046.75	90498043.375	115157788.75	87410835.75	124535711.25	78854330.8125	126104507.5	106224893.25	82990447.75	80789608.5	88604167.75	91767098.9375	119850299.0	85308054.625	96028254.625	91346769.5	114012200.125
P08081	Clathrin light chain A OS=Rattus norvegicus OX=10116 GN=Clta PE=1 SV=1	160304128.25	149159330.453125	142364133.6875	159025181.25	184272241.5	168811989.3125	196181931.0	123644758.9375	207639230.75	215349268.5	148768165.75	139675095.5	173575884.25	224998072.5	189408047.25	222608078.875	250435540.1875	237197838.5	264797622.5	216907582.5	219128941.875	265404123.5	191841639.0	209557777.25	273665780.875	290282338.5	189383414.75	280390645.5	174061534.0	251940352.5
P22062	Protein-L-isoaspartate(D-aspartate) O-methyltransferase OS=Rattus norvegicus OX=10116 GN=Pcmt1 PE=1 SV=2	169857382.5	163898437.75	162438366.25	165564677.375	140464533.25	190351627.5	168512367.75	157332192.75	187046894.25	111455073.5	129394811.25	164315101.0	134967490.0	160363665.0	194318954.25	182611371.875	169281719.0	153974205.25	168952301.5	168283412.5	191675486.0	159950665.0	122021312.0	211747309.0	171883074.25	225996904.5	180948332.0	187714876.5	191979267.5	149928561.5
P31977	Ezrin OS=Rattus norvegicus OX=10116 GN=Ezr PE=1 SV=3	1143406544.125	944323889.9375	1025243959.6875	1122914140.15625	828582744.3125	921684177.25	1004993292.84375	1004610046.84375	1088039208.3125	817512782.4375	999925474.5	1138045374.9375	856690263.78125	937585849.375	1147275708.25	1130160988.96875	1100809282.125	985879690.875	917916726.65625	805873647.3125	1070687408.4375	953114503.15625	753086782.625	1318426133.25	1049355789.875	1273480291.625	1340937459.34375	1206457351.125	1256540278.4375	1127326262.625
P0C0S7	Histone H2A.Z OS=Rattus norvegicus OX=10116 GN=H2az1 PE=1 SV=2	5229750.5	6828901.9375		4671592.5	9068337.0	2037846.25	10371349.0	3602475.75	12552441.0	7822329.5	7111627.0	3383761.75	8788275.0	9625650.0	5666232.5	10353095.0	16387829.0	11723367.0	7433608.5	9984221.0	10771896.0	11670307.0	10050498.0	14148091.0	10987787.0	16501681.0	6706640.5	12745932.0	7193285.0	8063330.0
Q9QZA2	Programmed cell death 6-interacting protein OS=Rattus norvegicus OX=10116 GN=Pdcd6ip PE=1 SV=2	539053700.140625	532014628.796875	492742372.546875	446491377.65625	372501927.0	531094160.96875	252149145.625	431331629.5625	401619762.625	265902290.46875	407499210.75	433153218.125	330021232.0625	394873525.875	356199342.6875	394876381.375	384033458.4375	426132495.5	347262595.601563	425274826.875	351493205.0	330262614.875	224129515.34375	402433512.125	482267141.125	470553439.75	512897487.875	352068608.0	428949056.4375	571035536.75
P24329	Thiosulfate sulfurtransferase OS=Rattus norvegicus OX=10116 GN=Tst PE=1 SV=3	26480329.375	24981291.15625	21031489.875	34106179.75	28449169.5	34394467.2958984	50137622.0	26349700.09375	32499426.0058594	29256492.28125	40417868.75	36140181.125	34788880.5	36424894.5	51549272.0	43209754.5	37749176.625	33448788.0	33865987.375	31958576.4375	40704719.5	38801193.5	31658022.375	56583974.0	33244419.5	47484300.0	39892680.75	28860306.0	41027314.0	39011219.0
P62083	Small ribosomal subunit protein eS7 OS=Rattus norvegicus OX=10116 GN=Rps7 PE=1 SV=1	95102764.125	81696145.625	100498868.75	85416314.5	69714777.75	116682466.75	54548464.0	105938941.25	88398210.75	57698270.0	89459155.0	109663633.625	61071826.0	65504735.0	76219640.0	71550462.75	83859929.25	74010532.5	65777827.75	62107036.5	56716437.0	70031390.0	46661401.25	84964552.625	71776619.5	110079745.5	130419862.5	85746276.5	107534331.125	85094122.5
P43244	Matrin-3 OS=Rattus norvegicus OX=10116 GN=Matr3 PE=1 SV=2	387249592.03125	352174522.75	360520019.25	444944575.0	489819883.625	420423449.0625	308228225.109375	364060457.25	506456480.375	433302900.625	386786585.90625	407930077.6875	395966475.625	465249416.6875	403117050.6875	463141647.5	464085417.75	420017426.25	432673034.375	393272460.125	453973725.75	452519495.125	417865541.0625	349050088.625	417881662.8125	612922407.125	435616575.3125	478800299.875	466142559.5	533088271.125
P97710	Tyrosine-protein phosphatase non-receptor type substrate 1 OS=Rattus norvegicus OX=10116 GN=Sirpa PE=1 SV=1	221521400.625	209594574.703125	195188887.25	275481100.5625	217989486.5625	232457138.5	258318253.3125	260872713.625	261267308.0	278376104.5	258034812.0	250412837.0	222966298.75	238541191.25	296387787.75	279708018.375	279132577.0	247254837.125	270967844.75	222978581.234375	318260509.125	274851009.0625	238210671.875	318415159.625	234770657.6875	312973813.5	307130692.375	288805458.5625	296316321.625	306475168.625
Q9JI12	Vesicular glutamate transporter 2 OS=Rattus norvegicus OX=10116 GN=Slc17a6 PE=1 SV=1	141317159.5	101338119.65625	120542813.25	115393474.5	112981413.0	73765393.0	74250202.5	77749754.0	101783782.25	91905757.25	103654670.625	95064016.0	113386440.75	127681529.25	92845180.5	112556577.125	140247118.5	123732683.0	120034573.25	96741729.0	119198267.5	92851838.5	95709460.375	94986544.0	93863494.75	116633284.0	110407612.5	99448595.75	99488632.5	112572285.25
P11167	Solute carrier family 2, facilitated glucose transporter member 1 OS=Rattus norvegicus OX=10116 GN=Slc2a1 PE=1 SV=1	59579976.75	47814175.125	50898991.0	65691287.5	106626021.25	58685313.5	141034893.0	77266575.0	132786590.5	74216434.5	79326932.9375	87390815.25	113943002.5	122361971.25	78642751.0	137363844.5	95910623.25	127562313.0	123621205.625	84459968.125	139086222.0	138604563.875	106163339.8125	108899521.0	152151737.875	162700696.75	102374413.125	149118779.5	92853153.0	146378036.0
Q5BJU7	Actin-binding protein WASF1 OS=Rattus norvegicus OX=10116 GN=Wasf1 PE=1 SV=1	61026359.875	44493052.6875	53696632.46875	76744265.25	87386215.25	58258815.5	38059333.875	61790761.75	70309648.125	59204161.28125	51176153.3125	49859678.125	60806854.25	83940746.75	63129343.5625	63648756.46875	54016482.15625	56072999.015625	62315766.5	46351758.625	47345975.75	56598596.1875	37541619.625	50484327.25	79120404.5	100626723.0	69390451.0	64537447.5	46418264.1875	63520528.5
Q68FP1	Gelsolin OS=Rattus norvegicus OX=10116 GN=Gsn PE=1 SV=1	269932986.390625	203321121.125	241852519.09375	319008610.65625	253904876.75	236864587.78125	429056883.09375	233684350.0	285584451.25	215227280.5625	225575498.59375	250495018.0	245984564.875	283127110.25	270999868.5	246881848.75	347957028.125	336216267.0	271013834.375	260659058.234375	344817847.0625	247188734.25	319944569.875	406725421.0	243682815.75	337306689.5	364758145.375	307763309.4375	329438404.0625	380715824.8125
Q641Z6	EH domain-containing protein 1 OS=Rattus norvegicus OX=10116 GN=Ehd1 PE=1 SV=1	303870120.1875	308442932.15625	383631505.875	297028880.796875	250032583.4375	359267080.0625	223679917.0	306345483.625	269122528.375	209034627.5	266575243.4375	356444115.25	221213766.375	265309758.25	338084423.5	316695480.75	275129538.25	251133124.960938	300364732.445313	240920673.46875	277809982.0	269902036.171875	202471585.84375	352488902.5	215990155.875	398286400.25	382472436.4375	337770667.75	331303141.875	294726307.25
Q5BKC9	Ephexin-1 OS=Rattus norvegicus OX=10116 GN=Ngef PE=1 SV=2	3140329685.0625	1847912494.23438	2119475798.46875	1582383387.0625	1295248167.8125	1572866390.9375	1071562052.25	1094294410.0625	1411143395.75	1028028685.0	1607735771.48438	1606982586.0625	1229669539.5	1478342881.25	1293022853.94531	1437165181.125	1696937328.4375	1636267221.125	1156208140.65625	1247764631.5	1364736279.9375	1383990781.125	1014435593.5	1538353013.1875	1308417683.875	1756415389.25	1935818578.0625	1357526587.25	1556619061.40625	1416798103.6875
P62628	Dynein light chain roadblock-type 1 OS=Rattus norvegicus OX=10116 GN=Dynlrb1 PE=1 SV=3	72855127.96875	104650756.5	120981766.625	172444810.875	95479833.5	55793512.0	156355944.5	95712466.375	93990158.5	76071561.875	67718495.75	72518112.625	76105241.75	83145453.25	113171331.0	105052309.5	103060794.25	87786501.75	77486859.5	88136150.5	117939695.75	96617707.25	68279859.25	109024023.375	85103056.5	120175844.0	102804307.75	86134535.875	103114580.875	107404920.5
P62909	Small ribosomal subunit protein uS3 OS=Rattus norvegicus OX=10116 GN=Rps3 PE=1 SV=1	403142585.0	418292010.75	429600871.625	482804922.625	516011155.5	496473344.3125	572355574.625	473372556.8125	540008370.75	592149370.25	538388665.8125	617496131.875	614037471.25	655885595.25	543931119.75	605388314.5	554377191.25	714557521.5	621247386.25	690063936.375	636417997.125	584606328.0	776812224.5	615196127.5	599852162.125	698168998.0	700452837.75	781320301.125	708634397.0	744823555.0
P21708	Mitogen-activated protein kinase 3 OS=Rattus norvegicus OX=10116 GN=Mapk3 PE=1 SV=5	298712339.875	255387185.5	256915253.0	266533085.25	224776830.125	328352618.6875	258972221.5	302390735.5	303057842.0	211795267.0	224866976.25	324213266.0	223094163.0	278071924.75	325333550.75	294360571.0	233805029.5	248105950.5	327419256.0	97712343.5	310158512.0	254217759.0	188309551.75	365909677.0	288460077.5	358665544.0	360621838.0	272603855.5	350570690.0	308325732.25
Q5RJL0	Ermin OS=Rattus norvegicus OX=10116 GN=Ermn PE=1 SV=1	93507164.5	44878496.59375	80610744.375	42537882.25	70765461.0	82538855.25	113838653.625	32926177.3125	94739564.5	90898321.375	93597549.75	77642279.75	49394631.5	81094425.75	92092318.5	66488804.25	122789690.5	88436932.75	34731771.25	83718281.25	139853090.5	50212889.25	49846281.125	57103023.0	65316866.5	78722358.5	42197513.0	106439810.875	48902520.5	35817889.25
Q711G3	Isoamyl acetate-hydrolyzing esterase 1 homolog OS=Rattus norvegicus OX=10116 GN=Iah1 PE=2 SV=2	119301690.984375	127793620.75	124075577.75	165059246.25	127314653.375	178631536.25	134807822.125	172010261.617188	189691233.0	138446955.210938	162500192.0	188935113.25	161008248.625	178644847.5	189914946.75	191755644.96875	174934775.085938	178081937.109375	171668838.25	218412025.253906	180951064.632813	176708353.5	123995751.375	210374001.359375	171883369.46875	247702413.0	222940545.5	206187338.0	228131627.445313	204572182.0625
P24368	Peptidyl-prolyl cis-trans isomerase B OS=Rattus norvegicus OX=10116 GN=Ppib PE=1 SV=3	297944570.75	158407818.5	219767816.375	149983543.75	150011372.25	120435490.25	209963019.75	158023446.25	159618076.5	170812117.0	299060474.875	127432253.25	174444753.0	153153958.0	168331802.5	148417079.0	255778858.5	203645714.0	147174153.0	159147117.25	254485240.0	208596410.0	180194425.5	281242696.0	144021856.5	264429120.25	318096640.5	186640997.625	291346676.75	256961688.0
Q7TP54	Rho family-interacting cell polarization regulator 2 OS=Rattus norvegicus OX=10116 GN=Ripor2 PE=1 SV=1	304525449.175781	347742109.617188	302411666.4375	304157721.0	276542887.600586	497780299.0	241946695.40625	358777663.625	332400415.625	296930906.3125	394850397.78125	359693654.3125	246765158.53125	286462222.875	250640022.625	288480227.125	323223253.140625	282670942.0625	340519923.0	235806928.015625	281580194.171875	318824884.71875	259711765.765625	250092849.257813	330698916.875	406423677.875	452400749.984375	374481859.34375	316911285.25	327692587.9375
Q9JJK1	Neuronal membrane glycoprotein M6-b OS=Rattus norvegicus OX=10116 GN=Gpm6b PE=1 SV=1	620074401.117188	293438404.734375	456374146.361328	346276663.71875	288726026.0	334867787.5	202955483.828125	226811002.5	264863327.023438	273740123.0	372546069.875	325334367.5625	266487655.703125	306082353.859375	373707697.25	319744735.296875	341018323.0	347095168.625	315927856.875	203756234.09375	259800038.226563	254981588.25	196220075.5	307291130.140625	237602979.5	355795475.75	382787347.625	252012627.703125	320442921.75	325394447.25
M0RC99	Ras-related protein Rab-5A OS=Rattus norvegicus OX=10116 GN=Rab5a PE=2 SV=1	688623090.0	410123186.0	527258996.0	595831078.0	453072693.0	722533528.625	849615131.0	655290421.5	901278503.0	629869763.3125	1905958614.0	902202395.75	687341051.0	504910644.0	1056944204.75	782362377.0	1179501698.0	760212089.0	420417006.0	602810534.5	760544739.0	669079075.0	581037966.0	850905814.5	944581319.25	738528204.0	985049439.5	949680089.0	686579758.5	814200141.25
Q80ZA5	Sodium-driven chloride bicarbonate exchanger OS=Rattus norvegicus OX=10116 GN=Slc4a10 PE=1 SV=1	801734141.34375	533555661.226563	627707705.5625	476557176.4375	346388143.765625	495983143.1875	197882711.71875	472211237.640625	489684953.375	284712497.296875	542314390.1875	662964444.0	328367956.818359	439865225.15625	421211831.03125	461151032.625	486022055.53125	529247794.171875	357645364.1875	344753126.078125	374173601.9375	402500449.876953	249641377.214844	493012464.25	278456559.4375	394638849.875	739487706.90625	374708808.0	589523376.75	413367895.699219
Q80Z30	Protein phosphatase 1E OS=Rattus norvegicus OX=10116 GN=Ppm1e PE=1 SV=1	212699818.5	175265056.71875	195519362.75	216432282.78125	183865392.765625	286422045.125	221533166.5	229663068.0625	259898007.25	139999760.0	439201085.28125	241578690.875	271575375.875	250548805.4375	351804946.0	237920381.5	295894560.375	220601879.625	197867272.0	196690097.3125	233468211.9375	172092032.125	189104687.375	274233609.375	152219656.0625	293425124.5	234209911.125	264174404.0	222118780.375	288573517.5
P48004	Proteasome subunit alpha type-7 OS=Rattus norvegicus OX=10116 GN=Psma7 PE=1 SV=1	117857749.75	77143409.6875	94463214.765625	96189714.4375	77868894.0	121432267.25	63407038.84375	72103567.0	93935605.875	63684987.625	79357162.5	92581466.0	56941817.625	75814591.75	77807136.625	85650794.875	83708426.25	76433235.25	76615400.5	56542349.375	80012267.5	79233162.0	40086829.875	56912418.25	70228689.75	93192714.125	102413666.5	83281295.375	85001737.25	79186223.0
O88339	Epsin-1 OS=Rattus norvegicus OX=10116 GN=Epn1 PE=1 SV=1	313100847.0	317268434.875	299143887.5	408835577.375	575946918.0	281909766.0	517401771.125	321068881.0	630861368.75	452338477.625	354756303.375	368503624.125	535501499.625	787546455.5	348586130.375	539577854.125	595893857.25	538668288.0	477916817.75	555270964.25	554593931.25	602179935.0	438598917.1875	353315239.125	596599101.75	803095413.25	396751816.0625	717303994.75	431496551.0	592667652.75
P30009	Myristoylated alanine-rich C-kinase substrate OS=Rattus norvegicus OX=10116 GN=Marcks PE=1 SV=2	99443560.25	46466480.9921875	63005174.5625	57707424.4375	60186116.5234375	56020402.625	126696996.25	66262283.75	71053188.9550781	71407230.625	171481496.0	79972098.5	71661739.5	68334532.78125	89040203.9375	89871768.0	124737322.6875	74161693.5703125	83934537.375	83658285.0625	96778754.890625	84416079.0	69727508.5234375	176728181.75	74892928.25	98312848.125	89191021.5625	107643272.1875	76268391.5	94283023.0625
P19490	Glutamate receptor 1 OS=Rattus norvegicus OX=10116 GN=Gria1 PE=1 SV=2	575578080.375	435509713.59375	464420587.1875	466864348.5	384234667.3125	475856767.0	367852499.625	372235155.625	396529883.5	379186340.3125	415277170.125	422350350.5	311356151.5	365968290.125	473407925.5	387984348.25	406282614.0625	384074698.53125	361880439.75	376339152.5	402290854.25	370816412.25	334195437.25	514159920.75	366464278.90625	468264209.4375	546714703.125	384146687.5	510416470.0	405800348.0
P84817	Mitochondrial fission 1 protein OS=Rattus norvegicus OX=10116 GN=Fis1 PE=1 SV=1	17745610.25	10119250.8125	12855321.5	11717735.3125	8989902.5625	12636171.125	26325522.625	15350405.125	21862487.75	7621964.9375	9098122.9375	11982534.75	13094519.875	19762147.75	21747412.75	22695941.0	26338257.375	13820842.5625	15394992.875	11667616.25	31810041.375	13799955.75	9532022.625	26010373.0	19515001.1875	17223818.875	18560778.5	22153143.625	27598575.25	13465722.3125
Q63413	Spliceosome RNA helicase Ddx39b OS=Rattus norvegicus OX=10116 GN=Ddx39b PE=2 SV=3	69566257.4375	98613511.1875	115084900.8125	96078199.75	107145908.25	135608114.625	58783806.28125	88039248.1875	98358316.5	66403128.6875	85325143.9375	102268228.5	68520733.3125	87467868.0	100208638.5	96681944.5	87206497.90625	103414671.75	94532599.5	82405490.125	78838834.625	87288817.375	50475992.1875	67828377.0	86143923.25	114282272.875	116744173.0	83916538.0	86160395.75	87805978.875
O35987	NSFL1 cofactor p47 OS=Rattus norvegicus OX=10116 GN=Nsfl1c PE=1 SV=1	37751487.25	29564413.40625	24233002.5	26245562.25	27127096.0625	36154948.125	26880625.5	35585455.5	32435472.75	24899103.546875	44461737.125	40277938.0	25480684.6875	29446872.3125	25815597.8125	29041633.375	38109878.1875	30341471.03125	23945527.84375	29294748.1875	24044751.4453125	29165189.5	12019858.359375	31904966.0625	29061716.140625	34976860.09375	45170360.0625	35737108.0	30539426.375	30163628.65625
B2RZ27	SH3 domain-binding glutamic acid-rich-like protein 3 OS=Rattus norvegicus OX=10116 GN=Sh3bgrl3 PE=1 SV=1	88912065.0	42619057.125	74155626.875	112443695.6875	133657110.3125	66906364.5625	154566173.875	59508755.125	163772050.625	153274923.625	73323865.875	86895391.0	166295408.0	201696169.375	112413360.375	183745547.625	212263082.75	169942817.625	97352459.375	215175041.375	148222628.5	153781885.75	158307791.125	98618430.125	148521254.0	224083214.75	93494482.0625	143849479.5	98634567.125	188683999.5
P05370	Glucose-6-phosphate 1-dehydrogenase OS=Rattus norvegicus OX=10116 GN=G6pdx PE=1 SV=3	142439476.21875	130675303.84375	129145348.90625	154607400.84375	133365031.1875	153572804.375	157579400.25	149966115.140625	186358785.5	142059556.0	139471672.3125	151011821.875	139497714.25	181289307.0625	105180149.433594	167517857.84375	155028058.75	160830207.0	165711894.0625	108038983.375	153762186.125	150190506.0	117671041.875	212739387.75	199673642.625	212539041.25	187620579.71875	155332257.0	178700083.75	175671954.1875
O55012	Phosphatidylinositol-binding clathrin assembly protein OS=Rattus norvegicus OX=10116 GN=Picalm PE=1 SV=1	260062659.03125	286732304.75	287787468.75	397468163.6875	611373403.5625	346823948.25	434126572.96875	330264584.875	706633032.375	550431214.96875	331154038.875	381812584.84375	530022885.25	821960933.0	384180964.15625	602029003.0625	645903550.0	546885512.1875	563012617.5	469776040.15625	558730332.625	640575897.125	459475091.71875	344614585.75	521994611.15625	783826820.25	381170069.125	667355612.375	384518946.625	675062316.75
Q99ML5	Prenylcysteine oxidase 1 OS=Rattus norvegicus OX=10116 GN=Pcyox1 PE=1 SV=1	303422371.0	196316070.21875	417448800.25	277378016.90625	217413685.25	202122786.0	125872787.59375	477942390.9375	156377035.875	205452811.375	202710969.25	383215612.25	148640396.78125	218874825.125	513259098.0	247991227.875	166935123.84375	286719121.1875	387232817.0	126999627.875	324906090.28125	244942231.75	116988851.96875	355322105.609375	114852705.0	170351326.5	518784259.75	295674176.5625	384870809.296875	250803075.375
Q9Z0V5	Peroxiredoxin-4 OS=Rattus norvegicus OX=10116 GN=Prdx4 PE=2 SV=1	23116542.0	16346988.5	15894023.5	18063898.5	19251410.5	30085262.0	6174673.5	18120721.0	22592013.5	17190968.0	15962588.125	20960157.5	13478274.5	20261928.5	16951847.5	17002637.5	10504817.75	15327888.25	17919170.25	9260328.25	10796818.0	15389925.5	8360669.75	11823026.25	12507951.5	20836522.5	22633145.5	13289262.75	13772256.0	19438217.5
Q62876	Synaptogyrin-1 OS=Rattus norvegicus OX=10116 GN=Syngr1 PE=1 SV=1	22492091.75	24433251.75	18986885.5	28572191.25	33952901.5	31541149.5	22214351.5	31562279.0	45320238.25	36663852.5	15462565.75	31025568.0	33743027.625	55950219.0	24780235.25	37731915.5	34370137.75	42699382.0	35240321.75	33382361.484375	34537667.25	40753920.0	28621222.875	30799209.625	60011575.5	56187064.46875	32393875.625	34507637.25	38307648.5	44052252.75
Q62658	Peptidyl-prolyl cis-trans isomerase FKBP1A OS=Rattus norvegicus OX=10116 GN=Fkbp1a PE=1 SV=3	225647856.375	105261431.25	249141253.5	166054948.71875	138105551.0	117190026.5	157500056.65625	133986391.25	177217817.0	173954175.0	194079652.0	188562756.4375	179440982.75	145586037.1875	265431288.25	233521087.34375	221766528.25	169823972.0	148889088.0	168216090.78125	221195345.0	223036975.5	136025859.0	186070843.0	163759469.875	235729671.5	241559393.75	171654938.125	236295818.0	242152776.375
P17220	Proteasome subunit alpha type-2 OS=Rattus norvegicus OX=10116 GN=Psma2 PE=1 SV=3	86767616.5625	45437848.125	51609801.625	68098974.25	95045071.125	40274949.84375	184721577.5	57086320.625	100301712.75	128118745.125	100803494.5	82941843.5	85281789.75	120967172.5	117633304.0	135275106.5	118016062.0	132789219.375	95676023.5	50030205.875	137027714.75	178734935.0	194803568.25	127757853.375	88090924.25	177723620.25	114114069.875	80592484.75	113407764.0	183352703.5
Q64559	Cytosolic acyl coenzyme A thioester hydrolase OS=Rattus norvegicus OX=10116 GN=Acot7 PE=1 SV=4	136094827.84375	191301308.5625	157645339.90625	169571075.75	135768347.804688	195989448.5	136359705.875	223902944.875	226786686.5	148758085.46875	153533157.75	256001105.0	171552750.15625	148772160.0	183690798.5	187054349.25	182922680.875	176979858.0	157698169.5	183686031.5	180913997.125	192829354.125	143150239.375	201085244.625	223839181.25	220108048.625	281675645.0	201781721.375	198424332.625	175899065.75
Q6Q0N1	Cytosolic non-specific dipeptidase OS=Rattus norvegicus OX=10116 GN=Cndp2 PE=1 SV=1	234103061.25	155785553.125	144255391.234375	186664957.0	189560413.390625	152987942.625	206062890.25	164035867.0	200512098.125	165349650.40625	204150304.25	185681354.0625	189800301.0	225105680.625	197216245.5625	220423756.25	232559829.5	212967402.1875	177473767.75	213598507.59375	225467679.0	215419841.3125	165775904.0	199911326.1875	182363866.375	258053726.125	194090582.25	203370688.25	195877765.875	234307040.78125
P58775	Tropomyosin beta chain OS=Rattus norvegicus OX=10116 GN=Tpm2 PE=1 SV=1	202714161.375	157857962.0	159777943.4375	137731993.0	62208354.0	80053619.875	115535145.703125	88458529.3125	87960519.375	108868445.75	150508711.28125	105176887.875	89484753.5	85314451.25	168183264.28125	117154084.375	115567603.25	116526468.625	105185465.5	98595643.828125	118605167.96875	81186205.40625	101657448.875	143466478.0	92372763.5	121240371.25	155817385.0	109083748.0	132290154.0	117190198.75
P28023	Dynactin subunit 1 OS=Rattus norvegicus OX=10116 GN=Dctn1 PE=1 SV=2	483552606.0625	443803215.375	487070144.96875	511334480.875	412684388.875	507318095.96875	401913994.4375	516395051.0625	647585485.0	396928224.8125	615651325.0	591510838.875	466967106.78125	533897993.625	683410683.8125	663224684.0	438829979.0	526168696.625	432781465.0	471578557.9375	754148572.0	579431973.6875	459845514.625	712030556.0	582840609.125	648592128.0	682354294.375	461432591.375	633812104.875	566679929.5
P17077	Large ribosomal subunit protein uL6 OS=Rattus norvegicus OX=10116 GN=Rpl9 PE=1 SV=1	227797348.625	105216871.1875	173018666.625	128679416.53125	107580676.5	81162089.0	127961896.875	76021343.875	124359794.5	105028284.75	127050840.25	120966856.75	101873405.75	114798620.25	114084015.125	113533041.25	142220311.5	120675686.75	94897243.5	51516551.1875	133002835.75	100276503.75	103233975.875	118467369.875	109362003.75	103951009.75	163260985.375	113604393.75	130498454.625	140688998.75
B0K020	CDGSH iron-sulfur domain-containing protein 1 OS=Rattus norvegicus OX=10116 GN=Cisd1 PE=3 SV=1	22270225.5	7232906.0	5088186.3125	15551195.25	34763299.5	12457138.0	44697282.75	35416404.0	89018760.0	48416009.75	12597552.25	38375314.25	37361273.0	45111719.0	40285673.75	76306887.0	37103070.0	41625022.0	27148519.0	20904842.0	49763790.0	37220082.0	33154930.75	33462945.5	47830720.25	51229413.0	68448403.5	43792781.5	33603418.5	57608034.5
Q6AYP5	Cell adhesion molecule 1 OS=Rattus norvegicus OX=10116 GN=Cadm1 PE=1 SV=1	88670394.75	45495596.5	71863597.5	102707667.75	171884979.0	35534386.5	105772316.75	40954623.25	159609333.5	154310790.0	53794077.75	62473800.0	137555251.75	159172132.75	87434517.5	149586242.5	130874637.5	142691141.5	125439114.5	85439943.5	147071717.0	122465946.5	111272488.75	72961118.25	108144330.875	143535038.75	67979058.625	122725279.875	93251627.75	170575203.0
P38406	Guanine nucleotide-binding protein G(olf) subunit alpha OS=Rattus norvegicus OX=10116 GN=Gnal PE=2 SV=2	218620444.9375	154900252.75	157490083.875	122062968.0	127516144.015625	125005987.5	91735999.375	98810824.5	133775912.5	112999065.75	110047103.25	134974220.375	119070840.6875	143049551.625	109871905.5	150530626.25	120959351.1875	147111531.625	113984607.75	127261791.875	134420374.5	113058820.25	88938433.5	106581811.5	114171647.75	166420780.125	138878450.125	108268991.75	118619382.375	166863421.375
O35567	Bifunctional purine biosynthesis protein ATIC OS=Rattus norvegicus OX=10116 GN=Atic PE=1 SV=2	121380626.015625	105013224.625	128683433.6875	131113758.8125	117072481.828125	141660101.9375	159730244.375	147630720.875	144943595.0	202977859.5	116971044.71875	131728000.375	104062997.0	162025151.5	197495496.625	166148166.5	139712136.625	141129098.375	209929238.46875	130499221.001953	167438280.4375	163277276.0625	115926273.625	165736309.03125	154704030.25	180010993.0	149631312.6875	146057430.375	166408523.125	167646556.875
Q9JLJ3	4-trimethylaminobutyraldehyde dehydrogenase OS=Rattus norvegicus OX=10116 GN=Aldh9a1 PE=1 SV=1	430517788.125	402968313.59375	373591395.75	424138864.125	286014980.375	506030360.5	264116468.5625	443448634.625	436905001.9375	318640526.5	455779645.328125	444727648.375	319911119.625	333344280.4375	439129978.5	406984979.0	398162067.75	352415166.125	333575358.875	369843253.59375	436722092.75	373114717.25	295997012.40625	440081522.0	404671186.125	447069477.75	566993707.5	371068984.625	443196669.0	396966662.5
Q9JID2	Guanine nucleotide-binding protein subunit alpha-11 OS=Rattus norvegicus OX=10116 GN=Gna11 PE=2 SV=1	54794610.0625	52118607.375	36506251.0	40754106.0	57375569.8125	46974133.5	67427962.5	80129735.375	72328879.0	61088075.390625	53992953.65625	69076877.625	59231500.25	65213125.0	68715757.59375	76694941.0	73408463.25	58286259.0	84825727.5	72471760.25	73159493.78125	75204043.875	49332971.59375	76713902.875	74071021.125	95830591.875	54862936.3125	74801041.125	58545356.0	96468829.625
D3ZAF6	ATP synthase subunit f, mitochondrial OS=Rattus norvegicus OX=10116 GN=Atp5mf PE=1 SV=1	327476800.75	190978373.875	226544459.125	230198901.25	270680511.5	242592068.0	285402072.125	213569093.6875	345814716.5	306526909.75	313051659.75	320197745.0	315410272.0	318084088.0	470730745.0	420783616.0	414619313.25	353498940.25	292458491.75	223105252.5	455342441.0	368844509.25	309096718.25	499149884.75	339788583.25	491906351.0	494852494.5	344931232.5	477064915.5	467350293.25
P13383	Nucleolin OS=Rattus norvegicus OX=10116 GN=Ncl PE=1 SV=3	2605713367.6875	2938114248.5625	2101429456.6875	2451824129.9375	1871473089.82617	2919769906.51563	3483887462.9375	4263152816.875	2627524134.39063	3612085248.25	7215140871.21875	3661877773.21875	3024428008.1875	2966925399.21875	4017934978.375	3750127726.32813	4418136784.375	3084052162.9375	3214451653.375	3157831192.84375	3813099510.17578	3925041491.90625	4373695968.74219	4068300667.75	3601405176.3125	2890519446.625	4463669171.0	4247746470.59375	3672610395.0	3697633764.625
Q8K3E7	Protein dpy-30 homolog OS=Rattus norvegicus OX=10116 GN=Dpy30 PE=1 SV=1	5049704.3125	3698513.8125	1241375.625	6950733.25	12489917.875	2972818.625	15203236.875	2430523.1875	9337404.0	11219190.125	6062119.0625	6085831.125	5333791.5	12768370.375	7606416.5	11936623.0	14009465.875	3955297.0	13427262.375	14675910.125	12833796.625	11539213.125	6616053.875	9360268.375	16450758.375	8311848.0	7906900.25	14504278.875	10719733.75	5475485.5
P26453	Basigin OS=Rattus norvegicus OX=10116 GN=Bsg PE=1 SV=2	557246145.125	395941534.625	382982664.59375	393963640.0	255372642.625	380655047.0	954906782.5	494066589.25	573170629.125	509595658.5	742541722.0	587614644.0	443717456.25	445703534.25	723065037.25	517910367.5	624351156.5	418304065.5	534515762.5	391884430.5	667683769.75	439077931.0	430401598.0	894606250.25	458323125.75	538266773.5	667610644.875	606060456.75	621854611.0	489971809.75
Q9JLZ1	Glutaredoxin-3 OS=Rattus norvegicus OX=10116 GN=Glrx3 PE=1 SV=2	146973218.0625	118876211.242188	95986848.8671875	122295486.65625	106778059.5	154097219.9375	191858757.5	110138503.828125	157499012.25	108844304.5	124002403.109375	139955889.6875	110125278.0625	131560538.5	122341721.53125	140124102.875	164985566.375	137846810.9375	129711265.1875	84651387.0	119542664.25	129798066.617188	149393393.25	155592815.9375	129227258.71875	185581686.4375	151182634.65625	252794996.875	145998862.8125	190000709.3125
Q9EQT5	Tubulointerstitial nephritis antigen-like OS=Rattus norvegicus OX=10116 GN=Tinagl1 PE=2 SV=1	367575771.875	218039302.8125	361212380.875	216424890.398438	98316844.5546875	159549544.648438	94574419.8125	143434533.914063	127954907.152344	104515626.25	176718815.5	208313249.125	101122318.125	118604452.5	153720839.25	132610204.125	156456587.0	156065462.15625	132087654.875	121792710.0	111435381.75	108824698.875	61567374.25	199413724.5	63624609.75	126453897.125	273084319.9375	119202293.0	214532330.0	150573945.25
Q6AYR6	Haloacid dehalogenase-like hydrolase domain-containing protein 2 OS=Rattus norvegicus OX=10116 GN=Hdhd2 PE=2 SV=1	187984042.765625	94017293.46875	160047321.625	136240754.8125	112308527.375	121369396.875	134179777.4375	94788997.125	143859771.25	103706189.1875	153264114.125	138284619.0	118888836.75	136721658.25	119256963.15625	128535433.125	171929831.75	151791785.25	114389815.75	111335506.5	130829675.0	117154791.25	105677985.0	141776156.75	121603917.25	162602184.0	156064905.75	158940242.25	158731147.75	143648168.375
P48675	Desmin OS=Rattus norvegicus OX=10116 GN=Des PE=1 SV=2	123339650.0	87918391.125	119745331.75	108646820.25	156551082.5	147360299.25	106634505.75	114816419.875	146681982.5	110003175.0	103797115.125	156385446.625	148028584.75	169689678.75	93736116.5	145599481.25	149035314.25	119793906.5	150936899.75	142734933.375	174702692.0	148533458.75	120118296.25	155897022.0	168287821.25	195708435.0	175792582.5	164860734.625	211051133.875	224187863.0
P53042	Serine/threonine-protein phosphatase 5 OS=Rattus norvegicus OX=10116 GN=Ppp5c PE=1 SV=1	356202997.375	168417569.40625	274370152.476563	244694708.65625	263317521.421875	193223565.75	359058018.75	223425136.25	359251305.21875	348593393.25	630495454.0625	306603459.25	321773606.3125	412748898.625	326556873.0	457428726.125	522661682.125	391088478.125	289168883.3125	211039401.796875	447640752.0	448920917.9375	351278020.625	329502928.625	321522611.0625	391860303.25	407817057.9375	445927397.125	353077816.75	461990645.9375
P05714	Ras-related protein Rab-4A OS=Rattus norvegicus OX=10116 GN=Rab4a PE=1 SV=3	115968983.5	56681632.75	79259818.9375	83278746.140625	88012099.125	68239819.5	68792888.0625	52750543.1875	84193832.75	86093152.25	107085829.375	80477360.375	72952280.25	101513005.0	92473832.65625	91978040.25	83494204.5625	84491761.0	81839155.5	56138142.625	103325169.25	74502206.9375	62970417.5625	97554120.5	41667917.75	101706431.0	84005258.25	53988689.0	89487030.0	108799711.375
Q53B90	Ras-related protein Rab-43 OS=Rattus norvegicus OX=10116 GN=Rab43 PE=2 SV=1	160325109.4375	154859867.25	159401030.125	155631150.375	123159336.5	198477944.5	119988362.1875	155806371.46875	128248470.75	89315264.0	138303236.125	152329639.625	97789380.03125	139970055.25	154435356.25	129574766.5625	113014429.75	107668655.125	132544973.75	108292624.5625	130035304.75	162298976.125	85376524.875	151086938.75	116930116.3125	148881300.375	177523928.5	141025139.625	156250799.375	151951410.5
P51156	Ras-related protein Rab-26 OS=Rattus norvegicus OX=10116 GN=Rab26 PE=2 SV=2	31783892.0625	26708962.75	32153836.5	22614040.625	24732731.0	24306488.75	10465903.375	23040767.75	21780607.625	11832082.25	19449799.125	14074425.625	11396903.25	17737616.1875	27818229.875	17238983.875	19747178.0	19519797.25	10904144.5	13793890.75	22228973.75	18491706.75	16850195.71875	13033450.53125	7938088.25	40458528.25	29658125.25	11173651.375	18011706.0	19194126.25
P41498	Low molecular weight phosphotyrosine protein phosphatase OS=Rattus norvegicus OX=10116 GN=Acp1 PE=1 SV=3	17787389.125	26778466.0	27926277.375	34525453.75	34468703.0	40318496.6875	63671700.0	34382829.375	66158290.0	62662156.5	35278773.75	39979292.5	56446592.625	53597493.75	41955873.375	46910673.3125	79235095.5	59291484.75	40024088.75	38750470.25	71188259.75	48642550.75	39234658.5	38510103.75	67335096.0	66536245.5	39408042.0	54899048.75	36391645.25	55110818.25
P97829	Leukocyte surface antigen CD47 OS=Rattus norvegicus OX=10116 GN=Cd47 PE=1 SV=1	58416294.0	43496182.3125	40914280.5	52847838.625	67713483.0	47925499.5625	57506984.25	45699244.0	84093351.71875	67773053.25	54034690.890625	62013727.75	87784546.5	82313717.625	60206443.375	77557448.5	110650515.375	93077872.5	64323268.25	82733997.53125	101515733.5625	100999385.0625	90433080.6875	82112720.5	129903939.5625	111762251.0	78410964.625	104423646.25	94845039.25	91687632.5625
Q9WU34	Neuronal-specific septin-3 OS=Rattus norvegicus OX=10116 GN=Septin3 PE=1 SV=2	532376625.5625	454331947.953125	380143396.90625	451717263.75	446107396.34375	508021390.25	800135377.59375	601609244.21875	611072560.6875	552383679.9375	749368174.375	664235818.5	713472438.34375	615615543.4375	538801757.9375	726103272.734375	948483800.5	561303507.5625	508340402.1875	521582426.5	639380488.625	792325213.125	643742077.75	653576852.625	868410812.75	876096893.625	742164969.6875	995719265.0	668043098.75	701228320.9375
P54290	Voltage-dependent calcium channel subunit alpha-2/delta-1 OS=Rattus norvegicus OX=10116 GN=Cacna2d1 PE=1 SV=1	198705189.9375	162271510.820313	186632304.25	207361368.25	165699602.625	142416877.75	203412805.3125	157935734.90625	249938300.0	185117066.4375	211259724.0	210526563.6875	179471129.125	213086922.75	235739071.0	225302000.75	163606108.5	202035197.375	236321155.75	158520532.0	255856952.0	211581751.0	140281082.96875	270804819.125	203601502.875	247679012.875	238684208.59375	168744803.75	226959041.5	211283966.75
Q5PPN4	Carbonic anhydrase-related protein OS=Rattus norvegicus OX=10116 GN=Ca8 PE=1 SV=3	6901367.75	6149038.4375	1601628.5	8873272.25	7683057.75	8913015.5	4806647.5	8487550.125	9844537.25	7802795.75	6299847.8125	10042159.625	7703537.25	7788524.0	13149847.625	6914242.0	9025514.375	5660893.625	7533993.6875	6732607.5	5378730.0	9008682.0625	948282.75	26205370.5	2586944.5	11298370.4375	8424464.875	4233252.0	7924781.0	9799674.25
O35458	Vesicular inhibitory amino acid transporter OS=Rattus norvegicus OX=10116 GN=Slc32a1 PE=1 SV=1	129606040.9375	63704296.59375	74593491.375	92978588.0625	109435035.125	85251319.296875	192478719.75	93510514.0	253081056.875	170012604.0	348067856.625	146147122.375	168449009.125	195404713.125	164665740.5	221151421.5	277877309.5625	191304370.3125	154983166.75	117757809.125	250171446.0	244046497.0625	174515085.625	139970011.25	178152495.5	172419111.5	161409297.8125	265835076.5	128484607.5	220961886.75
Q6IE52	Murinoglobulin-2 OS=Rattus norvegicus OX=10116 GN=Mug2 PE=1 SV=1	933738519.167969	783555402.3125	600326334.109375	1089037677.125	608281957.125	582739848.8125	666853299.0	501832357.582031	635993894.628906	584109788.875	907021140.125	510192274.0	598110128.75	610247447.875	618337916.0	796546517.0	592403897.125	929632585.5	789117933.498047	533667556.0	750998239.5	762212656.6875	706869009.1875	947692483.5	586781826.8125	712860541.25	672010399.746094	847014645.5	704658764.75	768371877.5625
P62994	Growth factor receptor-bound protein 2 OS=Rattus norvegicus OX=10116 GN=Grb2 PE=1 SV=1	23880189.375	54343881.9375	34714317.5	48993423.0625	53657192.8125	37853963.25	81633925.75	54586927.625	72031764.0	40457111.375	47423498.375	65656926.625	42129592.375	60063004.703125	74319263.625	64925410.375	60319481.75	46969097.125	74056548.25	42286389.875	69460946.5	48017798.875	36354955.375	80954883.625	73555229.75	67962624.25	58108180.75	73578514.4375	66731697.75	56130937.25
P70580	Membrane-associated progesterone receptor component 1 OS=Rattus norvegicus OX=10116 GN=Pgrmc1 PE=1 SV=3	79464044.5	78735238.78125	78950860.25	63910591.625	51079607.5	102044261.5	108035138.5	99133422.5	57124633.5	81716143.375	108404236.359375	105978340.0	67303877.75	60834788.75	99555374.6875	85965534.25	109678796.5	59595008.25	64410087.5	66322450.8125	114778752.5	87509679.625	75583820.25	47900379.0625	50078380.125	83628591.5	143989338.25	94778994.625	110803648.5	83919359.625
Q5XI72	Eukaryotic translation initiation factor 4H OS=Rattus norvegicus OX=10116 GN=Eif4h PE=1 SV=1	419603058.25	334794551.4375	243162949.125	409752500.0	273117073.625	234313691.375	644580852.25	395312433.0	299429541.25	310793010.5	408951900.625	286966414.445313	408100535.5	314221871.125	350888582.476563	362193345.5	532711057.625	394813804.75	288012433.0	500005174.265625	594589252.0	381478732.039063	572945549.75	756335195.21875	427360367.5	446397140.0	558347928.625	476726402.859375	416467493.375	426598895.1875
P35286	Ras-related protein Rab-13 OS=Rattus norvegicus OX=10116 GN=Rab13 PE=1 SV=2	65942005.5	48520978.75	62517542.75	60864301.75	82320467.625	24270216.59375	214240655.5	48351356.5	83149362.5	20661480.5	108778356.640625	57520361.5	104208702.0	88627869.125	37382449.5	132996521.4375	148225412.0	117733642.0	11811686.0	86819539.59375	181329841.25	137293126.1875	165461147.25	127492451.5	85812880.375	163779436.25	75427816.5	144145936.5	95778318.1875	148658240.25
P63245	Small ribosomal subunit protein RACK1 OS=Rattus norvegicus OX=10116 GN=Rack1 PE=1 SV=3	1264141973.4375	999813505.5625	920771334.75	1315063449.60938	1043601633.125	1761595808.98438	956221800.625	1327128317.59375	1213070294.625	1029895334.25	1818925899.5	1454893962.25	1114285745.0	874691460.0	1624399711.75	1248187173.75	1405967472.8125	1410214117.0625	729464304.046875	1289253763.75	897893352.4375	880150723.125	742016517.25	1573009192.25	1111375168.25	1329509032.125	1441326755.5	1177679390.84375	1210664570.25	1442460601.9375
Q641Y8	ATP-dependent RNA helicase DDX1 OS=Rattus norvegicus OX=10116 GN=Ddx1 PE=1 SV=1	319268182.0625	221661213.0625	266019374.375	277667116.5	302191508.5625	315138675.375	275013250.625	232370397.4375	365563821.0	327882875.125	288541107.125	285465736.25	274317808.0625	333183832.375	235822865.375	330775759.25	272355495.625	333590856.0625	234763154.375	310589733.875	316470010.0	299313171.0	247838455.8125	300238659.25	315302200.75	394775457.65625	301487087.625	274216064.6875	256052703.25	328146682.0
P85973	Purine nucleoside phosphorylase OS=Rattus norvegicus OX=10116 GN=Pnp PE=1 SV=1	630797957.4375	347475910.0	446175478.875	473814417.28125	462129854.125	496764728.75	418960665.5	374777292.5	547312771.5	531060221.0	548226923.25	543582529.25	517933553.6875	547400692.0	494443372.4375	541418329.5	587851473.0	563642100.75	514275841.0	405521418.5	535435530.75	500582949.75	412089228.1875	508189559.75	493200752.0	727718972.75	689131278.0	531184216.5	621284079.8125	727375045.5
P43425	Guanine nucleotide-binding protein G(I)/G(S)/G(O) subunit gamma-7 OS=Rattus norvegicus OX=10116 GN=Gng7 PE=2 SV=2	191576164.21875	190884067.78125	192049410.21875	169281425.625	114383542.125	158900231.84375	136460787.0	200926390.0625	141552101.25	162423647.75	205330411.1875	192713920.0	144626428.0	141075411.5	217497840.875	202077027.875	192804619.5	184826995.75	170435566.875	156293309.3125	195734567.25	159897685.5	205226843.75	227451749.125	173373546.0	175873986.25	258565489.5625	218214127.3125	246156111.625	218224192.75
Q63100	Cytoplasmic dynein 1 intermediate chain 1 OS=Rattus norvegicus OX=10116 GN=Dync1i1 PE=1 SV=1	202067311.323242	168800444.484375	194585451.5	172740959.75	152109980.25	185609339.5	252165987.25	208362966.40625	351315483.0625	345309744.5625	268082962.625	250203616.75	285545568.875	329933284.71875	262910249.0	307483887.125	294071959.4375	327418048.466797	263632092.625	240112153.5	339412992.875	286560302.75	256396520.875	274315367.960938	252141548.0	397601686.75	324879367.375	326607206.75	356896763.3125	453651905.0
P60901	Proteasome subunit alpha type-6 OS=Rattus norvegicus OX=10116 GN=Psma6 PE=1 SV=1	337386648.25	216582280.75	292918698.0	285799149.0	134287551.0	178566909.03125	270422484.5	246644232.375	259954199.75	155809594.5	372154831.5	264307835.0	204718501.25	184588433.0	155585472.1875	231689736.75	347563187.0	319842280.0	180073196.25	232377307.375	258695249.375	183520949.5	177404909.0	334021283.0	166327729.625	251262864.125	372920447.0	275727633.5	305397456.75	284800416.5
B2GV54	Neutral cholesterol ester hydrolase 1 OS=Rattus norvegicus OX=10116 GN=Nceh1 PE=1 SV=1	24012225.625	30396690.625	18705059.375	38968439.5	41243840.0	39324362.71875	75985428.25	46540423.90625	56342277.5	52710921.5	84628944.125	45291871.75	56936983.25	41338850.0	53517247.25	55854444.25	80203016.0	62359673.25	55898611.75	54163411.5	58206877.25	57968089.25	63990305.25	74763701.75	75178373.5	79196233.0	55313315.3125	94292359.0	54705822.75	56878924.0
P14841	Cystatin-C OS=Rattus norvegicus OX=10116 GN=Cst3 PE=1 SV=2	108033732.875	107253785.0	78534166.0	112221203.5	85723635.890625	127949856.0	121422032.748047	109458718.0	108619861.5	93302669.75	170023210.25	113144709.25	127859517.375	116962077.6875	156579824.125	163171554.125	161527630.425781	169398551.125	66202330.375	189657039.25	84458145.5	109095252.625	67799246.78125	93212582.5	127815985.0	128181613.1875	117235961.375	125505306.5	102978498.9375	136788686.28125
A1L108	Actin-related protein 2/3 complex subunit 5-like protein OS=Rattus norvegicus OX=10116 GN=Arpc5l PE=1 SV=2	15338022.5	17552032.0	9765771.75	19622907.5	22824538.25	16056892.75	13294300.75	16296026.5	25769476.25	19145821.25	8959294.875	18041685.75	21514319.75	30129670.25	17668456.5	20319984.0	16808679.5	21348198.5	20108471.5	16696625.25	19914539.75	24951305.25	15301283.0	15739578.25	31638250.25	33906370.75	17600420.5	23451945.75	15262377.0	29357746.25
P29147	D-beta-hydroxybutyrate dehydrogenase, mitochondrial OS=Rattus norvegicus OX=10116 GN=Bdh1 PE=1 SV=2	393309147.375	365099289.320313	309235372.4375	349756599.875	74368715.0	177341478.652344	267956569.90625	372778127.125	202521981.947266	226145480.15625	358180064.0	354817885.359375	233517609.0	195927959.1875	344542098.351563	219028561.40625	272991796.875	201345633.25	290735104.0	278562076.304688	245317258.5	210152661.375	152106391.65625	347444548.1875	193780705.671875	217940254.625	402838335.875	293038585.4375	363944636.84375	275671337.84375
P52759	2-iminobutanoate/2-iminopropanoate deaminase OS=Rattus norvegicus OX=10116 GN=Rida PE=1 SV=3	11337256.9375	10993783.75	8101275.09375	23852771.625	26216329.5625	1575354.125	55521459.0	19635195.125	46663902.0	5388196.0	45826757.0	23421970.25	33080513.75	37984147.25	27553711.5	37904384.0	47392420.125	32298393.25	31009445.75	33933901.0625	55124085.0	47926476.25	37628542.75	32011767.5	47767038.5	42669689.25	20479151.8125	57463865.75	24318240.25	40763533.25
P17105	Inositol-trisphosphate 3-kinase A OS=Rattus norvegicus OX=10116 GN=Itpka PE=1 SV=3	170474754.53125	161045233.75	142501763.726563	174258061.4375	148969786.25	177270615.875	192638439.875	183251785.75	212522013.9375	189184738.71875	170118463.9375	165063632.59375	163796182.0	199596302.0	189859925.125	202496078.125	192710875.25	186928689.375	191175045.75	146729185.0	203385078.25	185754062.6875	155282030.6875	219304408.21875	193547811.125	233409514.0	216632497.84375	197366848.625	186185742.8125	243358084.25
P62243	Small ribosomal subunit protein eS8 OS=Rattus norvegicus OX=10116 GN=Rps8 PE=1 SV=2	55788342.375	72276361.46875	56641599.5	90130205.125	72835978.375	86106941.125	67975466.0	82351405.96875	84262965.375	83780483.75	67760300.0	102611210.125	77624096.625	86572933.75	109964317.625	103934384.125	77687504.875	94523995.5	91157762.5	84851676.625	120441295.625	95286875.125	82775770.8125	102962691.25	103780441.125	98324784.0	118456219.625	84585917.75	99762820.0	95824167.875
P62250	Small ribosomal subunit protein uS9 OS=Rattus norvegicus OX=10116 GN=Rps16 PE=1 SV=2	40923054.5	34425297.5	29265173.25	45610629.25	47937461.75	25446908.75	36070725.0	38140057.75	28412082.25	31975170.5	36411436.375	27404463.0	28619702.75	27553030.5	19029556.5	40338051.5	41560800.25	26767249.25	31695393.0	32978453.25	27593877.25	26608926.5	30897171.5	40876199.5	48004490.5	54288045.0	73523712.5	48385047.5	27085312.0	35209806.0
O35964	Endophilin-A2 OS=Rattus norvegicus OX=10116 GN=Sh3gl1 PE=1 SV=1	37406495.5	29317111.0625	25352474.375	35562931.0	33348889.5	52477983.75	29269273.0	50888870.875	43138130.5	29066910.0	58506372.0	46150492.5	28285080.5	43066157.5	47828706.0	45786530.1875	38782119.625	35663330.4375	43910016.0	28441827.125	40468627.0	37094932.0	28169005.0	46662853.25	44438329.5	53497865.0	60919742.5	44182732.5	50989963.25	42562685.0
Q76EQ0	Serine racemase OS=Rattus norvegicus OX=10116 GN=Srr PE=1 SV=1	131299263.8125	105226386.8125	129224939.3125	110834341.75	58824533.75	9103042.75	62409617.9375	65772019.5	62115218.375	59109329.875	123251276.6875	70728069.75	48839079.25	63848088.25	110799714.625	96138285.125	114906551.375	79686983.875	73780745.25	69731372.5625	104057649.125	91171979.0	55386988.6875	87343172.25	42173568.125	119929687.5	112006336.1875	68558485.5	142020953.9375	103761799.375
Q63041	Alpha-1-macroglobulin OS=Rattus norvegicus OX=10116 GN=A1m PE=1 SV=1	347534038.375	306325256.867188	271093509.125	312528178.375	281565476.875	395683561.3125	239827054.15625	322481219.6875	288312294.757813	255948513.25	278318485.25	341919238.75	266683385.375	311912101.625	356476176.125	325447598.875	318176892.25	322118204.59375	304638097.75	222385002.5	298939193.125	326265901.25	225458535.125	275943719.25	346684610.59375	420497077.25	413211776.25	327630571.0	335741804.5	350499900.875
Q9JJW3	ATP synthase membrane subunit K, mitochondrial OS=Rattus norvegicus OX=10116 GN=Atp5mk PE=1 SV=1	62889192.75	54810606.875	44439512.9375	55437627.625	56036983.5	54056967.0	141409463.625	59619454.0	113025266.0	69193312.0	57500926.0	71995924.0	66286059.75	83619528.0	57172056.0	86336999.0	101834493.5	67155555.375	74945069.0	26438059.75	116746088.0	75404300.375	64015550.0	91410372.5	109464797.875	92372880.0	72616426.5	96003820.25	70078917.5	84175652.0
Q07647	Solute carrier family 2, facilitated glucose transporter member 3 OS=Rattus norvegicus OX=10116 GN=Slc2a3 PE=1 SV=1	229484173.375	171273803.375	202050170.0	164494022.25	94020547.3125	86078209.1875	110585647.0	100135778.40625	112098453.0	107887781.0	178770668.25	123454255.0	108039016.25	99215179.5	207223940.0	145721387.0	175193795.375	141201077.75	131439976.0	124460059.84375	169817235.0	134247417.5	124755039.4375	180516598.75	88792593.75	199223964.25	224087995.75	136199007.0	193504450.25	147924803.125
Q9Z339	Glutathione S-transferase omega-1 OS=Rattus norvegicus OX=10116 GN=Gsto1 PE=1 SV=2	88311893.375	65311472.625	110025523.125	67185796.0	84793887.875	85856489.5	83395728.75	70113976.75	88920835.0	75026694.5	90471428.6875	68508711.5	72047787.5	97640453.75	85448850.75	86392907.75	122607408.5	84028640.25	143774058.25	91844218.0	64560787.5	86576769.5	45464534.5	68691034.0	86000679.375	119255019.0	76601247.875	75171565.5	97124849.0	88091701.5
Q4V8B7	Inactive hydroxysteroid dehydrogenase-like protein 1 OS=Rattus norvegicus OX=10116 GN=Hsdl1 PE=2 SV=1	35897034.0	43950946.0	40471969.0	41063614.0	42055042.25	56386673.5	31367739.0	47128362.0	48471436.0	37348764.0	43670751.0	50883140.1875	38504434.5	45682624.0	48823851.0	46416546.5	44583141.5	46143545.0	40017702.5	35487947.25	45143553.5	55772985.0	28913580.0	52637186.5	49644483.0	75349363.0	65783822.0	63061217.0	54795461.0	52297818.0
Q9Z0J8	Neuronal growth regulator 1 OS=Rattus norvegicus OX=10116 GN=Negr1 PE=1 SV=1	237726009.875	109587076.75	150419626.0	120606820.5	99683405.75	126588038.5	57632054.5	93700127.5	100217042.25	83799798.75	118742097.5	119886705.25	81494737.75	90573983.5	113260620.5	103946302.0	101032169.5	102789079.75	83582844.5	74100819.0	80734423.75	78646677.25	57075559.25	85158480.5	62568640.0	117476094.25	140087408.0	74829871.75	114811664.0	103016110.0
P47709	Rabphilin-3A OS=Rattus norvegicus OX=10116 GN=Rph3a PE=1 SV=1	685039011.75	639563286.375	605172018.5	669146289.375	643202183.9375	729420073.53125	733362727.697266	712760638.8125	703211493.3125	524717802.0	661320064.695313	691069748.4375	603753099.125	706344721.375	682120493.75	703013904.75	644425066.5	717024963.5	723162620.375	585368704.8125	795255959.28125	715566885.0	503687991.75	795789156.667969	744450717.25	898081544.5	818557857.25	756944058.8125	857746718.695313	746875390.5
Q68FW9	COP9 signalosome complex subunit 3 OS=Rattus norvegicus OX=10116 GN=Cops3 PE=1 SV=1	92963302.0	64822424.0	83539792.9375	111914349.4375	81282243.375	80302289.75	65081891.0	96003705.0	141596425.0	87286419.5	82688277.5	74456075.625	90101301.25	89515875.5	125942459.625	86647292.25	101918089.5	100256987.5	107742903.75	77826852.5	129981671.3125	100770352.25	63583975.0	142923040.75	99608101.5	129767121.5	128756248.5	92012262.875	72928498.0	114995368.0
P13832	Myosin regulatory light chain RLC-A OS=Rattus norvegicus OX=10116 GN=Rlc-a PE=2 SV=2	10055711.859375	11162164.625	8218064.75	13584801.203125	13470229.625	885865.1875	10381176.6484375	9744652.0	21848633.03125	7835294.796875	10846766.0	15223658.125	9523468.0	13094686.0	10883848.25	21884297.125	120426.6328125	8240879.375	10620680.3125	24662695.578125	7451408.5	13167212.65625	16296291.140625		23345046.5	15018698.0	15526709.25	23314959.625	10605403.09375	9390253.375
P18666	Myosin regulatory light chain 12B OS=Rattus norvegicus OX=10116 GN=Myl12b PE=1 SV=3	72822427.375	60274661.625	62416476.4375	59296352.625	30532847.75	55294775.0	46270339.0	52162221.0	43736189.375	71541141.1875	87207426.75	55543902.5	31801838.0	34416152.125	64088942.875	44513491.25	37755317.125	44939324.25	36071558.0	28581287.6875	52821711.5	35219722.875	37903920.25	76549019.25	27170679.0	48377021.0	91439876.625	52239058.75	82856654.125	42806240.125
Q5U216	ATP-dependent RNA helicase DDX39A OS=Rattus norvegicus OX=10116 GN=Ddx39a PE=2 SV=1	91138534.25	70114840.25	69601684.5	88912784.25	21281946.25	95139878.0	70790007.75	70273414.25	83742106.5	44088108.0	95033411.59375	98450185.0	65657489.75	89802143.5	44153249.0	66923260.0	88206588.0	77449049.25	29108214.375	100718977.0	71177284.5	57263445.875	71825838.0	106402038.0	69245603.0	110883383.5	118328352.0	97973736.0	92044771.375	73489797.0
O88656	Actin-related protein 2/3 complex subunit 1B OS=Rattus norvegicus OX=10116 GN=Arpc1b PE=1 SV=3	99448453.0	91601099.03125	108826599.5	115012223.75	107625072.75	111937837.0	119864817.625	106517904.5	142845813.5	112851132.75	119825216.0	117218828.5	86100509.25	108244643.375	110462668.0	137401693.0	78822099.0	142847834.25	170220147.75	125071372.5	107571911.125	82970350.5	77259330.375	116441690.0	120192872.5	124526387.25	106287863.5	111079431.75	136300926.25	145792540.5
Q5M9I5	Cytochrome b-c1 complex subunit 6, mitochondrial OS=Rattus norvegicus OX=10116 GN=Uqcrh PE=3 SV=1	74842314.0	59408320.0	56895903.0	65798133.6875	74327142.0	64497974.0	80349156.0	52751669.5	86680496.0	55458522.0	44833884.625	69132857.0	50888460.0	67824822.0	58661032.0	60498830.0	66920180.0	65882934.0	75636901.4375	40102341.0	74979390.0	72295310.0	53584486.375	73681232.0	80204136.0	85765704.0	63067109.0	51079422.0	51441434.0	63021318.0
P24050	Small ribosomal subunit protein uS7 OS=Rattus norvegicus OX=10116 GN=Rps5 PE=1 SV=3	181064307.875	152312815.8125	188443283.5	169968362.125	131882168.125	205711548.34375	109602128.59375	163827687.625	144985008.25	117984882.5	152295386.03125	179067684.125	117337038.125	134792788.9375	194380862.25	152382449.875	138440003.0	136873270.625	153483284.875	104661139.0	138079709.75	139043987.25	87383163.25	190187618.5	111156896.375	171885780.875	219140664.0	126766415.625	189556468.75	165238848.75
Q91XV6	FXYD domain-containing ion transport regulator 6 OS=Rattus norvegicus OX=10116 GN=Fxyd6 PE=1 SV=1	3825215.625	4795870.0	3463130.25	5759552.5	2525916.25	3176644.25	5316008.5		8817997.0	4875533.0	5359379.5	1758735.0	6743237.0		4166864.25	7915459.25			22371374.0		4649913.0	3133174.75	4296882.75			6611300.5	5430059.75	13541628.0	7735384.625	
Q91XU8	Phosphatidate cytidylyltransferase 2 OS=Rattus norvegicus OX=10116 GN=Cds2 PE=1 SV=1	21324131.25	21282693.0	14437437.8320313	26412597.75	27152487.4921875	30247908.1660156	34845384.25	41034915.578125	32295843.9648438	41067610.9375	21077627.625	38108287.765625	38414920.546875	46230688.96875	40193633.75	36816465.25	41294353.0	33260872.8359375	38964343.5	45042023.75	24809793.9375	35798223.1015625	33107203.75	48991970.0	43922571.953125	30657772.5	51680794.203125	46060332.75	40681005.0	44926086.3125
P35427	Large ribosomal subunit protein uL13 OS=Rattus norvegicus OX=10116 GN=Rpl13a PE=1 SV=2	358444564.25	326143076.0	288107437.25	354695220.25	311447715.375	363118657.125	378834803.625	333889284.75	372066303.875	358812714.25	334459619.5	337255150.75	341073504.0	371829076.5	363474742.875	379440390.25	422530920.125	344609969.0	328135151.0	297795077.5625	371889871.875	367324699.75	348146616.125	397219545.5	344312297.75	375277254.25	398454391.625	407736635.875	396874514.625	376825070.25
P62839	Ubiquitin-conjugating enzyme E2 D2 OS=Rattus norvegicus OX=10116 GN=Ube2d2 PE=1 SV=1	40905767.0	27703214.75	32858382.5	32767221.0	29891081.0	31195171.0	59040534.5	41663656.0	34971310.0	62153727.5	55780053.75	54904693.5	47520650.5	50025764.0	88700113.5	65627442.0	66167758.5	48489745.0	51661374.0	65467128.0	48019187.0	81246815.0	53293356.5	91227686.5	54785596.0	57007690.0	79650113.0	45386245.5	59339697.5	89153507.0
Q5FVH2	5'-3' exonuclease PLD3 OS=Rattus norvegicus OX=10116 GN=Pld3 PE=1 SV=1	83642838.5	76568372.6875	73805558.3125	74947773.125	55368250.75	70625658.75	151412825.875	93035044.375	122916080.75	33818369.3125	130997866.03125	124235288.0	105805529.5625	96680890.0	30534120.8125	108181093.875	123141662.625	84622598.5	49433933.5	71008030.75	124918015.875	102064790.75	85424530.0	210419395.375	120691755.875	129269527.25	175064773.625	125292774.6875	149986855.75	142931663.5
Q4KM73	UMP-CMP kinase OS=Rattus norvegicus OX=10116 GN=Cmpk1 PE=1 SV=2	45184492.28125	39042450.28125	36471125.8125	44721504.5	55499713.0	39465813.75	53771784.75	44366873.75	72499852.0	57778484.75	67550160.125	49459768.25	53231030.75	61987660.25	74022800.25	68559958.0	51121592.125	62140435.0	56537495.75	52794049.75	71779017.5	60143059.125	52479938.0	62995849.25	57853556.75	68426801.25	54473466.25	53193822.25	55137256.5	70582171.5
Q63803	Guanine nucleotide-binding protein G(s) subunit alpha isoforms XLas OS=Rattus norvegicus OX=10116 GN=Gnas PE=1 SV=3	966117575.4375	906176932.40625	885941351.125	842244187.5	767756938.171875	745092800.5	824079069.890625	767593368.75	1069676689.75	774505496.53125	750288633.3125	1021635792.5	898116654.1875	943641345.6875	850021248.90625	1083323215.35938	1043024163.4375	905339941.0625	886433342.4375	784770356.46875	870142239.875	941590109.4375	753595985.5625	749265231.5	896453491.96875	1198143933.75	887994224.1875	1093696082.8125	906219993.9375	1058789145.9375
P17074	Small ribosomal subunit protein eS19 OS=Rattus norvegicus OX=10116 GN=Rps19 PE=1 SV=3	287914422.375	189088221.9375	259036656.8125	228494031.78125	134148320.5	277561707.75	175796465.75	271149861.625	176410545.125	211396147.03125	350354427.0	341872955.5	151152280.125	268297186.625	253281245.5	256614639.75	244014698.625	166269982.125	176339754.625	212979472.875	187493718.375	206199394.875	167858280.875	240683458.875	182108853.625	202175331.8125	369058075.625	235111732.125	219318317.25	278142413.75
Q9JKE3	Secretory carrier-associated membrane protein 5 OS=Rattus norvegicus OX=10116 GN=Scamp5 PE=2 SV=1	10796815.0	9780676.75	9521221.0	12223197.5	23578246.0	12489482.4375	29481133.0	14909284.5	35320426.0	28019911.0	17514591.25	14987839.0	26417217.0	45988768.0	9803646.0	25581406.0	26554167.0	21747755.0	26993684.0	17653012.5	18575177.0	25762670.0	16205557.0	11898869.0	32261298.0	30313373.0	17718992.0	32241396.0	24053126.0	27744742.0
P30839	Aldehyde dehydrogenase family 3 member A2 OS=Rattus norvegicus OX=10116 GN=Aldh3a2 PE=1 SV=1	94717215.4375	72449405.8125	92495707.625	88751070.0	89108607.5	126897645.1875	75924515.5625	93832529.4375	106417431.125	103705339.625	68049094.8125	115271924.25	76396598.4375	93044442.25	91236627.0	101550631.25	77148775.75	83037518.25	91819399.0	53010904.875	88415011.5	86170129.3125	58003853.25	108490024.125	80927094.25	128986689.75	136250329.5	73083906.75	97611945.0	131629377.5
Q64057	Alpha-aminoadipic semialdehyde dehydrogenase OS=Rattus norvegicus OX=10116 GN=Aldh7a1 PE=1 SV=2	278634913.875	136897370.9375	213162257.6875	213483997.5625	263973400.0	136029614.0	312673928.875	195759141.5	372268786.625	329024050.375	383806065.5625	276600462.25	326454546.875	373731007.625	294858494.875	408254939.75	393789503.125	360006791.875	298190293.0	272951142.875	447272043.75	376286666.375	321768002.5	310818820.0	348785047.5	432696262.0	313928805.75	368912291.5	337988266.625	470721414.0
O35764	Neuronal pentraxin receptor OS=Rattus norvegicus OX=10116 GN=Nptxr PE=1 SV=1	407114670.859375	314592839.0625	486899442.4375	387331406.695313	473898856.25	441275083.0	578841390.125	417555102.25	578065680.245117	394098757.0	461101192.0	487397828.75	500040793.75	610011682.0	530126365.125	540316476.875	635968711.25	424001241.746094	407879498.048828	291766757.5	565999305.75	582576169.625	342412239.0	519450898.75	615274886.0	785107232.75	525078902.625	698386286.5	502158293.5	552835638.125
P48679	Prelamin-A/C OS=Rattus norvegicus OX=10116 GN=Lmna PE=1 SV=1	842866623.326172	768666494.765625	789691041.429688	850543330.625	799417843.90625	832529008.765625	909316123.25	893635879.3125	989560422.546875	802166084.75	1231833229.26367	914057496.078125	866212775.625	1009691020.65625	826944597.0	1024860149.65234	983045284.5	999144924.466797	877402462.75	853383668.193359	1043091479.30273	969639671.375	815833179.28125	1042964319.75	871184922.625	1112669673.8125	1160937894.1875	1000087322.66406	1041952708.0625	1091947520.17969
P17659	Potassium voltage-gated channel subfamily A member 6 OS=Rattus norvegicus OX=10116 GN=Kcna6 PE=1 SV=1	1661102689.25	649773005.25	1394570668.5	785391921.5	698042437.0	1014520734.0	793367601.0	732778181.5	915190199.75	863798029.0	1510371499.0	1168260557.0	781450261.0625	974240600.0	987800792.5	935538353.5	1237145747.0	957066754.0	739895246.125	516142114.5	740768319.75	865762069.0	621019145.75	829971820.0	699107020.0	1147192452.75	1488534415.0	990897660.0	1148492097.0	1067709768.0
Q6IG01	Keratin, type II cytoskeletal 1b OS=Rattus norvegicus OX=10116 GN=Krt77 PE=3 SV=1	81182765.765625	90373589.28125	68155237.140625	93464998.75	98209657.265625	97204143.625	167000285.40625	94853044.5273438	88129811.5	100386673.5	130241147.96875	96502978.0	111674537.0	97682926.625	112256261.75	110974274.734375	155965955.0	104080211.367188	108585131.257813	119395987.0625	144774493.03125	119058845.75	129600996.203125	126019204.449219	118782007.515625	131127770.3125	113054830.03125	148878629.75	107492731.625	146962403.75
P29314	Small ribosomal subunit protein uS4 OS=Rattus norvegicus OX=10116 GN=Rps9 PE=1 SV=4	969582011.4375	1108034909.75	698114825.25	1339886748.625	1581765766.5	878229762.0	1524486727.375	963841726.75	1457419806.5	1633080763.25	1078411141.5	975645615.75	1525617892.25	1540711447.5	1267634719.25	1618435587.5	1982643476.0	1667276540.25	1600493656.875	1185631352.75	1654702334.3125	1631351795.5	2084844286.25	1278798811.75	1772608651.75	1485670140.25	942922551.0	1722647117.25	994049417.25	1521946428.25
P04904	Glutathione S-transferase alpha-3 OS=Rattus norvegicus OX=10116 GN=Gsta3 PE=1 SV=3	32619746.5	19801260.421875	30254808.75	35373145.75	31138853.0	26859511.0	18735594.0	18388503.75	40096128.5	24151288.0	18918598.3125	31287815.25	29909320.75	28909618.5	29564238.5	32311650.25	33322741.5	39182080.5	26719082.25	27897522.0	24913005.25	28969119.5	22696771.625	32153841.25	26760299.0	50919368.5	34834139.5	29412210.0	32267868.375	36896065.75
Q66HA6	ADP-ribosylation factor-like protein 8B OS=Rattus norvegicus OX=10116 GN=Arl8b PE=2 SV=1	243264387.0	139967026.125	174835291.96875	148115118.25	182186258.375	103758263.5	228597666.0	163615712.25	219722420.5	169585689.5	247791281.75	158957506.75	191060876.375	283742524.4375	131278011.5	188465934.625	266286800.234375	193437184.75	165482649.0	157863755.8125	201922306.65625	209107237.125	180149711.25	161940699.0	182757543.75	283886414.0	236199109.25	230738466.25	200519451.0	250223894.351563
P62483	Voltage-gated potassium channel subunit beta-2 OS=Rattus norvegicus OX=10116 GN=Kcnab2 PE=1 SV=1	85166450.25	66431490.3125	78966438.75	80484214.03125	86579153.875	85118352.375	80271379.375	70551046.5	104336027.0	76748669.9375	79427632.75	75793008.125	82907333.375	109523180.875	82876622.375	89426292.25	105026636.625	97530815.5	91488529.5	70397628.375	110461871.25	111633764.0	74304015.75	86162753.25	115375564.875	133036609.375	85598817.25	95888052.5	74231513.25	107935911.75
G3V7P1	Syntaxin-12 OS=Rattus norvegicus OX=10116 GN=Stx12 PE=1 SV=1	39775095.875	26570792.4375	22861290.125	22148535.0	22686985.25	37511920.75	37365196.0	42572451.0	31655506.25	31246877.625	42012298.0625	37233502.0	21126227.875	37384593.25	42270613.25	39114680.5	37107578.375	28711159.75	35108234.0	46330098.25	31456293.0	31824143.5	26116408.75	42737947.75	35542811.625	31851933.25	42938044.125	39709522.25	34699167.75	36079984.25
P47875	Cysteine and glycine-rich protein 1 OS=Rattus norvegicus OX=10116 GN=Csrp1 PE=1 SV=2	32744822.375	27223717.625	29214684.5	43826425.3730469	114095691.195313	31195081.5	63994237.75	25055360.59375	124885709.293945	75518155.8125	48467046.75	43285460.5	71159214.0	115284504.75	58917388.75	105101382.75	82486218.875	68248622.0625	83240304.75	86290010.25	99108790.875	71032131.3125	64674188.0	33945589.5	113915326.75	114337786.25	49073503.46875	81933268.75	43224934.875	84284361.0
D3ZFB6	Proline-rich transmembrane protein 2 OS=Rattus norvegicus OX=10116 GN=Prrt2 PE=1 SV=1	34509123.0	20418445.875	28860692.0	27716423.0	27977262.125	21991269.375	27720320.0	22887579.75	32332894.375	24729011.25	21768668.75	26467756.25	19506645.875	28792934.875	34038059.25	37253650.3125	23884557.5	29640938.5	35126934.75	33642105.6875	34481616.0	29696587.375	18928748.0	42834213.375	30373422.375	33687218.9375	26087719.0	23006246.75	36802731.25	25227758.5
Q6MG60	Putative hydrolase DDAH2 OS=Rattus norvegicus OX=10116 GN=Ddah2 PE=1 SV=1	27382129.0	40848988.75	68207839.75	163518739.5	71058815.5	132093881.125	61767459.25	110639316.09375	197173446.25	212551813.5	18717170.6875	179778358.5	218801947.5	215049656.0	247016830.0	243270592.0	193463853.375	241809223.5	166470611.0	222969802.0	83911879.5	166314511.0	133901482.625	251969169.25	190568462.0	115883193.25	130176608.5	74768503.0	173799427.0	93332855.75
P12928	Pyruvate kinase PKLR OS=Rattus norvegicus OX=10116 GN=Pklr PE=1 SV=2	146483821.375	170032172.4375	170364641.0	169584124.0	129432607.5	188231935.5	99053361.1992188	161840912.0	143516965.375	111781307.75	144757878.0	164369320.6875	105677129.25	137454460.5	168639357.25	172076060.25	131960110.0	153085996.5	143031402.5	100370456.875	143232312.3125	126085891.125	103408721.875	193224883.5	110776264.75	152172465.0	201727671.25	142394436.515625	190185629.875	145506122.0
Q62826	Heterogeneous nuclear ribonucleoprotein M OS=Rattus norvegicus OX=10116 GN=Hnrnpm PE=1 SV=4	878345845.3125	762873086.1875	788294028.578125	880794819.125	788216511.855469	841925230.25	772750547.5625	856627497.085938	970082478.875	808352226.1875	873433764.90625	841470226.4375	779833276.546875	894169145.875	895093621.648438	935803450.0625	998094190.8125	852917187.46875	834098034.3125	835691650.5625	801199959.6875	927672249.640625	671429612.0625	820445795.625	870827804.1875	1135294617.75	995978286.875	925523718.90625	908396897.875	991652280.8125
P29457	Serpin H1 OS=Rattus norvegicus OX=10116 GN=Serpinh1 PE=1 SV=1	522233833.46875	294311412.664063	501415306.5625	341288455.21875	328520599.8125	395179560.625	287574725.40625	295340182.9375	418672983.53125	383550848.59375	373646465.796875	410513054.15625	324703969.140625	380368838.53125	348236008.25	394480650.15625	369688555.8125	401490339.3125	346004202.125	399136723.5625	431249413.6875	314706677.1875	331227092.34375	420435569.0625	412755489.0625	513944494.78125	503709420.40625	422967438.84375	475838337.4375	459940835.125
B0BNM9	Glycolipid transfer protein OS=Rattus norvegicus OX=10116 GN=GLTP PE=2 SV=1	83977277.5	79095692.5	56169892.5	101746460.5	90651215.5	62591880.875	178604907.5	94536286.0	119983658.0	158064557.0	163072027.75	114416898.0	135563793.75	116951495.0	207338685.5	186550839.5	188801742.0	133737916.5	147426217.0	146981747.0	201323233.75	239025954.5	208885297.5	174617011.5	141542488.5625	160641133.5	146603907.5	157949596.53125	149320212.0	196063714.0
Q63768	Adapter molecule crk OS=Rattus norvegicus OX=10116 GN=Crk PE=1 SV=1	117246418.21875	112067978.75	91337351.375	129403150.875	110624768.875	129882520.3125	138268014.25	108364247.3125	129003568.5	131612794.125	175866873.34375	122913332.5	149216317.25	140654945.125	183660372.25	194125230.75	193055686.5	186376398.125	77816341.125	200498676.75	138078501.875	159568376.53125	91479381.1875	109616258.25	149869814.875	187419061.25	119002202.125	149119324.875	130964211.0	191615347.375
Q5BJ92	Serine/threonine-protein phosphatase 4 catalytic subunit OS=Rattus norvegicus OX=10116 GN=Ppp4c PE=2 SV=1	78595873.0	75767077.5	73192291.25	84397629.75	54361690.875	80212393.75	68166058.5	82016408.875	83184771.75	61248590.5	119494077.5	97814522.0	66182416.0	85292713.75	70600223.5	59662499.25	90080720.5	74179040.5	57011461.75	100763670.5	58845001.0	60661566.0625	48076936.75	98856133.5	68989125.75	67396396.0	110635673.0	89751815.875	97050549.5	62907363.625
P36860	Ras-related protein Ral-B OS=Rattus norvegicus OX=10116 GN=Ralb PE=2 SV=1	147936528.3125	140243500.039063	457071011.03125	144157637.0	128166665.0	187763668.1875	151517778.25	171354099.6875	218353165.8125	201652896.5	154758721.75	216869165.8125	189194938.625	223422774.375	209294405.5	201778012.375	219227064.625	222681733.75	176327373.036133	212305168.65625	226059700.75	220582459.5625	162201476.96875	193922549.875	245539134.875	236016972.25	240769112.6875	254113275.875	201813226.125	234168702.375
P70569	Unconventional myosin-Vb OS=Rattus norvegicus OX=10116 GN=Myo5b PE=1 SV=1	472604334.476563	379971988.375	456539422.125	420341490.09082	426971497.625	480427536.056641	371602577.4375	419951293.539063	460606070.994141	426534691.345703	598475818.96875	496742812.25	426542709.566406	559418366.875	505021286.75	549246028.125	633061650.875	470020365.5625	430361816.771484	358894029.75	524032955.742188	545047150.429688	387386125.25	478656948.25	510376540.375	637370393.875	606474766.1875	470709982.6875	494184547.688965	660912530.125
Q9ESM2	Hyaluronan and proteoglycan link protein 2 OS=Rattus norvegicus OX=10116 GN=Hapln2 PE=2 SV=1	66647625.25	33878008.25	98020409.75	56221192.9375	52046486.75	44163149.65625	103081831.75	45903987.25	68643846.125	95555256.75	207934165.4375	56591719.25	56773552.125	63116384.75	142359331.5625	102350276.75	114974696.75	85828412.375	81016751.0	48108082.0	149426677.75	104088334.625	101658646.0625	111964567.875	70752539.125	101308705.6875	87290003.5	83557086.25	85333414.25	102909807.125
P49187	Mitogen-activated protein kinase 10 OS=Rattus norvegicus OX=10116 GN=Mapk10 PE=1 SV=3	5375513.5	15042465.84375	3034592.4375	16552067.71875	7077079.5	12804129.59375	4585640.59375	4129938.09375	10598368.34375	10016782.6875	3583584.0625	3913006.0	9457228.34375	8629530.75	9345832.5	6560605.0	12448759.71875	5324587.75	9581579.21875	4787311.078125	2809031.90625	5876220.5	2266030.640625	10363637.625	8467160.765625	8624935.5	7656272.6875	9469745.0	12659949.375	2768168.5
P30835	ATP-dependent 6-phosphofructokinase, liver type OS=Rattus norvegicus OX=10116 GN=Pfkl PE=1 SV=3	327418880.625	292263855.1875	230966930.84375	246583384.0	192006431.5	237099395.125	237800807.625	267244285.375	201243204.1875	191690867.0	381083403.8125	271602674.5	200176472.25	222281950.25	336273022.25	245431359.75	283892581.75	249264045.75	236543916.625	316512950.75	303421404.625	279726365.5	219820298.75	365011419.5625	216221836.875	268477605.25	356570228.8125	239393384.6875	312488513.75	248279548.5
P49186	Mitogen-activated protein kinase 9 OS=Rattus norvegicus OX=10116 GN=Mapk9 PE=1 SV=1	65969.2578125				285679.09375	835416.9375	985894.5625	918508.875	2767030.75	1910168.1875	935514.21875	867426.125	1250749.4375	2302329.375	1316255.71875	1081698.125	1414832.4375	1328037.125	1496419.78125			527145.4375	357311.84375	271843.0625	2197084.25	2692110.0	404774.53125	1644157.75	1652764.4375	2244035.0
P11951	Cytochrome c oxidase subunit 6C-2 OS=Rattus norvegicus OX=10116 GN=Cox6c2 PE=1 SV=3	173018744.0	118793349.875	136081265.21875	180993791.6875	119753103.8125	212230350.25	210916604.0	227327051.875	205121434.5	168456405.0	488372808.328125	258962630.0	150399956.5	132970038.5	350199006.0	201318192.0	228666363.5	204847202.0	140443363.5	131774134.890625	175331910.5	142361610.40625	120669370.5	272909755.0	205615160.0	146832018.25	251537382.0	212777056.0	191684042.0	187592914.0
P29419	ATP synthase subunit e, mitochondrial OS=Rattus norvegicus OX=10116 GN=Atp5me PE=1 SV=3	39274309.875	35314340.75	30225510.0	48656016.5	60702596.25	42807117.0	90475004.0	42098044.75	82325010.0	51687314.0	28459903.5	44117159.0	64252219.75	77697465.75	53630605.5	81032325.5	70310529.0	67190827.25	65691052.0	24873535.75	81757614.25	71531844.75	62678414.75	68823765.5	98850517.0	102957578.0	40323866.5	81436378.5	58559209.25	78736184.5
Q5FVI4	Cell cycle exit and neuronal differentiation protein 1 OS=Rattus norvegicus OX=10116 GN=Cend1 PE=1 SV=1	6988588.875	8320765.65625	8172341.58984375	12505489.25	8952891.0546875	13612303.5	9234239.0	15555963.3125	9779894.25	7867378.75	4753435.84375	11205291.625	7421673.5	36085556.0	3436209.25	4846105.125	13468410.46875	5277192.875	8230018.0	3241543.390625	9938441.75	9485600.0	8953422.6875	12875227.0625	9062540.875	14415672.8125	14313525.125	4272431.265625	14289554.2832031	8222820.69140625
O70351	3-hydroxyacyl-CoA dehydrogenase type-2 OS=Rattus norvegicus OX=10116 GN=Hsd17b10 PE=1 SV=3	832095856.21875	364595607.875	634597852.375	443869455.375	500063645.3125	370945053.5	639381220.40625	315252879.71875	736869061.5	554590142.4375	569132416.5	454736757.875	512604951.0625	673720024.875	417513441.125	619036017.625	770199798.0	533474323.0	423178112.375	369535580.4375	649860552.375	544367299.25	513329954.5	412501589.375	485516844.5	896178500.625	514603472.5	782897034.25	633220202.25	635190116.0
Q9QX69	Glutathione S-transferase LANCL1 OS=Rattus norvegicus OX=10116 GN=Lancl1 PE=1 SV=2	87396407.125	49717208.125	108955470.125	80736163.125	75385523.25	77463145.6875	42519246.125	59323373.0	93174374.375	71151348.4375	86811532.4375	75118298.9375	100058554.09375	79279176.75	86827931.8125	64472988.40625	99878093.0625	78539530.9375	70707136.09375	112001933.8125	152159322.875	74740561.0625	85857869.5625	107779265.78125	102000778.75	145450472.125	134781637.28125	67812284.0	136930315.125	91810687.96875
P50503	Hsc70-interacting protein OS=Rattus norvegicus OX=10116 GN=St13 PE=1 SV=1	424497133.9375	253715579.3125	308489186.9375	345241509.375	289274881.6875	353665337.125	316772795.25	305136029.5	450589442.210938	304886014.625	549887370.703125	411095465.0	314491174.25	431934704.625	328630517.6875	451417050.625	478245561.75	396057452.125	330209965.0	312939042.3125	491885658.875	470261237.25	325061488.25	354352405.5	409521276.0	442763508.5	466411286.0625	447611871.125	417278213.5	465163037.0
P61227	Ras-related protein Rap-2b OS=Rattus norvegicus OX=10116 GN=Rap2b PE=2 SV=1	33540772.75	35840515.0	24752611.5	48040220.0	22096902.5	53414336.25	72281704.8125	50862507.5	33841682.0	64901685.25	52374784.25	57319774.0	37457485.0	89105262.5	43787044.5	74198832.5	63917036.25	51737690.0	34829749.5	26108591.375	31140680.5	78051663.0	43791319.0	44626917.875	79072967.0	34511565.0	77273736.0	40546422.6875	44891382.75	43921036.0
Q6LED0	Histone H3.1 OS=Rattus norvegicus OX=10116 PE=1 SV=3	198352685.625	165441863.25	169330316.5	238659663.1875	207590298.234375	259559769.5	358240198.75	312699678.25	301605366.75	357290635.875	358808333.125	326855655.75	254556014.375	276874025.0	290960338.75	359297535.625	421251252.125	348504605.625	293766451.875	385934389.75	355710630.53125	402595879.0	344333828.6875	513366494.5	351334046.1875	345571616.875	347504140.0	445944346.75	309837625.6875	438929771.25
Q99MC0	Protein phosphatase 1 regulatory subunit 14A OS=Rattus norvegicus OX=10116 GN=Ppp1r14a PE=1 SV=1	75835339.125	82338609.0625	56276095.1875	115362108.875	133355883.25	77844190.1875	93874553.0	94218612.375	124077926.75	96330919.5	84368413.5	110840064.75	131333140.25	163463901.125	94237287.5	138067918.5	134215712.5	124200983.0	114050485.0	200360867.75	133043399.5	148537579.75	90767399.5	93400757.75	201490365.5	179637552.5	90062924.875	144834604.0	94799727.75	138112813.5
Q5BJS7	Copine-9 OS=Rattus norvegicus OX=10116 GN=Cpne9 PE=2 SV=1	324736320.625	140210793.5	179184113.34375	167290543.25	149029604.375	213922195.5625	98307504.375	132271125.8125	169979555.625	108886277.15625	207349122.9375	176508683.625	157775209.125	212624977.75	195602376.75	184408749.375	151269178.0	163290599.125	152485570.754395	102022271.90625	152481391.421875	152244118.875	93551219.1875	146864415.125	98413802.5	182889040.625	254257272.8125	154501289.75	212826154.5	184127314.0
P10818	Cytochrome c oxidase subunit 6A1, mitochondrial OS=Rattus norvegicus OX=10116 GN=Cox6a1 PE=1 SV=2	20545050.46875	46144028.6875	19031753.53125	45371950.125	23376400.0	58273675.9375	22401046.5	62533375.0	35028199.375	32320873.5	61981387.0	53871306.8125	29001867.375	34132835.0	38780767.9375	34342641.25	30439607.4375	27112648.5	33641717.5	45316091.75	30799619.5	34797545.5	33405345.25	30094036.25	56529570.6875	42138738.625	33183824.0625	64118683.5	31083231.5	34961038.0
P06302	Prothymosin alpha OS=Rattus norvegicus OX=10116 GN=Ptma PE=1 SV=2	2583475.75	3611618.25	1918292.0	2639731.25	2639828.75	4089989.25		3183878.5	4090233.75		5014089.0	3735070.25	3606894.75	4509623.0		5074801.5		4457102.5		6790903.5	4905560.5	2848347.5	2542012.0	5518706.0	5086285.5	3733366.25	3065867.75		2362457.0	4179618.25
Q5XII0	Mammalian ependymin-related protein 1 OS=Rattus norvegicus OX=10116 GN=Epdr1 PE=1 SV=1	911605053.0	946469106.25	658199626.625	656196225.875	279926720.0	450924394.75	391841703.0	716304324.25	226637824.1875	209217430.0	191434311.5	594858270.25	245174601.125	295099523.75	544108507.25	365797611.125	405347859.0	479403562.0	464182526.75	440791458.25	423772451.0	367745672.0	287061710.875	822202580.75	207569040.875	366817554.5	572102631.5625	457458322.75	736549960.5	323088940.75
P15385	Potassium voltage-gated channel subfamily A member 4 OS=Rattus norvegicus OX=10116 GN=Kcna4 PE=1 SV=1	30332562.5	26906541.875	12844586.25	26020719.0	48926090.25	35035698.375	28897264.5	49016694.5	40666696.0	41639264.5	57794361.75	33519259.25	24918826.875	26297290.5	44657389.75	46857015.5	48441143.5	22752684.5	30817084.25	84154087.5	31469021.0	72277999.5	19398603.25	130421702.0	31175201.0	18481977.5	48360707.0	33931784.5	44738035.5	17948903.5
P46418	Glutathione S-transferase alpha-5 OS=Rattus norvegicus OX=10116 GN=Gsta5 PE=1 SV=2	27533088.875	43914711.375	9626667.625	39021829.0	16982721.0	30191258.6875	20359101.0	7878999.0	27997592.5	28335824.375	16905462.25	32105790.125	5471998.375	16221161.0	31967526.0625	14712096.25	42091853.25	23704759.5	42167264.25	15379285.4375	10331397.875	11485657.5	14653966.4375	7826435.25	26725893.875	24911036.0	44261269.5	28379967.0	37719786.5	11564708.0
P62775	Myotrophin OS=Rattus norvegicus OX=10116 GN=Mtpn PE=1 SV=2	4580956.5	5282758.375	2378215.0	2952460.75	6325694.75	1646900.0	2357944.75	5979033.5	7532968.25	4920739.75		6999398.5	5646875.0	9156520.75	5027316.0	8327007.5	6064612.0	7556871.75	6274537.5	10779420.0	9288410.5	9657398.75	6273665.5	6985165.5	8549703.5	8774974.0	8982129.0	2537048.75	6132121.0	8117196.25
P23978	Sodium- and chloride-dependent GABA transporter 1 OS=Rattus norvegicus OX=10116 GN=Slc6a1 PE=1 SV=1	553497526.625	676492950.8125	554013032.78125	585635873.875	403138716.71875	911139970.898438	345157716.0	598854684.4375	419076524.101563	279561495.945313	823182693.375	617332301.851563	329854635.25	375524564.40625	569995553.6875	482981531.015625	514611418.25	445404072.875	443323314.429688	476235523.875	407612111.875	466278348.9375	286310454.625	592129690.0	432325362.5	552028415.0	812954421.8125	443508209.25	552475658.5	409601337.25
Q505J6	Mitochondrial glutamate carrier 2 OS=Rattus norvegicus OX=10116 GN=Slc25a18 PE=2 SV=2	19186664.9375	22541680.8125	26931008.3125	29941416.75	31791445.875	28211340.375	59474127.328125	32760748.125	38262631.25	45850980.375	36491040.0	39063131.125	43831635.5	53653191.5	45051605.75	45534488.5	51414888.25	43637199.75	49799340.0	24528148.703125	37234610.5	57708524.8125	41093368.875	42797044.0	47744548.625	48512184.0	37039402.0	45471253.5	33114221.875	52472567.25
Q68A21	Transcriptional regulator protein Pur-beta OS=Rattus norvegicus OX=10116 GN=Purb PE=1 SV=3	111972621.5	105596839.125	141050132.75	137115736.75	107993678.5	128995783.65625	135177218.75	135487108.53125	162035217.0	139154004.25	153294665.0	137970238.0	143964765.5	129056879.5	129921813.0	143967349.0	164168857.0	129002470.5	121792213.0	144059693.25	128176983.0	163464474.5	110543362.125	144937694.5	157599472.25	181861613.25	168075053.5	169445452.5	119413412.25	150088283.5
P85968	6-phosphogluconate dehydrogenase, decarboxylating OS=Rattus norvegicus OX=10116 GN=Pgd PE=1 SV=1	139194689.0	93929573.625	83104232.125	145290926.625	110377625.25	110969563.1875	153500117.625	65718754.25	148838414.25	105363688.5	73161475.859375	84014845.859375	117534392.5	144894512.0	103204950.5	126709173.25	118382359.625	148163906.125	102432137.75	97500919.9765625	147900595.75	157305063.375	118774191.6875	111215561.875	121886854.375	134411224.642578	132442973.0	144313563.75	137011494.375	158459854.625
O08651	D-3-phosphoglycerate dehydrogenase OS=Rattus norvegicus OX=10116 GN=Phgdh PE=1 SV=3	137072131.375	114018888.236328	108850407.25	120346767.880859	94490650.9511719	156304249.679688	124513146.132813	144439181.828125	133018562.451172	90332669.125	130486956.265625	162350306.375	118781730.917969	123334286.75	141335805.0	133939411.625	135493931.8125	128939118.671875	102965298.99707	122627339.15625	121847699.324219	124274800.460938	110227682.53125	177372660.570313	137933238.894531	178835838.59375	171618539.75	127521582.78125	145566407.960938	128937450.3125
Q7TP17	Splicing factor U2AF 26 kDa subunit OS=Rattus norvegicus OX=10116 GN=U2af1l4 PE=2 SV=1	6282090.9296875	5887614.640625	10892970.65625	5790977.75	5871449.23828125	8550545.5	1731418.375	4881382.0	4196566.7578125	2698357.25	3572914.3046875	7041116.875	2744111.5	9673670.0	3072762.125	2957882.75	8716391.15625	11812662.359375	27521393.75	2719340.34375	9129890.25	18790853.5	1965911.75	5129643.8125	3364074.75	5014911.5	7050230.125	3103612.0	6080973.75	3645241.88671875
O70352	CD82 antigen OS=Rattus norvegicus OX=10116 GN=Cd82 PE=1 SV=1	10632544.0	13666908.0	9705912.5	14227703.5	14029169.5	6746935.5	15184498.5	7756956.0	12360862.0	10873524.25	10847025.5	7429746.25	12853451.0	17619628.5	11754365.0	12179626.5	19123489.0	12409461.0	14826020.0	18037984.0	17700352.0	19559091.0	15396439.0	8793958.0	13601197.5	19207473.5	9025845.0	13584960.5	10370625.25	11648659.0
P05942	Protein S100-A4 OS=Rattus norvegicus OX=10116 GN=S100a4 PE=2 SV=1	6294846.0	7850652.6875	12959677.125	14684791.25	12126799.125	13944839.0	2834985.0	8803634.0	11056665.0	9768182.0	10201088.75	13267692.0	14461636.75	10848850.125	9429632.0	11827822.875	18875994.0	14292482.0	6855705.5	12798003.0	5044892.5	26493638.0	9393450.9375	6376376.5	10524746.25	20590599.0	15474878.5	18444417.5	10440105.3125	18397932.75
Q9WU82	Catenin beta-1 OS=Rattus norvegicus OX=10116 GN=Ctnnb1 PE=1 SV=1	231473424.625	263759594.0	125574368.9375	206746832.25	241933952.5625	217072657.75	371518021.625	216366710.3125	328765201.75	391656732.625	279047270.1875	200507507.875	283746688.0	294573973.625	220869409.0	335838918.625	378907748.0	283263221.125	298291333.125	346315077.5	421185854.875	291891936.25	447098574.1875	278082982.25	403810292.375	319246111.375	217166522.875	401419627.5	215996609.625	314100203.0
P62853	Small ribosomal subunit protein eS25 OS=Rattus norvegicus OX=10116 GN=Rps25 PE=2 SV=1	35560140.0	33755401.125	61697577.625	41026350.5	44811686.8125	56085966.5625	34214862.078125	44350401.875	51595433.9375	31085090.1875	34455052.90625	46255198.875	27886502.3125	43929672.3125	44461297.75	40192279.75	34002976.734375	43756584.0	35821030.5	32402029.375	44776388.84375	41142871.84375	26466964.015625	31100597.5	54551671.09375	62669133.21875	49276884.375	44204628.125	53844378.3125	49237751.40625
P36972	Adenine phosphoribosyltransferase OS=Rattus norvegicus OX=10116 GN=Aprt PE=1 SV=1	141662038.25	121391324.375	120112887.0	144285092.75	190771813.75	184122313.0	194900035.0	173106305.75	234547405.0	189944154.5	165158193.0	157744193.0	193031376.75	187110739.75	244260080.5	275195994.5	193781346.5	175417511.25	221221709.5	91601812.75	251984892.0	182747439.0	160555062.0	258408196.5	224542152.0	270700266.0	219358583.75	206727999.125	245858969.0	268542823.75
Q01728	Sodium/calcium exchanger 1 OS=Rattus norvegicus OX=10116 GN=Slc8a1 PE=1 SV=3	140443573.25	153642534.242188	68873289.0	124381003.75	80703993.515625	219470775.25	128323594.75	169770823.9375	135863607.375	101121724.0	122388421.9375	165140982.9375	88566014.125	135785518.875	155327711.0625	138191867.75	146594999.5	94674711.75	118894770.75	129530511.125	108823710.25	105334030.4375	78801050.21875	153792838.0	129189864.875	105655696.5	153246152.851563	107204803.125	138850581.8125	89157781.25
Q4KM74	Vesicle-trafficking protein SEC22b OS=Rattus norvegicus OX=10116 GN=Sec22b PE=1 SV=3	94730143.5234375	89206891.1015625	36061169.1875	64854139.734375	40174955.4375	71346675.9375	46168643.5	58140783.09375	45000612.5	43368688.4375	114829162.25	60073142.5	58412168.5625	83979627.25	53675083.0	56893900.25	63132225.171875	68632413.0625	70545986.75	40909620.265625	78227754.875	63347025.875	30589975.375	101971221.125	52497036.25	64179482.25	118491144.875	48768458.28125	101892133.15625	65209657.6875
P40112	Proteasome subunit beta type-3 OS=Rattus norvegicus OX=10116 GN=Psmb3 PE=1 SV=1	69922912.375	61870306.5	38133902.75	67075593.125	74590619.375	80292553.75	86871856.875	76955858.5	94935188.375	72394040.0	67096634.375	77448945.0	61157283.125	78832369.375	75594945.125	88753115.0	104152944.0	76629893.75	91341141.5625	67079281.5	91958633.109375	73263418.875	64946221.4296875	81389417.0	93557902.25	110407080.53125	74536401.5	100040468.5	80275109.625	89957031.25
Q6QLM7	Kinesin heavy chain isoform 5A OS=Rattus norvegicus OX=10116 GN=Kif5a PE=1 SV=1	245315083.375	263034127.125	204202790.3125	274954455.375	287160503.023438	233332856.335938	520791902.609375	310162067.0	411164108.689453	489123997.65625	467537490.81543	354747382.1875	408355567.25	457595115.9375	417125468.625	497093265.5	601738401.375	456880391.25	469774557.0	508698383.09375	433818752.507813	607616307.375	584033532.8125	464014216.875	510561379.5	445355797.234375	470359888.25	574373077.9375	361271510.875	603626854.0
Q02874	Core histone macro-H2A.1 OS=Rattus norvegicus OX=10116 GN=Macroh2a1 PE=1 SV=5	18577731.0	22785246.875	33631155.65625	23270893.125	31724285.6875	32980756.75	28959476.03125	43983169.5	44564253.25	33331321.375	29419830.0	37304306.03125	32317766.4375	35722138.75	37090096.25	54565092.8125	42909067.5	36249854.625	36616104.75	53338550.6875	35033648.125	29896876.125	28152019.75	67614400.125	41157536.25	45207486.5	55818155.875	70682406.75	45219769.5	41624977.0
O35763	Moesin OS=Rattus norvegicus OX=10116 GN=Msn PE=1 SV=3	1077666641.5	519001518.75	828207317.75	648296628.1875	715150561.9375	563801327.75	634995869.0625	472387697.375	744020786.0	613874485.0	730083174.5	657856188.75	664309510.0	761230814.5	568828280.0	727572726.25	931934954.0625	783167153.5	537275395.25	490945254.253906	698748416.441406	670537728.0625	608876392.25	687071676.5	652747327.625	925135707.5	785140052.1875	794931073.5	709269929.875	868701936.5
Q5FVJ0	Protein RUFY3 OS=Rattus norvegicus OX=10116 GN=Rufy3 PE=1 SV=1	441757072.75	268834552.625	399913786.75	370992144.75	332914912.625	255538224.75	432168323.546875	257889372.5	383451063.5	351987298.125	452340988.5	350291974.875	368097148.8125	392426603.25	439500901.6875	463074983.75	502238593.875	445128787.5	337844175.375	352655873.5	503128337.1875	441128010.125	393645975.375	468387461.625	352433049.25	466013355.3125	503756467.75	379909738.0	428882469.5	540730182.75
A8WCF8	Tumor protein p63-regulated gene 1-like protein OS=Rattus norvegicus OX=10116 GN=Tprg1l PE=1 SV=1	58021014.875	65157583.7324219	68155585.28125	36527742.8125	19891578.71875	38629426.7148438	46017032.6875	69498925.0	37193158.4375	36827049.96875	29807573.796875	61642533.75	41236823.4707031	46679587.0	65292197.8515625	34433412.25	37226457.75	38908845.328125	34394368.84375	46562827.3125	23385436.3476563	47574456.75	33249888.78125	62525176.0	58157117.25	33030855.75	108564640.75	42723807.625	45361630.3867188	72315129.625
P00787	Cathepsin B OS=Rattus norvegicus OX=10116 GN=Ctsb PE=1 SV=2	17007713.625	16305821.25	21782794.125	24649327.5	17698749.5	17842528.5	11543741.375	16714060.5	27636630.5	11215060.625	15207750.0	19539786.5	18142245.5	14664037.0	15306849.25	13544870.0	18693071.75	23220392.0	20868396.5	21173540.5	16333666.0	23269909.0	12710428.203125	16294170.75	16912565.1875	26156250.0	19100587.5	26582887.0	22170374.625	19332656.25
Q63377	Sodium/potassium-transporting ATPase subunit beta-3 OS=Rattus norvegicus OX=10116 GN=Atp1b3 PE=1 SV=1	195736329.0	148984392.859375	173403745.90625	179068655.0	146851422.625	180122215.40625	175405329.1875	174688259.0625	195860006.15625	141893200.0	215891010.0625	186458979.875	198908508.375	182695689.875	146933747.1875	183871287.125	240721188.4375	202811908.0	171136450.1875	132732815.828125	217845114.625	202793428.96875	189920212.9375	231499552.6875	223843367.4375	291110320.6875	331419991.5625	255233094.1875	276939131.25	285297528.5625
Q9R0I8	Phosphatidylinositol 5-phosphate 4-kinase type-2 alpha OS=Rattus norvegicus OX=10116 GN=Pip4k2a PE=1 SV=1	265963374.0	241311294.0	166978893.375	202505538.5	186209685.25	158033640.625	172436000.375	159078643.1875	234572706.0	116703239.125	173958536.75	206192455.0625	155920997.9375	176925599.0	178154043.5	175200410.875	307758175.0	178702900.5	154338038.0	288016534.96875	205701245.875	182259710.625	125434519.0625	231397881.5625	232720062.875	239264390.375	217640761.875	175182622.75	190736070.875	157042229.125
P10760	Adenosylhomocysteinase OS=Rattus norvegicus OX=10116 GN=Ahcy PE=1 SV=3	149538310.46875	72924169.875	88586506.75	247023712.0	61357096.84375	48124507.375	653050423.0	74878540.375	622408063.5625	589768619.0	188520425.875	78296386.75	676976087.5	525878429.75	308779125.3125	83820786.625	894138504.25	653474859.125	548005298.25	543970640.40625	872290667.75	771689102.3125	576541695.3125	387160444.0	75591425.25	850425712.25	169512925.5625	909971849.25	107755550.0	341298524.5
Q9WV97	Mitochondrial import inner membrane translocase subunit Tim9 OS=Rattus norvegicus OX=10116 GN=Timm9 PE=1 SV=3	46810517.796875	45838216.75	55969583.875	55753573.5625	74474121.6875	48436782.4375	96827215.25	56204668.875	84393024.65625	145669226.75	73192897.25	77337483.375	70986420.875	68710527.5625	111902658.5	90333895.875	73141647.0	73154799.125	113418441.0	122793384.375	90511758.75	74601376.625	87106798.75	70327181.875	98050463.125	90881202.625	80396872.0	105339520.28125	98834976.0	104422676.625
Q6GMN2	BAR/IMD domain-containing adapter protein 2 OS=Rattus norvegicus OX=10116 GN=Baiap2 PE=1 SV=1	220429730.3125	177838139.015625	241418430.328125	236470596.25	261906359.445313	211235368.3125	175245424.5	147273796.25	351816425.65625	204759390.40625	201883344.0	227568702.0	187409320.1875	316010811.75	261108909.5	277109331.875	300558026.0	261603383.375	250064061.75	209280864.15625	259509887.78125	240796201.25	193650815.5	281878654.5625	197146799.25	355439521.25	267019361.875	292241521.75	241373084.125	273231537.75
P04094	Proenkephalin-A OS=Rattus norvegicus OX=10116 GN=Penk PE=1 SV=1	511831939.375	488944439.125	369246902.625	232189257.375	53136940.375	30737424.25	47849676.125	46951351.0	65019668.5	43312122.25	354981769.875	284653323.5	20345213.75	65897861.25	196933512.25	34592939.75	23137410.5	31349112.25	99834983.0	120304600.21875	79969917.5	49565464.75	19787292.625	36913752.0	39379034.75	31793401.75	37731762.5	21943883.4375	212627470.75	22331342.8125
Q5M7U6	Actin-related protein 2 OS=Rattus norvegicus OX=10116 GN=Actr2 PE=2 SV=1	32956972.25	31552572.25	35621542.625	37572664.375	19433216.0625	47089434.75	27040881.625	35160549.0	53315000.75	33757651.0	39397832.8125	41616636.75	34567281.0	55988484.5	41705013.75	59163585.9375	40335942.9375	31005079.25	32199562.625	21151997.125	27522662.59375	28506769.0	35186317.5	48444714.875	21978919.0	47873779.0	30278804.0	25612661.5	36621210.125	54287868.25
Q499N5	Medium-chain acyl-CoA ligase ACSF2, mitochondrial OS=Rattus norvegicus OX=10116 GN=Acsf2 PE=2 SV=1	413720234.0625	209284379.625	260807585.75	217267989.6875	169944876.125	207156885.984375	219186880.25	179687582.1875	184414602.5	198108402.5625	214655606.4375	244490635.5625	212394024.0	208513517.0	335097978.75	261743716.75	380862931.875	294643926.8125	250236173.1875	315149937.53125	382984886.0625	363225536.625	363410976.484375	370873675.375	323177924.125	355033713.0	315718831.25	308010683.5625	303825949.59375	309117848.5625
Q60587	Trifunctional enzyme subunit beta, mitochondrial OS=Rattus norvegicus OX=10116 GN=Hadhb PE=1 SV=1	84325290.4375	47280861.5	62997420.125	74246293.875	98073706.5	59671114.5625	130372606.5	63309534.375	128447396.5	136157473.375	141425349.34375	93654845.125	124939758.3125	143270683.75	108435354.0625	144973773.0	149900452.0	136309680.25	110283292.625	120642910.4375	166296019.25	146252064.75	134308416.75	120944677.4375	130634879.5	153171951.5	91891512.875	146627401.75	102556684.5	165965699.0
D3ZW55	Inosine triphosphate pyrophosphatase OS=Rattus norvegicus OX=10116 GN=Itpa PE=3 SV=1	11488588.375	9017924.96875	9655326.75	9956412.0	8833844.5	12645595.625	17345707.125	19066013.0	14589642.5	15404271.25	21622064.0	15824051.875	11351673.75	17265222.0	16856384.75	17045773.75	14458115.0	12726940.0	13426658.25	10926249.75	14032776.0	16351541.0	13910146.625	18850104.0	18003003.5	14731989.5	16940528.0	17489327.5	13957190.0	17478609.0
Q6Q629	Inactive dipeptidyl peptidase 10 OS=Rattus norvegicus OX=10116 GN=Dpp10 PE=1 SV=1	125082346.9375	121412275.9375	124684666.375	152120003.875	181367317.1875	97919359.1875	188832173.75	156450986.125	186800220.5	199827689.125	195444094.75	152918244.15625	183959983.625	177237488.0	131689804.625	193342531.0	226972163.25	245360169.75	187969607.625	217161021.0	246893986.875	263341438.25	262050073.8125	245252833.6875	220191745.5	220947562.875	206844188.5	232190081.125	226418013.25	286500673.5
P37199	Nuclear pore complex protein Nup155 OS=Rattus norvegicus OX=10116 GN=Nup155 PE=1 SV=1	427322408.0	285579707.125	434736630.953125	365767562.25	463560323.78125	304596337.625	184191505.75	263664687.375	423396077.625	559649350.25	291919688.625	452906187.0	450507238.0	562602229.625	423269783.625	535516030.5	630829885.0	652814842.0	381857116.5	406806010.5	414381695.125	457060242.5625	450636462.796875	437983585.5	314302986.375	678314472.375	513069136.25	456491462.875	505162877.125	563121574.4375
P45479	Palmitoyl-protein thioesterase 1 OS=Rattus norvegicus OX=10116 GN=Ppt1 PE=1 SV=1	19011321.75	22415511.0	21471043.375	26642765.5	24012325.5	30075936.25	20684385.125	30064315.875	28308488.5	17624919.75	25475224.75	27495072.625	21922069.25	25571237.5	28187569.0	25346818.75	24803662.0	25274148.0	24690443.25	16499509.875	26918524.0	30839666.5	16494135.25	24910485.5	29251213.75	32800114.5	34964153.5	24681237.25	29783349.0	30206884.75
Q62698	Cytoplasmic dynein 1 light intermediate chain 2 OS=Rattus norvegicus OX=10116 GN=Dync1li2 PE=1 SV=1	493449613.71875	269381131.25	433652406.125	304675113.359375	273769299.3125	151573394.53125	283457190.75	259524154.0	372302710.0	233126333.0	396637443.5	357435370.15625	332441790.6875	422246357.875	282300866.25	436382317.625	527223525.25	373936042.5	310610052.125	320102297.5	338426811.546875	373752236.65625	331850533.1875	406761618.0	441409499.25	473037495.75	455395646.5	381946819.625	374441549.375	359283477.6875
P47863	Aquaporin-4 OS=Rattus norvegicus OX=10116 GN=Aqp4 PE=1 SV=1	7490109.25	11391743.25	9959186.75	11829927.75	13710722.0	12324920.375	7791985.75	11255768.0	19157464.0	13488038.25	9775475.125	13335190.5	11051903.25	23948423.75	15186479.0	17744164.5	9688630.75	18015926.5	23441326.25	15182433.25	12383828.0	19432952.0	12644981.5	13723926.75	17354085.375	17784638.625	17193864.0	25097453.375	17037394.5	10725502.0
P30904	Macrophage migration inhibitory factor OS=Rattus norvegicus OX=10116 GN=Mif PE=1 SV=4	104249832.125	89662075.875	85319215.375	153767345.75	220070529.5	133242970.75	222376076.25	134680163.59375	275027777.75	187638666.5	131702848.0625	133277095.25	218906368.25	262780552.0	142228675.0	201629425.0	225326671.375	206681337.0	218188116.4375	255645152.75	246918590.0	264050438.75	195713005.71875	176394247.5	274810470.0	289418265.5	147271197.75	258019489.5	157710135.75	246026851.0
P52287	Guanine nucleotide-binding protein G(I)/G(S)/G(T) subunit beta-3 OS=Rattus norvegicus OX=10116 GN=Gnb3 PE=1 SV=1	57801236.0625	59533535.125	50071766.625	66869420.25	81478884.0	63286833.375	101163559.6875	87923691.125	104583600.3125	106272846.625	67583150.875	77647807.125	105968462.5625	107535937.875	96304252.0	131999237.375	110320874.625	107998160.5	114323049.375	116050366.5	114845564.898438	138030356.09375	102577670.65625	105283999.5	133728764.625	141924493.375	88700560.625	132003226.125	96555422.0	151485724.375
P56603	Secretory carrier-associated membrane protein 1 OS=Rattus norvegicus OX=10116 GN=Scamp1 PE=1 SV=1	98317882.0	83824916.125	81440742.5	83060038.3671875	52069666.6875	123207782.75	69832779.15625	85665046.125	79804683.6875	89036495.5	90865161.5625	81807973.4375	44423786.3203125	60088401.5	83341465.75	72227873.015625	68209382.25	94583353.375	134239446.15625	41094783.375	64812344.140625	90827518.75	56075533.0	145969683.0	108494122.945313	77973021.65625	181592459.25	71792921.90625	88276736.5	61936286.9375
Q9Z252	Protein lin-7 homolog B OS=Rattus norvegicus OX=10116 GN=Lin7b PE=1 SV=1	129621408.875	39243556.625	138273493.5	53504372.5	41258122.0625	43993408.875	33657594.5	36589629.96875	39620790.0	48889535.5	60176254.1875	68693805.0	46735347.0	61194846.5	73146977.0	61825250.25	59945455.25	72181241.75	43393785.375	40145195.625	47219214.625	37736523.75	30326288.625	42944122.0	33968058.5	70691474.0	84002211.5	37514583.25	71211885.5	64414491.0
P40241	CD9 antigen OS=Rattus norvegicus OX=10116 GN=Cd9 PE=1 SV=2	59171345.0	60593375.75	37323791.5	56437644.203125	52710602.1875	38172874.1875	172389853.25	54682952.1875	123579863.6875	150592660.125	142709751.0625	62944693.625	99594281.125	79810560.8125	102901472.375	108398859.125	165513301.5	106746351.125	100215439.625	92672677.5	134453395.75	194509104.125	133890079.75	88428349.5	100203659.875	142220367.375	98323097.375	133239229.75	93422735.8125	117776048.5
Q5PQK1	Septin-10 OS=Rattus norvegicus OX=10116 GN=Septin10 PE=1 SV=1	1346198860.20313	638950590.796875	1004370217.09375	772133926.25	726391601.75	660269123.8125	578676393.25	470562974.875	700314292.5	661262635.875	668883381.375	754235317.5	595489280.5625	621541710.9375	732559797.4375	734587746.625	723477193.0	691241657.6875	638230638.8125	509420836.3125	702771318.0	670213048.5625	483870311.0	655106288.875	494794820.375	865812153.625	811391616.8125	584081416.59375	747433451.0	800960294.0
P11884	Aldehyde dehydrogenase, mitochondrial OS=Rattus norvegicus OX=10116 GN=Aldh2 PE=1 SV=1	70685103.875	94405678.0	55967273.75	59016048.875	55211956.4375	87249462.25	55128372.5	91748488.375	64744478.25	54645974.0	113745997.375	80747177.5	64560081.5	67294539.9375	73690824.25	62914384.25	83581612.25	89502201.375	81560668.875	78656906.0	73265081.5	96495194.75	57112373.78125	124417539.25	83480148.875	106775752.875	193220327.875	92500202.125	128106077.0	86845465.125
Q9Z2S9	Flotillin-2 OS=Rattus norvegicus OX=10116 GN=Flot2 PE=1 SV=1	293143453.875	226200202.46875	339993732.015625	281892381.03125	307042320.0	273933143.71875	211580285.496094	263048703.0	358398384.171875	250070627.75	236690786.921875	296547870.8125	263057682.8125	321257134.0	362621248.625	367686282.75	288813850.3125	293718280.125	307290819.5625	316922054.125	304044481.84375	307332257.9375	200801027.875	244825051.429688	314008083.03125	389257431.46875	343450205.75	337760368.375	349971727.625	352469237.71875
Q6QIX3	Probable proton-coupled zinc antiporter SLC30A3 OS=Rattus norvegicus OX=10116 GN=Slc30a3 PE=1 SV=1	238014735.0	103405122.375	137381489.3125	89725394.375	84095817.5	146115259.0	67542699.8125	82404094.625	82138528.875	138541552.0	202857665.0	181231151.0	120983478.75	157607695.375	202094339.5	170927888.5625	83623305.75	163642433.0	97479371.5	92490050.625	93271869.03125	168814298.1875	80683800.5	107174995.25	96087487.125	108456088.875	262285436.5	99910483.0	147908230.75	223310589.375
Q9ESW0	DNA damage-binding protein 1 OS=Rattus norvegicus OX=10116 GN=Ddb1 PE=1 SV=1	226498017.046875	171900877.140625	183824763.125	159503137.34375	200932524.546875	201215762.125	343227112.875	207491554.875	282521652.6875	212839036.4375	313302812.125	210760209.0	230493182.3125	259287795.875	217332102.0625	247301632.4375	321398684.9375	246348857.9375	211189569.25	240862417.625	300409436.75	286095389.125	230862095.3125	265351302.375	284981734.75	329898499.21875	253424872.125	335712497.6875	243095016.125	279850936.5625
P62744	AP-2 complex subunit sigma OS=Rattus norvegicus OX=10116 GN=Ap2s1 PE=1 SV=1	10150710.3476563	8985261.2734375	23428972.0	15081831.59375	30686895.0	10858843.515625	41711570.0	18244980.765625	65026529.0	45156042.0	17018534.0	24071232.25	44730228.0	50614333.5	16329063.0	52595112.0	47651518.0	40585150.625	33620121.0	26671826.75	38972441.5	55598067.0	33934717.0	23101664.59375	55599801.0	61007366.0	25079929.5	70596482.25	30764425.375	57559233.4609375
Q9Z270	Vesicle-associated membrane protein-associated protein A OS=Rattus norvegicus OX=10116 GN=Vapa PE=1 SV=3	379000451.5	244011033.0	261964481.25	220245334.25	112383275.875	437042267.25	85445821.375	306806444.375	159543680.875	105389846.875	236793281.5	274875268.375	101209568.75	199494235.875	280041615.125	175039953.125	189822613.0625	129853814.625	70540518.375	145005766.0	85295393.375	109108007.0625	68839780.96875	278917101.3125	117754667.75	132437783.6875	322378368.4375	135287197.5625	261946849.5	191720824.53125
Q6P799	Serine--tRNA ligase, cytoplasmic OS=Rattus norvegicus OX=10116 GN=Sars1 PE=1 SV=3	347833279.421875	328654112.90625	352053906.875	391610684.0625	320071018.1875	413596707.8125	266751301.0	372482298.625	377835089.25	317314741.4375	366718618.5	389504561.875	327893357.6875	351325763.875	396899513.5625	365054597.75	363268549.75	365949168.6875	369996662.4375	383225049.25	349207349.125	358357358.125	242599651.09375	411731455.0	349444952.375	464106799.625	488947512.8125	389305503.0	463763796.25	434197676.3125
P53812	Phosphatidylinositol transfer protein beta isoform OS=Rattus norvegicus OX=10116 GN=Pitpnb PE=1 SV=2	2592240314.0	3085308004.0	2220354294.125	2250162785.0	1403819391.875	2341053815.0	1456311736.75	2288580986.75	1382596683.0	1457052104.0	2661619247.625	2109824593.25	1548444324.375	1393225981.0	2214332559.375	1728167920.0	2585557652.125	1976880276.625	2102001694.5	1647422793.75	1947510654.25	1800609856.875	2159629991.0	2501751700.125	1915120145.5	1745118883.25	2878651191.5	2296139555.0	2292264709.0	1768082896.25
P27881	Hexokinase-2 OS=Rattus norvegicus OX=10116 GN=Hk2 PE=1 SV=1	1056144900.75	874036644.875	847150445.125	883444382.75	780522018.25	1044447961.0	636975534.25	857194691.375	897540723.5	857066110.875	885064284.0	883774591.5	745731635.25	1082051778.125	790621497.75	876540509.0	920306255.25	846175834.0	825629518.125	834387183.25	716928764.5	800833255.25	581019228.5	738845180.5	822188868.25	1079270493.0	1093387668.375	1012154302.0	1000454934.25	936338526.0
P20759	Ig gamma-1 chain C region OS=Rattus norvegicus OX=10116 PE=1 SV=1			1070168.625	1771258.375	1868434.5	2739888.0	9032082.0		5540882.5	1543116.25	3692867.0		1604857.125			2169398.0	5049018.5	3715442.75	2501242.75	2197829.0	6121853.5			1592680.875	6742000.0	5416805.0	3461710.5	3392720.0	1450652.625	2710900.0
Q6IFV4	Keratin, type I cytoskeletal 13 OS=Rattus norvegicus OX=10116 GN=Krt13 PE=3 SV=1	115253713.5	77954315.75	80267240.375	100261086.75	78060335.375	76741795.875	48638402.5	76130168.375	88592959.5	75199735.5	107957682.53125	100438079.0	79466451.75	105650587.5	95547406.0	96459259.75	70117044.375	87124944.25	96024828.5	63228472.75	79956875.5	78392380.75	69681026.25	67536484.4375	77195249.6875	116269967.5	110043425.0	66824316.375	89715808.0	69388987.5
P22831	Synaptoporin OS=Rattus norvegicus OX=10116 GN=Synpr PE=1 SV=2	11836562.5	13193444.5	12242725.75	13635668.5	18133407.5	20239003.6875	12449501.5	18483887.5	22163804.0	11877762.5	22160674.5	16820869.5	17778718.5	24381310.375	16883456.5	14403011.5	19197417.0	19573893.0	12527659.5	15168388.0	16227557.5	22368893.0	11040925.5	19429398.0	21194817.0	26189402.5	22432774.0	27649945.0	14609257.0	21537186.5
P52555	Endoplasmic reticulum resident protein 29 OS=Rattus norvegicus OX=10116 GN=Erp29 PE=1 SV=2	39261720.75	35025290.3125	36991260.9375	36434997.734375	44379031.25	29543858.75	83026110.5	55166789.75	82777392.0	44207170.0	59365810.0	47389333.0	49881036.375	58876927.5	45080143.0	82283608.5	80524374.5	51452958.5	70341066.0	16400493.375	71074495.0	73636080.5	53245180.0	57433477.0	79880673.5	66646315.5	53973371.0	76824381.75	53584380.5	64815858.0
P47861	Synaptotagmin-5 OS=Rattus norvegicus OX=10116 GN=Syt5 PE=1 SV=1	271507201.5	337341462.9375	244242702.0	336011295.171875	246172665.5	317210483.625	242848552.0	352355475.054688	290070719.625	216107432.6875	287854155.5	338470839.140625	239518424.0	262650477.1875	333108814.5	322039096.0	325912330.644531	300775082.828125	283093871.789063	271596048.65625	300252130.34375	324539379.046875	210229513.40625	346047802.03125	318537111.5625	380096946.5	405635706.3125	343890365.875	342703824.25	297700474.625
P28572	Sodium- and chloride-dependent glycine transporter 1 OS=Rattus norvegicus OX=10116 GN=Slc6a9 PE=1 SV=2	24176724.875	16118836.28125	19374255.75	20614550.1875	20741094.25	13532484.5625	22461138.90625	15478268.40625	19173805.0	5853365.625	14771041.375	22584612.8125	9296386.8515625	21378178.125		7332931.0	5582040.22265625	12849973.625	7327361.546875	15535034.125	12918098.0	16813512.4375	11499009.0	21971720.0	21439434.375	13312507.0	13292653.5	6859788.03125	17223522.25	16383658.25
P49621	Diacylglycerol kinase beta OS=Rattus norvegicus OX=10116 GN=Dgkb PE=1 SV=1	1729145729.54688	705988980.125	1440204756.8125	855175090.4375	790143346.65625	1067072746.5625	855297738.109375	811156335.4375	1010915771.5	921419324.625	1589485596.28125	1247418376.75	843207199.3125	1073732014.75	1050732095.0	1029606016.75	1313790723.67188	1046762492.625	816163877.5	588968779.3125	837394083.0	953257191.625	686925124.5625	906830795.375	797842542.625	1263394534.1875	1570733556.5	1093568683.34375	1241657202.34375	1174169895.125
Q9EPH8	Polyadenylate-binding protein 1 OS=Rattus norvegicus OX=10116 GN=Pabpc1 PE=1 SV=1	411197250.78125	342367689.257813	333058288.291504	382075610.4375	311073902.875977	327932772.25	301902782.84375	381095605.777344	434393874.824219	344525838.0	407635497.9375	412502605.9375	329025757.875	371565692.765625	404410335.5	363205308.75	429848394.125	367163539.507813	405076295.96875	433321000.125	438578069.203125	418894319.40625	281836368.46875	395876234.75	387890008.375	501007405.9375	447364011.748047	375893545.984375	427921193.125	398090754.375
P21533	Large ribosomal subunit protein eL6 OS=Rattus norvegicus OX=10116 GN=Rpl6 PE=1 SV=5	554726923.8125	486991792.296875	539623200.28125	661496340.246094	720650909.617188	568198119.292969	981027391.492188	597069543.0625	887051680.728516	778424671.875	939758004.611328	637257657.726563	801443312.140625	742937755.125	956883714.34375	877634493.292969	1268539442.5	823063215.679688	674391887.421875	779495401.6875	885524974.453125	1023584431.30078	790401546.988281	796491703.046875	776184068.40625	1074999833.87109	721594716.390625	1051724659.34375	735885817.84375	933098615.0
Q4KLH4	Paraspeckle component 1 OS=Rattus norvegicus OX=10116 GN=Pspc1 PE=1 SV=1	613720289.796875	396296256.453125	443137382.5	427296658.875	320462548.625	400692189.0	438996149.125	385024362.25	335085748.375	464697537.0	563803316.195313	424830463.0	360804408.9375	439327194.0	463369831.5	484238242.5	488534899.875	423287718.875	311234359.625	268230501.375	437745275.75	494319148.75	486889026.0	433978502.5	325647785.875	585063576.25	554572599.875	442518970.03125	458839221.75	511277335.75
P20717	Protein-arginine deiminase type-2 OS=Rattus norvegicus OX=10116 GN=Padi2 PE=1 SV=1	341714115.6875	277848244.0	270486257.226563	369134403.015625	353996225.5	400271625.875	444756521.1875	330307317.0	439425380.25	391132528.75	428641573.5	362022010.25	336119768.25	341903593.0	501117238.0	430011003.625	451337092.75	376886117.5625	359455020.25	252378247.75	361891137.0	367635890.0	267046585.796875	433905845.75	415638797.875	447481486.25	362834836.0	356601803.03125	329227637.875	436400811.75
P00406	Cytochrome c oxidase subunit 2 OS=Rattus norvegicus OX=10116 GN=Mt-co2 PE=1 SV=3	40287155.203125	30793425.234375	29845879.625	38418322.5	35440339.0	40724462.7109375	46067220.0	41121997.875	44897026.0	49260971.5	27028165.0	37797295.0	35234549.0	49543048.0	52549452.5	54046145.5	33550250.703125	41302129.0	46920677.3125	22438204.1210938	41519200.453125	41235605.0234375	36780279.5	64141617.875	53252210.0	50236486.0	48133744.5	36569203.65625	36926932.0	61590858.5
Q62703	Reticulocalbin-2 OS=Rattus norvegicus OX=10116 GN=Rcn2 PE=1 SV=2	15487077.5	45006304.0	24735572.2265625	52988080.75	36452972.25	5756549.375	11350637.1875	40270388.875	29200622.0	20816323.5	3358303.0625	44288448.625	10583659.625	16672310.875	18352781.5	8283973.375	28515997.125	21286904.75	8253364.5	13232601.0	30672481.75	11791392.25	7542239.6875	11501952.75	14257978.625	29997504.875	46860247.5	14417110.375	36133604.5	34864523.0
P61150	Fibroblast growth factor 12 OS=Rattus norvegicus OX=10116 GN=Fgf12 PE=1 SV=1	373140308.25	299548795.0	300953385.851563	285427111.375	213012836.25	302567766.390625	161830038.5625	244684433.0	209322680.5	168627539.125	289287723.375	259237905.125	177179486.25	213358021.75	312242017.25	164325484.875	223878224.625	210730221.75	215330721.5	264656160.9375	257034013.25	223564413.625	164507115.875	354215865.75	198340252.0	251181235.0	319463433.875	163208581.125	321441052.0	171844358.75
P04218	OX-2 membrane glycoprotein OS=Rattus norvegicus OX=10116 GN=Cd200 PE=2 SV=1	187128834.0	123395804.25	302055997.5	244927231.75	307394846.0	381681161.75	341475254.75	370070991.46875	414803489.5	286394348.5	668256332.75	383121649.5	299241718.75	94781007.75	411261975.5	345127085.5	442390870.5	341036310.5	292340512.25	206008659.5	297731366.625	331651629.875	248335308.0	344050591.0	347670004.375	93384025.5	430334648.0	469856019.0	337211767.0	410774279.0
P29418	ATP synthase subunit epsilon, mitochondrial OS=Rattus norvegicus OX=10116 GN=Atp5f1e PE=1 SV=2	878720706.9375	744629025.625	784495818.97168	754938315.0	667262117.125	906360830.0	577186422.625	773709339.5	798775088.75	768275592.5	833241120.8125	815193892.25	661033040.875	991681891.75	705393401.75	738111736.75	834134852.25	742694687.0	750176201.324219	695686369.4375	620709854.5	718057256.75	487946184.980469	622856044.0	714292174.0	946375448.523438	993081507.25	911369501.0	849476760.5	823666785.25
Q4KLF8	Actin-related protein 2/3 complex subunit 5 OS=Rattus norvegicus OX=10116 GN=Arpc5 PE=1 SV=3	3808880.5625	8658239.5	11015921.6875	7649812.25	13542608.125	9223250.25	17691371.546875	5027813.25	16228169.0	16297330.5	12366886.75	5319796.0	16458276.3125	25394391.0	12295258.25	25346570.0	24630065.0	11804282.75	11123903.5	17982817.25	26648211.0	9923268.0	26818347.0	5519192.75	15745224.0	13499845.5	11421762.875	18342907.0	6708461.3125	21185050.5
O88778	Protein bassoon OS=Rattus norvegicus OX=10116 GN=Bsn PE=1 SV=3	1405067295.5	1156999743.42188	1202804375.625	1286761280.21875	965917770.3125	912327763.0	1385920202.71875	1262045710.83594	1204211961.59375	1226763779.375	1036510651.92188	1174652813.5625	1027509796.65625	1112014022.625	1537232525.5625	1298314144.9375	1393332536.34375	1223927584.125	1294557390.99219	1090500667.25	1342230106.875	1170981991.125	1046365434.3125	1392804196.50781	1081062812.8125	1452005571.71875	1468939282.59375	1170906011.34375	1354881030.875	1285354892.0
P01835	Ig kappa chain C region, B allele OS=Rattus norvegicus OX=10116 PE=1 SV=1	19205541.875	3920574.5	13430532.53125	8997082.0	7200027.0	4786940.5	7098179.0	6275413.3125	8150122.25	12028541.0	14144931.5	6686015.625	9035734.0	6604972.25	19739945.0	14572993.75	12275186.875	11213930.0	6078910.5	9786720.5	3803025.0	12744067.5	6631996.875	7299927.125	7103798.0	8812959.0	7550390.75	4886603.5	8581566.125	7282492.5
P19132	Ferritin heavy chain OS=Rattus norvegicus OX=10116 GN=Fth1 PE=1 SV=3	218028611.5	140952019.875	153908445.3125	142813653.625	127755465.0	138973187.125	165265776.15625	128345574.25	149197718.5	109620003.625	135174809.75	135740872.25	132746831.625	149510558.125	169334810.5	162067862.875	137544560.5	140619733.5	147584494.0	58233073.625	162843600.5	128663906.5	105725658.0	181730182.09375	127777830.0	189117292.5	160239408.25	146044244.0	185070949.75	151284345.5
Q62847	Gamma-adducin OS=Rattus norvegicus OX=10116 GN=Add3 PE=1 SV=3	114083796.75	83758759.296875	99954896.03125	102704252.25	96128493.6875	87667074.375	119913591.9375	94936556.828125	136706934.125	96901276.25	96620090.6875	96123723.0	108534086.90625	116877148.375	116383420.140625	128549292.25	161653463.671875	143823657.234375	132822121.828125	117296196.84375	167526967.5	127431498.625	148332420.875	127756885.75	167439582.015625	156135851.0	140122731.125	164930928.828125	116457083.5	140310974.625
P34064	Proteasome subunit alpha type-5 OS=Rattus norvegicus OX=10116 GN=Psma5 PE=1 SV=1	156208274.0	54210442.4140625	50936147.7109375	257936459.0625	52998145.0625	38397275.375	78816283.25	40013711.15625	87608119.375	191131061.8125	53098353.75	47010210.96875	251492676.0625	264331107.375	356342146.0	71651420.75	234487138.375	58006915.625	60915270.875	173998391.375	325469497.5	163808555.25	299034018.75	240325309.25	218145215.0625	326340182.9375	189208574.125	477866736.0	64173498.4375	298666239.5625
Q6IG12	Keratin, type II cytoskeletal 7 OS=Rattus norvegicus OX=10116 GN=Krt7 PE=3 SV=1	642676741.1875	258903386.375	411623625.445313	396552074.625	465987596.398438	265635346.125	335461448.5	271726091.75	425323345.875	365692983.9375	422294271.875	408407914.0	450165756.125	536767470.0	410051783.75	505496680.5	558381266.75	554883302.0625	381166997.0	297185500.875	518530487.75	575427123.25	469332486.6875	432399647.0	453422098.375	745485917.0	499394524.625	482199528.125	486745698.25	765921064.0
P62703	Small ribosomal subunit protein eS4 OS=Rattus norvegicus OX=10116 GN=Rps4x PE=1 SV=2	95316256.5	103166460.0625	97506035.0	92590933.59375	102540484.75	108552556.75	126000628.75	134093443.25	142443126.5	117610931.375	175059871.875	148870536.0	113635299.75	131626806.0	105161834.25	150074979.5	201568091.75	122953873.375	87595100.5	111999244.3125	143316893.0	133949524.5	121804587.625	151655861.25	149864950.8125	171926350.5	163915777.125	160357024.5	121884502.25	162544780.0
Q63421	Dual specificity calcium/calmodulin-dependent 3',5'-cyclic nucleotide phosphodiesterase 1C OS=Rattus norvegicus OX=10116 GN=Pde1c PE=1 SV=1	939204790.382813	520617740.375	828455469.203125	640063642.5	804825866.53125	605763037.960938	680739574.796875	536483508.125	901880295.875	745431322.5	880435425.96875	715198693.414063	779714452.875	998430713.75	668679377.125	888632358.6875	1022715770.40625	854837671.046875	662208042.75	551308351.875	791706276.125	894975313.625	653546365.15625	671988668.5625	744620054.0	1115695360.0	897328481.875	899606361.203125	816988798.0	1071858113.9375
Q10758	Keratin, type II cytoskeletal 8 OS=Rattus norvegicus OX=10116 GN=Krt8 PE=1 SV=3	681536077.78125	717740814.9375	706181939.1875	611177398.125	469599879.6875	697465053.617188	427160819.25	623403614.703125	484431765.46875	569731060.375	687037418.84375	641008423.078125	495764192.484375	542503142.3125	661632470.015625	493432947.375	691165264.8125	651193311.306641	642048629.03125	619294928.4375	533891313.5625	405233390.75	569110215.5	724408939.125	485434594.90625	486788041.484375	785940815.273438	676447879.296875	699910383.601563	435575213.140625
Q66HR2	Microtubule-associated protein RP/EB family member 1 OS=Rattus norvegicus OX=10116 GN=Mapre1 PE=1 SV=3	218869215.5	96543576.5	127850406.5	114632167.625	89038433.5	108959567.0	58853384.0	75427757.5	88554352.0	72769614.0	110787312.5	103245129.5	68188593.5	91623931.0	102330692.5	92321544.0	88360917.0	88831316.0	78740166.5	56577881.0	76306929.5	72513859.5	50185274.25	73621613.0	60514158.5	97331840.0	116010686.5	64666620.0	95325274.0	86429096.5
P61314	Large ribosomal subunit protein eL15 OS=Rattus norvegicus OX=10116 GN=Rpl15 PE=1 SV=2	430208654.6875	371572765.75	350339710.75	456988004.875	529327998.875	399652421.0	599600386.0	375126404.25	627802175.25	546780196.3125	414269634.6875	449062359.6875	507821727.3125	563184635.625	538735138.125	623276297.375	649136529.75	494860573.1875	502348358.46875	427933588.625	546701972.625	646161733.4375	446411821.9375	527861162.5	537951978.875	787134943.75	453269109.25	606240227.9375	514244451.0	617283978.625
P56536	Kinesin heavy chain isoform 5C OS=Rattus norvegicus OX=10116 GN=Kif5c PE=1 SV=3	1255135170.375	1100824327.17188	865385576.5625	947628771.21875	755669342.25	582657660.265625	924148969.03125	656236336.46875	753061889.125	822150114.0	1130004215.17188	805885280.625	909565349.226563	884624537.5625	1122770315.03125	1170518713.1875	1004757500.46875	1171416858.17188	744894534.25	597491537.0	1375438646.59375	1218137236.9375	1130634281.3125	1275673661.5625	869980873.875	1499763292.75391	1338853130.375	798507511.4375	1159243963.3125	1178298253.0625
Q66HL2	Src substrate cortactin OS=Rattus norvegicus OX=10116 GN=Cttn PE=1 SV=1	869637146.921875	662619483.617188	797936747.210938	703202027.4375	539576972.240234	606756952.234375	637776459.53125	591441728.53125	619176221.1875	686532493.953125	739947918.875	720507744.40625	644729892.9375	602435924.519531	924774213.640625	770996019.5625	726900673.5	711995533.125	727121459.1875	617760149.75	763047696.625	678990808.21875	674497809.320313	833916227.945313	670949912.59375	901731312.125	851563741.625	716848831.125	854507735.75	778585210.083984
Q5XI22	Acetyl-CoA acetyltransferase, cytosolic OS=Rattus norvegicus OX=10116 GN=Acat2 PE=1 SV=1	65146832.75	64210062.25	47258140.5625	105931846.25	139443864.0	65682818.0	55313962.0	54696037.75	132385828.375	107014563.125	57072462.3125	51524951.0	66155861.625	99605921.375	114446096.75	82196124.0	59600496.375	74628756.5	76983990.5	105691577.25	163274562.25	67390362.5	62006614.625	71743089.75	72117942.0	91828078.625	72207045.25	54458357.375	62298745.875	93170159.375
Q6AY30	Saccharopine dehydrogenase-like oxidoreductase OS=Rattus norvegicus OX=10116 GN=Sccpdh PE=1 SV=1	181856133.5	289400620.5	260781710.5	234677591.5	127724583.75	243121367.5	163334885.125	226084911.75	148643265.5	145651387.25	244572273.75	194755343.5	119293468.75	179417924.5	134105335.0	114101872.0	243385211.5	186340583.0	193760462.0	119629745.4375	176720721.375	116535293.625	179257713.03125	228088560.0	177146030.0	143877531.625	259624376.75	221471355.5	226114153.5	127872805.75
P24268	Cathepsin D OS=Rattus norvegicus OX=10116 GN=Ctsd PE=1 SV=1	79345693.25	55848779.4375	70592643.5	88969602.75	60243233.5625	44941768.5	40910100.75	30150993.6875	52806822.875	35926571.75	39762311.625	47275571.0	64597767.5625	79058846.0625	47914892.25	51777467.5625	43960822.25	42926572.40625	47491935.5625	34083813.53125	64532279.0	40160038.3125	41075211.90625	74577076.28125	39640626.25	61042654.8125	43898945.875	56074135.0	56794695.75	68071278.75
Q52KK3	Mitochondrial nicotinamide adenine dinucleotide transporter SLC25A51 OS=Rattus norvegicus OX=10116 GN=Slc25a51 PE=2 SV=1	82452516.03125	71374625.09375	59248645.0	70107429.625	42382104.34375	104217189.6875	72502489.0625	127569900.1875	70320692.75	93631540.75	90958136.625	110080318.125	63686851.25	95699316.25	102793197.0625	87507430.625	81721700.375	76762900.0	76622213.625	87687062.5	89715004.5	89165534.5	78037531.125	139906441.8125	95652409.25	87134012.5	169238478.625	75134705.4375	91368711.4375	108363567.25
A0JPJ7	Obg-like ATPase 1 OS=Rattus norvegicus OX=10116 GN=Ola1 PE=2 SV=1	237978819.125	174619498.875	143191644.59375	186115137.75	131629934.46875	171690895.625	229899102.3125	199806579.25	159726807.25	250613740.25	349449452.65625	204724714.25	178997210.25	165160417.0	357842879.078125	236950212.5	247855457.625	203632649.75	189086329.0	176671912.375	233401567.453125	203076605.5	194150983.257813	347031353.25	135724471.75	213503111.094727	339291012.75	196709725.3125	279952349.882813	283447729.0
P35465	Serine/threonine-protein kinase PAK 1 OS=Rattus norvegicus OX=10116 GN=Pak1 PE=1 SV=3	55924936.6875	52692563.125	48442664.5	94109156.3125	112193062.875	73337933.1875	82028231.375	68549463.625	117675075.75	84476254.5	70544830.625	82462703.0	94304404.75	110854364.625	75931975.875	99613353.0	99777440.75	119048960.625	78315320.125	129261206.25	97486260.0	91292436.625	83930164.375	65011125.75	110367340.25	129386534.75	60922697.75	118620105.625	75384913.5	130088212.5
P97576	GrpE protein homolog 1, mitochondrial OS=Rattus norvegicus OX=10116 GN=Grpel1 PE=1 SV=2	54872518.09375	46217594.5	56126422.0625	45569407.0	36653891.9375	52909671.796875	96549090.0	79732614.078125	93453710.0	71837952.90625	74664606.46875	62953661.578125	68965670.8125	64953508.1875	108907101.0	108782883.0	113299007.125	83079975.0	68282429.5	82964387.953125	84502238.1875	83671474.625	57694495.375	82523606.90625	94324232.75	111729156.0	67661422.5	101119129.0	54433740.46875	114635174.25
B2RZ37	Receptor expression-enhancing protein 5 OS=Rattus norvegicus OX=10116 GN=Reep5 PE=1 SV=1	393791773.25	388165806.25	515044490.4375	392927462.75	242474075.75	127559525.1875	388866076.0	197396711.0	247670346.125	362071192.75	311769280.75	232349483.5	243622714.25	209347654.125	545315887.25	348739187.5	281969861.5	322881162.25	300150191.5	172609239.25	481041111.5	326103872.0	381370451.0	427769287.25	259182762.1875	420595133.5	460902885.75	321554200.75	649061667.125	395059332.625
P25093	Fumarylacetoacetase OS=Rattus norvegicus OX=10116 GN=Fah PE=1 SV=1	49736491.5	32918238.953125	56818848.5625	58947653.75	50193267.65625	37372503.875	30529679.75	33563973.25	49052169.25	50401163.5	33511872.5	53789527.375	40017813.0	53400448.375	37837549.75	63361164.875	50656973.0	61901854.0	41281073.0	34186095.75	47671345.0	50985704.25	35945054.5	32118851.75	42774567.5	72659357.25	54509979.375	37028980.0	54008886.75	53970271.125
Q3KRE0	ATPase family AAA domain-containing protein 3A OS=Rattus norvegicus OX=10116 GN=Atad3a PE=1 SV=1	1589194762.125	1395265809.96094	1276055768.29688	1285216025.6875	895928933.929688	1397261547.02344	2233508222.65625	1551096726.95313	1180949167.875	1762657923.5	3624440683.4375	1543290947.6875	1325676034.40625	1204458418.75	2654860696.78125	1878158478.875	2085672498.25977	1595568615.0	1313364289.3125	1114297325.34375	2187517436.04297	1806042933.09375	2153591736.6875	2583182598.57813	1385400523.34375	1766943044.46875	2588769843.25	1899159318.76953	2152523054.61914	1848048770.07129
P56571	ES1 protein homolog, mitochondrial OS=Rattus norvegicus OX=10116 PE=1 SV=2	42553450.125	62629130.5	35458298.734375	63301609.3125	28427451.875	115056299.942383	47320563.5	119782142.8125	42624079.1015625	50939339.0	105734634.75	118064806.21875	38833238.875	56829976.5429688	134525400.5	60198040.125	51970621.25	75497050.25	46306198.4375	37923210.65625	43186441.0703125	43440508.28125	37989172.5	131872368.25	59906025.25	48236878.25	174048954.25	64981221.5195313	88745048.875	67187870.75
Q2PQA9	Kinesin-1 heavy chain OS=Rattus norvegicus OX=10116 GN=Kif5b PE=1 SV=1	1238507817.4375	929649596.8125	1100105392.78125	1037899881.4375	940983724.375	775261141.9375	933238142.875	765074125.9375	934841316.125	933729513.375	1016522919.5	910329370.9375	894576563.1875	935670323.5625	1214546910.40625	1089530219.75	1042640440.0	967036601.0	913510972.34375	771797820.125	1136679323.875	1035360040.375	858375837.15625	1101460002.0	894967178.625	1317190359.625	1246929264.0625	998098153.625	1380239566.75	1191057809.125
Q6J4I0	Protein phosphatase 1 regulatory subunit 1B OS=Rattus norvegicus OX=10116 GN=Ppp1r1b PE=1 SV=1	28701730.0	27678882.0	36925433.5	40464057.75	49093019.5	39011784.0	33892330.0	28197024.125	44347274.75	33240641.0	25331802.125	34656106.75	26722591.0	37819852.0	37854021.5	48092627.5	26531000.75	42765442.5	38168291.0	56528163.0	56768365.5	34912448.5	33592787.0	53539435.5	52491044.0	46533421.5	29398804.0	46298632.0	42300132.0	39073668.0
Q6IG00	Keratin, type II cytoskeletal 4 OS=Rattus norvegicus OX=10116 GN=Krt4 PE=3 SV=1	547806339.25	424132901.5	480997836.25	460917500.546875	297788659.5625	362065781.0	321842216.625	449294477.625	353814065.0	242739089.875	524617628.4375	523275634.5	337443656.0	326118576.0	354915087.0	413393499.125	391503972.046875	420772815.1875	252593402.125	377928116.125	480168599.75	357525799.25	323119746.875	479869570.875	386296111.53125	412083788.5	586896283.125	382096370.875	529826285.0	444532809.0
Q9WV63	Kinesin-like protein KIF2A OS=Rattus norvegicus OX=10116 GN=Kif2a PE=1 SV=2	379635768.875	333353565.625	482256032.8125	380038097.96875	255494512.125	240643898.625	310828342.125	220531330.375	341288470.75	287772273.0	311220968.625	356777468.78125	220445307.0	233914324.1875	397935201.125	334115109.875	340479073.546875	226864103.25	306142186.25	249370473.890625	249885138.992188	265001109.390625	212532073.75	433147456.25	262518846.828125	433174780.4375	529309256.4375	414836824.375	420694829.0625	351407284.1875
P62856	Small ribosomal subunit protein eS26 OS=Rattus norvegicus OX=10116 GN=Rps26 PE=3 SV=3	33885640.75	65354232.375	31051743.25	30731693.25	17502200.5625	33968426.0	16003510.125	41731468.125	12010998.0	15385146.0	29766472.375	39444066.0	21081179.9375	24697631.0625	22893057.0	35248046.25	20765308.75	33526717.75	22621958.75	38774960.25	48495758.75	25364981.625	19446894.890625	39994024.75	27207314.4375	32875277.5	55899260.0	18431957.875	43986476.75	30817573.75
Q63210	Guanine nucleotide-binding protein subunit alpha-12 OS=Rattus norvegicus OX=10116 GN=Gna12 PE=1 SV=3	244271134.4375	211879840.59375	199331139.8125	211890390.25	162801336.5	260965435.25	90741078.09375	234718911.5625	238172549.375	187443967.4375	236451618.3125	264491606.375	175392731.03125	242362152.375	178448350.375	244267051.375	142644336.46875	260059343.375	240214109.25	257216866.75	194831226.25	287074452.96875	103884634.125	239701875.5625	222458770.40625	299336546.875	285114795.5	192435651.875	266336479.375	270850782.0
Q9QZR6	Septin-9 OS=Rattus norvegicus OX=10116 GN=Septin9 PE=1 SV=1	974224454.4375	742776080.65625	903901028.375	939238090.5	777695621.707031	903989092.875	863882086.375	844992578.828125	1012794262.4375	788356714.625	1088249586.9375	956452764.5	900938306.0	1032472792.3125	890065844.5	1006400507.75	1078345531.875	1039367004.0625	844970443.0	804961199.6875	1040730791.8125	1087747397.25	727901910.625	1047402891.625	958319306.75	1226084112.5	1145288921.0	1188903623.75	1171858680.0625	1259462386.4375
P0DN35	NADH dehydrogenase [ubiquinone] 1 beta subcomplex subunit 1 OS=Rattus norvegicus OX=10116 GN=Ndufb1 PE=3 SV=1	55685756.125	40748369.6875	43601889.578125	47850127.5	48233652.3125	46778570.25	47423535.25	52347678.0	61105411.0	48390691.625	59528524.0	63927601.875	60778070.875	83348844.375	55006132.75	69524562.25	72575093.875	65011364.375	14281564.5625	37921065.875	46689426.625	69213433.0	54248905.875	46769667.875	68122170.75	77128507.25	70125384.25	67592121.0	57715846.0	87215792.5
Q9R1N3	Sodium bicarbonate cotransporter 3 OS=Rattus norvegicus OX=10116 GN=Slc4a7 PE=1 SV=1	443137734.9375	337347459.53125	424338226.40625	339441453.15625	295720494.625	366746749.71875	354503884.3125	407384325.96875	381289739.65625	304780489.5	473466762.46875	413118767.40625	283591634.8125	408048031.25	444217900.5	422646259.125	475463730.3125	379809243.375	345260474.742188	346444409.0	392772246.65625	421354403.75	259656278.4375	492179630.75	322921131.75	482029611.5625	488818181.5	432936382.265625	480777431.375	421071414.375
P62870	Elongin-B OS=Rattus norvegicus OX=10116 GN=Elob PE=1 SV=1	3313983.625	3323610.359375	2070172.046875	4297758.0	4343976.5	6137575.125	12364438.5	3190007.46875	4735368.5	8137273.625	5495739.5	4481982.25	7202576.25	10029884.0	7907691.0	5338587.75	7206167.0	5781006.25	6510843.625	8248654.25	5920053.0	8066635.25	2700982.875	4688758.5	8937282.375	7003808.0	5671404.1875	10817756.0	2117484.5	7308612.75
B2GUZ5	F-actin-capping protein subunit alpha-1 OS=Rattus norvegicus OX=10116 GN=Capza1 PE=1 SV=1	43648368.625	46162898.5	26980037.25	44640585.25	36797988.625	1362536.875	10771032.125	66123374.75	38531983.75	5900953.875	8584955.25	63381437.75	37795567.5	84209073.75	3346023.875	49065490.125	21013068.25	48594409.0	6380600.375	52451990.25	50682554.0	50524422.0	37581276.125	63024130.5	55502566.25	53316777.5	69397663.5625	25560623.75	62754385.0	58239744.75
P08050	Gap junction alpha-1 protein OS=Rattus norvegicus OX=10116 GN=Gja1 PE=1 SV=2	164802322.273438	85339667.4453125	124880551.875	246966482.5	170124500.3125	107554359.5	371214058.625	93675468.8125	213662691.84375	141572829.453125	179129783.5	121501291.296875	197000757.84375	248589713.75	152861153.5625	395574341.3125	259232204.96875	215316380.265625	256308933.617188	165462259.0	406566943.5	208213937.828125	286050489.0	184648555.4375	214393119.8125	363481826.625	154872410.0	289262712.0	168719562.1875	388633418.875
Q9Z1Z3	Epsin-2 OS=Rattus norvegicus OX=10116 GN=Epn2 PE=1 SV=1	1000219408.0	470026925.5625	904012980.875	532897952.5	384082638.625	519157602.75	262915210.0	378610787.25	387717543.5	358475580.75	491441640.875	511641845.875	304469330.875	376625136.25	560021495.75	420369583.5	425067637.0	430957265.0	384581142.5	244323647.59375	372780589.75	412120610.25	255881974.125	402702714.25	275898128.0	477699806.625	587810775.0	315492794.75	495089356.75	426491134.0625
P62755	Small ribosomal subunit protein eS6 OS=Rattus norvegicus OX=10116 GN=Rps6 PE=1 SV=1	306947681.8125	287131438.5	346236027.625	335779118.25	141756458.25	318807167.0	243019024.3125	278592250.25	219797097.125	117939452.75	289456673.25	295943779.75	156135934.5	170769489.25	361080820.5	195452723.0	255126186.25	203840070.25	136442003.0	165924534.375	262109371.1875	158528244.25	164008692.25	423755797.5	160856992.75	230470544.5	526611720.25	217381568.75	360470940.5	233146477.5
Q6Q7Y5	Guanine nucleotide-binding protein subunit alpha-13 OS=Rattus norvegicus OX=10116 GN=Gna13 PE=1 SV=1	89553146.125	92857488.625	90752596.625	92725911.625	76365131.125	105565980.25	60794759.625	101757922.875	91911719.0	79897998.125	76695512.0	113481819.25	77483090.0625	91078833.9375	110143747.5	98715113.0	101239852.625	133966486.0	89526623.25	54214235.4375	114196921.625	71257148.875	68909865.9375	150581635.0	101209293.375	119944229.75	150307296.25	75731005.125	122855346.5	117437111.75
P19492	Glutamate receptor 3 OS=Rattus norvegicus OX=10116 GN=Gria3 PE=1 SV=1	194091452.390625	193958839.40625	167916434.162109	199763977.625	142489700.189453	235249794.1875	131916842.828125	216163769.3125	170824426.9375	159543667.0625	194710278.34375	219737676.5	140224270.375	174229786.4375	210065049.75	142879442.4375	145520245.6875	183861969.21875	227322023.0	164275028.835938	119062237.242188	147068566.5	132890061.328125	212629614.875	138166715.34375	165769768.421875	262241113.953125	152836777.53125	200470944.625	139717528.28125
P51583	Bifunctional phosphoribosylaminoimidazole carboxylase/phosphoribosylaminoimidazole succinocarboxamide synthetase OS=Rattus norvegicus OX=10116 GN=Paics PE=1 SV=3	242999750.0	171055296.0	197106905.5	225848108.890625	216772293.953125	179938864.09375	217305504.5	174148910.75	245440350.25	218967407.125	218668607.5	221919757.75	259647915.25	270226002.0	272520016.25	277314595.0	313718559.5	278566378.25	203417199.5	194150305.1875	294442238.5	275057198.5	205087806.875	251499748.75	255616377.75	341664843.5	246685861.875	256947509.375	224358157.25	304146432.25
Q7TMA5	Apolipoprotein B-100 OS=Rattus norvegicus OX=10116 GN=Apob PE=1 SV=1	4407567260.07813	2622263570.76563	3647889721.63281	3025994986.64844	2358191274.52148	2536209881.42188	2252276737.17969	2474144649.25	2531228198.84375	2352285939.0	3679166474.25	3255806239.625	2447491123.28125	2506324918.63281	3630829759.9375	3180613174.42188	3407210403.21875	3082710234.625	2563061669.0625	2126688758.11328	3257239480.35547	2917081256.59375	2498795659.125	3754495530.90625	2004731590.41797	3982248327.375	4502695768.5625	2830651738.28125	3727635269.125	3464591373.70313
P63326	Small ribosomal subunit protein eS10 OS=Rattus norvegicus OX=10116 GN=Rps10 PE=1 SV=1	270726638.0	221911093.75	219083349.5	207675781.625	168111974.09375	274749388.5	348655479.15625	193276037.625	310927427.5625	254382160.25	290329087.0	246648356.125	235742971.3125	211587453.5	258778913.0	248870148.5	316895971.0	353003880.75	235164853.875	195147047.875	324538127.625	362261744.1875	372373970.5	292509619.25	236838525.859375	439144703.789063	302399284.0625	381039482.3125	276018951.0	243859757.8125
P50878	Large ribosomal subunit protein uL4 OS=Rattus norvegicus OX=10116 GN=Rpl4 PE=1 SV=3	544137358.9375	553254073.53125	507024334.875	603212934.625	497061782.90625	653345125.8125	489823597.0	532981201.3125	553483784.75	480870606.4375	587113217.375	553894330.0	455394293.8125	533099411.125	583479442.75	593990049.625	589517954.375	634829349.8125	507301173.375	587699780.0625	600514137.25	625292763.6875	444840200.875	657601824.875	483970734.25	750233906.375	698070729.25	591313402.9375	628666118.0	588049980.625
P53678	AP-3 complex subunit mu-2 OS=Rattus norvegicus OX=10116 GN=Ap3m2 PE=2 SV=1	83607265.5	60945918.1875	72944574.21875	57489882.0	77397377.5	76028148.0	68794935.75	52387807.9375	79455343.0	62493625.5	50442913.3125	58145023.46875	63561260.75	81639283.875	63072568.75	71716047.5	60077750.6875	65162681.0	84300443.5	57130953.375	72332198.0	58671150.875	47599751.625	72553094.5	70537678.25	81366740.75	65864075.75	71076970.25	76852060.625	76245653.875
P29348	Guanine nucleotide-binding protein G(t) subunit alpha-3 OS=Rattus norvegicus OX=10116 GN=Gnat3 PE=1 SV=3	37217527.75	37012204.25	34057543.75	31990843.0664063	20309133.5	42314995.4560547	17763135.265625	29364222.1337891	19469102.7646484	17252239.6386719	32870359.125	29424959.0	14225354.8125	14342480.5	24446516.875	21151644.875	20273840.625	19442754.140625	25680592.2207031	24351807.4375	15404260.25	16840327.296875	18061433.7617188	18386389.4765625	15184296.84375	23424130.1894531	39472009.4355469	29613843.4375	30531001.375	21797774.9375
P06866	Haptoglobin OS=Rattus norvegicus OX=10116 GN=Hp PE=1 SV=3	105316939.75	118304173.25	73401695.875	113085852.8125	102691090.625	142063909.75	88006760.75	114238333.375	112940195.625	104825590.5	127802610.375	103711417.0	95824088.625	111048331.25	91844321.75	106479059.75	108639611.5	96712097.25	95418912.5	88305620.5625	87592417.5	111483349.5	82297521.75	90938026.5	107018696.375	104339588.75	101638661.0	98466295.6875	82830671.625	94924236.5
Q3ZB98	Breast carcinoma-amplified sequence 1 homolog OS=Rattus norvegicus OX=10116 GN=Bcas1 PE=1 SV=3	404018725.125	339472303.6875	427769316.921875	398499016.960938	371434339.75	460927252.164063	270361827.203125	400854758.5	425798056.75	295075995.875	320417575.5	431933406.625	360837273.429688	374467360.882813	434845164.5	457019600.5	414538914.625	417172438.625	397917371.019531	345162452.625	464491419.984375	350410708.75	286503850.875	447421829.0	410783987.375	539806794.5	549607325.25	402555351.125	542911748.734375	483409573.5
P02454	Collagen alpha-1(I) chain OS=Rattus norvegicus OX=10116 GN=Col1a1 PE=1 SV=5	1362281613.5	909684931.75	1040734600.25	1129076523.3125	1250070530.67188	821996178.984375	1170849116.0	878978143.75	1359551559.46875	1168288422.375	1216935469.125	1090743276.125	1127494108.4375	1508445869.1875	1056642183.3125	1409083107.25	1420154647.9375	1425851594.5	1140066391.875	1078992868.4375	1507189384.25	1449484475.375	1226349295.4375	1093458826.75	1323221216.0	1769957365.875	1270993254.25	1408570145.625	1175021831.03125	1678834161.125
Q6P7S1	Acid ceramidase OS=Rattus norvegicus OX=10116 GN=Asah1 PE=1 SV=1	2678552777.9375	2280332668.5625	3239946179.6875	2148540806.875	1789251589.0	1361884312.51563	4536937600.875	1820194088.25	1844325170.875	3075113959.875	4528347767.84375	2045937101.375	2267916676.375	1892852302.25	5110599281.875	3463411506.4375	4043831147.32813	2918661179.25	2301382835.25	1311829100.1875	4424525190.375	3661905848.0	4369536100.375	4646788362.5	1922326916.375	4531393084.5	4697033621.4375	3604873295.1875	4454339487.625	3444074559.625
P05426	Large ribosomal subunit protein uL30 OS=Rattus norvegicus OX=10116 GN=Rpl7 PE=1 SV=2	143394871.625	140566639.75	127166409.75	128894570.765625	119511020.125	98292612.875	161312087.6875	93953214.625	142080665.3125	126581080.5625	190803309.34375	137242209.5	136013899.125	143165716.34375	141658172.0	144287228.5625	177596147.375	148651266.0	128327289.75	160727069.0625	185119185.5	134232828.3125	136841365.234375	203493942.625	151816627.8125	195962784.0	184058513.1875	207326189.46875	179192313.21875	170846336.25
P13601	Aldehyde dehydrogenase, cytosolic 1 OS=Rattus norvegicus OX=10116 GN=Aldh1a7 PE=1 SV=2	167829002.875	157646271.46875	190121991.4375	135065013.875	80734017.25	76097542.0625	144628951.0	86171693.875	73135406.0	89401478.375	171931524.5	105595224.3125	90307134.25	73964411.25	223552928.625	133518177.75	128075079.0	117379195.75	102154505.875	69982289.375	183302400.875	128544306.625	157216905.75	223441900.75	84879432.75	179371627.25	222579719.8125	124286704.875	219861104.0625	132853043.25
P62859	Small ribosomal subunit protein eS28 OS=Rattus norvegicus OX=10116 GN=Rps28 PE=1 SV=1	69375698.75	34315572.46875	79378121.15625	34140649.75	34503267.0	43275193.0	53958109.21875	29621081.28125	32461298.65625	27211789.9375	33091797.5	42819358.5	39698696.6953125	49505278.875	27929242.5664063	89493355.375	65014813.21875	38415800.9101563	35375046.0	42393673.09375	51457156.875	67715526.515625	45434614.125	35045546.5	46854591.0	44077441.5	54948363.5	61244450.375	43818224.75	66277290.0
P0DJJ3	SH3-containing GRB2-like protein 3-interacting protein 1 OS=Rattus norvegicus OX=10116 GN=Sgip1 PE=1 SV=1	105215946.054688	77693159.875	116785130.59375	84825556.375	76569033.5	123516707.5	128153114.9375	138593803.15625	191498420.757813	115500359.625	156383478.328125	153042684.75	127199062.25	183328567.625	134238938.625	132617884.125	143141174.6875	130661570.328125	116817092.4375	93095227.375	133969269.765625	149552906.25	105562640.09375	131547226.1875	159668634.59375	144888414.5	185944578.1875	172926443.75	178525859.125	134014381.25
P05508	NADH-ubiquinone oxidoreductase chain 4 OS=Rattus norvegicus OX=10116 GN=Mt-nd4 PE=3 SV=3	41671897.75	31812239.75	30833591.0	32418128.75	40641174.625	51560285.0	34072445.75	50176455.25	46074059.5	37972856.5	40080031.25	50498403.25	34815769.5	52515782.0	28427157.25	44578725.5	39331471.25	43048353.75	28462764.0	36414073.25	47386351.0	33838851.75	26556034.75	37430406.0	48849926.75	67075117.5	60411995.75	43257055.5	41018006.25	59493624.0
P04903	Glutathione S-transferase alpha-2 OS=Rattus norvegicus OX=10116 GN=Gsta2 PE=1 SV=2	194479393.5	135054829.875	168343065.875	161121764.75	180310223.5	144148691.125	156438120.375	187997070.625	188424623.75	201911011.75	256349060.875	184980227.75	158391404.0	181529755.0	188689354.5	233320456.125	259595024.5	226690780.0	205588717.0	127129891.109375	227805158.5	218435505.0	191960912.0	194776400.5	197778281.125	280801977.5	206286054.0	209102751.25	222802338.75	278803395.5
P15800	Laminin subunit beta-2 OS=Rattus norvegicus OX=10116 GN=Lamb2 PE=1 SV=1	413548649.8125	387849248.875	473485188.46875	282885135.125	153985063.5	400873292.6875	178533484.609375	398369954.8125	215803578.875	206734506.375	426327832.332031	412936739.5	174532350.375	246741726.625	380994036.375	255405319.75	238344470.25	230545619.625	201332491.125	189497407.0	196355902.875	218184477.875	125224031.1875	296483432.625	182026211.3125	249500987.75	501102379.71875	234604067.5	340714203.25	236725652.25
P85972	Vinculin OS=Rattus norvegicus OX=10116 GN=Vcl PE=1 SV=1	707530404.140625	640924786.75	694116174.607422	644126826.171875	611293463.3125	767746802.25	643317792.6875	701667448.75	680819984.232422	634162127.078125	694318851.921875	727648471.0	565860786.84375	612483356.6875	763663300.0625	705408718.71875	664839189.25	601962236.5625	665794441.415039	582732570.5	657143834.0	609703435.328125	509804093.0625	808238135.019531	614041648.90625	734219051.125	872130503.460938	658525762.1875	749689185.375	718541147.566406
P00502	Glutathione S-transferase alpha-1 OS=Rattus norvegicus OX=10116 GN=Gsta1 PE=1 SV=3	110491081.0	111952076.3125	107483329.6875	98403813.75	52292248.0	80170428.0625	65649571.0	89221508.5	51551641.5	63892872.1875	121898740.0	82256548.75	70730477.625	62443968.875	87340626.0	72065859.0	111490633.125	85531960.625	73098081.0	103815382.5	82290885.5	67700245.0	101653785.0	116085475.25	77951948.0	64680945.375	120285996.0	115002057.0	112004143.25	72680604.75
P51647	Aldehyde dehydrogenase 1A1 OS=Rattus norvegicus OX=10116 GN=Aldh1a1 PE=1 SV=3	205571930.5	163823454.0	189589871.5	211809317.273438	203443258.75	236249377.3125	205906285.125	205709906.875	259128854.75	192728986.3125	178267846.875	219240355.125	186694900.75	259715417.625	233027286.0	251453119.75	196823204.25	203259993.4375	218990022.375	170421252.0	243103359.5	223696845.0	159957492.625	214306790.25	234808889.5	328200247.5	243649086.75	211219445.375	257840426.75	256053369.375
P04550	Parathymosin OS=Rattus norvegicus OX=10116 GN=Ptms PE=1 SV=2	3089138.75	2921253.0	3799332.375	8793405.0	12433252.875	4487042.75	12194918.0	1907511.875	11455723.125	11940891.125	3156492.5	4124625.625	9091689.0	18742964.625	7711014.5	18362983.0	18048205.75	14971766.5	18852045.5	19014170.25	22939503.25	21381054.25	15912008.75	14803107.75	21301326.0	17539578.5	10891626.125	13664999.5	11284947.25	20046734.0
Q9JMB5	Proteasomal ubiquitin receptor ADRM1 OS=Rattus norvegicus OX=10116 GN=Adrm1 PE=1 SV=2	67823088.1875	30805464.125	74643319.625	54682612.25	81067612.078125	86716395.53125	48208138.75	66181375.84375	85502426.25	73389171.0	53584822.625	79940310.625	52208573.25	79242667.25	72588752.875	77398317.75	59691420.5	49587589.0	74396535.5	54222057.0	71390346.125	67842807.0625	40450025.3125	89349838.75	62018734.375	84200624.9375	69338117.375	64161800.4375	74757112.0	88315523.625
P19024	Potassium voltage-gated channel subfamily A member 5 OS=Rattus norvegicus OX=10116 GN=Kcna5 PE=1 SV=1	203639428.0	165134229.9375	210415129.78125	139168978.263672	70180405.6875	79964511.1328125	156544986.5	108451680.5625	67379484.375	96371097.75	181433141.25	120861145.0	82552680.5	73995857.75	214863051.75	130965627.75	142067398.25	122783714.0	82093016.875	116821906.375	194264667.25	139353416.0	153970452.75	231576889.125	91634372.25	169044643.704102	228251736.5	127588901.875	222889138.25	129434829.5
Q9Z2F5	C-terminal-binding protein 1 OS=Rattus norvegicus OX=10116 GN=Ctbp1 PE=1 SV=3	470172616.039063	239035887.515625	335469768.625	337010804.65625	382078295.335938	205589399.75	321194299.546875	206522198.65625	381477090.5	410363376.75	320576250.796875	313846953.8125	390561623.625	454026864.125	411689413.75	443820853.875	443147442.0	382486321.6875	323016779.5	245577257.875	318208100.625	394324124.578125	301222527.65625	311016132.90625	289071479.15625	505956364.8125	328557474.1875	337357381.78125	345077202.0	466132926.84375
Q6P7B0	Tryptophan--tRNA ligase, cytoplasmic OS=Rattus norvegicus OX=10116 GN=Wars1 PE=1 SV=2	73996377.03125	97813126.25	84794548.75	77841939.75	140245063.5	107673470.0	168271127.125	99867089.875	184306631.0	89155660.75	128257817.75	114516734.5	108092819.0	168190583.75	70871971.5	120068716.75	131121982.0	173325125.5	153486127.0	186621780.5	165524828.25	148407419.0	153108594.125	161472981.0	190904852.5	199563614.0	129093237.25	154321826.75	113833381.25	158628939.0
Q9Z2L9	Protein NDRG4 OS=Rattus norvegicus OX=10116 GN=Ndrg4 PE=1 SV=1	388166039.5	273234907.0	336120397.09375	312263546.0625	294100018.5	467042660.515625	243567783.75	322070741.0	298224988.5	201966967.84375	415628829.6875	352495404.8125	283971381.875	426840464.625	163854385.625	166435919.875	312518304.125	288281224.375	195096236.25	182370917.6875	194956324.492188	249765571.0	194638208.203125	240227435.375	269695069.25	400080448.0	453208983.625	251022747.5625	184193742.6875	193802941.375
P62914	Large ribosomal subunit protein uL5 OS=Rattus norvegicus OX=10116 GN=Rpl11 PE=1 SV=2	240576199.1875	226831579.9375	222726337.5	250116057.625	199885465.75	273469168.3125	271773718.5	282869364.1875	274751785.375	244936472.75	245361315.375	292271650.125	216201143.25	224263769.25	338797842.0	279093010.4375	240340539.0	248966896.5	292265531.25	202501392.03125	293154319.75	249183847.375	185535692.125	391482870.5	272959056.375	348749272.875	347778159.8125	268840130.9375	367373675.125	303797021.5
Q63150	Dihydropyrimidinase OS=Rattus norvegicus OX=10116 GN=Dpys PE=1 SV=2	63402219.5	112286786.0	64459231.25	110573668.25	173599392.0	118853853.6875	111433592.5	62160809.75	154755421.125	138673892.0	83926209.5	103509932.625	115906772.75	88169482.25	87389893.0	109149462.5	102010044.375	121463672.25	123542484.25	113373773.5625	140908483.0	104732266.5	93177508.3125	80713199.6875	90510020.875	200783898.5	106498487.75	136338657.0	103202911.5	116168418.25
Q62881	Nucleolar protein 3 OS=Rattus norvegicus OX=10116 GN=Nol3 PE=1 SV=1	685653.125	39347565.1875	288632.65625	915353.8125	890320.0	41938142.875	42578051.875	43090377.625	53456722.0	37548064.875	50530725.5	53069530.25	54896976.625	44350971.875	54091439.125	53819502.125	56166845.4375	60244632.875	33040640.625	66682527.0625	43355239.75	42445625.625	31494014.75	47782437.25	45273740.125	63905140.5	993344.3125	47779838.3125	45770191.375	69474222.0
O55096	Dipeptidyl peptidase 3 OS=Rattus norvegicus OX=10116 GN=Dpp3 PE=1 SV=2	746177083.375	429899625.75	674213985.25	452347457.125	489665666.8125	487118876.0	579092081.359375	466824514.9375	614445981.6875	526879400.125	923668321.375	651945857.875	585589738.625	700493992.375	490660928.0	605645770.375	810732727.5	642308508.5	443423588.0	455374548.4375	556128827.25	588380064.875	489509766.9375	549408306.0	545761614.875	767226311.125	786475526.875	758257820.0	673489900.375	722901417.75
P63159	High mobility group protein B1 OS=Rattus norvegicus OX=10116 GN=Hmgb1 PE=1 SV=2	102065140.359375	95962081.0	96777040.5	108274800.587891	128934953.75	110496633.5625	168769712.5	143464815.719727	142716867.0	123271435.419922	162978157.75	141694255.75	124641191.0625	146592554.25	141692307.25	155201347.375	162145313.5	136322865.25	141554863.081055	185535503.6875	154531331.859375	178898127.5625	128381460.75	169458712.75	162863613.0	149508671.625	165177826.25	193104839.75	157136484.75	149025826.5
O89046	Coronin-1B OS=Rattus norvegicus OX=10116 GN=Coro1b PE=1 SV=1	293858964.0	299969024.902344	286087706.0625	330175151.5625	227549465.5	321259911.375	331376623.9375	284221421.5	223362017.875	213280663.09375	287505225.253906	283838177.3125	165965898.9375	222536497.0	296778254.65625	266622337.875	290404847.4375	275587975.75	194488925.375	161159072.5	224802297.375	187337158.625	211929316.9375	345427993.5	195413465.8125	238880085.375	416047276.332031	250450622.625	281126073.5	281829801.875
Q8CGU9	Tryptophan 5-hydroxylase 2 OS=Rattus norvegicus OX=10116 GN=Tph2 PE=1 SV=1	443261277.0	269838506.875	343752394.125	381037605.0	384756941.0	417488336.75	347622573.625	301561598.25	436347453.5	381068846.0	422926824.0	391958425.4375	396488331.375	406748692.25	417680014.5	444115200.125	476042052.25	459079831.625	329530493.75	321546343.0	386018082.25	359334715.0	301302447.5	402981752.25	346793202.5	528042617.0	398321231.375	371933234.25	362594719.5	504691040.5
P06349	Histone H1t OS=Rattus norvegicus OX=10116 GN=H1-6 PE=1 SV=2	156928326.3125	171019068.171875	173554592.203125	218935710.75	218801419.03125	393794867.046875	227203499.46875	215655710.765625	237866847.25	539467902.335938	314698748.0	221724386.125	238459040.375	234290662.5	574676554.765625	267440218.3125	311279258.75	252948617.5	233742949.3125	219110852.445313	252685096.007813	262694258.984375	207019813.09375	241200308.5	255251422.8125	253432428.5	243243618.0	265488609.21875	216359011.5	292712328.875
Q63604	BDNF/NT-3 growth factors receptor OS=Rattus norvegicus OX=10116 GN=Ntrk2 PE=1 SV=1	102577430.921875	90130902.5	122387177.75	99108545.125	84832819.5	82063594.6875	91761662.75	114589449.75	120272131.25	142312822.875	105177081.1875	128564238.8125	109358256.0	154978261.5	117011059.5	135781308.9375	111872669.070313	117946308.0	113164833.75	130639504.4375	100769136.125	129152958.75	99087609.75	109576169.0	120083398.5	132867389.75	151830611.9375	115085020.75	121035648.6875	185378257.25
Q71LX6	Xin actin-binding repeat-containing protein 2 OS=Rattus norvegicus OX=10116 GN=Xirp2 PE=1 SV=1	4376892249.76758	3583671924.67969	3210790084.01172	3343242403.23828	2284869553.50195	2961419642.71094	3838721152.29688	3241222050.02344	2941633628.25	3209083930.08984	6918814351.72656	3745731593.08789	2993174615.99609	2970175378.00781	5186528573.9375	4021881611.31641	4348730977.53125	3564035709.96875	3058525706.30469	2871953157.1875	4445581821.0625	3502556032.71094	3793152971.23438	5146952092.98438	2967946474.21875	3986683314.60156	5392385677.125	3832907445.89063	4420405469.50781	3910730689.08203
Q68FR9	Elongation factor 1-delta OS=Rattus norvegicus OX=10116 GN=Eef1d PE=1 SV=2	53516928.75	52845963.515625	36099055.0	45529757.0	41468109.25	56690391.5	29512406.5	82093073.75	58417935.0	47532871.0	15790061.5	70851710.5	51578787.0	94007061.5	65338553.0	76995569.0	33562069.5	70996797.0	94887538.0	71601180.0	71878073.0	75955375.0	66432886.5	77933933.0	84707005.75	83503639.0	94408681.5	41581774.0	58970092.75	87958475.5
Q8CFD0	Sideroflexin-5 OS=Rattus norvegicus OX=10116 GN=Sfxn5 PE=1 SV=1	24645801.1953125	23731182.0	18428706.5	23723657.2890625	28444843.0	17015836.125	37012126.0	20701688.5	35958184.0	40133080.25	28684614.25	23870695.5	30900098.0	40421680.0	30478529.25	43812548.5	45250049.6328125	37425855.0	26581830.5	31974859.5625	39432570.0	30980414.0	23951480.0	41983488.0	29213430.0	45111756.0	31808942.5	38151851.0	26744696.0	29834069.0
Q9Z2G8	Nucleosome assembly protein 1-like 1 OS=Rattus norvegicus OX=10116 GN=Nap1l1 PE=1 SV=1	113997506.0	98735834.3125	91374065.0	105475747.5	86531094.0	104035749.875	97301446.75	95334480.25	115288920.0	70899066.0	104785643.125	90387707.875	86672264.0	98261259.25	93256499.0	99815673.0	106597109.0	92049682.75	87393550.5	120085442.0	111697801.5	97793538.25	76733987.0	111236295.0	97551382.25	105630409.0	105413429.625	111111477.0	91400159.75	91253919.0
D4A3K5	Histone H1.1 OS=Rattus norvegicus OX=10116 GN=H1-1 PE=1 SV=1	408992429.75	366483851.75	359866222.875	369977231.532715	419986087.074219	456078556.808594	325055331.125	336580073.092773	347382309.464844	382704021.4375	374976758.0	426890628.25	346757878.4375	343427395.451172	416628804.273438	366208979.75	386974270.25	489782037.625	410637448.375	248678077.84082	457520431.3125	466138344.671875	341292395.25	594830502.375	370116365.676758	413365089.425781	479247705.375	499114588.625	430515208.868164	438710347.625
Q5EB77	Ras-related protein Rab-18 OS=Rattus norvegicus OX=10116 GN=Rab18 PE=2 SV=1	6876642.0	6387362.4375	6154195.0	9619134.75	20708534.25	12783751.8125	16092962.4375	14213070.625	24619312.9375	9612024.25	20170021.8125	17384269.1875	17163774.9375	14232998.5625	20842375.625	20297204.5	28741874.875	13166338.5	8544860.125	10433122.125	18137311.75	23755671.625	14272369.75	22834544.5	14254383.25	22967104.875	9874776.25	12999453.6875	9246275.25	19072576.875
Q6PTT0	Aminoacylase-1B OS=Rattus norvegicus OX=10116 GN=Acy1b PE=1 SV=1	19892074.0	34249547.5	31153871.5	40163201.375	35795446.0	23067244.625	18393191.34375	41100101.0	29739235.5	15713448.75	19593650.5	41330121.0	35698700.75	21049742.0	23423329.0	31312123.375	33437142.25	46034118.625	28309205.1875	45284450.0	44935283.5	57661029.78125	37003641.5	47659171.0	53325339.5	52271538.5	47383186.5	32010219.28125	49794674.125	54230077.5
P18420	Proteasome subunit alpha type-1 OS=Rattus norvegicus OX=10116 GN=Psma1 PE=1 SV=2	83538371.21875	36019267.375	61016382.0	41247630.5	47992320.75	40945305.25	44849206.0	45218707.9375	58611692.9375	63178401.875	62270046.75	63448257.5	62071915.0	67906221.25	68450494.25	57396994.5	69244732.875	56583452.75	66126649.5	59022420.75	57310224.25	70406543.625	60846228.3125	52293800.75	76907356.625	62858327.625	69253639.5625	51576080.5	60578171.25	58748906.125
P17475	Alpha-1-antiproteinase OS=Rattus norvegicus OX=10116 GN=Serpina1 PE=1 SV=2	85476065.375	112501177.25	86180632.75	71134108.25	51032404.25	120004704.0	70931479.75	88542812.8125	44833299.75	54046918.25	115428015.234375	96733877.375	62440130.75	48055221.875	108127329.25	89191390.75	98559569.75	46928072.0	87904163.125	67975322.25	88081535.5	86918356.1875	65426248.5	95490482.25	92564008.25	87170476.75	99973988.0	87469140.5	117164795.875	53761098.75
Q6AYS7	Aminoacylase-1A OS=Rattus norvegicus OX=10116 GN=Acy1a PE=1 SV=1	137507705.125	66028469.75	100942362.5	105221064.125	293991323.75	97296686.15625	141118634.1875	82786735.25	325477704.5	357204731.25	78511006.0	109119086.125	345539880.625	210342050.0	172836969.6875	342272910.125	365143984.0	146589907.625	271598261.625	113172003.5	379616907.75	168309526.0	424494110.375	93007743.25	287903688.5	425912095.75	73742347.75	391075069.3125	87630793.0	237406095.34375
Q03555	Gephyrin OS=Rattus norvegicus OX=10116 GN=Gphn PE=1 SV=3	734276908.0	568758003.875	570198410.0	799619025.25	858476406.875	486765559.75	1246329517.125	511253395.03125	838791381.375	961035659.625	716112607.5625	607985188.375	882649918.25	799536972.125	1259273348.125	1195041071.75	1096258592.75	967510161.375	881105023.875	609162714.375	1517416426.5	1226756436.25	1302122844.375	1162496737.875	669814636.5	1631192119.25	797671899.75	889448859.75	908448759.5	1215740908.25
P29266	3-hydroxyisobutyrate dehydrogenase, mitochondrial OS=Rattus norvegicus OX=10116 GN=Hibadh PE=1 SV=3	240987552.0	209831877.875	162887768.125	169964320.25	124985534.75	241013351.8125	145794850.84375	219112176.4375	152022407.625	135538906.8125	158769355.507813	214107983.25	127441307.0625	151676084.3125	256259182.5	188114729.25	157789315.1875	187678625.375	154114710.625	159235426.34375	151516205.75	171768624.5	127594541.5	223635092.875	156000116.375	167228429.0	298720902.5	149666920.75	208832044.25	184930017.75
P23928	Alpha-crystallin B chain OS=Rattus norvegicus OX=10116 GN=Cryab PE=1 SV=1	81906058.0	85335693.5	84776303.1875	82933783.625	32969411.421875	99559559.25	8898469.1875	121713666.375	59835872.25	65463674.25	113300126.5	113135200.875	26549942.78125	63435349.5	71141971.625	70712937.1875	22129584.25	44815371.25	71994982.453125	35037157.875	47934798.125	75845660.0	37006945.375	71250822.0	53545132.4375	66856825.5	124241051.5	14352280.75	94396173.375	35929698.875
P13803	Electron transfer flavoprotein subunit alpha, mitochondrial OS=Rattus norvegicus OX=10116 GN=Etfa PE=1 SV=4	106954221.125	69338253.875	85116071.5	102955059.25	123046224.75	111277970.453125	123195859.875	65401752.75	125849219.0	100001801.890625	98126888.5625	134579868.5	160985360.375	109378667.125	155223680.773438	138053959.5	128770982.0	138097465.125	96044727.5	137206215.25	137933967.25	128941090.375	82776278.5	161924547.875	131667753.25	169461448.375	122783267.75	124812639.0	116459714.84375	154500018.875
Q5FVI3	Leucine-rich repeat-containing protein 57 OS=Rattus norvegicus OX=10116 GN=Lrrc57 PE=2 SV=1	529292179.875	208524901.125	359268095.8125	191549025.5	67655920.5	208800634.75	77063691.4375	152756253.75	78102790.75	126986059.125	202999593.25	235693806.75	64413903.375	91252860.25	179733695.1875	162896177.25	143198268.25	138507864.5	116334722.5	80168076.875	115032024.125	92745254.0	46260330.75	157613156.5	80912924.5	140486701.75	251633458.125	50018052.5	187406098.125	145883418.25
P01041	Cystatin-B OS=Rattus norvegicus OX=10116 GN=Cstb PE=1 SV=1	18737035.5	15658131.4375	47692021.0	22313626.875	25770128.0	41361949.625	102093412.5	15219976.0	26710587.25	19362891.0	16773676.25	55636774.5	24144351.5	42500573.0	15176809.75	21688103.0	26909801.5	26105338.5	30090979.5	30836667.0	24628984.0	27662703.5	80015331.0	48203990.0	28800657.5	31506349.5	17137832.375	29940568.5	19924798.25	25099030.5
P57790	Kelch-like ECH-associated protein 1 OS=Rattus norvegicus OX=10116 GN=Keap1 PE=2 SV=1	314219327.75	300917862.0	261549863.75	197768749.25	170088644.6875	310951608.6875	143577988.4375	274431732.125	173520358.5625	171204044.1875	267542871.75	212077387.5	161024893.03125	175368360.75	186883290.5	192316386.25	190626732.75	195652608.5	172761228.875	209301843.375	185067933.5	164483400.5	123147624.78125	231783413.375	172243603.3125	251171195.125	358175435.75	207024087.6875	272154097.0	200079693.5
Q8VIL3	Outer kinetochore KNL1 complex subunit ZWINT OS=Rattus norvegicus OX=10116 GN=Zwint PE=1 SV=1	218389943.25	159394929.75	161279718.25	182450028.4375	149049227.875	196113090.875	167449485.875	171987881.0625	190981450.75	150120398.125	168478198.625	186303718.375	147486715.625	188102008.1875	191038747.125	194690224.75	179315950.0625	164042693.9375	167516525.125	113187662.375	183028871.25	164020139.0	136351404.875	204412004.25	167217680.375	227030419.375	237486861.25	171348281.75	207796645.25	203260059.75
Q9JHZ4	GRIP1-associated protein 1 OS=Rattus norvegicus OX=10116 GN=Gripap1 PE=1 SV=1	1100021549.0625	745125298.077148	939475490.496094	652915883.625	533751922.910156	669260912.28125	557471641.96875	644864146.4375	641976846.0	571165414.867188	796979550.5625	819791226.25	581571107.6875	628979797.0625	754546627.8125	812304046.941406	837120432.65625	807727615.0625	699563188.75	577866053.375	893242537.625	695224938.125	528623979.875	865516464.25	639591365.875	916494364.0625	990853936.5	708565816.875	908370936.516602	767723975.484375
Q4V882	Epsin-3 OS=Rattus norvegicus OX=10116 GN=Epn3 PE=1 SV=1	128076267.125	124206615.125	120063726.375	84054070.5	69416887.375	93411164.5	61165539.75	89830501.625	70102738.75	68170418.65625	108612430.0625	92605358.5	63453037.375	56893164.75	105900713.5	57534638.78125	79298687.25	76545741.5	76440672.75	38498058.21875	68185388.25	77178921.625	54243943.75	101000471.25	68024041.5	91536104.875	157713931.375	81952256.75	137999385.25	85072989.75
Q5I0D1	Glyoxalase domain-containing protein 4 OS=Rattus norvegicus OX=10116 GN=Glod4 PE=1 SV=1	196779992.125	158152334.132813	137306510.8125	158932857.09375	119902704.9375	200567818.875	157823007.5	199173297.625	173331499.125	171715827.0	183584534.375	216447704.5	173431591.0	172371331.25	201772610.9375	196194476.0	170036650.25	171275195.25	197999048.25	85105880.5	178095793.21875	161458362.375	161860456.1875	233361408.5	175189965.5	241186438.5	251979300.875	194138099.0	245836730.0	207553534.625
Q6DGG1	Putative protein-lysine deacylase ABHD14B OS=Rattus norvegicus OX=10116 GN=Abhd14b PE=2 SV=1	25296681.0	21668175.75	16170847.625	29588121.0	31456103.5	16583896.375	25515597.0	18338270.25	28823667.25	35268142.5	22762524.25	20691322.0	34263319.25	26575824.0	29002669.25	34907932.5	91586960.75	69990228.0	72717864.0	64757096.0	69668208.5	87035343.875	99953009.25	59706633.5	82999400.5	71807945.0	45635113.125	83120650.25	40779150.25	58951800.0
Q6MGD0	Protein CutA OS=Rattus norvegicus OX=10116 GN=Cuta PE=1 SV=2	8421793.0	6458870.5	4500119.5	8414775.0	8385393.5	10534252.0	6687623.0	8232794.0	11676993.0	7078885.0	5795376.0	7525481.0	6163985.0	7588401.0	8375684.0	10247552.0	7187324.0	7855206.5	7920174.0	7038827.0	8247850.0	9144714.0	4765715.5	7338715.5	8686886.0	11707066.0	8845696.5	7996873.0	7601820.5	9233932.0
Q6P730	Disabled homolog 2-interacting protein OS=Rattus norvegicus OX=10116 GN=Dab2ip PE=1 SV=1	212643073.9375	241751705.625	233183688.4375	265708253.9375	193257033.125	282069095.125	283801765.5	247094205.875	291026389.28125	226115269.25	319828596.53125	260479077.25	217307736.0	304954367.0	235380503.75	258345705.0	312402134.5	384058325.5	236466653.5	243147446.75	328171230.4375	327057777.25	235385408.4375	442463671.25	296963276.5625	454651077.75	389024582.59375	398981865.25	313727690.75	320442494.75
P50279	Syntaxin-2 OS=Rattus norvegicus OX=10116 GN=Stx2 PE=1 SV=2	30825024.75	13333712.5	23489582.5	64793544.0	19063517.5	37127436.125	66881092.0	24362938.25	101154820.0	145792028.75	48256751.3203125	67855576.5	112062452.0	119327450.5	50750560.25	41676817.75	31065088.75	136485452.75	26004908.0	82513951.0	160891058.25	133310089.375	25566426.5	41656998.5	24130332.75	30994402.0	36130050.25	85309807.0	135156403.0	195778029.25
Q4QQS8	Nuclear pore complex protein Nup85 OS=Rattus norvegicus OX=10116 GN=Nup85 PE=2 SV=1	549385950.625	301576299.9375	461332007.8125	365272781.4375	294058438.65625	279168809.875	283931228.9375	344042365.921875	377400692.59375	316524236.265625	343376498.25	420121363.9375	311051529.507813	393283978.375	396803505.625	363558516.0	341174000.625	364975983.375	332742646.9375	256482393.03125	333121514.25	328859241.75	230003746.625	357102161.75	308038025.0	418321352.03125	446462066.4375	303345091.5	391734724.6875	422547390.4375
P29995	Inositol 1,4,5-trisphosphate-gated calcium channel ITPR2 OS=Rattus norvegicus OX=10116 GN=Itpr2 PE=1 SV=1	438752060.871094	381376858.953125	379078569.6875	372689682.550781	319396414.0625	436219534.25	357711130.375	470436098.234375	396648472.15625	389293356.5625	500651699.640625	522903178.0625	370413274.21875	422525288.5625	431766092.6875	432320760.1875	432144999.8125	423871869.4375	416626225.0	288196399.480469	435714989.682617	429022087.375	341736324.1875	521696783.4375	476892457.21875	571542333.078125	619248553.671875	446341554.8125	517288422.921875	495428297.234375
Q4FZT2	Protein phosphatase methylesterase 1 OS=Rattus norvegicus OX=10116 GN=Ppme1 PE=1 SV=2	755529727.125	465403426.1875	844659042.1875	460328472.875	380165336.03125	307609751.0	415549291.0	383446506.9375	573668686.0	396330317.0	615537248.75	627574721.34375	539945385.03125	565357588.34375	476987020.0	581559023.125	533886590.0	599633732.75	367122556.25	516205741.625	567144202.0	522454387.0	361798256.25	545276107.0	513032971.75	570282662.0	679299764.8125	489456738.0	332091496.9375	574293938.75
P55260	Annexin A4 OS=Rattus norvegicus OX=10116 GN=Anxa4 PE=1 SV=3	145234014.625	145682624.75	112293743.625	164006320.25	116266332.234375	131435911.4375	186608924.625	163579290.5	150513537.25	196579705.859375	172726203.65625	182319283.5	155280910.195313	106991248.90625	158520618.125	169429844.1875	168633472.164063	113136110.6875	146085076.125	134028096.0	197469742.5625	152881573.375	141148786.375	145412046.25	154186960.375	195263482.8125	167899421.0	184412756.0	153891698.25	163184599.125
P11662	NADH-ubiquinone oxidoreductase chain 2 OS=Rattus norvegicus OX=10116 GN=Mt-nd2 PE=3 SV=3	74703511.46875	47931653.40625	53419941.9375	52029415.25	35904060.75	46901049.0	25586707.25	31362109.84375	31028892.75	25288915.25	45917126.6875	45620648.4375	24514812.5	28765283.0	60506993.25	36666456.75	32946283.5	39957465.25	28452952.125	71697649.125	31580652.0	37044392.0	20659015.125	36257333.25	23916673.0	32221806.25	44196362.3125	26288168.75	50818173.625	33315104.25
Q63569	26S proteasome regulatory subunit 6A OS=Rattus norvegicus OX=10116 GN=Psmc3 PE=1 SV=1	106057506.03125	161771794.578125	105585939.8125	120580803.59375	193227392.9375	142120457.25	159600614.09375	118788808.875	215787382.375	131910494.625	110192187.328125	136887806.46875	129371853.3125	177044771.25	95355003.625	211494823.375	142392432.625	171822238.5	174830832.625	101173831.6875	169790407.125	164005404.6875	128922535.3125	170031018.3125	172255698.75	246019951.75	169041603.53125	256040633.875	138533601.5	187539848.125
P00159	Cytochrome b OS=Rattus norvegicus OX=10116 GN=Mt-cyb PE=3 SV=3	44250810.0	41440847.875	46820572.84375	54752885.5	68968946.5	41049245.0	63113813.875	42317053.75	81682083.25	56756390.25	29959652.40625	46854578.5	62346159.0	77524091.75	51170602.75	75451659.75	66649394.0	69226309.5	69121893.75	104679753.3125	79471117.0	67357055.0	52201636.75	64269842.5	75932316.25	99777282.5	46992832.5	61043708.0625	62244934.75	72897833.75
Q68FR2	Bridging integrator 2 OS=Rattus norvegicus OX=10116 GN=Bin2 PE=1 SV=1	317025255.5	306063234.8125	353235870.664063	331682535.75	447212815.75	221556183.598633	331575759.875	256436291.828125	356236053.125	374530211.5	275554562.5	290329137.5	333070065.125	376001373.039063	303930410.875	368726699.53125	340546526.3125	360994876.220703	307624787.398438	241217228.9375	357289904.140625	359857624.0625	313636438.095703	306672075.0	293753686.5	364233917.0	301565584.875	320884295.6875	306712872.25	386428748.21875
Q03114	Cyclin-dependent kinase 5 OS=Rattus norvegicus OX=10116 GN=Cdk5 PE=1 SV=1	171353592.1875	136626618.0	163808572.4375	162141610.625	139924108.5	153546344.8125	120710024.0	134935153.4375	144391915.0	114442169.5	156716272.875	171942552.125	110784062.0	149760722.5	167660404.25	138118193.5	146268005.5	130709882.5	144269115.25	129562193.0	138248303.25	142425742.5	94138632.125	162936226.75	130250608.125	167378158.25	207814540.625	128336227.0	152311819.75	141501341.0
Q5HZY2	Small COPII coat GTPase SAR1B OS=Rattus norvegicus OX=10116 GN=Sar1b PE=2 SV=1	23141446.5	28140543.75	25195961.5	38889940.5	50585731.25	41583014.25	45868957.125	44147560.25	72275254.75	52004361.75	30600206.5	35408781.0	53286553.0	80979039.25	42065457.375	63531914.0	58229096.5	67340891.0	58995887.75	53615182.0	66468177.0	62264357.25	43827244.0	40114607.75	62940441.75	87691577.5	39605074.5	58512578.5	47237243.5	66427916.75
P97612	Fatty-acid amide hydrolase 1 OS=Rattus norvegicus OX=10116 GN=Faah PE=1 SV=1	28540943.96875	20617763.875	21432798.5625	22705681.25	19924281.0	32973384.625	38553846.125	21469982.578125	28120442.375	41594801.125	15272922.09375	33219402.1875	17004026.0	40019920.125	30941084.71875	34885783.0	31522784.375	38611277.0	29468721.875	25796383.75	36674644.03125	21775322.5625	31906936.65625	35717384.625	19872634.0	30691114.75	47178560.0625	31833411.0	42209821.90625	28938727.125
Q62871	Cytoplasmic dynein 1 intermediate chain 2 OS=Rattus norvegicus OX=10116 GN=Dync1i2 PE=1 SV=1	132022354.0	98388892.71875	104419726.0	109397308.25	104715288.0	124513909.4375	123788573.75	165305140.3125	95718851.75	97768590.625	173319166.25	189841856.125	109850177.125	118944733.9375	199262898.0	129150643.5	146874019.0	96413247.5	142334835.28125	124154269.125	125411788.125	122551565.25	107282143.25	175129599.75	112765824.75	149304749.25	179128719.0625	122459233.125	181587705.25	109109717.25
P04644	Small ribosomal subunit protein eS17 OS=Rattus norvegicus OX=10116 GN=Rps17 PE=1 SV=3	44953299.0	18335053.46875	36038445.5	43032180.5	53306165.125	39948105.5	45751093.375	36651216.0	47110757.0	58015455.0	37927956.0	62651534.0	41704219.5	51957375.0	61434260.875	72675108.0	90549872.1875	9286760.0	56403268.5625	86956435.25	51020123.125	8374770.375	95286160.25	73045410.625	69623398.75	50423088.03125	38767866.75	65023606.3125	47553351.0	9990914.5
Q9Z1Y3	Cadherin-2 OS=Rattus norvegicus OX=10116 GN=Cdh2 PE=1 SV=1	96538000.875	51624367.8125	68406576.8125	65625636.3125	51024393.375	38582930.0	58569330.1875	31698082.8125	49865173.125	48440972.3125	64247847.15625	41295290.0	55152907.6875	70141372.875	34089664.1875	55397397.5	78391252.375	57453445.6875	39251145.5	79871934.125	60779565.625	37948575.625	64565522.8125	57663423.875	45346061.375	58414684.5	57063889.125	64622155.75	71821384.25	59299040.25
P21807	Peripherin OS=Rattus norvegicus OX=10116 GN=Prph PE=1 SV=1	197089836.4375	150306150.5	165111599.0	201845402.410156	164987078.671875	96532995.0	185786428.125	93451968.625	146235738.125	164493397.414063	184602992.75	161008906.5	172812759.367188	141912066.25	198173398.5625	219269221.5	215950941.90625	205227758.75	155716558.8125	157128543.625	226634849.476563	232310081.03125	180418560.726563	176815025.875	156891101.625	285974962.007813	194935173.25	189817820.375	192986853.5	196885113.953125
Q71UE8	Ubiquitin-like protein NEDD8 OS=Rattus norvegicus OX=10116 GN=Nedd8 PE=1 SV=1	55004135.0	60784078.234375	30889811.59375	45050105.859375	49383464.625	42984380.75	52554574.0	66502366.0	67994496.0	38748145.0	50867439.0	60433615.0	48017628.0	69457781.75	63146458.5	50701603.9375	66759285.75	66629542.5	54180406.0	51938846.375	60629918.0	74949676.0	40403764.875	64569713.0	68827911.5	93359586.0	71926390.25	67317098.0	64857445.5	64257822.0
P63036	DnaJ homolog subfamily A member 1 OS=Rattus norvegicus OX=10116 GN=Dnaja1 PE=1 SV=1	100572633.125	95136212.1875	462717208.6875	126800311.5	113687703.25	118090098.625	78759386.375	96754042.890625	102123654.5	105479515.75	97841524.6875	94892838.375	101162862.75	89531298.875	135314243.75	96443666.0	113654934.03125	84039595.875	73161532.3125	97960938.59375	82506429.125	101600076.59375	57630123.125	95508610.625	113606298.625	116385225.25	122599265.875	98335343.9375	97252700.5	110717656.5
Q9Z269	Vesicle-associated membrane protein-associated protein B OS=Rattus norvegicus OX=10116 GN=Vapb PE=1 SV=3	123034416.25	73149532.5	112810428.125	92466099.25	87538623.5625	137045416.625	80596243.46875	75850097.5	99517391.625	74927279.25	58036059.375	104567188.0	53002096.875	77968703.8125	110532594.75	98833038.75	56703566.4375	78932581.8125	94200715.4375	75778763.46875	68290563.75	88486388.625	43860875.03125	102865011.625	74726858.0	127137589.25	96718740.6875	79230023.0	97229001.5	96713160.0
Q920J4	Thioredoxin-like protein 1 OS=Rattus norvegicus OX=10116 GN=Txnl1 PE=1 SV=3	341501896.25	343431318.25	258365431.5	385219844.5	255506356.0	551566314.625	615745884.5	444799260.75	459475270.75	482686349.0	622080247.125	418816493.5	506787674.25	500150303.75	475001415.5	529888624.875	660262053.875	516445965.0	481970200.5	501910514.5	545384654.0	471600002.6875	571302613.1875	629794930.5	529508664.0	470439308.625	550667234.75	730280291.0	507050793.0	530054903.75
P60868	Small ribosomal subunit protein uS10 OS=Rattus norvegicus OX=10116 GN=Rps20 PE=1 SV=1	456191673.0	517758891.625	438656337.5	415611984.75	358967924.5	536223165.5	289524652.875	460195623.25	401368948.125	279290213.8125	470212010.75	422844938.25	377891104.125	419905167.625	360412457.625	388746888.375	417654143.125	433379732.25	346428802.0625	470596315.6875	400642499.5625	382046133.5	286604291.78125	395784118.5	413553467.0	532953448.5	569451012.25	469081345.375	441395950.5	407267118.6875
P46844	Biliverdin reductase A OS=Rattus norvegicus OX=10116 GN=Blvra PE=1 SV=1	265378717.21875	227414624.75	177971392.875	191386155.75	152474047.796875	177493181.0625	134870476.75	163533843.3125	194668325.5	268912094.0	134768480.875	148695328.40625	135765629.0625	231077108.5	173206961.75	179642412.0	175972092.125	124586844.75	157278004.625	153816342.125	172590781.0	162007827.5	119237059.4375	177011868.625	182464358.4375	168751364.0625	237090439.875	131264742.5	178937101.625	179195697.25
O70441	Synapsin-3 OS=Rattus norvegicus OX=10116 GN=Syn3 PE=1 SV=1	140666242.859375	138069339.5	95017705.21875	138703296.5	148182246.4375	111765914.4375	91647771.75	151142322.625	139978060.453125	119872473.726563	195258119.65625	159450058.40625	121159747.875	234765732.96875	142448339.8125	149231656.0	138288267.078125	138278892.6875	161163074.53125	201307003.265625	130404513.015625	123579849.703125	113224814.25	134100862.921875	141849112.46875	243017259.375	123257951.25	241276942.703125	247070925.359375	181793966.25
Q6AXY0	Glutathione S-transferase A6 OS=Rattus norvegicus OX=10116 GN=Gsta6 PE=1 SV=1	129344605.5	107870771.0625	115480190.75	72204091.6875	95264272.875	109520863.625	290612796.75	104813043.5	219925854.84375	99318037.0	86489358.375	92346272.3125	90821424.5	198693866.25	105354251.5	118086205.625	285733622.5	232758551.75	112549280.5	143761434.8125	329575725.125	222248222.25	133252966.421875	255505564.5	208760757.46875	131623630.125	98899849.5625	243503313.5	206968074.75	280505126.375
Q9EPB1	Dipeptidyl peptidase 2 OS=Rattus norvegicus OX=10116 GN=Dpp7 PE=1 SV=1	40001403.75	47710927.875	55443673.125	38313048.5	27301183.0	41339246.0	16174516.25	44787149.5	34843146.75	35077456.25	72431207.75	41008245.5	6962591.3125	44571747.0	41950066.5	39754976.75	10390643.25	12818540.6875	29423656.25	20371840.25	11995913.0	8075708.375	11007140.625	58830236.75	16267125.75	43232155.5	58730657.25	8768751.6875	48291967.0	42720894.125
P23977	Sodium-dependent dopamine transporter OS=Rattus norvegicus OX=10116 GN=Slc6a3 PE=1 SV=1	109030205.933594	123510131.0	102982025.921875	115619772.681641	78895750.25	184599099.0	86721604.0	145643127.0	121855179.75	56589030.875	120452974.0	138267215.0	75091010.0	95674478.0	116334787.0	94821408.0	101407140.5	107186776.0	88571278.0	119381676.0	116689437.5	104374910.125	89339294.25	151125774.0	124846404.0	140862388.625	188357984.0	119177222.0	153803267.5	108961333.0
Q64232	Very-long-chain enoyl-CoA reductase OS=Rattus norvegicus OX=10116 GN=Tecr PE=1 SV=1	564560690.5	549943612.0	645123462.3125	444562930.75	223335636.125	416279115.0625	384730173.75	523135934.0625	319715705.40625	319713551.875	700566861.0	517545402.5	349705293.5	307480964.375	502350408.75	384851724.5	489987089.0	404608928.75	372029728.5	398671291.875	406327246.640625	340264829.25	401922290.125	582069370.75	366054383.125	347562723.875	651939517.5	536884691.5	594063568.875	405247899.75
P62278	Small ribosomal subunit protein uS15 OS=Rattus norvegicus OX=10116 GN=Rps13 PE=1 SV=2	325173930.953125	134657634.5625	295903563.9375	290921314.0625	362452608.125	196383645.34375	203465495.875	144008155.21875	342879415.125	326614564.5625	176643479.03125	244664199.625	258918374.6875	307751512.09375	275518403.125	331064866.9375	279608561.28125	302522748.375	240212319.1875	204982537.125	268495404.625	258605146.3125	167865623.1875	221199087.1875	262894080.21875	370896913.34375	246352189.75	250612185.6875	263171468.6875	381997650.5
Q9Z250	Protein lin-7 homolog A OS=Rattus norvegicus OX=10116 GN=Lin7a PE=1 SV=2	127440332.0625	127066239.5625	105170355.34375	158272354.625	129867130.5	170599918.25	141052983.75	127179097.28125	278547028.0	105616257.96875	201517016.875	136409033.4375	153517930.625	153187448.375	177396458.875	195108155.375	184932772.75	191708991.75	84311120.3125	191444329.375	121344990.625	158689428.125	97532836.390625	143541053.3125	215853808.875	187286393.25	144337946.125	149356455.375	184283329.8125	175147607.1875
P18445	Large ribosomal subunit protein uL15 OS=Rattus norvegicus OX=10116 GN=Rpl27a PE=1 SV=3	154367146.25	134140371.875	192026327.875	146853866.375	114395376.875	158267122.5	107110285.625	132872490.1875	121313652.75	97199404.25	115152247.375	160711169.375	118861048.875	129078578.0	158148244.5	158806405.5	110214016.0	117472115.25	133318911.5625	127335041.375	149881488.25	112535310.75	74828801.0625	140044359.75	105935307.5	139660689.0	207709759.25	112093867.75	145593732.75	140149192.5
P09216	Protein kinase C epsilon type OS=Rattus norvegicus OX=10116 GN=Prkce PE=1 SV=1	116428801.5	117186586.390625	109409935.5	135591957.5	138096427.5625	130214981.6875	107728588.5625	130913805.5625	150657618.875	131334687.65625	103151269.636719	117791293.0625	148560820.3125	163184141.5	134573969.71875	165146493.0	158535586.078125	171817543.5625	149463286.28125	145434813.53125	165352430.125	171904614.3125	152786808.078125	120425522.023438	160937116.6875	194807742.4375	173445775.296875	169403925.632813	165987680.5	172354274.75
P20689	Myosin light chain kinase 2, skeletal/cardiac muscle OS=Rattus norvegicus OX=10116 GN=Mylk2 PE=1 SV=2	345782059.28125	257197671.875	361332442.9375	264776903.8125	243697757.59375	279966838.75	237020600.703125	240872267.125	335326662.375	262202851.5	319325041.3125	342963232.3125	237899280.21875	270547889.390625	316194930.125	314618819.8125	307682940.351563	292671169.625	260890834.875	256043799.640625	277251899.292969	284754016.90625	337245653.505859	272874440.0	326366412.3125	381178276.625	461872440.0625	292701037.46875	359072487.0625	342478615.476563
Q9JHL4	Drebrin-like protein OS=Rattus norvegicus OX=10116 GN=Dbnl PE=1 SV=1	804906369.875	893594752.539063	696894314.664063	613685262.84375	412111155.1875	648616789.96875	399796020.125	499769977.34375	427154636.96875	354330787.75	531887702.625	693986776.0625	488645554.15625	464670403.9375	651937198.4375	549177058.75	522244983.625	569784892.28125	530169281.0	332056383.15625	498856536.75	404573624.25	361858279.0	647585136.75	418859245.40625	644532269.4375	629506057.5	468352295.0	557015486.0625	456186432.5
P70600	Protein-tyrosine kinase 2-beta OS=Rattus norvegicus OX=10116 GN=Ptk2b PE=1 SV=1	791000000.6875	709842060.75	704882545.3125	968495235.421875	936169159.25	760928783.0625	2052528309.125	911901046.46875	1358092815.5	1490951712.625	1369094890.5625	1011660284.625	1477913000.9375	1441815298.6875	1215112583.0	1485924579.75	2423525737.0	1522673666.125	1496592198.9375	1330174517.1875	1444869281.625	1633922605.375	1839605869.46875	1379322148.125	1640083749.625	1732429482.5625	1187451351.25	2589025746.0	1198358595.6875	1711772316.375
P04177	Tyrosine 3-monooxygenase OS=Rattus norvegicus OX=10116 GN=Th PE=1 SV=3	260881828.5	141546321.75	269266263.25	168095384.78125	171423784.53125	196234216.25	183232960.875	160594787.0625	210498168.125	162431535.75	238852187.5	246993927.5	175726592.09375	203447594.5	186102657.875	197116230.0	218324500.25	195303880.5	153683739.5	91462059.15625	189120732.75	184322863.375	136135755.625	192742088.5	171091476.25	243975169.0	246144874.5	214317554.125	250232060.375	251259487.5
Q6XVN8	Microtubule-associated proteins 1A/1B light chain 3A OS=Rattus norvegicus OX=10116 GN=Map1lc3a PE=1 SV=1	65222706.75	56223559.125	52608230.875	62953306.0	66996983.125	67000376.625	92213106.4375	86349266.75	88210252.0	101386713.5625	136401045.0	89698418.625	80573246.1875	100112323.375	93968017.375	89815393.25	108600306.125	89103986.5	110497390.75	128458128.25	98672168.75	121151949.4375	72391073.4375	141419724.25	96065360.4375	110005132.25	119163011.125	102098242.875	82140900.5	125770534.625
P04041	Glutathione peroxidase 1 OS=Rattus norvegicus OX=10116 GN=Gpx1 PE=1 SV=4	13035941.4375	474461.4375	7116135.09375	2272321.0	1779194.375	1183676.375	2672714.25	631880.875	2097894.25	1964372.125	1036708.0625	1420318.0	1923507.0	1921151.125	2330803.0	3243510.25	2145859.5	2508064.25	1701120.75	2146973.25	2241584.0	2299291.5	1588354.0	1095749.875	2368608.5	2371179.25		1872187.125	1316289.875	2222838.0
Q62625	Microtubule-associated proteins 1A/1B light chain 3B OS=Rattus norvegicus OX=10116 GN=Map1lc3b PE=1 SV=3	14459516.5	8426352.25	16107015.5	10895954.25	3279308.25	2560913.5	14759524.5	6127093.875	7838130.5	2371839.75	16949791.0	9505863.5	9978236.0	9738629.25	5572699.0	13101347.0	12998069.5	16537311.0	8399023.5	11916206.25	19613847.5	10582318.5	18396761.25	21786875.5	9758582.0	18339273.0	20539816.0	10213714.0	20313393.5	11954248.75
H1UBN0	Copine-7 OS=Rattus norvegicus OX=10116 GN=Cpne7 PE=1 SV=1	32708259.4375	34711421.0	23284745.5625	25621179.625	23596149.625	31400586.0	24293325.0	29083472.5	26902259.5	24977869.875	24892385.75	39100840.25	26853577.375	29578033.25	26286423.25	25517256.5	27823679.5	26054501.75	35053646.0	31189465.5	35480667.5	27525260.625	26658318.0625	30967748.0	36449004.25	33927518.8125	35052679.0	35960741.75	34122945.25	31380359.0
P20070	NADH-cytochrome b5 reductase 3 OS=Rattus norvegicus OX=10116 GN=Cyb5r3 PE=1 SV=2	125781598.75	112041340.125	93865780.875	152458428.625	169183813.125	100855137.5	170291213.0625	116402209.75	206131945.75	177388890.125	106201373.375	110138621.75	24365336.65625	234416831.75	158330239.375	203186341.0	247659523.875	173675457.0	211783582.0	171143762.0	42514973.375	198150238.0	195201016.4375	47483808.0	194770090.875	256658561.5	124993680.0	240567965.25	147267970.5	217392109.0
P01026	Complement C3 OS=Rattus norvegicus OX=10116 GN=C3 PE=1 SV=3	1872524292.875	1037858806.875	1650462642.5	1280038174.5	1341302991.75	1039641664.25	1022201197.25	924698115.1875	1450053103.125	1287694976.4375	1314296579.0	1297360914.0625	1336349594.75	1523275697.5	1376181768.375	1518042265.25	1638422656.0	1485525171.75	1265249778.875	1057258306.1875	1423044906.125	1532465023.5	1156893209.0	1289225668.25	1296473259.9375	1892340144.75	1550933563.25	1307926483.25	1385915273.375	1793782970.0
P49185	Mitogen-activated protein kinase 8 OS=Rattus norvegicus OX=10116 GN=Mapk8 PE=1 SV=1	30801436.0703125	31424465.546875	52176115.5	37148057.8125	62840583.421875	41858037.25	35458736.8828125	29186676.75	65189689.5	55189382.0	25881901.9941406	48437077.984375	44411413.0	54170283.0	85312777.0	56376173.5	45211039.1289063	34695062.0	64439593.0	47349620.828125	51337116.7207031	54415805.609375	42991275.140625	38426404.3125	53833296.0	57653091.0	34561693.625	38755438.375	33346916.5	60832043.0
P62271	Small ribosomal subunit protein uS13 OS=Rattus norvegicus OX=10116 GN=Rps18 PE=1 SV=3	37111593.5	28111440.25	32020694.875	55119908.25	38971093.875	82400626.5	28857308.9375	64595115.75	60244684.75	65667233.75	46405944.5	51124879.125	46042095.875	70476567.375	72495486.25	78975822.625	42016035.0	53651430.5	62738102.125	27505575.9375	40226355.6289063	40981325.25	27895690.25	54106574.25	49712196.125	74568109.0	76710631.5	48926458.125	70487120.75	59544251.25
P00884	Fructose-bisphosphate aldolase B OS=Rattus norvegicus OX=10116 GN=Aldob PE=1 SV=2	227280310.5	119549201.875	191188188.0	123419211.875	107477150.5	93820135.3125	131995001.75	109246715.5	139298036.5	130225958.875	178290545.8125	149020467.125	106100229.25	124448888.5	145485719.25	120273576.75	156188841.75	143348876.5	118081269.28125	111442641.6875	144095147.0625	123911763.75	135610600.9375	140479562.75	128288366.5	127937676.4375	161928354.25	151022725.625	160043492.125	134293353.5
Q9JJL4	Rho-related GTP-binding protein RhoQ OS=Rattus norvegicus OX=10116 GN=Rhoq PE=2 SV=1	150818705.5	136432550.0	113693429.875	165257825.0	153158663.0	84036327.0	225148884.0	195375213.5	209193994.0	215119966.0	459765917.5	194720636.0	223136176.0	190743773.0	110121299.0	289683744.0	367918130.0	223406817.0	149369410.0	206584759.5	211691397.5	200369055.5	185387564.0625	233924835.0	258669556.0	206197016.0	193528212.0	229010523.0	162930417.0	256381561.0
P19629	L-lactate dehydrogenase C chain OS=Rattus norvegicus OX=10116 GN=Ldhc PE=1 SV=3	205943800.4375	190445739.625	190689374.203125	292279516.875	470271838.875	225249738.625	411460453.0	219358499.0	538036270.0	458427880.875	360812085.78125	281660986.953125	448726991.5	653382539.0	328748877.046875	488957685.625	574653555.25	437595663.625	453921343.25	417712134.5	438505505.5	576772203.0	421724865.0	275537869.5	374602051.25	612338701.0	292828045.5	608440511.0	330951420.9375	574031927.375
Q07205	Eukaryotic translation initiation factor 5 OS=Rattus norvegicus OX=10116 GN=Eif5 PE=1 SV=1	96940035.0	102789443.75	139160465.5	98270598.375	109320004.5	79313738.875	161016333.5	99760549.625	120930409.0	135809706.75	154443584.4375	115108987.0	140673017.5	133292881.5	127717271.75	135182896.0	183732406.5	127295083.5	112934429.5	151842654.375	137437871.0	126216948.5	174441123.875	136263704.5	142082763.75	119650672.75	120144732.625	190750431.5	115281776.75	119467095.75
Q6JE36	Protein NDRG1 OS=Rattus norvegicus OX=10116 GN=Ndrg1 PE=1 SV=1	44830453.171875	36922078.4375	32332979.0	57161277.96875	40500569.9375	83271843.5	63280058.25	71267124.53125	59769456.625	106015098.9375	168827348.1875	69671029.390625	60136429.75	42980690.375	122964761.375	71881495.875	92009090.75	69363923.5	52667739.625	65411492.875	68992409.75	57196987.75	50869984.75	81996123.25	65254080.5	59392293.1875	76712475.8125	63848694.0	59828384.125	76661706.625
P21818	Stathmin-2 OS=Rattus norvegicus OX=10116 GN=Stmn2 PE=1 SV=2	128545950.0625	113388509.71875	106765583.492188	122074766.625	111836466.1875	121558285.78125	82600568.75	106026074.34375	116629097.875	104512452.4375	131160589.5	115168923.5625	93955258.5	132410715.75	159967307.0	128567185.0	118381456.125	128642028.25	146496074.25	104115348.25	123946716.0	114435384.25	115360689.25	121905363.0	94901400.5	145327189.125	157158270.25	109753085.875	139905392.5	140716076.625
Q9JJW1	Tetraspanin-2 OS=Rattus norvegicus OX=10116 GN=Tspan2 PE=1 SV=1	36405319.703125	33844388.875	34974309.640625	43190365.0625	34581948.234375	33725711.9375	44697954.25	40288090.625	44738293.0	53739150.75	64238193.25	48961654.0	51427643.875	42796743.375	57826861.75	60933303.9375	69762960.5	47048148.75	46542088.125	58749056.0	50480925.0	70682682.0820313	53624568.5	45897497.75	39571769.625	59879313.5	69820181.5	45696857.625	53133778.375	74403409.75
P09215	Protein kinase C delta type OS=Rattus norvegicus OX=10116 GN=Prkcd PE=1 SV=1	314476189.75	312946236.1875	294914041.1875	356961492.78125	304678269.25	424840964.625	270149796.59375	331687672.0	368371093.75	365628586.625	273320902.71875	365364052.125	308328332.125	369433847.0625	368862886.375	391711614.5	349648819.0	391867968.375	341250896.75	335287114.65625	298277100.875	339996382.5625	271158664.375	360307313.25	378151794.625	425931792.0	390896448.5625	350670432.75	355649444.125	434424996.5
P70618	Mitogen-activated protein kinase 14 OS=Rattus norvegicus OX=10116 GN=Mapk14 PE=1 SV=3	9665245.75	26170861.375	26139115.34375	34056434.25	26316847.1875	18434922.75	37998105.375	31164741.0	36951450.0	40111861.0	86843562.75	62178345.375	48662544.125	46605705.25	31564067.0	46690912.0	51587375.0	68995244.5	58621106.25	30571540.625	47996933.5	33957871.0	69082153.0	54946288.0	45118071.5	42940469.75	77975182.5	66355675.0	39518257.0	78140247.5
P27274	CD59 glycoprotein OS=Rattus norvegicus OX=10116 GN=Cd59 PE=1 SV=2	5480857.5	4418084.0	1423459.25	5662529.5	8119703.0	5840984.5	38995392.0	6442696.5	15609708.0	12247303.0	10817184.0	5928025.0	14409243.0	10923147.0	12179732.0	15113632.0	20281196.0	15216027.0	16232620.0	16664433.0	16456276.0	10469436.0	12729655.0	18326400.0	19813722.0	17892870.0	9824052.0	16780596.0	8724548.0	11759651.0
E9PT87	Myosin light chain kinase 3 OS=Rattus norvegicus OX=10116 GN=Mylk3 PE=1 SV=1	401903148.96875	254837173.554688	268080973.75	275679756.59375	253103718.5	117476144.3125	296510280.6875	139959080.25	237791142.4375	267447651.25	318210019.515625	197282652.1875	267252485.5	206352345.0	454221066.375	313318010.5625	369674714.09375	290722281.53125	228287553.5625	236794152.0	406989832.4375	374664378.875	346514411.1875	349149986.5	207814347.8125	428094207.25	345435348.4375	243083272.3125	344588122.59375	331404979.25
B0BNN3	Carbonic anhydrase 1 OS=Rattus norvegicus OX=10116 GN=Ca1 PE=1 SV=1	27378870.5	16300610.625	17601499.0	30496118.5	5381316.5	25230974.5	53826042.5	8256936.75	26580882.25	20087773.5	11618897.125	21405490.0	24009369.0	2996955.375	25691331.0	23488738.75	25056740.75	21420188.25	22183294.25	8050223.5	24964976.0	22074218.5	13779166.375	22664516.75	32899868.0	32769917.0	21979067.5	7415217.25	1929933.125	60133935.0
P16409	Myosin light chain 3 OS=Rattus norvegicus OX=10116 GN=Myl3 PE=1 SV=2	50960174.5	30103233.5	61828753.75	29842893.0	7633655.25	20157369.0	27399104.25	25874181.0	23583624.0	19918700.0	62843708.0	43230551.5	27146564.5	10444886.0	48528898.75	44985715.0	50625136.25	29697347.5	26358133.0	23056178.0	32886389.25	35883387.125	21866069.0	36442072.375	21460354.75	29576331.5	58755365.0	19037155.5	48291627.0	34027897.25
O35331	Pyridoxal kinase OS=Rattus norvegicus OX=10116 GN=Pdxk PE=1 SV=1	201666795.5	169067867.125	172571359.625	176193587.125	168566083.0	176592873.875	174939429.75	166545683.875	183333900.0	130990827.9375	161119927.5	182906884.875	166043750.625	197553222.75	173292730.75	203786695.75	175217311.0	189346748.25	170626274.125	303483558.5	184694713.125	162572591.5	180200874.875	234374787.0	187471602.875	228095280.875	201223410.75	190100565.375	218853239.375	181120511.5
B0LPN4	Ryanodine receptor 2 OS=Rattus norvegicus OX=10116 GN=Ryr2 PE=1 SV=2	2220898132.22852	2641832540.51367	2076535654.04102	2054610207.54688	1815601811.17188	1956236793.45313	1626126280.64844	2149910631.15039	2035236330.0	1702713821.61719	2490199331.0625	2075621241.59375	1770965534.98828	1963930512.375	2252355495.45313	2283299253.78125	2023171530.10156	1980211435.96875	1992513315.89844	2052602232.29297	1988296458.79688	1927440863.21094	1673462806.85547	2056524990.46875	2018455842.90625	2348885470.49219	3046503846.4375	2123409734.9375	2482327809.3125	2187484823.41406
Q9WVK7	Hydroxyacyl-coenzyme A dehydrogenase, mitochondrial OS=Rattus norvegicus OX=10116 GN=Hadh PE=2 SV=1	89114848.6875	78969453.125	20205891.0	36747457.25	27277135.0	18347122.96875	48901117.0507813	49314515.75	59851028.25	46198181.25	26738212.8203125	34003016.5	44556077.25	45379693.5	32856591.5	60169394.125	43219146.625	42887500.375	51992839.125	41738857.375	45758695.25	42946336.875	40648648.9375	57745540.375	53396664.625	41400893.875	122833316.75	54530127.375	68438160.0	63668558.875
P62425	Large ribosomal subunit protein eL8 OS=Rattus norvegicus OX=10116 GN=Rpl7a PE=1 SV=2	58912407.5	49411391.875	64424654.875	72345221.6875	59031938.25	70070707.875	88931486.125	67043688.375	95829363.25	67389455.1875	89825999.125	77487609.375	55651308.6875	66924120.75	72910648.375	74341059.25	84428872.125	90976306.25	67443991.625	54059743.5	93804893.875	77563889.25	73155424.8125	143923990.5	76651468.125	90746863.875	100357731.5	116564792.5	81227931.5	97582652.125
P29066	Beta-arrestin-1 OS=Rattus norvegicus OX=10116 GN=Arrb1 PE=1 SV=1	178672742.75	187298657.75	167805644.25	168178568.0	168086264.0	232270248.8125	161102440.875	186275453.375	190465619.375	133648478.5	166265614.25	183623523.0	135052883.625	174133408.0	179965306.875	169711029.25	191100876.75	142036104.8125	176407410.25	143877870.625	163402835.75	161985691.25	117770444.75	171549099.0	203595755.0	218802024.5	193396219.75	166024794.75	171658329.25	170207038.25
Q64537	Calpain small subunit 1 OS=Rattus norvegicus OX=10116 GN=Capns1 PE=1 SV=3	415874512.125	144276134.21875	376282553.203125	167420809.5	95454716.6875	165540750.53125	65529938.9570313	115492594.1875	92209493.6875	73990858.375	141295318.71875	186712449.25	61124954.125	86623567.0	134777125.625	112489812.6875	92693392.78125	106715352.6875	91808938.125	48288047.34375	75004691.0	66026189.625	43948703.859375	113221319.125	70296893.5039063	97769175.625	208717095.125	75076804.75	151637605.375	95026994.5
B0BN85	Protein SGT1 homolog OS=Rattus norvegicus OX=10116 GN=Sugt1 PE=2 SV=1	712884910.0	422532361.90625	592099052.25	417810608.375	288700516.0625	503928021.6875	206313845.625	469577281.6875	288569933.125	242184871.375	607965165.0	526606236.25	378672559.8125	409502844.125	356298007.089844	337330307.75	472744523.8125	418786784.875	249222490.625	162933484.625	313927244.625	242832407.5625	235157705.828125	340864576.25	237914071.140625	430096756.375	710392840.5	236455940.1875	401366675.25	350328448.9375
Q29RW1	Myosin-4 OS=Rattus norvegicus OX=10116 GN=Myh4 PE=1 SV=1	3153896521.0625	2935570448.625	2846579540.79688	2638981980.8125	2108752298.5	2840047473.04688	2247898732.53125	2771550100.11719	2495365175.71875	2446924683.46875	3294943286.67188	2962802880.5	2347983220.71875	2504262367.21875	2915910682.0625	2675794700.78125	3773717378.60156	2729027466.875	2858679011.625	2434063530.78125	2688897424.03125	2635191647.75	2655392753.02344	2907636340.84375	2497299355.73438	2866020691.125	3256007011.9375	3005811058.40625	3038576604.53125	2839344198.1875
Q5PPG6	Nucleosome assembly protein 1-like 5 OS=Rattus norvegicus OX=10116 GN=Nap1l5 PE=2 SV=1	15968225.0	11518907.0	11701216.0	18404288.0	13083763.0	47575984.0	13539749.0	17368252.0	15288326.0	20457830.0	18137904.0	19740024.0	11709040.0	9968213.0	29953654.0	14949360.0	11594596.0	15511633.0	14163468.75	11649868.0	9880480.5	9745233.0	5886221.5	20945646.0	12891961.0	12007137.0	16281269.0	10037311.0	12612531.0	17433548.0
Q6VBQ5	Myeloid-associated differentiation marker OS=Rattus norvegicus OX=10116 GN=Myadm PE=1 SV=1	11105094.0	10015656.25	11679701.125	27993173.5	40299891.0	21330441.25	40000393.5	15476218.5	45990820.25	35269914.1875	10593693.125	16520960.875	44692347.8125	45089321.4375	28128062.875	46094793.5	48647173.125	36314281.25	53462892.375	22521225.5	54988313.375	49076360.0	33007666.625	28193804.25	45044572.125	60745190.75	17485337.625	31050995.875	21695674.75	54660289.75
P97526	Neurofibromin OS=Rattus norvegicus OX=10116 GN=Nf1 PE=1 SV=1	1522704045.9375	1111018927.16406	1196248887.03125	1192972191.78125	1190118140.30469	1034788481.1875	898719086.375	1042021820.57031	1149109855.125	1071907696.59375	1242913296.9375	1162553224.5625	1103052077.54688	1310040360.375	1323375992.1875	1339338036.5	1376302017.625	1196333479.40625	1166133497.5	1005034807.9375	1318204952.25	1302090963.75	1032384718.4375	958717157.4375	1257585695.625	1585269887.5	1267617754.6875	1249767334.0	1219862113.375	1327316215.5
O35180	Endophilin-A3 OS=Rattus norvegicus OX=10116 GN=Sh3gl3 PE=1 SV=2	469902578.0	511637676.875	520982323.5	517653010.5	404688598.25	465300561.25	433047374.1875	484133834.71875	426573201.0	419176410.5	447800477.0	491716444.5	472019876.1875	457354104.5	551752654.0	482986092.0	472079162.25	427679432.3125	467624799.59375	470383691.96875	466751514.125	446814443.0	493876212.625	421837416.25	457959654.0	434322361.0	515100061.25	501912499.75	497412295.625	440893082.75
O88377	Phosphatidylinositol 5-phosphate 4-kinase type-2 beta OS=Rattus norvegicus OX=10116 GN=Pip4k2b PE=1 SV=1	140549936.0	142757267.28125	160242134.125	121970542.25	136216927.5	117314774.625	176932413.25	134055875.25	163834817.0	104380700.125	194928520.9375	149090991.5	125329790.5	137375367.75	141843161.0	155975975.125	204291123.75	126384578.0	134644330.75	117193061.125	152025516.0625	152748037.0	130343073.875	204434786.0	155416427.75	203122186.0	224208255.875	222562521.25	166907097.5	163098815.0
Q63538	Mitogen-activated protein kinase 12 OS=Rattus norvegicus OX=10116 GN=Mapk12 PE=1 SV=1	20044125.5	15139687.0	23463812.625	24157937.25	39242063.5	14275167.0	34019271.25	22397375.25	37139568.0	19990754.5	16982639.5	21002427.5	34330935.25	42092482.5	21529969.3125	40648227.0	35542033.0	36683872.75	17866073.5	24199797.25	39204249.0	45872117.0	22899625.125	30786861.125	35798123.75	46420776.5	23435932.625	27452364.75	26122329.75	37861959.5
P18163	Long-chain-fatty-acid--CoA ligase 1 OS=Rattus norvegicus OX=10116 GN=Acsl1 PE=1 SV=1	162251206.0	127873151.5	170715191.015625	166759555.625	202508043.917969	95195409.125	150559253.875	132745439.625	245493764.75	197405535.5	167383456.875	179090614.4375	220904028.125	240869433.0	270499688.625	288091715.3125	204609390.875	249402667.25	212372101.6875	205470240.101563	247734435.25	228620525.59375	148463624.9375	295993984.9375	265436921.75	356381841.96875	224357816.03125	263044353.0	273283529.1875	302058508.34375
P13234	Calcium/calmodulin-dependent protein kinase type IV OS=Rattus norvegicus OX=10116 GN=Camk4 PE=1 SV=3	103078925.375	104243609.71875	88018807.125	95243740.875	92342395.0	103122732.625	99378621.75	100918102.625	109464884.25	70587918.0	89604145.1875	98882682.5	87282334.875	93194864.5	121437701.328125	102544563.0	110371271.5	98350946.5	108627277.4375	107442569.625	105247529.875	118912814.0	85997497.375	105670400.875	89701940.875	120151223.5	127417610.9375	104290684.125	112239520.8125	104001232.5
Q5U1Z2	Trafficking protein particle complex subunit 3 OS=Rattus norvegicus OX=10116 GN=Trappc3 PE=2 SV=1	109501618.25	76439153.25	118972673.5	104068622.25	151597584.0625	77449424.0	130107762.25	50580731.65625	153715016.625	183547223.75	84547952.1875	102805015.90625	161889508.0	206893491.375	122537010.5	179794444.0	155603571.0	188543539.625	139283986.375	94796068.6875	181195752.4375	154145817.75	118516627.625	128071103.0625	104287918.75	216998505.5	106204418.875	131099124.5	135759403.25	251940394.5
Q9JJ79	Cytoplasmic dynein 2 heavy chain 1 OS=Rattus norvegicus OX=10116 GN=Dync2h1 PE=1 SV=1	1176988697.47656	1762311472.09375	1096506017.20313	2032592931.27832	2242578785.54297	2051677772.85938	3357407033.78125	1872478828.9375	2517271218.92188	3914059947.625	1274275583.07813	2361864165.37891	1385358787.59375	4186528647.9375	3844533119.1875	4159843947.625	4690033809.1875	3140764735.60938	2156557771.13672	2004210989.8125	1553926529.21875	1543874091.6875	3151468867.8125	3448482717.90625	1411653738.3125	4864726923.95313	1453889930.625	3971869099.82031	3920232324.34375	4564652401.9375
D3ZHV2	Microtubule-actin cross-linking factor 1 OS=Rattus norvegicus OX=10116 GN=Macf1 PE=1 SV=1	6141058611.5	5508798637.85547	6016861782.86328	4744793427.01563	3686386287.39063	3690380714.48438	7405282617.17188	4603206535.72656	5512249061.1875	6281637090.03125	9924435393.14063	5450918794.5	4989504823.66406	4505354838.46875	8794153902.03125	6808343759.0	8028721603.375	5919664624.46875	5153711351.6875	3626590796.98438	9573422077.14063	6980431677.5625	8239166506.00586	8332074389.89063	5224948159.75	6864175713.125	9300810690.96875	6257748237.4375	7349510435.74609	6654478763.51953
Q9WTY9	Mitogen-activated protein kinase 13 OS=Rattus norvegicus OX=10116 GN=Mapk13 PE=1 SV=1	16736655.0	21947490.0	16774017.5	15402279.75	16619271.5	12065788.0	16015966.0	18359353.25	16450469.25	7433877.5	16974229.25	21056109.75	8005906.5	13997353.0	32420353.0	18717078.0	19263348.5	11851072.0	27224424.0	17524995.5	19600068.0	18517638.0	8356202.0	23745417.0	16339510.0	27138776.0	18201411.5	11498248.0	12930154.0	15407794.0
Q99MZ8	LIM and SH3 domain protein 1 OS=Rattus norvegicus OX=10116 GN=Lasp1 PE=1 SV=1	44567805.0	43424420.5	42270305.5	64665116.5	56694390.25	45067007.0	60693061.5	49107942.375	92950156.0	54960362.25	47309328.0	47891970.0	35300768.25	44282911.0	39675689.25	65565842.25	33393735.0	53233361.5	72022170.0	50566639.625	39228100.0	34605279.5	33417675.0	59457199.5	73131459.25	62730921.75	48905481.0	45057258.625	51616836.375	35559002.25
Q68FU3	Electron transfer flavoprotein subunit beta OS=Rattus norvegicus OX=10116 GN=Etfb PE=1 SV=3	133087569.375	148217591.5	185620705.0	139501510.1875	130039433.875	158317134.5	96049564.0	116705561.0	122474572.5	101590570.25	91053086.625	125681316.0	91976885.5	93596198.5	108343475.25	120271009.5	100105399.0	112199975.5	112625131.0	105735844.0	110109889.0	122673119.75	71823262.0	213712097.0	119163891.0	187084634.0	156911663.5	129122683.5	145850325.625	138540765.5
Q07310	Neurexin-3 OS=Rattus norvegicus OX=10116 GN=Nrxn3 PE=1 SV=1	4170097196.97656	4263460223.98438	4310712143.1875	3493539554.875	2708757485.0625	1829621995.75	6526721349.35938	2787298100.63281	4174658039.4375	4453352348.9375	8183496814.84375	3755097067.39063	4411461750.95313	3736249189.0	6027653421.625	5951846848.9375	7236406437.25	5107925324.8125	2838432051.5	2719131806.1875	8607862102.53125	6355519894.8125	8464545352.75	7073556575.1875	4720420244.625	6268168483.0	7411018492.75	5488273722.125	5876841666.375	5596545851.96875
Q6AYE4	V-type proton ATPase subunit C 2 OS=Rattus norvegicus OX=10116 GN=Atp6v1c2 PE=2 SV=1	100178607.03125	86654271.3789063	82194359.34375	166536505.25	96348200.875	106983756.056641	238721795.25	122682661.28125	167396233.0	189947755.75	170712335.0	130537886.476563	173103410.9375	152319190.5625	274756484.5	220986350.625	195255627.125	214270871.125	119563555.625	103324275.875	173832584.5625	123870396.75	204096346.125	273902215.125	210012247.375	141378421.757813	233422317.203125	199189146.5	193823118.375	261727924.84375
P19493	Glutamate receptor 4 OS=Rattus norvegicus OX=10116 GN=Gria4 PE=1 SV=1	617882585.140625	356156114.390625	555815514.6875	340491156.902344	205084231.375	399718579.9375	253931185.25	358129633.419922	292004036.0	218166073.375	514343737.25	450678462.75	237797223.375	267933358.125	304645480.328125	267395838.75	329055211.5625	312829610.90625	256525655.0	261629347.21875	278768998.25	246951196.125	202036573.828125	371020100.25	295000736.3125	371944179.25	599487019.125	311519982.84375	454643920.0	327545579.4375
P08934	Kininogen-1 OS=Rattus norvegicus OX=10116 GN=Kng1 PE=2 SV=1	2661120054.0	2253097568.125	3229298662.75	2142076107.5	1779721580.25	1330692892.5	4542953367.25	1800033465.78125	1837728877.0	3069897851.25	4497025788.375	2044750950.25	2252264986.8125	1888153380.125	5098520341.125	3428696112.75	4060832748.5	2947855619.125	2325014342.5	1241394492.8125	4442808400.875	3656818963.9375	4377506788.75	4601944290.375	1955549257.75	4523693867.0	4614912553.25	3624434572.5	4376799341.5	3410409739.5
D3Z987	RNA-binding protein 44 OS=Rattus norvegicus OX=10116 GN=Rbm44 PE=1 SV=1	3175623251.875	3377819293.71875	3532843699.5	2413187353.9375	1433241215.75	1247433981.625	4493637662.53125	2459015212.4375	2713990378.5	4190168825.46875	7063320799.375	2932758641.5	2701593434.75	1971829800.125	4540815895.53125	4038736329.375	4909126180.375	3219727947.125	3046347846.0	1494208014.84375	6433444649.13281	4311276014.125	5854198999.0625	5349413901.1875	2731684884.25	4002166119.75	6153882383.0	3336303692.25	4528528690.75	3628993278.0
P62198	26S proteasome regulatory subunit 8 OS=Rattus norvegicus OX=10116 GN=Psmc5 PE=1 SV=1	144318006.5	147791983.273438	160990337.78125	164411645.375	134034023.46875	199336855.78125	208328790.625	196172187.125	180932182.1875	87395863.625	277783328.5	195645249.0625	158006617.375	169243520.0625	169226965.75	165776665.5	200580597.75	157772445.3125	202073258.4375	171233673.625	176345649.5625	214357262.6875	177262991.625	226194614.625	186910190.5	203457660.75	234634448.375	214884109.8125	264848432.6875	233688740.625
Q9ERQ6	Chondroitin sulfate proteoglycan 5 OS=Rattus norvegicus OX=10116 GN=Cspg5 PE=1 SV=1	24643768.25	29888630.0	27523251.0	28962982.125	34715465.75	29725989.5	40111368.375	47661878.6875	38657814.5	30986767.75	65032609.125	45736514.5	40211626.75	43973923.0	30873332.0	43661263.0	46074372.5	40431274.5	44017031.75	56027309.0	41502592.0	47075769.0	41094497.0	39955304.125	54949427.0	45871081.5	51476232.0	50612925.5	36153112.0	44284889.75
P37397	Calponin-3 OS=Rattus norvegicus OX=10116 GN=Cnn3 PE=1 SV=1	81947589.25	76259411.0	76827080.8125	66961371.5	54751955.25	100069456.5	88902687.375	113243218.429688	72093913.75	65608795.125	122162908.164063	96885476.25	55548801.0	73760682.75	117016575.664063	75408942.625	76676505.609375	70633541.0	90327362.0	72706872.875	88516383.625	72181077.25	60164204.625	113882691.25	73180136.640625	84053208.0	111305073.75	78442646.75	106424165.125	84688825.375
D3ZFD0	Unconventional myosin-XVIIIa OS=Rattus norvegicus OX=10116 GN=Myo18a PE=1 SV=2	3856924968.57813	2835062601.57813	3005987849.60938	2866346155.90625	2349177675.4375	2906236183.01563	2568190526.13086	2534059625.23438	2546381710.125	2658969477.04761	3287336266.5	2952667936.25781	2686491913.125	2705218347.39844	3059144640.35156	3056366494.19531	4141606163.22266	3549464399.8125	3389927707.33667	3009865283.70313	3701111518.25	3533849851.25	4219322958.94531	3724742808.95313	3544013768.65625	3764174930.53125	3927197193.59375	4062447762.6875	3546961169.5625	3576251100.6875
Q9JKS6	Protein piccolo OS=Rattus norvegicus OX=10116 GN=Pclo PE=1 SV=1	3365477731.42188	2699151782.59375	3055036206.84375	2840606174.51563	2268917279.3125	3004046061.65234	2700230285.44531	2916160591.6875	2948460874.375	2721823970.03125	4222632608.40625	3246120009.0	2539026748.53125	3177909362.0	3341387720.78125	3210333617.5	3543777658.8125	2955334942.25	2681946854.89063	2448402158.62598	2903853863.07031	3079818851.54297	2228827407.67188	2890417881.8125	2544788104.15625	3514636655.6875	3785505175.21875	3163452497.75	2904648135.9375	3516398453.1875
P19643	Amine oxidase [flavin-containing] B OS=Rattus norvegicus OX=10116 GN=Maob PE=1 SV=3	15692696.5820313	20750278.53125	23180949.625	14419209.125	16805271.28125	26841697.0	14738681.5	21136217.375	17658790.40625	17068331.75	21555870.1875	19770962.5	17629000.8125	17465606.5625	19755619.9375	25423666.09375	12968427.0	18612257.3125	22342375.625	19187594.375	14389833.125	24332965.75	15099198.75	29137209.25	21520350.1875	18283840.625	35425848.25	21745331.4375	21943513.5	27847353.25
Q04666	Transcription factor HES-1 OS=Rattus norvegicus OX=10116 GN=Hes1 PE=1 SV=1	127753516.4375	139478681.875	126943987.3125	306007827.125	161707659.75	115744818.84375	812800822.75	151878770.625	310711552.75	228013671.0	216302358.75	168989106.0	274435600.25	221192464.5	268617665.5	299767985.0	516927366.0	351284566.0	237914658.25	249193662.5	610563860.0	366543894.0	549105856.0	432739524.25	242561265.25	294347265.5	314505973.75	541811317.5	319468929.75	389777666.0
P83732	Large ribosomal subunit protein eL24 OS=Rattus norvegicus OX=10116 GN=Rpl24 PE=2 SV=1	383358058.550781	260169258.375	327071325.125	283746065.0	252305133.5	342621774.03125	182846124.125	276562016.855469	307804474.768555	219598728.0625	315617967.625	349036495.75	235879812.046875	296793422.5	308127467.5	309703529.0	271578289.5	305390457.611328	289747887.15625	198790897.25	280494796.125	244692727.0	172763526.046875	326278432.5	266630994.0	360547880.125	434820633.875	289176105.875	382107029.125	334236245.5
P23505	Cell surface glycoprotein gp42 OS=Rattus norvegicus OX=10116 PE=2 SV=1	89251495.9375	181243710.96875	209734363.0	24695101.625	29525552.25	227499545.875	72184442.0	131382211.0625	54015533.5	23229322.25	144125387.9375	152598632.375	275887102.5	142038292.5	276888420.625	165475609.75	105748058.25	185699465.75	111121374.25	153835391.75	169132105.0	160805850.0	76115557.625	237032603.5	53457754.5	201764131.5	156226016.75	93556541.0	200492194.875	159879158.25
A2RUW1	Toll-interacting protein OS=Rattus norvegicus OX=10116 GN=Tollip PE=1 SV=1	124918361.0	97593865.25	111882387.5	94366706.9375	98969288.75	92295504.0	92081462.375	80296244.5	119488629.75	71649149.125	87920590.0	96538354.75	148690247.0	119243959.25	62744901.59375	86888950.5	144430938.0	85493462.5	85892596.5	64186074.0	71392304.5	96812840.25	126564660.25	65569630.0	56286595.4375	164249227.25	118424832.875	87223440.25	95269749.875	153975867.625
O88480	Calcineurin-binding protein cabin-1 OS=Rattus norvegicus OX=10116 GN=Cabin1 PE=1 SV=1	555362837.125	453676889.0	540231904.625	404724608.40625	339677137.25	438660784.0625	442384537.625	435356819.25	432076804.1875	415795106.25	515853056.3125	503933835.4375	393022612.875	410041873.9375	484998291.625	497148072.125	476697998.875	423708233.8125	425455804.625	465666151.21875	525033617.75	510156253.5	395227001.921875	557710760.625	453709282.1875	516253022.3125	589299505.625	489455943.125	557758301.8125	533011410.0
P80432	Cytochrome c oxidase subunit 7C, mitochondrial OS=Rattus norvegicus OX=10116 GN=Cox7c PE=1 SV=2	4298151.0	5859084.5		11235172.0	10734651.0	9302369.0	32518696.0	11286271.0	29568572.0	9633132.0	13370189.5625	8514207.0	13195542.0	12403382.0	10150927.0	11538898.0	18284512.0	12320329.0	14150937.0	6320792.0	27655774.0	14531415.0	18193778.0	21940406.0	27650020.0	15207563.0	12692054.0	29313658.0	11650281.0	18353466.0
O35952	Hydroxyacylglutathione hydrolase, mitochondrial OS=Rattus norvegicus OX=10116 GN=Hagh PE=1 SV=2	60311839.5	38829595.5	71359556.5	58775899.375	92554955.75	39012967.0	34909064.5	76605575.0	91085756.1875	39670379.0625	60581339.0	74031786.375	83195331.8125	115583444.125	61078078.875	92193103.875	90487921.0	95945113.75	57962359.375	76717378.375	99632365.1875	87948001.375	84162836.6875	112684466.5625	107592323.75	126378857.125	107098128.25	107504164.984375	108519248.0	107518983.5
Q792I0	Protein lin-7 homolog C OS=Rattus norvegicus OX=10116 GN=Lin7c PE=1 SV=1	43089789.125	39281103.625	28436363.5	42768382.25	33353242.0	57088471.0	16266029.5	48025967.0	41845440.25	38771250.0	43054936.25	50374984.75	43765969.75	61669710.125	44440815.75	46880108.0	49269897.5	55830130.5	45157421.625	60071687.5	24965663.71875	55662718.0	27216484.75	64928335.125	55781211.0	61639681.0	60004829.5	54558000.0	50747461.0	54860269.5
P97544	Phospholipid phosphatase 3 OS=Rattus norvegicus OX=10116 GN=Plpp3 PE=1 SV=1	3520952.75	4889937.5	3463527.75	5917559.5	8019416.5	6417598.5	7742928.0	5917045.5	11369970.0	8486566.0	4779635.0	5963102.5	8146244.5	12725544.0	4372457.5	7987082.5	8417165.0	7760399.0	8855716.0	8184330.0	5826753.5	9011293.0	7895770.0	6538780.0	9445740.0	11753004.0	6056284.5	11513347.0	6000752.5	8602173.0
P00564	Creatine kinase M-type OS=Rattus norvegicus OX=10116 GN=Ckm PE=1 SV=2	726840239.125	409565345.0	535521405.75	491162325.5	554998780.1875	467883900.5	659512421.5	429483092.625	663346093.0	555690612.9375	670631840.875	551141514.375	721546738.0625	810797261.25	529113069.375	620769569.25	921302977.9375	743186034.0	499687654.0	568517588.050781	670925841.601563	668976976.101563	600371237.8125	567541313.375	615861363.1875	907313650.5	713974013.625	774080314.457031	631743614.625	781068060.75
Q63372	Neurexin-1 OS=Rattus norvegicus OX=10116 GN=Nrxn1 PE=1 SV=3	530272233.40625	443211260.171875	565526450.570313	376118464.515625	368538900.28125	285175300.5	398989799.0	287119307.34375	381811873.875	337302368.128906	751287997.6875	452350450.6875	364289228.9375	373101144.75	677369337.1875	584491223.195313	625174631.125	578251032.304688	310259336.125	282645651.0	638636782.859375	545104855.875	586711263.625	651719802.230469	397841140.9375	643205224.5	793562818.375	571279596.5	539711241.75	515675493.0
Q7TQ16	Cytochrome b-c1 complex subunit 8 OS=Rattus norvegicus OX=10116 GN=Uqcrq PE=3 SV=1	19117680.5	19162503.0	11543442.625	19651127.75	18468492.0	19685185.75	34341131.5	21938531.875	24049551.5	23565933.0	19428886.5	26022363.5	21772642.0	26890209.5	22073479.0	30401059.5	28031423.0	25417823.5	22194635.5	17272252.5	30921467.5	29572301.5	22583537.0	31918483.5	35582780.0	29913839.0	23346129.25	31213887.0	24446655.5	32070345.0
Q64361	Latexin OS=Rattus norvegicus OX=10116 GN=Lxn PE=1 SV=1	182640700.75	100910657.125	89006131.75	90920237.0	104759683.25	123587523.75	116642675.75	100893325.5	102755459.75	69756750.75	92447106.0	90792911.0	100230451.0	151565708.75	107366745.5	189527253.75	110149463.0	160496793.0	93739333.25	107997139.0	209753368.75	90271551.0	79785372.5	146014842.0	170566117.625	231523213.25	109431520.0	122819479.0	130471228.0	95436076.75
P18298	S-adenosylmethionine synthase isoform type-2 OS=Rattus norvegicus OX=10116 GN=Mat2a PE=1 SV=1	78145147.9375	83692224.1875	77216972.90625	101846299.0	122900358.25	56569967.5	171648628.375	75313824.875	120476266.5	137258038.25	99469346.5	94281998.5	172908393.25	134275425.0	122391424.6875	147294756.25	167147114.5	124671933.84375	108291278.5	128635337.0	155827243.75	135489417.0	183452457.125	121236190.0	174338017.5	140701314.5	71303549.0	173372179.0	128240800.5	143301575.0
P25409	Alanine aminotransferase 1 OS=Rattus norvegicus OX=10116 GN=Gpt PE=1 SV=2	149852901.5	133431664.25	92123410.1875	117138274.5	92045060.8125	168743968.5625	103513905.25	186546606.875	119278251.5	120968030.25	187912325.25	155401655.625	87188736.25	122429006.25	146101120.90625	118940170.75	120327904.75	95338045.0625	96353573.5	104896451.75	115341381.6875	108905010.875	85314679.375	125801556.5	100420841.9375	139833399.75	152837417.0	124059451.0	119342811.0	133133094.25
P70627	Glutamate carboxypeptidase 2 OS=Rattus norvegicus OX=10116 GN=Folh1 PE=1 SV=1	205431634.9375	184344141.25	278875469.296875	182069740.3125	207452486.75	212974278.09375	241911506.845703	197877155.1875	244186922.03125	183225543.125	237012429.908203	218325923.21875	225141822.875	267923471.21875	217628110.25	282019832.125	335479308.1875	293920449.28125	293116659.1875	220166611.125	366450609.265625	290812178.375	296404863.0625	331688331.125	313817359.875	375013884.625	258758327.625	283834981.800781	261837982.5625	357283155.34375
Q05030	Platelet-derived growth factor receptor beta OS=Rattus norvegicus OX=10116 GN=Pdgfrb PE=2 SV=2	638613094.5	398352521.25	568157526.375	477650525.125	576336311.0	436133314.25	419037508.5	465474566.75	575327462.5	470330081.25	434550653.375	580286639.0	503816456.75	524462152.5	477287190.5	531541423.0	547207978.25	529629364.25	484665835.0	473686711.25	554039467.0	571143035.0	357387231.25	466925664.0	555848195.75	705150347.25	600750801.125	476046726.375	585992061.0	647877660.875
Q8R431	Monoglyceride lipase OS=Rattus norvegicus OX=10116 GN=Mgll PE=1 SV=1	15528394.5625	11917004.625	11569690.375	20313832.0	23208598.0	29927393.5	6821844.5	13103533.875	18127174.0	25310423.5	9471100.5625	11795550.5	16539160.125	17390356.25	1492835.375	10961539.0	11025365.75	11666412.0	1236839.125	12825928.8125	7651524.375	14304205.0	7094801.5	8512680.0	13966887.25	17648373.5	12668014.375	11236874.75	1193877.125	15382621.5
Q9ES40	PRA1 family protein 3 OS=Rattus norvegicus OX=10116 GN=Arl6ip5 PE=1 SV=1	29170671.25	20477363.21875	26101777.375	26046114.25	21656996.125	16659637.65625	25239290.75	12429221.5625	14354631.75	14574676.75	26178151.5	15378905.15625	11024988.875	18555231.0	15598126.5	12407152.25	18336808.0	12824529.5625	12743138.0	10467644.125	15420677.0	13924417.0	12271494.125	10716627.5	7495876.5	20164834.0	14800325.25	9057557.125	12138027.5	11576326.75
P11950	Cytochrome c oxidase subunit 6C-1 OS=Rattus norvegicus OX=10116 GN=Cox6c1 PE=1 SV=3	135902869.25	78449123.09375	80916913.875	77289976.5	77168663.75	96062413.5	111544410.5	85993587.0	90168487.0	85475174.0	98808400.0	99415641.0	75609781.75	98028016.0	90279369.875	89838314.5	96512993.0	90589663.25	91696125.875	54957273.0	98396062.25	88016211.0	65005588.3125	95292196.25	88117980.125	92091645.5	96179763.0	101537258.375	78304683.0	92561044.875
P24135	1-phosphatidylinositol 4,5-bisphosphate phosphodiesterase gamma-2 OS=Rattus norvegicus OX=10116 GN=Plcg2 PE=1 SV=1	1718841125.875	1555957011.98438	1613497178.875	1613489569.75	1601702021.0	1623747557.125	1570172985.17188	1366057747.96875	1333175908.75	1798393679.5	1528566249.875	1670656733.5	1861724137.625	1695436503.4375	1928346530.375	1943952852.25	2098288112.125	1884452576.6875	1622110756.75	1748175333.6875	1444655733.0	1211955441.5625	1214962357.4375	1737747764.875	1588276988.5	1262010571.0	1647095191.875	1591756443.625	1788347590.96875	1888717955.375
Q9ERC1	Unconventional myosin-XVI OS=Rattus norvegicus OX=10116 GN=Myo16 PE=1 SV=1	448057558.3125	528252178.125	359477288.5	527837818.3125	369032501.03125	363316616.3125	349945592.484375	409712067.28125	461840059.5625	389071933.15625	515224543.4375	530438108.015625	309489496.1875	425090963.0	411501131.5	392603822.25	399629987.25	448905765.25	390531220.9375	400769429.15625	459046065.5	344591496.96875	454090280.5625	495353572.375	398907181.03125	421853891.0	596879340.625	468535293.0	440392990.75	445004530.8125
Q566C7	Diphosphoinositol polyphosphate phosphohydrolase 1 OS=Rattus norvegicus OX=10116 GN=Nudt3 PE=1 SV=1	270407818.09375	143578315.09375	186006257.523438	205879963.75	188371738.5	208070045.71875	398001735.0	232057019.375	342865072.5	292911212.25	768828961.578125	342782102.84375	298927489.5	288435625.625	379719091.046875	366659675.25	526441351.5	354616104.75	199880100.515625	239929484.75	415215120.5	365897619.5	337192900.984375	355069816.09375	345361034.0	314111541.0	386547859.734375	447999909.5	263089182.15625	400413806.75
Q8VGC3	Voltage-dependent L-type calcium channel subunit beta-2 OS=Rattus norvegicus OX=10116 GN=Cacnb2 PE=1 SV=2	1516647703.125	1351953265.0	1190086532.625	1238468807.5	1126670713.625	1458123168.75	944624524.09375	1317380053.125	1306637925.25	1136842846.25	1285156700.375	1323794757.4375	1036501422.5	1560845093.5	1143877996.0	1201796192.0	1308232652.875	1239439857.5	1212026367.25	1068485484.54688	1140275819.375	1188954353.5	793485275.625	1082165586.125	1216727643.625	1593102985.25	1730945594.5	1426542194.75	1401261981.0625	1375315287.5
P18265	Glycogen synthase kinase-3 alpha OS=Rattus norvegicus OX=10116 GN=Gsk3a PE=1 SV=1	61289431.625	48065375.71875	28618450.0	52748466.625	61583496.75	54172320.0	53205534.53125	43875492.1875	65843732.75	44756642.0	49767683.5	61107671.5	50994077.65625	63816626.25	48441871.6875	61101601.5	52884680.875	65426005.75	55631941.75	58060196.5	62258724.5625	48633902.0	50388741.125	54961140.625	54082001.125	76558333.5	65264464.5	53069410.25	51574292.5	52902797.515625
Q63797	Proteasome activator complex subunit 1 OS=Rattus norvegicus OX=10116 GN=Psme1 PE=2 SV=1	158457630.625	157437967.0625	77450192.75	146426876.5	100541172.125	162685839.5625	171725689.9375	206746703.25	167350129.125	200481142.3125	140694266.625	238149553.25	183475007.71875	213558442.625	266880434.5	190709367.875	219536542.625	198790559.125	169730974.5	194521326.125	201782744.75	131646390.535156	294331914.84375	280407402.5	248547915.0625	140045644.875	267094398.0	294436824.9375	178777029.125	242351042.875
Q5U1X1	Oligoribonuclease, mitochondrial OS=Rattus norvegicus OX=10116 GN=Rexo2 PE=2 SV=1	176696197.875	152872467.90625	176457612.8125	175287389.625	162610796.5	176073723.9375	112334755.5	145105058.6875	233557957.125	190939869.125	153555730.5	203863911.75	156801166.46875	222993161.375	185480081.875	204782163.625	204809047.34375	211192995.25	194879099.0	180024546.875	183130117.0	193135762.5	133566981.375	174913269.625	202097080.5	259898499.25	248065024.0	231306738.0625	209524033.8125	252406388.375
P04182	Ornithine aminotransferase, mitochondrial OS=Rattus norvegicus OX=10116 GN=Oat PE=1 SV=1	407319164.25	271129168.3125	294274626.125	304754788.875	303083526.0	266610665.3125	284094942.625	292306548.0625	392269042.75	294482642.625	376503939.1875	372534389.625	415469371.25	452942162.5	378710108.25	410452628.75	459143186.75	458344429.5	306881072.0	323371019.5	436967168.75	337437201.0	298373469.125	423108641.25	391519039.25	541825718.5	499857543.75	421512545.625	473941918.75	499709780.0
P24587	A-kinase anchor protein 5 OS=Rattus norvegicus OX=10116 GN=Akap5 PE=1 SV=2	139945929.625	150289501.5625	126480304.725586	120563686.90625	111779450.3125	172241471.90625	122625438.3125	175459552.5	121762086.0625	93385800.1875	154410917.21875	175723487.335938	83745451.5625	115998174.75	158591197.390625	107166001.25	112669391.6875	104795609.3125	112633880.0625	156472772.242188	109323376.640625	116760493.625	77304931.828125	162457124.25	111743154.75	138816944.125	206157660.4375	107842828.882813	147215750.625	122104779.3125
O54889	DNA-directed RNA polymerase I subunit RPA1 OS=Rattus norvegicus OX=10116 GN=Polr1a PE=1 SV=1	554197266.53125	429247313.65625	426401589.09375	425088247.8125	412339101.664063	550575430.34375	444055758.109375	459830808.851563	522352339.28125	356616289.4375	501633646.75	508965872.125	388664296.3125	547524457.0	514530796.09375	515221369.5625	573121912.25	452388299.0625	405254286.4375	445317758.65625	551321344.791016	491863947.0625	390783960.609375	544563735.9375	518884408.375	633733509.195313	631456322.976563	508929098.640625	574341594.65625	551963166.125
Q63269	Inositol 1,4,5-trisphosphate-gated calcium channel ITPR3 OS=Rattus norvegicus OX=10116 GN=Itpr3 PE=1 SV=1	2308660100.125	1225153375.4375	1873004329.67188	1458260482.03125	1230756586.78125	1268143722.1875	948789853.125	1079937082.04688	1239587752.625	1254646710.5625	1509940154.90625	1457139866.53125	1150710564.75	1349127607.34375	1312257891.15625	1403695643.75	1509015572.9375	1447689694.6875	1200574239.875	1084445245.0	1317103737.46875	1187097155.71875	1075812474.5625	1409612077.625	1108614557.53125	1606567976.25	1831324677.1875	1308599699.53125	1555502657.8125	1618737441.5
Q9Z327	Synaptopodin OS=Rattus norvegicus OX=10116 GN=Synpo PE=1 SV=2	871867799.125	911259138.375	660012580.375	611337020.9375	442386447.179688	810304483.625	542902472.1875	733263007.25	509224686.25	385147901.0	865774049.625	709409335.75	483024219.875	495988138.625	659937649.375	620442211.625	800081727.375	600348448.875	512905222.0	493346472.8125	589011812.1875	606078112.5	584866367.6875	862628750.625	596779494.8125	617993581.75	1149815870.25	719782347.0	704377285.625	628555704.5
P28492	Glutaminase liver isoform, mitochondrial OS=Rattus norvegicus OX=10116 GN=Gls2 PE=2 SV=3	206661940.5	198366585.25	170581146.4375	130552082.5625	104195709.0	258389229.5	182773803.5	213445974.25	145087629.0	148879802.5	386066157.6875	205305563.9375	133144026.75	153365416.25	186903130.5	149440619.125	171235468.5	149569995.375	145767149.75	142175614.375	197000066.625	154296859.75	122550390.6875	207300826.0	148743183.8125	147623468.75	241126850.75	187923794.125	176080146.875	174119427.75
Q924S5	Lon protease homolog, mitochondrial OS=Rattus norvegicus OX=10116 GN=Lonp1 PE=2 SV=1	296125236.875	237493048.482422	283505552.1875	290666065.875	286095483.976563	283910172.5	279613510.125	263258145.46875	335485197.84375	212846488.078125	339985669.125	290543150.0625	261063324.625	306020847.5	292349682.019531	309580806.25	349476057.3125	284374000.453125	289016428.625	266776724.609375	296738410.46875	309623293.25	224909864.125	312387676.0	307690964.875	383140381.46875	334166042.375	325404243.125	308214480.0	312419646.767578
Q64640	Adenosine kinase OS=Rattus norvegicus OX=10116 GN=Adk PE=1 SV=3	27902678.109375	28454503.3828125	18220944.875	38614307.0625	37238768.0	43413409.375	62263961.875	54824108.125	58788287.28125	53380698.0	74283458.0	45003918.625	51280499.75	43149499.875	55308817.375	68838996.1875	65653443.25	46875551.75	46355280.125	48019903.375	43805936.75	54897277.25	51743201.25	54591058.375	66986005.5	44971164.625	54217648.25	79414475.5	43520748.9375	56885996.0
P54283	Voltage-dependent L-type calcium channel subunit beta-1 OS=Rattus norvegicus OX=10116 GN=Cacnb1 PE=1 SV=1	39669047.25	43830075.25	28257170.75	31097852.125	38201999.5	61066799.75	41370597.25	48473093.375	44459310.0	40653233.25	35158103.875	44428051.625	35765160.5	40039150.0	37421404.25	47058886.0	37784777.0	43605087.25	39635591.25	25255454.625	53669808.75	39356553.0	26867333.25	49366844.75	48358262.25	70341739.25	42535843.5	56953389.25	53476355.25	38035553.5
Q3SWU3	Heterogeneous nuclear ribonucleoprotein D-like OS=Rattus norvegicus OX=10116 GN=Hnrnpdl PE=1 SV=1	188342169.625	107227171.75	181771000.4375	150579601.8125	261461441.6875	103369996.1875	157069313.125	85216654.25	181722946.0	219775296.5	108961479.0	138691097.5	205060394.1875	234805967.5	179827015.25	238302951.25	236851230.25	215907032.125	170676788.25	157006894.8125	201416479.25	205572797.25	162178063.0625	171271959.75	215362878.5625	209597997.125	141474632.75	171326980.5	138430025.25	250529371.5
P54287	Voltage-dependent L-type calcium channel subunit beta-3 OS=Rattus norvegicus OX=10116 GN=Cacnb3 PE=1 SV=1	132633834.25	70569483.125	117167963.3125	95169251.25	100072343.875	88324254.75	39709020.3125	99221775.625	63900496.0	75240185.25	94904337.0	121882824.25	74046598.0	85927833.25	99237465.375	119709175.0	126312536.875	133939667.625	86515250.5	53913511.84375	97200415.75	68769936.25	55710626.625	79433025.375	55995315.9375	135366881.0	106254082.6875	68113651.0	116628442.25	134183908.25
P04166	Cytochrome b5 type B OS=Rattus norvegicus OX=10116 GN=Cyb5b PE=1 SV=2	131451544.0	108823669.0	169387915.0	175775160.875	186408174.25	130136592.0	165160934.625	129316371.0	266411096.0	360509897.0	101478719.0	161977483.5	280531416.5	276267243.0	262298556.25	368721853.75	269068982.0	251328782.0	253174738.0	242890983.5	251066725.5	270438096.5	365070865.0	289737031.5	339503940.5	278649793.0	179994082.875	220312973.5	172929702.0	326252211.25
D4A055	Voltage-dependent L-type calcium channel subunit beta-4 OS=Rattus norvegicus OX=10116 GN=Cacnb4 PE=1 SV=2	198160340.75	122642953.625	171424395.375	125703872.5	119431289.0	152898297.25	141979364.875	160945499.0	197965758.625	151266469.0	298226332.5	229081724.5	137203456.875	164594318.625	192119516.5	177031102.5	203430670.0	162884421.5	152608391.5	109152728.0625	205645065.75	178101426.875	119726620.0	165506773.25	139692264.25	199448208.5	261021218.0	172709140.75	187892784.75	184015213.0
Q03346	Mitochondrial-processing peptidase subunit beta OS=Rattus norvegicus OX=10116 GN=Pmpcb PE=1 SV=3	292223060.5	210009775.75	241317153.5	228143405.25	197681255.0	108736171.0	272326558.75	135668709.75	179935079.25	197359182.25	250239790.25	162440263.75	220914288.5	191491507.0	259286724.0	237852909.0	326827464.75	217803273.25	218369250.5	184729580.0	315383277.25	316469456.0	263134412.5	258868980.25	167376447.5	327289702.5	257353973.0	207961696.0	236929808.0	234414392.0
G3V7W1	Programmed cell death protein 6 OS=Rattus norvegicus OX=10116 GN=Pdcd6 PE=2 SV=1	7266739.5625	5515180.0	6239658.375	6849668.75	9649312.375	8735077.5	30689436.125	8137363.75	12498478.5	7315000.5	55439770.125	15508248.625	12623630.75	12586921.25	11446310.625	15257430.5	39252487.0	17629736.0	4181431.5	25561251.5	8761486.5	11318463.75	8527798.0	7743967.0	16375116.0	17867530.875	17153329.0	41362528.0	8502241.375	15590546.0
F1M0Z1	Triple functional domain protein OS=Rattus norvegicus OX=10116 GN=Trio PE=1 SV=4	864533473.148438	676072924.6875	828099640.4375	851043680.25	801835873.375	779043988.476563	654644317.8125	781996154.242188	964867103.75	690494711.3125	781173103.0625	862449065.25	816103560.34375	898682727.4375	856294998.734375	979779798.5	785502990.71875	845197411.0	836430528.8125	730480291.6875	836712509.0	835890211.0	570497612.552734	916313534.6875	802693876.75	1103278501.875	992981148.125	852995046.75	961881298.46875	1102670221.9375
D4ACE5	Protein inturned OS=Rattus norvegicus OX=10116 GN=Intu PE=1 SV=1	537458492.25	411221649.5625	490548319.84375	415907385.707031	366230279.9375	459617879.5	351301036.5625	409477500.78125	437866977.0	338964500.5	386394701.75	431750179.5	308774775.226563	380720481.5	482354829.933594	410677986.875	387030911.0	398940553.8125	448828866.5625	317593767.609375	425685916.96875	362287116.15625	265183922.765625	522182742.0	373011517.0	479929145.375	539937456.5	379402103.625	486946604.0	405439001.1875
P26770	Adenylate cyclase type 4 OS=Rattus norvegicus OX=10116 GN=Adcy4 PE=1 SV=1	101936614.203125	271068124.984375	102896775.707031	138476146.65625	1229161974.40625	125941113.65625	139489187.375	483116974.6875	111416258.09375	134920149.125	170169389.875	87293222.0	129044568.03125	165670181.21875	135085016.890625	153951929.894531	182814130.65625	222840784.59375	123600570.6875	696079035.375	1214252079.75	185812286.625	961459584.25	214237553.0	211264626.578125	243180027.71875	486696501.75	251736101.125	593408473.375	180294133.03125
M0R8U1	Dynein axonemal heavy chain 5 (Fragment) OS=Rattus norvegicus OX=10116 GN=Dnah5 PE=1 SV=1	2460502880.14063	2488219821.65625	2201535611.78125	2445315110.90234	1672862112.45508	2474351669.64063	2199364408.5	2538256427.66797	1964045535.8125	1806410238.80762	3437877068.125	2605327665.8125	1864509930.19922	2092129999.28906	2632817148.42188	2156914353.65625	2697943524.51563	2244492280.9375	2148637383.5	1792200225.55469	2189113450.66406	2247809003.21875	2051411231.15625	2672422029.625	2086295553.46875	2368336233.40137	3035303163.65625	2442931228.125	2689620460.40625	2370943894.125
Q04400	Adenylate cyclase type 5 OS=Rattus norvegicus OX=10116 GN=Adcy5 PE=1 SV=2	372852009.9375	394733237.0625	289044688.4375	275240123.84375	239413126.375	329012755.4375	275628459.1875	358770539.6875	304260353.71875	224337014.15625	389084972.625	353219914.75	298448626.90625	361758995.03125	262332652.625	280495507.75	375862749.75	297766669.25	311388716.75	351434150.75	343143640.6875	369419646.0	277362540.59375	373464364.5	244895466.875	499306801.3125	557122971.523438	306286928.875	342996181.625	342603804.125
Q62745	CD81 antigen OS=Rattus norvegicus OX=10116 GN=Cd81 PE=1 SV=1	7105298.5	11699015.125	6196002.0	12913728.5	18357776.25	5994114.625	13037019.0	11012132.5	18315538.0	11573284.0	14732799.0	11837769.0	23323259.0	24334404.0	20206848.5	24502210.0	30133683.0	24726468.5	23648208.25	18776674.5	34854974.0	26306651.5	31274193.0	25428446.0	30377940.0	34442946.0	15744290.0	26666404.0	18409384.5	29337198.0
P31643	Sodium- and chloride-dependent taurine transporter OS=Rattus norvegicus OX=10116 GN=Slc6a6 PE=1 SV=1	11304321.0	11572657.75	7565105.0	35500698.25	12953121.5	14033962.25	21177451.375	23234559.75	24747074.5	10781733.21875	20048728.25	11249279.125	7657764.5	15850908.25	26275083.0	20252372.75	17441678.625	18413989.75	26855159.5	13429770.8125	26037137.0	15219830.125	9479870.5	36379845.5625	10620033.25	30123082.75	12480082.5	16762297.0	12606420.125	21227413.75
Q6IFW2	Keratin, type I cytoskeletal 40 OS=Rattus norvegicus OX=10116 GN=Krt40 PE=3 SV=1	603698248.0	247680591.9375	398225934.375	321470137.75	277813477.125	307455088.5	271560956.0	304549686.75	350189310.5	313125210.0	402168925.21875	373771089.8125	366744375.0	337179001.125	368211876.5625	341654474.75	380580706.75	366406268.125	237615951.5	186606368.09375	297695922.875	311892052.625	247436757.96875	356267650.0	230461985.8125	479473822.125	483347548.875	276047799.75	383789791.75	436656145.875
P59649	FXYD domain-containing ion transport regulator 7 OS=Rattus norvegicus OX=10116 GN=Fxyd7 PE=1 SV=1	93177691.0	50108986.3125	65598026.6875	50548272.75	49460538.625	50360932.0	35024997.75	40651846.5	49232973.96875	49257756.75	49929365.5	53148575.125	44807217.0	53833549.25	57348420.625	45174014.5	43439703.0	48676062.0	43841236.5625	45121380.5	45936318.25	38788912.875	35560505.0	47574902.75	43994663.5	57357171.25	57339819.0	43616023.0	52417846.625	49320511.0
Q6P7P5	eIF5-mimic protein 2 OS=Rattus norvegicus OX=10116 GN=Bzw1 PE=1 SV=1	264456543.539063	187785651.4375	211423814.921875	205779733.015625	253945548.75	179258238.1875	273482808.0625	178966444.0	248451341.75	197121771.375	215267266.0	191156333.375	216781319.0	231589374.34375	248174151.125	225681512.0	269741155.4375	215697124.625	211143853.75	184249241.0	333945024.875	243301399.375	299201038.375	222009761.0	261865049.0	196726885.25	194825326.25	306771944.5625	158890769.257813	215431884.75
Q8R523	Voltage-gated potassium channel regulatory subunit KCNG3 OS=Rattus norvegicus OX=10116 GN=Kcng3 PE=2 SV=2	245553628.625	192874134.4375	220776467.375	498860904.125	281008830.25	172638891.0625	693773846.0625	141387602.15625	432880509.75	216940285.0	160877237.03125	167718339.5	292174611.3125	228713541.25	333271760.6875	345725307.625	576549322.59375	447645841.0	260650977.5625	340569733.5625	744311508.5	250291532.15625	422114541.875	507007496.125	279140030.25	390247180.125	333827290.75	350085455.75	367611567.0	397934446.5
Q5U4E6	Golgin subfamily A member 4 OS=Rattus norvegicus OX=10116 GN=Golga4 PE=1 SV=2	2344950107.40625	1701895254.46875	1925480375.72266	2001597410.55054	1752940703.9375	1652200299.01563	1801920661.45313	1631895457.21875	1970977016.21875	1705966358.45313	1964200781.35547	1987493665.89063	1737435362.01563	1987291040.64063	2299964372.27344	1961000731.0	1977694254.93359	1917469620.75	1859210583.5	1577943562.51563	2147409080.30664	1890698048.31299	1502102244.9375	2282659472.9375	1736617125.92188	2440954131.625	2583554057.125	1919310225.46094	2355124423.25	2139388626.79102
Q6PDU1	Serine/arginine-rich splicing factor 2 OS=Rattus norvegicus OX=10116 GN=Srsf2 PE=1 SV=3	69077478.6015625	59863588.8125	87146194.421875	94155293.9375	100451741.6875	71581069.09375	192696639.375	121522416.8125	123459146.875	166189349.4375	206129546.75	124810338.875	85052263.8125	92299840.875	228766789.3125	182961727.4375	155567599.0	150100484.875	124196809.5625	96395572.0	153635823.53125	114852444.875	135264660.1875	291899136.125	99501010.75	126119665.125	72845497.0	146126710.375	201826324.953125	220144966.5
P27653	C-1-tetrahydrofolate synthase, cytoplasmic OS=Rattus norvegicus OX=10116 GN=Mthfd1 PE=1 SV=3	730784800.875	497542510.0625	626359752.4375	688913735.375	832506144.5	590553951.0625	624255058.75	513829842.125	859758279.25	840476533.75	606875772.0	608214895.25	689545918.75	784377964.0	663534133.5625	797313718.75	734809533.5	795123782.0	699098641.0	454142329.25	783462256.25	686590651.75	578372046.875	687013503.25	585657913.75	899810595.75	674183170.75	724002812.625	764598045.75	1008283318.75
P97888	Serine/threonine-protein phosphatase 2A 55 kDa regulatory subunit B gamma isoform OS=Rattus norvegicus OX=10116 GN=Ppp2r2c PE=2 SV=1	91744264.75	88778709.5	89273238.5	111021725.625	136476556.0	92459675.5	128712340.625	99243366.5	165010118.5	113758812.25	82827351.0625	108360740.25	125207464.5	142437065.0	113893189.375	146349240.25	130916422.1875	120903277.0	135499318.125	55951110.875	144191860.5	137587451.625	112232296.125	108240245.0	210748739.625	200615861.75	105827743.5	144702797.0625	123952778.5	159013401.0
Q7M767	Ubiquitin-conjugating enzyme E2 variant 2 OS=Rattus norvegicus OX=10116 GN=Ube2v2 PE=1 SV=3	268347450.375	133814886.5	253690806.75	170376010.625	133658654.6875	185000762.625	108598747.875	148120975.578125	123944289.25	101803583.375	140461477.90625	177243050.5625	95620801.125	144066745.75	150458189.5	134462446.625	127489383.875	127665106.25	149090164.25	87149041.625	106961468.90625	126543453.71875	55359603.875	69134777.375	89261492.28125	149765921.625	173340150.625	94594862.125	151475470.25	125690419.625
P31646	Sodium- and chloride-dependent GABA transporter 2 OS=Rattus norvegicus OX=10116 GN=Slc6a13 PE=1 SV=1	3978384.9375	10316443.1875	7414992.515625	9836882.375	13082934.5	3480167.8125	16852264.5	3626706.0	16920562.375	12286694.125	6322106.0	10191329.25	13498849.25	8828309.0	13152151.0	13545581.0	19474717.125	11344920.25	13031179.0	17248159.25	19334873.0	22538212.5	16927435.9375	16520012.75	9564318.25	23727409.25	8639992.875	17660495.0	20910419.5	13366052.75
O54874	Serine/threonine-protein kinase MRCK alpha OS=Rattus norvegicus OX=10116 GN=Cdc42bpa PE=1 SV=1	1740412231.96875	1628815620.75	966644513.21875	2033747870.6875	1153026820.34375	1161826976.5	1455008701.6875	1336564062.875	1732899036.1875	1150751002.5	1886912563.70313	1496982366.6875	1191949362.375	1483663763.3125	1404034181.0	1841691072.0	1741918433.375	1902609524.125	1743194833.5	1517222177.75	1775016582.68555	1831300581.375	1722899847.875	2195424969.78125	1471846289.5	1791239275.4375	1700305473.0	2209144712.16016	1662781615.75	1978490402.90723
Q5M7W5	Microtubule-associated protein 4 OS=Rattus norvegicus OX=10116 GN=Map4 PE=1 SV=1	315262478.75	338922561.875	308303328.875	336517611.0	301931312.304688	430060003.1875	219452942.6875	396518318.875	336838876.375	255704123.6875	368558498.25	382061589.0625	288910374.75	331282573.75	370747949.25	341353028.875	344413339.375	336604345.5	345007142.0	366649395.4375	325666293.875	370698125.625	249912063.125	314317080.0	332804874.5	423340997.25	508161016.4375	374023763.015625	403070123.375	364777595.5
P28570	Sodium- and chloride-dependent creatine transporter 1 OS=Rattus norvegicus OX=10116 GN=Slc6a8 PE=1 SV=1	3364081.5	3626318.0	1999382.625	4304642.5	5365604.75	5632305.0625	10997132.0	9172911.0	15986258.5	12569678.5	19028402.0	7301249.0	6872001.0	8986315.0	20749994.0	10024627.0	10506085.0	8005891.0	19447400.0	9540793.0	20671168.0	17263916.0	19496780.0	14241902.0	15085521.0	10889662.0	14497260.0	16112991.0	12987800.0	9773568.0
Q63170	Dynein axonemal heavy chain 7 OS=Rattus norvegicus OX=10116 GN=Dnah7 PE=2 SV=2	1467182296.70313	1281333726.94531	1202371904.96875	1387225082.32813	1171540041.42188	1305029227.66797	1828712589.875	1420194974.46875	1481305878.8125	1187863643.98438	2172859224.70313	1550376214.32813	1285699775.375	1267806395.78125	1656832065.30469	1582772931.25	1939839928.34766	1516951046.82813	1174334830.5625	1165118829.87891	1747168388.75	1512868743.21875	1315607236.40625	1800556685.875	1431934464.42578	1714376518.25	2083572526.98438	1610506985.65625	1656357144.9375	1693181562.53125
Q9Z1N4	3'(2'),5'-bisphosphate nucleotidase 1 OS=Rattus norvegicus OX=10116 GN=Bpnt1 PE=1 SV=1	130824342.6875	75562852.25	88401444.0	99428296.0	137405355.25	96278232.25	89278112.1875	79127501.0	125217427.5	100799078.375	72654615.375	86121902.0	62352103.125	81137111.125	82722143.0	89250012.0	114436565.5	84416244.25	85361379.0	48274782.75	86777196.75	60829096.125	72175552.0	115484165.0	88562468.0	140064738.6875	107535643.375	83893335.0	80784312.125	139092497.0
P35171	Cytochrome c oxidase subunit 7A2, mitochondrial OS=Rattus norvegicus OX=10116 GN=Cox7a2 PE=1 SV=1	7322174.75	7496118.0	4179440.34375	6877873.75	6197002.875	8450552.5	15860686.5	16909577.0	10293545.25	7724218.25	8782155.625	9288200.25	9752921.125	8867326.75	7265108.0	17700374.0	10328473.5	6215270.5	7940393.5	4449723.25	14603169.4375	12939357.0	10775437.59375	13166284.5	16483185.25	11176847.25	17619485.5	11978523.25	12958723.5	17169806.75
Q9JIX5	Chromodomain-helicase-DNA-binding protein 8 OS=Rattus norvegicus OX=10116 GN=Chd8 PE=1 SV=2	1539014932.1875	1114768017.04688	1184131625.1875	1231779277.9375	1171520568.98438	1126059036.6875	1398420990.875	1077431596.20313	1310023548.8457	1062423930.09375	1602946394.04688	1277110649.75	1374666615.9375	1387303070.45313	1054941506.9375	1353450530.0625	1821753263.17969	1431421224.75	1164044376.75	1149602417.57031	1417263137.64063	1384380617.40625	1495189976.5625	1328204777.625	1434124694.1875	1552671989.47266	1609451923.96875	1757463163.28125	1370746279.5	1517894626.5625
Q03343	Adenylate cyclase type 6 OS=Rattus norvegicus OX=10116 GN=Adcy6 PE=1 SV=1	115028437.4375	114553116.625	143639889.75	135928361.28125	93117704.0	92509210.375	179138265.25	136456213.375	183992699.75	82830480.0	202360141.0625	172849918.5	176051061.1875	176701616.5	136926401.75	170702124.625	223871830.53125	151674801.75	120183598.875	183091445.875	268061067.25	196987936.875	143172852.09375	184377465.5	191415737.875	187750586.625	221113929.125	240571795.75	160302189.125	156864392.75
Q812D1	PC4 and SFRS1-interacting protein OS=Rattus norvegicus OX=10116 GN=Psip1 PE=1 SV=1	435705785.25	341187430.0	450018079.527344	347579281.671875	347671908.386719	398519142.53125	307330713.316406	439570406.851563	394982483.6875	429585237.109375	402235437.304688	399084989.15625	348396960.289063	430241651.0625	453349922.632813	412987656.78125	380517268.9375	383678417.585938	433369177.070313	365442148.046875	405603119.6875	413021141.25	306225032.0625	370179418.09375	446146624.875	467522131.875	487908567.25	472524097.9375	464627136.375	470647826.5
P48056	Sodium- and chloride-dependent betaine transporter OS=Rattus norvegicus OX=10116 GN=Slc6a12 PE=1 SV=1	930676.0	1658035.25	758680.25		1617915.0	238505.2578125		3145552.25	4031064.0	4154734.5		3363614.25	3247012.75	2225453.25	1021926.0625	3478206.25	2826427.75	3218293.0	6605501.0	5404225.5		5038088.0	3781883.75	3661889.25	4703201.0	1893404.375	2306139.75		3141715.0	3712023.0
G3V9R8	Heterogeneous nuclear ribonucleoprotein C OS=Rattus norvegicus OX=10116 GN=Hnrnpc PE=1 SV=2	364335689.125	159284934.25	188524248.8125	168809413.5	189280245.125	154584200.9375	132440868.0	118000960.703125	182908411.0	179237158.3125	335722134.34375	173186340.875	205255579.25	205473745.5	380894059.375	285495031.5	296758088.25	336542556.75	200124310.75	135431565.75	394013694.9375	313803357.46875	181340705.5	263636618.25	223182277.125	397238616.0	329088068.0	196002793.5	338124005.75	242481697.25
Q62645	Glutamate receptor ionotropic, NMDA 2D OS=Rattus norvegicus OX=10116 GN=Grin2d PE=1 SV=2	199894170.25	109537847.6875	72191077.453125	301939541.78125	102342575.234375	101472482.8125	80631178.5	116068044.15625	98412656.25	100095456.5	91680808.5	104085438.25	89426627.75	209758702.75	314686581.8125	108376494.75	259736540.0	139836714.1875	129313494.375	211759476.875	223942610.375	192111015.75	357381592.6875	172292172.625	266275396.0	133886523.5	183884176.625	284314230.75	144794434.0	130163256.5
G3V7L1	Utrophin OS=Rattus norvegicus OX=10116 GN=Utrn PE=1 SV=3	3499165176.20313	2134456862.83594	3125013948.34961	2358624606.36328	2080803236.59375	2249725612.78516	1754387199.125	1978302937.8125	2142816393.29492	1634652911.34375	2349564161.73438	2570593551.125	1831544671.5625	2208411645.875	2508741126.65625	2163147634.375	2637310492.75	2178683308.0625	2242652478.75879	1901199066.24805	2496512900.0625	2077555146.25	1551222906.5	2449244885.8125	2004931572.0625	3024380642.04688	3211008480.28125	1989981404.59375	2738931069.46875	2869268314.87891
Q63450	Calcium/calmodulin-dependent protein kinase type 1 OS=Rattus norvegicus OX=10116 GN=Camk1 PE=1 SV=2	599387633.0	264492004.5	383461760.25	349662498.0	256605354.5	246823118.0	123400059.5	165879830.878906	212580488.5	216783527.4375	236419756.75	271206941.25	173512831.75	209466388.0	236185160.125	233832886.0	233056648.625	260602532.0	182402456.5	129276546.0	118196453.625	163637254.0	107622134.125	185819797.115234	191894144.126953	261204729.0	293410710.5	150550040.0	258787706.5	268064546.5
Q6JEL3	Kelch-like protein 10 OS=Rattus norvegicus OX=10116 GN=Klhl10 PE=1 SV=1	365379912.125	203436679.0	176128456.898438	218502746.875	268171694.8125	445289363.75	182266151.59375	168736331.1875	224846967.5	215016157.375	350991621.3125	182770367.375	198927875.75	228881358.5	258702448.625	289703629.125	233226958.0	303630973.25	193981875.375	231413722.75	251369074.1875	251979324.625	199876426.0	467215641.71875	236157583.625	296009167.5	332202040.4375	333900742.25	288634442.5	301015607.625
Q5XIA3	tRNA wybutosine-synthesizing protein 4 OS=Rattus norvegicus OX=10116 GN=Lcmt2 PE=2 SV=1	188520903.5	200240631.84375	200400085.0	240087735.375	236136266.96875	210452780.3125	298679422.976563	173788476.4375	363538100.125	259639074.0	220307594.5625	207175686.65625	335540731.546875	346115505.75	344470727.75	378081672.5	549070794.25	413939310.25	351638769.375	449602145.765625	310485746.421875	372033895.9375	544989768.375	411226031.0	306068103.3125	481050977.375	294853656.6875	440632336.5	341732626.125	285186325.8125
Q6GQP4	Ras-related protein Rab-31 OS=Rattus norvegicus OX=10116 GN=Rab31 PE=1 SV=3	35253231.25	40679930.25	48493161.5	48673952.0	46314736.5	55948014.0	21861293.3125	36222431.5	62244286.75	23203200.875	27448978.46875	45227988.625	35724053.75	37999317.25	28944624.0	31380081.8125	38450239.6875	49061616.4375	27251320.0	36515572.8125	28796602.875	22055153.25	21643060.9375	56897208.25	32388794.75	34135254.0	67399391.5	29893500.5	59246736.75	38991557.0
O35923	Breast cancer type 2 susceptibility protein homolog OS=Rattus norvegicus OX=10116 GN=Brca2 PE=1 SV=1	941804111.0625	966046692.171875	823677826.1875	888916562.9375	790780816.4375	795029530.625	886664927.6875	1036161958.84375	1038012741.375	690399130.3125	1014807777.65625	1005555308.46875	936692525.84375	938335747.1875	971388695.0625	1047203745.0	1028990843.84375	1048173456.0	910644883.3125	819014782.34375	1271807222.09375	1069480216.71875	924574311.03125	1214162932.875	1089238405.3125	1207921436.0625	1452403167.875	1097423840.8125	1103799327.5625	1103490769.625
P13437	3-ketoacyl-CoA thiolase, mitochondrial OS=Rattus norvegicus OX=10116 GN=Acaa2 PE=1 SV=1	47927200.375	52609470.875	62074224.0	68453649.625	54177821.5	50831822.0	76050336.5	40072409.5	96667437.25	14419457.5	87576544.25	66831980.0	58548803.0	60735884.0	40298453.25	87905131.75	80493170.5	68880813.25	79300066.25	56590931.75	98880640.75	52721737.5	73448450.25	71001522.0	39404002.25	101553754.0	54192582.75	60298367.75	77117419.0	61585351.5
P11530	Dystrophin OS=Rattus norvegicus OX=10116 GN=Dmd PE=1 SV=2	1126367034.14453	1033463986.89063	919559148.546875	1578477277.39063	1294743160.25	1078811754.625	2004373733.0625	1021417289.125	1552458132.3125	1289020176.86914	1098742936.11328	1074136967.91406	1409361216.9375	1266650804.6875	1558092184.75	1514948750.0625	1881996614.1875	1576026050.25	1424527383.26563	1318426150.0	2099576127.0	1369212991.5	1690456822.93359	1600033851.42188	1559350757.95508	1595763820.0625	1469929005.4375	1526688956.59375	1482838866.14063	1623685744.21875
Q920H8	Hephaestin OS=Rattus norvegicus OX=10116 GN=Heph PE=1 SV=1	120952402.542969	151804699.945313	156488915.375	109878998.03125	116163300.0	113905212.777344	103276544.75	127622830.375	133674257.0	102935198.65625	134393253.375	138506379.125	91436030.109375	108753881.28125	116375434.53125	130927105.90625	138700017.546875	143411119.5625	147516950.835938	122852275.859375	128652839.28125	153179134.25	129317709.0	200301523.25	139089903.0	132981134.4375	158050733.625	160262895.59375	144599582.78125	130128537.9375
Q5M823	NudC domain-containing protein 2 OS=Rattus norvegicus OX=10116 GN=Nudcd2 PE=2 SV=1	6694661.25	4615831.5	94407970.875	1376157.875	1620127.5	8097333.5625	3296775.8828125	5425922.375	1515757.0	13354888.0	1534699.25	8970967.25	2914406.625	7984562.25	3968309.0	2734270.75	4425795.0	2103249.25	4504326.625	3115841.375	6690789.75	8477383.75	7863934.875	781923.8125	4256304.75	6307456.625	4543099.75	5219213.875	3092491.5	3133675.25
P07896	Peroxisomal bifunctional enzyme OS=Rattus norvegicus OX=10116 GN=Ehhadh PE=1 SV=2	601295902.5	430672338.625	574247151.234375	434510546.875	539603554.3125	490035584.3125	329569887.375	375071125.0	372416504.25	457384213.6875	541877689.375	387083946.375	344914629.875	406669375.875	489825880.375	576286737.75	455925931.0625	410490326.875	371396372.5	308762812.875	436479607.375	332110453.0	332404333.75	613227448.5	371867453.875	511987209.5	611196996.5	358929879.75	498646311.0	498145063.5
P26769	Adenylate cyclase type 2 OS=Rattus norvegicus OX=10116 GN=Adcy2 PE=1 SV=1	597230853.984375	472378010.640625	379358228.046875	403486883.117188	271858429.375	126432987.835938	923238694.6875	538325497.6875	587161914.15625	70044130.90625	707796633.375	635804671.75	460425816.796875	490319682.15625	253272819.75	590434765.21875	599103954.21875	417526208.25	67588629.6875	385052851.9375	662538857.171875	420226735.3125	387871505.65625	899200627.125	479456553.96875	516934379.75	710823990.601563	579152114.5625	676395508.25	541314575.5
P0C0A9	Small VCP/p97-interacting protein OS=Rattus norvegicus OX=10116 GN=Svip PE=1 SV=1	23319314.0	21707152.0	22470321.5	22924029.5	17299904.5	29233147.0	6515751.6875	23546306.0	21585873.5	9734154.625	33996068.0	21034131.0	9274642.40625	15130908.0	11264574.0	14963061.5	8844710.0	13670311.5	17819385.75	18715121.3125	10725197.5	15705845.0	11326622.5	9618498.25	9474922.0	16075941.0	29071541.0	19978365.0	30302596.25	9260672.0
P60522	Gamma-aminobutyric acid receptor-associated protein-like 2 OS=Rattus norvegicus OX=10116 GN=Gabarapl2 PE=3 SV=1	34114114.875	44173877.375	31734533.625	47033238.4375	49244450.21875	36616170.4375	29001722.203125	35695298.625	40429355.5	47200516.9375	37563351.125	37703495.125	35651276.25	50533180.0	47828741.75	54577519.375	48368051.125	50142450.8125	51330425.0	60994926.125	55654362.75	56716771.3125	34428853.125	41926800.0	55736282.125	55075288.25	56857520.5	47153633.6875	53043097.75	50443191.0
Q5U211	Sorting nexin-3 OS=Rattus norvegicus OX=10116 GN=Snx3 PE=1 SV=1	70270467.0	51225999.25	96624565.0	71598546.375	61456516.75	72518453.0	64673971.0	69224005.0	76390521.9375	59878946.0	74558196.5	82899605.0	59497164.75	73100487.5	68529482.5	69771993.25	71606061.75	70108194.375	68865378.5	44245868.5	65396721.5	65305469.125	42769589.25	70709250.0	66551974.375	91412998.0	94251011.5	75862104.0	81900270.0	77789041.0
P07153	Dolichyl-diphosphooligosaccharide--protein glycosyltransferase subunit 1 OS=Rattus norvegicus OX=10116 GN=Rpn1 PE=2 SV=1	186806859.75	121686478.84375	158608045.75	176794113.9375	160904896.375	244778248.375	200294074.25	152395936.5	176440314.285156	148403758.5	166630539.875	190269739.375	139213154.875	158218882.0	206648973.6875	177091926.5	191485683.0	142707819.25	148015809.0	138316879.6875	199801230.625	174831522.59375	122346032.0625	175765704.75	181768007.25	189727939.5	235795030.125	173184932.25	178196398.625	174949205.75
B1WC61	Complex I assembly factor ACAD9, mitochondrial OS=Rattus norvegicus OX=10116 GN=Acad9 PE=1 SV=1	318398983.25	276232084.84375	158287782.34375	262835128.90625	324137913.3125	347398874.5625	339056171.0625	275343221.65625	321064892.0	281916482.625	266164447.03125	287460170.9375	352891682.65625	259091774.75	302618568.0625	348375571.25	362196411.8125	305500666.5	297605100.0	230956276.375	358222678.25	366579097.375	278577594.125	354677101.375	351881923.09375	524875680.0	328556813.3125	279385217.0	285531247.8125	442380849.75
P29117	Peptidyl-prolyl cis-trans isomerase F, mitochondrial OS=Rattus norvegicus OX=10116 GN=Ppif PE=1 SV=2	59440764.9941406	51732530.25	67447707.7910156	37909020.2011719	28544966.375	11537328.3125	46160568.9707031	52268701.125	33504084.25	53102509.6650391	67204162.0078125	77120094.0	45189809.1289063	73536151.203125	50649819.8203125	53636236.4970703	55272971.875	50078909.8144531	43720785.0	53373277.75	59084389.1796875	48224633.25	50602864.125	83239322.0	59493874.3671875	67906717.625	86446289.75	53328608.359375	80289788.1845703	80834120.5
P19945	Large ribosomal subunit protein uL10 OS=Rattus norvegicus OX=10116 GN=Rplp0 PE=1 SV=2	164572604.25	143676633.625	172151574.5	168043668.5	149699891.75	166421056.25	160626381.75	182174626.625	190233991.125	130560860.5	138734378.875	188671911.625	161482622.0	187813181.0	197856476.0	188786390.5	176632136.75	173086601.0	166045634.0	216451905.75	188689291.625	158289436.25	110850138.875	186260691.875	192346737.0	219795955.5	212681736.75	197368506.5	216804670.5	199246874.5
P47198	Large ribosomal subunit protein eL22 OS=Rattus norvegicus OX=10116 GN=Rpl22 PE=2 SV=2	52289712.0	35039580.875	28648489.1875	36228433.125	33482947.5625	53129507.875	127237337.125	126647009.625	32320965.75	51621430.75	115393297.875	60939065.75	61773963.125	41756663.5	72104824.75	61122122.25	89496618.5	64517176.25	39684921.375	34421244.25	92160808.25	67147571.25	109749529.625	64651107.5	58806565.5	67708683.5	84043490.6875	61336113.125	70028574.25	65724039.75
Q6AYN4	Phytanoyl-CoA hydroxylase-interacting protein-like OS=Rattus norvegicus OX=10116 GN=Phyhipl PE=1 SV=2	41982349.75	60365548.75	48591874.5	58016892.4257813	72241777.625	48381151.8710938	78212994.75	77631903.1074219	91847348.6542969	74758977.390625	60809368.5	68577128.625	82141330.75	81409991.0	78524048.5	88419794.25	85318022.75	75722040.5	75644880.0	76737246.8125	82016697.0	114291880.375	93243272.75	76150497.453125	103138777.25	117107342.0	81535505.75	78862969.0	70872072.65625	105151345.0
O88794	Pyridoxine-5'-phosphate oxidase OS=Rattus norvegicus OX=10116 GN=Pnpo PE=1 SV=1	37320572.0	36597695.5	38280709.609375	34441261.25	24744141.9375	35357092.25	24202089.0	33975321.5	21529921.5	14597047.8125	8809761.75	39561316.875	21333732.625	30484278.0	24066250.75	33723128.75	20093988.75	20258727.5	16019696.75	21997470.375	19383994.0	12517868.0	11572115.0	30357939.5	24766975.25	16500316.75	30742298.375	21458373.375	17339556.125	24654849.25
Q6IG02	Keratin, type II cytoskeletal 2 epidermal OS=Rattus norvegicus OX=10116 GN=Krt2 PE=3 SV=1	40364007.75	47081432.75	23432655.75	32496274.625	31257164.5	22165098.0	51106850.125	24562671.0625	45197991.0	54069843.25	34383418.5625	96932932.625	28683768.875	49130711.75	28905246.0625	31327478.125	35926988.5	56336355.5	20430152.875	64889549.1875	55545352.0	27776508.0	45669296.5625	49227586.9375	46953944.0625	28435574.5	30482965.875	41828506.75	50502175.0625	35603517.875
P38718	Mitochondrial pyruvate carrier 2 OS=Rattus norvegicus OX=10116 GN=Mpc2 PE=2 SV=1	107628450.125	98267459.625	72518242.0	102902442.0	89066088.0	117255690.0	128498526.25	98881436.0	110877736.0	93252800.0	161307653.5	106951650.0	131538808.125	114488132.5	146130858.125	154928147.0	158423786.0	157832410.0	48241079.0	158539140.0	80033393.25	120390497.5	63881719.25	84085044.0	131253261.75	132994267.25	101444534.0	128159660.0	109499774.5	138398996.0
P0C2B9	Large ribosomal subunit protein mL42 OS=Rattus norvegicus OX=10116 GN=Mrpl42 PE=1 SV=1	74951521.0	79309832.5	59734526.0	101481909.125	112665310.5625	103969300.0	46424959.5	64159996.0	139733985.0	95389521.625	69878591.75	94434641.0	89595811.25	120671896.0	75798752.5	122716731.5	106060415.75	109132668.0	123237435.5	66405284.25	119351030.5	103447057.0	80109876.75	135167842.0	42596260.375	157957603.125	129168985.0	118920577.25	105972521.5	106833992.875
Q8CFG6	Voltage-dependent calcium channel subunit alpha-2/delta-2 OS=Rattus norvegicus OX=10116 GN=Cacna2d2 PE=2 SV=1	564126548.375	437519817.3125	488730331.625	511394592.0	411030486.0	334406764.59375	668164247.5	380353632.5	476889294.875	451983228.25	570573678.375	380168723.25	574108602.75	394899096.25	604826172.5	618356296.0	824159954.25	415652676.625	463180933.75	338928361.625	648083276.625	703152249.0	584728613.75	638776201.25	584769549.0	841690279.5	580899502.625	869566583.875	678103151.75	588389880.5
Q5FVM4	Non-POU domain-containing octamer-binding protein OS=Rattus norvegicus OX=10116 GN=Nono PE=1 SV=3	649194316.0	368397801.4375	508130697.171875	536272816.1875	747817238.453125	468751568.1875	457031202.375	324293087.140625	703416705.75	608907388.25	375771376.59375	468960649.9375	583006557.90625	627538195.0	549188542.5	726099959.96875	652721833.25	671087688.875	571112068.6875	399389248.15625	642581284.4375	594120000.34375	472304191.625	454088890.28125	543672566.8125	787617787.25	460711911.25	537778363.0	514337575.3125	772903499.0
F1LTE0	Protein TANC2 OS=Rattus norvegicus OX=10116 GN=Tanc2 PE=1 SV=2	614395768.125	418033119.15625	486087001.5	427603779.875	329643425.0	577334441.84375	594972942.84375	562421526.75	460045866.875	483095621.6875	804765932.1875	615953205.984375	425712184.125	513042130.25	721771704.25	610019974.375	698919854.3125	527635177.8125	417880523.75	522265694.664063	570889765.640625	582992164.75	488639549.625	726677751.5	487052548.476563	592896470.625	861848573.5	700860988.90625	676242498.25	649794431.1875
P21588	5'-nucleotidase OS=Rattus norvegicus OX=10116 GN=Nt5e PE=1 SV=1	244836843.03125	171626141.25	152174638.890625	186206932.25	177949745.0	145059664.125	144706185.75	148877076.875	187815890.25	154655483.0	176263914.375	173288905.75	165685907.75	203739883.5	168058982.375	196511710.625	219955892.25	183510041.75	186932104.0	169617606.1875	193630619.5	184360632.625	109529052.25	166399391.0	131405773.625	252001444.5	203556003.6875	157260569.5	206986129.5	213728986.0
P03889	NADH-ubiquinone oxidoreductase chain 1 OS=Rattus norvegicus OX=10116 GN=Mt-nd1 PE=1 SV=3	23942284.125	24596340.625	23407954.0	24846812.5	25447379.25	19366986.5	19942226.5	23382778.125	32976453.5	21534609.0	21599975.5	25903563.75	25053113.625	41361725.0	26079013.75	30139653.75	28957589.25	27909773.375	28783943.25	23996078.25	29057723.5	33686814.0	19022006.0	22133026.5	29289107.75	41699510.75	30487042.25	27807057.75	28064407.5	36049752.75
Q9QYJ4	ABC-type oligopeptide transporter ABCB9 OS=Rattus norvegicus OX=10116 GN=Abcb9 PE=1 SV=1	739297334.5	325851491.34375	650038486.03125	389757324.234375	400030657.15625	408299874.125	558519717.679688	401300011.21875	703185011.625	641890520.46875	1222466275.09375	652413067.5625	539590037.84375	615824471.75	678728579.9375	677038912.0	725144804.625	591814310.5	497684623.0625	397115377.609375	954646295.65625	598301599.34375	514877811.71875	551376345.5	520093078.875	641484071.25	848608003.4375	631877189.125	629984529.6875	749003715.53125
P97690	Structural maintenance of chromosomes protein 3 OS=Rattus norvegicus OX=10116 GN=Smc3 PE=1 SV=1	1251238920.3125	905278295.4375	973640694.71875	954523910.40625	932132709.578125	1022245725.25	1028039029.21875	1087085591.09375	1192264796.125	1080493492.9375	1380202927.5625	1158087023.875	1093885308.70313	1308415565.0	1119178786.0625	1219774073.875	1303093468.0	1148897694.75	1098469247.4375	914713872.96875	1172213087.0625	1135419322.4375	1069690664.09375	1231363489.25	1081963706.4375	1358588040.46875	1465262189.1875	1312524748.73828	1255310600.1875	1411651608.125
Q8K4B7	Dimethylaniline monooxygenase [N-oxide-forming] 4 OS=Rattus norvegicus OX=10116 GN=Fmo4 PE=1 SV=3	183085012.375	147129410.953125	185810232.28125	174278927.875	186183840.6875	187533833.875	133751184.34375	244854506.375	267054168.25	164903671.75	154750200.0	225977590.0	221682557.75	249170961.125	206123840.34375	255223210.875	237841454.875	235145199.25	253954791.0	180277252.34375	222426127.75	246317354.5	203452361.25	226043342.5	241692018.5	274111666.3125	247404358.5	280274042.5	210005780.75	246401915.3125
Q9Z2A6	Mitogen-activated protein kinase 15 OS=Rattus norvegicus OX=10116 GN=Mapk15 PE=1 SV=2	453414404.25	315491784.375	368956889.75	391348859.25	468394152.0625	273297146.9375	431940414.25	336879734.96875	518635760.03125	575099963.0625	398270980.6875	424863622.0	428827188.09375	553513058.5	440854365.25	618752847.1875	595845733.5	557630084.03125	480502433.875	468630701.78125	536590150.9375	567666375.640625	626988584.75	441127084.75	511063029.5	528458553.375	429693216.375	495800956.5	387629167.0625	723448986.5
O70127	Bile salt export pump OS=Rattus norvegicus OX=10116 GN=Abcb11 PE=1 SV=1	303415877.75	293448426.625	205359161.375	242191617.460938	283751852.75	200224525.6875	317322780.46875	322379451.5	280858317.75	255530595.679688	331928596.609375	232480260.625	307815606.25	301598937.0	267012160.179688	307251296.570313	341402881.25	281569881.625	234473512.558594	328932177.789063	359993747.28125	350702168.375	290030608.1875	336339170.0	371333912.1875	416910566.28125	431637676.65625	409607560.75	365333182.71875	387614444.0
P20786	Platelet-derived growth factor receptor alpha OS=Rattus norvegicus OX=10116 GN=Pdgfra PE=1 SV=2	218918017.78125	145801018.589844	145721812.833984	164966063.210938	101759715.457031	161709364.3125	151122831.1875	166903667.5625	195103115.689453	166458482.605469	208419839.0	196433092.576172	151611543.15625	184144661.25	161730324.5	203225112.75	196961546.0	185445422.125	168706258.75	177775706.962891	168684023.828125	168842820.46875	138370339.015625	219010114.320313	157953309.03125	192542626.5	222642272.125	189340831.875	206882757.765625	214873923.25
F1LMY4	Ryanodine receptor 1 OS=Rattus norvegicus OX=10116 GN=Ryr1 PE=1 SV=1	1637067633.83008	1419568211.53516	1478631340.56836	1527479179.92188	1306715885.03125	1713934217.11133	1151772791.72656	1563338187.61719	1572493755.59375	1517969620.00586	1777267485.63672	1786851559.98438	1425372225.82813	1465214499.85156	1813079072.65625	1729522574.54688	1698556693.0	1500010753.97656	1459140285.53125	1502965760.09375	1460151486.42725	1618199145.875	1201748508.93164	1778851376.3877	1537129624.61719	1861550985.04688	2023607841.99219	1557181252.92188	1767625108.66797	1805855071.00806
O08560	Diacylglycerol kinase zeta OS=Rattus norvegicus OX=10116 GN=Dgkz PE=1 SV=1	518102799.769531	566560603.4375	451378705.4375	400877123.0	242570892.5	489703712.515625	181712665.375	283174156.90625	283886407.504883	246539346.4375	375322970.8125	497846829.46875	289926257.25	285112770.5	422911062.625	351726857.0	330133616.75	419415883.25	315265788.625	266448406.375	269825907.125	247822331.625	175674965.34375	369410925.40625	246483103.875	419065335.75	407180339.0	248058313.625	291341111.1875	289197471.5
